t,t_rel,cpu_idle,cpu_iowait,cpu_irq,cpu_nice,cpu_softirq,cpu_steal,cpu_system,cpu_user,ctxt,mem_Cached,mem_Dirty,mem_MemAvailable,mem_MemFree,mem_MemTotal,mem_SwapCached,mem_Writeback,mem_WritebackTmp,procs_blocked,procs_running,psi_cpu_full_total,psi_cpu_some_total,psi_io_full_total,psi_io_some_total,psi_memory_full_total,psi_memory_some_total,vm_nr_dirty,vm_nr_dirty_background_threshold,vm_nr_dirty_threshold,vm_nr_writeback,vm_pgfault,vm_pgmajfault,vm_pgpgin,vm_pgpgout,vm_pswpout
1789649527.134648,0.0,2348656,114639,0,224,51,44,22430,177805,6373979,116436,980,63855868,64237772,64771540,0,0,0,1,1,0,3896537,723457813,724459036,4,4,245,1594790,3193480,0,18192105,18096,106863978,135095829,0
1789649527.3850932,0.25,2348897,114656,0,224,51,44,22432,177945,6374582,126080,980,63842132,64218884,64771540,0,0,0,0,17,0,3896991,723485535,724486828,4,4,245,1594622,3193144,0,18194764,18169,106876126,135095829,0
1789649527.6357117,0.501,2349267,114672,0,224,51,44,22434,177956,6375256,132840,980,63825528,64198528,64771540,0,0,0,1,1,0,3898125,723589565,724590923,4,4,245,1594301,3192501,0,18199601,18198,106884458,135095829,0
1789649527.8861737,0.752,2349643,114695,0,224,51,44,22435,177957,6375949,161596,980,63794244,64152356,64771540,0,0,0,1,1,0,3898771,723741417,724742775,4,4,245,1593892,3191682,0,18203838,18401,106913838,135095829,0
1789649528.1365604,1.002,2350008,114719,0,224,51,44,22436,177966,6378087,172140,1380,63778728,64131492,64771540,0,0,0,1,1,0,3899504,723882920,724884280,4,4,345,1593638,3191173,0,18206947,18506,106924070,135095829,0
1789649528.3869874,1.252,2350378,114741,0,224,51,44,22437,177972,6379852,178992,1380,63769368,64118692,64771540,0,0,0,1,1,0,3900376,724065034,725066399,4,4,345,1593490,3190877,0,18209090,18512,106930926,135095829,0
1789649528.6374469,1.503,2350745,114763,0,224,51,44,22439,177982,6381064,187436,1380,63747224,64092332,64771540,0,0,0,0,2,0,3901146,724231030,725232447,4,4,345,1593043,3189981,0,18214208,18512,106939366,135095829,0
1789649528.887861,1.753,2351102,114772,0,224,51,44,22443,178011,6384798,190532,1412,63748088,64091628,64771540,0,0,0,0,4,0,3901496,724260236,725261655,4,4,353,1593104,3190103,0,18229090,18520,106942438,135095861,0
1789649529.1382794,2.004,2351456,114785,0,224,51,44,22445,178040,6386852,193832,1380,63721436,64063280,64771540,0,0,0,1,1,0,3902309,724332697,725334122,4,4,345,1592481,3188855,0,18237227,18521,106945766,135095861,0
1789649529.3886795,2.254,2351822,114797,0,224,51,44,22447,178060,6389429,196804,1380,63700736,64041096,64771540,0,0,0,1,1,0,3902901,724408542,725409968,4,4,345,1592001,3187895,0,18242043,18521,106948766,135095861,0
1789649529.6391153,2.504,2352181,114812,0,224,51,44,22450,178081,6392536,200240,1380,63673480,64012096,64771540,0,0,0,1,1,0,3903520,724493916,725495350,4,4,345,1591364,3186619,0,18249878,18529,106952198,135095861,0
1789649529.8895638,2.755,2352533,114824,0,224,51,44,22451,178118,6395773,203204,1380,63664952,64002076,64771540,0,0,0,0,3,0,3903972,724553788,725555221,4,4,345,1591188,3186268,0,18251800,18534,106955190,135095861,0
1789649530.1399875,3.005,2352891,114833,0,224,51,44,22452,178148,6400718,205360,1380,63656196,63992268,64771540,0,0,0,1,1,0,3904820,724611893,725613339,4,4,345,1590996,3185883,0,18253597,18536,106957310,135095861,0
1789649530.3904293,3.256,2353233,114845,0,224,51,44,22455,178190,6406908,207912,1380,63691484,64026264,64771540,0,0,0,1,1,0,3905266,724662310,725663813,4,4,345,1591909,3187711,0,18258291,18540,106959874,135095861,0
1789649530.6889024,3.554,2353684,114871,0,224,52,44,22457,178192,6407851,235824,1380,63675332,63995772,64771540,0,4,0,1,1,0,3906524,724900472,725901983,4,4,345,1591864,3187621,1,18261567,18768,106988698,135095865,0
1789649530.9412127,3.807,2354059,114889,0,224,52,44,22458,178197,6408470,249872,1380,63659920,63973236,64771540,0,4,0,1,1,0,3907487,725089056,726090575,4,4,345,1591657,3187206,1,18265519,18876,107002818,135095865,0
1789649531.192502,4.058,2354436,114906,0,224,52,44,22459,178204,6409012,261716,1380,63643648,63950992,64771540,0,4,0,1,1,0,3908537,725258910,726260471,4,4,345,1591400,3186691,1,18269692,18970,107014794,135095865,0
1789649531.4428754,4.308,2354802,114921,0,224,52,44,22460,178222,6411039,268136,1380,63623452,63927500,64771540,0,0,0,1,1,0,3909515,725331290,726332879,4,4,345,1590978,3185847,0,18273440,18982,107021362,135095865,0
1789649531.6932795,4.559,2355162,114935,0,224,52,44,22462,178246,6413299,271172,1380,63609380,63911888,64771540,0,0,0,0,2,0,3910090,725417834,726419423,4,4,345,1590665,3185220,0,18277089,18986,107024378,135095865,0
1789649531.943695,4.809,2355488,114947,0,224,52,44,22465,178303,6415696,273844,1380,63539976,63841176,64771540,0,0,0,0,4,0,3910632,725460773,726462372,4,4,345,1588965,3181816,0,18296566,18986,107027190,135095865,0
1789649532.194159,5.06,2355842,114957,0,224,52,44,22467,178337,6418146,276536,1380,63513912,63812688,64771540,0,0,0,1,1,0,3911576,725515160,726516759,4,4,345,1588323,3180529,0,18303548,18986,107029746,135095865,0
1789649532.4446275,5.31,2356195,114968,0,224,52,44,22470,178369,6424370,279736,1380,63493948,63789532,64771540,0,0,0,1,4,0,3912074,725572101,726573702,4,4,345,1587824,3179531,0,18309729,18989,107033134,135095865,0
1789649532.695083,5.56,2356551,114978,0,224,52,44,22471,178401,6426156,282788,1380,63484792,63777324,64771540,0,0,0,1,1,0,3912512,725626552,726628175,4,4,345,1587596,3179074,0,18312104,18989,107036022,135095865,0
1789649532.9455514,5.811,2356902,114987,0,224,52,44,22473,178438,6428888,285600,1480,63474696,63764396,64771540,0,0,0,0,2,0,3912865,725670699,726672321,4,4,370,1587344,3178569,0,18315529,18991,107038714,135095865,0
1789649533.1959732,6.061,2357262,114999,0,224,52,44,22475,178466,6431012,289084,1480,63462064,63748312,64771540,0,0,0,0,4,0,3913745,725744624,726746246,4,4,370,1587028,3177937,0,18318723,18991,107042250,135095865,0
1789649533.4464219,6.312,2357613,115005,0,224,52,44,22477,178506,6432650,291212,1480,63440504,63724584,64771540,0,0,0,0,3,0,3914011,725775470,726777092,4,4,370,1586490,3176860,0,18323603,18991,107044358,135095865,0
1789649533.6968842,6.562,2357939,115006,0,224,52,44,22480,178573,6443064,291876,1480,63434284,63717680,64771540,0,0,0,0,3,0,3914705,725779691,726781313,4,4,370,1586335,3176549,0,18325895,18993,107044990,135095865,0
1789649533.9473596,6.813,2358274,115009,0,224,52,44,22482,178630,6449148,292488,1480,63424096,63706884,64771540,0,0,0,0,6,0,3915171,725789541,726791163,4,4,370,1586081,3176040,0,18328736,18993,107045602,135095865,0
1789649534.197814,7.063,2358630,115021,0,224,52,44,22483,178661,6452868,295692,1480,63418424,63698120,64771540,0,0,0,0,3,0,3915726,725856444,726858071,4,4,370,1585939,3175756,0,18330188,18996,107048810,135095865,0
1789649534.4482758,7.314,2359003,115030,0,224,52,44,22484,178677,6454012,298720,1480,63411740,63688420,64771540,0,0,0,0,2,0,3916346,725946080,726947706,4,4,370,1585772,3175422,0,18331942,18996,107051990,135095865,0
1789649534.6987233,7.564,2359371,115038,0,224,52,44,22485,178699,6455955,300552,1480,63392360,63667176,64771540,0,0,0,0,3,0,3916803,726005997,727007624,4,4,370,1585288,3174453,0,18335818,18996,107053682,135095865,0
1789649534.9492044,7.815,2359724,115049,0,224,52,44,22487,178731,6457065,303820,1480,63369808,63641352,64771540,0,0,0,0,2,0,3917187,726068194,727069821,4,4,370,1584725,3173326,0,18342269,18996,107057186,135095865,0
1789649535.1996677,8.065,2360097,115059,0,224,52,44,22488,178747,6458154,306404,1480,63362776,63631696,64771540,0,0,0,0,2,0,3917528,726111111,727112783,4,4,370,1584550,3172974,0,18346997,18996,107059674,135095865,0
1789649535.4500782,8.315,2360447,115066,0,224,52,44,22490,178788,6459960,308144,1480,63341732,63608932,64771540,0,0,0,1,1,0,3917821,726145819,727147492,4,4,370,1584024,3171922,0,18352571,18996,107061282,135095865,0
1789649535.700526,8.566,2360809,115075,0,224,52,44,22492,178815,6461910,310176,1480,63316620,63581372,64771540,0,0,0,0,5,0,3919144,726201992,727203664,4,4,370,1583398,3170667,0,18358371,18996,107063694,135095865,0
1789649535.9509828,8.816,2361139,115079,0,224,52,44,22496,178877,6467517,311616,1480,63283312,63546628,64771540,0,0,0,0,9,0,3919637,726218940,727220612,4,4,370,1582566,3169002,0,18366567,18996,107065134,135095865,0
1789649536.2016592,9.067,2361447,115085,0,224,52,44,22500,178960,6471129,313344,1636,63229036,63490568,64771540,0,0,0,1,2,0,3920212,726225126,727226799,4,4,409,1581211,3166289,0,18381349,18996,107066710,135095865,0
1789649536.45212,9.317,2361817,115096,0,224,52,44,22502,178976,6472006,316392,1636,63198332,63456820,64771540,0,0,0,0,14,0,3920656,726319625,727321302,4,4,409,1580414,3164693,0,18390358,18996,107069754,135095865,0
1789649536.70259,9.568,2362173,115101,0,224,52,44,22507,179009,6475539,317812,1644,63311348,63568396,64771540,0,0,0,0,2,0,3920929,726334434,727336113,4,4,411,1583266,3170403,0,18397028,18996,107071206,135095865,0
1789649536.9534357,9.819,2362539,115108,0,224,52,44,22509,179034,6477042,319572,1644,63288200,63543500,64771540,0,0,0,0,2,0,3921392,726388250,727389929,4,4,411,1582688,3169246,0,18402849,18996,107073078,135095865,0
1789649537.20387,10.069,2362898,115116,0,224,52,44,22511,179066,6479047,322076,1644,63259676,63512480,64771540,0,0,0,1,1,0,3921843,726436061,727437740,4,4,411,1581976,3167821,0,18410341,18996,107075438,135095865,0
1789649537.4543238,10.32,2363239,115123,0,224,52,44,22512,179115,6482377,324328,1648,63238032,63488564,64771540,0,0,0,0,2,0,3922246,726468022,727469701,4,4,412,1581436,3166739,0,18415016,18997,107077682,135095865,0
1789649537.7047915,10.57,2363542,115125,0,224,52,44,22515,179204,6492009,325020,1708,63233404,63483216,64771540,0,0,0,0,9,0,3922756,726471948,727473628,4,4,427,1581320,3166507,0,18418025,18998,107078366,135095925,0
1789649537.9552474,10.821,2363823,115141,0,224,52,44,22525,179296,6501852,453376,1708,63162628,63284076,64771540,0,0,0,1,1,0,3923314,726489165,727490849,4,4,427,1579553,3162969,0,18436589,18998,107206738,135095925,0
1789649538.2057447,11.071,2364089,115142,0,224,52,44,22536,179414,6510697,503952,51564,63048620,63119200,64771540,0,0,0,0,7,0,3923720,726491047,727492731,4,4,12891,1576707,3157270,0,18458920,18998,107207490,135095925,0
1789649538.4563856,11.322,2364344,115165,0,224,52,44,22561,179508,6522376,914720,260016,62837644,62494580,64771540,0,0,0,2,3,0,3925044,726518003,727519713,4,4,65004,1571369,3146580,0,18509596,18998,107410830,135095925,0
1789649538.7069635,11.572,2364608,115181,0,224,52,44,22604,179586,6534048,1228528,415020,62535652,61876768,64771540,0,0,0,4,1,0,3926612,726538154,727539871,4,4,103755,1563779,3131382,0,18519470,18998,107569250,135095925,0
1789649538.957453,11.823,2364849,115196,0,224,52,44,22628,179707,6541022,1612044,648544,62673020,61627812,64771540,0,0,0,0,6,0,3927019,726558530,727560247,4,4,162239,1567150,3138132,0,18557160,18998,107718986,135095925,0
1789649539.2080734,12.073,2365100,115210,0,224,52,44,22672,179798,6549538,2029648,849152,62404288,60938832,64771540,0,0,0,1,8,0,3927979,726576709,727578440,4,4,212288,1560352,3124520,0,18575573,18998,107935982,135095925,0
1789649539.4588327,12.324,2365357,115223,0,224,52,44,22699,179898,6556765,2646216,1173780,62422668,60336628,64771540,0,0,0,0,6,0,3928548,726599495,727601225,4,4,293445,1560714,3125244,0,18591867,18998,108227538,135095925,0
1789649539.7095382,12.575,2365610,115236,0,224,52,44,22741,179989,6563944,3012992,1349936,62238748,59783532,64771540,0,0,0,0,5,0,3929269,726623104,727624835,4,4,337484,1556083,3115971,0,18603872,18998,108418794,135095925,0
1789649539.960001,12.825,2365896,115245,0,224,52,44,22782,180052,6570545,3534840,1648088,62117500,59136108,64771540,0,0,0,0,8,0,3930102,726642946,727644679,4,4,412022,1552936,3109670,0,18629127,18998,108641926,135095925,0
1789649540.2104902,13.076,2366168,115260,0,224,52,44,22818,180129,6578261,4053080,1895856,62200520,58697100,64771540,0,0,0,1,4,0,3930674,726666333,727668075,4,4,473964,1554904,3113611,0,18647698,18998,108912366,135095925,0
1789649540.4609551,13.326,2366442,115267,0,224,52,44,22861,180203,6584083,4514140,2148740,62031492,58064076,64771540,0,0,0,0,6,0,3931334,726679436,727681179,4,4,537185,1550613,3105017,0,18662738,18998,109120090,135095925,0
1789649540.7114513,13.577,2366732,115280,0,224,52,44,22895,180265,6590425,5076232,2443780,61942324,57407836,64771540,0,0,0,1,4,0,3932009,726709175,727710970,4,4,610945,1548273,3100331,0,18682250,18998,109388322,135095925,0
1789649540.9619124,13.827,2366997,115290,0,224,52,44,22929,180351,6596443,5614364,2707204,61946016,56870080,64771540,0,0,0,0,7,0,3932441,726724958,727726757,4,4,676801,1548272,3100330,0,18701618,18998,109662110,135095925,0
1789649541.2124088,14.078,2367266,115297,0,224,52,44,22973,180431,6601456,6100376,2965676,61750736,56184616,64771540,0,0,0,1,4,0,3932996,726737015,727738814,4,4,741419,1543303,3090379,0,18719379,18998,109890154,135095925,0
1789649541.4628692,14.328,2367519,115306,0,224,52,44,23009,180533,6608050,6662524,3274256,61739600,55606768,64771540,0,0,0,0,5,0,3933500,726750675,727752474,4,4,818564,1542911,3089595,0,18735981,18998,110143370,135095925,0
1789649541.713341,14.579,2367805,115317,0,224,52,44,23045,180599,6614306,7204848,3547292,61831228,55151952,64771540,0,0,0,1,4,0,3934126,726776467,727778267,4,4,886823,1545083,3093944,0,18750240,18998,110412786,135095925,0
1789649541.9638076,14.829,2368067,115327,0,224,52,44,23087,180687,6620028,7681640,3786320,61653016,54493740,64771540,0,0,0,0,5,0,3934677,726789708,727791528,4,4,946580,1540567,3084901,0,18765089,18998,110650114,135095925,0
1789649542.2142873,15.08,2368340,115337,0,224,52,44,23123,180765,6626098,8216244,4089764,61763048,54064380,64771540,0,0,0,2,4,0,3935247,726810877,727812701,4,4,1022441,1543194,3090162,0,18780289,18998,110882094,135095925,0
1789649542.464753,15.33,2368608,115356,0,224,52,44,23158,180844,6634102,8699636,4294368,61743580,53558480,64771540,0,0,0,4,2,0,3935943,726842400,727844343,4,4,1073592,1542619,3089011,0,18792859,18998,111162290,135095925,0
1789649542.715219,15.581,2368898,115371,0,224,52,44,23196,180900,6638849,9170124,4574312,61739112,53080012,64771540,0,0,0,0,6,0,3936480,726876856,727878805,4,4,1143679,1542443,3088658,0,18803576,18998,111351406,135096473,0
1789649542.9656885,15.831,2369172,115394,0,224,52,44,23232,180967,6645172,9688620,2819048,61809104,52626980,64771540,0,1999136,0,1,4,0,3938643,726921056,727923197,4,4,704762,1544055,3091887,499784,18816899,18998,111601942,137120185,0
1789649543.2161424,16.081,2369465,115413,0,224,52,44,23270,181016,6650901,10134036,3035924,61669284,52039100,64771540,0,1982752,0,0,5,0,3940191,726951989,727954257,4,4,758981,1540512,3084791,495688,18830878,18998,111829554,137120185,0
1789649543.4666188,16.332,2369740,115432,0,224,52,44,23304,181089,6656883,10609964,3302176,61610808,51500456,64771540,0,1945888,0,1,5,0,3941117,726984623,727986926,4,4,825544,1538946,3081656,486472,18845062,18998,112040434,137120185,0
1789649543.7171237,16.582,2370023,115456,0,224,52,44,23336,181150,6663375,11113592,3524456,61540764,50923616,64771540,0,1929504,0,0,5,0,3942780,727031263,728033606,4,4,881114,1537129,3078017,482376,18871180,18998,112321762,137120185,0
1789649543.967844,16.833,2370306,115473,0,224,52,44,23373,181212,6666985,11579924,3812672,61450276,50362712,64771540,0,1900832,0,0,5,0,3943731,727058666,728061058,4,4,953271,1534768,3073288,475208,18876932,18998,112498950,137120185,0
1789649544.218309,17.084,2370588,115494,0,224,52,44,23403,181278,6672841,12074092,4063520,61660792,50075264,64771540,0,1884448,0,0,5,0,3947319,727090582,728093089,4,4,1015880,1539906,3083578,471112,18887357,18998,112743070,137120185,0
1789649544.469027,17.334,2370884,115515,0,224,52,44,23442,181322,6678508,12515316,4270044,61536928,49507460,64771540,0,1855776,0,0,5,0,3949690,727126634,728129233,4,4,1067511,1536758,3077274,463944,18907076,18998,112977090,137120185,0
1789649544.7195168,17.585,2371163,115533,0,224,52,44,23474,181391,6685251,12985180,4526432,61552120,49048796,64771540,0,1831200,0,0,6,0,3951007,727159726,728162389,4,4,1131608,1537038,3077834,457800,18923370,18998,113190634,137120185,0
1789649544.969975,17.835,2371453,115557,0,224,52,44,23505,181443,6691467,13492184,4772692,61539492,48525396,64771540,0,1802852,0,2,3,0,3951818,727205609,728208357,4,4,1193173,1536629,3077015,450713,18941805,18998,113451998,137120185,0
1789649545.2204504,18.086,2371725,115575,0,224,52,44,23540,181519,6696909,14042080,5117476,61563880,47995208,64771540,0,1786112,0,1,5,0,3952862,727228367,728231151,4,4,1279369,1537121,3078000,446528,18956497,18998,113656722,137120185,0
1789649545.4709337,18.336,2372007,115598,0,224,52,44,23578,181574,6703101,14528284,5344000,61830256,47770928,64771540,0,1757440,0,2,3,0,3953985,727274496,728277320,4,4,1336000,1543659,3091093,439360,18966694,18998,113916294,137120185,0
1789649545.7215145,18.587,2372276,115624,0,224,52,44,23610,181643,6710911,15099292,5638540,61983732,47350372,64771540,0,1732864,0,0,5,0,3955889,727317017,728319900,4,4,1409635,1547413,3098610,433216,18970739,18998,114192542,137120185,0
1789649545.971994,18.837,2372570,115648,0,224,52,44,23650,181683,6716415,15606132,5901500,62089144,46942064,64771540,0,1704192,0,1,4,0,3957064,727368103,728371039,4,4,1475375,1549854,3103499,426048,18985410,18998,114437110,137120185,0
1789649546.2224672,19.088,2372845,115674,0,224,52,44,23679,181749,6723108,16178736,5937980,62056788,46330232,64771540,0,1954104,0,2,4,0,3957753,727407526,728410495,4,4,1484495,1548895,3101578,488526,18996373,18999,114706470,137386481,0
1789649546.472947,19.338,2373132,115697,0,224,52,44,23721,181794,6728729,16843936,5361532,62075180,45671032,64771540,0,2909568,0,0,6,0,3958967,727453524,728456548,4,4,1340077,1549057,3101902,727392,19004266,18999,114959810,138374713,0
1789649546.7234223,19.589,2373404,115722,0,224,52,44,23757,181858,6735263,17267904,4509868,62058308,45226068,64771540,0,3903736,0,0,5,0,3959989,727497169,728500248,4,4,1127467,1548490,3100766,975934,19011698,18999,115221170,139389361,0
1789649546.973882,19.839,2373706,115741,0,224,52,44,23789,181903,6740380,17845504,4875388,62020548,44600872,64771540,0,3879160,0,1,4,0,3962139,727545132,728548273,4,4,1218847,1547333,3098450,969790,19020260,18999,115432930,139389361,0
1789649547.2243207,20.09,2374009,115743,0,224,52,44,23804,181982,6747160,17753996,4768264,62086976,44758784,64771540,0,3858648,0,0,9,0,3963106,727547621,728550780,4,4,1192066,1548991,3101770,964662,19023653,18999,115448162,139389361,0
1789649547.4749408,20.34,2374260,115743,0,224,52,44,23807,182128,6749979,17753996,4768264,62084484,44756264,64771540,0,3825880,0,0,14,0,3963561,727547680,728551303,4,4,1192066,1548929,3101646,956470,19024153,18999,115448162,139389361,0
1789649547.7254362,20.591,2374503,115743,0,224,52,44,23811,182281,6752327,17753996,4768264,62081460,44753240,64771540,0,3805400,0,0,5,0,3964168,727547755,728551585,4,4,1192066,1548854,3101495,951350,19025055,18999,115448162,139389361,0
1789649547.9759111,20.841,2374775,115743,0,224,52,44,23819,182404,6755917,17753996,4768456,62076684,44748436,64771540,0,3780824,0,0,6,0,3964850,727547761,728551954,4,4,1192114,1548734,3101256,945206,19026238,18999,115448162,139390081,0
1789649548.2264383,21.092,2375060,115744,0,224,52,44,23824,182515,6757879,17754092,4768552,62075656,44747308,64771540,0,3760344,0,0,5,0,3964997,727547818,728552012,4,4,1192138,1548709,3101204,940086,19026373,18999,115448162,139390081,0
1789649548.476934,21.342,2375349,115744,0,224,52,44,23830,182619,6759186,17754092,4768552,62071936,44743572,64771540,0,3727944,0,0,5,0,3965860,727547869,728552337,4,4,1192138,1548616,3101018,931986,19026827,18999,115448162,139390081,0
1789649548.7274134,21.593,2375635,115744,0,224,52,44,23835,182729,6760528,17754188,4768648,62070956,44742500,64771540,0,3707456,0,0,6,0,3967083,727547869,728552594,4,4,1192162,1548591,3100969,926864,19026942,18999,115448162,139390081,0
1789649548.977875,21.843,2375916,115744,0,224,52,44,23841,182843,6761949,17754188,4768648,62057580,44729120,64771540,0,3682880,0,0,5,0,3967629,727547869,728552874,4,4,1192162,1548257,3100301,920720,19027860,18999,115448162,139390081,0
1789649549.2283554,22.094,2376200,115744,0,224,52,44,23847,182954,6763406,17754284,4768744,62057400,44728848,64771540,0,3666128,0,0,5,0,3968042,727547869,728553109,4,4,1192186,1548253,3100292,916532,19028531,18999,115448162,139390081,0
1789649549.4790165,22.344,2376485,115744,0,224,52,44,23853,183063,6764376,17754284,4768744,62056392,44727840,64771540,0,3629240,0,0,5,0,3968644,727547869,728553271,4,4,1192186,1548228,3100241,907310,19028612,18999,115448162,139390081,0
1789649549.7297335,22.595,2376763,115749,0,224,52,44,23859,183174,6766080,17755284,4769788,62054480,44724784,64771540,0,3612856,0,0,9,0,3969027,727550515,728556105,4,4,1192447,1548180,3100145,903214,19030220,19044,115449926,139390081,0
1789649549.9802928,22.846,2377045,115757,0,224,52,44,23867,183274,6767625,17758112,4771892,62051284,44717288,64771540,0,3584184,0,0,5,0,3969239,727553638,728559261,4,4,1192973,1548092,3099969,896046,19036125,19088,115453610,139390081,0
1789649550.2307718,23.096,2377332,115757,0,224,52,44,23871,183384,6768229,17758620,4771896,62051516,44717004,64771540,0,3567800,0,0,5,0,3969406,727553638,728559389,4,4,1192974,1548097,3099980,891950,19036159,19088,115453610,139390081,0
1789649550.481269,23.347,2377616,115757,0,224,52,44,23878,183493,6769148,17758716,4771992,62051608,44717004,64771540,0,3539120,0,0,6,0,3970394,727553995,728559810,4,4,1192998,1548100,3099985,884780,19036214,19088,115453610,139390081,0
1789649550.7317393,23.597,2377900,115757,0,224,52,44,23883,183604,6770358,17758716,4771992,62051608,44717004,64771540,0,3514544,0,0,8,0,3970852,727553995,728560068,4,4,1192998,1548100,3099985,878636,19036298,19088,115453610,139390081,0
1789649550.982232,23.848,2378179,115757,0,224,52,44,23887,183721,6771263,17758820,4772088,62051636,44716940,64771540,0,3485864,0,0,6,0,3971235,727554081,728560257,4,4,1193022,1548100,3099986,871466,19036340,19088,115453614,139390081,0
1789649551.2327096,24.098,2378459,115757,0,224,52,44,23893,183835,6772171,17758820,4772088,62051388,44716688,64771540,0,3469480,0,0,5,0,3971991,727554081,728560564,4,4,1193022,1548094,3099974,867370,19036430,19088,115453614,139390081,0
1789649551.483177,24.349,2378747,115757,0,224,52,44,23897,183944,6772769,17758916,4772184,62051484,44716688,64771540,0,3440792,0,0,5,0,3972322,727554084,728560838,4,4,1193046,1548097,3099979,860198,19036464,19088,115453614,139390081,0
1789649551.7336533,24.599,2379028,115757,0,224,52,44,23903,184056,6774432,17758916,4772184,62050328,44715528,64771540,0,3416216,0,0,5,0,3972543,727554095,728560920,4,4,1193046,1548068,3099921,854054,19037457,19088,115453614,139390081,0
1789649551.9841251,24.849,2379317,115757,0,224,52,44,23911,184159,6775130,17758944,3913352,62049352,44714508,64771540,0,4246524,0,0,7,0,3972715,727554130,728561009,4,4,978338,1548043,3099872,1061631,19037507,19088,115453678,140249009,0
1789649552.234623,25.1,2379602,115757,0,224,52,44,23923,184262,6775762,17759224,2545096,62050840,44715680,64771540,0,5598344,0,0,5,0,3973545,727554179,728561213,4,4,636274,1548081,3099947,1399586,19037511,19088,115453678,141617265,0
1789649552.4850993,25.35,2379896,115758,0,224,52,44,23928,184365,6776994,17759224,2545096,62050840,44715680,64771540,0,5565576,0,0,5,0,3974547,727554182,728561435,4,4,636274,1548081,3099947,1391394,19037554,19088,115453678,141617265,0
1789649552.7355902,25.601,2380191,115758,0,224,52,44,23933,184464,6777397,17759320,2545192,62049380,44714128,64771540,0,5545088,0,0,5,0,3975104,727554182,728561688,4,4,636298,1548044,3099874,1386272,19037810,19088,115453678,141617265,0
1789649552.9860523,25.851,2380484,115758,0,224,52,44,23936,184568,6777936,17759312,2545276,62049380,44714128,64771540,0,5520512,0,0,6,0,3975956,727554185,728562059,4,4,636319,1548044,3099874,1380128,19037812,19088,115453678,141617509,0
1789649553.2365432,26.102,2380781,115758,0,224,52,44,23943,184664,6778550,17759416,2545372,62057168,44721804,64771540,0,5500016,0,0,5,0,3977034,727554185,728562404,4,4,636343,1548239,3100263,1375004,19037818,19088,115453678,141617509,0
1789649553.4870195,26.352,2381074,115758,0,224,52,44,23947,184767,6779059,17759416,2545372,62057168,44721804,64771540,0,5467248,0,0,5,0,3977132,727554232,728562726,4,4,636343,1548239,3100263,1366812,19037825,19088,115453678,141617509,0
1789649553.7375076,26.603,2381366,115758,0,224,52,44,23951,184871,6780252,17759512,2545468,62056540,44721076,64771540,0,5446760,0,0,9,0,3977793,727554232,728563032,4,4,636367,1548223,3100232,1361690,19037929,19088,115453678,141617509,0
1789649553.9879684,26.853,2381653,115758,0,224,52,44,23958,184978,6781807,17759512,2545468,62053028,44717548,64771540,0,5422184,0,0,5,0,3978301,727554249,728563269,4,4,636367,1548135,3100056,1355546,19038794,19088,115453678,141617509,0
1789649554.2384377,27.104,2381947,115758,0,224,52,44,23962,185079,6782264,17759608,2545564,62062192,44726580,64771540,0,5401704,0,0,5,0,3979231,727554249,728563615,4,4,636391,1548364,3100514,1350426,19038810,19088,115453678,141617509,0
1789649554.4888985,27.354,2382246,115758,0,224,52,44,23966,185176,6782680,17759608,2545564,62062192,44726580,64771540,0,5368936,0,0,5,0,3979848,727554249,728563822,4,4,636391,1548364,3100514,1342234,19038824,19088,115453678,141617509,0
1789649554.7393775,27.605,2382543,115758,0,224,52,44,23972,185273,6783086,17759704,2545660,62062288,44726580,64771540,0,5348448,0,0,6,0,3980488,727554251,728564057,4,4,636415,1548366,3100519,1337112,19038831,19088,115453678,141617509,0
1789649554.989861,27.855,2382833,115758,0,224,52,44,23978,185378,6783371,17759712,2545660,62062288,44726580,64771540,0,5323872,0,0,5,0,3981505,727554570,728564777,4,4,636415,1548366,3100519,1330968,19038864,19088,115453686,141617509,0
1789649555.2403078,28.106,2383154,115758,0,224,52,44,23980,185455,6783657,17759712,2545660,62069908,44734200,64771540,0,5295184,0,0,2,0,3983514,727554570,728565420,4,4,636415,1548557,3100900,1323796,19038867,19088,115453686,141617509,0
1789649555.490784,28.356,2383528,115758,0,224,52,44,23980,185481,6783861,17764672,2550620,62068368,44727692,64771540,0,5270608,0,0,2,0,3984662,727554587,728565668,4,4,637655,1548508,3100803,1317652,19038876,19088,115453686,141617509,0
1789649555.7412367,28.607,2383902,115758,0,224,52,44,23986,185502,6783969,17928240,2714188,62064552,44558228,64771540,0,5254224,0,1,2,0,3988380,727554703,728566654,4,4,678547,1548371,3100528,1313556,19038884,19088,115453686,141617509,0
1789649555.9917004,28.857,2384277,115758,0,224,52,44,23993,185520,6784078,17928440,2714388,62016820,44510252,64771540,0,5225544,0,0,2,0,3989380,727554720,728567226,4,4,678597,1547178,3098139,1306386,19050618,19088,115453686,141617509,0
1789649556.2420573,29.107,2384651,115759,0,224,52,44,24004,185535,6784309,17928440,2714388,61792128,44285560,64771540,0,5192776,0,0,3,0,3991028,727554754,728567709,4,4,678597,1541569,3086907,1298194,19108928,19088,115453686,141617509,0
1789649556.4924395,29.358,2385027,115759,0,224,52,44,24010,185554,6784451,17928440,2714388,61700436,44193868,64771540,0,5180488,0,0,2,0,3993130,727554757,728568094,4,4,678597,1539280,3082324,1295122,19131634,19088,115453686,141617509,0
1789649556.7428045,29.608,2385400,115759,0,224,52,44,24010,185580,6784851,17928440,2714388,61696856,44190256,64771540,0,5155912,0,0,3,0,3995539,727555116,728569211,4,4,678597,1539191,3082145,1288978,19132279,19088,115453686,141617509,0
1789649556.993214,29.859,2385776,115759,0,224,52,44,24010,185606,6784929,17928440,2714388,61696856,44190256,64771540,0,5127232,0,0,2,0,3997177,727556080,728570657,4,4,678597,1539191,3082145,1281808,19132280,19088,115453686,141617509,0
1789649557.2435796,30.109,2386151,115759,0,224,52,44,24010,185631,6785012,17928440,2714388,61705048,44198448,64771540,0,5110848,0,0,2,0,4000129,727556324,728571156,4,4,678597,1539395,3082555,1277712,19132280,19088,115453686,141617509,0
1789649557.4939177,30.359,2386526,115760,0,224,52,44,24010,185656,6785089,17928440,2714388,61705048,44198448,64771540,0,5082160,0,0,2,0,4000240,727556332,728571187,4,4,678597,1539395,3082555,1270540,19132281,19088,115453686,141617509,0
1789649557.7442453,30.61,2386901,115760,0,224,52,44,24011,185681,6785153,17928440,2714388,61705048,44198448,64771540,0,5057584,0,0,2,0,4002403,727557136,728572535,4,4,678597,1539395,3082555,1264396,19132282,19088,115453686,141617509,0
1789649557.9945877,30.86,2387276,115760,0,224,52,44,24011,185706,6785232,17928440,2714388,61705064,44198448,64771540,0,5028904,0,0,2,0,4003343,727557690,728573527,4,4,678597,1539396,3082555,1257226,19132283,19088,115453686,141617509,0
1789649558.2449958,31.11,2387649,115762,0,224,52,44,24011,185731,6785516,17928440,2710064,61721248,44214616,64771540,0,5012520,0,0,2,0,4006280,727558996,728575727,4,4,677516,1539800,3083364,1253130,19132284,19088,115453690,141622113,0
1789649558.495403,31.361,2388024,115763,0,224,52,44,24011,185756,6785598,17928440,2710064,61721248,44214616,64771540,0,4979752,0,0,2,0,4008794,727560212,728577306,4,4,677516,1539800,3083364,1244938,19132293,19088,115453690,141622113,0
1789649558.7458186,31.611,2388399,115763,0,224,52,44,24011,185781,6785655,17928440,2710064,61720240,44213608,64771540,0,4959272,0,0,2,0,4010602,727560464,728577560,4,4,677516,1539774,3083314,1239818,19132461,19088,115453690,141622113,0
1789649558.9961965,31.862,2388774,115763,0,224,52,44,24012,185806,6785711,17928440,2710064,61719988,44213356,64771540,0,4934696,0,0,2,0,4015278,727560464,728578988,4,4,677516,1539768,3083301,1233674,19132463,19088,115453690,141622113,0
1789649559.2465334,32.112,2389150,115763,0,224,52,44,24012,185831,6785792,17928440,2710064,61726360,44219728,64771540,0,4914208,0,0,2,0,4017254,727560624,728579622,4,4,677516,1539927,3083620,1228552,19132463,19088,115453690,141622113,0
1789649559.4968855,32.362,2389525,115763,0,224,52,44,24012,185856,6785872,17928440,2710064,61729804,44223172,64771540,0,4881440,0,0,2,0,4019161,727560624,728580443,4,4,677516,1540013,3083792,1220360,19132465,19088,115453690,141622113,0
1789649559.7472112,32.613,2389898,115763,0,224,52,44,24018,185877,6785965,18124824,2906448,61719068,44010792,64771540,0,4860944,0,0,2,0,4021991,727560819,728581097,4,4,726612,1539614,3082993,1215236,19132478,19088,115453690,141622113,0
1789649559.997672,32.863,2390273,115763,0,224,52,44,24026,185895,6786028,18353560,3135184,61769052,43825680,64771540,0,4836368,0,0,2,0,4025434,727560819,728582464,4,4,783796,1540703,3085173,1209092,19132479,19088,115453690,141622113,0
1789649560.2479947,33.113,2390649,115763,0,224,52,44,24033,185913,6786103,18582688,3364312,61779024,43600316,64771540,0,4807688,0,0,2,0,4026689,727560819,728582899,4,4,841078,1540797,3085361,1201922,19132479,19088,115453690,141622113,0
1789649560.4983618,33.364,2391012,115763,0,224,52,44,24040,185943,6786815,18611784,3393408,61757672,43548672,64771540,0,4783112,0,0,2,0,4027566,727561153,728583654,4,4,848352,1540233,3084233,1195778,19135434,19088,115453690,141622113,0
1789649560.7487946,33.614,2391387,115763,0,224,52,44,24046,185962,6786873,18611784,3393408,61757672,43548672,64771540,0,4762632,0,0,2,0,4028212,727562259,728584779,4,4,848352,1540233,3084233,1190658,19135434,19088,115453690,141622113,0
1789649560.9991157,33.864,2391762,115764,0,224,52,44,24047,185987,6786950,18611784,3393408,61757672,43548672,64771540,0,4738056,0,0,2,0,4029973,727563348,728586052,4,4,848352,1540233,3084233,1184514,19135435,19088,115453690,141622113,0
1789649561.2494426,34.115,2392137,115764,0,224,52,44,24047,186012,6787031,18611784,3393408,61757672,43548672,64771540,0,4713480,0,0,2,0,4030647,727564606,728587804,4,4,848352,1540233,3084233,1178370,19135435,19088,115453690,141622113,0
1789649561.499752,34.365,2392512,115764,0,224,52,44,24047,186037,6787121,18611784,3393408,61762780,43553780,64771540,0,4684800,0,0,2,0,4031774,727565725,728589254,4,4,848352,1540361,3084489,1171200,19135436,19088,115453690,141622113,0
1789649561.7500725,34.615,2392887,115764,0,224,52,44,24047,186062,6787181,18611784,3393408,61760764,43551764,64771540,0,4656112,0,0,2,0,4035977,727565725,728590386,4,4,848352,1540311,3084388,1164028,19135712,19088,115453690,141622113,0
1789649562.0003886,34.866,2393262,115764,0,224,52,44,24047,186087,6787271,18611784,3393408,61756984,43547984,64771540,0,4639728,0,0,2,0,4038000,727565898,728591060,4,4,848352,1540216,3084199,1159932,19136600,19088,115453690,141622113,0
1789649562.2506914,35.116,2393637,115764,0,224,52,44,24047,186112,6787344,18611784,3393408,61759480,43550480,64771540,0,4606960,0,0,2,0,4040815,727566026,728592088,4,4,848352,1540279,3084324,1151740,19136600,19088,115453690,141622113,0
1789649562.501007,35.366,2394012,115764,0,224,52,44,24048,186137,6787442,18611784,3393408,61759492,43550480,64771540,0,4594664,0,0,2,0,4042672,727566201,728592662,4,4,848352,1540279,3084324,1148666,19137244,19088,115453690,141622113,0
1789649562.7513561,35.617,2394387,115765,0,224,52,44,24048,186162,6787509,18611784,3393408,61751436,43542416,64771540,0,4561896,0,0,2,0,4043744,727567154,728593897,4,4,848352,1540078,3083922,1140474,19138345,19088,115453690,141622113,0
1789649563.001696,35.867,2394762,115765,0,224,52,44,24048,186187,6787580,18611784,3393408,61744024,43535004,64771540,0,4541416,0,0,2,0,4044772,727568572,728595344,4,4,848352,1539893,3083551,1135354,19138976,19088,115453690,141622113,0
1789649563.252065,36.117,2395137,115765,0,224,52,44,24048,186212,6787707,18611780,3391548,61749108,43540072,64771540,0,4508648,0,0,2,0,4047883,727568708,728595937,4,4,847887,1540020,3083805,1127162,19140013,19088,115453698,141624065,0
1789649563.502497,36.368,2395512,115766,0,224,52,44,24048,186237,6787780,18611792,3391548,61743728,43534688,64771540,0,4496352,0,0,2,0,4048541,727569241,728596613,4,4,847887,1539885,3083536,1124088,19140407,19088,115453698,141624065,0
1789649563.7528877,36.618,2395887,115766,0,224,52,44,24048,186262,6787843,18611792,3391548,61743728,43534688,64771540,0,4463584,0,0,2,0,4050280,727569250,728597219,4,4,847887,1539885,3083536,1115896,19140407,19088,115453698,141624065,0
1789649564.0032778,36.869,2396263,115766,0,224,52,44,24049,186287,6787910,18611792,3391548,61743728,43534688,64771540,0,4443088,0,0,2,0,4053228,727569435,728597898,4,4,847887,1539885,3083536,1110772,19140408,19088,115453698,141624065,0
1789649564.253636,37.119,2396638,115766,0,224,52,44,24055,186306,6787993,18808944,3588700,61747084,43335480,64771540,0,4418512,0,0,2,0,4055026,727569435,728599115,4,4,897175,1539834,3083433,1104628,19140408,19088,115453698,141624065,0
1789649564.5040326,37.369,2397013,115766,0,224,52,44,24061,186325,6788093,19035904,3815660,61740684,43095932,64771540,0,4393936,0,0,2,0,4057642,727569435,728599919,4,4,953915,1539520,3082804,1098484,19140411,19088,115453698,141624065,0
1789649564.7544403,37.62,2397389,115766,0,224,52,44,24068,186342,6788150,19261872,4041628,61737820,42860668,64771540,0,4373448,0,0,2,0,4059829,727569972,728600798,4,4,1010407,1539287,3082339,1093362,19140412,19088,115453698,141624065,0
1789649565.004824,37.87,2397764,115766,0,224,52,44,24074,186362,6788218,19295136,4074896,61741100,42829668,64771540,0,4348872,0,0,2,0,4062622,727569972,728601418,4,4,1018724,1539344,3082452,1087218,19141197,19088,115453698,141624065,0
1789649565.2551913,38.121,2398140,115766,0,224,52,44,24081,186381,6788297,19295136,4074896,61736288,42824840,64771540,0,4320460,0,0,2,0,4065783,727569972,728602512,4,4,1018724,1539224,3082211,1080115,19141975,19088,115453698,141624065,0
1789649565.5055988,38.371,2398514,115766,0,224,52,44,24082,186405,6788375,19295136,4074896,61736328,42824872,64771540,0,4295624,0,0,2,0,4067169,727569972,728603125,4,4,1018724,1539224,3082213,1073906,19143165,19088,115453698,141624065,0
1789649565.7559705,38.621,2398890,115766,0,224,52,44,24083,186430,6788421,19295136,4074896,61732692,42821236,64771540,0,4275128,0,0,2,0,4070031,727569972,728603747,4,4,1018724,1539134,3082031,1068782,19144209,19088,115453698,141624065,0
1789649566.0063643,38.872,2399265,115766,0,224,52,44,24083,186455,6788494,19295136,4074896,61732296,42820840,64771540,0,4250552,0,0,2,0,4073216,727570310,728604850,4,4,1018724,1539124,3082011,1062638,19144878,19088,115453698,141624065,0
1789649566.256768,39.122,2399640,115766,0,224,52,44,24083,186480,6788589,19295136,4074900,61729136,42817680,64771540,0,4225968,0,0,2,0,4075248,727570310,728605488,4,4,1018725,1539045,3081853,1056492,19145952,19088,115453698,141624065,0
1789649566.5071573,39.373,2400015,115766,0,224,52,44,24084,186504,6788668,19295136,4074900,61724968,42813512,64771540,0,4201392,0,0,2,0,4076027,727571085,728606621,4,4,1018725,1538941,3081645,1050348,19146818,19088,115453698,141624065,0
1789649566.7575881,39.623,2400391,115766,0,224,52,44,24084,186529,6788737,19295136,4074900,61724716,42813260,64771540,0,4167704,0,0,2,0,4076839,727572010,728608121,4,4,1018725,1538934,3081632,1041926,19146819,19088,115453698,141624065,0
1789649567.0079615,39.873,2400766,115766,0,224,52,44,24084,186554,6788792,19295136,4074900,61721080,42809624,64771540,0,4151320,0,0,2,0,4078163,727572422,728608789,4,4,1018725,1538844,3081450,1037830,19147973,19088,115453698,141624065,0
1789649567.258321,40.124,2401141,115767,0,224,52,44,24084,186579,6788884,19295136,4074900,61725780,42814324,64771540,0,4125824,0,0,2,0,4081853,727573169,728610218,4,4,1018725,1538961,3081685,1031456,19149127,19088,115453698,141624065,0
1789649567.5086925,40.374,2401516,115767,0,224,52,44,24084,186604,6788956,19295136,4074900,61718092,42806636,64771540,0,4101248,0,0,2,0,4083521,727573169,728610808,4,4,1018725,1538769,3081301,1025312,19149705,19088,115453698,141624065,0
1789649567.7589903,40.624,2401891,115767,0,224,52,44,24084,186629,6789021,19295136,4074900,61717704,42806248,64771540,0,4075752,0,0,2,0,4086912,727573833,728612507,4,4,1018725,1538759,3081282,1018938,19150797,19088,115453698,141624065,0
1789649568.0092754,40.875,2402266,115767,0,224,52,44,24085,186654,6789093,19295136,4074900,61716696,42805240,64771540,0,4051176,0,0,2,0,4087621,727574699,728613532,4,4,1018725,1538734,3081231,1012794,19151133,19088,115453698,141624065,0
1789649568.2595823,41.125,2402642,115767,0,224,52,44,24085,186679,6789171,19295136,4074900,61721156,42809700,64771540,0,4025680,0,0,2,0,4092303,727574699,728614532,4,4,1018725,1538846,3081454,1006420,19151134,19088,115453698,141624065,0
1789649568.5098863,41.375,2403017,115767,0,224,52,44,24085,186704,6789295,19295144,4074008,61720888,42809420,64771540,0,4001104,0,0,2,0,4093567,727574977,728615286,4,4,1018502,1538839,3081441,1000276,19151134,19088,115453702,141625053,0
1789649568.7602754,41.626,2403392,115768,0,224,52,44,24092,186722,6789364,19501512,4280376,61730924,42607380,64771540,0,3975608,0,0,2,0,4094387,727575797,728616256,4,4,1070094,1538936,3081636,993902,19151139,19088,115453702,141625053,0
1789649569.0106332,41.876,2403767,115768,0,224,52,44,24100,186739,6789426,19728696,4507560,61728504,42371708,64771540,0,3959224,0,0,2,0,4095407,727576954,728617449,4,4,1126890,1538735,3081232,989806,19151140,19088,115453702,141625053,0
1789649569.2610073,42.126,2404142,115768,0,224,52,44,24108,186757,6789520,19954384,4733248,61737768,42148732,64771540,0,3925536,0,0,2,0,4102624,727576954,728618779,4,4,1183312,1538802,3081368,981384,19151142,19088,115453702,141625053,0
1789649569.511448,42.377,2404487,115768,0,224,52,44,24111,186810,6790046,19978488,4757352,61687644,42073724,64771540,0,3909152,0,0,6,0,4103361,727577083,728619139,4,4,1189338,1537533,3078826,977288,19160868,19088,115453702,141625053,0
1789649569.7620633,42.627,2404845,115768,0,224,52,44,24115,186848,6791046,19978488,4757352,61654124,42040204,64771540,0,3875464,0,0,2,0,4106066,727577090,728619752,4,4,1189338,1536696,3077150,968866,19167160,19088,115453702,141625053,0
1789649570.0125172,42.878,2405215,115768,0,224,52,44,24119,186874,6791630,19978488,4757352,61630788,42016868,64771540,0,3859080,0,0,2,0,4107479,727577090,728620513,4,4,1189338,1536114,3075984,964770,19172860,19088,115453702,141625053,0
1789649570.2629478,43.128,2405585,115768,0,224,52,44,24123,186900,6792240,19978488,4757352,61606964,41993040,64771540,0,3825392,0,0,2,0,4112131,727577410,728622170,4,4,1189338,1535519,3074793,956348,19178511,19088,115453702,141625053,0
1789649570.5133886,43.379,2405955,115768,0,224,52,44,24126,186926,6792813,19978488,4757352,61583128,41969204,64771540,0,3809008,0,0,3,0,4114381,727577410,728623339,4,4,1189338,1534924,3073601,952252,19184262,19088,115453702,141625053,0
1789649570.7638338,43.629,2406324,115768,0,224,52,44,24131,186952,6793415,19978488,4757352,61558888,41944964,64771540,0,3779416,0,0,2,0,4114893,727577618,728623938,4,4,1189338,1534319,3072389,944854,19190034,19088,115453702,141625053,0
1789649571.014285,43.88,2406693,115768,0,224,52,44,24135,186979,6794003,19978488,4757352,61534388,41920464,64771540,0,3758936,0,0,2,0,4116191,727577618,728624324,4,4,1189338,1533707,3071165,939734,19195786,19088,115453702,141625053,0
1789649571.2647436,44.13,2407062,115769,0,224,52,44,24139,187007,6794654,19978488,4757352,61539984,41926060,64771540,0,3729344,0,0,2,0,4120554,727577629,728625432,4,4,1189338,1533847,3071444,932336,19195997,19088,115453702,141625053,0
1789649571.5152347,44.381,2407431,115769,0,224,52,44,24143,187035,6795264,19978488,4757352,61539984,41926060,64771540,0,3708864,0,0,2,0,4122313,727577634,728626191,4,4,1189338,1533847,3071444,927216,19196002,19088,115453702,141625053,0
1789649571.765694,44.631,2407790,115769,0,224,52,44,24160,187058,6795730,17956848,2735552,61567100,44027872,64771540,0,3692480,0,0,3,0,4133348,727577634,728626613,4,4,683680,1535858,3075471,923120,19196445,19088,115453702,141625053,0
1789649572.0161011,44.881,2408144,115790,0,224,52,44,24162,187081,6796398,17759940,2538696,61565384,44228956,64771540,0,3658792,0,1,1,0,4133605,727676528,728725700,4,4,634674,1535952,3075660,914698,19197124,19089,115453814,141625053,0
1789649572.2665396,45.132,2408519,115816,0,224,52,44,24162,187081,6796531,17759940,2538696,61565384,44228956,64771540,0,3642408,0,1,1,0,4133621,727923839,728973067,4,4,634674,1535952,3075660,910602,19197125,19089,115453814,141625053,0
1789649572.516868,45.382,2408893,115841,0,224,52,44,24162,187081,6796730,17759940,2538696,61568620,44232192,64771540,0,3616912,0,1,1,0,4133648,728169132,729218483,4,4,634674,1536033,3075822,904228,19197128,19089,115453814,141625053,0
1789649572.7671862,45.633,2409268,115867,0,224,52,44,24162,187081,6796870,17759940,2538696,61568620,44232192,64771540,0,3584144,0,1,1,0,4133674,728413632,729463042,4,4,634674,1536033,3075822,896036,19197129,19089,115453814,141625053,0
1789649573.0175216,45.883,2409643,115892,0,224,52,44,24162,187081,6796997,17759940,2538696,61570120,44233692,64771540,0,3566840,0,1,1,0,4133697,728660868,729710383,4,4,634674,1536070,3075897,891710,19197132,19089,115453814,141625053,0
1789649573.267843,46.133,2410018,115917,0,224,52,44,24162,187082,6797158,17759940,2538696,61570120,44233692,64771540,0,3534072,0,1,1,0,4133725,728904365,729953967,4,4,634674,1536070,3075897,883518,19197136,19089,115453814,141625053,0
1789649573.518232,46.384,2410393,115943,0,224,52,44,24163,187082,6797302,17759940,2538732,61570120,44233692,64771540,0,3516768,0,1,1,0,4133813,729150574,730200453,4,4,634683,1536070,3075897,879192,19197136,19089,115453814,141625149,0
1789649573.7686281,46.634,2410767,115968,0,224,52,44,24163,187082,6797413,17759940,2538732,61570120,44233692,64771540,0,3484000,0,1,1,0,4133840,729395918,730445916,4,4,634683,1536070,3075897,871000,19197137,19089,115453814,141625149,0
1789649574.0189679,46.884,2411142,115993,0,224,52,44,24163,187083,6797746,17759940,2538732,61567780,44231352,64771540,0,3466696,0,1,1,0,4133866,729642778,730693293,4,4,634683,1536012,3075780,866674,19197173,19089,115453814,141625149,0
1789649574.269342,47.135,2411517,116019,0,224,52,44,24163,187083,6797822,17759940,2538732,61567540,44231112,64771540,0,3442120,0,1,1,0,4133867,729889208,730939725,4,4,634683,1536006,3075768,860530,19197175,19089,115453814,141625149,0
1789649574.5196536,47.385,2411892,116044,0,224,52,44,24163,187083,6797909,17759940,2538732,61569584,44233156,64771540,0,3416624,0,1,1,0,4133868,730135590,731186107,4,4,634683,1536057,3075870,854156,19197176,19089,115453814,141625149,0
1789649574.7699516,47.635,2412266,116069,0,224,52,44,24163,187083,6797974,17759940,2538732,61569584,44233156,64771540,0,3392048,0,1,1,0,4133869,730382938,731433456,4,4,634683,1536057,3075870,848012,19197176,19089,115453814,141625149,0
1789649575.020246,47.886,2412641,116095,0,224,52,44,24164,187083,6798045,17759940,2538732,61570992,44234564,64771540,0,3366552,0,1,1,0,4133871,730629305,731679823,4,4,634683,1536092,3075941,841638,19197177,19089,115453814,141625149,0
1789649575.2705355,48.136,2413016,116120,0,224,52,44,24164,187083,6798126,17759940,2538732,61570992,44234564,64771540,0,3341976,0,1,1,0,4133873,730876624,731927142,4,4,634683,1536092,3075941,835494,19197177,19089,115453814,141625149,0
1789649575.5208251,48.386,2413391,116145,0,224,52,44,24164,187083,6798198,17759940,2538732,61570992,44234564,64771540,0,3324672,0,1,1,0,4133874,731123952,732174470,4,4,634683,1536092,3075941,831168,19197178,19089,115453814,141625149,0
1789649575.771111,48.636,2413766,116171,0,224,52,44,24164,187083,6798273,17759940,2538732,61570992,44234564,64771540,0,3291904,0,1,1,0,4133875,731371285,732421804,4,4,634683,1536092,3075941,822976,19197180,19089,115453814,141625149,0
1789649576.021405,48.887,2414141,116196,0,224,52,44,24164,187083,6798336,17759940,2538732,61572320,44235892,64771540,0,3274600,0,1,1,0,4133876,731619564,732670083,4,4,634683,1536125,3076007,818650,19197181,19089,115453814,141625149,0
1789649576.2716792,49.137,2414516,116222,0,224,52,44,24164,187083,6798413,17759940,2538732,61572320,44235892,64771540,0,3241832,0,1,1,0,4133877,731864976,732915496,4,4,634683,1536125,3076007,810458,19197181,19089,115453814,141625149,0
1789649576.5219722,49.387,2414891,116247,0,224,52,44,24164,187083,6798533,17759940,2538732,61575468,44239040,64771540,0,3224528,0,1,1,0,4133885,732113249,733163795,4,4,634683,1536204,3076164,806132,19197182,19089,115453814,141625149,0
1789649576.7722747,49.638,2415266,116272,0,224,52,44,24164,187083,6798593,17759940,2538732,61575468,44239040,64771540,0,3199952,0,1,1,0,4133886,732360575,733411122,4,4,634683,1536204,3076164,799988,19197182,19089,115453814,141625149,0
1789649577.022584,49.888,2415641,116298,0,224,52,44,24164,187083,6798661,17759940,2538732,61575468,44239040,64771540,0,3174456,0,1,1,0,4133888,732606983,733657530,4,4,634683,1536204,3076164,793614,19197185,19089,115453814,141625149,0
1789649577.2729285,50.138,2416015,116323,0,224,52,44,24164,187083,6798760,17759940,2538732,61576636,44240208,64771540,0,3141688,0,1,1,0,4133899,732851525,733902087,4,4,634683,1536233,3076223,785422,19197185,19089,115453814,141625149,0
1789649577.523267,50.389,2416390,116348,0,224,52,44,24164,187083,6798819,17759940,2538732,61576636,44240208,64771540,0,3124384,0,1,1,0,4133900,733099830,734150392,4,4,634683,1536233,3076223,781096,19197186,19089,115453814,141625149,0
1789649577.7735689,50.639,2416762,116374,0,224,52,44,24168,187083,6798933,17759980,1876880,61576692,44240208,64771540,0,3761660,0,1,1,0,4133936,733323252,734374081,4,4,469220,1536234,3076225,940415,19197186,19089,115453814,142287001,0
1789649578.0238578,50.889,2417137,116399,0,224,52,44,24168,187083,6798992,17759980,1876880,61576692,44240208,64771540,0,3736164,0,1,1,0,4133937,733571535,734622364,4,4,469220,1536234,3076225,934041,19197187,19089,115453814,142287001,0
1789649578.2741492,51.14,2417512,116424,0,224,52,44,24168,187083,6799067,17759980,1876880,61576692,44240208,64771540,0,3711588,0,1,1,0,4133938,733818890,734869720,4,4,469220,1536234,3076225,927897,19197189,19089,115453814,142287001,0
1789649578.5244477,51.39,2417887,116450,0,224,52,44,24168,187083,6799152,17759980,1876880,61579588,44243104,64771540,0,3686092,0,1,1,0,4133953,734066171,735117032,4,4,469220,1536307,3076370,921523,19197191,19089,115453814,142287001,0
1789649578.7747302,51.64,2418262,116475,0,224,52,44,24168,187083,6799236,17759980,1876956,61579336,44242852,64771540,0,3661516,0,1,1,0,4133977,734313273,735364366,4,4,469239,1536300,3076358,915379,19197191,19089,115453814,142287113,0
1789649579.025016,51.89,2418637,116500,0,224,52,44,24168,187083,6799304,17759980,1876956,61579896,44243412,64771540,0,3640116,0,1,1,0,4133977,734561561,735612654,4,4,469239,1536314,3076386,910029,19197192,19089,115453814,142287113,0
1789649579.2753344,52.141,2419012,116526,0,224,52,44,24168,187083,6799392,17759980,1876956,61579896,44243412,64771540,0,3611444,0,1,1,0,4133979,734806977,735858071,4,4,469239,1536314,3076386,902861,19197192,19089,115453814,142287113,0
1789649579.5256476,52.391,2419386,116551,0,224,52,44,24168,187083,6799460,17759980,1876956,61579896,44243412,64771540,0,3590044,0,1,1,0,4133979,735055277,736106370,4,4,469239,1536314,3076386,897511,19197194,19089,115453814,142287113,0
1789649579.77593,52.641,2419761,116576,0,224,52,44,24168,187083,6799541,17759980,1876956,61579896,44243412,64771540,0,3561372,0,1,1,0,4133980,735302594,736353688,4,4,469239,1536314,3076386,890343,19197195,19089,115453814,142287113,0
1789649580.0262108,52.892,2420136,116602,0,224,52,44,24168,187083,6799612,17759980,1876956,61579896,44243412,64771540,0,3539972,0,1,1,0,4133980,735548984,736600078,4,4,469239,1536314,3076386,884993,19197196,19089,115453814,142287113,0
1789649580.276512,53.142,2420511,116627,0,224,52,44,24169,187083,6799696,17759980,1876956,61580824,44244340,64771540,0,3511300,0,1,1,0,4133989,735795293,736846412,4,4,469239,1536338,3076432,877825,19197196,19089,115453814,142287113,0
1789649580.526797,53.392,2420881,116653,0,224,52,44,24170,187085,6800163,17759980,1878764,61578904,44242388,64771540,0,3494916,0,2,1,0,4134197,736008015,737060931,4,4,469691,1536290,3076336,873729,19199899,19094,115454198,142287113,0
1789649580.7771604,53.643,2421232,116693,0,224,52,44,24171,187094,6800786,17765136,1878772,61564768,44222100,64771540,0,3461228,0,2,1,0,4135141,736209874,737263436,4,4,469693,1535937,3075629,865307,19204085,19122,115460518,142287113,0
1789649581.0274885,53.893,2421582,116733,0,224,52,44,24172,187101,6801382,17769700,1878772,61553860,44205940,64771540,0,3444844,0,1,2,0,4135805,736408988,737462794,4,4,469693,1535664,3075084,861211,19207311,19153,115465598,142287113,0
1789649581.2778149,54.143,2421945,116760,0,224,52,44,24175,187107,6802166,17770696,1880496,61552512,44203132,64771540,0,3419348,0,1,1,0,4135976,736583343,737640244,4,4,470124,1535621,3074997,854837,19212741,19156,115466206,142287117,0
1789649581.5281847,54.394,2422320,116785,0,224,52,44,24176,187107,6802241,17770696,1880496,61552512,44203132,64771540,0,3394772,0,1,1,0,4136034,736831450,737888569,4,4,470124,1535621,3074997,848693,19212741,19156,115466206,142287117,0
1789649581.778501,54.644,2422695,116810,0,224,52,44,24176,187107,6802319,17770696,1880496,61552512,44203132,64771540,0,3369276,0,1,1,0,4136081,737079566,738136855,4,4,470124,1535621,3074997,842319,19212742,19156,115466206,142287117,0
1789649582.0287976,54.894,2423070,116836,0,224,52,44,24176,187107,6802421,17770696,1880496,61553468,44204088,64771540,0,3344700,0,1,1,0,4136117,737326836,738384192,4,4,470124,1535645,3075045,836175,19212742,19156,115466206,142287117,0
1789649582.2791238,55.144,2423445,116861,0,224,52,44,24176,187107,6802493,17770696,1880496,61553468,44204088,64771540,0,3319204,0,1,1,0,4136172,737575913,738633474,4,4,470124,1535645,3075045,829801,19212744,19156,115466206,142287117,0
1789649582.5294292,55.395,2423820,116886,0,224,52,44,24176,187107,6802558,17770696,1880496,61554808,44205428,64771540,0,3302820,0,1,1,0,4136226,737825021,738882739,4,4,470124,1535678,3075112,825705,19212745,19156,115466206,142287117,0
1789649582.7797158,55.645,2424186,116911,0,224,52,44,24185,187107,6802703,17770808,3932,61554304,44204756,64771540,0,5145696,0,1,1,0,4137236,738005768,739063964,4,4,983,1535666,3075087,1286424,19212746,19156,115466206,144163681,0
1789649583.0300133,55.895,2424561,116936,0,224,52,44,24185,187107,6802765,17770808,3932,61554304,44204756,64771540,0,5129312,0,1,1,0,4137266,738253032,739311269,4,4,983,1535666,3075087,1282328,19212746,19156,115466206,144163681,0
1789649583.2802923,56.146,2424936,116961,0,224,52,44,24185,187107,6802856,17770808,3932,61554564,44205016,64771540,0,5095624,0,1,1,0,4137323,738502025,739560522,4,4,983,1535672,3075100,1273906,19212747,19156,115466206,144163681,0
1789649583.5305786,56.396,2425311,116987,0,224,52,44,24185,187107,6802911,17770808,3932,61554324,44204776,64771540,0,5079240,0,1,1,0,4137375,738751168,739809794,4,4,983,1535666,3075088,1269810,19212748,19156,115466206,144163681,0
1789649583.7808597,56.646,2425686,117012,0,224,52,44,24185,187107,6802997,17770808,3932,61554324,44204776,64771540,0,5045552,0,1,1,0,4137428,738999264,740058119,4,4,983,1535666,3075088,1261388,19212749,19156,115466206,144163681,0
1789649584.0311346,56.896,2426061,117037,0,224,52,44,24186,187107,6803093,17770808,4104,61554324,44204776,64771540,0,5020976,0,1,2,0,4137472,739245411,740304481,4,4,1026,1535666,3075088,1255244,19212750,19156,115466206,144163941,0
1789649584.2814286,57.147,2426436,117062,0,224,52,44,24186,187107,6803161,17770808,4104,61555508,44205960,64771540,0,5003672,0,1,1,0,4137519,739494528,740553738,4,4,1026,1535696,3075147,1250918,19212751,19156,115466206,144163941,0
1789649584.5317037,57.397,2426812,117087,0,224,52,44,24186,187107,6803271,17770808,4104,61556808,44207260,64771540,0,4979096,0,1,1,0,4137586,739744527,740803988,4,4,1026,1535728,3075212,1244774,19212751,19156,115466206,144163941,0
1789649584.7819886,57.647,2427186,117113,0,224,52,44,24186,187107,6803343,17770808,4104,61556808,44207260,64771540,0,4953600,0,1,1,0,4137620,739990823,741050328,4,4,1026,1535728,3075212,1238400,19212753,19156,115466206,144163941,0
1789649585.0322642,57.898,2427561,117138,0,224,52,44,24186,187107,6803417,17770808,4104,61560968,44211420,64771540,0,4929024,0,1,1,0,4137657,740239060,741298615,4,4,1026,1535832,3075420,1232256,19212753,19156,115466206,144163941,0
1789649585.2825541,58.148,2427937,117163,0,224,52,44,24186,187107,6803504,17770808,4104,61560968,44211420,64771540,0,4903528,0,1,1,0,4137710,740487138,741546914,4,4,1026,1535832,3075420,1225882,19212755,19156,115466206,144163941,0
1789649585.532869,58.398,2428312,117188,0,224,52,44,24186,187107,6803592,17770808,4104,61560968,44211420,64771540,0,4878952,0,1,1,0,4137758,740735263,741795218,4,4,1026,1535832,3075420,1219738,19212756,19156,115466206,144163941,0
1789649585.7831774,58.649,2428687,117213,0,224,52,44,24187,187107,6803664,17770808,4104,61560968,44211420,64771540,0,4853456,0,1,1,0,4137813,740982459,742042558,4,4,1026,1535832,3075420,1213364,19212757,19156,115466206,144163941,0
1789649586.0334873,58.899,2429062,117238,0,224,52,44,24187,187107,6803730,17770808,4104,61560968,44211420,64771540,0,4837072,0,1,1,0,4137861,741231564,742291819,4,4,1026,1535832,3075420,1209268,19212757,19156,115466206,144163941,0
1789649586.2837605,59.149,2429437,117264,0,224,52,44,24187,187107,6803830,17770808,4104,61567460,44217912,64771540,0,4803384,0,1,1,0,4137903,741477768,742538148,4,4,1026,1535994,3075744,1200846,19212757,19156,115466206,144163941,0
1789649586.5340364,59.399,2429812,117289,0,224,52,44,24187,187108,6803906,17770808,4104,61567460,44217912,64771540,0,4778808,0,1,1,0,4137958,741725877,742786422,4,4,1026,1535994,3075744,1194702,19212758,19156,115466206,144163941,0
1789649586.7843108,59.65,2430187,117314,0,224,52,44,24187,187108,6803970,17770808,4104,61567460,44217912,64771540,0,4753312,0,1,1,0,4138008,741974968,743035676,4,4,1026,1535994,3075744,1188328,19212759,19156,115466206,144163941,0
1789649587.0345833,59.9,2430562,117339,0,224,52,44,24187,187108,6804040,17770808,4104,61570036,44220488,64771540,0,4728736,0,1,1,0,4138052,742223136,743283975,4,4,1026,1536058,3075873,1182184,19212760,19156,115466206,144163941,0
1789649587.2848945,60.15,2430937,117364,0,224,52,44,24187,187108,6804128,17770808,4104,61570032,44220484,64771540,0,4703240,0,1,1,0,4138108,742472138,743533245,4,4,1026,1536058,3075873,1175810,19212761,19156,115466206,144163941,0
1789649587.5351784,60.401,2431312,117389,0,224,52,44,24187,187108,6804186,17770808,4104,61570032,44220484,64771540,0,4686856,0,1,1,0,4138139,742720383,743781531,4,4,1026,1536058,3075873,1171714,19212762,19156,115466206,144163941,0
1789649587.7854686,60.651,2431687,117414,0,224,52,44,24187,187108,6804261,17770808,4104,61570032,44220484,64771540,0,4661360,0,1,1,0,4138188,742968452,744029809,4,4,1026,1536058,3075873,1165340,19212762,19156,115466206,144163941,0
1789649588.0357494,60.901,2432062,117440,0,224,52,44,24187,187108,6804339,17770808,4104,61570032,44220484,64771540,0,4636784,0,1,1,0,4138232,743214757,744276173,4,4,1026,1536058,3075873,1159196,19212763,19156,115466206,144163941,0
1789649588.286045,61.151,2432437,117465,0,224,52,44,24187,187108,6804419,17770808,4104,61570032,44220484,64771540,0,4615384,0,1,1,0,4138270,743461092,744522562,4,4,1026,1536058,3075873,1153846,19212764,19156,115466206,144163941,0
1789649588.5363708,61.402,2432812,117490,0,224,52,44,24187,187108,6804540,17770808,4104,61573500,44223952,64771540,0,4582616,0,1,1,0,4138322,743707344,744768942,4,4,1026,1536145,3076046,1145654,19212766,19156,115466206,144163941,0
1789649588.7866762,61.652,2433187,117516,0,224,52,44,24188,187108,6804608,17770808,4104,61573500,44223952,64771540,0,4562128,0,1,1,0,4138364,743955523,745017246,4,4,1026,1536145,3076046,1140532,19212766,19156,115466206,144163941,0
1789649589.0369802,61.902,2433562,117541,0,224,52,44,24188,187108,6804686,17770808,4028,61573500,44223952,64771540,0,4537552,0,1,1,0,4138396,744202789,745264555,4,4,1007,1536145,3076046,1134388,19212770,19156,115466206,144163993,0
1789649589.287273,62.153,2433937,117566,0,224,52,44,24188,187108,6804790,17770796,4028,61573500,44223952,64771540,0,4508880,0,1,1,0,4138453,744449867,745511860,4,4,1007,1536145,3076046,1127220,19212770,19156,115466206,144164049,0
1789649589.5375688,62.403,2434312,117592,0,224,52,44,24188,187108,6804868,17770788,4028,61573500,44223952,64771540,0,4484432,0,1,1,0,4138493,744695137,745757258,4,4,1007,1536145,3076046,1121108,19212772,19156,115466206,144164117,0
1789649589.787856,62.653,2434687,117617,0,224,52,44,24188,187108,6804927,17770788,4028,61573500,44223952,64771540,0,4459760,0,1,1,0,4138526,744943383,746005548,4,4,1007,1536145,3076046,1114940,19212773,19156,115466206,144164117,0
1789649590.038126,62.903,2435062,117642,0,224,52,44,24189,187108,6805005,17770788,4028,61575472,44225924,64771540,0,4431264,0,1,1,0,4138578,745191438,746253838,4,4,1007,1536194,3076145,1107816,19212774,19156,115466206,144164117,0
1789649590.2884264,63.154,2435437,117667,0,224,52,44,24189,187108,6805071,17770788,4028,61575472,44225924,64771540,0,4414768,0,1,1,0,4138610,745438697,746501139,4,4,1007,1536194,3076145,1103692,19212774,19156,115466206,144164117,0
1789649590.5386975,63.404,2435812,117692,0,224,52,44,24189,187108,6805132,17770808,4096,61575452,44225904,64771540,0,4394168,0,1,1,0,4138657,745688745,746751391,4,4,1024,1536194,3076144,1098542,19212775,19156,115466206,144164117,0
1789649590.7889774,63.654,2436187,117717,0,224,52,44,24189,187108,6805215,17770808,4096,61575452,44225904,64771540,0,4361400,0,1,1,0,4138707,745935812,746998696,4,4,1024,1536194,3076144,1090350,19212775,19156,115466206,144164117,0
1789649591.0392642,63.905,2436562,117743,0,224,52,44,24189,187108,6805304,17770808,4096,61575452,44225904,64771540,0,4340936,0,1,1,0,4138752,746182987,747246022,4,4,1024,1536194,3076144,1085234,19212779,19156,115466206,144164117,0
1789649591.2895417,64.155,2436937,117768,0,224,52,44,24189,187108,6805382,17770808,4096,61575452,44225904,64771540,0,4316612,0,1,1,0,4138790,746432127,747495287,4,4,1024,1536194,3076144,1079153,19212779,19156,115466206,144164117,0
1789649591.5398269,64.405,2437313,117793,0,224,52,44,24189,187108,6805438,17770808,4096,61577176,44227628,64771540,0,4296032,0,1,1,0,4138822,746680364,747743565,4,4,1024,1536237,3076230,1074008,19212781,19156,115466206,144164117,0
1789649591.790104,64.655,2437688,117818,0,224,52,44,24189,187108,6805514,17770808,4096,61577176,44227628,64771540,0,4271500,0,1,1,0,4138879,746928434,747991854,4,4,1024,1536237,3076230,1067875,19212781,19156,115466206,144164117,0
1789649592.0403905,64.906,2438063,117843,0,224,52,44,24190,187108,6805582,17770808,4096,61577176,44227628,64771540,0,4246780,0,1,1,0,4138919,747177580,748241127,4,4,1024,1536237,3076230,1061695,19212782,19156,115466206,144164117,0
1789649592.2906654,65.156,2438438,117869,0,224,52,44,24190,187108,6805664,17770808,4096,61577440,44227892,64771540,0,4218016,0,1,1,0,4138954,747423810,748487480,4,4,1024,1536243,3076243,1054504,19212783,19156,115466206,144164117,0
1789649592.5409548,65.406,2438813,117894,0,224,52,44,24190,187108,6805769,17770808,4096,61578796,44229248,64771540,0,4201632,0,1,1,0,4138995,747672939,748736748,4,4,1024,1536277,3076311,1050408,19212784,19156,115466206,144164117,0
1789649592.7912307,65.657,2439188,117919,0,224,52,44,24190,187108,6805846,17770808,4096,61578796,44229248,64771540,0,4172952,0,1,1,0,4139029,747919238,748983094,4,4,1024,1536277,3076311,1043238,19212785,19156,115466206,144164117,0
1789649593.0415137,65.907,2439563,117944,0,224,52,44,24190,187108,6805920,17770808,4096,61578796,44229248,64771540,0,4148672,0,1,1,0,4139087,748169224,749233346,4,4,1024,1536277,3076311,1037168,19212785,19156,115466206,144164117,0
1789649593.2917912,66.157,2439938,117970,0,224,52,44,24190,187108,6806014,17770808,4096,61578796,44229248,64771540,0,4119984,0,1,1,0,4139147,748416383,749480649,4,4,1024,1536277,3076311,1029996,19212786,19156,115466206,144164117,0
1789649593.542067,66.407,2440313,117995,0,224,52,44,24190,187108,6806081,17770808,4096,61580560,44231012,64771540,0,4103312,0,1,1,0,4139187,748664536,749728928,4,4,1024,1536321,3076399,1025828,19212786,19156,115466206,144164117,0
1789649593.7923703,66.658,2440688,118020,0,224,52,44,24190,187108,6806153,17770808,4096,61580560,44231012,64771540,0,4074640,0,1,1,0,4139237,748912663,749977241,4,4,1024,1536321,3076399,1018660,19212789,19156,115466206,144164117,0
1789649594.0426385,66.908,2441063,118045,0,224,52,44,24190,187108,6806230,17770808,4080,61580560,44231012,64771540,0,4050064,0,1,1,0,4139290,749161742,750226498,4,4,1020,1536321,3076399,1012516,19212790,19156,115466206,144164133,0
1789649594.2929163,67.158,2441438,118070,0,224,52,44,24190,187108,6806314,17770796,4080,61580560,44231012,64771540,0,4021376,0,1,1,0,4139347,749409770,750474777,4,4,1020,1536321,3076399,1005344,19212791,19156,115466206,144164205,0
1789649594.5431876,67.409,2441813,118096,0,224,52,44,24190,187108,6806377,17770796,4080,61580560,44231012,64771540,0,4004992,0,1,1,0,4139377,749658021,750723068,4,4,1020,1536321,3076399,1001248,19212792,19156,115466206,144164205,0
1789649594.7934828,67.659,2442188,118121,0,224,52,44,24191,187108,6806443,17770796,4080,61580560,44231012,64771540,0,3976312,0,1,1,0,4139417,749906130,750971344,4,4,1020,1536321,3076399,994078,19212793,19156,115466206,144164205,0
1789649595.043752,67.909,2442563,118146,0,224,52,44,24191,187108,6806526,17770796,4080,61581880,44232332,64771540,0,3951736,0,1,1,0,4139457,750152411,751217681,4,4,1020,1536354,3076465,987934,19212794,19156,115466206,144164205,0
1789649595.2940228,68.159,2442938,118171,0,224,52,44,24191,187108,6806612,17770796,4080,61584296,44234748,64771540,0,3923056,0,1,1,0,4139504,750398606,751464013,4,4,1020,1536414,3076586,980764,19212795,19156,115466206,144164205,0
1789649595.5442948,68.41,2443313,118197,0,224,52,44,24191,187108,6806688,17770808,4092,61584284,44234736,64771540,0,3898480,0,1,1,0,4139554,750644805,751710348,4,4,1023,1536414,3076585,974620,19212795,19156,115466206,144164205,0
1789649595.7945654,68.66,2443688,118222,0,224,52,44,24191,187108,6806747,17770808,4092,61584284,44234736,64771540,0,3873904,0,1,1,0,4139596,750893933,751959604,4,4,1023,1536414,3076585,968476,19212796,19156,115466206,144164205,0
1789649596.0448513,68.91,2444063,118247,0,224,52,44,24191,187108,6806823,17770808,4092,61586468,44236920,64771540,0,3853424,0,1,1,0,4139663,751143973,752209857,4,4,1023,1536469,3076694,963356,19212797,19156,115466206,144164205,0
1789649596.295124,69.16,2444438,118272,0,224,52,44,24191,187108,6806895,17770808,4092,61586724,44237176,64771540,0,3829232,0,1,1,0,4139701,751392138,752458132,4,4,1023,1536475,3076707,957308,19212798,19156,115466206,144164205,0
1789649596.5454206,69.411,2444813,118297,0,224,52,44,24191,187108,6806996,17770808,4092,61588120,44238572,64771540,0,3808468,0,1,1,0,4139764,751642182,752708380,4,4,1023,1536510,3076777,952117,19212800,19156,115466206,144164205,0
1789649596.7956932,69.661,2445189,118322,0,224,52,44,24191,187108,6807073,17770808,4092,61588120,44238572,64771540,0,3775600,0,1,1,0,4139815,751891124,752957636,4,4,1023,1536510,3076777,943900,19212800,19156,115466206,144164205,0
1789649597.0459697,69.911,2445564,118347,0,224,52,44,24191,187108,6807154,17770808,4092,61588384,44238828,64771540,0,3747192,0,1,1,0,4139869,752139174,753205900,4,4,1023,1536516,3076790,936798,19212801,19156,115466206,144164205,0
1789649597.2962425,70.162,2445939,118373,0,224,52,44,24191,187108,6807238,17770808,4096,61590472,44240916,64771540,0,3730520,0,1,1,0,4139903,752386461,753453236,4,4,1024,1536569,3076895,932630,19212802,19156,115466206,144164205,0
1789649597.5465305,70.412,2446314,118398,0,224,52,44,24191,187108,6807293,17770808,4096,61590472,44240916,64771540,0,3710032,0,1,1,0,4139937,752635672,753702490,4,4,1024,1536569,3076895,927508,19212803,19156,115466206,144164205,0
1789649597.7968163,70.662,2446689,118423,0,224,52,44,24191,187108,6807379,17770808,4096,61590472,44240916,64771540,0,3685456,0,1,1,0,4139997,752883798,753950796,4,4,1024,1536569,3076895,921364,19212804,19156,115466206,144164205,0
1789649598.0471182,70.912,2447063,118448,0,224,52,44,24191,187108,6807484,17770808,4096,61592020,44242464,64771540,0,3656892,0,2,1,0,4140043,753130015,754197149,4,4,1024,1536607,3076972,914223,19212805,19156,115466206,144164205,0
1789649598.2974303,71.163,2447439,118473,0,224,52,44,24191,187108,6807603,17770808,4100,61592516,44242960,64771540,0,3632452,0,1,1,0,4140094,753379046,754446458,4,4,1025,1536620,3076997,908113,19212812,19156,115466206,144164205,0
1789649598.5477815,71.413,2447814,118499,0,224,52,44,24191,187108,6807671,17770808,4100,61592372,44242816,64771540,0,3615824,0,1,1,0,4140141,753627235,754694788,4,4,1025,1536616,3076989,903956,19212813,19156,115466206,144164205,0
1789649598.7981155,71.663,2448189,118524,0,224,52,44,24191,187108,6807745,17770808,4100,61592372,44242816,64771540,0,3587148,0,1,1,0,4140182,753873498,754941182,4,4,1025,1536616,3076989,896787,19212814,19156,115466206,144164205,0
1789649599.0484447,71.914,2448564,118549,0,224,52,44,24191,187108,6807828,17770808,3716,61593948,44244392,64771540,0,3562572,0,1,1,0,4140232,754121652,755189478,4,4,929,1536655,3077068,890643,19212815,19156,115466206,144164545,0
1789649599.2987447,72.164,2448939,118574,0,224,52,44,24192,187108,6807914,17770808,3716,61593948,44244392,64771540,0,3533892,0,1,1,0,4140289,754369675,755437756,4,4,929,1536655,3077068,883473,19212816,19156,115466206,144164545,0
1789649599.5490298,72.414,2449314,118599,0,224,52,44,24192,187109,6807997,17770808,3768,61594260,44244656,64771540,0,3517508,0,1,1,0,4140336,754618712,755687024,4,4,942,1536663,3077084,879377,19212817,19156,115466206,144164609,0
1789649599.7993119,72.665,2449689,118625,0,224,52,44,24192,187109,6808082,17770808,3768,61594260,44244656,64771540,0,3488828,0,1,1,0,4140374,754865989,755934350,4,4,942,1536663,3077084,872207,19212817,19156,115466206,144164609,0
1789649600.0495968,72.915,2450064,118650,0,224,52,44,24192,187109,6808148,17770808,3768,61594260,44244656,64771540,0,3464252,0,1,1,0,4140416,755115137,756183620,4,4,942,1536663,3077084,866063,19212819,19156,115466206,144164609,0
1789649600.2998722,73.165,2450439,118675,0,224,52,44,24192,187109,6808234,17770808,3768,61596844,44247240,64771540,0,3435684,0,1,1,0,4140478,755363162,756431887,4,4,942,1536728,3077213,858921,19212819,19156,115466206,144164609,0
1789649600.5501497,73.416,2450814,118700,0,224,52,44,24192,187109,6808332,17770808,3768,61596844,44247240,64771540,0,3419280,0,1,1,0,4140515,755610441,756679215,4,4,942,1536728,3077213,854820,19212821,19156,115466206,144164609,0
1789649600.8004515,73.666,2451189,118725,0,224,52,44,24192,187109,6808393,17770808,3768,61596844,44247240,64771540,0,3390568,0,1,1,0,4140565,755859518,756928465,4,4,942,1536728,3077213,847642,19212821,19156,115466206,144164609,0
1789649601.050723,73.916,2451564,118751,0,224,52,44,24192,187109,6808472,17770808,3768,61597692,44248088,64771540,0,3366040,0,1,1,0,4140602,756105846,757174843,4,4,942,1536749,3077255,841510,19212821,19156,115466206,144164609,0
1789649601.3010087,74.166,2451939,118776,0,224,52,44,24192,187109,6808566,17770808,3768,61597692,44248088,64771540,0,3337248,0,1,1,0,4140641,756353107,757422156,4,4,942,1536749,3077255,834312,19212823,19156,115466206,144164609,0
1789649601.5512822,74.417,2452314,118801,0,224,52,44,24192,187109,6808628,17770808,3768,61597692,44248088,64771540,0,3320864,0,1,1,0,4140674,756601336,757670428,4,4,942,1536749,3077255,830216,19212823,19156,115466206,144164609,0
1789649601.8015568,74.667,2452689,118827,0,224,52,44,24192,187109,6808712,17770808,3768,61597692,44248088,64771540,0,3288096,0,1,1,0,4140710,756846680,757915817,4,4,942,1536749,3077255,822024,19212824,19156,115466206,144164609,0
1789649602.0518327,74.917,2453064,118852,0,224,52,44,24192,187109,6808790,17770808,3768,61597692,44248088,64771540,0,3267600,0,1,1,0,4140769,757096714,758166069,4,4,942,1536749,3077255,816900,19212825,19156,115466206,144164609,0
1789649602.3021202,75.167,2453439,118877,0,224,52,44,24192,187109,6808870,17770808,3768,61597692,44248088,64771540,0,3243396,0,1,1,0,4140841,757345767,758415333,4,4,942,1536749,3077255,810849,19212826,19156,115466206,144164609,0
1789649602.5524287,75.418,2453814,118902,0,224,52,44,24192,187109,6808940,17770808,3768,61597692,44248088,64771540,0,3222876,0,1,1,0,4140873,757593041,758662650,4,4,942,1536749,3077255,805719,19212827,19156,115466206,144164609,0
1789649602.80271,75.668,2454189,118928,0,224,52,44,24193,187109,6809016,17770808,3768,61597692,44248088,64771540,0,3189896,0,1,1,0,4140934,757839216,758909007,4,4,942,1536749,3077255,797474,19212828,19156,115466206,144164609,0
1789649603.0529938,75.918,2454564,118953,0,224,52,44,24193,187109,6809092,17770808,3768,61597692,44248088,64771540,0,3161128,0,1,1,0,4140985,758088289,759158258,4,4,942,1536749,3077255,790282,19212828,19156,115466206,144164609,0
1789649603.3032646,76.169,2454939,118978,0,224,52,44,24193,187109,6809163,17770808,3768,61597692,44248088,64771540,0,3144704,0,1,1,0,4141027,758337432,759407512,4,4,942,1536749,3077255,786176,19212830,19156,115466206,144164609,0
1789649603.5535414,76.419,2455314,119003,0,224,52,44,24193,187109,6809225,17770808,3768,61597692,44248088,64771540,0,3124224,0,1,1,0,4141077,758587500,759657763,4,4,942,1536749,3077255,781056,19212830,19156,115466206,144164609,0
1789649603.8038151,76.669,2455690,119028,0,224,52,44,24193,187109,6809292,17770808,3768,61597692,44248088,64771540,0,3099648,0,1,1,0,4141138,758836581,759907020,4,4,942,1536749,3077255,774912,19212831,19156,115466206,144164609,0
1789649604.0540996,76.919,2456064,119053,0,224,52,44,24193,187109,6809394,17717628,3768,61605428,44309408,64771540,0,3063140,0,1,2,0,4145301,759078585,760149261,4,4,942,1536952,3077662,765785,19212833,19156,115466206,144164609,0
1789649604.3043916,77.17,2456440,119078,0,224,52,44,24193,187109,6809473,17717564,3664,61605100,44309500,64771540,0,3046388,0,1,1,0,4145345,759327740,760398538,4,4,916,1536953,3077664,761597,19212834,19156,115466206,144164713,0
1789649604.5546672,77.42,2456814,119103,0,224,52,44,24193,187109,6809580,17717564,3664,61605100,44309500,64771540,0,3017776,0,1,1,0,4145380,759575031,760645875,4,4,916,1536953,3077664,754444,19212835,19156,115466206,144164713,0
1789649604.8049564,77.67,2457189,119128,0,224,52,44,24193,187109,6809644,17717564,3696,61604848,44309248,64771540,0,3001664,0,1,1,0,4145423,759823202,760894154,4,4,924,1536946,3077651,750416,19212837,19156,115466206,144164781,0
1789649605.0552375,77.921,2457565,119153,0,224,52,44,24193,187109,6809714,17717564,3696,61604848,44309248,64771540,0,2977088,0,1,1,0,4145476,760072290,761143422,4,4,924,1536946,3077651,744272,19212837,19156,115466206,144164781,0
1789649605.3055203,78.171,2457940,119178,0,224,52,44,24193,187109,6809812,17717564,3696,61604848,44309248,64771540,0,2948372,0,1,1,0,4145557,760322257,761393677,4,4,924,1536946,3077651,737093,19212837,19156,115466206,144164781,0
1789649605.5558016,78.421,2458315,119204,0,224,52,44,24193,187109,6809875,17717564,3696,61604848,44309248,64771540,0,2923608,0,1,1,0,4145599,760571353,761642928,4,4,924,1536946,3077651,730902,19212838,19156,115466206,144164781,0
1789649605.8060734,78.671,2458690,119229,0,224,52,44,24193,187109,6809936,17717564,3696,61604848,44309248,64771540,0,2903128,0,1,1,0,4145634,760818630,761890250,4,4,924,1536946,3077651,725782,19212838,19156,115466206,144164781,0
1789649606.056378,78.922,2459065,119254,0,224,52,44,24194,187109,6810011,17717564,3696,61604848,44309248,64771540,0,2878552,0,1,1,0,4145672,761064972,762136642,4,4,924,1536946,3077651,719638,19212839,19156,115466206,144164781,0
1789649606.3066554,79.172,2459440,119279,0,224,52,44,24194,187109,6810083,17717564,3696,61604848,44309248,64771540,0,2858016,0,1,1,0,4145717,761314099,762385901,4,4,924,1536946,3077651,714504,19212841,19156,115466206,144164781,0
1789649606.5569313,79.422,2459815,119304,0,224,52,44,24194,187109,6810150,17717564,3696,61604848,44309248,64771540,0,2833360,0,1,1,0,4145764,761563200,762635152,4,4,924,1536946,3077651,708340,19212842,19156,115466206,144164781,0
1789649606.8072007,79.673,2460190,119330,0,224,52,44,24194,187109,6810226,17717564,3696,61604848,44309248,64771540,0,2804688,0,1,1,0,4145807,761810429,762882484,4,4,924,1536946,3077651,701172,19212842,19156,115466206,144164781,0
1789649607.0574958,79.923,2460565,119355,0,224,52,44,24194,187109,6810310,17717564,3696,61604444,44308844,64771540,0,2780112,0,1,1,0,4145873,762060458,763132736,4,4,924,1536936,3077631,695028,19212845,19156,115466206,144164781,0
1789649607.3077717,80.173,2460940,119380,0,224,52,44,24194,187109,6810395,17717564,3696,61604444,44308844,64771540,0,2751424,0,1,1,0,4145912,762306750,763379082,4,4,924,1536936,3077631,687856,19212845,19156,115466206,144164781,0
1789649607.5580502,80.423,2461315,119405,0,224,52,44,24194,187109,6810448,17717564,3696,61604444,44308844,64771540,0,2735040,0,1,1,0,4145944,762554987,763627360,4,4,924,1536936,3077631,683760,19212847,19156,115466206,144164781,0
1789649607.8083436,80.674,2461690,119430,0,224,52,44,24194,187109,6810570,17717564,3696,61604444,44308844,64771540,0,2702272,0,1,1,0,4146012,762804062,763876663,4,4,924,1536936,3077631,675568,19212851,19156,115466206,144164781,0
1789649608.0586205,80.924,2462065,119456,0,224,52,44,24194,187109,6810636,17717564,3696,61604444,44308844,64771540,0,2681792,0,1,1,0,4146046,763051342,764123989,4,4,924,1536936,3077631,670448,19212852,19156,115466206,144164781,0
1789649608.3088994,81.174,2462441,119481,0,224,52,44,24194,187109,6810717,17717564,3696,61604968,44309368,64771540,0,2657456,0,1,1,0,4146102,763300431,764373241,4,4,924,1536949,3077657,664364,19212852,19156,115466206,144164781,0
1789649608.559174,81.425,2462815,119506,0,224,52,44,24194,187109,6810820,17717564,3696,61604968,44309368,64771540,0,2636960,0,1,1,0,4146141,763547705,764620565,4,4,924,1536949,3077657,659240,19212853,19156,115466206,144164781,0
1789649608.8094666,81.675,2463190,119532,0,224,52,44,24194,187109,6810914,17717564,3696,61604968,44309368,64771540,0,2604192,0,1,1,0,4146174,763792102,764865008,4,4,924,1536949,3077657,651048,19212853,19156,115466206,144164781,0
1789649609.0597517,81.925,2463565,119557,0,224,52,44,24195,187109,6810992,17717564,3696,61604968,44309368,64771540,0,2575520,0,1,1,0,4146210,764038389,765111368,4,4,924,1536949,3077657,643880,19212856,19156,115466206,144164781,0
1789649609.310029,82.175,2463940,119582,0,224,52,44,24195,187109,6811077,17717564,3696,61604968,44309368,64771540,0,2558896,0,1,1,0,4146259,764287534,765360621,4,4,924,1536949,3077657,639724,19212856,19156,115466206,144164781,0
1789649609.5603004,82.426,2464315,119607,0,224,52,44,24195,187109,6811142,17717564,3696,61604968,44309368,64771540,0,2538400,0,1,1,0,4146293,764534792,765607923,4,4,924,1536949,3077657,634600,19212856,19156,115466206,144164781,0
1789649609.8105724,82.676,2464690,119633,0,224,52,44,24195,187109,6811224,17717552,3696,61605624,44310024,64771540,0,2513824,0,1,1,0,4146332,764782021,765855229,4,4,924,1536966,3077690,628456,19212857,19156,115466206,144164821,0
1789649610.0608559,82.926,2465065,119658,0,224,52,44,24195,187109,6811316,17717564,3700,61605384,44309784,64771540,0,2476960,0,1,1,0,4146464,765029972,766103499,4,4,925,1536960,3077678,619240,19212857,19156,115466206,144164821,0
1789649610.3111365,83.176,2465440,119683,0,224,52,44,24195,187109,6811371,17717564,3700,61605384,44309784,64771540,0,2460696,0,1,1,0,4146501,765279138,766352772,4,4,925,1536960,3077678,615174,19212860,19156,115466206,144164821,0
1789649610.5614238,83.427,2465815,119708,0,224,52,44,24195,187109,6811443,17717564,3700,61605384,44309784,64771540,0,2431968,0,1,1,0,4146544,765526353,766600087,4,4,925,1536960,3077678,607992,19212860,19156,115466206,144164821,0
1789649610.8116953,83.677,2466191,119733,0,224,52,44,24195,187109,6811498,17717564,3700,61605384,44309784,64771540,0,2415624,0,1,1,0,4146602,765776431,766850329,4,4,925,1536960,3077678,603906,19212861,19156,115466206,144164821,0
1789649611.061961,83.927,2466565,119759,0,224,52,44,24195,187109,6811571,17717564,3700,61605384,44309784,64771540,0,2391048,0,1,1,0,4146641,766022714,767096672,4,4,925,1536960,3077678,597762,19212861,19156,115466206,144164821,0
1789649611.3122303,84.178,2466940,119784,0,224,52,44,24195,187109,6811654,17717564,3700,61605384,44309784,64771540,0,2362256,0,1,1,0,4146685,766269915,767343978,4,4,925,1536960,3077678,590564,19212862,19156,115466206,144164821,0
1789649611.5625238,84.428,2467315,119810,0,224,52,44,24195,187109,6811795,17717564,160,61605384,44309784,64771540,0,2337680,0,1,1,0,4146754,766511549,767585793,4,4,40,1536960,3077678,584420,19212863,19156,115466206,144168361,0
1789649611.8128517,84.678,2467685,119835,0,224,52,44,24197,187112,6812259,17717568,2472,61601900,44306300,64771540,0,2317184,0,1,2,0,4146874,766723320,767799434,4,4,618,1536873,3077504,579296,19216731,19156,115466206,144168361,0
1789649612.0632172,84.929,2468057,119860,0,224,52,44,24198,187113,6812815,17717568,4168,61602132,44306484,64771540,0,2292608,0,1,1,0,4146978,766947873,768026355,4,4,1042,1536878,3077514,573152,19219861,19156,115466206,144168361,0
1789649612.3135977,85.179,2468432,119885,0,224,52,44,24198,187113,6812893,17717568,4168,61602132,44306484,64771540,0,2264056,0,1,1,0,4147028,767195999,768274677,4,4,1042,1536878,3077514,566014,19219862,19156,115466206,144168361,0
1789649612.5639224,85.429,2468807,119910,0,224,52,44,24198,187113,6812990,17717568,4168,61602132,44306484,64771540,0,2239480,0,1,1,0,4147068,767442305,768521035,4,4,1042,1536878,3077514,559870,19219862,19156,115466206,144168361,0
1789649612.814237,85.68,2469183,119935,0,224,52,44,24199,187114,6813062,17717568,4168,61602132,44306484,64771540,0,2218944,0,1,1,0,4147118,767692433,768771337,4,4,1042,1536878,3077514,554736,19219864,19156,115466206,144168361,0
1789649613.064558,85.93,2469557,119961,0,224,52,44,24199,187114,6813161,17717568,4168,61602388,44306740,64771540,0,2194288,0,1,1,0,4147154,767937799,769016751,4,4,1042,1536884,3077527,548572,19219865,19156,115466206,144168361,0
1789649613.3148708,86.18,2469932,119986,0,224,52,44,24199,187114,6813243,17717568,4168,61602388,44306740,64771540,0,2165608,0,1,1,0,4147191,768184062,769263121,4,4,1042,1536884,3077527,541402,19219867,19156,115466206,144168361,0
1789649613.565174,86.431,2470307,120011,0,224,52,44,24199,187114,6813317,17717568,4168,61602388,44306740,64771540,0,2145128,0,1,1,0,4147225,768430419,769509523,4,4,1042,1536884,3077527,536282,19219867,19156,115466206,144168361,0
1789649613.815519,86.681,2470682,120037,0,224,52,44,24199,187114,6813405,17717568,4168,61602388,44306740,64771540,0,2117120,0,1,1,0,4147282,768678632,769757868,4,4,1042,1536884,3077527,529280,19219867,19156,115466206,144168361,0
1789649614.065839,86.931,2471057,120062,0,224,52,44,24199,187114,6813486,17717568,4168,61602388,44306740,64771540,0,2092544,0,1,1,0,4147327,768924917,770004219,4,4,1042,1536884,3077527,523136,19219868,19156,115466206,144168361,0
1789649614.3161561,87.182,2471433,120087,0,224,52,44,24199,187114,6813556,17717568,4168,61602740,44307092,64771540,0,2073048,0,1,1,0,4147380,769174042,770253528,4,4,1042,1536893,3077545,518262,19219869,19156,115466206,144168361,0
1789649614.566477,87.432,2471807,120112,0,224,52,44,24199,187114,6813635,17717568,4168,61602740,44307092,64771540,0,2048392,0,1,1,0,4147414,769420367,770499897,4,4,1042,1536893,3077545,512098,19219871,19156,115466206,144168361,0
1789649614.8167777,87.682,2472182,120138,0,224,52,44,24199,187114,6813708,17717568,4168,61602740,44307092,64771540,0,2020384,0,1,1,0,4147447,769667638,770747211,4,4,1042,1536893,3077545,505096,19219871,19156,115466206,144168361,0
1789649615.0670612,87.932,2472557,120163,0,224,52,44,24199,187114,6813789,17717568,4172,61602740,44307092,64771540,0,1995568,0,1,1,0,4147494,769914856,770994526,4,4,1043,1536893,3077545,498892,19219872,19156,115466206,144168377,0
1789649615.3173697,88.183,2472932,120188,0,224,52,44,24199,187114,6813856,17717568,4172,61602740,44307092,64771540,0,1975752,0,1,1,0,4147535,770164015,771243816,4,4,1043,1536893,3077545,493938,19219872,19156,115466206,144168377,0
1789649615.5676768,88.433,2473308,120213,0,224,52,44,24199,187114,6813928,17717568,4172,61602740,44307092,64771540,0,1951176,0,1,1,0,4147595,770413128,771493098,4,4,1043,1536893,3077545,487794,19219874,19156,115466206,144168377,0
1789649615.8179686,88.683,2473683,120238,0,224,52,44,24199,187114,6814008,17717568,4172,61602740,44307092,64771540,0,1923168,0,1,1,0,4147654,770661263,771741429,4,4,1043,1536893,3077545,480792,19219875,19156,115466206,144168377,0
1789649616.068272,88.934,2474058,120264,0,224,52,44,24199,187114,6814085,17717568,4172,61602740,44307092,64771540,0,1895160,0,1,1,0,4147696,770907557,771987778,4,4,1043,1536893,3077545,473790,19219876,19156,115466206,144168377,0
1789649616.318566,89.184,2474433,120289,0,224,52,44,24200,187114,6814162,17717568,4172,61602500,44306852,64771540,0,1872468,0,1,1,0,4147736,771154771,772235112,4,4,1043,1536887,3077533,468117,19219876,19156,115466206,144168377,0
1789649616.56888,89.434,2474807,120314,0,224,52,44,24200,187114,6814267,17717568,4172,61602500,44306852,64771540,0,1848016,0,1,1,0,4147773,771401091,772481480,4,4,1043,1536887,3077533,462004,19219879,19156,115466206,144168377,0
1789649616.8191724,89.685,2475182,120340,0,224,52,44,24200,187114,6814336,17717568,4172,61602500,44306852,64771540,0,1822508,0,1,1,0,4147805,771647421,772727851,4,4,1043,1536887,3077533,455627,19219879,19156,115466206,144168377,0
1789649617.0694826,89.935,2475558,120365,0,224,52,44,24200,187114,6814422,17717568,4172,61602500,44306852,64771540,0,1798108,0,1,1,0,4147853,771896459,772977125,4,4,1043,1536887,3077533,449527,19219880,19156,115466206,144168377,0
1789649617.3197768,90.185,2475933,120390,0,224,52,44,24200,187114,6814486,17717568,4172,61602500,44306852,64771540,0,1776420,0,1,1,0,4147897,772145567,773226385,4,4,1043,1536887,3077533,444105,19219881,19156,115466206,144168377,0
1789649617.5700493,90.435,2476308,120415,0,224,52,44,24200,187114,6814559,17717568,4172,61602500,44306852,64771540,0,1747748,0,1,2,0,4147946,772393683,773474654,4,4,1043,1536887,3077533,436937,19219882,19156,115466206,144168377,0
1789649617.8203492,90.686,2476683,120440,0,224,52,44,24200,187114,6814627,17717568,4172,61602500,44306852,64771540,0,1726348,0,1,1,0,4147995,772642799,773723935,4,4,1043,1536887,3077533,431587,19219883,19156,115466206,144168377,0
1789649618.0706208,90.936,2477058,120465,0,224,52,44,24201,187114,6814701,17717568,4172,61602500,44306852,64771540,0,1697692,0,1,1,0,4148051,772890874,773972219,4,4,1043,1536887,3077533,424423,19219883,19156,115466206,144168377,0
1789649618.3209035,91.186,2477433,120490,0,224,52,44,24201,187114,6814771,17717568,4172,61602500,44306852,64771540,0,1676324,0,1,1,0,4148093,773139973,774221474,4,4,1043,1536887,3077533,419081,19219884,19156,115466206,144168377,0
1789649618.5711706,91.437,2477808,120516,0,224,52,44,24201,187114,6814858,17717568,4172,61602500,44306852,64771540,0,1647980,0,1,1,0,4148144,773389047,774470753,4,4,1043,1536887,3077533,411995,19219884,19156,115466206,144168377,0
1789649618.821469,91.687,2478183,120541,0,224,52,44,24201,187114,6814915,17717568,4172,61602500,44306852,64771540,0,1631856,0,1,1,0,4148193,773638173,774720007,4,4,1043,1536887,3077533,407964,19219886,19156,115466206,144168377,0
1789649619.0717435,91.937,2478559,120566,0,224,52,44,24201,187114,6815018,17717568,4172,61602500,44306852,64771540,0,1606088,0,1,1,0,4148277,773888040,774970256,4,4,1043,1536887,3077533,401522,19219886,19156,115466206,144168377,0
1789649619.322019,92.187,2478934,120591,0,224,52,44,24201,187114,6815083,17717568,4172,61602500,44306852,64771540,0,1581148,0,1,1,0,4148312,774136266,775218530,4,4,1043,1536887,3077533,395287,19219888,19156,115466206,144168377,0
1789649619.5722873,92.438,2479309,120616,0,224,52,44,24201,187114,6815166,17717568,4172,61602500,44306852,64771540,0,1555652,0,1,1,0,4148359,774385347,775467785,4,4,1043,1536887,3077533,388913,19219888,19156,115466206,144168377,0
1789649619.8225596,92.688,2479684,120641,0,224,52,44,24201,187114,6815232,17717568,4172,61602500,44306852,64771540,0,1531076,0,1,1,0,4148395,774633554,775716112,4,4,1043,1536887,3077533,382769,19219889,19156,115466206,144168377,0
1789649620.0728366,92.938,2480059,120666,0,224,52,44,24201,187114,6815328,17717568,4132,61602260,44306612,64771540,0,1505580,0,1,1,0,4148450,774881635,775964393,4,4,1033,1536881,3077521,376395,19219890,19156,115466206,144168437,0
1789649620.3231256,93.188,2480434,120692,0,224,52,44,24201,187114,6815391,17717568,4132,61602260,44306612,64771540,0,1481004,0,1,1,0,4148481,775128892,776211692,4,4,1033,1536881,3077521,370251,19219891,19156,115466206,144168437,0
1789649620.5734258,93.439,2480809,120717,0,224,52,44,24202,187114,6815505,17717568,4132,61602260,44306612,64771540,0,1455508,0,1,1,0,4148537,775377907,776460966,4,4,1033,1536881,3077521,363877,19219892,19156,115466206,144168437,0
1789649620.8237138,93.689,2481184,120742,0,224,52,44,24202,187114,6815566,17717568,4132,61602844,44307196,64771540,0,1439124,0,1,1,0,4148598,775627957,776711224,4,4,1033,1536896,3077550,359781,19219893,19156,115466206,144168437,0
1789649621.0739894,93.939,2481559,120767,0,224,52,44,24202,187114,6815645,17717568,4132,61602844,44307196,64771540,0,1413628,0,1,1,0,4148649,775877080,776960480,4,4,1033,1536896,3077550,353407,19219893,19156,115466206,144168437,0
1789649621.324262,94.19,2481934,120792,0,224,52,44,24202,187114,6815713,17717568,4132,61602844,44307196,64771540,0,1389256,0,1,1,0,4148683,776123371,777206821,4,4,1033,1536896,3077550,347314,19219894,19156,115466206,144168437,0
1789649621.5745392,94.44,2482309,120818,0,224,52,44,24202,187114,6815798,17717568,4132,61602844,44307196,64771540,0,1363864,0,1,1,0,4148718,776368739,777452233,4,4,1033,1536896,3077550,340966,19219895,19156,115466206,144168437,0
1789649621.8248215,94.69,2482684,120843,0,224,52,44,24202,187114,6815856,17717568,4132,61602844,44307196,64771540,0,1339196,0,1,1,0,4148751,776616986,777700523,4,4,1033,1536896,3077550,334799,19219897,19156,115466206,144168437,0
1789649622.0750961,94.94,2483059,120869,0,224,52,44,24202,187114,6815944,17717568,4132,61602844,44307196,64771540,0,1305400,0,1,1,0,4148785,776863257,777946842,4,4,1033,1536896,3077550,326350,19219897,19156,115466206,144168437,0
1789649622.3253877,95.191,2483433,120894,0,224,52,44,24202,187114,6816142,17717568,4132,61603352,44307704,64771540,0,1289164,0,1,1,0,4148862,777108884,778193224,4,4,1033,1536908,3077575,322291,19219924,19156,115466210,144168437,0
1789649622.575733,95.441,2483808,120919,0,224,52,44,24202,187115,6816327,17717568,4132,61603352,44307704,64771540,0,1263548,0,1,1,0,4148917,777354315,778439619,4,4,1033,1536908,3077575,315887,19219953,19156,115466214,144168437,0
1789649622.8260555,95.691,2484183,120944,0,224,52,44,24203,187115,6816445,17717568,4132,61603352,44307704,64771540,0,1239068,0,1,1,0,4148966,777600805,778686955,4,4,1033,1536908,3077575,309767,19219955,19156,115466214,144168437,0
1789649623.0763824,95.942,2484558,120969,0,224,52,44,24203,187115,6816523,17717568,4132,61603352,44307704,64771540,0,1213548,0,1,1,0,4149084,777848071,778935263,4,4,1033,1536908,3077575,303387,19219957,19156,115466214,144168437,0
1789649623.3266675,96.192,2484934,120994,0,224,52,44,24203,187115,6816603,17717580,4164,61603604,44307956,64771540,0,1188764,0,1,1,0,4149191,778096387,779184536,4,4,1041,1536915,3077588,297191,19219957,19156,115466214,144168437,0
1789649623.5769618,96.442,2485309,121019,0,224,52,44,24203,187115,6816673,17717580,4164,61603604,44307956,64771540,0,1163268,0,1,1,0,4149264,778344496,779433797,4,4,1041,1536915,3077588,290817,19219958,19156,115466214,144168437,0
1789649623.8272367,96.693,2485684,121045,0,224,52,44,24203,187115,6816752,17717580,4164,61603604,44307956,64771540,0,1138864,0,1,1,0,4149301,778590814,779680170,4,4,1041,1536915,3077588,284716,19219958,19156,115466214,144168437,0
1789649624.077526,96.943,2486059,121070,0,224,52,44,24203,187115,6816825,17717580,4164,61603604,44307956,64771540,0,1113436,0,1,1,0,4149344,778838968,779928444,4,4,1041,1536915,3077588,278359,19219959,19156,115466214,144168437,0
1789649624.3278112,97.193,2486434,121095,0,224,52,44,24203,187115,6816914,17717580,4208,61604560,44308912,64771540,0,1096812,0,1,1,0,4149403,779087008,780176739,4,4,1052,1536939,3077636,274203,19219961,19156,115466214,144168489,0
1789649624.578098,97.443,2486809,121120,0,224,52,45,24203,187115,6817028,17717580,4208,61605060,44309412,64771540,0,1063124,0,1,1,0,4149449,779334155,780424029,4,4,1052,1536951,3077661,265781,19219962,19156,115466214,144168489,0
1789649624.8283896,97.694,2487184,121146,0,224,52,45,24203,187115,6817105,17717580,4196,61605060,44309412,64771540,0,1046740,0,1,1,0,4149485,779582379,780672318,4,4,1049,1536951,3077661,261685,19219963,19156,115466214,144168501,0
1789649625.0786607,97.944,2487559,121171,0,224,52,45,24203,187115,6817194,17717580,4196,61605836,44310188,64771540,0,1013052,0,1,1,0,4149531,779829528,780919621,4,4,1049,1536970,3077699,253263,19219964,19156,115466214,144168501,0
1789649625.3289576,98.194,2487934,121196,0,224,52,45,24203,187115,6817271,17717580,4204,61605836,44310188,64771540,0,996812,0,1,1,0,4149590,780079535,781169891,4,4,1051,1536970,3077699,249203,19219964,19156,115466214,144168553,0
1789649625.5792673,98.445,2488309,121221,0,224,52,45,24204,187115,6817356,17717580,4204,61605836,44310188,64771540,0,963076,0,1,1,0,4149656,780326610,781417224,4,4,1051,1536970,3077699,240769,19219966,19156,115466214,144168553,0
1789649625.829566,98.695,2488684,121246,0,224,52,45,24204,187115,6817414,17717580,4204,61605836,44310188,64771540,0,946612,0,1,1,0,4149720,780576669,781667484,4,4,1051,1536970,3077699,236653,19219967,19156,115466214,144168553,0
1789649626.0798407,98.945,2489059,121271,0,224,52,45,24204,187115,6817503,17717580,4204,61606108,44310452,64771540,0,921100,0,1,1,0,4149763,780822955,781913827,4,4,1051,1536977,3077713,230275,19219968,19156,115466214,144168553,0
1789649626.3301299,99.195,2489434,121297,0,224,52,45,24204,187115,6817566,17717580,4204,61606108,44310452,64771540,0,896524,0,1,1,0,4149795,781071201,782162114,4,4,1051,1536977,3077713,224131,19219968,19156,115466214,144168553,0
1789649626.580423,99.446,2489809,121322,0,224,52,45,24204,187115,6817643,17717580,4204,61606108,44310452,64771540,0,871028,0,1,1,0,4149837,781319329,782410390,4,4,1051,1536977,3077713,217757,19219968,19156,115466214,144168553,0
1789649626.8307025,99.696,2490184,121347,0,224,52,45,24204,187115,6817707,17717580,4204,61606108,44310452,64771540,0,846452,0,1,1,0,4149871,781566624,782657729,4,4,1051,1536977,3077713,211613,19219969,19156,115466214,144168553,0
1789649627.081,99.946,2490559,121373,0,224,52,45,24204,187115,6817789,17717580,4204,61606108,44310452,64771540,0,820956,0,1,1,0,4149904,781812933,782904081,4,4,1051,1536977,3077713,205239,19219971,19156,115466214,144168553,0
1789649627.3312848,100.197,2490934,121398,0,224,52,45,24204,187115,6817851,17717580,4204,61606108,44310452,64771540,0,804608,0,1,1,0,4149948,782063041,783154340,4,4,1051,1536977,3077713,201152,19219972,19156,115466214,144168553,0
1789649627.58157,100.447,2491309,121423,0,224,52,45,24204,187115,6817948,17717580,4204,61606108,44310452,64771540,0,771140,0,1,1,0,4150017,782311063,783402622,4,4,1051,1536977,3077713,192785,19219973,19156,115466214,144168553,0
1789649627.83186,100.697,2491684,121448,0,224,52,45,24204,187115,6818014,17717580,4204,61606108,44310452,64771540,0,754636,0,1,1,0,4150052,782558379,783649984,4,4,1051,1536977,3077713,188659,19219974,19156,115466214,144168553,0
1789649628.0821335,100.947,2492059,121473,0,224,52,45,24205,187115,6818100,17717580,4204,61606108,44310452,64771540,0,720812,0,1,1,0,4150102,782806421,783898248,4,4,1051,1536977,3077713,180203,19219974,19156,115466214,144168553,0
1789649628.3324237,101.198,2492434,121498,0,224,52,45,24205,187115,6818156,17717580,4204,61606108,44310452,64771540,0,704428,0,1,1,0,4150130,783054656,784146521,4,4,1051,1536977,3077713,176107,19219976,19156,115466214,144168553,0
1789649628.582707,101.448,2492809,121524,0,224,52,45,24205,187115,6818268,17717580,4204,61605856,44310200,64771540,0,676420,0,1,1,0,4150167,783300985,784392898,4,4,1051,1536971,3077700,169105,19219976,19156,115466214,144168553,0
1789649628.8329866,101.698,2493184,121549,0,224,52,45,24205,187115,6818350,17717580,4204,61605856,44310200,64771540,0,651844,0,1,1,0,4150218,783549923,784642151,4,4,1051,1536971,3077700,162961,19219977,19156,115466214,144168553,0
1789649629.0832691,101.949,2493559,121574,0,224,52,45,24205,187115,6818440,17717580,4204,61605856,44310200,64771540,0,623172,0,1,1,0,4150259,783795214,784887563,4,4,1051,1536971,3077700,155793,19219977,19156,115466214,144168553,0
1789649629.333546,102.199,2493934,121599,0,224,52,45,24205,187115,6818500,17717580,4204,61606208,44310552,64771540,0,606788,0,1,1,0,4150306,784044366,785136829,4,4,1051,1536980,3077718,151697,19219979,19156,115466214,144168553,0
1789649629.5838382,102.449,2494309,121624,0,224,52,45,24205,187115,6818574,17717580,4204,61606208,44310552,64771540,0,578780,0,1,1,0,4150354,784290614,785383191,4,4,1051,1536980,3077718,144695,19219980,19156,115466214,144168553,0
1789649629.8341146,102.699,2494684,121650,0,224,52,45,24205,187115,6818650,17717580,4204,61606208,44310552,64771540,0,554596,0,1,1,0,4150386,784536939,785629557,4,4,1051,1536980,3077718,138649,19219982,19156,115466214,144168553,0
1789649630.0844104,102.95,2495059,121675,0,224,52,45,24205,187115,6818715,17717580,4204,61606208,44310552,64771540,0,534620,0,1,1,0,4150439,784786045,785878812,4,4,1051,1536980,3077718,133655,19219982,19156,115466214,144168553,0
1789649630.3346803,103.2,2495435,121700,0,224,52,45,24205,187115,6818792,17717568,4204,61606496,44310840,64771540,0,509932,0,1,1,0,4150494,785036045,786129063,4,4,1051,1536987,3077732,127483,19219983,19156,115466214,144168725,0
1789649630.5849566,103.45,2495810,121725,0,224,52,45,24206,187115,6818901,17705412,4204,61603488,44320000,64771540,0,481816,0,1,1,0,4150552,785281897,786375111,4,4,1051,1536912,3077582,120454,19219983,19156,115466214,144168725,0
1789649630.8352334,103.701,2496185,121750,0,224,52,45,24206,187115,6818977,17680836,4204,61603584,44344672,64771540,0,457440,0,1,1,0,4150596,785527179,786620445,4,4,1051,1536914,3077587,114360,19219984,19156,115466214,144168725,0
1789649631.0855265,103.951,2496560,121772,0,224,52,45,24209,187115,6819079,17206640,4088,61607356,44825716,64771540,0,437412,0,1,1,0,4154861,785741671,786834966,4,4,1022,1537086,3077931,109353,19219987,19156,115466214,144168725,0
1789649631.335832,104.201,2496935,121797,0,224,52,45,24209,187115,6819172,17206640,4088,61607620,44825980,64771540,0,412836,0,1,1,0,4154862,785989042,787082338,4,4,1022,1537093,3077944,103209,19219987,19156,115466214,144168725,0
1789649631.586198,104.452,2497309,121822,0,224,52,45,24210,187115,6819271,17186160,4088,61603540,44842656,64771540,0,384828,0,1,1,0,4154883,786232632,787325929,4,4,1022,1537000,3077759,96207,19219988,19156,115466214,144168725,0
1789649631.836525,104.702,2497684,121843,0,224,52,45,24214,187115,6819392,16519196,4088,61615520,45527220,64771540,0,356820,0,0,2,0,4158719,786421214,787515361,4,4,1022,1537431,3078622,89205,19219988,19156,115466214,144168725,0
1789649632.0868378,104.952,2498059,121859,0,224,52,45,24224,187115,6819545,15163252,4088,61641100,46921376,64771540,0,340556,0,1,1,0,4159386,786527597,787621819,4,4,1022,1538391,3080545,85139,19219990,19156,115466214,144168725,0
1789649632.337142,105.202,2498434,121884,0,224,52,45,24224,187115,6819628,15162860,4088,61640560,46922068,64771540,0,312428,0,1,1,0,4159391,786774939,787869168,4,4,1022,1538399,3080560,78107,19219990,19156,115466214,144168725,0
1789649632.5874538,105.453,2498809,121910,0,224,52,45,24224,187115,6819738,15162860,4088,61640560,46922068,64771540,0,279700,0,1,1,0,4159398,787021289,788115526,4,4,1022,1538399,3080560,69925,19219992,19156,115466214,144168725,0
1789649632.8377392,105.703,2499184,121935,0,224,52,45,24224,187115,6819808,15150572,4088,61636748,46930632,64771540,0,259884,0,1,1,0,4159403,787267373,788361610,4,4,1022,1538308,3080378,64971,19219992,19156,115466214,144168725,0
1789649633.0880218,105.953,2499559,121960,0,224,52,45,24225,187115,6819912,15126116,4088,61636908,46955604,64771540,0,235428,0,1,1,0,4159504,787511768,788606091,4,4,1022,1538319,3080399,58857,19219993,19156,115466214,144168725,0
1789649633.3383338,106.204,2499934,121984,0,224,52,45,24226,187115,6819994,14961948,4088,61641204,47125632,64771540,0,215612,0,1,1,0,4159819,787647910,788742233,4,4,1022,1538465,3080692,53903,19219994,19156,115466214,144168725,0
1789649633.5886083,106.454,2500308,122010,0,224,52,45,24226,187115,6820084,14961884,4088,61640976,47125844,64771540,0,183348,0,1,1,0,4159825,787892330,788986661,4,4,1022,1538469,3080700,45837,19219995,19156,115466214,144168725,0
1789649633.8388853,106.704,2500683,122035,0,224,52,45,24226,187115,6820154,14961884,4088,61640976,47125844,64771540,0,162868,0,1,1,0,4159826,788139677,789234008,4,4,1022,1538469,3080700,40717,19219995,19156,115466214,144168725,0
1789649634.0891662,106.955,2501058,122060,0,224,52,45,24226,187115,6820229,14961884,4088,61640976,47125844,64771540,0,134860,0,1,1,0,4159827,788387004,789481336,4,4,1022,1538469,3080700,33715,19219998,19156,115466214,144168725,0
1789649634.3394637,107.205,2501433,122086,0,224,52,45,24226,187115,6820296,14961884,4088,61640976,47125844,64771540,0,118476,0,1,1,0,4159828,788634320,789728652,4,4,1022,1538469,3080700,29619,19219998,19156,115466214,144168725,0
1789649634.5897322,107.455,2501808,122111,0,224,52,45,24226,187115,6820360,14961884,4088,61640976,47125844,64771540,0,90468,0,1,1,0,4159828,788881617,789975949,4,4,1022,1538469,3080700,22617,19219999,19156,115466214,144168725,0
1789649634.8400261,107.705,2502183,122136,0,224,52,45,24226,187115,6820438,14961884,4088,61640976,47125844,64771540,0,65892,0,1,1,0,4159829,789127977,790222308,4,4,1022,1538469,3080700,16473,19220000,19156,115466214,144168725,0
1789649635.0903018,107.956,2502558,122162,0,224,52,45,24226,187115,6820568,14957788,4088,61636648,47125604,64771540,0,46076,0,1,1,0,4159834,789375695,790470027,4,4,1022,1538363,3080487,11519,19220000,19156,115466214,144168725,0
1789649635.3406105,108.206,2502932,122187,0,224,52,45,24227,187115,6820658,14933212,4088,61637500,47151500,64771540,0,21620,0,1,1,0,4160052,789621193,790715537,4,4,1022,1538396,3080553,5405,19220002,19156,115466214,144168725,0
1789649635.5909076,108.456,2503307,122189,0,224,52,45,24251,187115,6820936,11631324,4512,61662444,50516244,64771540,0,372,0,0,2,0,4168836,789622653,790716998,4,4,1128,1539982,3083729,93,19220002,19156,115466214,144169161,0
1789649635.841238,108.707,2503684,122189,0,224,52,45,24272,187116,6821348,8712784,4520,61750576,53594452,64771540,0,372,0,0,1,0,4178521,789622653,790716998,4,4,1130,1543949,3091673,93,19220307,19156,115466214,144169161,0
