t,t_rel,cpu_idle,cpu_iowait,cpu_irq,cpu_nice,cpu_softirq,cpu_steal,cpu_system,cpu_user,ctxt,mem_Cached,mem_Dirty,mem_MemAvailable,mem_MemFree,mem_MemTotal,mem_SwapCached,mem_Writeback,mem_WritebackTmp,procs_blocked,procs_running,psi_cpu_full_total,psi_cpu_some_total,psi_io_full_total,psi_io_some_total,psi_memory_full_total,psi_memory_some_total,vm_nr_dirty,vm_nr_dirty_background_threshold,vm_nr_dirty_threshold,vm_nr_writeback,vm_pgfault,vm_pgmajfault,vm_pgpgin,vm_pgpgout,vm_pswpout
1789566968.128482,0.0,8514398,593240,0,111,79,117,108787,847967,32051983,118136,1148,63809100,64189208,64771556,0,0,0,1,1,0,14124950,3135024605,3151664973,48,48,287,1593623,3191143,0,79801513,79987,594493806,433813157,0
1789566968.379825,0.251,8514640,593258,0,111,79,117,108789,848108,32052616,127468,1148,63797176,64171616,64771556,0,0,0,1,16,0,14125891,3135047236,3151687701,48,48,287,1593481,3190858,0,79804186,80060,594506038,433813157,0
1789566968.630347,0.502,8515011,593275,0,111,79,117,108792,848117,32053314,136996,1148,63782528,64151920,64771556,0,0,0,1,1,0,14126442,3135141540,3151782037,48,48,287,1593241,3190378,0,79809209,80097,594516450,433813157,0
1789566968.8807347,0.752,8515386,593298,0,111,79,117,108794,848118,32054053,164084,1180,63756312,64111528,64771556,0,0,0,1,1,0,14127173,3135306071,3151946568,48,48,295,1592941,3189776,0,79813437,80308,594544310,433813157,0
1789566969.131118,1.003,8515751,593321,0,111,79,117,108796,848127,32056511,174708,1180,63747184,64097304,64771556,0,0,0,1,1,0,14127820,3135459184,3152099695,48,48,295,1592840,3189575,0,79816604,80396,594554662,433813157,0
1789566969.3814871,1.253,8516121,593343,0,111,79,117,108796,848134,32058384,181276,1180,63738620,64085260,64771556,0,0,0,1,1,0,14128465,3135642486,3152283013,48,48,295,1592713,3189321,0,79818657,80402,594561126,433813157,0
1789566969.6318307,1.503,8516488,593365,0,111,79,117,108798,848145,32059996,189648,1180,63716428,64058888,64771556,0,0,0,1,1,0,14129120,3135800175,3152440734,48,48,295,1592263,3188420,0,79823785,80402,594569510,433813157,0
1789566969.8822155,1.754,8516841,593374,0,111,79,117,108803,848177,32063751,192592,1180,63715224,64056120,64771556,0,0,0,0,2,0,14129435,3135820928,3152461487,48,48,295,1592272,3188438,0,79840032,80410,594572430,433813189,0
1789566970.132648,2.004,8517200,593386,0,111,79,117,108805,848205,32066307,196040,1180,63689024,64028188,64771556,0,0,0,0,2,0,14130136,3135896438,3152537012,48,48,295,1591662,3187215,0,79847298,80411,594575890,433813189,0
1789566970.3830912,2.255,8517564,593398,0,111,79,117,108807,848227,32069538,198892,1180,63669224,64006968,64771556,0,0,0,0,2,0,14130757,3135980485,3152621067,48,48,295,1591203,3186297,0,79851997,80411,594578750,433813189,0
1789566970.6335444,2.505,8517926,593413,0,111,79,117,108811,848247,32073503,202204,1180,63641628,63977664,64771556,0,0,0,0,2,0,14131220,3136033096,3152673682,48,48,295,1590557,3185003,0,79859689,80419,594582098,433813189,0
1789566970.883991,2.756,8518276,593423,0,111,79,117,108813,848285,32077780,205080,1180,63625780,63960376,64771556,0,0,0,0,3,0,14131724,3136086068,3152726654,48,48,295,1590197,3184282,0,79862946,80424,594584934,433813189,0
1789566971.134404,3.006,8518633,593433,0,111,79,117,108815,848314,32082313,207200,1180,63617780,63951344,64771556,0,0,0,1,1,0,14132342,3136143730,3152784331,48,48,295,1590023,3183934,0,79864559,80426,594587078,433813189,0
1789566971.3848317,3.256,8518975,593445,0,111,79,117,108818,848356,32088004,209536,1180,63600636,63932996,64771556,0,0,0,0,3,0,14132839,3136193044,3152833644,48,48,295,1589625,3183137,0,79869144,80430,594589566,433813189,0
1789566971.7734356,3.645,8519570,593470,0,111,79,117,108820,848359,32088994,237668,1180,63579588,63897512,64771556,0,0,0,1,1,0,14133903,3136429225,3153069826,48,48,295,1589460,3182806,0,79872429,80658,594618438,433813193,0
1789566972.0258904,3.897,8519945,593489,0,111,79,117,108821,848364,32089622,251724,1180,63562740,63873536,64771556,0,0,0,1,1,0,14135458,3136619032,3153259646,48,48,295,1589217,3182321,0,79876368,80766,594632562,433813193,0
1789566972.276211,4.148,8520320,593506,0,111,79,117,108823,848371,32090163,263616,1180,63546252,63851040,64771556,0,0,0,1,1,0,14136323,3136790437,3153431062,48,48,295,1588956,3181797,0,79880537,80860,594644570,433813193,0
1789566972.5265183,4.398,8520686,593521,0,111,80,117,108824,848387,32092103,270012,1180,63529260,63830756,64771556,0,0,0,0,2,0,14137067,3136864862,3153505487,48,48,295,1588614,3181112,0,79884392,80872,594651130,433813193,0
1789566972.7769232,4.648,8521045,593535,0,111,80,117,108826,848413,32094316,273044,1180,63515416,63815396,64771556,0,0,0,0,2,0,14137602,3136949126,3153589750,48,48,295,1588306,3180496,0,79887751,80876,594654162,433813193,0
1789566973.0273292,4.899,8521373,593547,0,111,80,117,108829,848469,32096107,275844,1180,63454668,63752572,64771556,0,0,0,0,4,0,14137876,3136993283,3153633907,48,48,295,1586808,3177496,0,79907367,80876,594657050,433813193,0
1789566973.27779,5.149,8521727,593558,0,111,80,117,108831,848502,32098324,278548,1180,63427496,63722708,64771556,0,0,0,0,2,0,14138240,3137051072,3153691697,48,48,295,1586129,3176137,0,79913672,80876,594659662,433813193,0
1789566973.5282588,5.4,8522078,593569,0,111,80,117,108834,848536,32103275,282236,1180,63404316,63695788,64771556,0,0,0,0,2,0,14138735,3137106325,3153746950,48,48,295,1585551,3174979,0,79919505,80879,594663358,433813193,0
1789566973.7787077,5.65,8522433,593579,0,111,80,117,108836,848568,32104943,284996,1180,63394480,63683216,64771556,0,0,0,0,2,0,14139129,3137158738,3153799369,48,48,295,1585305,3174487,0,79922259,80880,594666118,433813193,0
1789566974.0291545,5.901,8522784,593590,0,111,80,117,108838,848604,32107642,287984,1280,63382908,63668692,64771556,0,0,0,1,2,0,14139547,3137211810,3153852451,48,48,320,1585016,3173908,0,79925440,80881,594669018,433813193,0
1789566974.2795901,6.151,8523139,593601,0,111,80,117,108839,848636,32109671,291692,1280,63369388,63651408,64771556,0,0,0,0,3,0,14140034,3137273729,3153914372,48,48,320,1584679,3173233,0,79928849,80881,594672730,433813193,0
1789566974.5300534,6.402,8523491,593605,0,111,80,117,108841,848679,32114849,293256,1280,63360752,63641212,64771556,0,0,0,0,5,0,14140984,3137295813,3153936456,48,48,320,1584463,3172801,0,79931261,80881,594674278,433813193,0
1789566974.78054,6.652,8523810,593606,0,111,80,117,108844,848756,32124441,293844,1280,63350264,63630124,64771556,0,0,0,0,4,0,14141463,3137299173,3153939816,48,48,320,1584201,3172277,0,79934689,80883,594674910,433813193,0
1789566975.0310016,6.903,8524145,593611,0,111,80,117,108846,848813,32130795,295212,1280,63349132,63627752,64771556,0,0,0,1,1,0,14142010,3137317698,3153958341,48,48,320,1584173,3172220,0,79936582,80886,594676250,433813193,0
1789566975.2813392,7.153,8524518,593625,0,111,80,117,108847,848825,32131919,299132,1280,63346172,63620836,64771556,0,0,0,0,2,0,14142783,3137448288,3154088931,48,48,320,1584099,3172072,0,79937751,80886,594680186,433813193,0
1789566975.5316606,7.403,8524890,593632,0,111,80,117,108849,848846,32132941,301120,1280,63334548,63607240,64771556,0,0,0,1,1,0,14143209,3137508311,3154148954,48,48,320,1583809,3171491,0,79940505,80886,594682146,433813193,0
1789566975.782063,7.654,8525238,593642,0,111,80,117,108851,848884,32135477,303792,1280,63311640,63581576,64771556,0,0,0,0,4,0,14143892,3137557906,3154198549,48,48,320,1583237,3170346,0,79945784,80886,594684814,433813193,0
1789566976.0324028,7.904,8525610,593654,0,111,80,117,108852,848897,32136157,307224,1280,63289480,63555956,64771556,0,0,0,1,1,0,14144628,3137666637,3154307280,48,48,320,1582684,3169238,0,79951205,80886,594688286,433813193,0
1789566976.28274,8.154,8525968,593660,0,111,80,117,108854,848932,32138225,308560,1280,63268540,63533696,64771556,0,0,0,1,2,0,14146305,3137699313,3154339975,48,48,320,1582161,3168191,0,79956520,80886,594689594,433813193,0
1789566976.533149,8.405,8526330,593668,0,111,80,117,108856,848961,32139223,310504,1280,63248588,63511800,64771556,0,0,0,1,1,0,14146645,3137755807,3154396477,48,48,320,1581663,3167194,0,79962939,80886,594691538,433813193,0
1789566976.783483,8.655,8526673,593677,0,111,80,117,108860,849005,32143356,312764,1280,63224776,63485116,64771556,0,0,0,1,3,0,14147098,3137794771,3154435441,48,48,320,1581069,3166004,0,79968908,80886,594694410,433813193,0
1789566977.033819,8.905,8527002,593681,0,111,80,117,108865,849067,32148550,315592,1284,63171340,63428824,64771556,0,0,0,0,4,0,14147465,3137801816,3154442486,48,48,321,1579735,3163333,0,79979998,80886,594696238,433814185,0
1789566977.2841718,9.156,8527333,593689,0,111,80,117,108867,849126,32150727,317636,1284,63150068,63405532,64771556,0,0,0,0,2,0,14147791,3137819432,3154460102,48,48,321,1579204,3162269,0,79989838,80886,594698322,433814185,0
1789566977.534607,9.406,8527689,593698,0,111,80,117,108869,849156,32153497,320116,1292,63119180,63372176,64771556,0,0,0,0,2,0,14148070,3137848663,3154489342,48,48,323,1578433,3160725,0,79999789,80886,594700790,433814185,0
1789566977.7850657,9.657,8528055,593705,0,111,80,117,108872,849181,32156696,321904,1292,63225052,63476224,64771556,0,0,0,1,1,0,14148506,3137897043,3154537722,48,48,323,1581076,3166018,0,80005494,80886,594702562,433814185,0
1789566978.03548,9.907,8528426,593712,0,111,80,117,108873,849201,32157746,324276,1292,63200068,63448868,64771556,0,0,0,0,2,0,14148937,3137964102,3154604781,48,48,323,1580452,3164769,0,80011878,80886,594704930,433814185,0
1789566978.2859278,10.157,8528769,593720,0,111,80,117,108875,849246,32160966,326652,1296,63170340,63416792,64771556,0,0,0,1,3,0,14149756,3137998253,3154638937,48,48,324,1579710,3163283,0,80018370,80887,594707286,433814185,0
1789566978.5363703,10.408,8529098,593724,0,111,80,117,108877,849311,32166995,327508,1348,63159116,63404668,64771556,0,0,0,0,7,0,14150212,3138008438,3154649122,48,48,337,1579430,3162722,0,80022338,80887,594708250,433814245,0
1789566978.786923,10.658,8529366,593727,0,111,80,117,108882,849435,32176257,328948,1356,63132196,63376276,64771556,0,0,0,0,7,0,14150601,3138011728,3154652412,48,48,339,1578758,3161376,0,80031523,80887,594709590,433814245,0
1789566979.0373888,10.909,8529659,593740,0,111,80,117,108900,849505,32187117,457192,1356,62959320,63074920,64771556,0,0,0,0,9,0,14151218,3138032806,3154673489,48,48,339,1574442,3152734,0,80085044,80887,594837858,433814245,0
1789566979.2878733,11.159,8529903,593741,0,111,80,117,108920,849637,32194085,482996,27116,62515128,62604876,64771556,0,0,0,0,8,0,14151737,3138032917,3154673601,48,48,6779,1563354,3130530,0,80183036,80887,594837922,433814245,0
1789566979.538377,11.41,8530194,593753,0,111,80,117,108936,849715,32199755,675796,92412,62169528,62066468,64771556,0,0,0,1,4,0,14152127,3138063255,3154703938,48,48,23103,1554736,3113274,0,80266572,80887,594965530,433814245,0
1789566979.7888389,11.66,8530477,593762,0,111,80,117,108950,849811,32203485,877512,166624,61941788,61636208,64771556,0,0,0,0,5,0,14152496,3138080951,3154721635,48,48,41656,1549021,3101830,0,80324627,80887,595092882,433814245,0
1789566980.0393336,11.911,8530737,593768,0,111,80,117,108974,849919,32209013,1049124,210724,61778200,61299980,64771556,0,0,0,0,6,0,14152946,3138090770,3154731471,48,48,52681,1544912,3093601,0,80345768,80887,595220402,433814245,0
1789566980.290044,12.162,8531002,593775,0,111,80,117,108986,850031,32214468,1288400,290596,61770320,61051756,64771556,0,0,0,0,8,0,14153266,3138103044,3154743861,48,48,72649,1544677,3093132,0,80377291,80887,595379934,433814245,0
1789566980.5405133,12.412,8531289,593779,0,111,80,117,108996,850131,32216683,1483204,389964,61717888,60803604,64771556,0,0,0,0,5,0,14153477,3138112257,3154753081,48,48,97491,1543356,3090487,0,80387406,80887,595475410,433814245,0
1789566980.7910082,12.663,8531540,593791,0,111,80,117,109019,850243,32223905,1751548,433092,61596192,60412780,64771556,0,0,0,1,4,0,14154014,3138131207,3154772047,48,48,108273,1540286,3084339,0,80407662,80887,595700134,433814245,0
1789566981.0416968,12.913,8531809,593798,0,111,80,117,109033,850350,32229441,1989040,513176,61560964,60139116,64771556,0,0,0,0,5,0,14154401,3138144812,3154785655,48,48,128294,1539396,3082556,0,80433056,80887,595857922,433814245,0
1789566981.292396,13.164,8532086,593801,0,111,80,117,109052,850451,32232302,2158396,596176,61400420,59808120,64771556,0,0,0,0,6,0,14154971,3138147390,3154788237,48,48,149044,1535357,3074469,0,80442385,80887,595944862,433814245,0
1789566981.5431476,13.415,8532375,593808,0,111,80,117,109064,850543,32237657,2394568,664172,61368152,59539076,64771556,0,0,0,0,5,0,14155349,3138161765,3154802613,48,48,166043,1534561,3072875,0,80468947,80887,596112930,433814245,0
1789566981.7938485,13.665,8532675,593812,0,111,80,117,109071,850633,32239642,2621752,763164,61410136,59352428,64771556,0,0,0,0,5,0,14155617,3138173299,3154814148,48,48,190996,1535552,3074859,0,80470832,80887,596240434,433814245,0
1789566982.044536,13.916,8532942,593819,0,111,80,117,109094,850736,32245173,2833764,814928,61248664,58978080,64771556,0,0,0,0,5,0,14156027,3138185234,3154826084,48,48,203732,1531499,3066743,0,80486467,80887,596401150,433814245,0
1789566982.295221,14.167,8533240,593826,0,111,80,117,109101,850823,32248137,3095756,901196,61309804,58776600,64771556,0,0,0,0,5,0,14156410,3138202715,3154843566,48,48,225299,1533000,3069748,0,80489317,80887,596576878,433814245,0
1789566982.5459328,14.417,8533533,593830,0,111,80,117,109118,850911,32251361,3287472,991988,61191660,58465204,64771556,0,0,0,0,5,0,14156739,3138211954,3154852804,48,48,247997,1530012,3063765,0,80506902,80887,596678242,433814245,0
1789566982.7966723,14.668,8533814,593840,0,111,80,117,109130,851007,32256019,3546784,1050740,61182820,58196032,64771556,0,0,0,0,5,0,14157214,3138232113,3154872977,48,48,262685,1529777,3063294,0,80510891,80887,596877954,433814245,0
1789566983.0473626,14.919,8534111,593845,0,111,80,117,109137,851099,32258279,3770256,1146792,61229700,58017820,64771556,0,0,0,0,5,0,14157548,3138244260,3154885124,48,48,286698,1530906,3065556,0,80512766,80887,597005458,433814245,0
1789566983.2980475,15.17,8534397,593852,0,111,80,117,109157,851183,32262877,3990224,1207196,61078560,57645756,64771556,0,0,0,0,5,0,14158016,3138261120,3154901985,48,48,301799,1527110,3057954,0,80525961,80887,597164862,433814245,0
1789566983.5487278,15.42,8534683,593858,0,111,80,117,109165,851285,32265255,4239164,1295576,61168948,57485764,64771556,0,0,0,1,5,0,14158302,3138273555,3154914419,48,48,323894,1529330,3062400,0,80529482,80887,597326322,433814245,0
1789566983.799413,15.671,8534967,593863,0,111,80,117,109178,851384,32267940,4452912,1308816,61100248,57201992,64771556,0,77920,0,0,6,0,14158588,3138283842,3154924707,48,48,326116,1527571,3058878,20568,80533472,80887,597449422,433897057,0
1789566984.0501583,15.922,8535235,593889,0,111,80,117,109197,851472,32271612,4634964,92924,61060344,56979000,64771556,0,1336436,0,1,4,0,14159067,3138330425,3154971869,48,48,23231,1526562,3056857,334109,80548658,80887,597579278,435159413,0
1789566984.300856,16.172,8535530,593923,0,111,80,117,109203,851537,32273458,4799436,162012,61084768,56838000,64771556,0,1328244,0,1,5,0,14160338,3138407913,3155049416,48,48,40503,1527148,3058030,332061,80550774,80887,597674906,435159413,0
1789566984.5515256,16.423,8535790,593955,0,111,80,117,109219,851631,32276241,4956964,208192,60965780,56560520,64771556,0,1311860,0,3,3,0,14161017,3138460518,3155102244,48,48,52048,1524153,3052034,327965,80557449,80887,597786998,435159413,0
1789566984.8021462,16.674,8536072,593990,0,111,80,117,109227,851705,32280570,5148268,258892,60933912,56336480,64771556,0,1303668,0,1,3,0,14161959,3138532989,3155179649,48,48,64723,1523336,3050398,325917,80577260,80887,597927730,435159413,0
1789566985.0527956,16.924,8536360,594017,0,111,80,117,109238,851778,32282099,5259420,330024,60918084,56208468,64771556,0,1286932,0,1,7,0,14162976,3138594459,3155243894,48,48,82506,1522915,3049555,321733,80582956,80887,597967238,435159413,0
1789566985.3034165,17.175,8536679,594028,0,111,80,117,109247,851838,32285114,5457036,373964,60934644,56026872,64771556,0,1278740,0,1,4,0,14164641,3138625840,3155337126,48,48,93491,1523326,3050377,319685,80586318,80887,598121170,435159413,0
1789566985.5541487,17.426,8537004,594038,0,111,80,117,109252,851900,32287206,5632776,438700,60988340,55903868,64771556,0,1262356,0,1,4,0,14166178,3138653300,3155438109,48,48,109675,1524632,3052992,315589,80587647,80887,598232102,435159413,0
1789566985.8048227,17.676,8537326,594044,0,111,80,117,109264,851959,32288912,5772516,498124,60920004,55694804,64771556,0,1254164,0,1,4,0,14167348,3138668819,3155527638,48,48,124531,1522901,3049526,313541,80591564,80887,598312426,435159413,0
1789566986.0552871,17.927,8537632,594055,0,111,80,117,109278,852030,32292857,5953404,547788,60855564,55448384,64771556,0,1237428,0,2,3,0,14169284,3138698868,3155616600,48,48,136947,1521266,3046251,309357,80623818,80887,598443714,435159413,0
1789566986.3057039,18.177,8537957,594063,0,111,80,117,109283,852091,32294538,6118312,620644,60879188,55306236,64771556,0,1229236,0,1,4,0,14169703,3138720594,3155712993,48,48,155161,1521833,3047388,307309,80625831,80887,598535558,435159413,0
1789566986.5560772,18.428,8538272,594078,0,111,80,117,109297,852147,32298180,6313636,656628,60804352,55035188,64771556,0,1212852,0,1,4,0,14170608,3138765981,3155814570,48,48,164157,1519943,3043603,303213,80629572,80887,598694938,435159413,0
1789566986.8065436,18.678,8538592,594086,0,111,80,117,109303,852214,32300617,6471440,718568,60857868,54930172,64771556,0,1204660,0,1,4,0,14171582,3138788055,3155905518,48,48,179642,1521261,3046242,301165,80631617,80887,598790586,435159413,0
1789566987.0570242,18.929,8538910,594096,0,111,80,117,109316,852273,32304028,6625408,777172,60800396,54717500,64771556,0,1187916,0,1,4,0,14173265,3138814365,3155998546,48,48,194293,1519795,3043307,296979,80643353,80887,598886214,435159413,0
1789566987.3074834,19.179,8539232,594104,0,111,80,117,109323,852335,32306007,6776028,831552,60807424,54573228,64771556,0,1179724,0,1,4,0,14173593,3138836028,3156090478,48,48,207888,1519954,3043625,294931,80647733,80887,598981842,435159413,0
1789566987.5579307,19.429,8539554,594114,0,111,80,117,109330,852396,32308181,6959212,896916,60834084,54415532,64771556,0,1163340,0,2,3,0,14174228,3138864096,3156190143,48,48,224229,1520590,3044899,290835,80650729,80887,599100122,435159413,0
1789566987.8083594,19.68,8539874,594122,0,111,80,117,109341,852456,32310234,7118352,951204,60762548,54184028,64771556,0,1155148,0,1,5,0,14176201,3138889673,3156284967,48,48,237801,1518772,3041258,288787,80654498,80887,599205126,435159413,0
1789566988.0588336,19.93,8540198,594133,0,111,80,117,109346,852517,32312918,7331204,1004312,60816904,54024588,64771556,0,1138388,0,1,4,0,14178266,3138918729,3156383569,48,48,251078,1520117,3043951,284597,80656519,80887,599364354,435159413,0
1789566988.3092892,20.181,8540514,594140,0,111,80,117,109358,852580,32315767,7477480,1068792,60756216,53816628,64771556,0,1130196,0,1,5,0,14178653,3138939766,3156473740,48,48,267198,1518578,3040869,282549,80666321,80888,599446878,435159413,0
1789566988.5598445,20.431,8540797,594169,0,111,80,117,109366,852660,32317940,7642188,1124204,60755176,53650064,64771556,0,1113812,0,1,5,0,14179122,3139000124,3156534600,48,48,281051,1518531,3040775,278453,80670829,80888,599555702,435159413,0
1789566988.8102996,20.682,8541083,594203,0,111,80,117,109371,852735,32319792,7811392,1192256,60782076,53506604,64771556,0,1105620,0,2,4,0,14179361,3139074512,3156608988,48,48,298064,1519173,3042061,276405,80672026,80888,599657418,435160033,0
1789566989.0607312,20.932,8541377,594237,0,111,80,117,109383,852796,32322145,7987164,1247336,60716964,53264812,64771556,0,1088884,0,1,5,0,14181940,3139155013,3156689575,48,48,311834,1517525,3038761,272221,80675055,80888,599777930,435160033,0
1789566989.3112023,21.183,8541668,594274,0,111,80,117,109392,852858,32325151,8198888,1297740,60751512,53086440,64771556,0,1080692,0,2,4,0,14182955,3139233840,3156771165,48,48,324435,1518366,3040445,270173,80678203,80916,599939458,435160033,0
1789566989.5616775,21.433,8541938,594306,0,111,80,117,109408,852941,32328836,8321980,1365776,60725304,52935236,64771556,0,1064308,0,1,4,0,14183427,3139279386,3156825197,48,48,341444,1517686,3039083,266077,80692340,80977,599998322,435160033,0
1789566989.8121557,21.684,8542230,594338,0,111,80,117,109419,853005,32331267,8505260,1411612,61228376,53254312,64771556,0,1056116,0,1,4,0,14183739,3139352514,3156898498,48,48,352903,1530227,3064195,264029,80695100,80977,600135050,435160033,0
1789566990.0625908,21.934,8542530,594371,0,111,80,117,109424,853068,32332950,8668740,1480052,61268524,53130044,64771556,0,1039372,0,1,4,0,14184771,3139433908,3156980152,48,48,370013,1531206,3066156,259843,80696436,80977,600230678,435160033,0
1789566990.3129687,22.184,8542826,594405,0,111,80,117,109437,853127,32336495,8817052,1532712,61215328,52927544,64771556,0,1031180,0,1,4,0,14185912,3139512784,3157060118,48,48,383178,1529855,3063451,257795,80708576,80977,600326306,435160033,0
1789566990.563433,22.435,8543106,594441,0,111,80,117,109446,853201,32339072,8993968,1587904,61222028,52756192,64771556,0,1014796,0,3,3,0,14186211,3139585048,3157132652,48,48,396976,1529994,3063729,253699,80712488,80977,600448202,435160033,0
1789566990.8138947,22.685,8543402,594475,0,111,80,117,109453,853265,32340711,9166860,1659480,61257340,52617848,64771556,0,1006604,0,1,4,0,14187320,3139666304,3157214018,48,48,414870,1530857,3065457,251651,80714008,80977,600549438,435160033,0
1789566991.0642574,22.936,8543686,594506,0,111,80,117,109471,853332,32346322,9334876,1697236,61163208,52354708,64771556,0,998052,0,2,3,0,14188363,3139727718,3157283483,48,48,424309,1528482,3060701,249513,80730458,80977,600679318,435160033,0
1789566991.3146894,23.186,8543986,594542,0,111,80,117,109477,853391,32348538,9515616,1753028,61171588,52181628,64771556,0,981668,0,1,4,0,14188714,3139812683,3157368632,48,48,438257,1528673,3061084,245417,80733239,80977,600804422,435160033,0
1789566991.5650692,23.437,8544286,594570,0,111,80,117,109487,853453,32351031,9673432,1815764,61121268,51972416,64771556,0,973476,0,1,4,0,14189282,3139881115,3157445235,48,48,453941,1527390,3058515,243369,80736038,80977,600900050,435160033,0
1789566991.8155372,23.687,8544607,594576,0,111,80,117,109499,853514,32354716,9822308,1868620,61102108,51803440,64771556,0,957092,0,1,4,0,14190775,3139900821,3157535100,48,48,467155,1526888,3057511,239273,80751120,80977,600995678,435160033,0
1789566992.066007,23.938,8544931,594585,0,111,80,117,109503,853577,32356566,9993868,1934732,61152496,51681244,64771556,0,948532,0,1,4,0,14191671,3139923586,3157630406,48,48,483683,1528121,3059978,237133,80752485,80977,601101270,435160033,0
1789566992.3164573,24.188,8545245,594593,0,111,80,117,109514,853643,32358829,10154132,2004888,61128672,51496292,64771556,0,932148,0,1,4,0,14192664,3139941614,3157713991,48,48,501326,1527503,3058742,233037,80754583,80977,601190946,435160033,0
1789566992.5669308,24.438,8545559,594604,0,111,80,117,109523,853707,32362131,10343588,2065728,61178752,51355780,64771556,0,923956,0,1,4,0,14193389,3139970189,3157803212,48,48,516432,1528726,3061190,230989,80758794,80977,601319690,435160033,0
1789566992.8173892,24.689,8545878,594614,0,111,80,117,109535,853765,32364483,10515828,2127736,61439148,51442920,64771556,0,907572,0,1,4,0,14195364,3139995994,3157898478,48,48,531934,1535201,3074156,226893,80760208,80977,601430082,435160033,0
1789566993.0678513,24.939,8546201,594625,0,111,80,117,109543,853823,32367750,10712444,2190760,61452848,51259048,64771556,0,899020,0,1,4,0,14195839,3140028993,3157999884,48,48,547690,1535519,3074794,224755,80762144,80977,601563786,435160033,0
1789566993.3183107,25.19,8546516,594636,0,111,80,117,109553,853884,32371090,10893988,2252076,61460228,51083684,64771556,0,882636,0,2,3,0,14196721,3140056718,3158092050,48,48,563019,1535673,3075101,220659,80764501,80977,601684150,435160033,0
1789566993.5687652,25.44,8546836,594647,0,111,80,117,109560,853946,32373698,11083972,2316960,61468976,50901720,64771556,0,874444,0,1,4,0,14197255,3140085905,3158188436,48,48,579240,1535872,3075500,218611,80767287,80977,601808998,435160033,0
1789566993.8192346,25.691,8547147,594658,0,111,80,117,109574,854011,32377294,11269012,2375088,61565636,50811868,64771556,0,858060,0,1,4,0,14199354,3140114874,3158276164,48,48,593874,1538262,3080286,214515,80770284,80977,601936562,435160525,0
1789566994.0696971,25.941,8547470,594669,0,111,80,117,109583,854069,32380180,11459404,2439408,61554472,50609640,64771556,0,849520,0,2,3,0,14201470,3140150259,3158380358,48,48,609852,1537955,3079670,212380,80774175,80977,602062114,435160525,0
1789566994.320144,26.192,8547793,594680,0,111,80,118,109591,854127,32382806,11657476,2518508,61572928,50428576,64771556,0,833136,0,2,3,0,14202069,3140182693,3158482886,48,48,629627,1538379,3080520,208284,80775344,80977,602181426,435160525,0
1789566994.5705929,26.442,8548109,594691,0,111,80,118,109602,854188,32386295,11832228,2567416,61568448,50248440,64771556,0,824944,0,1,4,0,14202684,3140205771,3158569580,48,48,641854,1538245,3080252,206236,80779938,80977,602306914,435160525,0
1789566994.821052,26.693,8548420,594702,0,111,80,118,109608,854260,32389457,12026112,2631304,61618948,50104424,64771556,0,808560,0,1,4,0,14203745,3140233312,3158656619,48,48,657826,1539479,3082722,202140,80780086,80977,602436446,435160525,0
1789566995.0715067,26.943,8548738,594713,0,111,80,118,109620,854320,32392499,12242512,2728748,61610680,49878284,64771556,0,800008,0,1,5,0,14204595,3140264521,3158754069,48,48,682187,1539247,3082257,200002,80783583,80977,602556014,435160525,0
1789566995.3219776,27.193,8549060,594725,0,111,80,118,109626,854379,32395309,12410020,2756648,61630696,49730128,64771556,0,783624,0,1,4,0,14207586,3140301913,3158858661,48,48,689162,1539730,3083225,195906,80783976,80977,602695510,435160525,0
1789566995.5724363,27.444,8549369,594736,0,111,80,118,109638,854450,32399043,12588420,2816120,61648008,49568056,64771556,0,775432,0,1,4,0,14208194,3140327086,3158942247,48,48,704030,1540137,3084041,193858,80790275,80977,602814546,435160525,0
1789566995.8229077,27.694,8549689,594747,0,111,80,118,109646,854510,32402086,12777644,2881200,61706852,49436612,64771556,0,759048,0,2,3,0,14208657,3140361060,3159043114,48,48,720300,1541580,3086929,189762,80791048,80977,602938690,435160525,0
1789566996.0733702,27.945,8550023,594756,0,111,80,118,109655,854557,32404569,12926832,2934536,61695572,49275100,64771556,0,750492,0,1,3,0,14209124,3140391781,3159155431,48,48,733634,1541272,3086313,187623,80795634,80977,603034286,435160525,0
1789566996.3238444,28.195,8550384,594762,0,111,80,118,109661,854584,32405744,13035368,2993252,61740484,49210788,64771556,0,734108,0,1,2,0,14211641,3140429096,3159315223,48,48,748105,1542366,3088503,183527,80796898,80977,603084106,435160525,0
1789566996.5742686,28.446,8550759,594787,0,111,80,118,109661,854585,32405822,13004304,2962188,61740444,49241856,64771556,0,725916,0,1,1,0,14211641,3140674525,3159560651,48,48,740547,1542376,3088523,181479,80796900,80977,603084106,435160525,0
1789566996.824613,28.696,8551134,594812,0,111,80,118,109661,854585,32405910,13004304,2962188,61740444,49241856,64771556,0,709532,0,1,1,0,14211641,3140922826,3159808952,48,48,740547,1542376,3088523,177383,80796905,80977,603084106,435160525,0
1789566997.074925,28.946,8551509,594838,0,111,80,118,109662,854585,32405991,13004304,2962188,61743476,49244888,64771556,0,700980,0,1,1,0,14211642,3141172141,3160058267,48,48,740547,1542451,3088674,175245,80796906,80977,603084106,435160525,0
1789566997.3252385,29.197,8551884,594863,0,111,80,118,109662,854585,32406056,13004304,2962188,61743224,49244636,64771556,0,684596,0,1,1,0,14211651,3141420401,3160306547,48,48,740547,1542445,3088662,171149,80796907,80977,603084106,435160525,0
1789566997.5755184,29.447,8552259,594888,0,111,80,118,109662,854585,32406147,13004304,2962188,61743224,49244636,64771556,0,676404,0,1,1,0,14211657,3141669668,3160555821,48,48,740547,1542445,3088662,169101,80796908,80977,603084106,435160525,0
1789566997.825817,29.697,8552634,594913,0,111,80,118,109662,854585,32406204,13004304,2962188,61743224,49244636,64771556,0,660020,0,1,1,0,14211657,3141917946,3160804098,48,48,740547,1542445,3088662,165005,80796908,80977,603084106,435160525,0
1789566998.076098,29.948,8553009,594938,0,111,80,118,109662,854585,32406261,13004304,2962188,61746324,49247736,64771556,0,651476,0,1,1,0,14211664,3142167214,3161053375,48,48,740547,1542522,3088817,162869,80796910,80977,603084106,435160525,0
1789566998.3264081,30.198,8553384,594963,0,111,80,118,109662,854585,32406350,13004304,2962188,61746020,49247432,64771556,0,643388,0,1,1,0,14211672,3142416211,3161302669,48,48,740547,1542515,3088802,160847,80796911,80977,603084106,435160525,0
1789566998.5767183,30.448,8553760,594989,0,111,80,118,109662,854585,32406419,13004304,2962188,61746020,49247432,64771556,0,627004,0,1,1,0,14211673,3142664533,3161550991,48,48,740547,1542515,3088802,156751,80796912,80977,603084106,435160525,0
1789566998.8270354,30.699,8554135,595014,0,111,80,118,109662,854585,32406474,13004296,2962188,61746020,49247432,64771556,0,618900,0,1,1,0,14211673,3142913795,3161800253,48,48,740547,1542515,3088802,154725,80796913,80977,603084106,435160765,0
1789566999.0773144,30.949,8554510,595039,0,111,80,118,109662,854585,32406541,13004296,2962188,61748584,49249996,64771556,0,602252,0,1,1,0,14211673,3143162080,3162048539,48,48,740547,1542579,3088930,150563,80796914,80977,603084106,435160765,0
1789566999.3276074,31.199,8554885,595064,0,111,80,118,109662,854585,32406774,13004304,2958128,61747820,49249212,64771556,0,593772,0,1,1,0,14211759,3143409701,3162296816,48,48,739532,1542560,3088892,148443,80796915,80977,603084106,435165009,0
1789566999.5779047,31.449,8555260,595089,0,111,80,118,109662,854585,32406859,13004304,2958128,61747820,49249212,64771556,0,577388,0,1,1,0,14211798,3143658511,3162546105,48,48,739532,1542560,3088892,144347,80796916,80977,603084106,435165009,0
1789566999.8282015,31.7,8555635,595114,0,111,80,118,109662,854585,32406908,13004304,2958128,61747820,49249212,64771556,0,569196,0,1,1,0,14211810,3143907571,3162795366,48,48,739532,1542560,3088892,142299,80796916,80977,603084106,435165009,0
1789567000.0784783,31.95,8556010,595139,0,111,80,118,109662,854585,32406979,13004304,2958128,61749868,49251260,64771556,0,552448,0,1,1,0,14211912,3144155434,3163043646,48,48,739532,1542611,3088994,138112,80796918,80977,603084106,435165009,0
1789567000.3287616,32.2,8556386,595164,0,111,80,118,109662,854585,32407038,13004304,2958128,61749552,49250944,64771556,0,544256,0,1,1,0,14211929,3144404484,3163292914,48,48,739532,1542603,3088978,136064,80796918,80977,603084106,435165009,0
1789567000.5790596,32.451,8556761,595190,0,111,80,118,109662,854585,32407095,13004304,2958128,61749552,49250944,64771556,0,527872,0,1,1,0,14211945,3144652412,3163541202,48,48,739532,1542603,3088978,131968,80796920,80977,603084106,435165009,0
1789567000.8293467,32.701,8557136,595215,0,111,80,118,109662,854585,32407145,13004304,2958128,61749552,49250944,64771556,0,519680,0,1,1,0,14211971,3144902393,3163791451,48,48,739532,1542603,3088978,129920,80796920,80977,603084106,435165009,0
1789567001.0796196,32.951,8557511,595240,0,111,80,118,109662,854585,32407231,13004304,2958128,61751344,49252736,64771556,0,502940,0,1,1,0,14211995,3145150306,3164039730,48,48,739532,1542648,3089068,125735,80796921,80977,603084106,435165009,0
1789567001.3299222,33.201,8557886,595265,0,111,80,118,109662,854585,32407288,13004304,2958128,61751040,49252432,64771556,0,494748,0,1,1,0,14212013,3145399371,3164289008,48,48,739532,1542640,3089053,123687,80796921,80977,603084106,435165009,0
1789567001.5802011,33.452,8558262,595290,0,111,80,118,109662,854585,32407389,13004304,2958128,61751040,49252432,64771556,0,478364,0,1,1,0,14212035,3145647304,3164537294,48,48,739532,1542640,3089053,119591,80796924,80977,603084106,435165009,0
1789567001.830486,33.702,8558637,595315,0,111,80,118,109662,854585,32407456,13004304,2958128,61751040,49252432,64771556,0,470172,0,1,1,0,14212048,3145896386,3164786554,48,48,739532,1542640,3089053,117543,80796924,80977,603084106,435165009,0
1789567002.0807617,33.952,8559012,595340,0,111,80,118,109662,854585,32407528,13004304,2958128,61752832,49254224,64771556,0,453428,0,1,1,0,14212077,3146144320,3165034851,48,48,739532,1542685,3089142,113357,80796925,80977,603084106,435165009,0
1789567002.3310592,34.203,8559387,595366,0,111,80,118,109662,854585,32407596,13004304,2958128,61752308,49253700,64771556,0,445236,0,1,1,0,14212094,3146393374,3165284108,48,48,739532,1542672,3089116,111309,80796925,80977,603084106,435165009,0
1789567002.5813315,34.453,8559762,595391,0,111,80,118,109662,854585,32407655,13004304,2958128,61752308,49253700,64771556,0,428852,0,1,1,0,14212108,3146641294,3165532387,48,48,739532,1542672,3089116,107213,80796926,80977,603084106,435165009,0
1789567002.8316226,34.703,8560138,595416,0,111,80,118,109663,854585,32407702,13004304,2958128,61752308,49253700,64771556,0,420660,0,1,1,0,14212125,3146889368,3165781665,48,48,739532,1542672,3089116,105165,80796928,80977,603084106,435165009,0
1789567003.0819354,34.953,8560513,595441,0,111,80,118,109663,854585,32407768,13004304,2958128,61752308,49253700,64771556,0,403924,0,1,1,0,14212143,3147137287,3166029976,48,48,739532,1542672,3089116,100981,80796929,80977,603084106,435165009,0
1789567003.332227,35.204,8560888,595466,0,111,80,118,109663,854585,32407854,13004304,2958128,61753916,49255308,64771556,0,395732,0,1,1,0,14212174,3147386306,3166279247,48,48,739532,1542712,3089196,98933,80796929,80977,603084106,435165009,0
1789567003.5825179,35.454,8561263,595491,0,111,80,118,109663,854585,32407924,13004304,2958128,61753916,49255308,64771556,0,379348,0,1,1,0,14212190,3147634240,3166527542,48,48,739532,1542712,3089196,94837,80796930,80977,603084106,435165009,0
1789567003.8327987,35.704,8561638,595516,0,111,80,118,109663,854585,32407975,13004304,2958128,61753620,49255012,64771556,0,371156,0,1,1,0,14212204,3147883320,3166776804,48,48,739532,1542705,3089182,92789,80796930,80977,603084106,435165009,0
1789567004.0830874,35.955,8562013,595542,0,111,80,118,109663,854585,32408042,13004296,2958128,61755060,49256452,64771556,0,354408,0,1,1,0,14212205,3148131605,3167025089,48,48,739532,1542741,3089254,88602,80796932,80977,603084106,435165037,0
1789567004.333373,36.205,8562389,595567,0,111,80,118,109663,854585,32408133,13004312,2957592,61754796,49256172,64771556,0,346216,0,1,1,0,14212230,3148380507,3167274342,48,48,739398,1542734,3089240,86554,80796934,80977,603084114,435165577,0
1789567004.5836473,36.455,8562764,595592,0,111,80,118,109663,854585,32408197,13004312,2957592,61754796,49256172,64771556,0,329832,0,1,1,0,14212255,3148628384,3167522617,48,48,739398,1542734,3089240,82458,80796935,80977,603084114,435165577,0
1789567004.8339443,36.705,8563139,595617,0,111,80,118,109663,854585,32408246,13004312,2957592,61754796,49256172,64771556,0,321640,0,1,1,0,14212275,3148878371,3167772870,48,48,739398,1542734,3089240,80410,80796935,80977,603084114,435165577,0
1789567005.0842211,36.956,8563514,595642,0,111,80,118,109663,854585,32408350,13004312,2957592,61756088,49257464,64771556,0,313448,0,2,1,0,14212291,3149127474,3168022149,48,48,739398,1542766,3089305,78362,80796936,80977,603084114,435165577,0
1789567005.3345232,37.206,8563889,595667,0,111,80,118,109663,854585,32408411,13004312,2957592,61755804,49257180,64771556,0,296708,0,1,1,0,14212314,3149376352,3168271415,48,48,739398,1542759,3089291,74177,80796936,80977,603084114,435165577,0
1789567005.58482,37.456,8564265,595692,0,111,80,118,109663,854585,32408504,13004312,2957592,61755804,49257180,64771556,0,288516,0,1,1,0,14212335,3149625440,3168520698,48,48,739398,1542759,3089291,72129,80796939,80977,603084114,435165577,0
1789567005.8351097,37.707,8564640,595717,0,111,80,118,109663,854585,32408560,13004312,2957592,61755804,49257180,64771556,0,272132,0,1,1,0,14212355,3149873375,3168768971,48,48,739398,1542759,3089291,68033,80796939,80977,603084114,435165577,0
1789567006.085384,37.957,8565015,595742,0,111,80,118,109663,854585,32408619,13004312,2957592,61755804,49257180,64771556,0,263940,0,1,1,0,14212379,3150122449,3169018243,48,48,739398,1542759,3089291,65985,80796940,80977,603084114,435165577,0
1789567006.335686,38.207,8565390,595768,0,111,80,118,109663,854585,32408699,13004312,2957592,61756964,49258340,64771556,0,247200,0,1,1,0,14212407,3150370371,3169266541,48,48,739398,1542788,3089349,61800,80796940,80977,603084114,435165577,0
1789567006.5859883,38.458,8565765,595793,0,111,80,118,109663,854585,32408748,13004312,2957592,61756676,49258052,64771556,0,239008,0,1,1,0,14212418,3150619466,3169515810,48,48,739398,1542781,3089334,59752,80796942,80977,603084114,435165577,0
1789567006.8362691,38.708,8566140,595818,0,111,80,118,109663,854585,32408805,13004312,2957592,61756676,49258052,64771556,0,222624,0,1,1,0,14212435,3150867421,3169764088,48,48,739398,1542781,3089334,55656,80796942,80977,603084114,435165577,0
1789567007.0865436,38.958,8566516,595843,0,111,80,118,109663,854585,32408865,13004312,2957592,61757752,49259128,64771556,0,214432,0,1,1,0,14212454,3151116517,3170013354,48,48,739398,1542808,3089388,53608,80796943,80977,603084114,435165577,0
1789567007.3368342,39.208,8566891,595868,0,111,80,118,109663,854585,32408932,13004312,2957592,61757444,49258820,64771556,0,197700,0,1,1,0,14212477,3151364440,3170261627,48,48,739398,1542800,3089373,49425,80796944,80977,603084114,435165577,0
1789567007.5871086,39.459,8567266,595893,0,111,80,118,109663,854585,32408983,13004312,2957592,61757444,49258820,64771556,0,189508,0,1,1,0,14212488,3151613530,3170510888,48,48,739398,1542800,3089373,47377,80796944,80977,603084114,435165577,0
1789567007.8373961,39.709,8567641,595919,0,111,80,118,109663,854585,32409047,13004312,2957592,61757444,49258820,64771556,0,173124,0,1,1,0,14212502,3151861519,3170759174,48,48,739398,1542800,3089373,43281,80796946,80977,603084114,435165577,0
1789567008.0876737,39.959,8568016,595944,0,111,80,118,109663,854586,32409106,13004312,2957592,61757444,49258820,64771556,0,164932,0,1,2,0,14212519,3152110618,3171008441,48,48,739398,1542800,3089373,41233,80796946,80977,603084114,435165577,0
1789567008.3380141,40.21,8568340,595955,0,111,80,118,109666,854647,32414688,13003984,2965128,61749844,49251548,64771556,0,148520,0,0,12,0,14212914,3152128217,3171026077,48,48,741282,1542610,3088993,37130,80798981,80977,603084230,435165577,0
1789567008.5886862,40.46,8568586,595955,0,111,80,118,109669,854797,32417900,13003984,2965128,61739008,49240712,64771556,0,140328,0,0,5,0,14213130,3152128217,3171026172,48,48,741282,1542340,3088451,35082,80801754,80977,603084230,435165577,0
1789567008.8391771,40.711,8568809,595955,0,111,80,118,109671,854971,32421056,13003984,2965128,61728472,49230176,64771556,0,123944,0,0,5,0,14213343,3152128217,3171026326,48,48,741282,1542077,3087924,30986,80803994,80977,603084230,435165577,0
1789567009.0896575,40.961,8569092,595955,0,111,80,118,109675,855084,32424591,13004180,2965212,61728256,49229732,64771556,0,115752,0,0,5,0,14214325,3152128217,3171026584,48,48,741303,1542071,3087914,28938,80804117,80977,603084230,435165577,0
1789567009.3401625,41.212,8569363,595955,0,111,80,118,109678,855208,32426979,13004276,2965308,61716236,49217612,64771556,0,99008,0,0,7,0,14214537,3152128218,3171026844,48,48,741327,1541771,3087313,24752,80807947,80977,603084230,435165841,0
1789567009.5906298,41.462,8569637,595955,0,111,80,118,109679,855334,32427869,13004276,2964656,61716036,49217412,64771556,0,90816,0,0,5,0,14214632,3152128251,3171026898,48,48,741164,1541766,3087303,22704,80808050,80977,603084230,435166481,0
1789567009.841137,41.713,8569926,595956,0,111,80,118,109682,855441,32429300,13004372,2964752,61713804,49215084,64771556,0,74432,0,0,6,0,14214675,3152128342,3171026990,48,48,741188,1541711,3087191,18608,80808164,80977,603084230,435166481,0
1789567010.0918305,41.963,8570217,595956,0,111,80,118,109684,855549,32430393,13004372,2964752,61714220,49215500,64771556,0,66240,0,0,5,0,14215108,3152128342,3171027054,48,48,741188,1541721,3087212,16560,80808237,80977,603084230,435166481,0
1789567010.3423119,42.214,8570505,595956,0,111,80,118,109687,855658,32433059,13004372,2964752,61714220,49215500,64771556,0,49500,0,0,6,0,14215189,3152128342,3171027168,48,48,741188,1541721,3087212,12375,80808544,80977,603084230,435166481,0
1789567010.5927756,42.464,8570796,595956,0,111,80,118,109689,855766,32433726,13004468,2964848,61713556,49214744,64771556,0,41308,0,0,6,0,14215832,3152128342,3171027320,48,48,741212,1541704,3087179,10327,80808625,80977,603084230,435166481,0
1789567010.8432593,42.715,8571075,595956,0,111,80,118,109693,855884,32434998,13004468,2964848,61707860,49209048,64771556,0,24924,0,0,5,0,14216513,3152128342,3171027518,48,48,741212,1541562,3086894,6231,80809552,80977,603084230,435166481,0
1789567011.093714,42.965,8571366,595956,0,111,80,118,109694,855991,32435685,13004564,2964944,61708512,49209608,64771556,0,16732,0,0,7,0,14216650,3152128365,3171027540,48,48,741236,1541579,3086927,4183,80809574,80977,603084230,435166481,0
1789567011.3441951,43.216,8571660,595956,0,111,80,118,109697,856094,32436350,13004564,2964944,61708160,49209256,64771556,0,0,0,0,5,0,14218000,3152128365,3171027869,48,48,741236,1541570,3086909,0,80809598,80977,603084230,435166481,0
1789567011.594644,43.466,8571953,595956,0,111,80,118,109699,856201,32436972,13004564,2964944,61708160,49209256,64771556,0,0,0,0,8,0,14218012,3152128365,3171027869,48,48,741236,1541570,3086909,0,80809620,80977,603084230,435166481,0
1789567011.8451402,43.717,8572236,595956,0,111,80,118,109701,856315,32437883,13004660,2965040,61706996,49207996,64771556,0,0,0,0,5,0,14218035,3152128365,3171027869,48,48,741260,1541541,3086851,0,80809896,80977,603084230,435166481,0
1789567012.0955951,43.967,8572508,595956,0,111,80,118,109704,856440,32439212,13004660,2965040,61703724,49204720,64771556,0,0,0,0,6,0,14218079,3152128365,3171027869,48,48,741260,1541459,3086687,0,80810443,80977,603084230,435166481,0
1789567012.3460746,44.218,8572787,595956,0,111,80,118,109707,856558,32440624,13004756,2965136,61696044,49196940,64771556,0,0,0,0,5,0,14218137,3152128365,3171027869,48,48,741284,1541267,3086303,0,80813269,80977,603084230,435166481,0
1789567012.5965438,44.468,8573065,595956,0,111,80,118,109710,856679,32441532,13004756,2965136,61694836,49195732,64771556,0,0,0,0,6,0,14218161,3152128365,3171027869,48,48,741284,1541237,3086243,0,80813449,80977,603084230,435166481,0
1789567012.8470805,44.719,8573339,595956,0,111,80,118,109712,856803,32441968,13004756,2965136,61692008,49192904,64771556,0,0,0,0,7,0,14218181,3152128365,3171027869,48,48,741284,1541167,3086102,0,80814271,80977,603084230,435166481,0
1789567013.097756,44.969,8573631,595956,0,111,80,118,109713,856910,32442407,13004852,2965232,61691756,49192560,64771556,0,0,0,0,5,0,14218505,3152128365,3171027869,48,48,741308,1541160,3086089,0,80814282,80977,603084230,435166481,0
1789567013.348232,45.22,8573928,595956,0,111,80,118,109715,857012,32443023,13004852,2965232,61692140,49192944,64771556,0,0,0,0,6,0,14218527,3152128365,3171027869,48,48,741308,1541170,3086108,0,80814285,80977,603084230,435166481,0
1789567013.5987659,45.47,8574220,595956,0,111,80,118,109717,857119,32443472,13004852,2965232,61690928,49191732,64771556,0,0,0,0,6,0,14218540,3152128365,3171027869,48,48,741308,1541140,3086048,0,80814550,80977,603084230,435166481,0
1789567013.8492372,45.721,8574515,595956,0,111,80,118,109719,857221,32444246,13004852,2965232,61688408,49189208,64771556,0,0,0,0,5,0,14218565,3152128365,3171027869,48,48,741308,1541077,3085922,0,80815353,80977,603084230,435166481,0
1789567014.0997171,45.971,8574810,595956,0,111,80,118,109721,857325,32445435,13004852,2965232,61688408,49189208,64771556,0,0,0,0,6,0,14218601,3152128365,3171027869,48,48,741308,1541077,3085922,0,80815378,80977,603084230,435166481,0
1789567014.350209,46.222,8575104,595956,0,111,80,118,109722,857429,32445840,13005044,2965424,61689112,49189724,64771556,0,0,0,0,5,0,14219085,3152128365,3171027869,48,48,741356,1541094,3085957,0,80815387,80977,603084230,435166481,0
1789567014.6006637,46.472,8575394,595956,0,111,80,118,109724,857537,32446263,13005060,2767416,61689140,49189724,64771556,0,198040,0,0,5,0,14219100,3152128366,3171027870,48,48,691854,1541095,3085958,49510,80815397,80977,603084238,435364561,0
1789567014.851132,46.723,8575691,595956,0,111,80,118,109726,857638,32446815,13005156,2767512,61689180,49189660,64771556,0,189848,0,0,5,0,14219371,3152128505,3171028030,48,48,691878,1541096,3085960,47462,80815406,80977,603084238,435364561,0
1789567015.1015992,46.973,8575969,595956,0,111,80,118,109730,857757,32448536,13005156,2767512,61680872,49181348,64771556,0,169360,0,0,8,0,14219526,3152128520,3171028055,48,48,691878,1540889,3085545,42340,80817956,80977,603084238,435364561,0
1789567015.352088,47.224,8576259,595956,0,111,80,118,109731,857865,32449550,13005252,2767608,61678444,49178828,64771556,0,161168,0,0,6,0,14220047,3152128520,3171028267,48,48,691902,1540828,3085424,40292,80818680,80977,603084238,435364561,0
1789567015.602581,47.474,8576546,595956,0,111,80,118,109734,857975,32450925,13005252,2767608,61674916,49175300,64771556,0,152976,0,0,5,0,14220113,3152128520,3171028469,48,48,691902,1540740,3085247,38244,80819162,80977,603084238,435364561,0
1789567015.8530784,47.725,8576843,595956,0,111,80,118,109736,858077,32451390,13005252,2767608,61674916,49175300,64771556,0,140680,0,0,5,0,14220646,3152128520,3171028687,48,48,691902,1540740,3085247,35170,80819204,80977,603084238,435364561,0
1789567016.103556,47.975,8577142,595956,0,111,80,118,109738,858177,32451825,13005348,2767704,61674860,49175148,64771556,0,124296,0,0,5,0,14221488,3152128520,3171029135,48,48,691926,1540738,3085244,31074,80819216,80977,603084238,435364561,0
1789567016.3540392,48.226,8577441,595956,0,111,80,118,109740,858276,32452190,13005348,2767704,61675256,49175544,64771556,0,112000,0,0,5,0,14221754,3152128520,3171029178,48,48,691926,1540748,3085264,28000,80819241,80977,603084238,435364561,0
1789567016.6045237,48.476,8577729,595956,0,111,80,118,109742,858386,32452803,13005444,2767800,61667488,49167668,64771556,0,103808,0,0,5,0,14222403,3152128520,3171029448,48,48,691950,1540554,3084876,25952,80819952,80977,603084238,435364561,0
1789567016.8550384,48.727,8578023,595956,0,111,80,118,109744,858489,32453174,13005444,2767800,61667488,49167668,64771556,0,87424,0,0,5,0,14222805,3152129426,3171030694,48,48,691950,1540554,3084876,21856,80819968,80978,603084250,435364561,0
1789567017.1056244,48.977,8578370,595956,0,111,80,118,109745,858543,32453374,13005444,2767800,61667488,49167668,64771556,0,79224,0,0,2,0,14222847,3152129426,3171030694,48,48,691950,1540554,3084876,19806,80819970,80978,603084250,435364561,0
1789567017.3560717,49.228,8578744,595957,0,111,80,118,109745,858569,32453627,13010768,2773112,61668092,49162944,64771556,0,62488,0,0,2,0,14226681,3152130286,3171031562,48,48,693278,1540569,3084906,15622,80819976,80978,603084250,435364561,0
1789567017.6065257,49.478,8579118,595957,0,111,80,118,109745,858595,32453730,13042512,2804856,61665364,49128472,64771556,0,50200,0,0,2,0,14226831,3152130286,3171032431,48,48,701214,1540501,3084770,12550,80819980,80978,603084250,435364561,0
1789567017.8569756,49.728,8579493,595957,0,111,80,118,109746,858619,32453794,13075236,2837580,61654236,49084084,64771556,0,37564,0,0,2,0,14227298,3152131312,3171033474,48,48,709395,1540210,3084187,9391,80819980,80978,603084250,435364561,0
1789567018.107331,49.979,8579869,595957,0,111,80,118,109748,858643,32453851,13083776,2846120,61656516,49077672,64771556,0,29372,0,0,2,0,14228296,3152131732,3171033901,48,48,711530,1540263,3084293,7343,80819982,80978,603084250,435364561,0
1789567018.357651,50.229,8580244,595957,0,111,80,118,109750,858666,32453937,13083776,2846120,61616520,49037676,64771556,0,16736,0,0,2,0,14228496,3152131850,3171034020,48,48,711530,1539265,3082293,4184,80826961,80978,603084250,435364561,0
1789567018.6080136,50.48,8580619,595957,0,111,80,118,109756,858685,32454089,13083776,2846120,61463700,48884856,64771556,0,0,0,0,2,0,14229553,3152131850,3171034285,48,48,711530,1535450,3074654,0,80865222,80978,603084250,435364561,0
1789567018.8583765,50.73,8580994,595957,0,111,80,118,109761,858706,32454218,13083776,2846120,61334420,48755576,64771556,0,0,0,0,2,0,14229553,3152131850,3171034285,48,48,711530,1532222,3068192,0,80898118,80978,603084250,435364561,0
1789567019.1087856,50.98,8581370,595957,0,111,80,118,109761,858731,32454253,13083776,2846120,61335648,48756804,64771556,0,0,0,0,3,0,14229563,3152131850,3171034285,48,48,711530,1532253,3068253,0,80898119,80978,603084250,435364561,0
1789567019.3591595,51.231,8581745,595957,0,111,80,118,109761,858756,32454310,13083776,2846120,61335648,48756804,64771556,0,0,0,0,2,0,14229590,3152131850,3171034285,48,48,711530,1532253,3068253,0,80898120,80978,603084250,435364561,0
1789567019.6094956,51.481,8582121,595957,0,111,80,118,109761,858781,32454341,13083776,2846120,61335648,48756804,64771556,0,0,0,0,2,0,14229590,3152131850,3171034285,48,48,711530,1532253,3068253,0,80898121,80978,603084250,435364561,0
1789567019.8598204,51.731,8582492,595957,0,111,80,118,109765,858806,32454450,13083856,1707432,61333776,48754788,64771556,0,1130552,0,0,2,0,14232554,3152131886,3171034771,48,48,426858,1532206,3068159,282638,80898122,80978,603084262,436503397,0
1789567020.1101274,51.982,8582867,595957,0,111,80,118,109765,858831,32454498,13083856,1707432,61334940,48755952,64771556,0,1122360,0,0,2,0,14233087,3152132321,3171035210,48,48,426858,1532235,3068217,280590,80898123,80978,603084262,436503397,0
1789567020.3604248,52.232,8583241,595958,0,111,80,118,109765,858856,32454637,13083864,1707432,61326348,48747224,64771556,0,1110072,0,0,2,0,14235172,3152132653,3171037238,48,48,426858,1532021,3067788,277518,80898799,80978,603084446,436503397,0
1789567020.6107743,52.482,8583600,595966,0,111,80,118,109767,858886,32455292,13086224,1710480,61318464,48735732,64771556,0,1093688,0,1,2,0,14237427,3152156239,3171061428,48,48,427620,1531823,3067391,273422,80902996,80997,603087998,436503397,0
1789567020.861213,52.733,8583951,595981,0,111,80,118,109768,858919,32455904,13091920,1710480,61306920,48718012,64771556,0,1081384,0,0,3,0,14238987,3152235478,3171140918,48,48,427620,1531532,3066810,270346,80906527,81035,603094262,436503397,0
1789567021.111608,52.983,8584303,595991,0,111,80,118,109770,858955,32456642,13094220,1710488,61325044,48733512,64771556,0,1073192,0,0,3,0,14239262,3152275012,3171180457,48,48,427622,1531980,3067707,268298,80912757,81040,603096518,436503401,0
1789567021.3620627,53.234,8584676,595991,0,111,80,118,109771,858981,32457016,13094208,1711752,61323616,48732048,64771556,0,1056808,0,0,2,0,14239271,3152275032,3171180477,48,48,427938,1531944,3067634,264202,80913670,81040,603096526,436503401,0
1789567021.6125088,53.484,8585052,595991,0,111,80,118,109771,859006,32457069,13094208,1711752,61323616,48732048,64771556,0,1044512,0,0,2,0,14240854,3152275032,3171180969,48,48,427938,1531944,3067634,261128,80913670,81040,603096526,436503401,0
1789567021.8629427,53.734,8585427,595991,0,111,80,118,109771,859031,32457109,13094208,1711752,61323616,48732048,64771556,0,1036320,0,0,2,0,14242406,3152275032,3171181436,48,48,427938,1531944,3067634,259080,80913672,81040,603096526,436503401,0
1789567022.1132631,53.985,8585800,595991,0,111,80,118,109772,859057,32457195,13112632,1730176,61329932,48719712,64771556,0,1024032,0,0,2,0,14243976,3152275032,3171181864,48,48,432544,1532097,3067941,256008,80913675,81040,603096526,436503401,0
1789567022.3635774,54.235,8586175,595991,0,111,80,118,109773,859081,32457270,13144944,1762488,61333876,48690900,64771556,0,1007648,0,0,2,0,14245521,3152275643,3171182645,48,48,440622,1532184,3068115,251912,80913677,81040,603096526,436503401,0
1789567022.6138937,54.485,8586551,595991,0,111,80,118,109773,859106,32457331,13177004,1794548,61332336,48656836,64771556,0,995344,0,0,2,0,14249161,3152275867,3171183398,48,48,448637,1532134,3068015,248836,80913678,81040,603096526,436503401,0
1789567022.8641958,54.736,8586926,595991,0,111,80,118,109774,859130,32457387,13209152,1826696,61320648,48612704,64771556,0,987152,0,0,2,0,14250389,3152275867,3171183654,48,48,456674,1531835,3067416,246788,80913679,81040,603096526,436503401,0
1789567023.1144798,54.986,8587301,595991,0,111,80,118,109776,859153,32457441,13241204,1858748,61322772,48582292,64771556,0,970768,0,0,2,0,14251862,3152275867,3171184266,48,48,464687,1531876,3067497,242692,80913679,81040,603096526,436503401,0
1789567023.3647857,55.236,8587677,595991,0,111,80,118,109777,859177,32457522,13273120,1890664,61312932,48540132,64771556,0,958472,0,0,2,0,14253487,3152275867,3171184729,48,48,472666,1531620,3066985,239618,80913681,81040,603096526,436503401,0
1789567023.615084,55.487,8588052,595991,0,111,80,118,109779,859201,32457570,13305396,1922940,61309284,48504004,64771556,0,950280,0,0,2,0,14255058,3152275867,3171185198,48,48,480735,1531514,3066773,237570,80913681,81040,603096526,436503401,0
1789567023.865375,55.737,8588427,595991,0,111,80,118,109780,859224,32457612,13337240,1954784,61314280,48476348,64771556,0,937992,0,0,2,0,14256649,3152275867,3171185672,48,48,488696,1531628,3067002,234498,80913682,81040,603096526,436503401,0
1789567024.1156695,55.987,8588803,595991,0,111,80,118,109780,859249,32457679,13369344,1986888,61318600,48448140,64771556,0,921608,0,0,3,0,14257337,3152276056,3171186184,48,48,496722,1531725,3067195,230402,80913683,81040,603096526,436503401,0
1789567024.3659863,56.238,8589178,595991,0,111,80,118,109782,859273,32457742,13394720,2012264,61314596,48418100,64771556,0,909304,0,0,2,0,14259633,3152276056,3171186718,48,48,503066,1531617,3066979,227326,80913694,81040,603096526,436503401,0
1789567024.616314,56.488,8589552,595991,0,111,80,118,109784,859297,32458203,13395104,2012648,61312684,48415944,64771556,0,901112,0,0,2,0,14259669,3152276063,3171186725,48,48,503162,1531566,3066878,225278,80915582,81040,603096526,436503401,0
1789567024.8667598,56.738,8589922,595991,0,111,80,118,109790,859321,32458308,13395068,825376,61311860,48415112,64771556,0,2068020,0,0,2,0,14263972,3152276063,3171187822,48,48,206344,1531546,3066837,517005,80915583,81040,603096526,437690929,0
1789567025.1172094,56.989,8590284,595991,0,111,80,118,109792,859357,32458968,13395176,825356,61295440,48398576,64771556,0,2059820,0,0,2,0,14264068,3152276063,3171187994,48,48,206339,1531136,3066016,514955,80918591,81040,603096526,437690929,0
1789567025.3676348,57.239,8590660,595991,0,111,80,118,109792,859382,32459049,13395176,825356,61295440,48398576,64771556,0,2051628,0,0,2,0,14265598,3152276063,3171188488,48,48,206339,1531136,3066016,512907,80918593,81040,603096526,437690929,0
1789567025.6179924,57.49,8591035,595991,0,111,80,118,109792,859407,32459091,13395176,825356,61295440,48398576,64771556,0,2039340,0,0,2,0,14267142,3152276063,3171189008,48,48,206339,1531136,3066016,509835,80918597,81040,603096526,437690929,0
1789567025.8683195,57.74,8591411,595991,0,111,80,118,109792,859432,32459146,13395176,825356,61295440,48398576,64771556,0,2022956,0,0,2,0,14267618,3152276063,3171189490,48,48,206339,1531136,3066016,505739,80918599,81040,603096526,437690929,0
1789567026.1186187,57.99,8591786,595991,0,111,80,118,109792,859457,32459205,13395176,825356,61295440,48398576,64771556,0,2010652,0,0,2,0,14268979,3152276608,3171190042,48,48,206339,1531136,3066016,502663,80918599,81040,603096526,437690929,0
1789567026.3689322,58.24,8592161,595991,0,111,80,118,109792,859482,32459258,13395176,825356,61295440,48398576,64771556,0,2002460,0,0,2,0,14270520,3152276608,3171190335,48,48,206339,1531136,3066016,500615,80918600,81040,603096526,437690929,0
1789567026.6192305,58.491,8592536,595991,0,111,80,118,109792,859507,32459319,13395176,825356,61295440,48398576,64771556,0,1986076,0,0,2,0,14273103,3152276717,3171190882,48,48,206339,1531136,3066016,496519,80918601,81040,603096526,437690929,0
1789567026.8695405,58.741,8592912,595991,0,111,80,118,109792,859532,32459375,13395176,825356,61295440,48398576,64771556,0,1973780,0,0,2,0,14273786,3152276717,3171191195,48,48,206339,1531136,3066016,493445,80919587,81040,603096526,437690929,0
1789567027.1198573,58.991,8593287,595991,0,111,80,118,109792,859557,32459426,13395176,825356,61295440,48398576,64771556,0,1965588,0,0,2,0,14274353,3152276717,3171191301,48,48,206339,1531136,3066016,491397,80920305,81040,603096526,437690929,0
1789567027.3701692,59.242,8593662,595991,0,111,80,118,109792,859582,32459483,13395176,825356,61284740,48387876,64771556,0,1953292,0,0,2,0,14275119,3152276717,3171191431,48,48,206339,1530869,3065481,488323,80921391,81040,603096526,437690929,0
1789567027.620475,59.492,8594038,595991,0,111,80,118,109792,859607,32459532,13395176,825356,61284740,48387876,64771556,0,1936908,0,0,2,0,14278195,3152276717,3171192388,48,48,206339,1530869,3065481,484227,80922170,81040,603096526,437690929,0
1789567027.8707612,59.742,8594413,595991,0,111,80,118,109792,859632,32459594,13395176,825356,61284000,48387136,64771556,0,1924612,0,0,2,0,14278565,3152276717,3171192689,48,48,206339,1530850,3065444,481153,80922170,81040,603096526,437690929,0
1789567028.121066,59.993,8594789,595991,0,111,80,118,109792,859657,32459649,13395176,825356,61284000,48387136,64771556,0,1916420,0,0,2,0,14278763,3152276717,3171193608,48,48,206339,1530850,3065444,479105,80922171,81040,603096526,437690929,0
1789567028.3713768,60.243,8595163,595991,0,111,80,118,109793,859682,32459824,13415848,846028,61279688,48361944,64771556,0,1900036,0,0,2,0,14282001,3152276717,3171194737,48,48,211507,1530738,3065218,475009,80922192,81040,603096526,437690929,0
1789567028.6217797,60.493,8595539,595991,0,111,80,118,109794,859706,32459914,13447288,877468,61274080,48324688,64771556,0,1895932,0,0,2,0,14282371,3152277011,3171195034,48,48,219367,1530592,3064928,473983,80922196,81040,603096526,437690929,0
1789567028.8721805,60.744,8595914,595991,0,111,80,118,109796,859730,32459966,13479432,909612,61267256,48285288,64771556,0,1879548,0,0,2,0,14283056,3152277614,3171195643,48,48,227403,1530411,3064564,469887,80922196,81040,603096526,437690929,0
1789567029.1225052,60.994,8596289,595991,0,111,80,118,109797,859754,32460048,13511784,941964,61272592,48257608,64771556,0,1867252,0,0,2,0,14285771,3152277614,3171196724,48,48,235491,1530527,3064797,466813,80922197,81040,603096526,437690929,0
1789567029.3728223,61.244,8596665,595991,0,111,80,118,109798,859778,32460142,13544084,974264,61274416,48226696,64771556,0,1859060,0,1,2,0,14286638,3152277647,3171196918,48,48,243566,1530562,3064866,464765,80922197,81040,603096526,437690929,0
1789567029.6231575,61.495,8597040,595991,0,111,80,118,109799,859802,32460198,13576168,1006348,61270764,48190544,64771556,0,1838572,0,0,2,0,14289431,3152277901,3171197820,48,48,251587,1530461,3064664,459643,80922201,81040,603096526,437690929,0
1789567029.8734639,61.745,8597415,595992,0,111,80,118,109800,859826,32460260,13608200,1038452,61268112,48155408,64771556,0,1830380,0,0,2,0,14290143,3152278546,3171198472,48,48,259613,1530383,3064509,457595,80922201,81040,603096526,437691093,0
1789567030.1237886,61.995,8597788,595992,0,111,80,118,109803,859850,32460390,13640712,630736,61272492,48126648,64771556,0,2262328,0,0,2,0,14291776,3152278988,3171199000,48,48,157684,1530478,3064698,565582,80922202,81040,603096534,438131345,0
1789567030.3741086,62.246,8598164,595992,0,111,80,118,109804,859875,32460449,13672648,662672,61274304,48096120,64771556,0,2250032,0,0,2,0,14293367,3152278988,3171199471,48,48,165668,1530513,3064768,562508,80922202,81040,603096534,438131345,0
1789567030.624414,62.496,8598539,595992,0,111,80,118,109804,859899,32460514,13695960,686036,61274380,48072508,64771556,0,2233648,0,0,2,0,14295903,3152279006,3171199953,48,48,171509,1530505,3064753,558412,80922468,81040,603096534,438131405,0
1789567030.8747313,62.746,8598914,595992,0,111,80,118,109806,859923,32460575,13695960,685952,61274380,48072508,64771556,0,2221408,0,0,2,0,14298050,3152279006,3171200866,48,48,171488,1530505,3064753,555352,80922991,81040,603096534,438131405,0
1789567031.125076,62.997,8599290,595992,0,111,80,118,109807,859947,32460632,13696100,686092,61274484,48072468,64771556,0,2213216,0,0,2,0,14298430,3152279006,3171201140,48,48,171523,1530508,3064758,553304,80923331,81040,603096534,438131405,0
1789567031.3753765,63.247,8599664,595992,0,111,80,118,109808,859971,32460749,13696100,686092,61262788,48060768,64771556,0,2196832,0,0,2,0,14298843,3152279021,3171201481,48,48,171523,1530216,3064174,549208,80923995,81040,603096534,438131405,0
1789567031.6256742,63.497,8600039,595992,0,111,80,118,109808,859996,32460810,13696100,686092,61262004,48059968,64771556,0,2184536,0,0,2,0,14300548,3152279021,3171201811,48,48,171523,1530196,3064135,546134,80925092,81040,603096534,438131405,0
1789567031.876021,63.748,8600415,595992,0,111,80,118,109808,860021,32460860,13696100,686092,61257964,48055928,64771556,0,2176344,0,0,2,0,14300961,3152279386,3171202180,48,48,171523,1530096,3063933,544086,80926014,81040,603096534,438131405,0
1789567032.1264048,63.998,8600790,595992,0,111,80,118,109808,860046,32460917,13696100,686092,61257764,48055728,64771556,0,2164048,0,0,2,0,14301657,3152279386,3171202211,48,48,171523,1530091,3063923,541012,80927025,81040,603096534,438131405,0
1789567032.376787,64.248,8601166,595992,0,111,80,118,109809,860071,32460980,13696100,686092,61254236,48052200,64771556,0,2147664,0,0,2,0,14304208,3152279386,3171202675,48,48,171523,1530002,3063746,536916,80928111,81040,603096534,438131405,0
1789567032.6271927,64.499,8601541,595992,0,111,80,118,109809,860096,32461033,13696100,686092,61254268,48052232,64771556,0,2135368,0,0,2,0,14306368,3152279386,3171203576,48,48,171523,1530003,3063748,533842,80928324,81040,603096534,438131405,0
1789567032.8775754,64.749,8601917,595992,0,111,80,118,109809,860121,32461097,13696100,686092,61250488,48048452,64771556,0,2127176,0,0,2,0,14307391,3152279386,3171203861,48,48,171523,1529909,3063559,531794,80929034,81040,603096534,438131405,0
1789567033.1279597,64.999,8602292,595992,0,111,80,118,109809,860145,32461184,13696100,686092,61250932,48048896,64771556,0,2110984,0,0,2,0,14309175,3152279386,3171204202,48,48,171523,1529920,3063581,527746,80930116,81040,603096534,438131405,0
1789567033.378345,65.25,8602667,595992,0,111,80,118,109809,860170,32461289,13696100,686092,61243256,48041220,64771556,0,2102592,0,0,2,0,14309182,3152279390,3171204205,48,48,171523,1529728,3063197,525648,80930831,81040,603096534,438131405,0
1789567033.6287515,65.5,8603043,595992,0,111,80,118,109809,860195,32461344,13696100,686092,61231024,48028988,64771556,0,2085952,0,0,2,0,14311725,3152279390,3171204680,48,48,171523,1529423,3062586,521488,80931933,81040,603096534,438131405,0
1789567033.879157,65.751,8603418,595992,0,111,80,118,109809,860220,32461394,13696100,686092,61231024,48028988,64771556,0,2073824,0,0,2,0,14313305,3152279390,3171205171,48,48,171523,1529423,3062586,518456,80932641,81040,603096534,438131405,0
1789567034.1295316,66.001,8603794,595992,0,111,80,118,109809,860245,32461453,13696100,686092,61232236,48030200,64771556,0,2060928,0,0,2,0,14314980,3152279390,3171205663,48,48,171523,1529453,3062647,515232,80932642,81040,603096534,438131405,0
1789567034.3799157,66.251,8604169,595992,0,111,80,118,109809,860271,32461512,13696100,686092,61232236,48030200,64771556,0,2052832,0,0,2,0,14315331,3152279659,3171206095,48,48,171523,1529453,3062647,513208,80932643,81040,603096534,438131405,0
1789567034.630259,66.502,8604544,595992,0,111,80,118,109810,860295,32461571,13716964,706956,61230028,48006984,64771556,0,2040100,0,0,2,0,14315944,3152279659,3171206169,48,48,176739,1529394,3062529,510025,80932644,81040,603096534,438131405,0
1789567034.8806195,66.752,8604919,595992,0,111,80,118,109811,860319,32461655,13748708,738732,61223952,47968708,64771556,0,2019268,0,0,2,0,14316985,3152281400,3171207930,48,48,184683,1529230,3062199,504817,80932646,81040,603096534,438131533,0
1789567035.1309607,67.002,8605295,595992,0,111,80,118,109812,860343,32461720,13780536,770548,61221508,47933956,64771556,0,2011076,0,0,2,0,14320102,3152281400,3171208843,48,48,192637,1529158,3062056,502769,80932648,81040,603096534,438131549,0
1789567035.3812778,67.253,8605670,595992,0,111,80,118,109812,860368,32461780,13812356,802368,61226028,47906252,64771556,0,1998436,0,0,2,0,14322268,3152281400,3171209763,48,48,200592,1529261,3062262,499609,80932650,81040,603096534,438131549,0
1789567035.6315687,67.503,8606045,595992,0,111,80,118,109813,860392,32461840,13844504,834516,61227264,47874940,64771556,0,1990244,0,0,2,0,14322516,3152281573,3171210317,48,48,208629,1529282,3062304,497561,80932651,81040,603096534,438131549,0
1789567035.8818822,67.753,8606421,595992,0,111,80,118,109814,860416,32461893,13876408,866420,61221688,47836964,64771556,0,1977604,0,0,2,0,14322712,3152281573,3171210446,48,48,216605,1529130,3062000,494401,80932652,81040,603096534,438131549,0
1789567036.1321738,68.004,8606796,595992,0,111,80,118,109815,860440,32461961,13908452,898464,61222892,47805652,64771556,0,1969412,0,0,3,0,14323027,3152281573,3171210879,48,48,224616,1529149,3062037,492353,80932653,81040,603096534,438131549,0
1789567036.3824582,68.254,8607171,595992,0,111,80,118,109816,860464,32462040,13940228,930240,61215432,47765908,64771556,0,1956772,0,0,2,0,14325121,3152281573,3171210879,48,48,232560,1528950,3061638,489193,80932654,81040,603096534,438131549,0
1789567036.63275,68.504,8607547,595992,0,111,80,118,109817,860489,32462103,13972440,962452,61211804,47730068,64771556,0,1940036,0,0,2,0,14329311,3152281573,3171212723,48,48,240613,1528849,3061437,485009,80932655,81040,603096534,438131549,0
1789567036.8830612,68.755,8607921,595992,0,111,80,118,109818,860514,32462210,13997004,987028,61207636,47700512,64771556,0,1927748,0,0,3,0,14330857,3152281573,3171213168,48,48,246757,1528735,3061207,481937,80933225,81040,603096534,438131549,0
1789567037.1334467,69.005,8608236,595992,0,111,80,118,109821,860595,32463099,13997004,987028,61146348,47639204,64771556,0,1915108,0,0,5,0,14331645,3152281573,3171213308,48,48,246757,1527205,3058144,478777,80946384,81040,603096534,438131549,0
1789567037.3839266,69.255,8608593,595992,0,111,80,118,109824,860639,32464180,13997004,987028,61130200,47623044,64771556,0,1906916,0,0,4,0,14331814,3152281688,3171213423,48,48,246757,1526801,3057336,476729,80950031,81040,603096534,438131549,0
1789567037.6344247,69.506,8608951,595993,0,111,80,118,109826,860677,32464888,13997004,987028,61130200,47623044,64771556,0,1894280,0,0,3,0,14331992,3152281810,3171213577,48,48,246757,1526801,3057336,473570,80950032,81040,603096534,438131549,0
1789567037.8851197,69.757,8609309,595993,0,111,80,118,109827,860715,32465500,13997004,987028,61130200,47623044,64771556,0,1873452,0,0,4,0,14332114,3152282043,3171213812,48,48,246757,1526801,3057336,468363,80950183,81040,603096534,438131549,0
1789567038.1358414,70.007,8609665,595993,0,111,80,118,109829,860761,32466138,13997004,987028,61129844,47622688,64771556,0,1865368,0,0,3,0,14332332,3152282096,3171213922,48,48,246757,1526793,3057319,466342,80950521,81040,603096534,438131549,0
1789567038.386293,70.258,8610022,595993,0,111,80,118,109831,860808,32466860,13997004,987028,61129712,47622544,64771556,0,1852620,0,0,4,0,14332546,3152282176,3171214037,48,48,246757,1526789,3057312,463155,80950532,81040,603096534,438131549,0
1789567038.6369321,70.508,8610376,595993,0,111,80,118,109833,860853,32467447,13997004,987028,61097796,47590628,64771556,0,1844428,0,0,2,0,14332653,3152282278,3171214138,48,48,246757,1525993,3055717,461107,80955921,81040,603096534,438131549,0
1789567038.8873713,70.759,8610734,595993,0,111,80,118,109836,860893,32468023,13997004,987028,61073556,47566388,64771556,0,1831788,0,0,2,0,14332800,3152282390,3171214251,48,48,246757,1525387,3054505,457947,80961802,81040,603096534,438131549,0
1789567039.1378372,71.009,8611094,595993,0,111,80,118,109845,860923,32468740,13028400,18296,61103428,48577352,64771556,0,1815052,0,0,2,0,14336342,3152282707,3171214571,48,48,4263,1526465,3056663,453763,80966449,81040,603096534,438131549,0
1789567039.3882873,71.26,8611459,596015,0,111,80,118,109847,860933,32469440,13016208,6116,61319280,48805948,64771556,0,1802764,0,1,1,0,14336748,3152424069,3171355996,48,48,1529,1531847,3067440,450691,80967993,81041,603096646,438131549,0
1789567039.6386933,71.51,8611835,596041,0,111,80,118,109847,860933,32469548,13016208,6116,61319280,48805948,64771556,0,1790128,0,1,1,0,14336769,3152672347,3171604340,48,48,1529,1531847,3067440,447532,80967994,81041,603096646,438131549,0
1789567039.8890235,71.761,8612210,596066,0,111,80,118,109847,860933,32469663,13016208,6144,61319280,48805948,64771556,0,1781936,0,1,1,0,14336796,3152920518,3171852634,48,48,1536,1531847,3067440,445484,80967997,81041,603096646,438131661,0
1789567040.1393197,72.011,8612585,596091,0,111,80,118,109847,860933,32469783,13016208,4704,61322172,48808840,64771556,0,1769308,0,1,1,0,14336809,3153169728,3172101901,48,48,1176,1531919,3067585,442327,80967999,81041,603096646,438133101,0
1789567040.3896067,72.261,8612960,596116,0,111,80,118,109847,860933,32469888,13016208,4704,61322172,48808840,64771556,0,1761112,0,1,1,0,14336828,3153418906,3172351163,48,48,1176,1531919,3067585,440278,80968000,81041,603096646,438133101,0
1789567040.6399028,72.511,8613335,596141,0,111,80,118,109847,860933,32469998,13016208,4704,61322172,48808840,64771556,0,1748472,0,1,1,0,14336842,3153666173,3172598486,48,48,1176,1531919,3067585,437118,80968005,81041,603096646,438133101,0
1789567040.890209,72.762,8613710,596166,0,111,80,118,109847,860933,32470097,13016208,4704,61322172,48808840,64771556,0,1731740,0,1,1,0,14336858,3153914400,3172846773,48,48,1176,1531919,3067585,432935,80968006,81041,603096646,438133101,0
1789567041.1405087,73.012,8614085,596191,0,111,80,118,109847,860933,32470198,13016208,4704,61323632,48810300,64771556,0,1719452,0,1,1,0,14336872,3154163643,3173096055,48,48,1176,1531956,3067658,429863,80968009,81041,603096646,438133101,0
1789567041.3908267,73.262,8614460,596217,0,111,80,118,109848,860934,32470458,13016208,4704,61327596,48814264,64771556,0,1706816,0,1,1,0,14337096,3154411176,3173344415,48,48,1176,1532055,3067856,426704,80968064,81041,603096646,438133101,0
1789567041.6411827,73.513,8614835,596242,0,111,80,118,109848,860934,32470499,13016208,4704,61327596,48814264,64771556,0,1698624,0,1,1,0,14337096,3154660470,3173593708,48,48,1176,1532055,3067856,424656,80968065,81041,603096646,438133101,0
1789567041.8914857,73.763,8615210,596267,0,111,80,118,109848,860934,32470540,13016208,4704,61327596,48814264,64771556,0,1685988,0,1,1,0,14337096,3154909746,3173842984,48,48,1176,1532055,3067856,421497,80968065,81041,603096646,438133101,0
1789567042.1417854,74.013,8615585,596292,0,111,80,118,109848,860934,32470614,13016208,4704,61331188,48817856,64771556,0,1669252,0,1,1,0,14337102,3155158043,3174091289,48,48,1176,1532144,3068035,417313,80968066,81041,603096646,438133101,0
1789567042.3921015,74.264,8615960,596317,0,111,80,118,109848,860934,32470659,13016208,4704,61331188,48817856,64771556,0,1656964,0,1,1,0,14337102,3155407313,3174340559,48,48,1176,1532144,3068035,414241,80968068,81041,603096646,438133101,0
1789567042.6423817,74.514,8616335,596342,0,111,80,118,109848,860934,32470707,13016208,4704,61331188,48817856,64771556,0,1644328,0,1,1,0,14337102,3155656575,3174589821,48,48,1176,1532144,3068035,411082,80968068,81041,603096646,438133101,0
1789567042.8926651,74.764,8616711,596367,0,111,80,118,109848,860934,32470742,13016208,4704,61331188,48817856,64771556,0,1636136,0,1,1,0,14337102,3155905839,3174839085,48,48,1176,1532144,3068035,409034,80968069,81041,603096646,438133101,0
1789567043.1429665,75.014,8617086,596393,0,111,80,118,109848,860934,32470801,13016208,4704,61336416,48823084,64771556,0,1619400,0,1,1,0,14337102,3156154117,3175087363,48,48,1176,1532275,3068297,404850,80968069,81041,603096646,438133101,0
1789567043.393262,75.265,8617461,596418,0,111,80,118,109848,860934,32470899,13016208,4704,61336416,48823084,64771556,0,1611208,0,1,1,0,14337109,3156402172,3175335683,48,48,1176,1532275,3068297,402802,80968070,81041,603096646,438133101,0
1789567043.643609,75.515,8617836,596443,0,111,80,118,109848,860934,32470944,13016208,4704,61336416,48823084,64771556,0,1598912,0,1,1,0,14337109,3156651459,3175584970,48,48,1176,1532275,3068297,399728,80968072,81041,603096646,438133101,0
1789567043.8939211,75.765,8618211,596468,0,111,80,118,109848,860934,32471001,13016208,4704,61336416,48823084,64771556,0,1582528,0,1,1,0,14337109,3156899770,3175833281,48,48,1176,1532275,3068297,395632,80968073,81041,603096646,438133101,0
1789567044.1442034,76.016,8618586,596493,0,111,80,118,109848,860934,32471058,13016208,4704,61338208,48824876,64771556,0,1570240,0,1,1,0,14337109,3157149034,3176082545,48,48,1176,1532320,3068386,392560,80968073,81041,603096646,438133101,0
1789567044.3944876,76.266,8618961,596518,0,111,80,118,109848,860934,32471097,13016208,4704,61338208,48824876,64771556,0,1562048,0,1,1,0,14337109,3157398300,3176331811,48,48,1176,1532320,3068386,390512,80968074,81041,603096646,438133101,0
1789567044.644779,76.516,8619337,596544,0,111,80,118,109848,860934,32471150,13016208,4704,61338208,48824876,64771556,0,1545664,0,1,1,0,14337109,3157646587,3176580098,48,48,1176,1532320,3068386,386416,80968074,81041,603096646,438133101,0
1789567044.8950758,76.767,8619712,596569,0,111,80,118,109848,860934,32471200,13016208,4704,61338208,48824876,64771556,0,1533360,0,1,1,0,14337109,3157895844,3176829355,48,48,1176,1532320,3068386,383340,80968076,81041,603096646,438133101,0
1789567045.1453555,77.017,8620087,596594,0,111,80,118,109848,860934,32471266,13016196,4704,61339984,48826652,64771556,0,1525168,0,1,1,0,14337110,3158145103,3177078615,48,48,1176,1532364,3068475,381292,80968077,81041,603096646,438133161,0
1789567045.395627,77.267,8620462,596619,0,111,80,118,109848,860934,32471360,13016196,4384,61340236,48826904,64771556,0,1512872,0,1,1,0,14337116,3158394350,3177327870,48,48,1096,1532370,3068488,378218,80968078,81041,603096646,438133461,0
1789567045.645923,77.517,8620837,596644,0,111,80,118,109848,860934,32471409,13016196,4384,61340236,48826904,64771556,0,1504680,0,1,1,0,14337116,3158642642,3177576162,48,48,1096,1532370,3068488,376170,80968079,81041,603096646,438133461,0
1789567045.896203,77.768,8621212,596669,0,111,80,118,109848,860934,32471448,13016196,4384,61340236,48826904,64771556,0,1488296,0,1,1,0,14337117,3158891897,3177825417,48,48,1096,1532370,3068488,372074,80968080,81041,603096646,438133461,0
1789567046.1464763,78.018,8621588,596695,0,111,80,118,109848,860934,32471501,13016208,4388,61342936,48829604,64771556,0,1476008,0,1,1,0,14337117,3159141156,3178074675,48,48,1097,1532438,3068623,369002,80968080,81041,603096646,438133461,0
1789567046.3967547,78.268,8621963,596720,0,111,80,118,109848,860934,32471555,13016208,4388,61342936,48829604,64771556,0,1467816,0,1,1,0,14337117,3159390424,3178323944,48,48,1097,1532438,3068623,366954,80968082,81041,603096646,438133461,0
1789567046.6470459,78.519,8622338,596745,0,111,80,118,109848,860934,32471612,13016208,4388,61342936,48829604,64771556,0,1455512,0,1,1,0,14337117,3159639678,3178573197,48,48,1097,1532438,3068623,363878,80968082,81041,603096646,438133461,0
1789567046.8973153,78.769,8622713,596770,0,111,80,118,109848,860934,32471661,13016208,4388,61342936,48829604,64771556,0,1439128,0,1,1,0,14337117,3159887944,3178821464,48,48,1097,1532438,3068623,359782,80968082,81041,603096646,438133461,0
1789567047.147591,79.019,8623088,596795,0,111,80,118,109848,860934,32471716,13016208,4388,61353320,48839988,64771556,0,1426832,0,1,1,0,14337117,3160137222,3179070742,48,48,1097,1532697,3069142,356708,80968083,81041,603096646,438133461,0
1789567047.3979232,79.269,8623463,596820,0,111,80,118,109848,860934,32471757,13016208,4388,61353320,48839988,64771556,0,1418640,0,1,1,0,14337117,3160386519,3179320038,48,48,1097,1532697,3069142,354660,80968084,81041,603096646,438133461,0
1789567047.648214,79.52,8623839,596846,0,111,80,118,109848,860934,32471807,13016208,4388,61353320,48839988,64771556,0,1402256,0,1,1,0,14337117,3160634794,3179568314,48,48,1097,1532697,3069142,350564,80968086,81041,603096646,438133461,0
1789567047.8984907,79.77,8624214,596871,0,111,80,118,109848,860934,32471844,13016208,4388,61353320,48839988,64771556,0,1389968,0,1,1,0,14337117,3160884049,3179817569,48,48,1097,1532697,3069142,347492,80968086,81041,603096646,438133461,0
1789567048.148771,80.02,8624589,596896,0,111,80,118,109848,860935,32471900,13016208,4388,61358028,48844696,64771556,0,1381776,0,1,1,0,14337117,3161133328,3180066847,48,48,1097,1532814,3069377,345444,80968087,81041,603096646,438133461,0
1789567048.3990686,80.271,8624964,596921,0,111,80,118,109848,860935,32471941,13016208,4388,61358028,48844696,64771556,0,1369488,0,1,1,0,14337117,3161382590,3180316110,48,48,1097,1532814,3069377,342372,80968088,81041,603096646,438133461,0
1789567048.6493561,80.521,8625339,596946,0,111,80,118,109848,860935,32471992,13016208,4388,61358028,48844696,64771556,0,1353472,0,1,1,0,14337118,3161630862,3180564382,48,48,1097,1532814,3069377,338368,80968089,81041,603096646,438133461,0
1789567048.8996406,80.771,8625714,596971,0,111,80,118,109848,860935,32472039,13016208,4388,61358028,48844696,64771556,0,1341024,0,1,1,0,14337118,3161879153,3180812673,48,48,1097,1532814,3069377,335256,80968090,81041,603096646,438133461,0
1789567049.1499398,81.021,8626090,596997,0,111,80,118,109848,860935,32472092,13016208,4388,61357788,48844456,64771556,0,1332600,0,1,1,0,14337118,3162128456,3181061976,48,48,1097,1532808,3069365,333150,80968092,81041,603096646,438133461,0
1789567049.4002485,81.272,8626464,597022,0,111,80,118,109848,860935,32472208,13016208,4388,61361244,48847912,64771556,0,1312120,0,1,1,0,14337124,3162375782,3181309309,48,48,1097,1532895,3069538,328030,80968092,81041,603096646,438133461,0
1789567049.6505585,81.522,8626840,597047,0,111,80,118,109848,860935,32472245,13016208,4388,61361244,48847912,64771556,0,1303928,0,1,1,0,14337124,3162625066,3181558593,48,48,1097,1532895,3069538,325982,80968093,81041,603096646,438133461,0
1789567049.900856,81.772,8627215,597072,0,111,80,118,109848,860935,32472283,13016208,4388,61361244,48847912,64771556,0,1295736,0,1,1,0,14337124,3162874340,3181807867,48,48,1097,1532895,3069538,323934,80968093,81041,603096646,438133461,0
1789567050.151171,82.023,8627590,597097,0,111,80,118,109848,860935,32472332,13016208,4388,61363264,48849932,64771556,0,1283432,0,1,1,0,14337124,3163123645,3182057173,48,48,1097,1532945,3069639,320858,80968095,81041,603096646,438133461,0
1789567050.4014845,82.273,8627965,597122,0,111,80,118,109848,860935,32472390,13016196,4388,61363264,48849932,64771556,0,1267280,0,1,1,0,14337131,3163372824,3182306450,48,48,1097,1532945,3069639,316820,80968096,81041,603096646,438133513,0
1789567050.651774,82.523,8628341,597148,0,111,80,118,109848,860935,32472439,13016196,4388,61363264,48849932,64771556,0,1255112,0,1,1,0,14337131,3163622102,3182555728,48,48,1097,1532945,3069639,313778,80968097,81041,603096646,438133513,0
1789567050.9020717,82.774,8628716,597173,0,111,80,118,109848,860935,32472497,13016208,4428,61363424,48850072,64771556,0,1238368,0,1,1,0,14337137,3163871346,3182804981,48,48,1107,1532949,3069647,309592,80968097,81041,603096646,438133513,0
1789567051.1523464,83.024,8629091,597198,0,111,80,118,109848,860935,32472547,13016208,4428,61366512,48853160,64771556,0,1230176,0,1,1,0,14337138,3164120603,3183054238,48,48,1107,1533026,3069801,307544,80968098,81041,603096646,438133513,0
1789567051.4026341,83.274,8629465,597224,0,111,80,118,109849,860935,32472688,13016208,108,61366788,48853412,64771556,0,1217896,0,1,1,0,14337153,3164359933,3183293593,48,48,27,1533033,3069815,304474,80968099,81041,603096646,438137833,0
1789567051.6529257,83.524,8629840,597249,0,111,80,118,109849,860935,32472735,13016208,108,61366788,48853412,64771556,0,1201512,0,1,1,0,14337154,3164609206,3183542866,48,48,27,1533033,3069815,300378,80968099,81041,603096646,438137833,0
1789567051.9032059,83.775,8630213,597274,0,111,80,118,109849,860936,32472808,13016208,108,61366536,48853160,64771556,0,1189208,0,1,1,0,14337156,3164842656,3183776317,48,48,27,1533027,3069802,297302,80968805,81041,603096646,438137833,0
1789567052.1535017,84.025,8630583,597299,0,111,80,118,109853,860939,32473690,13016216,4268,61364444,48851060,64771556,0,1181016,0,1,1,0,14337247,3165050002,3183987745,48,48,1067,1532974,3069697,295254,80975094,81041,603096646,438137833,0
1789567052.4038906,84.275,8630958,597324,0,111,80,118,109853,860939,32473739,13016216,4268,61366696,48853312,64771556,0,1168720,0,1,1,0,14337247,3165300311,3184238053,48,48,1067,1533031,3069810,292180,80975095,81041,603096646,438137833,0
1789567052.6542048,84.526,8631333,597349,0,111,80,118,109853,860939,32473798,13016216,4268,61366696,48853312,64771556,0,1160528,0,1,2,0,14337248,3165548617,3184486360,48,48,1067,1533031,3069810,290132,80975096,81041,603096646,438137833,0
1789567052.9044986,84.776,8631709,597374,0,111,80,118,109853,860939,32473838,13016212,4268,61366908,48853524,64771556,0,1144136,0,1,1,0,14337248,3165798885,3184736628,48,48,1067,1533036,3069821,286034,80975097,81041,603096646,438137833,0
1789567053.1547935,85.026,8632084,597399,0,111,80,118,109853,860939,32473893,13016212,4268,61366908,48853524,64771556,0,1132060,0,1,1,0,14337248,3166048179,3184985921,48,48,1067,1533036,3069821,283015,80975097,81041,603096646,438137833,0
1789567053.4051018,85.277,8632459,597424,0,111,80,118,109853,860939,32473979,13016212,4268,61366908,48853524,64771556,0,1123940,0,1,1,0,14337258,3166297428,3185235185,48,48,1067,1533036,3069821,280985,80975099,81041,603096646,438137833,0
1789567053.6553845,85.527,8632834,597449,0,111,80,118,109853,860939,32474028,13016212,4268,61366908,48853524,64771556,0,1111432,0,1,1,0,14337266,3166547561,3185485440,48,48,1067,1533036,3069821,277858,80975099,81041,603096646,438137833,0
1789567053.905679,85.777,8633209,597475,0,111,80,118,109853,860939,32474073,13016212,4268,61366908,48853524,64771556,0,1095384,0,1,1,0,14337266,3166795850,3185733729,48,48,1067,1533036,3069821,273846,80975101,81041,603096646,438137833,0
1789567054.1559675,86.027,8633585,597500,0,111,80,118,109853,860939,32474149,13016212,4268,61369252,48855868,64771556,0,1082816,0,1,1,0,14337266,3167045104,3185982983,48,48,1067,1533094,3069938,270704,80975101,81041,603096646,438137833,0
1789567054.4062397,86.278,8633960,597525,0,111,80,118,109853,860939,32474193,13016212,4268,61369252,48855868,64771556,0,1074588,0,1,1,0,14337266,3167295354,3186233233,48,48,1067,1533094,3069938,268647,80975102,81041,603096646,438137833,0
1789567054.6565225,86.528,8634335,597550,0,111,80,118,109853,860939,32474236,13016212,4268,61369252,48855868,64771556,0,1058220,0,1,1,0,14337266,3167544612,3186482492,48,48,1067,1533094,3069938,264555,80975103,81041,603096646,438137833,0
1789567054.9067924,86.778,8634710,597575,0,111,80,118,109853,860939,32474287,13016212,4268,61369252,48855868,64771556,0,1045800,0,1,1,0,14337266,3167794868,3186732747,48,48,1067,1533094,3069938,261450,80975104,81041,603096646,438137833,0
1789567055.1570847,87.029,8635085,597600,0,111,80,118,109853,860939,32474324,13016212,4268,61369252,48855868,64771556,0,1037608,0,1,1,0,14337266,3168045139,3186983018,48,48,1067,1533094,3069938,259402,80975104,81041,603096646,438137833,0
1789567055.4073958,87.279,8635461,597625,0,111,80,118,109853,860939,32474385,13016212,4268,61371304,48857920,64771556,0,1025312,0,1,1,0,14337278,3168294341,3187232298,48,48,1067,1533146,3070040,256328,80975106,81041,603096646,438137833,0
1789567055.6576798,87.529,8635836,597650,0,111,80,118,109853,860939,32474452,13016200,4268,61371304,48857920,64771556,0,1008928,0,1,1,0,14337285,3168542554,3187480569,48,48,1067,1533146,3070040,252232,80975106,81041,603096646,438137869,0
1789567055.907976,87.779,8636211,597676,0,111,80,118,109853,860939,32474495,13016200,4268,61371304,48857920,64771556,0,996632,0,1,1,0,14337285,3168791826,3187729842,48,48,1067,1533146,3070040,249158,80975106,81041,603096646,438137869,0
1789567056.1582665,88.03,8636586,597701,0,111,80,118,109853,860939,32474555,13016212,4276,61371304,48857920,64771556,0,988440,0,1,1,0,14337289,3169041078,3187979100,48,48,1069,1533146,3070040,247110,80975108,81041,603096646,438137869,0
1789567056.4085453,88.28,8636961,597726,0,111,80,118,109853,860939,32474626,13016212,4276,61371304,48857920,64771556,0,972056,0,1,1,0,14337289,3169289354,3188227376,48,48,1069,1533146,3070040,243014,80975109,81041,603096646,438137869,0
1789567056.6588335,88.53,8637336,597751,0,111,80,118,109853,860939,32474677,13016212,4276,61371304,48857920,64771556,0,960056,0,1,1,0,14337289,3169538614,3188476636,48,48,1069,1533146,3070040,240014,80975111,81041,603096646,438137869,0
1789567056.9091053,88.781,8637711,597776,0,111,80,118,109853,860939,32474723,13016212,4276,61371304,48857920,64771556,0,951588,0,1,1,0,14337289,3169787866,3188725888,48,48,1069,1533146,3070040,237897,80975111,81041,603096646,438137869,0
1789567057.1593819,89.031,8638087,597801,0,111,80,118,109853,860939,32474786,13016212,4276,61371304,48857920,64771556,0,939272,0,1,1,0,14337289,3170037140,3188975163,48,48,1069,1533146,3070040,234818,80975112,81041,603096646,438137869,0
1789567057.409676,89.281,8638462,597827,0,111,80,118,109854,860939,32474878,13016212,4276,61373096,48859712,64771556,0,922888,0,1,1,0,14337298,3170285410,3189223445,48,48,1069,1533190,3070130,230722,80975113,81041,603096646,438137869,0
1789567057.659982,89.531,8638837,597852,0,111,80,118,109854,860939,32474931,13016212,4276,61373096,48859712,64771556,0,906496,0,1,1,0,14337298,3170533687,3189471723,48,48,1069,1533190,3070130,226624,80975115,81041,603096646,438137869,0
1789567057.910256,89.782,8639212,597877,0,111,80,118,109854,860939,32474966,13016212,4276,61373096,48859712,64771556,0,898304,0,1,1,0,14337298,3170782942,3189720978,48,48,1069,1533190,3070130,224576,80975115,81041,603096646,438137869,0
1789567058.1605313,90.032,8639587,597902,0,111,80,118,109854,860939,32475026,13016212,4276,61373096,48859712,64771556,0,885664,0,1,1,0,14337298,3171032193,3189970229,48,48,1069,1533190,3070130,221416,80975116,81041,603096646,438137869,0
1789567058.410817,90.282,8639962,597927,0,111,80,118,109854,860939,32475065,13016212,4276,61373096,48859712,64771556,0,877472,0,1,1,0,14337298,3171281456,3190219492,48,48,1069,1533190,3070130,219368,80975117,81041,603096646,438137869,0
1789567058.6610918,90.533,8640338,597952,0,111,80,118,109854,860939,32475113,13016212,4276,61373096,48859712,64771556,0,864832,0,1,1,0,14337299,3171530713,3190468748,48,48,1069,1533190,3070130,216208,80975118,81041,603096646,438137869,0
1789567058.9113703,90.783,8640713,597977,0,111,80,118,109854,860939,32475150,13016212,4276,61373096,48859712,64771556,0,856640,0,1,1,0,14337299,3171779971,3190718006,48,48,1069,1533190,3070130,214160,80975120,81041,603096646,438137869,0
1789567059.161641,91.033,8641088,598003,0,111,80,118,109854,860939,32475207,13016212,4276,61374664,48861280,64771556,0,844000,0,1,1,0,14337299,3172029244,3190967280,48,48,1069,1533230,3070208,211000,80975121,81041,603096646,438137869,0
1789567059.4119456,91.283,8641463,598028,0,111,80,118,109854,860939,32475265,13016212,4276,61374664,48861280,64771556,0,823172,0,1,1,0,14337299,3172276562,3191214598,48,48,1069,1533230,3070208,205793,80975121,81041,603096646,438137869,0
1789567059.6622171,91.534,8641838,598053,0,111,80,118,109854,860939,32475304,13016212,4276,61374664,48861280,64771556,0,814980,0,1,1,0,14337299,3172525823,3191463859,48,48,1069,1533230,3070208,203745,80975122,81041,603096646,438137869,0
1789567059.9124992,91.784,8642213,598078,0,111,80,118,109854,860939,32475355,13016212,4276,61374664,48861280,64771556,0,802536,0,1,1,0,14337299,3172775079,3191713115,48,48,1069,1533230,3070208,200634,80975122,81041,603096646,438137869,0
1789567060.1627755,92.034,8642589,598103,0,111,80,118,109854,860940,32475406,13016212,4276,61376036,48862652,64771556,0,794536,0,1,1,0,14337299,3173024359,3191962395,48,48,1069,1533264,3070277,198634,80975124,81041,603096646,438137869,0
1789567060.4130778,92.285,8642964,598128,0,111,80,118,109854,860940,32475449,13016212,4276,61376036,48862652,64771556,0,781516,0,1,1,0,14337300,3173273616,3192211652,48,48,1069,1533264,3070277,195379,80975125,81041,603096646,438137869,0
1789567060.6633482,92.535,8643339,598154,0,111,80,118,109854,860940,32475502,13016212,4276,61376036,48862652,64771556,0,765068,0,1,1,0,14337300,3173521896,3192459932,48,48,1069,1533264,3070277,191267,80975125,81041,603096646,438137869,0
1789567060.9136267,92.785,8643714,598179,0,111,80,118,109854,860940,32475555,13016200,4276,61376036,48862652,64771556,0,752496,0,1,1,0,14337309,3173771055,3192709181,48,48,1069,1533264,3070277,188124,80975127,81041,603096646,438137917,0
1789567061.1639144,93.035,8644089,598204,0,111,80,118,109854,860940,32475613,13016200,4224,61377240,48863856,64771556,0,739872,0,1,1,0,14337309,3174020335,3192958461,48,48,1056,1533294,3070337,184968,80975127,81041,603096646,438137933,0
1789567061.4141886,93.286,8644464,598229,0,111,80,118,109854,860940,32475696,13016200,4224,61377756,48864372,64771556,0,731680,0,1,1,0,14337315,3174269584,3193207717,48,48,1056,1533307,3070363,182920,80975128,81041,603096646,438137933,0
1789567061.6644726,93.536,8644840,598254,0,111,80,118,109854,860940,32475737,13016200,4224,61377756,48864372,64771556,0,719036,0,1,1,0,14337315,3174518843,3193456977,48,48,1056,1533307,3070363,179759,80975130,81041,603096646,438137933,0
1789567061.9147446,93.786,8645215,598279,0,111,80,118,109854,860940,32475797,13016200,4224,61378164,48864780,64771556,0,702304,0,1,1,0,14337316,3174767127,3193705260,48,48,1056,1533317,3070383,175576,80975131,81041,603096646,438137933,0
1789567062.165029,94.037,8645590,598304,0,111,80,118,109854,860940,32475846,13016200,4224,61378632,48865248,64771556,0,698208,0,1,1,0,14337316,3175016375,3193954509,48,48,1056,1533329,3070407,174552,80975131,81041,603096646,438137933,0
1789567062.4153035,94.287,8645965,598330,0,111,80,118,109854,860940,32475890,13016200,4224,61378632,48865248,64771556,0,681760,0,1,1,0,14337316,3175265627,3194203761,48,48,1056,1533329,3070407,170440,80975132,81041,603096646,438137933,0
1789567062.6655765,94.537,8646340,598355,0,111,80,118,109854,860940,32475935,13016200,4224,61378632,48865248,64771556,0,669572,0,1,1,0,14337316,3175514882,3194453016,48,48,1056,1533329,3070407,167393,80975132,81041,603096646,438137933,0
1789567062.9158685,94.787,8646716,598380,0,111,80,118,109854,860940,32475988,13016212,4228,61378632,48865248,64771556,0,656536,0,1,1,0,14337320,3175764161,3194702303,48,48,1057,1533329,3070407,164134,80975135,81041,603096646,438137933,0
1789567063.1661687,95.038,8647091,598405,0,111,80,118,109854,860940,32476033,13016212,4228,61379112,48865728,64771556,0,648344,0,1,1,0,14337325,3176014409,3194952565,48,48,1057,1533341,3070431,162086,80975135,81041,603096646,438137933,0
1789567063.4164612,95.288,8647466,598430,0,111,80,118,109854,860940,32476090,13016212,4228,61379112,48865728,64771556,0,632188,0,1,1,0,14337325,3176263673,3195201829,48,48,1057,1533341,3070431,158047,80975136,81041,603096646,438137933,0
1789567063.6667423,95.538,8647841,598455,0,111,80,118,109854,860940,32476140,13016212,4228,61379112,48865728,64771556,0,615848,0,1,1,0,14337325,3176512950,3195451105,48,48,1057,1533341,3070431,153962,80975136,81041,603096646,438137933,0
1789567063.9170375,95.789,8648216,598480,0,111,80,118,109854,860940,32476176,13016212,4228,61379112,48865728,64771556,0,603604,0,1,1,0,14337325,3176762206,3195700362,48,48,1057,1533341,3070431,150901,80975137,81041,603096646,438137933,0
1789567064.1673224,96.039,8648591,598505,0,111,80,118,109854,860940,32476229,13016212,4228,61379112,48865728,64771556,0,591360,0,1,1,0,14337326,3177011469,3195949624,48,48,1057,1533341,3070431,147840,80975138,81041,603096646,438137933,0
1789567064.4176123,96.289,8648967,598531,0,111,80,118,109854,860940,32476291,13016212,4228,61379516,48866132,64771556,0,583288,0,1,1,0,14337326,3177260742,3196198898,48,48,1057,1533351,3070451,145822,80975140,81041,603096646,438137933,0
1789567064.667919,96.539,8649342,598556,0,111,80,118,109854,860940,32476343,13016212,4228,61379516,48866132,64771556,0,566948,0,1,1,0,14337326,3177510011,3196448167,48,48,1057,1533351,3070451,141737,80975140,81041,603096646,438137933,0
1789567064.9181895,96.79,8649717,598581,0,111,80,118,109854,860940,32476402,13016212,4228,61379552,48866168,64771556,0,554584,0,1,1,0,14337326,3177759273,3196697429,48,48,1057,1533352,3070453,138646,80975141,81041,603096646,438137933,0
1789567065.1684697,97.04,8650092,598606,0,111,80,118,109854,860940,32476445,13016212,4228,61379552,48866168,64771556,0,550488,0,1,1,0,14337326,3178009525,3196947681,48,48,1057,1533352,3070453,137622,80975141,81041,603096646,438137933,0
1789567065.4187593,97.29,8650467,598631,0,111,80,118,109854,860940,32476537,13016212,4228,61379552,48866168,64771556,0,534148,0,1,1,0,14337334,3178258807,3197196975,48,48,1057,1533352,3070453,133537,80975142,81041,603096646,438137933,0
1789567065.6690686,97.541,8650842,598656,0,111,80,118,109854,860940,32476580,13016212,4228,61379552,48866168,64771556,0,521904,0,1,1,0,14337334,3178508076,3197446244,48,48,1057,1533352,3070453,130476,80975144,81041,603096646,438137933,0
1789567065.919356,97.791,8651218,598681,0,111,80,118,109854,860940,32476637,13016204,4212,61379552,48866168,64771556,0,509632,0,1,1,0,14337334,3178756350,3197694518,48,48,1053,1533352,3070453,127408,80975145,81041,603096646,438137997,0
1789567066.1696315,98.041,8651593,598707,0,111,80,118,109854,860940,32476698,13016212,4256,61379552,48866168,64771556,0,501468,0,1,1,0,14337335,3179005600,3197943769,48,48,1064,1533352,3070453,125367,80975146,81041,603096646,438137997,0
1789567066.4199207,98.291,8651968,598732,0,111,80,118,109855,860940,32476749,13016204,4256,61379552,48866168,64771556,0,485204,0,1,1,0,14337341,3179254838,3198193043,48,48,1064,1533352,3070453,121301,80975146,81041,603096646,438138029,0
1789567066.6702037,98.542,8652343,598757,0,111,80,118,109855,860940,32476803,13016204,4256,61379552,48866168,64771556,0,472904,0,1,1,0,14337341,3179504096,3198442301,48,48,1064,1533352,3070453,118226,80975147,81041,603096646,438138029,0
1789567066.9204848,98.792,8652718,598782,0,111,80,118,109855,860940,32476842,13016204,4256,61379552,48866168,64771556,0,460716,0,1,1,0,14337341,3179753354,3198691558,48,48,1064,1533352,3070453,115179,80975148,81041,603096646,438138029,0
1789567067.1707628,99.042,8653093,598807,0,111,80,118,109855,860940,32476898,13016204,4256,61379552,48866168,64771556,0,452524,0,1,1,0,14337341,3180002648,3198940852,48,48,1064,1533352,3070453,113131,80975150,81041,603096646,438138029,0
1789567067.42108,99.293,8653469,598832,0,111,80,118,109855,860940,32476951,13016204,4256,61379552,48866168,64771556,0,440344,0,1,1,0,14337341,3180251913,3199190118,48,48,1064,1533352,3070453,110086,80975150,81041,603096646,438138029,0
1789567067.6713657,99.543,8653844,598857,0,111,80,118,109855,860940,32477000,13016204,4256,61379552,48866168,64771556,0,424060,0,1,1,0,14337341,3180500184,3199438389,48,48,1064,1533352,3070453,106015,80975151,81041,603096646,438138029,0
1789567067.9216373,99.793,8654219,598882,0,111,80,118,109855,860940,32477049,13016212,4256,61379552,48866168,64771556,0,411524,0,1,1,0,14337344,3180749432,3199687641,48,48,1064,1533352,3070453,102881,80975151,81041,603096646,438138029,0
1789567068.1719365,100.043,8654594,598908,0,111,80,118,109855,860940,32477094,13016212,4256,61379552,48866168,64771556,0,403332,0,1,1,0,14337344,3180998713,3199936922,48,48,1064,1533352,3070453,100833,80975153,81041,603096646,438138029,0
1789567068.422214,100.294,8654969,598933,0,111,80,118,109855,860940,32477159,13016212,4256,61379552,48866168,64771556,0,386948,0,1,1,0,14337345,3181246991,3200185201,48,48,1064,1533352,3070453,96737,80975153,81041,603096646,438138029,0
1789567068.6724987,100.544,8655344,598958,0,111,80,118,109855,860940,32477206,13016212,4256,61379552,48866168,64771556,0,374652,0,1,1,0,14337345,3181496253,3200434463,48,48,1064,1533352,3070453,93663,80975156,81041,603096646,438138029,0
1789567068.9227808,100.794,8655720,598983,0,111,80,118,109855,860940,32477239,13016212,4256,61379552,48866168,64771556,0,366460,0,1,1,0,14337345,3181745521,3200683731,48,48,1064,1533352,3070453,91615,80975156,81041,603096646,438138029,0
1789567069.1730635,101.045,8656095,599008,0,111,80,118,109855,860940,32477300,13016212,4256,61380060,48866676,64771556,0,354228,0,1,1,0,14337345,3181994775,3200932985,48,48,1064,1533364,3070478,88557,80975157,81041,603096646,438138029,0
1789567069.423339,101.295,8656470,599033,0,111,80,118,109855,860940,32477441,13016212,4256,61380060,48866676,64771556,0,338020,0,1,1,0,14337383,3182242838,3201181250,48,48,1064,1533364,3070478,84505,80975158,81041,603096646,438138029,0
1789567069.673616,101.545,8656845,599059,0,111,80,118,109855,860940,32477502,13016212,4256,61380060,48866676,64771556,0,325676,0,1,1,0,14337392,3182491005,3201429538,48,48,1064,1533364,3070478,81419,80975158,81041,603096646,438138029,0
1789567069.9239135,101.795,8657220,599084,0,111,80,118,109855,860940,32477536,13016212,4256,61380060,48866676,64771556,0,317772,0,2,1,0,14337392,3182741268,3201679801,48,48,1064,1533364,3070478,79443,80975160,81041,603096646,438138029,0
1789567070.1741817,102.046,8657595,599109,0,111,80,118,109855,860940,32477587,13016212,4256,61380060,48866676,64771556,0,301148,0,1,1,0,14337392,3182990517,3201929051,48,48,1064,1533364,3070478,75287,80975160,81041,603096646,438138029,0
1789567070.4244518,102.296,8657970,599134,0,111,80,118,109855,860940,32477636,13016212,4256,61380060,48866676,64771556,0,288852,0,1,1,0,14337392,3183239774,3202178308,48,48,1064,1533364,3070478,72213,80975161,81041,603096646,438138029,0
1789567070.6747425,102.546,8658346,599159,0,111,80,118,109855,860940,32477673,13016212,4256,61380060,48866676,64771556,0,280660,0,1,1,0,14337392,3183489060,3202427594,48,48,1064,1533364,3070478,70165,80975162,81041,603096646,438138029,0
1789567070.9250422,102.797,8658721,599184,0,111,80,118,109855,860940,32477733,13016212,4260,61380096,48866712,64771556,0,268124,0,1,1,0,14337392,3183738314,3202676847,48,48,1065,1533365,3070480,67031,80975163,81041,603096646,438138029,0
1789567071.1753154,103.047,8659096,599209,0,111,80,118,109855,860940,32477788,13016212,4260,61380096,48866712,64771556,0,251740,0,1,1,0,14337392,3183986589,3202925122,48,48,1065,1533365,3070480,62935,80975163,81041,603096646,438138029,0
1789567071.4256027,103.297,8659471,599235,0,111,80,118,109855,860940,32477850,13016212,4264,61380096,48866712,64771556,0,239444,0,1,1,0,14337399,3184235801,3203174383,48,48,1066,1533365,3070480,59861,80975165,81041,603096646,438138065,0
1789567071.6758926,103.547,8659846,599260,0,111,80,118,109856,860940,32477895,13008020,4264,61377440,48872092,64771556,0,231252,0,1,1,0,14337409,3184485410,3203424002,48,48,1066,1533299,3070348,57813,80975165,81041,603096646,438138065,0
1789567071.9261818,103.798,8660221,599285,0,111,80,118,109856,860940,32477956,12991636,4264,61380364,48891476,64771556,0,214868,0,1,1,0,14337418,3184732377,3203670969,48,48,1066,1533374,3070497,53717,80975167,81041,603096646,438138065,0
1789567072.1764593,104.048,8660597,599310,0,111,80,118,109856,860940,32478016,12987540,4264,61378160,48891476,64771556,0,202692,0,1,1,0,14337431,3184982402,3203921073,48,48,1066,1533320,3070389,50673,80975167,81041,603096646,438138065,0
1789567072.426735,104.298,8660972,599335,0,111,80,118,109856,860940,32478071,12987540,4264,61378160,48891476,64771556,0,194500,0,1,1,0,14337431,3185231668,3204170339,48,48,1066,1533320,3070389,48625,80975168,81041,603096646,438138065,0
1789567072.677025,104.549,8661347,599360,0,111,80,118,109856,860940,32478126,12987540,4264,61378160,48891476,64771556,0,174176,0,1,1,0,14337432,3185479942,3204418612,48,48,1066,1533320,3070389,43544,80975169,81041,603096646,438138065,0
1789567072.9273117,104.799,8661722,599385,0,111,80,118,109856,860940,32478165,12987540,4264,61378160,48891476,64771556,0,165984,0,1,1,0,14337432,3185729212,3204667883,48,48,1066,1533320,3070389,41496,80975170,81041,603096646,438138065,0
1789567073.1776078,105.049,8662097,599410,0,111,80,118,109856,860940,32478222,12987540,4264,61378160,48891476,64771556,0,149308,0,1,1,0,14337432,3185978485,3204917156,48,48,1066,1533320,3070389,37327,80975171,81041,603096646,438138065,0
1789567073.427908,105.299,8662473,599435,0,111,80,118,109856,860940,32478304,12987540,4264,61378160,48891476,64771556,0,141116,0,1,1,0,14337442,3186227758,3205166443,48,48,1066,1533320,3070389,35279,80975172,81041,603096646,438138065,0
1789567073.678202,105.55,8662848,599460,0,111,80,118,109856,860940,32478341,12987540,4264,61378160,48891476,64771556,0,132968,0,1,1,0,14337442,3186478010,3205416696,48,48,1066,1533320,3070389,33242,80975173,81041,603096646,438138065,0
1789567073.9284754,105.8,8663223,599485,0,111,80,118,109856,860940,32478390,12987540,4264,61378160,48891476,64771556,0,116628,0,1,1,0,14337443,3186726287,3205664972,48,48,1066,1533320,3070389,29157,80975174,81041,603096646,438138065,0
1789567074.178749,106.05,8663598,599511,0,111,80,118,109856,860941,32478433,12987540,4264,61378160,48891476,64771556,0,104404,0,1,2,0,14337443,3186975556,3205914241,48,48,1066,1533320,3070389,26101,80975175,81041,603096646,438138065,0
1789567074.4290483,106.301,8663973,599536,0,111,80,118,109856,860941,32478492,12987540,4264,61378160,48891476,64771556,0,92216,0,1,1,0,14337443,3187224820,3206163505,48,48,1066,1533320,3070389,23054,80975177,81041,603096646,438138065,0
1789567074.6793218,106.551,8664348,599561,0,111,80,118,109856,860941,32478530,12987540,4264,61378160,48891476,64771556,0,84144,0,1,1,0,14337443,3187475068,3206413753,48,48,1066,1533320,3070389,21036,80975177,81041,603096646,438138065,0
1789567074.9295974,106.801,8664724,599586,0,111,80,118,109856,860941,32478597,12987540,4264,61378160,48891476,64771556,0,67608,0,1,1,0,14337443,3187723351,3206662037,48,48,1066,1533320,3070389,16902,80975177,81041,603096646,438138065,0
1789567075.1798918,107.051,8665099,599611,0,111,80,118,109856,860941,32478644,12987540,4264,61378160,48891476,64771556,0,55364,0,1,1,0,14337443,3187972624,3206911309,48,48,1066,1533320,3070389,13841,80975178,81041,603096646,438138065,0
1789567075.4301615,107.302,8665474,599636,0,111,80,118,109856,860941,32478689,12987540,4264,61378160,48891476,64771556,0,43076,0,1,1,0,14337443,3188221884,3207160569,48,48,1066,1533320,3070389,10769,80975179,81041,603096646,438138065,0
1789567075.6804452,107.552,8665849,599661,0,111,80,118,109856,860941,32478730,12983500,4264,61380288,48899628,64771556,0,34928,0,1,1,0,14337447,3188471565,3207410250,48,48,1066,1533373,3070495,8732,80975180,81041,603096646,438138065,0
1789567075.930734,107.802,8666224,599682,0,111,80,118,109861,860941,32478831,12238028,4264,61396076,49666932,64771556,0,18588,0,1,1,0,14340261,3188582566,3207521251,48,48,1066,1533913,3071577,4647,80975181,81041,603096646,438138065,0
1789567076.1810365,108.053,8666599,599707,0,111,80,118,109861,860941,32478898,12237524,4264,61395804,49667136,64771556,0,6344,0,1,1,0,14340266,3188831817,3207770511,48,48,1066,1533909,3071569,1586,80975182,81041,603096646,438138065,0
1789567076.431323,108.303,8666974,599715,0,111,80,118,109878,860941,32479107,9241092,4568,61433468,52739748,64771556,0,0,0,0,2,0,14356367,3188886489,3207825183,48,48,1142,1535808,3075371,0,80975182,81041,603096646,438138437,0
