t,t_rel,cpu_idle,cpu_iowait,cpu_irq,cpu_nice,cpu_softirq,cpu_steal,cpu_system,cpu_user,ctxt,mem_Cached,mem_Dirty,mem_MemAvailable,mem_MemFree,mem_MemTotal,mem_SwapCached,mem_Writeback,mem_WritebackTmp,procs_blocked,procs_running,psi_cpu_full_total,psi_cpu_some_total,psi_io_full_total,psi_io_some_total,psi_memory_full_total,psi_memory_some_total,vm_nr_dirty,vm_nr_dirty_background_threshold,vm_nr_dirty_threshold,vm_nr_writeback,vm_pgfault,vm_pgmajfault,vm_pgpgin,vm_pgpgout,vm_pswpout
1789395294.9784899,0.0,11170209,141874,0,192,67,53,84975,698178,26163690,145164,1652,63817704,64185220,64771552,0,0,0,1,1,0,12144280,617204274,619962369,43,47,413,1594194,3192287,0,57967053,51564,404726633,395583777,0
1789395295.2307143,0.252,11170454,141891,0,192,67,53,84976,698318,26164318,155136,1664,63809504,64170828,64771552,0,0,0,0,17,0,12146169,617232003,619990156,43,47,416,1594155,3192208,0,57969715,51637,404738789,395583777,0
1789395295.4813159,0.503,11170824,141907,0,192,67,53,84978,698330,26165008,161152,1664,63794564,64152152,64771552,0,0,0,1,1,0,12146543,617281966,620040167,43,47,416,1593875,3191647,0,57974494,51665,404746837,395583777,0
1789395295.7318137,0.753,11171199,141930,0,192,67,53,84980,698330,26165728,190476,1696,63764048,64106732,64771552,0,0,0,0,2,0,12147293,617428559,620186774,43,47,424,1593485,3190867,0,57978726,51863,404775969,395583777,0
1789395295.9822528,1.004,11171564,141953,0,192,67,53,84982,698340,26167825,200760,1696,63746152,64083664,64771552,0,0,0,0,2,0,12148090,617566282,620324501,43,47,424,1593168,3190231,0,57981810,51973,404786305,395583777,0
1789395296.2327278,1.254,11171934,141975,0,192,67,53,84983,698346,26169563,207720,1696,63733588,64067568,64771552,0,0,0,1,1,0,12149093,617740963,620499249,43,47,424,1592942,3189780,0,57983977,51979,404793361,395583777,0
1789395296.4831936,1.505,11172300,141996,0,192,67,53,84985,698358,26170819,216104,1696,63715860,64045656,64771552,0,0,0,0,2,0,12150153,617906446,620664765,43,47,424,1592604,3189103,0,57989070,51979,404801757,395583777,0
1789395296.733658,1.755,11172659,142006,0,192,67,53,84990,698385,26174256,219372,1696,63720336,64048500,64771552,0,0,0,0,4,0,12150760,617937264,620695584,43,47,424,1592757,3189408,0,58001627,51987,404805033,395583809,0
1789395296.9841206,2.006,11173012,142018,0,192,67,53,84993,698416,26176659,222208,1696,63683736,64010484,64771552,0,0,0,0,2,0,12151246,618001333,620759659,43,47,424,1591878,3187649,0,58012004,51988,404808029,395583809,0
1789395297.2345955,2.256,11173378,142029,0,192,67,53,84995,698436,26179336,225372,1696,63663788,63988960,64771552,0,0,0,0,3,0,12152556,618084568,620842894,43,47,424,1591420,3186731,0,58016825,51988,404811009,395583809,0
1789395297.4850905,2.507,11173739,142041,0,192,67,53,84997,698462,26183341,228192,1696,63646204,63969972,64771552,0,0,0,0,2,0,12153187,618160791,620919118,43,47,424,1591016,3185922,0,58021001,51988,404813825,395583809,0
1789395297.7355685,2.757,11174095,142055,0,192,67,53,84999,698490,26186372,231420,1696,63622752,63944820,64771552,0,0,0,0,4,0,12153734,618231545,620989871,43,47,424,1590473,3184835,0,58026813,51999,404817233,395583809,0
1789395297.9860706,3.008,11174445,142061,0,192,67,53,85001,698532,26192013,233104,1696,63612424,63933664,64771552,0,0,0,0,4,0,12154227,618260871,621019207,43,47,424,1590236,3184360,0,58029104,52004,404818753,395583809,0
1789395298.2367911,3.258,11174800,142074,0,192,67,53,85003,698563,26194968,235908,1696,63601648,63921480,64771552,0,0,0,1,5,0,12155142,618332378,621090793,43,47,424,1590002,3183891,0,58030820,52005,404821553,395583809,0
1789395298.4875147,3.509,11175166,142081,0,192,67,53,85006,698585,26199255,237324,1696,63643544,63962452,64771552,0,0,0,1,1,0,12155930,618355083,621113500,43,47,424,1591071,3186032,0,58035875,52008,404823413,395583813,0
1789395298.7449744,3.766,11175556,142104,0,192,67,53,85007,698586,26199902,264804,1696,63627776,63932836,64771552,0,0,0,1,1,0,12157315,618590539,621349012,43,47,424,1591023,3185936,0,58037662,52236,404851257,395583813,0
1789395298.9991314,4.021,11175934,142122,0,192,67,53,85009,698592,26200525,278704,1696,63613256,63909112,64771552,0,0,0,1,1,0,12158322,618772662,621531196,43,47,424,1590786,3185462,0,58041561,52344,404865405,395583813,0
1789395299.2513447,4.273,11176313,142138,0,192,67,53,85011,698599,26201042,290072,1696,63603476,63888272,64771552,0,0,0,1,1,0,12159459,618935477,621694155,43,47,424,1590542,3184973,0,58045448,52438,404876793,395583813,0
1789395299.5023031,4.524,11176682,142153,0,192,67,53,85013,698613,26202548,296580,1696,63589060,63866840,64771552,0,0,0,1,2,0,12160617,619034004,621792715,43,47,424,1590182,3184252,0,58048991,52450,404883653,395583813,0
1789395299.7527342,4.774,11177042,142166,0,192,67,53,85014,698638,26204001,299824,1696,63578000,63852440,64771552,0,0,0,0,2,0,12161197,619118016,621876728,43,47,424,1589906,3183699,0,58052574,52454,404886733,395583813,0
1789395300.0031204,5.025,11177379,142176,0,192,67,53,85016,698689,26206332,301952,1696,63535048,63807364,64771552,0,0,0,1,4,0,12161555,619158407,621917124,43,47,424,1588834,3181552,0,58065511,52454,404888865,395583813,0
1789395300.253601,5.275,11177713,142186,0,192,67,53,85019,698742,26208530,304376,1696,63489892,63759768,64771552,0,0,0,0,3,0,12162073,619196331,621955048,43,47,424,1587706,3179295,0,58077350,52454,404891285,395583813,0
1789395300.504094,5.526,11178079,142197,0,192,67,53,85022,698762,26210575,307748,1696,63466528,63733056,64771552,0,0,0,1,1,0,12162590,619273797,622032514,43,47,424,1587123,3178127,0,58083649,52454,404894669,395583813,0
1789395300.7545774,5.776,11178417,142206,0,192,67,53,85025,698811,26214332,310196,1696,63451308,63715364,64771552,0,0,0,0,2,0,12163013,619307900,622066617,43,47,424,1586743,3177366,0,58087522,52457,404897117,395583813,0
1789395301.0051088,6.027,11178785,142213,0,192,67,53,85027,698833,26215665,312360,1700,63445512,63707376,64771552,0,0,0,0,5,0,12163918,619365047,622123777,43,47,425,1586598,3177077,0,58089516,52458,404899273,395583813,0
1789395301.2558162,6.277,11179139,142226,0,192,67,53,85028,698864,26217564,315848,1796,63434192,63692608,64771552,0,0,0,1,1,0,12164420,619433649,622192380,43,47,449,1586316,3176511,0,58092247,52459,404902681,395583813,0
1789395301.5062711,6.528,11179490,142237,0,192,67,53,85030,698900,26219673,319196,2696,63417504,63672084,64771552,0,0,0,1,2,0,12164758,619479430,622238162,43,47,674,1585899,3175677,0,58097955,52472,404906545,395583813,0
1789395301.756756,6.778,11179841,142241,0,192,67,53,85032,698942,26223884,320480,2696,63409948,63663168,64771552,0,0,0,0,2,0,12165112,619499566,622258298,43,47,674,1585711,3175299,0,58100392,52472,404908045,395583813,0
1789395302.0072143,7.029,11180166,142242,0,192,67,53,85035,699013,26231496,321148,2696,63400188,63652752,64771552,0,0,0,0,2,0,12165741,619503553,622262292,43,47,674,1585467,3174811,0,58105109,52474,404908505,395583813,0
1789395302.2576876,7.279,11180500,142244,0,192,67,53,85038,699071,26236153,321756,2696,63387580,63639508,64771552,0,0,0,0,4,0,12167280,619512578,622271317,43,47,674,1585152,3174181,0,58108113,52474,404909105,395583813,0
1789395302.508138,7.53,11180846,142253,0,192,67,53,85040,699113,26240493,324132,2696,63378740,63628384,64771552,0,0,0,0,2,0,12167804,619561253,622319993,43,47,674,1584932,3173739,0,58110422,52477,404911481,395583813,0
1789395302.75848,7.78,11181219,142264,0,192,67,53,85041,699130,26241500,327556,2696,63373332,63619564,64771552,0,0,0,0,2,0,12168377,619660334,622419074,43,47,674,1584797,3173469,0,58111839,52477,404914945,395583813,0
1789395303.0088532,8.03,11181591,142271,0,192,67,53,85042,699150,26242496,329340,2696,63361696,63606120,64771552,0,0,0,0,2,0,12168906,619728120,622486867,43,47,674,1584506,3172887,0,58114614,52477,404916721,395583813,0
1789395303.2593126,8.281,11181936,142279,0,192,67,53,85044,699195,26245227,331504,2696,63345620,63587808,64771552,0,0,0,1,1,0,12169213,619760987,622519734,43,47,674,1584105,3172083,0,58119361,52477,404918857,395583813,0
1789395303.5097861,8.531,11182311,142290,0,192,67,53,85045,699206,26245865,334740,2696,63325756,63564724,64771552,0,0,0,0,2,0,12169966,619875480,622634257,43,47,674,1583609,3171090,0,58124283,52477,404922097,395583813,0
1789395303.7602453,8.782,11182671,142295,0,192,67,53,85047,699240,26247923,335724,2696,63299616,63537576,64771552,0,0,0,0,5,0,12170241,619903143,622661919,43,47,674,1582956,3169784,0,58129136,52477,404923209,395583813,0
1789395304.0107164,9.032,11183030,142303,0,192,67,53,85048,699272,26248690,337824,2696,63285332,63521192,64771552,0,0,0,0,2,0,12170635,619955483,622714259,43,47,674,1582600,3169070,0,58134541,52477,404925181,395583813,0
1789395304.2611444,9.283,11183382,142311,0,192,67,53,85051,699310,26251859,339692,2696,63265704,63499288,64771552,0,0,0,0,3,0,12171044,619995044,622753821,43,47,674,1582110,3168088,0,58139881,52477,404927453,395583813,0
1789395304.5116045,9.533,11183721,142315,0,192,67,53,85054,699361,26257634,340892,2696,63238996,63471380,64771552,0,0,0,0,2,0,12171486,620013043,622771820,43,47,674,1581443,3166753,0,58146933,52477,404928649,395583813,0
1789395304.7620947,9.784,11184024,142319,0,192,67,53,85057,699452,26260853,343576,2700,63197416,63427140,64771552,0,0,0,0,5,0,12171646,620016093,622774870,43,47,675,1580405,3164675,0,58160638,52477,404930337,395584805,0
1789395305.012584,10.034,11184383,142329,0,192,67,53,85058,699481,26261723,346552,2700,63172464,63399212,64771552,0,0,0,0,2,0,12172056,620081155,622839933,43,47,675,1579782,3163428,0,58166464,52477,404933333,395584805,0
1789395305.2630742,10.285,11184737,142335,0,192,67,53,85063,699516,26264116,347912,2708,63237132,63462520,64771552,0,0,0,0,2,0,12172965,620091797,622850577,43,47,677,1581397,3166660,0,58176217,52477,404934657,395584805,0
1789395305.5135386,10.535,11185107,142342,0,192,67,53,85064,699537,26266136,349844,2708,63219156,63442576,64771552,0,0,0,0,3,0,12173469,620150241,622909021,43,47,677,1580948,3165762,0,58180888,52477,404936613,395584805,0
1789395305.7640047,10.786,11185479,142348,0,192,67,53,85066,699557,26267131,351716,2708,63196340,63417892,64771552,0,0,0,0,2,0,12173893,620206578,622965358,43,47,677,1580378,3164621,0,58186636,52477,404938477,395584805,0
1789395306.014376,11.036,11185833,142355,0,192,67,53,85068,699594,26270071,353908,2712,63174728,63394084,64771552,0,0,0,0,4,0,12174322,620242755,623001535,43,47,678,1579839,3163541,0,58192444,52478,404940649,395584805,0
1789395306.2648692,11.286,11186160,142359,0,192,67,53,85070,699660,26276215,354908,2768,63163276,63381632,64771552,0,0,0,0,4,0,12174729,620257137,623015917,43,47,692,1579553,3162968,0,58196175,52478,404941657,395584869,0
1789395306.5153737,11.537,11186447,142360,0,192,67,53,85074,699768,26285025,355572,2776,63139648,63357336,64771552,0,0,0,1,4,0,12175194,620258934,623017715,43,47,694,1578963,3161787,0,58201180,52478,404942329,395584869,0
1789395306.7660651,11.788,11186757,142375,0,192,67,53,85082,699833,26293020,484520,2776,63102584,63191328,64771552,0,0,0,0,2,0,12175822,620280751,623039535,43,47,694,1578038,3159934,0,58216546,52478,405071257,395584869,0
1789395307.0165465,12.038,11186990,142375,0,192,67,53,85109,699971,26304509,484604,2776,62700708,62789072,64771552,0,0,0,0,7,0,12176687,620280833,623039616,43,47,694,1568005,3139844,0,58314781,52478,405071341,395584869,0
1789395307.2670758,12.289,11187273,142389,0,192,67,53,85126,700052,26312147,663556,54192,62297696,62207088,64771552,0,0,0,0,5,0,12177131,620304652,623063447,43,47,13548,1557954,3119718,0,58408080,52478,405198845,395584869,0
1789395307.5175638,12.539,11187555,142395,0,192,67,53,85141,700150,26316035,855956,119468,62121832,61837964,64771552,0,0,0,0,5,0,12177428,620314277,623073073,43,47,29867,1553532,3110863,0,58454730,52478,405326349,395584869,0
1789395307.7680593,12.79,11187839,142397,0,192,67,53,85159,700247,26318914,947360,198044,61860716,61484356,64771552,0,0,0,0,6,0,12177627,620317321,623076116,43,47,49511,1546986,3097756,0,58498675,52478,405339469,395584869,0
1789395308.018529,13.04,11188092,142406,0,192,67,53,85178,700365,26323540,1195608,235552,61719076,61093972,64771552,0,0,0,0,6,0,12178044,620332907,623091702,43,47,58888,1543438,3090651,0,58532077,52478,405549497,395584869,0
1789395308.2690463,13.291,11188347,142413,0,192,67,53,85193,700485,26329343,1402764,307680,61682440,60849232,64771552,0,0,0,0,5,0,12178402,620344164,623102963,43,47,76920,1542487,3088747,0,58555617,52478,405684785,395584869,0
1789395308.5195334,13.541,11188635,142414,0,192,67,53,85211,700578,26331827,1550848,399848,61517236,60534932,64771552,0,0,0,0,15,0,12178606,620345137,623103935,43,47,99962,1538349,3080460,0,58566989,52478,405740905,395584869,0
1789395308.770293,13.792,11188892,142422,0,192,67,53,85227,700698,26337037,1820676,445880,61483084,60230220,64771552,0,0,0,0,5,0,12179208,620358586,623117391,43,47,111470,1537480,3078719,0,58584474,52478,405963885,395584869,0
1789395309.0208025,14.042,11189169,142427,0,192,67,53,85240,700800,26342991,2023136,521260,61461708,60005312,64771552,0,0,0,0,5,0,12179657,620368757,623127563,43,47,130315,1536920,3077598,0,58611609,52478,406091389,395584869,0
1789395309.2713037,14.293,11189443,142429,0,192,67,53,85260,700903,26345520,2167520,598076,61302576,59700816,64771552,0,0,0,0,8,0,12179843,620371808,623130614,43,47,149519,1532923,3069594,0,58621239,52478,406159205,395584869,0
1789395309.5218012,14.543,11189732,142436,0,192,67,53,85273,700996,26350440,2423076,666100,61313232,59455428,64771552,0,0,0,0,5,0,12180290,620386936,623145742,43,47,166525,1533177,3070102,0,58636383,52478,406346397,395584869,0
1789395309.7722688,14.794,11190015,142440,0,192,67,53,85284,701094,26354575,2630008,745592,61317984,59252256,64771552,0,0,0,0,5,0,12180610,620395760,623154565,43,47,186398,1533270,3070290,0,58654363,52478,406473901,395584869,0
1789395310.0227573,15.044,11190296,142446,0,192,67,53,85304,701189,26357581,2818708,807848,61170644,58915056,64771552,0,0,0,0,5,0,12180957,620406467,623165272,43,47,201962,1529563,3062867,0,58661456,52478,406601405,395584869,0
1789395310.2732513,15.295,11190593,142450,0,192,67,53,85314,701275,26360926,3059120,887968,61188788,58691640,64771552,0,0,0,0,5,0,12181340,620418102,623176908,43,47,221992,1529937,3063615,0,58676574,52478,406760937,395584869,0
1789395310.5238118,15.545,11190882,142453,0,192,67,53,85332,701366,26363942,3244064,159072,61147424,58464208,64771552,0,818444,0,1,6,0,12181603,620425346,623184154,43,47,39667,1528928,3061594,204712,58690570,52478,406856433,396404077,0
1789395310.774266,15.796,11191180,142542,0,192,67,53,85333,701378,26364150,3262464,60264,61150760,58448632,64771552,0,928056,0,4,1,0,12181616,620641376,623400228,43,47,15066,1528999,3061736,232014,58690889,52478,406856497,396521117,0
1789395311.0246322,16.046,11191480,142642,0,192,67,53,85333,701378,26364249,3262464,60264,61150760,58448632,64771552,0,911672,0,4,1,0,12181618,620890951,623649808,43,47,15066,1528999,3061736,227918,58690889,52478,406856497,396521117,0
1789395311.2750027,16.297,11191780,142742,0,192,67,53,85333,701378,26364298,3262464,60264,61150760,58448632,64771552,0,903480,0,4,1,0,12181620,621141019,623899879,43,47,15066,1528999,3061736,225870,58690891,52478,406856497,396521117,0
1789395311.5253506,16.547,11192080,142843,0,192,67,53,85333,701378,26364373,3262464,60864,61150764,58448632,64771552,0,886744,0,4,1,0,12181627,621391055,624149952,43,47,15216,1528999,3061736,221686,58690892,52478,406856497,396521765,0
1789395311.77569,16.797,11192380,142943,0,192,67,53,85334,701378,26364437,3262464,60864,61150764,58448632,64771552,0,878552,0,4,1,0,12181632,621641096,624400003,43,47,15216,1528999,3061736,219638,58690893,52478,406856497,396521765,0
1789395312.026022,17.048,11192680,143043,0,192,67,53,85334,701378,26364496,3262464,60864,61150764,58448632,64771552,0,862168,0,4,1,0,12181634,621890898,624649809,43,47,15216,1528999,3061736,215542,58690893,52478,406856497,396521765,0
1789395312.2763731,17.298,11192980,143143,0,192,67,53,85334,701378,26364549,3262464,60864,61150764,58448632,64771552,0,853976,0,4,1,0,12181637,622140947,624899869,43,47,15216,1528999,3061736,213494,58690894,52478,406856497,396521765,0
1789395312.5267093,17.548,11193280,143244,0,192,67,53,85334,701378,26364655,3262464,60864,61150764,58448632,64771552,0,837224,0,4,1,0,12181647,622390753,625149690,43,47,15216,1528999,3061736,209306,58690895,52478,406856497,396521765,0
1789395312.7770486,17.799,11193580,143344,0,192,67,53,85334,701378,26364702,3262464,60864,61150764,58448632,64771552,0,829032,0,4,1,0,12181647,622640811,625399748,43,47,15216,1528999,3061736,207258,58690896,52478,406856497,396521765,0
1789395313.0273886,18.049,11193880,143444,0,192,67,53,85334,701378,26364754,3262464,60864,61150764,58448632,64771552,0,812648,0,4,1,0,12181647,622890617,625649553,43,47,15216,1528999,3061736,203162,58690897,52478,406856497,396521765,0
1789395313.2777543,18.299,11194181,143544,0,192,67,53,85334,701378,26364813,3262464,60864,61150764,58448632,64771552,0,804456,0,4,1,0,12181652,623140699,625899641,43,47,15216,1528999,3061736,201114,58690898,52478,406856497,396521765,0
1789395313.5280955,18.55,11194481,143645,0,192,67,53,85334,701378,26364874,3262464,60864,61150764,58448632,64771552,0,787712,0,4,1,0,12181652,623390514,626149456,43,47,15216,1528999,3061736,196928,58690898,52478,406856497,396521765,0
1789395313.778448,18.8,11194781,143745,0,192,67,53,85334,701378,26364930,3262464,60864,61150764,58448632,64771552,0,779520,0,4,1,0,12181652,623640581,626399523,43,47,15216,1528999,3061736,194880,58690900,52478,406856497,396521765,0
1789395314.0287943,19.05,11195081,143845,0,192,67,53,85334,701378,26364989,3262464,60864,61150764,58448632,64771552,0,763136,0,4,1,0,12181654,623890387,626649333,43,47,15216,1528999,3061736,190784,58690901,52478,406856497,396521765,0
1789395314.2791274,19.301,11195381,143946,0,192,67,53,85334,701378,26365043,3262464,60864,61150764,58448632,64771552,0,754944,0,4,1,0,12181658,624140449,626899402,43,47,15216,1528999,3061736,188736,58690903,52478,406856497,396521765,0
1789395314.5294657,19.551,11195681,144046,0,192,67,53,85334,701378,26365102,3262464,60864,61150764,58448632,64771552,0,746752,0,4,1,0,12181658,624390268,627149221,43,47,15216,1528999,3061736,186688,58690903,52478,406856497,396521765,0
1789395314.7798896,19.801,11195981,144146,0,192,67,53,85334,701378,26365151,3262464,60864,61150764,58448632,64771552,0,730008,0,4,1,0,12181658,624640350,627399302,43,47,15216,1528999,3061736,182502,58690904,52478,406856497,396521765,0
1789395315.030229,20.052,11196281,144246,0,192,67,53,85334,701378,26365206,3262464,60864,61150764,58448632,64771552,0,721816,0,4,1,0,12181658,624890412,627649364,43,47,15216,1528999,3061736,180454,58690905,52478,406856497,396521765,0
1789395315.2805662,20.302,11196581,144347,0,192,67,53,85334,701378,26365268,3262464,60864,61150764,58448632,64771552,0,705432,0,4,1,0,12181659,625140268,627899221,43,47,15216,1528999,3061736,176358,58690906,52478,406856497,396521765,0
1789395315.5309665,20.552,11196881,144447,0,192,67,53,85334,701378,26365350,3262464,60864,61150764,58448632,64771552,0,697240,0,4,1,0,12181665,625390317,628149303,43,47,15216,1528999,3061736,174310,58690906,52478,406856497,396521765,0
1789395315.7813146,20.803,11197181,144547,0,192,67,53,85334,701378,26365419,3262464,60864,61150764,58448632,64771552,0,680504,0,4,1,0,12181668,625640118,628399109,43,47,15216,1528999,3061736,170126,58690908,52478,406856497,396521765,0
1789395316.0316768,21.053,11197482,144647,0,192,67,53,85334,701378,26365462,3262464,60864,61150764,58448632,64771552,0,672312,0,4,1,0,12181668,625890216,628649206,43,47,15216,1528999,3061736,168078,58690908,52478,406856497,396521765,0
1789395316.2820268,21.304,11197782,144748,0,192,67,53,85334,701378,26365535,3262464,60864,61150764,58448632,64771552,0,655928,0,4,1,0,12181677,626140252,628899281,43,47,15216,1528999,3061736,163982,58690910,52478,406856497,396521765,0
1789395316.532379,21.554,11198082,144848,0,192,67,53,85334,701378,26365631,3262464,60864,61150764,58448632,64771552,0,647736,0,4,1,0,12181689,626390294,629149339,43,47,15216,1528999,3061736,161934,58690910,52478,406856497,396521765,0
1789395316.7827182,21.804,11198382,144948,0,192,67,53,85334,701378,26365701,3262464,60868,61150764,58448632,64771552,0,630992,0,4,1,0,12181694,626640318,629399393,43,47,15217,1528999,3061736,157748,58690911,52478,406856497,396521793,0
1789395317.0330467,22.055,11198682,145048,0,192,67,53,85334,701378,26365756,3262464,60868,61152296,58450164,64771552,0,622800,0,4,1,0,12181700,626890359,629649446,43,47,15217,1529037,3061813,155700,58690912,52478,406856497,396521793,0
1789395317.2833755,22.305,11198982,145149,0,192,67,53,85334,701378,26365809,3262464,60868,61152296,58450164,64771552,0,606416,0,4,1,0,12181700,627140160,629899247,43,47,15217,1529037,3061813,151604,58690913,52478,406856497,396521793,0
1789395317.5337112,22.555,11199282,145249,0,192,67,53,85334,701378,26365854,3262464,60868,61152296,58450164,64771552,0,598224,0,4,1,0,12181700,627390218,630149305,43,47,15217,1529037,3061813,149556,58690914,52478,406856497,396521793,0
1789395317.784048,22.806,11199582,145349,0,192,67,53,85334,701378,26365922,3262464,60868,61152296,58450164,64771552,0,581480,0,4,1,0,12181700,627640035,630399122,43,47,15217,1529037,3061813,145370,58690915,52478,406856497,396521793,0
1789395318.0343878,23.056,11199882,145449,0,192,67,53,85334,701378,26365974,3262464,60868,61157828,58455696,64771552,0,573288,0,4,1,0,12181724,627890066,630649177,43,47,15217,1529175,3062090,143322,58690915,52478,406856497,396521793,0
1789395318.2847543,23.306,11200182,145550,0,192,67,53,85334,701378,26366037,3262464,60868,61157828,58455696,64771552,0,556904,0,4,1,0,12181724,628139898,630899009,43,47,15217,1529175,3062090,139226,58690916,52478,406856497,396521793,0
1789395318.535115,23.557,11200481,145649,0,192,67,53,85335,701380,26366259,3262492,60868,61157880,58455696,64771552,0,548712,0,4,1,0,12181737,628385525,631146464,43,47,15217,1529176,3062092,137178,58691188,52479,406856529,396521793,0
1789395318.785592,23.807,11200780,145750,0,192,67,53,85335,701381,26366550,3262552,60868,61157688,58455444,64771552,0,531964,0,4,1,0,12181738,628631737,631392676,43,47,15217,1529172,3062083,132991,58691290,52479,406856589,396521793,0
1789395319.035973,24.057,11201080,145850,0,192,67,53,85335,701381,26366593,3262552,60868,61157688,58455444,64771552,0,523772,0,4,1,0,12181738,628881814,631642753,43,47,15217,1529172,3062083,130943,58691290,52479,406856589,396521793,0
1789395319.2863584,24.308,11201380,145950,0,192,67,53,85335,701382,26366665,3262552,60868,61162524,58460280,64771552,0,507388,0,4,1,0,12181738,629131662,631892601,43,47,15217,1529292,3062324,126847,58691291,52479,406856589,396521793,0
1789395319.5367432,24.558,11201680,146051,0,192,67,53,85335,701382,26366720,3262552,60868,61162524,58460280,64771552,0,499196,0,4,1,0,12181738,629381758,632142697,43,47,15217,1529292,3062324,124799,58691291,52479,406856589,396521793,0
1789395319.7871218,24.809,11201980,146151,0,192,67,53,85335,701382,26366789,3262552,60868,61162524,58460280,64771552,0,482460,0,4,1,0,12181743,629631581,632392530,43,47,15217,1529292,3062324,120615,58691294,52479,406856589,396521793,0
1789395320.0374517,25.059,11202280,146251,0,192,67,53,85335,701382,26366852,3262552,60868,61167988,58465744,64771552,0,474268,0,4,1,0,12181747,629881629,632642591,43,47,15217,1529429,3062597,118567,58691294,52479,406856589,396521793,0
1789395320.2878337,25.309,11202580,146351,0,192,67,53,85335,701382,26366908,3262552,60868,61167884,58465640,64771552,0,457884,0,4,1,0,12181747,630131457,632892420,43,47,15217,1529426,3062592,114471,58691295,52479,406856589,396521793,0
1789395320.5381892,25.56,11202880,146452,0,192,67,53,85335,701382,26367016,3262552,60868,61167644,58465400,64771552,0,449692,0,4,1,0,12181760,630381531,633142514,43,47,15217,1529420,3062580,112423,58691298,52479,406856589,396521793,0
1789395320.788558,25.81,11203180,146552,0,192,67,53,85335,701382,26367083,3262552,60868,61167644,58465400,64771552,0,432944,0,4,1,0,12181762,630631367,633392369,43,47,15217,1529420,3062580,108236,58691299,52479,406856589,396521793,0
1789395321.0389237,26.06,11203480,146652,0,192,67,53,85335,701382,26367142,3262552,60868,61171440,58469196,64771552,0,424752,0,4,1,0,12181766,630881413,633642420,43,47,15217,1529515,3062770,106188,58691299,52479,406856589,396521793,0
1789395321.2892683,26.311,11203780,146753,0,192,67,53,85335,701382,26367201,3262552,60868,61176128,58473884,64771552,0,416560,0,4,1,0,12181766,631131239,633892246,43,47,15217,1529632,3063004,104140,58691302,52479,406856589,396521793,0
1789395321.5396569,26.561,11204081,146853,0,192,67,53,85335,701382,26367249,3262552,60868,61176128,58473884,64771552,0,400176,0,4,1,0,12181766,631381330,634142337,43,47,15217,1529632,3063004,100044,58691302,52479,406856589,396521793,0
1789395321.7899883,26.811,11204381,146953,0,192,67,53,85335,701382,26367306,3262552,60868,61176128,58473884,64771552,0,391632,0,4,1,0,12181767,631631400,634392407,43,47,15217,1529632,3063004,97908,58691303,52479,406856589,396521821,0
1789395322.0403326,27.062,11204681,147053,0,192,67,53,85335,701382,26367364,3262552,60868,61176128,58473884,64771552,0,375248,0,4,1,0,12181767,631881199,634642207,43,47,15217,1529632,3063004,93812,58691303,52479,406856589,396521821,0
1789395322.290674,27.312,11204981,147154,0,192,67,53,85335,701382,26367419,3262552,60868,61183456,58481212,64771552,0,367056,0,4,1,0,12181769,632131310,634892323,43,47,15217,1529815,3063371,91764,58691305,52479,406856589,396521821,0
1789395322.5410712,27.563,11205281,147254,0,192,67,53,85335,701382,26367474,3262552,60868,61183204,58480960,64771552,0,350672,0,4,1,0,12181769,632381134,635142147,43,47,15217,1529809,3063358,87668,58691306,52479,406856589,396521821,0
1789395322.7914295,27.813,11205581,147354,0,192,67,53,85335,701382,26367550,3262552,60868,61183204,58480960,64771552,0,342116,0,4,1,0,12181771,632631221,635392240,43,47,15217,1529809,3063358,85529,58691308,52479,406856589,396521821,0
1789395323.0418136,28.063,11205881,147454,0,192,67,53,85335,701382,26367617,3262552,60868,61186160,58483916,64771552,0,325732,0,4,1,0,12181772,632881065,635642084,43,47,15217,1529882,3063506,81433,58691308,52479,406856589,396521821,0
1789395323.2921567,28.314,11206181,147555,0,192,67,53,85335,701382,26367673,3262552,60868,61190032,58487788,64771552,0,317540,0,4,1,0,12181772,633131146,635892165,43,47,15217,1529979,3063699,79385,58691309,52479,406856589,396521821,0
1789395323.542527,28.564,11206481,147655,0,192,67,53,85335,701383,26367726,3262552,60868,61189728,58487484,64771552,0,301156,0,4,1,0,12181772,633381004,636142023,43,47,15217,1529971,3063684,75289,58691311,52479,406856589,396521821,0
1789395323.7929134,28.814,11206781,147755,0,192,67,53,85335,701383,26367787,3262552,60868,61189728,58487484,64771552,0,292612,0,4,1,0,12181775,633631077,636392100,43,47,15217,1529971,3063684,73153,58691315,52479,406856589,396521821,0
1789395324.0432613,29.065,11207081,147856,0,192,67,53,85335,701383,26367865,3262552,60868,61193088,58490844,64771552,0,276228,0,4,1,0,12181778,633880887,636641921,43,47,15217,1530055,3063852,69057,58691316,52479,406856589,396521821,0
1789395324.293604,29.315,11207382,147956,0,192,67,53,85335,701383,26367910,3262552,60868,61195532,58493288,64771552,0,268036,0,4,1,0,12181778,634130979,636892013,43,47,15217,1530116,3063974,67009,58691317,52479,406856589,396521821,0
1789395324.5439754,29.565,11207682,148056,0,192,67,53,85335,701383,26368018,3262552,60868,61195236,58492992,64771552,0,251652,0,4,1,0,12181789,634380801,637141852,43,47,15217,1530109,3063959,62913,58691317,52479,406856589,396521821,0
1789395324.7943654,29.816,11207982,148156,0,192,67,53,85335,701383,26368065,3262552,60868,61195236,58492992,64771552,0,243096,0,4,1,0,12181790,634630894,637391949,43,47,15217,1530109,3063959,60774,58691319,52479,406856589,396521821,0
1789395325.0447206,30.066,11208282,148257,0,192,67,53,85335,701383,26368122,3262552,60868,61198164,58495920,64771552,0,226712,0,4,1,0,12181791,634880715,637641770,43,47,15217,1530182,3064106,56678,58691319,52479,406856589,396521821,0
1789395325.2950623,30.317,11208582,148357,0,192,67,53,85335,701383,26368170,3262552,60868,61200336,58498092,64771552,0,218520,0,4,1,0,12181791,635130782,637891837,43,47,15217,1530236,3064214,54630,58691320,52479,406856589,396521821,0
1789395325.5454037,30.567,11208882,148457,0,192,67,53,85335,701383,26368235,3262540,60868,61200052,58497808,64771552,0,202136,0,4,1,0,12181795,635380554,638141637,43,47,15217,1530229,3064200,50534,58691321,52479,406856589,396521921,0
1789395325.7957659,30.817,11209182,148558,0,192,67,53,85335,701383,26368284,3262540,60868,61200052,58497808,64771552,0,193596,0,4,1,0,12181797,635630648,638391734,43,47,15217,1530229,3064200,48399,58691322,52479,406856589,396521921,0
1789395326.0461051,31.068,11209482,148658,0,192,67,53,85335,701383,26368421,3262552,58304,61202016,58499772,64771552,0,177468,0,4,1,0,12181809,635879484,638640592,43,47,14576,1530278,3064298,44367,58691323,52479,406856589,396524573,0
1789395326.2964697,31.318,11209782,148759,0,192,67,53,85335,701383,26368470,3262552,58304,61204592,58502348,64771552,0,169020,0,4,1,0,12181811,636129555,638890668,43,47,14576,1530342,3064427,42255,58691324,52479,406856589,396524573,0
1789395326.5468597,31.568,11210082,148859,0,192,67,53,85335,701383,26368534,3262552,58304,61204272,58502028,64771552,0,152636,0,4,1,0,12181811,636379381,639140493,43,47,14576,1530335,3064411,38159,58691324,52479,406856589,396524573,0
1789395326.797204,31.819,11210381,148959,0,192,67,53,85335,701383,26368640,3262516,58540,61204036,58501836,64771552,0,135552,0,4,1,0,12181812,636628625,639389737,43,47,14635,1530329,3064399,33888,58691330,52479,406856589,396524609,0
1789395327.0475442,32.069,11210682,149060,0,192,67,53,85335,701383,26368755,3262516,58540,61204036,58501836,64771552,0,125748,0,4,2,0,12181816,636879037,639640155,43,47,14635,1530329,3064399,31437,58691330,52479,406856589,396524609,0
1789395327.2980242,32.32,11210982,149160,0,192,67,53,85335,701383,26368915,3262460,58764,61207612,58505468,64771552,0,111240,0,4,1,0,12181817,637129327,639890444,43,47,14691,1530418,3064578,27810,58691336,52479,406856589,396524609,0
1789395327.5483983,32.57,11211282,149260,0,192,67,53,85335,701383,26369040,3262412,58996,61207184,58505088,64771552,0,101444,0,4,1,0,12181821,637379551,640140671,43,47,14749,1530407,3064557,25361,58691340,52479,406856589,396524609,0
1789395327.7987704,32.82,11211582,149360,0,192,67,53,85335,701383,26369214,3262412,58996,61207184,58505088,64771552,0,86764,0,4,1,0,12181823,637629893,640391018,43,47,14749,1530407,3064557,21691,58691341,52479,406856589,396524609,0
1789395328.0491211,33.071,11211883,149460,0,192,67,53,85335,701383,26369351,3262344,59224,61208880,58506848,64771552,0,77048,0,4,1,0,12181830,637880111,640641249,43,47,14806,1530450,3064642,19262,58691345,52479,406856589,396524609,0
1789395328.2994785,33.321,11212183,149560,0,192,67,53,85336,701384,26369541,3262268,62032,61214392,58512436,64771552,0,62440,0,4,1,0,12182175,638129928,640891078,43,47,15508,1530587,3064917,15610,58691398,52479,406856589,396524609,0
1789395328.5498734,33.571,11212482,149660,0,192,67,53,85336,701384,26369730,3262268,62032,61214764,58512808,64771552,0,52500,0,4,1,0,12182189,638379571,641140905,43,47,15508,1530596,3064936,13125,58691402,52479,406856589,396524609,0
1789395328.8002348,33.822,11212782,149760,0,192,67,53,85336,701384,26370009,3262248,63536,61213592,58511656,64771552,0,37900,0,4,1,0,12182195,638629110,641390453,43,47,15884,1530567,3064877,9475,58691435,52479,406856589,396524609,0
1789395329.050595,34.072,11213079,149846,0,192,67,53,85338,701400,26370779,3301236,76548,61220676,58479716,64771552,0,28224,0,3,4,0,12182772,638837708,641599216,43,47,19137,1530743,3065230,7056,58692076,52479,406888465,396524609,0
1789395329.300951,34.322,11213400,149903,0,192,67,53,85341,701418,26372126,3374240,116476,61214540,58400148,64771552,0,13428,0,4,1,0,12183061,638999858,641763929,43,47,29119,1530580,3064902,3357,58692876,52479,406945681,396524609,0
1789395329.5512984,34.573,11213725,149953,0,192,67,53,85344,701440,26372535,3406980,154688,61196424,58349008,64771552,0,3748,0,3,2,0,12183213,639164043,641928799,43,47,38672,1530120,3063982,937,58693942,52479,406952217,396524609,0
1789395329.8016615,34.823,11214011,149973,0,192,67,53,85363,701513,26377271,3613124,281168,61073140,58019064,64771552,0,0,0,2,3,0,12183791,639205013,641969831,43,47,70292,1527002,3057737,0,58715725,52479,407127733,396524609,0
1789395330.052151,35.074,11214289,149986,0,192,67,53,85377,701610,26382665,3842392,348200,61061012,57776444,64771552,0,0,0,3,3,0,12184224,639227529,641992347,43,47,87050,1526710,3057153,0,58737307,52479,407290505,396524609,0
1789395330.3026211,35.324,11214579,149990,0,192,67,53,85389,701704,26383913,3999996,445792,61027012,57583772,64771552,0,0,0,0,5,0,12184461,639237903,642002723,43,47,111448,1525819,3055370,0,58741393,52479,407349905,396524609,0
1789395330.5530875,35.575,11214861,150000,0,192,67,53,85406,701795,26388277,4285568,491440,60983388,57253504,64771552,0,0,0,0,5,0,12185077,639259720,642024540,43,47,122860,1524706,3053141,0,58747053,52479,407589737,396524609,0
1789395330.8035643,35.825,11215148,150004,0,192,67,53,85418,701892,26392774,4495948,573828,60953348,57012324,64771552,0,0,0,0,5,0,12185395,639268246,642033066,43,47,143457,1523928,3051582,0,58771099,52479,407717241,396524609,0
1789395331.0540738,36.076,11215435,150007,0,192,67,53,85436,701982,26395593,4679124,647900,60818624,56692568,64771552,0,0,0,0,6,0,12186223,639275883,642040703,43,47,161975,1520528,3044775,0,58776494,52479,407826381,396524861,0
1789395331.3045678,36.326,11215728,150012,0,192,67,53,85444,702077,26397962,4920080,725644,60899448,56531416,64771552,0,0,0,1,5,0,12186538,639286781,642051601,43,47,181411,1522520,3048764,0,58778562,52479,407989525,396524861,0
1789395331.555052,36.577,11216005,150015,0,192,67,53,85452,702188,26400411,5119480,814928,60951392,56382840,64771552,0,0,0,0,5,0,12186792,639294154,642058974,43,47,203732,1523789,3051304,0,58780360,52479,408099753,396524861,0
1789395331.8055127,36.827,11216264,150023,0,192,67,53,85472,702300,26403746,5340140,867004,60823244,56032688,64771552,0,0,0,1,4,0,12187191,639308446,642073266,43,47,216853,1520557,3044831,0,58790337,52479,408267973,396525509,0
1789395332.056021,37.078,11216563,150035,0,192,67,53,85479,702381,26406745,5596708,944940,60898068,55849544,64771552,0,0,0,0,5,0,12187666,639337492,642102318,43,47,236235,1522389,3048502,0,58793187,52479,408446925,396525509,0
1789395332.3065076,37.328,11216861,150037,0,192,67,53,85495,702466,26408266,5758784,1035896,60804348,55592556,64771552,0,0,0,0,5,0,12187888,639343589,642108414,43,47,258974,1520033,3043783,0,58796700,52479,408518565,396525509,0
1789395332.557007,37.579,11217132,150043,0,192,67,53,85508,702576,26412021,6037344,1095528,60810408,55319152,64771552,0,0,0,0,6,0,12188322,639354651,642119477,43,47,273882,1520149,3044015,0,58800176,52479,408737273,396525509,0
1789395332.8074968,37.829,11217425,150047,0,192,67,53,85514,702673,26414156,6254836,1184776,60893504,55183456,64771552,0,0,0,0,5,0,12188586,639365006,642129832,43,47,296295,1522201,3048124,0,58801124,52479,408864777,396525509,0
1789395333.0579965,38.08,11217712,150050,0,192,67,53,85536,702762,26418118,6450536,1253288,60787660,54880504,64771552,0,0,0,0,8,0,12189053,639372700,642137534,43,47,313322,1519513,3042742,0,58805848,52479,408992281,396525509,0
1789395333.3085027,38.33,11217990,150056,0,192,67,53,85544,702871,26422629,6690008,1327368,60865808,54718008,64771552,0,0,0,1,5,0,12189407,639383804,642148637,43,47,331842,1521435,3046590,0,58807653,52479,409157641,396525509,0
1789395333.5590165,38.581,11218281,150059,0,192,67,53,85552,702968,26424168,6877420,1425144,60879732,54543148,64771552,0,0,0,1,5,0,12189630,639391655,642156489,43,47,356286,1521748,3047218,0,58809739,52479,409247309,396525509,0
1789395333.8094866,38.831,11218566,150067,0,192,67,53,85569,703058,26428086,7150780,1475628,60812996,54201992,64771552,0,0,0,0,5,0,12190353,639408416,642173249,43,47,368907,1520056,3043829,0,58813603,52479,409470441,396525509,0
1789395334.059964,39.081,11218865,150072,0,192,67,53,85575,703146,26430292,7393284,1558460,60905780,54050892,64771552,0,0,0,0,5,0,12190730,639423774,642188607,43,47,389615,1522338,3048398,0,58814755,52479,409629821,396525509,0
1789395334.3103404,39.332,11219158,150075,0,192,67,53,85594,703232,26432442,7568276,1638600,60787160,53756224,64771552,0,0,0,0,5,0,12191014,639430930,642195763,43,47,409650,1519350,3042416,0,58819421,52479,409725449,396525509,0
1789395334.5608435,39.582,11219441,150080,0,192,67,53,85602,703337,26435631,7797740,1707904,60853012,53591584,64771552,0,0,0,0,5,0,12191333,639440508,642205341,43,47,426976,1520968,3045656,0,58820770,52479,409884829,396525509,0
1789395334.8113189,39.833,11219732,150084,0,192,67,53,85608,703435,26437548,8017396,1799568,60920580,53437960,64771552,0,0,0,0,5,0,12191609,639450608,642215442,43,47,449996,1522617,3048957,0,58821707,52479,410012333,396525509,0
1789395335.0617762,40.083,11220009,150090,0,192,67,53,85627,703533,26440490,8248364,1858172,60813668,53098816,64771552,0,0,0,0,6,0,12192034,639463701,642228535,43,47,464543,1519904,3043524,0,58826301,52479,410185481,396525509,0
1789395335.3122709,40.334,11220300,150095,0,192,67,53,85634,703629,26443274,8508004,1939948,60896372,52920808,64771552,0,0,0,0,5,0,12192434,639475042,642239876,43,47,484987,1521954,3047630,0,58827643,52479,410362969,396525509,0
1789395335.562756,40.584,11220596,150099,0,192,67,53,85650,703716,26445305,8692232,2024100,60819140,52657712,64771552,0,0,0,0,5,0,12192733,639483397,642248231,43,47,506025,1519985,3043688,0,58831150,52479,410463277,396525509,0
1789395335.8132298,40.835,11220894,150105,0,192,67,53,85660,703800,26447729,8925004,2093092,60837240,52442120,64771552,0,0,0,1,4,0,12193111,639500215,642265048,43,47,523273,1520414,3044546,0,58833417,52479,410627329,396525509,0
1789395336.0637162,41.085,11221179,150110,0,192,67,53,85667,703904,26450695,9157240,2174884,60913576,52284912,64771552,0,0,0,0,5,0,12193445,639511822,642276656,43,47,543721,1522287,3048297,0,58834264,52479,410777357,396525509,0
1789395336.3141742,41.336,11221473,150114,0,192,67,53,85683,703989,26453108,9327908,2246172,60823600,52023216,64771552,0,0,0,0,5,0,12193897,639518634,642283469,43,47,561543,1520015,3043746,0,58838212,52479,410877281,396525509,0
1789395336.564661,41.586,11221762,150126,0,192,67,53,85694,704076,26457029,9595804,2312828,60854824,51785496,64771552,0,0,0,2,4,0,12194427,639546262,642311097,43,47,578207,1520758,3045234,0,58840115,52479,411078137,396525509,0
1789395336.8151429,41.837,11222061,150132,0,192,67,53,85704,704161,26458627,9778956,2406492,60835956,51581948,64771552,0,0,0,0,5,0,12194694,639561893,642326727,43,47,601623,1520272,3044261,0,58842015,52479,411167757,396526041,0
1789395337.0656157,42.087,11222353,150146,0,192,67,53,85721,704238,26462184,10009776,2467520,60771924,51285932,64771552,0,0,0,0,6,0,12195219,639588258,642353097,43,47,616880,1518631,3040976,0,58845301,52479,411337169,396526041,0
1789395337.3161461,42.338,11222647,150157,0,192,67,53,85727,704328,26464941,10228236,2554052,60815704,51110008,64771552,0,0,0,0,5,0,12195610,639614946,642379786,43,47,638513,1519693,3043103,0,58845668,52479,411468685,396526217,0
1789395337.5666153,42.588,11222943,150167,0,192,67,53,85743,704406,26467314,10461028,2663224,60804772,50864484,64771552,0,0,0,1,5,0,12196429,639635429,642400269,43,47,666062,1519375,3042466,0,58848771,52479,411591273,396526217,0
1789395337.817091,42.839,11223237,150179,0,192,67,53,85752,704489,26470463,10695028,2721460,60850820,50675592,64771552,0,0,0,0,5,0,12196913,639665811,642430651,43,47,680365,1520502,3044721,0,58849080,52479,411767605,396526217,0
1789395338.067566,43.089,11223508,150192,0,192,67,53,85768,704590,26474937,10918244,2795560,61195208,50794980,64771552,0,0,0,0,5,0,12197320,639684536,642449378,43,47,698890,1529045,3061829,0,58850687,52479,411917065,396526217,0
1789395338.318042,43.34,11223798,150205,0,192,67,53,85779,704673,26478030,11162188,2879876,61231276,50586396,64771552,0,0,0,0,6,0,12197766,639714995,642479851,43,47,719969,1529937,3063615,0,58852126,52479,412076517,396526217,0
1789395338.568528,43.59,11224095,150217,0,192,67,53,85792,704751,26481388,11452932,3006700,61233860,50296488,64771552,0,0,0,0,5,0,12198239,639744686,642509603,43,47,751675,1529928,3063597,0,58855519,52479,412240981,396526217,0
1789395338.8190525,43.841,11224378,150229,0,192,67,53,85805,704841,26484509,11657576,3044540,61251864,50108984,64771552,0,0,0,1,4,0,12198665,639770745,642535743,43,47,761135,1530399,3064539,0,58857031,52479,412408173,396526217,0
1789395339.0695207,44.091,11224661,150242,0,192,67,53,85814,704934,26488494,11916328,3129280,61252404,49849296,64771552,0,0,0,1,4,0,12199193,639798500,642563502,43,47,782320,1530362,3064467,0,58858346,52479,412581817,396526217,0
1789395339.3200336,44.342,11224952,150256,0,192,67,53,85831,705011,26491921,12124228,3204664,61510632,49898412,64771552,0,0,0,0,5,0,12199652,639825017,642590055,43,47,801166,1536778,3077314,0,58861186,52479,412714185,396526217,0
1789395339.5705066,44.592,11225251,150274,0,192,67,53,85840,705086,26495360,12386460,3289356,61497236,49621496,64771552,0,0,0,0,5,0,12200201,639870370,642635408,43,47,822339,1536401,3076560,0,58864738,52479,412891597,396526217,0
1789395339.820988,44.842,11225544,150284,0,192,67,53,85857,705163,26498667,12622100,3367752,61496528,49383528,64771552,0,0,0,0,5,0,12200673,639896845,642661883,43,47,842042,1536364,3076485,0,58867609,52479,413049089,396526217,0
1789395340.0714555,45.093,11225824,150297,0,192,67,53,85865,705263,26502948,12879460,3451896,61527568,49156100,64771552,0,0,0,0,5,0,12201169,639922756,642687794,43,47,862974,1537101,3077961,0,58871018,52479,413222373,396526217,0
1789395340.321952,45.343,11226138,150303,0,192,67,53,85879,705329,26505833,13027032,3509372,61534064,49013560,64771552,0,0,0,0,6,0,12201411,639935737,642700775,43,47,877343,1537226,3078210,0,58873786,52479,413312025,396526217,0
1789395340.5724573,45.594,11226383,150303,0,192,67,53,85888,705473,26514445,13027148,3509372,61384292,48863644,64771552,0,0,0,0,8,0,12201834,639935937,642700975,43,47,877343,1533487,3070724,0,58903284,52479,413312141,396526217,0
1789395340.8231525,45.845,11226615,150303,0,192,67,53,85889,705640,26515082,13027148,3509372,61373968,48853312,64771552,0,0,0,0,7,0,12201875,639936012,642701049,43,47,877343,1533229,3070208,0,58905372,52480,413312145,396526217,0
1789395341.0736568,46.095,11226859,150303,0,192,67,53,85891,705795,26517535,13027152,3509372,61373736,48853076,64771552,0,0,0,0,6,0,12202134,639936012,642701049,43,47,877343,1533223,3070196,0,58906093,52480,413312145,396526217,0
1789395341.3241446,46.346,11227124,150303,0,192,67,53,85895,705926,26519796,13027152,3311356,61372444,48851784,64771552,0,198016,0,0,5,0,12202199,639936012,642701049,43,47,827839,1533191,3070131,49504,58906205,52480,413312145,396724233,0
1789395341.5746176,46.596,11227401,150303,0,192,67,53,85896,706047,26521396,13027152,3311356,61372444,48851784,64771552,0,181632,0,0,5,0,12202740,639936217,642701371,43,47,827839,1533191,3070131,45408,58906279,52480,413312145,396724233,0
1789395341.8251302,46.847,11227685,150303,0,192,67,53,85898,706162,26522431,13027248,3311996,61372032,48851280,64771552,0,169344,0,0,6,0,12203126,639936220,642701565,43,47,827999,1533181,3070111,42336,58906346,52480,413312145,396724789,0
1789395342.075604,47.097,11227977,150304,0,192,67,53,85900,706268,26523370,13027248,3311996,61378884,48858112,64771552,0,161152,0,0,6,0,12203181,639936225,642701570,43,47,827999,1533352,3070453,40288,58906437,52480,413312145,396724789,0
1789395342.3261113,47.348,11228265,150304,0,192,67,53,85902,706379,26524690,13027344,3312092,61378424,48857560,64771552,0,144768,0,0,7,0,12203247,639936233,642701785,43,47,828023,1533340,3070430,36192,58906533,52480,413312145,396724789,0
1789395342.576584,47.598,11228555,150304,0,192,67,53,85903,706488,26525800,13027344,3312092,61378456,48857592,64771552,0,132480,0,0,6,0,12203589,639936233,642701921,43,47,828023,1533341,3070432,33120,58906607,52480,413312145,396724789,0
1789395342.827091,47.849,11228845,150304,0,192,67,53,85905,706596,26527090,13027344,3312092,61378456,48857592,64771552,0,124288,0,0,5,0,12203706,639936233,642701973,43,47,828023,1533341,3070432,31072,58906746,52480,413312145,396724789,0
1789395343.0775843,48.099,11229124,150304,0,192,67,53,85907,706715,26528673,13027440,3312188,61388976,48867996,64771552,0,112000,0,0,6,0,12203776,639936239,642701981,43,47,828047,1533604,3070958,28000,58906841,52480,413312145,396724789,0
1789395343.328171,48.35,11229411,150304,0,192,67,53,85908,706827,26529139,13027440,3312188,61389040,48868060,64771552,0,95616,0,0,6,0,12204404,639936239,642702220,43,47,828047,1533605,3070961,23904,58906877,52480,413312145,396724789,0
1789395343.5786805,48.6,11229700,150304,0,192,67,53,85909,706938,26529760,13027440,3312188,61388956,48867968,64771552,0,83328,0,0,5,0,12204787,639936239,642702326,43,47,828047,1533603,3070957,20832,58906940,52480,413312145,396724789,0
1789395343.8291585,48.851,11229974,150304,0,192,67,53,85913,707055,26531472,13027536,3312284,61375460,48854368,64771552,0,71040,0,0,6,0,12204886,639936249,642702337,43,47,828071,1533266,3070282,17760,58911034,52480,413312145,396724789,0
1789395344.079637,49.101,11230257,150304,0,192,67,53,85915,707171,26531937,13027536,3312284,61380668,48859576,64771552,0,58400,0,0,6,0,12204940,639936249,642702464,43,47,828071,1533396,3070542,14600,58911527,52480,413312145,396724789,0
1789395344.3301485,49.352,11230552,150304,0,192,67,53,85917,707275,26532395,13027536,3312284,61381016,48859924,64771552,0,50208,0,0,5,0,12205339,639936249,642702530,43,47,828071,1533314,3070378,12552,58911567,52480,413312145,396724789,0
1789395344.580942,49.602,11230836,150304,0,192,67,53,85918,707390,26532792,13027536,3312284,61377228,48856136,64771552,0,37568,0,0,8,0,12205658,639936249,642702746,43,47,828071,1533311,3070371,9392,58911597,52480,413312145,396724789,0
1789395344.831682,49.853,11231121,150304,0,192,67,53,85920,707504,26533679,13027632,3312380,61376292,48855108,64771552,0,20832,0,0,6,0,12205830,639936249,642703046,43,47,828095,1533287,3070324,5208,58911649,52480,413312145,396724789,0
1789395345.0823712,50.104,11231410,150304,0,192,67,53,85921,707613,26534710,13027632,3312380,61384776,48863588,64771552,0,16736,0,0,5,0,12206559,639936249,642703162,43,47,828095,1533499,3070748,4184,58911819,52480,413312145,396724789,0
1789395345.3330612,50.355,11231702,150304,0,192,67,53,85923,707720,26535130,13027728,3312476,61381784,48860500,64771552,0,0,0,0,5,0,12206930,639936249,642703273,43,47,828119,1533424,3070598,0,58912378,52480,413312145,396724789,0
1789395345.5835981,50.605,11231983,150304,0,192,67,53,85925,707837,26536002,13027728,3312476,61373984,48852700,64771552,0,0,0,0,6,0,12207047,639936249,642703273,43,47,828119,1533230,3070208,0,58913170,52480,413312145,396724789,0
1789395345.8340902,50.856,11232267,150304,0,192,67,53,85927,707951,26536527,13027728,3312476,61371720,48850436,64771552,0,0,0,0,6,0,12207064,639936249,642703273,43,47,828119,1533173,3070095,0,58913870,52480,413312145,396724789,0
1789395346.0845907,51.106,11232564,150304,0,192,67,53,85929,708054,26536888,13027824,3312572,61381708,48860332,64771552,0,0,0,0,5,0,12207100,639936249,642703273,43,47,828143,1533422,3070594,0,58913886,52480,413312145,396724789,0
1789395346.3350766,51.357,11232856,150304,0,192,67,53,85930,708160,26537285,13027824,3312572,61379936,48858560,64771552,0,0,0,0,5,0,12207120,639936249,642703273,43,47,828143,1533378,3070506,0,58913907,52480,413312145,396724789,0
1789395346.5855925,51.607,11233134,150304,0,192,67,53,85933,708280,26538432,13027824,3312572,61364012,48842632,64771552,0,0,0,0,5,0,12207162,639936249,642703273,43,47,828143,1532981,3069710,0,58916024,52480,413312145,396724789,0
1789395346.836091,51.858,11233430,150304,0,192,67,53,85934,708383,26538791,13027920,3312668,61363552,48842080,64771552,0,0,0,0,5,0,12207173,639936249,642703273,43,47,828167,1532969,3069687,0,58916034,52480,413312145,396724789,0
1789395347.0865867,52.108,11233728,150304,0,192,67,53,85937,708483,26539396,13027920,3312668,61369328,48847856,64771552,0,0,0,0,6,0,12207335,639936249,642703273,43,47,828167,1533113,3069976,0,58916048,52480,413312145,396724789,0
1789395347.337104,52.359,11234021,150304,0,192,67,53,85939,708586,26540675,13027908,3312668,61369368,48847896,64771552,0,0,0,0,5,0,12207362,639936250,642703273,43,47,828167,1533114,3069978,0,58916224,52480,413312145,396724821,0
1789395347.5875921,52.609,11234316,150304,0,192,67,53,85941,708691,26540968,13028016,3312764,61369464,48847896,64771552,0,0,0,0,7,0,12207371,639936250,642703273,43,47,828191,1533117,3069982,0,58916234,52480,413312145,396724821,0
1789395347.8380988,52.86,11234611,150304,0,192,67,53,85944,708793,26541334,13028016,3312764,61369464,48847896,64771552,0,0,0,0,6,0,12207382,639936250,642703273,43,47,828191,1533117,3069982,0,58916242,52480,413312145,396724821,0
1789395348.088585,53.11,11234907,150304,0,192,67,53,85945,708896,26541860,13028112,3312860,61376676,48855012,64771552,0,0,0,0,5,0,12207414,639936250,642703273,43,47,828215,1533297,3070343,0,58916261,52480,413312145,396724821,0
1789395348.3390946,53.361,11235201,150304,0,192,67,53,85947,709002,26542311,13028112,3312860,61376676,48855012,64771552,0,0,0,0,6,0,12207437,639936250,642703273,43,47,828215,1533297,3070343,0,58916289,52480,413312145,396724821,0
1789395348.5898502,53.611,11235499,150304,0,192,67,53,85949,709103,26542856,13028112,3312860,61376676,48855012,64771552,0,0,0,0,5,0,12207450,639936250,642703273,43,47,828215,1533297,3070343,0,58916334,52480,413312145,396724821,0
1789395348.8403404,53.862,11235789,150304,0,192,67,53,85951,709210,26543836,13028208,3312956,61376772,48855012,64771552,0,0,0,0,5,0,12207473,639936250,642703273,43,47,828239,1533299,3070348,0,58916453,52480,413312145,396724821,0
1789395349.090848,54.112,11236078,150304,0,192,67,53,85953,709320,26544969,13028208,3312956,61370296,48848536,64771552,0,0,0,0,5,0,12207524,639936250,642703273,43,47,828239,1533137,3070024,0,58918892,52480,413312145,396724821,0
1789395349.341335,54.363,11236360,150304,0,192,67,53,85955,709435,26546338,13028208,3312956,61363528,48841748,64771552,0,0,0,0,5,0,12207575,639936250,642703273,43,47,828239,1532969,3069686,0,58922168,52480,413312145,396724821,0
1789395349.5918374,54.613,11236659,150304,0,192,67,53,85957,709536,26546521,13028304,3313052,61359524,48837652,64771552,0,0,0,0,5,0,12207588,639936250,642703273,43,47,828263,1532869,3069486,0,58922665,52480,413312145,396724821,0
1789395349.8424795,54.864,11236958,150304,0,192,67,53,85958,709636,26546909,13028304,3313052,61359524,48837652,64771552,0,0,0,0,5,0,12207601,639936250,642703273,43,47,828263,1532869,3069486,0,58922667,52480,413312145,396724821,0
1789395350.0931952,55.115,11237258,150304,0,192,67,53,85961,709734,26547168,13028304,3313052,61361272,48839400,64771552,0,0,0,0,5,0,12207850,639936250,642703273,43,47,828263,1532912,3069573,0,58922669,52480,413312145,396724821,0
1789395350.3438537,55.365,11237544,150304,0,192,67,53,85963,709846,26547613,13028408,3313148,61361636,48839672,64771552,0,0,0,0,5,0,12207865,639936517,642703541,43,47,828287,1532921,3069591,0,58922681,52480,413312153,396724821,0
1789395350.594541,55.616,11237838,150304,0,192,67,53,85964,709953,26547884,13028408,3313148,61361636,48839672,64771552,0,0,0,0,5,0,12207874,639936517,642703541,43,47,828287,1532921,3069591,0,58922682,52480,413312153,396724821,0
1789395350.8452535,55.867,11238183,150304,0,192,67,53,85965,710008,26547962,13028408,3313148,61361636,48839672,64771552,0,0,0,0,2,0,12207881,639936517,642703541,43,47,828287,1532921,3069591,0,58922683,52480,413312153,396724821,0
1789395351.0958884,56.117,11238559,150304,0,192,67,53,85965,710033,26547999,13028408,3313148,61361636,48839672,64771552,0,0,0,0,2,0,12207916,639936517,642703541,43,47,828287,1532921,3069591,0,58922683,52480,413312153,396724821,0
1789395351.346498,56.368,11238932,150304,0,192,67,53,85966,710060,26548165,13055192,3339932,61369616,48820860,64771552,0,0,0,0,2,0,12207920,639936517,642703541,43,47,834983,1533121,3069990,0,58922765,52480,413312153,396724821,0
1789395351.59719,56.619,11239308,150304,0,192,67,53,85967,710083,26548208,13086136,3370876,61359584,48779680,64771552,0,0,0,0,2,0,12207920,639936517,642703541,43,47,842719,1532865,3069478,0,58922765,52480,413312153,396724821,0
1789395351.8478785,56.869,11239684,150304,0,192,67,53,85969,710107,26548247,13102936,3387676,61362736,48765832,64771552,0,0,0,0,2,0,12207960,639936517,642703541,43,47,846919,1532939,3069626,0,58922767,52480,413312153,396724821,0
1789395352.09861,57.12,11240060,150304,0,192,67,53,85970,710131,26548300,13103012,3387752,61365964,48768864,64771552,0,0,0,0,2,0,12208076,639936517,642703541,43,47,846938,1533016,3069781,0,58922768,52480,413312153,396724821,0
1789395352.3493614,57.371,11240436,150304,0,192,67,53,85976,710150,26548428,13103012,3387752,61250372,48653272,64771552,0,0,0,0,2,0,12208094,639936517,642703541,43,47,846938,1530131,3064003,0,58953612,52480,413312153,396724821,0
1789395352.6001394,57.622,11240811,150304,0,192,67,53,85983,710169,26548551,13103012,3387752,61072612,48475512,64771552,0,0,0,0,2,0,12208115,639936517,642703541,43,47,846938,1525693,3055117,0,58994733,52480,413312153,396724821,0
1789395352.8509016,57.872,11241187,150304,0,192,67,53,85984,710193,26548592,13103012,3387752,61056856,48459756,64771552,0,0,0,0,2,0,12208131,639936517,642703541,43,47,846938,1525300,3054329,0,58998846,52480,413312153,396724821,0
1789395353.1015496,58.123,11241563,150304,0,192,67,53,85984,710218,26548625,13103012,3387752,61056472,48459368,64771552,0,0,0,0,2,0,12208238,639936517,642703541,43,47,846938,1525290,3054310,0,58998846,52480,413312153,396724821,0
1789395353.352276,58.374,11241939,150304,0,192,67,53,85984,710243,26548670,13103012,3387752,61058392,48461288,64771552,0,0,0,0,2,0,12208238,639936517,642703541,43,47,846938,1525338,3054406,0,58998848,52480,413312153,396724821,0
1789395353.6029332,58.624,11242315,150304,0,192,67,53,85984,710268,26548708,13103012,3387752,61058392,48461288,64771552,0,0,0,0,2,0,12208238,639936517,642703541,43,47,846938,1525338,3054406,0,58998849,52480,413312153,396724821,0
1789395353.8535478,58.875,11242691,150304,0,192,67,53,85984,710293,26548743,13103012,3387752,61058392,48461288,64771552,0,0,0,0,2,0,12208255,639936517,642703541,43,47,846938,1525338,3054406,0,58998850,52480,413312153,396724821,0
1789395354.104166,59.126,11243067,150304,0,192,67,53,85984,710318,26548778,13103012,3387752,61058392,48461288,64771552,0,0,0,0,2,0,12208287,639936517,642703541,43,47,846938,1525338,3054406,0,58998850,52480,413312153,396724821,0
1789395354.3548105,59.376,11243443,150304,0,192,67,53,85984,710343,26548818,13103012,3387752,61058392,48461288,64771552,0,0,0,0,2,0,12208303,639936517,642703541,43,47,846938,1525338,3054406,0,58998851,52480,413312153,396724821,0
1789395354.6054103,59.627,11243818,150304,0,192,67,53,85984,710369,26548857,13103012,3387752,61058392,48461288,64771552,0,0,0,0,2,0,12208317,639936517,642703541,43,47,846938,1525338,3054406,0,58998851,52480,413312153,396724821,0
1789395354.8560324,59.878,11244194,150304,0,192,67,53,85984,710394,26548893,13103012,3387752,61058392,48461288,64771552,0,0,0,0,2,0,12208333,639936517,642703541,43,47,846938,1525338,3054406,0,58998852,52480,413312153,396724821,0
1789395355.1067336,60.128,11244570,150304,0,192,67,53,85984,710419,26548934,13103012,3387752,61058664,48461560,64771552,0,0,0,0,2,0,12208362,639936517,642703541,43,47,846938,1525345,3054420,0,58998854,52480,413312153,396724821,0
1789395355.357317,60.379,11244946,150304,0,192,67,53,85984,710444,26548967,13103012,3387752,61058664,48461560,64771552,0,0,0,0,2,0,12208362,639936517,642703541,43,47,846938,1525345,3054420,0,58998855,52480,413312153,396724821,0
1789395355.6079435,60.629,11245322,150304,0,192,67,53,85984,710469,26549004,13103012,3387752,61058664,48461560,64771552,0,0,0,0,2,0,12208362,639936517,642703541,43,47,846938,1525345,3054420,0,58998855,52480,413312153,396724821,0
1789395355.8586113,60.88,11245698,150304,0,192,67,53,85984,710494,26549042,13103012,3387752,61058664,48461560,64771552,0,0,0,0,2,0,12208392,639936517,642703541,43,47,846938,1525345,3054420,0,58998856,52480,413312153,396724821,0
1789395356.109314,61.131,11246073,150304,0,192,67,53,85984,710519,26549107,13103012,3387752,61060680,48463576,64771552,0,0,0,0,2,0,12208968,639936517,642703541,43,47,846938,1525395,3054521,0,58998856,52480,413312153,396724853,0
1789395356.3597863,61.381,11246449,150304,0,192,67,53,85984,710544,26549202,13103012,3387752,61064260,48467156,64771552,0,0,0,0,2,0,12208987,639936517,642703541,43,47,846938,1525485,3054700,0,58998857,52480,413312153,396724853,0
1789395356.6101506,61.632,11246824,150304,0,192,67,53,85984,710569,26549245,13103012,3387752,61064260,48467156,64771552,0,0,0,0,2,0,12209011,639936517,642703541,43,47,846938,1525485,3054700,0,58998859,52480,413312153,396724853,0
1789395356.8604965,61.882,11247200,150304,0,192,67,53,85984,710594,26549286,13103012,3387752,61064260,48467156,64771552,0,0,0,0,2,0,12209025,639936517,642703541,43,47,846938,1525485,3054700,0,58998862,52480,413312153,396724853,0
1789395357.1108546,62.132,11247573,150304,0,192,67,53,85985,710621,26549350,13126620,3411360,61068156,48447212,64771552,0,0,0,0,2,0,12209050,639936517,642703541,43,47,852840,1525566,3054862,0,58998863,52480,413312153,396724853,0
1789395357.361164,62.383,11247948,150304,0,192,67,53,85986,710645,26549385,13155972,3440712,61068640,48417940,64771552,0,0,0,0,2,0,12209050,639936517,642703541,43,47,860178,1525578,3054887,0,58998863,52480,413312153,396724853,0
1789395357.6114976,62.633,11248323,150304,0,192,67,53,85987,710669,26549418,13185304,3470044,61056688,48376252,64771552,0,0,0,0,2,0,12209050,639936517,642703541,43,47,867511,1525270,3054269,0,58998865,52480,413312153,396724853,0
1789395357.8618383,62.883,11248699,150304,0,192,67,53,85988,710693,26549455,13214660,3499400,61061472,48351276,64771552,0,0,0,0,2,0,12209067,639936517,642703541,43,47,874850,1525379,3054488,0,58998865,52480,413312153,396724853,0
1789395358.1121516,63.134,11249074,150304,0,192,67,53,85989,710718,26549494,13243700,3528440,61057180,48317588,64771552,0,0,0,0,2,0,12209120,639936517,642703541,43,47,882218,1525274,3054277,0,58998867,52480,413312153,396724853,0
1789395358.362456,63.384,11249450,150304,0,192,67,53,85990,710742,26549528,13273052,3557792,61061808,48292460,64771552,0,0,0,0,2,0,12209120,639936517,642703541,43,47,889448,1525368,3054467,0,58998867,52480,413312153,396724853,0
1789395358.6127872,63.634,11249825,150304,0,192,67,53,85991,710766,26549590,13302424,3587164,61066824,48267700,64771552,0,0,0,0,2,0,12209134,639936517,642703541,43,47,896791,1525484,3054697,0,58998868,52480,413312153,396724853,0
1789395358.863123,63.885,11250200,150304,0,192,67,53,85992,710790,26549658,13331748,3616488,61058928,48230076,64771552,0,0,0,0,2,0,12209150,639936517,642703541,43,47,904122,1525276,3054282,0,58998869,52480,413312153,396724853,0
1789395359.1134531,64.135,11250575,150304,0,192,67,53,85992,710815,26549693,13361124,3645864,61063560,48204908,64771552,0,0,0,0,2,0,12209177,639936517,642703541,43,47,911466,1525380,3054491,0,58998870,52480,413312153,396724853,0
1789395359.3637826,64.385,11250951,150304,0,192,67,53,85993,710839,26549726,13390468,3675208,61067036,48178628,64771552,0,0,0,0,2,0,12209177,639936517,642703541,43,47,918802,1525457,3054644,0,58998871,52480,413312153,396724853,0
1789395359.6141062,64.636,11251326,150304,0,192,67,53,85995,710863,26549762,13403716,3688456,61067144,48165284,64771552,0,0,0,0,2,0,12209177,639936517,642703541,43,47,922114,1525455,3054640,0,58998873,52480,413312153,396724853,0
1789395359.8644352,64.886,11251702,150304,0,192,67,53,85996,710886,26549809,13403716,3688456,61067144,48165284,64771552,0,0,0,0,2,0,12209220,639936517,642703541,43,47,922114,1525455,3054640,0,58998873,52480,413312153,396724853,0
1789395360.1148033,65.136,11252077,150304,0,192,67,53,85998,710910,26549894,13403908,3688648,61069080,48166912,64771552,0,0,0,0,2,0,12209248,639936517,642703541,43,47,922162,1525501,3054732,0,58998906,52480,413312153,396724853,0
1789395360.3652449,65.387,11252452,150304,0,192,67,53,85999,710934,26549981,13403900,3688648,61067704,48165536,64771552,0,0,0,0,2,0,12209265,639936522,642703545,43,47,922162,1525466,3054663,0,58999195,52480,413312153,396724877,0
1789395360.6156194,65.637,11252826,150304,0,192,67,53,85999,710960,26550306,13403900,3688648,61053732,48151556,64771552,0,0,0,0,2,0,12209294,639936522,642703545,43,47,922162,1525118,3053965,0,58999792,52480,413312153,396724877,0
1789395360.8660934,65.888,11253202,150304,0,192,67,53,85999,710985,26550344,13403900,3688648,61053732,48151556,64771552,0,0,0,0,2,0,12209309,639936522,642703545,43,47,922162,1525118,3053965,0,58999792,52480,413312153,396724877,0
1789395361.1164613,66.138,11253577,150304,0,192,67,53,85999,711011,26550391,13403908,3688664,61054476,48152288,64771552,0,0,0,0,2,0,12209350,639936522,642703545,43,47,922166,1525136,3054002,0,58999794,52480,413312153,396724877,0
1789395361.366828,66.388,11253953,150304,0,192,67,53,85999,711036,26550426,13403908,3688664,61054476,48152288,64771552,0,0,0,0,2,0,12209350,639936522,642703545,43,47,922166,1525136,3054002,0,58999796,52480,413312153,396724877,0
1789395361.6171968,66.639,11254328,150304,0,192,67,53,85999,711061,26550461,13403908,3688664,61054476,48152288,64771552,0,0,0,0,2,0,12209350,639936522,642703545,43,47,922166,1525136,3054002,0,58999799,52480,413312153,396724877,0
1789395361.8675523,66.889,11254701,150304,0,192,67,53,86001,711086,26550570,13403956,3044996,61056088,48153820,64771552,0,635480,0,0,2,0,12211451,639937301,642704727,43,47,761249,1525176,3054082,158870,58999801,52480,413312177,397368565,0
1789395362.1179988,67.14,11255076,150304,0,192,67,53,86001,711111,26550635,13403956,3045024,61056912,48154636,64771552,0,627280,0,0,2,0,12213810,639937301,642705231,43,47,761256,1525197,3054123,156820,58999802,52480,413312177,397368669,0
1789395362.368352,67.39,11255451,150304,0,192,67,53,86001,711136,26550685,13403956,3045024,61058528,48156252,64771552,0,614960,0,0,2,0,12215645,639937301,642705444,43,47,761256,1525237,3054204,153740,58999803,52480,413312177,397368669,0
1789395362.618698,67.64,11255827,150304,0,192,67,53,86001,711161,26550743,13403956,3045024,61058548,48156272,64771552,0,598576,0,0,2,0,12216673,639937301,642706330,43,47,761256,1525238,3054205,149644,58999804,52480,413312177,397368669,0
1789395362.8690372,67.891,11256202,150304,0,192,67,53,86001,711186,26550799,13403956,3045024,61058548,48156272,64771552,0,586280,0,0,2,0,12218112,639937857,642706890,43,47,761256,1525238,3054205,146570,58999805,52480,413312177,397368669,0
1789395363.1193497,68.141,11256577,150304,0,192,67,53,86002,711211,26550843,13403956,3045024,61060420,48158144,64771552,0,578088,0,0,2,0,12219549,639937857,642707395,43,47,761256,1525284,3054298,144522,58999805,52480,413312177,397368669,0
1789395363.369671,68.391,11256953,150304,0,192,67,53,86002,711236,26550900,13403956,3045024,61060420,48158144,64771552,0,561704,0,0,2,0,12223257,639937857,642708458,43,47,761256,1525284,3054298,140426,58999806,52480,413312177,397368669,0
1789395363.6199946,68.642,11257328,150304,0,192,67,53,86002,711261,26550950,13403956,3045024,61060420,48158144,64771552,0,549416,0,0,2,0,12223978,639937857,642708763,43,47,761256,1525284,3054298,137354,58999806,52480,413312177,397368669,0
1789395363.8703294,68.892,11257703,150304,0,192,67,53,86002,711286,26550995,13403956,3045024,61060420,48158144,64771552,0,541224,0,0,2,0,12224347,639937857,642709067,43,47,761256,1525284,3054298,135306,58999809,52480,413312177,397368669,0
1789395364.1206622,69.142,11258079,150304,0,192,67,53,86002,711311,26551052,13403956,3045024,61062292,48160016,64771552,0,528936,0,0,2,0,12225975,639937857,642709201,43,47,761256,1525331,3054392,132234,58999809,52480,413312177,397368669,0
1789395364.3709838,69.392,11258454,150304,0,192,67,53,86002,711336,26551153,13403956,3045024,61063720,48161444,64771552,0,512552,0,0,2,0,12228206,639937857,642711025,43,47,761256,1525367,3054463,128138,58999810,52480,413312177,397368669,0
1789395364.6213036,69.643,11258829,150304,0,192,67,53,86002,711361,26551204,13416404,3057472,61060820,48146096,64771552,0,500240,0,0,2,0,12229816,639937857,642711516,43,47,764368,1525294,3054318,125060,58999810,52480,413312177,397368669,0
1789395364.871625,69.893,11259205,150304,0,192,67,53,86003,711385,26551247,13445620,3086688,61060740,48116380,64771552,0,492048,0,0,2,0,12230165,639937857,642711834,43,47,771672,1525282,3054293,123012,58999811,52480,413312177,397368669,0
1789395365.1219583,70.143,11259580,150304,0,192,67,53,86004,711409,26551293,13474604,3115672,61059864,48086112,64771552,0,483856,0,0,2,0,12230815,639938053,642712412,43,47,778918,1525250,3054229,120964,58999812,52480,413312177,397368669,0
1789395365.3722801,70.394,11259955,150304,0,192,67,53,86005,711433,26551352,13503608,3144676,61057008,48053848,64771552,0,463368,0,0,2,0,12233038,639938053,642713179,43,47,786169,1525168,3054066,115842,58999814,52480,413312177,397368669,0
1789395365.6225944,70.644,11260331,150304,0,192,67,53,86006,711458,26551407,13532912,3173980,61047728,48014860,64771552,0,455176,0,0,2,0,12234083,639938957,642714094,43,47,793495,1524926,3053582,113794,58999814,52480,413312177,397368669,0
1789395365.8729365,70.894,11260706,150304,0,192,67,53,86007,711482,26551456,13562280,3203348,61051840,47989396,64771552,0,442888,0,0,2,0,12234476,639939258,642714398,43,47,800837,1525024,3053777,110722,58999815,52480,413312177,397368669,0
1789395366.123241,71.145,11261081,150304,0,192,67,53,86008,711505,26551512,13591624,3232692,61057400,47965208,64771552,0,426504,0,0,2,0,12236246,639939258,642715858,43,47,808173,1525153,3054035,106626,58999815,52480,413312177,397368669,0
1789395366.3735714,71.395,11261457,150304,0,192,67,53,86009,711529,26551562,13620900,3261968,61061536,47939728,64771552,0,414208,0,0,2,0,12236974,639939258,642716474,43,47,815492,1525247,3054224,103552,58999816,52480,413312177,397368669,0
1789395366.6239269,71.645,11261832,150304,0,192,67,53,86011,711553,26551614,13650252,3291320,61057856,47906088,64771552,0,406016,0,0,2,0,12237328,639939396,642716768,43,47,822830,1525140,3054010,101504,58999817,52480,413312177,397368669,0
1789395366.874275,71.896,11262201,150305,0,192,67,53,86018,711577,26551782,13680240,1784776,61056056,47874144,64771552,0,1932676,0,0,2,0,12238169,639939843,642717233,43,47,446194,1525083,3053896,483169,58999842,52480,413312225,398905101,0
1789395367.1247525,72.146,11262576,150305,0,192,67,53,86019,711601,26551980,13704572,1809108,61058012,47850728,64771552,0,1920372,0,0,2,0,12238237,639939888,642717285,43,47,452277,1525123,3053976,480093,58999843,52480,413312225,398905101,0
1789395367.3751593,72.397,11262951,150305,0,192,67,53,86020,711625,26552047,13704948,1809500,61057200,47849692,64771552,0,1903988,0,0,2,0,12238951,639940503,642717905,43,47,452375,1525100,3053929,475997,58999845,52480,413312225,398905321,0
1789395367.625504,72.647,11263327,150305,0,192,67,53,86021,711649,26552103,13704948,1809500,61056796,47849288,64771552,0,1891692,0,0,2,0,12239672,639940507,642717909,43,47,452375,1525090,3053909,472923,58999846,52480,413312225,398905321,0
1789395367.8758812,72.897,11263701,150305,0,192,67,53,86023,711673,26552168,13704948,1809500,61056796,47849288,64771552,0,1883500,0,0,2,0,12240091,639941050,642718460,43,47,452375,1525090,3053909,470875,58999857,52480,413312225,398905321,0
1789395368.1262162,73.148,11264076,150305,0,192,67,53,86023,711698,26552240,13704948,1809500,61057940,47850432,64771552,0,1867116,0,0,2,0,12240971,639941691,642719274,43,47,452375,1525118,3053966,466779,58999859,52480,413312225,398905321,0
1789395368.376533,73.398,11264445,150306,0,192,67,53,86023,711730,26552361,13704960,1809564,61058344,47850832,64771552,0,1854788,0,0,3,0,12241032,639941694,642719277,43,47,452391,1525128,3053986,463697,58999859,52480,413312225,398905321,0
1789395368.6268702,73.648,11264819,150306,0,192,67,53,86023,711756,26552414,13704960,1809564,61058344,47850832,64771552,0,1846596,0,0,2,0,12242587,639941694,642719760,43,47,452391,1525128,3053986,461649,58999860,52480,413312225,398905321,0
1789395368.8771865,73.899,11265194,150306,0,192,67,53,86023,711781,26552490,13704960,1809564,61058344,47850832,64771552,0,1834292,0,0,2,0,12243754,639941694,642720689,43,47,452391,1525128,3053986,458573,58999860,52480,413312225,398905321,0
1789395369.1275203,74.149,11265570,150306,0,192,67,53,86023,711806,26552553,13704960,1809564,61059816,47852304,64771552,0,1817908,0,0,2,0,12244641,639942683,642721839,43,47,452391,1525165,3054059,454477,58999862,52480,413312225,398905321,0
1789395369.3778498,74.399,11265945,150306,0,192,67,53,86023,711831,26552606,13704960,1809564,61059816,47852304,64771552,0,1805620,0,0,2,0,12245326,639942683,642722186,43,47,452391,1525165,3054059,451405,58999862,52480,413312225,398905321,0
1789395369.628175,74.65,11266320,150306,0,192,67,53,86023,711856,26552666,13704960,1809564,61059816,47852304,64771552,0,1793332,0,0,2,0,12246957,639942683,642722639,43,47,452391,1525165,3054059,448333,58999864,52480,413312225,398905321,0
1789395369.8784947,74.9,11266696,150306,0,192,67,53,86023,711882,26552712,13704960,1809564,61059816,47852304,64771552,0,1780692,0,0,2,0,12247782,639942683,642722842,43,47,452391,1525165,3054059,445173,58999864,52480,413312225,398905321,0
1789395370.1288335,75.15,11267071,150306,0,192,67,53,86023,711907,26552761,13704960,1809564,61060680,47853168,64771552,0,1772500,0,0,2,0,12248006,639942683,642723064,43,47,452391,1525187,3054103,443125,58999865,52480,413312225,398905321,0
1789395370.3791747,75.401,11267446,150306,0,192,67,53,86023,711932,26552818,13704960,1809564,61060680,47853168,64771552,0,1759860,0,0,2,0,12248147,639942683,642723128,43,47,452391,1525187,3054103,439965,58999866,52480,413312225,398905321,0
1789395370.6295047,75.651,11267822,150306,0,192,67,53,86023,711957,26552874,13704960,1809564,61060680,47853168,64771552,0,1743124,0,0,2,0,12250660,639942683,642723573,43,47,452391,1525187,3054103,435781,58999867,52480,413312225,398905321,0
1789395370.8798468,75.901,11268197,150306,0,192,67,53,86023,711982,26552923,13704960,1809564,61060680,47853168,64771552,0,1730836,0,0,2,0,12251823,639942683,642724502,43,47,452391,1525187,3054103,432709,58999868,52480,413312225,398905321,0
1789395371.1301553,76.152,11268572,150306,0,192,67,53,86023,712007,26552971,13704960,1809564,61060680,47853168,64771552,0,1718196,0,0,2,0,12253567,639942683,642724955,43,47,452391,1525187,3054103,429549,58999869,52480,413312225,398905321,0
1789395371.380473,76.402,11268948,150306,0,192,67,53,86023,712032,26553022,13704960,1809564,61060680,47853168,64771552,0,1710100,0,0,2,0,12254954,639942683,642725329,43,47,452391,1525187,3054103,427525,58999869,52480,413312225,398905321,0
1789395371.630807,76.652,11269323,150306,0,192,67,53,86023,712057,26553069,13704960,1809564,61060680,47853168,64771552,0,1697432,0,0,2,0,12255640,639942683,642725449,43,47,452391,1525187,3054103,424358,58999870,52480,413312225,398905321,0
1789395371.8811362,76.903,11269698,150306,0,192,67,53,86023,712082,26553123,13704960,1809564,61060680,47853168,64771552,0,1680920,0,0,2,0,12258787,639942683,642726389,43,47,452391,1525187,3054103,420230,58999871,52480,413312225,398905321,0
1789395372.1314473,77.153,11270068,150306,0,192,67,53,86028,712107,26553254,13704924,677100,61057812,47850300,64771552,0,2800936,0,0,2,0,12260039,639942823,642726973,43,47,169275,1525115,3053959,700234,58999872,52480,413312261,400037805,0
1789395372.3818202,77.403,11270443,150306,0,192,67,53,86029,712131,26553344,13731376,703416,61054984,47820784,64771552,0,2792284,0,0,2,0,12260762,639942823,642727536,43,47,175854,1525039,3053807,698071,58999874,52480,413312261,400037805,0
1789395372.632153,77.654,11270819,150306,0,192,67,53,86030,712155,26553408,13760720,732124,61056288,47792328,64771552,0,2779996,0,0,2,0,12262397,639942823,642728027,43,47,183031,1525061,3053852,694999,58999874,52480,413312261,400038509,0
1789395372.8825252,77.904,11271194,150306,0,192,67,53,86031,712180,26553453,13790136,761540,61040268,47746792,64771552,0,2767356,0,0,2,0,12263311,639942823,642728261,43,47,190385,1524649,3053026,691839,58999875,52480,413312261,400038509,0
1789395373.132922,78.154,11271570,150306,0,192,67,53,86032,712204,26553500,13819056,790460,61044324,47721072,64771552,0,2759164,0,0,2,0,12264931,639942823,642728776,43,47,197615,1524739,3053206,689791,58999875,52480,413312261,400038509,0
1789395373.3833158,78.405,11271945,150306,0,192,67,53,86032,712228,26553546,13848348,819752,61046012,47693064,64771552,0,2746528,0,0,2,0,12266564,639942823,642729233,43,47,204938,1524771,3053270,686632,58999876,52480,413312261,400038509,0
1789395373.6337056,78.655,11272321,150306,0,192,67,53,86033,712253,26553608,13877572,848976,61044272,47661780,64771552,0,2725700,0,0,2,0,12267380,639942823,642729949,43,47,212244,1524719,3053167,681425,58999877,52480,413312261,400038509,0
1789395373.8841136,78.906,11272696,150306,0,192,67,53,86034,712277,26553653,13906488,877892,61049780,47638164,64771552,0,2717508,0,0,2,0,12268775,639942823,642730304,43,47,219473,1524851,3053432,679377,58999878,52480,413312261,400038509,0
1789395374.1344864,79.156,11273071,150306,0,192,67,53,86035,712301,26553699,13935876,907280,61046040,47604780,64771552,0,2704872,0,0,2,0,12270538,639942823,642730777,43,47,226820,1524750,3053229,676218,58999879,52480,413312261,400038509,0
1789395374.384896,79.406,11273447,150306,0,192,67,53,86036,712325,26553750,13965204,936608,61050272,47578848,64771552,0,2696680,0,0,2,0,12270886,639942960,642731077,43,47,234152,1524836,3053401,674170,58999880,52480,413312261,400038509,0
1789395374.6352825,79.657,11273822,150306,0,192,67,53,86037,712350,26553802,13993972,965376,61054580,47554100,64771552,0,2684040,0,0,2,0,12271772,639942960,642731284,43,47,241344,1524937,3053603,671010,58999880,52480,413312261,400038509,0
1789395374.8856866,79.907,11274197,150306,0,192,67,53,86037,712374,26553902,14005520,976924,61050068,47537820,64771552,0,2667296,0,0,2,0,12274284,639942960,642731733,43,47,244231,1524819,3053366,666824,59000985,52480,413312261,400038509,0
1789395375.1361089,80.158,11274517,150306,0,192,67,53,86039,712453,26554493,14005932,977476,61029084,47516364,64771552,0,2659104,0,0,3,0,12274572,639942960,642731784,43,47,244369,1524293,3052314,664776,59007089,52480,413312261,400038509,0
1789395375.386593,80.408,11274869,150306,0,192,67,53,86041,712499,26555198,14005932,977476,61028940,47516220,64771552,0,2642720,0,0,2,0,12275222,639942960,642732293,43,47,244369,1524290,3052307,660680,59007092,52480,413312261,400038509,0
1789395375.6371036,80.659,11275227,150306,0,192,67,53,86043,712540,26555811,14005932,977476,61028940,47516220,64771552,0,2630424,0,0,2,0,12275652,639942960,642732603,43,47,244369,1524290,3052307,657606,59007095,52480,413312261,400038509,0
1789395375.8875682,80.909,11275585,150306,0,192,67,53,86045,712580,26556375,14005932,977476,61028940,47516220,64771552,0,2622232,0,0,3,0,12275770,639942988,642732631,43,47,244369,1524290,3052307,655558,59007096,52480,413312261,400038509,0
1789395376.1380444,81.16,11275942,150306,0,192,67,53,86047,712621,26556973,14005932,977476,61028940,47516220,64771552,0,2609944,0,0,2,0,12276477,639942988,642732724,43,47,244369,1524290,3052307,652486,59007096,52480,413312261,400038509,0
1789395376.388482,81.41,11276297,150306,0,192,67,53,86049,712663,26557605,14005932,977476,61028940,47516220,64771552,0,2593560,0,0,3,0,12277318,639942988,642733185,43,47,244369,1524290,3052307,648390,59007098,52480,413312261,400038509,0
1789395376.6389484,81.66,11276651,150306,0,192,67,53,86051,712706,26558189,14005932,977476,61028940,47516220,64771552,0,2581256,0,0,2,0,12277448,639943092,642733290,43,47,244369,1524290,3052307,645314,59007098,52480,413312261,400038509,0
1789395376.889407,81.911,11277010,150306,0,192,67,53,86053,712746,26558742,14005932,977476,61028940,47516220,64771552,0,2573064,0,0,2,0,12277589,639943212,642733412,43,47,244369,1524290,3052307,643266,59007100,52480,413312261,400038509,0
1789395377.139876,82.161,11277366,150306,0,192,67,53,86055,712786,26559321,14005932,977476,61030564,47517844,64771552,0,2556680,0,0,5,0,12279917,639943212,642734232,43,47,244369,1524330,3052388,639170,59007100,52480,413312261,400038509,0
1789395377.3903134,82.412,11277716,150316,0,192,67,53,86066,712817,26560327,13028804,288,61378372,48855608,64771552,0,2544384,0,1,2,0,12281347,639966752,642757994,43,47,72,1533333,3070416,636096,59011172,52481,413312373,400038509,0
1789395377.6408195,82.662,11278086,150341,0,192,67,53,86066,712822,26560418,13028792,288,61378104,48855340,64771552,0,2536192,0,1,1,0,12281359,640173967,642965282,43,47,72,1533327,3070403,634048,59011198,52481,413312373,400038629,0
1789395377.8912103,82.913,11278461,150366,0,192,67,53,86066,712822,26560587,13028792,288,61378104,48855340,64771552,0,2523904,0,1,1,0,12281385,640423215,643214678,43,47,72,1533327,3070403,630976,59011200,52481,413312373,400038629,0
1789395378.1416855,83.163,11278836,150392,0,192,67,53,86066,712823,26560713,13028852,344,61378324,48855480,64771552,0,2507520,0,1,1,0,12281403,640671559,643463110,43,47,86,1533332,3070414,626880,59011203,52481,413312373,400038629,0
1789395378.3920586,83.414,11279211,150417,0,192,67,53,86066,712823,26560826,13028852,344,61378324,48855480,64771552,0,2495224,0,1,1,0,12281428,640920775,643712454,43,47,86,1533332,3070414,623806,59011204,52481,413312373,400038629,0
1789395378.6424458,83.664,11279586,150442,0,192,67,53,86066,712823,26560909,13028852,344,61378324,48855480,64771552,0,2487032,0,1,1,0,12281446,641170014,643961795,43,47,86,1533332,3070414,621758,59011205,52481,413312373,400038629,0
1789395378.8928185,83.914,11279960,150467,0,192,67,53,86066,712824,26561067,13028852,344,61378324,48855480,64771552,0,2466536,0,1,1,0,12281467,641413414,644205361,43,47,86,1533332,3070414,616634,59011209,52481,413312373,400038629,0
1789395379.1431847,84.165,11280336,150492,0,192,67,53,86066,712824,26561170,13028852,344,61379132,48856288,64771552,0,2458344,0,1,1,0,12281482,641662680,644454698,43,47,86,1533352,3070454,614586,59011210,52481,413312373,400038629,0
1789395379.3935776,84.415,11280710,150517,0,192,67,53,86066,712824,26561361,13028852,344,61380420,48857568,64771552,0,2450152,0,1,1,0,12281495,641910755,644703145,43,47,86,1533385,3070519,612538,59011256,52481,413312373,400038629,0
1789395379.644025,84.666,11281086,150543,0,192,67,53,86066,712824,26561410,13028852,344,61380420,48857568,64771552,0,2437856,0,1,1,0,12281496,642160087,644952477,43,47,86,1533385,3070519,609464,59011257,52481,413312373,400038629,0
1789395379.8943646,84.916,11281461,150568,0,192,67,53,86066,712824,26561463,13028852,344,61380420,48857568,64771552,0,2429664,0,1,1,0,12281496,642409398,645201788,43,47,86,1533385,3070519,607416,59011257,52481,413312373,400038629,0
1789395380.1446922,85.166,11281836,150593,0,192,67,53,86066,712824,26561540,13028852,344,61382368,48859516,64771552,0,2413272,0,1,1,0,12281496,642657732,645450121,43,47,86,1533433,3070616,603318,59011258,52481,413312373,400038629,0
1789395380.3950317,85.417,11282211,150618,0,192,67,53,86066,712824,26561647,13028852,344,61384116,48861264,64771552,0,2400984,0,1,1,0,12281507,642907029,645699436,43,47,86,1533477,3070703,600246,59011261,52481,413312373,400038629,0
1789395380.6453853,85.667,11282586,150643,0,192,67,53,86066,712824,26561697,13028852,344,61384116,48861264,64771552,0,2392792,0,1,1,0,12281507,643156368,645948775,43,47,86,1533477,3070703,598198,59011264,52481,413312373,400038629,0
1789395380.8957126,85.917,11282961,150668,0,192,67,53,86066,712824,26561745,13028852,344,61384116,48861264,64771552,0,2380504,0,2,1,0,12281507,643405666,646198073,43,47,86,1533477,3070703,595126,59011264,52481,413312373,400038629,0
1789395381.1460214,86.168,11283337,150694,0,192,67,53,86066,712824,26561810,13028852,344,61387056,48864204,64771552,0,2364120,0,1,1,0,12281508,643654971,646447378,43,47,86,1533550,3070850,591030,59011265,52481,413312373,400038629,0
1789395381.396356,86.418,11283712,150719,0,192,67,53,86066,712824,26561855,13028852,344,61387056,48864204,64771552,0,2351816,0,1,1,0,12281508,643904269,646696677,43,47,86,1533550,3070850,587954,59011265,52481,413312373,400038629,0
1789395381.6466713,86.668,11284087,150744,0,192,67,53,86066,712824,26561898,13028852,344,61387056,48864204,64771552,0,2343624,0,1,1,0,12281508,644153574,646945981,43,47,86,1533550,3070850,585906,59011266,52481,413312373,400038629,0
1789395381.8969955,86.919,11284462,150769,0,192,67,53,86066,712824,26561960,13028852,344,61395136,48872284,64771552,0,2327240,0,1,1,0,12281509,644401885,647194292,43,47,86,1533752,3071254,581810,59011266,52481,413312373,400038629,0
1789395382.1473227,87.169,11284837,150794,0,192,67,53,86066,712824,26562018,13028852,344,61395136,48872284,64771552,0,2314944,0,1,1,0,12281509,644651194,647443602,43,47,86,1533752,3071254,578736,59011269,52481,413312373,400038629,0
1789395382.3976674,87.419,11285212,150819,0,192,67,53,86066,712824,26562067,13028852,344,61395136,48872284,64771552,0,2306752,0,1,1,0,12281509,644900514,647692921,43,47,86,1533752,3071254,576688,59011270,52481,413312373,400038629,0
1789395382.6479886,87.669,11285588,150844,0,192,67,53,86066,712824,26562127,13028852,344,61396920,48874068,64771552,0,2294456,0,1,1,0,12281510,645149845,647942252,43,47,86,1533796,3071343,573614,59011270,52481,413312373,400038629,0
1789395382.8983302,87.92,11285963,150870,0,192,67,53,86066,712824,26562199,13028840,344,61396920,48874068,64771552,0,2278072,0,1,1,0,12281510,645398158,648190565,43,47,86,1533796,3071343,569518,59011271,52481,413312373,400038693,0
1789395383.1486597,88.17,11286338,150895,0,192,67,53,86066,712824,26562246,13028840,344,61396920,48874068,64771552,0,2265784,0,1,1,0,12281511,645647459,648439866,43,47,86,1533796,3071343,566446,59011271,52481,413312373,400038693,0
1789395383.3989837,88.42,11286713,150920,0,192,67,53,86066,712824,26562289,13028840,344,61396920,48874068,64771552,0,2257592,0,1,1,0,12281511,645896769,648689177,43,47,86,1533796,3071343,564398,59011273,52481,413312373,400038693,0
1789395383.6493099,88.671,11287088,150945,0,192,67,53,86066,712824,26562355,13028840,344,61396920,48874068,64771552,0,2237096,0,1,1,0,12281512,646144140,648936548,43,47,86,1533796,3071343,559274,59011274,52481,413312373,400038693,0
1789395383.8996353,88.921,11287463,150970,0,192,67,53,86066,712824,26562413,13028840,344,61396920,48874068,64771552,0,2228904,0,1,1,0,12281512,646393454,649185862,43,47,86,1533796,3071343,557226,59011275,52481,413312373,400038693,0
1789395384.1499553,89.171,11287839,150996,0,192,67,53,86066,712824,26562477,13028840,344,61399524,48876672,64771552,0,2220712,0,1,1,0,12281513,646642742,649435150,43,47,86,1533861,3071474,555178,59011275,52481,413312373,400038693,0
1789395384.4002936,89.422,11288214,151021,0,192,67,53,86066,712824,26562591,13028852,364,61400876,48878024,64771552,0,2208416,0,1,1,0,12281523,646891074,649683495,43,47,91,1533895,3071541,552104,59011277,52481,413312373,400038693,0
1789395384.6506226,89.672,11288589,151046,0,192,67,53,86066,712824,26562644,13028852,364,61400876,48878024,64771552,0,2192032,0,1,1,0,12281524,647139447,649931868,43,47,91,1533895,3071541,548008,59011277,52481,413312373,400038693,0
1789395384.900979,89.922,11288964,151071,0,192,67,53,86066,712824,26562695,13028852,364,61400876,48878024,64771552,0,2179736,0,1,1,0,12281524,647388752,650181174,43,47,91,1533895,3071541,544934,59011278,52481,413312373,400038693,0
1789395385.1513052,90.173,11289339,151096,0,192,67,53,86066,712824,26562753,13028852,364,61403128,48880276,64771552,0,2171544,0,1,1,0,12281524,647638063,650430484,43,47,91,1533951,3071654,542886,59011279,52481,413312373,400038693,0
1789395385.4016364,90.423,11289714,151122,0,192,67,53,86066,712824,26562807,13028852,364,61403128,48880276,64771552,0,2155160,0,1,1,0,12281525,647886406,650678827,43,47,91,1533951,3071654,538790,59011280,52481,413312373,400038693,0
1789395385.6519887,90.673,11290089,151147,0,192,67,53,86067,712824,26562862,13028852,364,61403128,48880276,64771552,0,2142872,0,1,1,0,12281525,648135724,650928146,43,47,91,1533951,3071654,535718,59011281,52481,413312373,400038693,0
1789395385.9023085,90.924,11290465,151172,0,192,67,53,86067,712824,26562907,13028852,364,61403128,48880276,64771552,0,2134680,0,1,1,0,12281526,648385023,651177444,43,47,91,1533951,3071654,533670,59011282,52481,413312373,400038693,0
1789395386.1526227,91.174,11290840,151197,0,192,67,53,86067,712824,26562972,13028852,364,61405096,48882244,64771552,0,2122648,0,1,1,0,12281568,648634060,651426765,43,47,91,1534001,3071752,530662,59011282,52481,413312373,400038693,0
1789395386.4029853,91.424,11291215,151222,0,192,67,53,86067,712824,26563029,13028852,364,61406464,48883612,64771552,0,2106356,0,1,1,0,12281585,648882146,651675113,43,47,91,1534035,3071821,526589,59011282,52481,413312373,400038693,0
1789395386.6533315,91.675,11291590,151247,0,192,67,53,86067,712824,26563083,13028852,364,61406464,48883612,64771552,0,2094060,0,1,1,0,12281585,649131452,651924419,43,47,91,1534035,3071821,523515,59011284,52481,413312373,400038693,0
1789395386.9036663,91.925,11291965,151272,0,192,67,53,86067,712824,26563135,13028852,364,61406464,48883612,64771552,0,2085868,0,1,1,0,12281585,649380774,652173741,43,47,91,1534035,3071821,521467,59011284,52481,413312373,400038693,0
1789395387.153982,92.175,11292341,151298,0,192,67,53,86067,712824,26563188,13028852,364,61406464,48883612,64771552,0,2069484,0,1,1,0,12281586,649629082,652422049,43,47,91,1534035,3071821,517371,59011286,52481,413312373,400038693,0
1789395387.404298,92.426,11292716,151323,0,192,67,53,86067,712824,26563243,13028852,364,61406464,48883612,64771552,0,2057080,0,1,1,0,12281603,649878154,652671348,43,47,91,1534035,3071821,514270,59011286,52481,413312373,400038693,0
1789395387.65463,92.676,11293091,151348,0,192,67,53,86067,712824,26563288,13028852,364,61407660,48884808,64771552,0,2049016,0,1,1,0,12281618,650127240,652920671,43,47,91,1534065,3071880,512254,59011288,52481,413312373,400038693,0
1789395387.9049766,92.926,11293466,151373,0,192,67,53,86067,712824,26563346,13028852,364,61407660,48884808,64771552,0,2036792,0,1,1,0,12281647,650376256,653169994,43,47,91,1534065,3071880,509198,59011289,52481,413312373,400038693,0
1789395388.1553288,93.177,11293842,151398,0,192,67,53,86067,712824,26563425,13028840,364,61409384,48886532,64771552,0,2020536,0,1,1,0,12281648,650624631,653418370,43,47,91,1534108,3071967,505134,59011290,52481,413312373,400038757,0
1789395388.4057686,93.427,11294217,151423,0,192,67,53,86067,712824,26563525,13028852,388,61409640,48886788,64771552,0,2007656,0,1,1,0,12281660,650873054,653666810,43,47,97,1534114,3071979,501914,59011291,52481,413312373,400038757,0
1789395388.6561708,93.678,11294592,151448,0,192,67,53,86067,712824,26563579,13028852,388,61409640,48886788,64771552,0,1999464,0,1,1,0,12281660,651122407,653916163,43,47,97,1534114,3071979,499866,59011292,52481,413312373,400038757,0
1789395388.9065416,93.928,11294967,151474,0,192,67,53,86067,712824,26563632,13028852,388,61409640,48886788,64771552,0,1983080,0,1,1,0,12281660,651370827,654164582,43,47,97,1534114,3071979,495770,59011292,52481,413312373,400038757,0
1789395389.15699,94.179,11295343,151499,0,192,67,53,86067,712824,26563678,13028852,388,61409640,48886788,64771552,0,1970784,0,1,1,0,12281661,651620225,654413981,43,47,97,1534114,3071979,492696,59011293,52481,413312373,400038757,0
1789395389.4074047,94.429,11295718,151524,0,192,67,53,86067,712825,26563731,13028852,388,61409640,48886788,64771552,0,1962592,0,1,1,0,12281661,651869595,654663351,43,47,97,1534114,3071979,490648,59011294,52481,413312373,400038757,0
1789395389.6578355,94.679,11296093,151549,0,192,67,53,86067,712825,26563780,13028852,388,61410440,48887588,64771552,0,1950296,0,1,1,0,12281661,652119023,654912779,43,47,97,1534134,3072019,487574,59011296,52481,413312373,400038757,0
1789395389.9082632,94.93,11296469,151574,0,192,67,53,86067,712825,26563837,13028852,388,61410440,48887588,64771552,0,1933912,0,1,1,0,12281662,652367417,655161173,43,47,97,1534134,3072019,483478,59011296,52481,413312373,400038757,0
1789395390.158669,95.18,11296844,151599,0,192,67,53,86067,712825,26563890,13028852,388,61410440,48887588,64771552,0,1921732,0,1,1,0,12281662,652616806,655410562,43,47,97,1534134,3072019,480433,59011297,52481,413312373,400038757,0
1789395390.4090676,95.431,11297219,151625,0,192,67,53,86067,712825,26563945,13028852,388,61410440,48887588,64771552,0,1913528,0,1,1,0,12281662,652866159,655659915,43,47,97,1534134,3072019,478382,59011297,52481,413312373,400038757,0
1789395390.6594367,95.681,11297594,151650,0,192,67,53,86067,712825,26564000,13028852,388,61410440,48887588,64771552,0,1897304,0,1,1,0,12281663,653114554,655908310,43,47,97,1534134,3072019,474326,59011298,52481,413312373,400038757,0
1789395390.9098926,95.931,11297970,151675,0,192,67,53,86067,712825,26564051,13028852,388,61410748,48887896,64771552,0,1884844,0,1,1,0,12281663,653363944,656157699,43,47,97,1534142,3072035,471211,59011300,52481,413312373,400038761,0
1789395391.1602798,96.182,11298345,151700,0,192,67,53,86067,712825,26564094,13028852,388,61410748,48887896,64771552,0,1876812,0,1,1,0,12281663,653613319,656407075,43,47,97,1534142,3072035,469203,59011300,52481,413312373,400038761,0
1789395391.4106858,96.432,11298720,151725,0,192,67,53,86067,712825,26564143,13028852,388,61410748,48887896,64771552,0,1864356,0,1,1,0,12281664,653862686,656656441,43,47,97,1534142,3072035,466089,59011301,52481,413312373,400038761,0
1789395391.6610847,96.683,11299095,151751,0,192,67,53,86067,712825,26564208,13028852,388,61410748,48887896,64771552,0,1848260,0,1,1,0,12281664,654111094,656904849,43,47,97,1534142,3072035,462065,59011301,52481,413312373,400038761,0
1789395391.9114933,96.933,11299471,151776,0,192,67,53,86067,712825,26564267,13028852,388,61410748,48887896,64771552,0,1831492,0,1,1,0,12281665,654359504,657153260,43,47,97,1534142,3072035,457873,59011302,52481,413312373,400038761,0
1789395392.1619325,97.183,11299846,151801,0,192,67,53,86067,712825,26564322,13028852,388,61414132,48891280,64771552,0,1823556,0,1,1,0,12281665,654608863,657402619,43,47,97,1534226,3072204,455889,59011303,52481,413312373,400038761,0
1789395392.412321,97.434,11300221,151826,0,192,67,53,86067,712825,26564431,13028844,356,61414136,48891280,64771552,0,1810676,0,1,1,0,12281686,654858149,657651992,43,47,89,1534226,3072204,452669,59011305,52481,413312373,400038805,0
1789395392.6627102,97.684,11300597,151851,0,192,67,53,86067,712825,26564478,13028844,356,61414136,48891280,64771552,0,1802468,0,1,1,0,12281686,655107476,657901319,43,47,89,1534226,3072204,450617,59011306,52481,413312373,400038805,0
1789395392.9130347,97.935,11300972,151876,0,192,67,53,86067,712825,26564530,13028844,356,61414136,48891280,64771552,0,1789832,0,1,1,0,12281687,655356767,658150611,43,47,89,1534226,3072204,447458,59011307,52481,413312373,400038805,0
1789395393.1633534,98.185,11301347,151901,0,192,67,53,86067,712825,26564569,13028844,356,61414136,48891280,64771552,0,1781640,0,1,1,0,12281687,655606075,658399919,43,47,89,1534226,3072204,445410,59011307,52481,413312373,400038805,0
1789395393.4136908,98.435,11301722,151926,0,192,67,53,86067,712825,26564618,13028844,356,61414136,48891280,64771552,0,1769000,0,1,1,0,12281687,655855393,658649236,43,47,89,1534226,3072204,442250,59011308,52481,413312373,400038805,0
1789395393.664048,98.686,11302097,151952,0,192,67,53,86067,712825,26564690,13028832,356,61414136,48891280,64771552,0,1752268,0,1,1,0,12281688,656103764,658897607,43,47,89,1534226,3072204,438067,59011309,52481,413312373,400038865,0
1789395393.9143891,98.936,11302472,151977,0,192,67,53,86067,712825,26564739,13028832,356,61414136,48891280,64771552,0,1739980,0,1,1,0,12281688,656353066,659146909,43,47,89,1534226,3072204,434995,59011311,52481,413312373,400038865,0
1789395394.164709,99.186,11302848,152002,0,192,67,53,86067,712825,26564795,13028832,356,61414136,48891280,64771552,0,1727340,0,1,1,0,12281688,656602377,659396220,43,47,89,1534226,3072204,431835,59011311,52481,413312373,400038865,0
1789395394.4150507,99.437,11303223,152027,0,192,67,53,86067,712825,26564846,13028832,356,61414136,48891280,64771552,0,1719148,0,1,1,0,12281688,656851688,659645532,43,47,89,1534226,3072204,429787,59011312,52481,413312373,400038865,0
1789395394.6653836,99.687,11303598,152052,0,192,67,53,86067,712825,26564895,13028832,356,61414136,48891280,64771552,0,1706508,0,1,1,0,12281689,657101000,659894843,43,47,89,1534226,3072204,426627,59011312,52481,413312373,400038865,0
1789395394.9157517,99.937,11303973,152078,0,192,67,53,86067,712825,26564966,13028832,356,61414136,48891280,64771552,0,1685680,0,1,1,0,12281689,657348402,660142246,43,47,89,1534226,3072204,421420,59011314,52481,413312373,400038865,0
1789395395.1660802,100.188,11304348,152103,0,192,67,53,86067,712825,26565009,13028832,356,61414136,48891280,64771552,0,1677488,0,1,1,0,12281690,657597708,660391552,43,47,89,1534226,3072204,419372,59011315,52481,413312373,400038865,0
1789395395.4164135,100.438,11304724,152128,0,192,67,53,86067,712825,26565059,13028832,356,61414136,48891280,64771552,0,1664848,0,1,1,0,12281690,657847024,660640867,43,47,89,1534226,3072204,416212,59011316,52481,413312373,400038865,0
1789395395.6667786,100.688,11305099,152153,0,192,67,53,86067,712825,26565100,13028832,356,61414136,48891280,64771552,0,1656656,0,1,1,0,12281690,658096366,660890209,43,47,89,1534226,3072204,414164,59011317,52481,413312373,400038865,0
1789395395.9171064,100.939,11305474,152178,0,192,67,53,86067,712825,26565153,13028832,356,61414136,48891280,64771552,0,1644016,0,1,1,0,12281690,658345667,661139511,43,47,89,1534226,3072204,411004,59011317,52481,413312373,400038865,0
1789395396.1674335,101.189,11305849,152203,0,192,67,53,86067,712825,26565220,13028832,356,61417096,48894240,64771552,0,1627280,0,1,1,0,12281691,658593997,661387841,43,47,89,1534300,3072352,406820,59011318,52481,413312373,400038865,0
1789395396.4177954,101.439,11306224,152228,0,192,67,53,86067,712825,26565331,13028852,384,61417096,48894240,64771552,0,1614992,0,1,1,0,12281701,658843315,661637175,43,47,96,1534300,3072352,403748,59011318,52481,413312373,400038865,0
1789395396.6681247,101.69,11306599,152254,0,192,67,53,86067,712825,26565383,13028852,384,61417096,48894240,64771552,0,1602356,0,1,1,0,12281702,659091653,661885512,43,47,96,1534300,3072352,400589,59011320,52481,413312373,400038865,0
1789395396.918446,101.94,11306975,152279,0,192,67,53,86067,712825,26565430,13028852,384,61417096,48894240,64771552,0,1594164,0,1,1,0,12281702,659340964,662134823,43,47,96,1534300,3072352,398541,59011320,52481,413312373,400038865,0
1789395397.1688077,102.19,11307350,152304,0,192,67,53,86067,712825,26565475,13028852,384,61418532,48895676,64771552,0,1581528,0,1,1,0,12281702,659590285,662384144,43,47,96,1534336,3072424,395382,59011321,52481,413312373,400038865,0
1789395397.4191425,102.441,11307725,152329,0,192,67,53,86067,712825,26565522,13028852,384,61418532,48895676,64771552,0,1573336,0,1,1,0,12281702,659839611,662633471,43,47,96,1534336,3072424,393334,59011322,52481,413312373,400038865,0
1789395397.6694763,102.691,11308100,152354,0,192,67,53,86068,712825,26565576,13028852,384,61418532,48895676,64771552,0,1560700,0,1,1,0,12281730,660088748,662882784,43,47,96,1534336,3072424,390175,59011323,52481,413312373,400038865,0
1789395397.919834,102.941,11308476,152379,0,192,67,53,86068,712825,26565631,13028852,384,61418532,48895676,64771552,0,1543964,0,1,1,0,12281756,660336581,663131099,43,47,96,1534336,3072424,385991,59011323,52481,413312373,400038865,0
1789395398.1701598,103.192,11308851,152404,0,192,67,53,86068,712825,26565695,13028852,384,61418788,48895932,64771552,0,1531772,0,1,1,0,12281794,660585524,663380413,43,47,96,1534342,3072437,382943,59011325,52481,413312373,400038865,0
1789395398.420471,103.442,11309226,152430,0,192,67,53,86068,712825,26565753,13028852,384,61418788,48895932,64771552,0,1519036,0,1,1,0,12281814,660833492,663628728,43,47,96,1534342,3072437,379759,59011325,52481,413312373,400038865,0
1789395398.6708426,103.692,11309601,152455,0,192,67,53,86068,712825,26565794,13028852,384,61418788,48895932,64771552,0,1510952,0,1,1,0,12281838,661082615,663878084,43,47,96,1534342,3072437,377738,59011327,52481,413312373,400038865,0
1789395398.9211547,103.943,11309977,152480,0,192,67,53,86068,712825,26565856,13028844,384,61418788,48895932,64771552,0,1498464,0,1,1,0,12281894,661332368,664128362,43,47,96,1534342,3072437,374616,59011327,52481,413312373,400038901,0
1789395399.1714694,104.193,11310352,152505,0,192,67,53,86068,712825,26565901,13028844,384,61418788,48895932,64771552,0,1481760,0,1,1,0,12281931,661581139,664377691,43,47,96,1534342,3072437,370440,59011328,52481,413312373,400038901,0
1789395399.4218545,104.443,11310727,152530,0,192,67,53,86068,712826,26566001,13028852,384,61420960,48898104,64771552,0,1469184,0,1,1,0,12281979,661829397,664627069,43,47,96,1534397,3072545,367296,59011328,52481,413312373,400038901,0
1789395399.6722956,104.694,11311102,152555,0,192,67,53,86068,712826,26566054,13028852,384,61420960,48898104,64771552,0,1456544,0,1,1,0,12282007,662078377,664876418,43,47,96,1534397,3072545,364136,59011329,52481,413312373,400038901,0
1789395399.9226708,104.944,11311478,152580,0,192,67,53,86068,712826,26566101,13028852,384,61420960,48898104,64771552,0,1448352,0,1,1,0,12282033,662327479,665125764,43,47,96,1534397,3072545,362088,59011331,52481,413312373,400038901,0
1789395400.1729887,105.194,11311853,152605,0,192,67,53,86068,712826,26566157,13028852,384,61420960,48898104,64771552,0,1435716,0,1,1,0,12282084,662576326,665375075,43,47,96,1534397,3072545,358929,59011331,52481,413312373,400038901,0
1789395400.4233172,105.445,11312228,152630,0,192,67,53,86068,712826,26566266,13028852,388,61421620,48898764,64771552,0,1418980,0,1,1,0,12282134,662823913,665623400,43,47,97,1534413,3072578,354745,59011337,52481,413312373,400038901,0
1789395400.6736696,105.695,11312603,152655,0,192,67,53,86068,712826,26566311,13028852,388,61421620,48898764,64771552,0,1414884,0,1,1,0,12282163,663073055,665872720,43,47,97,1534413,3072578,353721,59011337,52481,413312373,400038901,0
1789395400.9239972,105.946,11312979,152680,0,192,67,53,86068,712826,26566356,13028852,388,61421620,48898764,64771552,0,1398156,0,1,1,0,12282188,663321913,666122028,43,47,97,1534413,3072578,349539,59011338,52481,413312373,400038901,0
1789395401.1743348,106.196,11313354,152705,0,192,67,53,86068,712826,26566411,13028852,388,61422836,48899980,64771552,0,1385996,0,1,1,0,12282225,663570817,666371333,43,47,97,1534443,3072639,346499,59011340,52481,413312373,400038901,0
1789395401.4246695,106.446,11313729,152730,0,192,67,53,86068,712826,26566470,13028852,388,61422836,48899980,64771552,0,1373228,0,1,1,0,12282261,663819727,666620649,43,47,97,1534443,3072639,343307,59011341,52481,413312373,400038901,0
1789395401.674986,106.696,11314104,152756,0,192,67,53,86068,712826,26566522,13028852,388,61422836,48899980,64771552,0,1365292,0,1,1,0,12282286,664068780,666869945,43,47,97,1534443,3072639,341323,59011341,52481,413312373,400038901,0
1789395401.9253023,106.947,11314480,152781,0,192,67,53,86068,712826,26566577,13028852,388,61422836,48899980,64771552,0,1352780,0,1,1,0,12282321,664317708,667119241,43,47,97,1534443,3072639,338195,59011342,52481,413312373,400038901,0
1789395402.1756163,107.197,11314855,152806,0,192,67,53,86068,712826,26566632,13028852,388,61422836,48899980,64771552,0,1335948,0,1,1,0,12282355,664565588,667367579,43,47,97,1534443,3072639,333987,59011342,52481,413312373,400038901,0
1789395402.4259703,107.447,11315230,152831,0,192,67,53,86068,712826,26566683,13028852,388,61422836,48899980,64771552,0,1323628,0,1,1,0,12282382,664814539,667616886,43,47,97,1534443,3072639,330907,59011344,52481,413312373,400038901,0
1789395402.6763198,107.698,11315605,152856,0,192,67,53,86068,712826,26566735,13028852,388,61422836,48899980,64771552,0,1310928,0,1,1,0,12282427,665063434,667866199,43,47,97,1534443,3072639,327732,59011345,52481,413312373,400038901,0
1789395402.9266388,107.948,11315981,152881,0,192,67,53,86068,712826,26566782,13028852,388,61422836,48899980,64771552,0,1302928,0,1,1,0,12282460,665312501,668115512,43,47,97,1534443,3072639,325732,59011346,52481,413312373,400038901,0
1789395403.1769671,108.198,11316356,152906,0,192,67,53,86068,712826,26566844,13028852,388,61422836,48899980,64771552,0,1289904,0,1,1,0,12282493,665560347,668363829,43,47,97,1534443,3072639,322476,59011346,52481,413312373,400039133,0
1789395403.4272833,108.449,11316731,152931,0,192,67,53,86068,712826,26566905,13028852,388,61422836,48899980,64771552,0,1273456,0,1,1,0,12282532,665808212,668612155,43,47,97,1534443,3072639,318364,59011348,52481,413312373,400039133,0
1789395403.6776078,108.699,11317106,152957,0,192,67,53,86068,712826,26566952,13028852,388,61422836,48899980,64771552,0,1261268,0,1,1,0,12282569,666057115,668861467,43,47,97,1534443,3072639,315317,59011348,52481,413312373,400039133,0
1789395403.927972,108.949,11317481,152982,0,192,67,53,86068,712826,26567064,13028844,388,61423164,48900308,64771552,0,1248244,0,1,1,0,12282607,666306113,669110870,43,47,97,1534452,3072655,312061,59011352,52481,413312373,400039169,0
1789395404.1783762,109.2,11317857,153007,0,192,67,53,86068,712826,26567117,13028844,388,61423676,48900820,64771552,0,1240160,0,1,1,0,12282633,666555186,669360181,43,47,97,1534464,3072681,310040,59011352,52481,413312373,400039169,0
1789395404.4287016,109.45,11318232,153032,0,192,67,53,86068,712826,26567218,13028852,164,61425592,48902664,64771552,0,1231500,0,1,1,0,12282662,666804233,669609497,43,47,41,1534512,3072777,307875,59011352,52481,413312373,400039169,0
1789395404.679036,109.701,11318607,153057,0,192,67,53,86068,712826,26567271,13028852,164,61425592,48902664,64771552,0,1215116,0,1,1,0,12282692,667052111,669857819,43,47,41,1534512,3072777,303779,59011353,52481,413312373,400039169,0
1789395404.9293473,109.951,11318982,153082,0,192,67,53,86068,712826,26567327,13028852,164,61425592,48902664,64771552,0,1202828,0,1,1,0,12282732,667301955,670108109,43,47,41,1534512,3072777,300707,59011353,52481,413312373,400039169,0
1789395405.17968,110.201,11319358,153107,0,192,67,53,86068,712826,26567365,13028852,164,61425592,48902664,64771552,0,1194636,0,1,1,0,12282763,667550999,670357412,43,47,41,1534512,3072777,298659,59011355,52481,413312373,400039169,0
1789395405.4299967,110.452,11319733,153132,0,192,67,53,86068,712826,26567422,13028852,164,61425592,48902664,64771552,0,1178252,0,1,1,0,12282788,667798874,670605754,43,47,41,1534512,3072777,294563,59011356,52481,413312373,400039169,0
1789395405.6803472,110.702,11320108,153157,0,192,67,53,86068,712826,26567465,13028852,164,61425592,48902664,64771552,0,1170060,0,1,1,0,12282818,668048870,670856050,43,47,41,1534512,3072777,292515,59011357,52481,413312373,400039169,0
1789395405.9306712,110.952,11320483,153182,0,192,67,53,86068,712826,26567523,13028852,164,61425592,48902664,64771552,0,1153328,0,1,1,0,12282837,668296953,671104365,43,47,41,1534512,3072777,288332,59011357,52481,413312373,400039169,0
1789395406.1809864,111.202,11320859,153207,0,192,67,53,86068,712826,26567578,13028852,164,61425592,48902664,64771552,0,1141148,0,1,1,0,12282837,668546257,671353669,43,47,41,1534512,3072777,285287,59011358,52481,413312373,400039169,0
1789395406.4313304,111.453,11321234,153233,0,192,67,53,86068,712826,26567628,13028852,164,61425592,48902664,64771552,0,1132784,0,1,1,0,12282837,668795577,671602988,43,47,41,1534512,3072777,283196,59011359,52481,413312373,400039169,0
1789395406.6816738,111.703,11321609,153258,0,192,67,53,86068,712826,26567692,13028852,164,61425592,48902664,64771552,0,1116228,0,1,1,0,12282838,669043958,671851370,43,47,41,1534512,3072777,279057,59011360,52481,413312373,400039169,0
1789395406.9320014,111.954,11321984,153283,0,192,67,53,86068,712826,26567741,13028852,164,61425592,48902664,64771552,0,1103804,0,1,1,0,12282838,669293270,672100682,43,47,41,1534512,3072777,275951,59011361,52481,413312373,400039169,0
1789395407.1823256,112.204,11322359,153308,0,192,67,53,86068,712826,26567780,13028852,164,61425592,48902664,64771552,0,1095632,0,1,1,0,12282839,669542560,672349972,43,47,41,1534512,3072777,273908,59011362,52481,413312373,400039169,0
1789395407.4326382,112.454,11322734,153333,0,192,67,53,86068,712826,26567846,13028852,164,61425592,48902664,64771552,0,1075196,0,1,1,0,12282839,669789946,672597358,43,47,41,1534512,3072777,268799,59011362,52481,413312373,400039169,0
1789395407.683017,112.705,11323110,153359,0,192,67,53,86068,712826,26567892,13028852,164,61425592,48902664,64771552,0,1067284,0,1,1,0,12282840,670039269,672846681,43,47,41,1534512,3072777,266821,59011364,52481,413312373,400039169,0
1789395407.9333389,112.955,11323485,153384,0,192,67,53,86068,712827,26567960,13028852,164,61425592,48902664,64771552,0,1059376,0,1,1,0,12282864,670288264,673095979,43,47,41,1534512,3072777,264844,59011364,52481,413312373,400039273,0
1789395408.1836667,113.205,11323860,153409,0,192,67,53,86068,712827,26568023,13028852,164,61425592,48902664,64771552,0,1046696,0,1,1,0,12282894,670537175,673345296,43,47,41,1534512,3072777,261674,59011365,52481,413312373,400039273,0
1789395408.4339843,113.455,11324235,153434,0,192,67,53,86068,712827,26568125,13028852,60,61426736,48903808,64771552,0,1030060,0,1,1,0,12282930,670785934,673594612,43,47,15,1534541,3072834,257515,59011366,52481,413312373,400039273,0
1789395408.684332,113.706,11324610,153459,0,192,67,53,86068,712827,26568172,13028852,60,61426736,48903808,64771552,0,1017772,0,1,1,0,12282957,671034855,673843926,43,47,15,1534541,3072834,254443,59011366,52481,413312373,400039273,0
1789395408.9346776,113.956,11324986,153484,0,192,67,53,86068,712827,26568212,13028852,60,61426736,48903808,64771552,0,1009580,0,1,1,0,12282994,671284714,674094231,43,47,15,1534541,3072834,252395,59011367,52481,413312373,400039273,0
1789395409.1850002,114.207,11325361,153509,0,192,67,53,86068,712827,26568269,13028840,60,61426736,48903808,64771552,0,993196,0,1,1,0,12283017,671532441,674342559,43,47,15,1534541,3072834,248299,59011368,52481,413312373,400039317,0
1789395409.43532,114.457,11325736,153534,0,192,67,53,86068,712827,26568322,13028840,60,61426736,48903808,64771552,0,980892,0,1,1,0,12283070,671782235,674592870,43,47,15,1534541,3072834,245223,59011370,52481,413312373,400039317,0
1789395409.6856782,114.707,11326112,153559,0,192,67,53,86068,712827,26568361,13028840,60,61426736,48903808,64771552,0,972700,0,1,1,0,12283087,672031170,674842187,43,47,15,1534541,3072834,243175,59011370,52481,413312373,400039317,0
1789395409.9359925,114.958,11326483,153586,0,192,67,53,86069,712828,26568533,13029220,60,61424312,48901384,64771552,0,960412,0,1,1,0,12283139,672247613,675059029,43,47,15,1534480,3072713,240103,59012081,52500,413312989,400039317,0
1789395410.1863568,115.208,11326834,153625,0,192,67,53,86071,712835,26569391,13033092,2444,61406188,48877988,64771552,0,944148,0,1,3,0,12285166,672416785,675228716,43,47,611,1534027,3071805,236037,59017323,52540,413318793,400039317,0
1789395410.4368224,115.458,11327184,153665,0,192,67,53,86073,712843,26570005,13038596,2444,61399804,48865676,64771552,0,931804,0,2,1,0,12285774,672618920,675431378,43,47,611,1533867,3071484,232951,59020347,52579,413324645,400039317,0
1789395410.6872065,115.709,11327535,153701,0,192,67,53,86076,712853,26570809,13042144,2504,61391344,48852848,64771552,0,915648,0,1,1,0,12286372,672777202,675591863,43,47,626,1533652,3071054,228912,59026135,52604,413328045,400039321,0
1789395410.937698,115.959,11327906,153727,0,192,67,53,86078,712854,26571249,13042936,3868,61390600,48851000,64771552,0,907148,0,1,1,0,12286444,672997462,675813679,43,47,967,1533629,3071009,226787,59028527,52615,413328681,400039321,0
1789395411.1881442,116.21,11328281,153752,0,192,67,53,86078,712854,26571299,13042936,3868,61390600,48851000,64771552,0,894852,0,1,1,0,12286501,673246153,676063015,43,47,967,1533629,3071009,223713,59028527,52615,413328681,400039321,0
1789395411.4385157,116.46,11328657,153777,0,192,67,53,86078,712854,26571348,13042936,3868,61390600,48851000,64771552,0,886660,0,1,1,0,12286530,673495099,676312380,43,47,967,1533629,3071009,221665,59028530,52615,413328681,400039321,0
1789395411.6888788,116.71,11329032,153802,0,192,67,53,86078,712854,26571389,13042936,3868,61390600,48851000,64771552,0,874364,0,1,1,0,12286558,673744887,676562693,43,47,967,1533629,3071009,218591,59028530,52615,413328681,400039321,0
1789395411.9392166,116.961,11329407,153827,0,192,67,53,86078,712854,26571459,13042936,3868,61390600,48851000,64771552,0,857980,0,1,1,0,12286600,673992534,676811019,43,47,967,1533629,3071009,214495,59028531,52615,413328681,400039321,0
1789395412.1895282,117.211,11329782,153852,0,192,67,53,86078,712854,26571534,13042936,3868,61390892,48851292,64771552,0,845692,0,1,1,0,12286631,674240503,677059350,43,47,967,1533637,3071024,211423,59028531,52615,413328681,400039321,0
1789395412.4398713,117.461,11330157,153877,0,192,67,53,86078,712854,26571652,13042936,4096,61390892,48851292,64771552,0,837500,0,1,1,0,12286670,674489500,677308680,43,47,1024,1533637,3071024,209375,59028532,52615,413328681,400039321,0
1789395412.690241,117.712,11330533,153902,0,192,67,53,86078,712854,26571703,13042936,4096,61391244,48851644,64771552,0,821116,0,1,1,0,12286699,674737229,677557028,43,47,1024,1533646,3071041,205279,59028533,52615,413328681,400039321,0
1789395412.940575,117.962,11330908,153927,0,192,67,53,86078,712854,26571756,13042936,4096,61391244,48851644,64771552,0,808812,0,1,1,0,12286734,674986047,677806354,43,47,1024,1533646,3071041,202203,59028534,52615,413328681,400039321,0
1789395413.1909146,118.212,11331283,153952,0,192,67,53,86078,712854,26571797,13042936,4096,61391244,48851644,64771552,0,800620,0,1,1,0,12286764,675234960,678055638,43,47,1024,1533646,3071041,200155,59028536,52615,413328681,400039321,0
1789395413.4412203,118.463,11331658,153977,0,192,67,53,86078,712854,26571860,13042936,4096,61391244,48851644,64771552,0,788396,0,1,1,0,12286793,675481891,678303955,43,47,1024,1533646,3071041,197099,59028536,52615,413328681,400039321,0
1789395413.6915386,118.713,11332034,154003,0,192,67,53,86078,712854,26571914,13042936,4096,61391244,48851644,64771552,0,772068,0,1,1,0,12286832,675729542,678552286,43,47,1024,1533646,3071041,193017,59028537,52615,413328681,400039321,0
1789395413.941887,118.963,11332409,154028,0,192,67,53,86078,712854,26571969,13042936,4096,61391244,48851644,64771552,0,759724,0,1,1,0,12286858,675978434,678801597,43,47,1024,1533646,3071041,189931,59028538,52615,413328681,400039321,0
1789395414.1922047,119.214,11332784,154053,0,192,67,53,86078,712854,26572017,13042936,4096,61391244,48851644,64771552,0,751456,0,1,1,0,12286894,676228339,679051888,43,47,1024,1533646,3071041,187864,59028540,52615,413328681,400039321,0
1789395414.4425175,119.464,11333159,154078,0,192,67,53,86078,712855,26572092,13042924,4096,61391244,48851644,64771552,0,735088,0,1,1,0,12286932,676475878,679300218,43,47,1024,1533646,3071041,183772,59028540,52615,413328681,400039357,0
1789395414.6928592,119.714,11333534,154103,0,192,67,53,86078,712855,26572138,13042924,4096,61391244,48851644,64771552,0,723152,0,1,1,0,12286956,676725692,679550500,43,47,1024,1533646,3071041,180788,59028541,52615,413328681,400039357,0
1789395414.9431636,119.965,11333910,154128,0,192,67,53,86078,712855,26572184,13042924,4096,61391244,48851644,64771552,0,714944,0,1,1,0,12286983,676974593,679799786,43,47,1024,1533646,3071041,178736,59028541,52615,413328681,400039357,0
1789395415.1935084,120.215,11334285,154153,0,192,67,53,86078,712855,26572221,13042924,4096,61391244,48851644,64771552,0,702364,0,1,1,0,12287011,677224421,680050095,43,47,1024,1533646,3071041,175591,59028543,52615,413328681,400039357,0
1789395415.4438376,120.465,11334660,154178,0,192,67,53,86078,712855,26572295,13042924,4096,61391244,48851644,64771552,0,685948,0,1,1,0,12287051,677471922,680298425,43,47,1024,1533646,3071041,171487,59028543,52615,413328681,400039357,0
1789395415.6941605,120.716,11335035,154203,0,192,67,53,86078,712855,26572340,13042924,4096,61391244,48851644,64771552,0,673724,0,1,1,0,12287051,677721221,680547725,43,47,1024,1533646,3071041,168431,59028545,52615,413328681,400039357,0
1789395415.9444737,120.966,11335411,154228,0,192,67,53,86078,712855,26572387,13042924,4096,61391244,48851644,64771552,0,665512,0,1,1,0,12287051,677970519,680797023,43,47,1024,1533646,3071041,166378,59028545,52615,413328681,400039357,0
1789395416.194808,121.216,11335786,154253,0,192,67,53,86078,712855,26572454,13042924,4096,61391824,48852224,64771552,0,649456,0,1,1,0,12287052,678219821,681046324,43,47,1024,1533660,3071070,162364,59028546,52615,413328681,400039357,0
1789395416.445133,121.467,11336161,154278,0,192,67,53,86078,712855,26572541,13042936,4104,61391696,48852096,64771552,0,644924,0,1,1,0,12287064,678470087,681296612,43,47,1026,1533657,3071064,161231,59028546,52615,413328681,400039357,0
1789395416.6954691,121.717,11336536,154304,0,192,67,53,86079,712855,26572620,13026552,4108,61395440,48872264,64771552,0,628540,0,1,1,0,12287077,678717170,681543695,43,47,1027,1533754,3071259,157135,59028549,52615,413328681,400039357,0
1789395416.94581,121.967,11336911,154329,0,192,67,53,86079,712855,26572682,13014264,4108,61393332,48880664,64771552,0,616244,0,1,1,0,12287085,678964768,681791293,43,47,1027,1533705,3071161,154061,59028550,52615,413328681,400039357,0
1789395417.1961174,122.218,11337286,154354,0,192,67,53,86079,712855,26572732,13014264,4108,61393332,48880664,64771552,0,608052,0,1,1,0,12287085,679214060,682040585,43,47,1027,1533705,3071161,152013,59028551,52615,413328681,400039357,0
1789395417.4464314,122.468,11337661,154379,0,192,67,53,86079,712855,26572796,13014264,4108,61393332,48880664,64771552,0,591668,0,1,1,0,12287086,679462376,682288901,43,47,1027,1533705,3071161,147917,59028551,52615,413328681,400039357,0
1789395417.6967819,122.718,11338037,154404,0,192,67,53,86079,712855,26572845,13014264,4108,61393332,48880664,64771552,0,579372,0,1,1,0,12287086,679711708,682538233,43,47,1027,1533705,3071161,144843,59028551,52615,413328681,400039357,0
1789395417.9471145,122.969,11338412,154429,0,192,67,53,86079,712855,26572896,13014264,4108,61393332,48880664,64771552,0,571180,0,1,1,0,12287086,679961021,682787546,43,47,1027,1533705,3071161,142795,59028553,52615,413328681,400039357,0
1789395418.1974466,123.219,11338787,154454,0,192,67,53,86079,712855,26572961,13014264,4108,61393332,48880664,64771552,0,558956,0,1,1,0,12287101,680210386,683036936,43,47,1027,1533705,3071161,139739,59028553,52615,413328681,400039357,0
1789395418.4478695,123.469,11339162,154480,0,192,67,53,86079,712855,26573018,13014264,4108,61393332,48880664,64771552,0,542868,0,1,1,0,12287102,680458728,683285278,43,47,1027,1533705,3071161,135717,59028555,52615,413328681,400039357,0
1789395418.6982088,123.72,11339538,154505,0,192,67,53,86079,712855,26573068,13014264,4108,61393332,48880664,64771552,0,530284,0,1,1,0,12287102,680708045,683534596,43,47,1027,1533705,3071161,132571,59028555,52615,413328681,400039357,0
1789395418.9485416,123.97,11339913,154530,0,192,67,53,86079,712855,26573122,13014264,4108,61393332,48880664,64771552,0,522132,0,1,1,0,12287103,680957374,683783924,43,47,1027,1533705,3071161,130533,59028556,52615,413328681,400039357,0
1789395419.198896,124.22,11340288,154555,0,192,67,53,86079,712855,26573171,13014264,4108,61393332,48880664,64771552,0,505748,0,1,1,0,12287103,681205708,684032258,43,47,1027,1533705,3071161,126437,59028557,52615,413328681,400039357,0
1789395419.449243,124.471,11340663,154580,0,192,67,53,86079,712855,26573226,13014264,4108,61393332,48880664,64771552,0,493728,0,1,1,0,12287103,681456018,684282568,43,47,1027,1533705,3071161,123432,59028558,52615,413328681,400039357,0
1789395419.699572,124.721,11341038,154605,0,192,67,53,86079,712855,26573281,13014252,4108,61396736,48884068,64771552,0,485260,0,1,1,0,12287103,681705358,684531908,43,47,1027,1533790,3071331,121315,59028559,52615,413328681,400039393,0
1789395419.949927,124.971,11341414,154630,0,192,67,53,86079,712855,26573351,13014252,4108,61396736,48884068,64771552,0,472916,0,1,1,0,12287104,681954704,684781255,43,47,1027,1533790,3071331,118229,59028560,52615,413328681,400039393,0
1789395420.2003155,125.222,11341789,154656,0,192,67,53,86079,712855,26573423,13014252,4108,61397680,48885012,64771552,0,456588,0,1,1,0,12287104,682203037,685029588,43,47,1027,1533814,3071378,114147,59028560,52615,413328681,400039393,0
1789395420.4506793,125.472,11342164,154681,0,192,67,54,86079,712855,26573512,13014264,4112,61397680,48885012,64771552,0,444164,0,1,1,0,12287111,682452375,685278934,43,47,1028,1533814,3071378,111041,59028562,52615,413328681,400039393,0
1789395420.7010262,125.723,11342539,154706,0,192,67,54,86079,712855,26573573,13014264,4112,61397680,48885012,64771552,0,427832,0,1,1,0,12287133,682700298,685527266,43,47,1028,1533814,3071378,106958,59028562,52615,413328681,400039393,0
1789395420.9513535,125.973,11342914,154731,0,192,67,54,86079,712855,26573625,13014264,4112,61403832,48891164,64771552,0,415556,0,1,1,0,12287155,682948107,685775605,43,47,1028,1533967,3071686,103889,59028563,52615,413328681,400039393,0
1789395421.2016869,126.223,11343289,154756,0,192,67,54,86079,712855,26573665,13014264,4112,61403832,48891164,64771552,0,411516,0,1,1,0,12287182,683198232,686025923,43,47,1028,1533967,3071686,102879,59028564,52615,413328681,400039393,0
1789395421.4520657,126.474,11343664,154782,0,192,67,54,86080,712855,26573780,13014264,4532,61403876,48891164,64771552,0,394784,0,1,1,0,12287183,683442814,686270505,43,47,1133,1533969,3071688,98696,59029192,52615,413328685,400039393,0
1789395421.7025445,126.724,11344039,154807,0,192,67,54,86080,712855,26573833,13014264,4532,61407476,48894764,64771552,0,382496,0,1,1,0,12287184,683692199,686519890,43,47,1133,1534058,3071868,95624,59029192,52615,413328685,400039393,0
1789395421.9529417,126.974,11344415,154832,0,192,67,54,86080,712855,26573878,13014264,4532,61407476,48894764,64771552,0,374348,0,1,1,0,12287184,683942538,686770229,43,47,1133,1534058,3071868,93587,59029194,52615,413328685,400039393,0
1789395422.203273,127.225,11344790,154857,0,192,67,54,86080,712855,26573948,13014264,4532,61407064,48894352,64771552,0,357900,0,1,1,0,12287185,684190861,687018553,43,47,1133,1534048,3071848,89475,59029194,52615,413328685,400039393,0
1789395422.4535956,127.475,11345165,154882,0,192,67,54,86080,712855,26573998,13014264,4532,61407064,48894352,64771552,0,345336,0,1,1,0,12287185,684441203,687268894,43,47,1133,1534048,3071848,86334,59029195,52615,413328685,400039393,0
1789395422.7039695,127.725,11345540,154907,0,192,67,54,86080,712855,26574051,13014264,4532,61407064,48894352,64771552,0,333296,0,1,1,0,12287185,684689545,687517237,43,47,1133,1534048,3071848,83324,59029196,52615,413328685,400039393,0
1789395422.9542842,127.976,11345915,154932,0,192,67,54,86080,712855,26574098,13014264,4532,61407064,48894352,64771552,0,321096,0,1,1,0,12287185,684938840,687766531,43,47,1133,1534048,3071848,80274,59029196,52615,413328685,400039393,0
1789395423.204624,128.226,11346291,154957,0,192,67,54,86080,712855,26574155,13014256,4532,61410216,48897504,64771552,0,312880,0,1,1,0,12287196,685189091,688016873,43,47,1133,1534127,3072005,78220,59029199,52615,413328685,400039477,0
1789395423.454993,128.477,11346666,154982,0,192,67,54,86080,712855,26574218,13014256,4532,61410216,48897504,64771552,0,296744,0,1,1,0,12287203,685438408,688266246,43,47,1133,1534127,3072005,74186,59029199,52615,413328685,400039477,0
1789395423.7054174,128.727,11347041,155008,0,192,67,54,86080,712856,26574282,13014256,4532,61410216,48897504,64771552,0,280404,0,1,1,0,12287204,685686821,688514659,43,47,1133,1534127,3072005,70101,59029200,52615,413328685,400039477,0
1789395423.9558692,128.977,11347417,155033,0,192,67,54,86080,712856,26574329,13014256,4532,61410216,48897504,64771552,0,272428,0,1,1,0,12287219,685937151,688765021,43,47,1133,1534127,3072005,68107,59029201,52615,413328685,400039477,0
1789395424.206259,129.228,11347792,155058,0,192,67,54,86080,712856,26574379,13014256,4532,61412972,48900260,64771552,0,264064,0,1,1,0,12287219,686187496,689015366,43,47,1133,1534196,3072143,66016,59029202,52615,413328685,400039477,0
1789395424.4566817,129.478,11348167,155083,0,192,67,54,86080,712856,26574486,13014264,4552,61413640,48900928,64771552,0,247340,0,1,1,0,12287230,686436902,689264787,43,47,1138,1534212,3072176,61835,59029203,52615,413328685,400039477,0
1789395424.7070925,129.729,11348542,155108,0,192,67,54,86080,712856,26574544,13014264,4552,61413640,48900928,64771552,0,235096,0,1,1,0,12287230,686685302,689513187,43,47,1138,1534212,3072176,58774,59029204,52615,413328685,400039477,0
1789395424.9574945,129.979,11348918,155133,0,192,67,54,86080,712856,26574606,13014252,4552,61413640,48900928,64771552,0,222808,0,1,1,0,12287230,686934698,689762583,43,47,1138,1534212,3072176,55702,59029205,52615,413328685,400039517,0
1789395425.2079148,130.229,11349293,155158,0,192,67,54,86080,712856,26574641,13014252,4552,61413640,48900928,64771552,0,214660,0,1,1,0,12287230,687185060,690012945,43,47,1138,1534212,3072176,53665,59029207,52615,413328685,400039517,0
1789395425.4583178,130.48,11349668,155183,0,192,67,54,86080,712856,26574698,13014252,4552,61413640,48900928,64771552,0,198320,0,1,1,0,12287248,687434354,690262358,43,47,1138,1534212,3072176,49580,59029208,52615,413328685,400039517,0
1789395425.7087724,130.73,11350044,155209,0,192,67,54,86080,712856,26574748,13014252,4552,61416052,48903340,64771552,0,186076,0,1,1,0,12287248,687684752,690512757,43,47,1138,1534273,3072297,46519,59029208,52615,413328685,400039517,0
1789395425.9591806,130.981,11350419,155234,0,192,67,54,86080,712856,26574796,13014252,4552,61416052,48903340,64771552,0,173788,0,1,1,0,12287248,687935132,690763137,43,47,1138,1534273,3072297,43447,59029210,52615,413328685,400039517,0
1789395426.2095888,131.231,11350794,155259,0,192,67,54,86080,712856,26574862,13014252,4552,61416052,48903340,64771552,0,157532,0,1,1,0,12287248,688184556,691012560,43,47,1138,1534273,3072297,39383,59029211,52615,413328685,400039517,0
1789395426.4600465,131.482,11351170,155284,0,192,67,54,86080,712856,26574907,13014252,4552,61416052,48903340,64771552,0,149376,0,1,1,0,12287248,688434914,691262919,43,47,1138,1534273,3072297,37344,59029212,52615,413328685,400039517,0
1789395426.7104445,131.732,11351545,155309,0,192,67,54,86080,712856,26574975,13014252,4552,61416052,48903340,64771552,0,133036,0,1,1,0,12287248,688683316,691511320,43,47,1138,1534273,3072297,33259,59029213,52615,413328685,400039517,0
1789395426.960869,131.982,11351920,155334,0,192,67,54,86080,712856,26575020,13014252,4552,61416052,48903340,64771552,0,125124,0,1,1,0,12287249,688932671,691760675,43,47,1138,1534273,3072297,31281,59029214,52615,413328685,400039517,0
1789395427.2112393,132.233,11352296,155359,0,192,67,54,86080,712856,26575064,13010156,4552,61411960,48905324,64771552,0,116696,0,1,1,0,12287267,689182386,692010405,43,47,1138,1534172,3072095,29174,59029214,52615,413328685,400039517,0
1789395427.4616072,132.483,11352671,155380,0,192,67,54,86085,712856,26575169,12289856,4552,61428164,49646280,64771552,0,100356,0,1,1,0,12289464,689364422,692192441,43,47,1138,1534685,3073122,25089,59029215,52615,413328685,400039517,0
1789395427.7120025,132.734,11353046,155405,0,192,67,54,86085,712856,26575228,12289856,4552,61430276,49648392,64771552,0,84016,0,1,1,0,12289464,689612827,692440845,43,47,1138,1534737,3073227,21004,59029215,52615,413328685,400039517,0
1789395427.9624248,132.984,11353421,155430,0,192,67,54,86085,712856,26575277,12289856,4552,61430276,49648392,64771552,0,75868,0,1,1,0,12289464,689862187,692690206,43,47,1138,1534737,3073227,18967,59029216,52615,413328685,400039517,0
1789395428.2128458,133.234,11353797,155455,0,192,67,54,86085,712856,26575328,12289856,4552,61430276,49648392,64771552,0,67676,0,1,1,0,12289464,690112581,692940600,43,47,1138,1534737,3073227,16919,59029218,52615,413328685,400039517,0
1789395428.463231,133.485,11354172,155480,0,192,67,54,86085,712856,26575441,12289564,4552,61430356,49648836,64771552,0,51260,0,1,1,0,12289475,690361885,693189921,43,47,1138,1534741,3073234,12815,59029219,52615,413328685,400039517,0
1789395428.713568,133.735,11354547,155505,0,192,67,54,86085,712856,26575487,12289564,4552,61430356,49648836,64771552,0,44924,0,1,1,0,12289475,690612213,693440249,43,47,1138,1534741,3073234,11231,59029219,52615,413328685,400039517,0
1789395428.963908,133.985,11354922,155530,0,192,67,54,86085,712856,26575545,12289564,4552,61430356,49648836,64771552,0,28584,0,1,1,0,12289476,690861507,693689543,43,47,1138,1534741,3073234,7146,59029220,52615,413328685,400039517,0
1789395429.2142224,134.236,11355297,155555,0,192,67,54,86085,712856,26575590,12289564,4552,61432204,49650684,64771552,0,16340,0,1,1,0,12289476,691110809,693938846,43,47,1138,1534787,3073327,4085,59029220,52615,413328685,400039517,0
1789395429.4645846,134.486,11355673,155580,0,192,67,54,86086,712856,26575673,12277396,4552,61428332,49658980,64771552,0,4052,0,1,1,0,12289490,691358876,694186912,43,47,1138,1534690,3073133,1013,59029223,52615,413328685,400039517,0
1789395429.7149575,134.736,11356047,155583,0,192,68,54,86108,712856,26575921,8800740,4552,61514040,53270596,64771552,0,0,0,0,2,0,12296197,691363932,694191968,43,47,1138,1538062,3079886,0,59029223,52615,413328685,400039517,0
