t,t_rel,cpu_idle,cpu_iowait,cpu_irq,cpu_nice,cpu_softirq,cpu_steal,cpu_system,cpu_user,ctxt,mem_Cached,mem_Dirty,mem_MemAvailable,mem_MemFree,mem_MemTotal,mem_SwapCached,mem_Writeback,mem_WritebackTmp,procs_blocked,procs_running,psi_cpu_full_total,psi_cpu_some_total,psi_io_full_total,psi_io_some_total,psi_memory_full_total,psi_memory_some_total,vm_nr_dirty,vm_nr_dirty_background_threshold,vm_nr_dirty_threshold,vm_nr_writeback,vm_pgfault,vm_pgmajfault,vm_pgpgin,vm_pgpgout,vm_pswpout
1789566720.0129223,0.0,8178968,560225,0,111,78,114,106122,822481,31164646,118072,1204,63864660,64243688,64771556,0,0,0,1,1,0,13805486,2980758488,2996855091,47,47,301,1594991,3193882,0,77592227,77718,577269570,424081637,0
1789566720.2633262,0.25,8179208,560243,0,111,78,114,106123,822620,31165335,127860,1284,63851648,64225056,64771556,0,0,0,1,16,0,13806703,2980787015,2996883670,47,47,321,1594838,3193575,0,77594896,77791,577282042,424081637,0
1789566720.5138574,0.501,8179579,560260,0,111,78,114,106126,822630,31166043,136612,1284,63836472,64204956,64771556,0,0,0,1,1,0,13807272,2980877725,2996974493,47,47,321,1594582,3193063,0,77599897,77827,577292290,424081637,0
1789566720.764258,0.751,8179954,560283,0,111,78,114,106128,822631,31166748,164084,1316,63807384,64161912,64771556,0,0,0,1,1,0,13807977,2981040945,2997137714,47,47,329,1594204,3192306,0,77604129,78037,577320090,424081637,0
1789566721.0145915,1.002,8180319,560306,0,111,78,114,106129,822643,31168990,174624,1316,63791652,64140888,64771556,0,0,0,1,2,0,13808769,2981195533,2997292307,47,47,329,1593943,3191784,0,77607310,78128,577330686,424081637,0
1789566721.264939,1.252,8180689,560329,0,111,78,114,106130,822648,31170691,181308,1316,63783736,64129388,64771556,0,0,0,1,1,0,13809599,2981323169,2997419981,47,47,329,1593835,3191568,0,77609346,78134,577337182,424081637,0
1789566721.515239,1.502,8181056,560350,0,111,78,114,106132,822659,31172187,189740,1316,63761880,64103292,64771556,0,0,0,1,2,0,13810467,2981482271,2997579114,47,47,329,1593395,3190687,0,77614516,78134,577345614,424081637,0
1789566721.7655654,1.753,8181409,560359,0,111,78,114,106137,822691,31175826,192632,1316,63750988,64090960,64771556,0,0,0,0,2,0,13810955,2981512471,2997609317,47,47,329,1593159,3190215,0,77630870,78142,577348550,424081669,0
1789566722.015944,2.003,8181767,560372,0,111,78,114,106139,822718,31178339,195880,1316,63726612,64064964,64771556,0,0,0,0,2,0,13811507,2981587222,2997684077,47,47,329,1592591,3189077,0,77638207,78143,577351974,424081669,0
1789566722.2662563,2.253,8182130,560384,0,111,78,114,106141,822741,31181027,198976,1316,63706112,64042928,64771556,0,0,0,1,1,0,13813012,2981672077,2997768934,47,47,329,1592118,3188129,0,77642945,78143,577354850,424081669,0
1789566722.516566,2.504,8182492,560399,0,111,78,114,106144,822762,31184811,202440,1316,63676188,64011224,64771556,0,0,0,1,1,0,13813659,2981761810,2997858673,47,47,329,1591415,3186722,0,77650597,78152,577358342,424081669,0
1789566722.7669418,2.754,8182842,560409,0,111,78,114,106146,822799,31189115,205160,1316,63666152,63999860,64771556,0,0,0,0,2,0,13814150,2981812865,2997909728,47,47,329,1591198,3186287,0,77652985,78157,577361046,424081669,0
1789566723.0172474,3.004,8183201,560419,0,111,78,114,106147,822825,31193264,207632,1316,63657360,63989804,64771556,0,0,0,1,1,0,13814838,2981884029,2997980897,47,47,329,1591010,3185911,0,77654778,78160,577363530,424081669,0
1789566723.2676415,3.255,8183543,560430,0,111,78,114,106151,822869,31198766,209820,1316,63674772,64006112,64771556,0,0,0,0,1,0,13815261,2981921571,2998018540,47,47,329,1591472,3186836,0,77659397,78163,577365706,424081673,0
1789566723.559048,3.546,8183983,560455,0,111,78,114,106152,822871,31199680,237676,1316,63676904,63993940,64771556,0,0,0,1,1,0,13816327,2982167440,2998264477,47,47,329,1591883,3187658,0,77662663,78391,577394478,424081673,0
1789566723.811631,3.799,8184358,560474,0,111,78,114,106154,822876,31200305,251724,1316,63659804,63969712,64771556,0,0,0,1,1,0,13816984,2982357777,2998454848,47,47,329,1591634,3187160,0,77666596,78499,577408602,424081673,0
1789566724.0619614,4.049,8184733,560491,0,111,78,114,106154,822882,31200860,263628,1316,63642816,63946712,64771556,0,0,0,1,1,0,13818848,2982529049,2998626121,47,47,329,1591360,3186611,0,77670763,78593,577420602,424081673,0
1789566724.3124528,4.3,8185100,560506,0,111,78,114,106156,822899,31202633,270020,1316,63623480,63924088,64771556,0,0,0,0,2,0,13819398,2982604540,2998701612,47,47,329,1590959,3185809,0,77674798,78605,577427170,424081673,0
1789566724.56283,4.55,8185459,560520,0,111,78,114,106158,822924,31204661,273016,1316,63605084,63904192,64771556,0,0,0,1,1,0,13819959,2982689274,2998786362,47,47,329,1590537,3184964,0,77679074,78609,577430162,424081673,0
1789566724.8132343,4.8,8185786,560532,0,111,78,114,106161,822981,31206664,275848,1316,63542500,63839200,64771556,0,0,0,0,4,0,13820265,2982732846,2998829937,47,47,329,1588986,3181857,0,77698399,78609,577433014,424081673,0
1789566725.0636988,5.051,8186141,560542,0,111,78,114,106163,823016,31208639,278420,1316,63518404,63812556,64771556,0,0,0,1,2,0,13820711,2982797523,2998894619,47,47,329,1588385,3180655,0,77705053,78609,577435586,424081673,0
1789566725.3141665,5.301,8186492,560554,0,111,78,114,106166,823050,31213451,281868,1316,63495384,63786028,64771556,0,0,0,0,3,0,13821193,2982853133,2998950229,47,47,329,1587810,3179502,0,77711532,78612,577439022,424081673,0
1789566725.5648406,5.552,8186849,560564,0,111,78,114,106167,823082,31214949,284620,1316,63487260,63775156,64771556,0,0,0,1,1,0,13821524,2982893096,2998990193,47,47,329,1587607,3179096,0,77713836,78613,577441962,424081673,0
1789566725.8152606,5.802,8187197,560574,0,111,78,114,106169,823123,31217072,287472,1320,63472184,63757272,64771556,0,0,0,1,1,0,13821936,2982926611,2999023708,47,47,330,1587231,3178342,0,77717267,78614,577444778,424081673,0
1789566726.0656726,6.053,8187555,560585,0,111,78,114,106170,823153,31219505,291200,1320,63454448,63735764,64771556,0,0,0,1,2,0,13822845,2982995111,2999092238,47,47,330,1586788,3177456,0,77721404,78614,577448494,424081673,0
1789566726.316122,6.303,8187905,560590,0,111,78,114,106173,823196,31223842,293028,1320,63438540,63718024,64771556,0,0,0,0,5,0,13823190,2983019549,2999116677,47,47,330,1586391,3176661,0,77725880,78614,577450310,424081673,0
1789566726.5666087,6.554,8188213,560591,0,111,78,114,106176,823283,31234287,293748,1416,63426596,63705360,64771556,0,0,0,0,6,0,13824132,2983023287,2999120415,47,47,354,1586093,3176064,0,77731211,78616,577450802,424081673,0
1789566726.8170927,6.804,8188539,560594,0,111,78,114,106179,823350,31241544,294460,1416,63418808,63696880,64771556,0,0,0,1,2,0,13824623,2983032432,2999129560,47,47,354,1585898,3175674,0,77733111,78617,577451514,424081673,0
1789566727.067532,7.055,8188910,560608,0,111,78,114,106180,823364,31243077,298692,1416,63414352,63688208,64771556,0,0,0,0,3,0,13825425,2983163790,2999260918,47,47,354,1585787,3175451,0,77734361,78619,577455802,424081673,0
1789566727.3179858,7.305,8189281,560616,0,111,78,114,106181,823384,31244241,300884,1416,63400844,63672472,64771556,0,0,0,0,2,0,13827613,2983231949,2999329102,47,47,354,1585450,3174776,0,77737486,78619,577457978,424081673,0
1789566727.5683713,7.555,8189643,560624,0,111,78,114,106182,823413,31246641,302992,1416,63382748,63652336,64771556,0,0,0,1,3,0,13828062,2983287065,2999384218,47,47,354,1584998,3173872,0,77742169,78619,577460050,424081673,0
1789566727.8187284,7.806,8190010,560637,0,111,78,114,106184,823433,31247208,306584,1416,63359188,63625120,64771556,0,0,0,1,1,0,13828612,2983385363,2999482517,47,47,354,1584410,3172694,0,77748055,78619,577463674,424081673,0
1789566728.0690746,8.056,8190378,560644,0,111,78,114,106184,823458,31248206,308392,1416,63340264,63604404,64771556,0,0,0,0,5,0,13829337,2983436444,2999533597,47,47,354,1583937,3171748,0,77752969,78619,577465454,424081673,0
1789566728.319476,8.307,8190732,560652,0,111,79,114,106186,823494,31250073,310372,1416,63310024,63572160,64771556,0,0,0,0,2,0,13829652,2983483699,2999580860,47,47,354,1583182,3170236,0,77759990,78619,577467446,424081673,0
1789566728.5699093,8.557,8191073,560660,0,111,79,114,106189,823542,31254793,312328,1416,63282164,63541736,64771556,0,0,0,1,1,0,13830092,2983516342,2999613503,47,47,354,1582487,3168844,0,77766129,78619,577470002,424081673,0
1789566728.8203382,8.807,8191399,560666,0,111,79,114,106191,823607,31260580,314220,1572,63244740,63502424,64771556,0,0,0,0,3,0,13830539,2983528412,2999625573,47,47,393,1581553,3166973,0,77775605,78620,577471742,424081673,0
1789566729.070791,9.058,8191718,560672,0,111,79,114,106194,823677,31263569,315904,1572,63199284,63455364,64771556,0,0,0,0,2,0,13830771,2983540259,2999637425,47,47,393,1580418,3164701,0,77788943,78620,577473430,424081673,0
1789566729.3212757,9.308,8192078,560682,0,111,79,114,106197,823704,31266026,318544,1572,63154968,63408328,64771556,0,0,0,0,4,0,13831194,2983582418,2999679654,47,47,393,1579312,3162485,0,77798222,78620,577476062,424081673,0
1789566729.5717294,9.559,8192442,560688,0,111,79,114,106200,823730,31268462,320256,1580,63273240,63524884,64771556,0,0,0,0,3,0,13831583,2983618227,2999715464,47,47,395,1582264,3168398,0,77804548,78620,577477782,424081673,0
1789566729.8221526,9.809,8192811,560696,0,111,79,114,106202,823750,31269428,322576,1580,63249976,63499296,64771556,0,0,0,1,1,0,13832045,2983688845,2999786081,47,47,395,1581683,3167235,0,77810283,78620,577480122,424081673,0
1789566730.0725527,10.06,8193166,560704,0,111,79,114,106203,823785,31272049,325220,1584,63224276,63470972,64771556,0,0,0,0,3,0,13832805,2983736559,2999833854,47,47,396,1581042,3165950,0,77817187,78621,577482726,424081673,0
1789566730.322994,10.31,8193484,560709,0,111,79,114,106206,823861,31278176,326220,1636,63191500,63437156,64771556,0,0,0,0,5,0,13833507,2983749333,2999846628,47,47,409,1580204,3164271,0,77824220,78621,577483834,424081733,0
1789566730.573468,10.561,8193769,560711,0,111,79,114,106211,823971,31287457,327428,1644,63166004,63410432,64771556,0,0,0,0,14,0,13833966,2983751515,2999848813,47,47,411,1579587,3163037,0,77831472,78621,577484930,424081733,0
1789566730.824136,10.811,8194068,560727,0,111,79,114,106219,824044,31297176,455872,1644,63089984,63205724,64771556,0,0,0,0,9,0,13835080,2983777132,2999874430,47,47,411,1577690,3159237,0,77847799,78621,577613418,424081733,0
1789566731.07465,11.062,8194313,560727,0,111,79,114,106236,824181,31304890,525640,71336,62909732,62955624,64771556,0,0,0,0,7,0,13835489,2983777237,2999874535,48,48,17834,1573190,3150227,0,77893641,78621,577613502,424081733,0
1789566731.3251417,11.312,8194580,560740,0,111,79,114,106250,824284,31312631,784344,200560,62744856,62530852,64771556,0,0,0,0,5,0,13835971,2983792243,2999889618,48,48,50140,1569045,3141926,0,77923538,78621,577743238,424081733,0
1789566731.575603,11.563,8194868,560749,0,111,79,114,106273,824365,31317159,1071660,362588,62540920,62037680,64771556,0,0,0,0,10,0,13836349,2983812170,2999909545,48,48,90647,1563906,3131636,0,77953064,78621,577868526,424081733,0
1789566731.826085,11.813,8195103,560755,0,111,79,114,106299,824497,31322600,1269440,432704,62342180,61640048,64771556,0,0,0,0,6,0,13836829,2983818869,2999916252,48,48,108176,1558916,3121645,0,77962142,78621,577996030,424081733,0
1789566732.0765538,12.064,8195371,560769,0,111,79,114,106319,824591,31330256,1574144,573492,62258492,61249620,64771556,0,0,0,2,4,0,13837313,2983845452,2999942839,48,48,143373,1556777,3117360,0,77999060,78621,578160146,424081733,0
1789566732.3270638,12.314,8195664,560778,0,111,79,114,106348,824659,31333668,1850040,726324,62046424,60759908,64771556,0,0,0,0,4,0,13837660,2983863934,2999961322,48,48,181581,1551439,3106672,0,78006517,78621,578282914,424081733,0
1789566732.5777125,12.565,8195936,560788,0,111,79,114,106363,824759,31338777,2135164,835092,62011284,60437972,64771556,0,0,0,0,5,0,13838159,2983881728,2999979120,48,48,208773,1550532,3104856,0,78009445,78621,578460038,424081733,0
1789566732.8284311,12.816,8196226,560795,0,111,79,114,106384,824842,31345276,2473760,999408,61988952,60075236,64771556,0,0,0,0,5,0,13838540,2983894484,2999991875,48,48,249852,1549918,3103625,0,78040319,78621,578633550,424081733,0
1789566733.0791433,13.066,8196486,560801,0,111,79,114,106415,824943,31349034,2726564,1116652,61757236,59588880,64771556,0,0,0,1,6,0,13838922,2983904962,3000002355,48,48,279163,1544100,3091976,0,78047061,78621,578770150,424081733,0
1789566733.3298728,13.317,8196747,560807,0,111,79,114,106435,825057,31355921,3022624,1261260,61829564,59363948,64771556,0,0,0,0,5,0,13839273,2983913550,3000010943,48,48,315315,1545853,3095486,0,78072103,78621,578920434,424081733,0
1789566733.5805686,13.568,8197042,560811,0,111,79,114,106455,825139,31358491,3319852,1431504,61798672,59033356,64771556,0,0,0,0,6,0,13839594,2983923703,3000021097,48,48,357977,1545040,3093858,0,78075535,78621,579047938,424081733,0
1789566733.8313155,13.818,8197322,560816,0,111,79,114,106483,825227,31364138,3600692,1552272,61716648,58668824,64771556,0,0,0,1,4,0,13840113,2983935097,3000032491,48,48,388068,1542940,3089653,0,78091045,78621,579207470,424081733,0
1789566734.0820584,14.069,8197611,560823,0,111,79,114,106500,825313,31368898,3956116,1716880,61767160,58361444,64771556,0,0,0,0,5,0,13840588,2983950593,3000047986,48,48,429220,1544140,3092056,0,78118927,78621,579398574,424081733,0
1789566734.3327453,14.32,8197876,560826,0,111,79,114,106532,825409,31373103,4179336,1840120,61520932,57890548,64771556,0,0,0,0,6,0,13840991,2983956105,3000053505,48,48,460030,1537957,3079675,0,78127169,78621,579498882,424081733,0
1789566734.5834358,14.571,8198166,560833,0,111,79,114,106543,825501,31376643,4550576,1999204,61639092,57635020,64771556,0,0,0,1,4,0,13841404,2983971802,3000069261,48,48,499801,1540846,3085459,0,78127297,78621,579710542,424081733,0
1789566734.8339572,14.821,8198458,560836,0,111,79,114,106570,825580,31381891,4816364,2162712,61454340,57182012,64771556,0,0,0,0,5,0,13841837,2983979705,3000077165,48,48,540678,1536172,3076100,0,78153158,78621,579813114,424081733,0
1789566735.0844326,15.072,8198746,560843,0,111,79,114,106590,825664,31385287,5126344,2286796,61393920,56810200,64771556,0,0,0,1,4,0,13842339,2983993671,3000091130,48,48,571800,1534627,3073007,0,78156707,78621,579998706,424081733,0
1789566735.3349402,15.322,8199019,560849,0,111,79,114,106610,825765,31391452,5443728,2439188,61364384,56460292,64771556,0,0,0,0,6,0,13842711,2984004287,3000101748,48,48,609898,1533826,3071403,0,78188997,78621,580163598,424081733,0
1789566735.585633,15.573,8199291,560862,0,111,79,114,106650,825839,31394536,5662340,245828,61265244,56141412,64771556,0,2317192,0,1,5,0,13842956,2984023734,3000121207,48,48,61017,1531313,3066371,579738,78195305,78621,580259270,426401229,0
1789566735.8361213,15.823,8199586,560898,0,111,79,114,106659,825898,31396919,5902128,142500,61309324,55943816,64771556,0,2523204,0,3,3,0,13844492,2984105937,3000203541,48,48,35625,1532367,3068481,630801,78195848,78621,580381214,426621865,0
1789566736.0865536,16.074,8199885,560944,0,111,79,114,106665,825948,31398177,6096044,266344,61329208,55767924,64771556,0,2515012,0,3,3,0,13845625,2984212690,3000310335,48,48,66586,1532817,3069382,628753,78195876,78621,580450534,426621865,0
1789566736.3369877,16.324,8200171,561020,0,111,79,114,106672,825977,31399832,6153584,291920,61289892,55670444,64771556,0,2498628,0,3,2,0,13846285,2984378083,3000479843,48,48,73084,1531833,3067412,624657,78202497,78622,580482502,426621865,0
1789566736.587455,16.575,8200469,561100,0,111,79,114,106675,825995,31401026,6253848,328564,61315724,55595388,64771556,0,2486340,0,3,2,0,13846944,2984569632,3000671868,48,48,82141,1532452,3068651,621585,78202523,78622,580546254,426621865,0
1789566736.8379486,16.825,8200761,561177,0,111,79,114,106682,826021,31402089,6318908,361616,61280420,55494432,64771556,0,2478148,0,3,3,0,13847238,2984745682,3000848478,48,48,90404,1531556,3066857,619537,78204083,78622,580578130,426621865,0
1789566737.0886197,17.076,8201059,561255,0,111,79,114,106685,826043,31402766,6393752,404584,61288756,55427416,64771556,0,2461764,0,3,3,0,13848069,2984933195,3001036032,48,48,101146,1531751,3067248,615441,78204091,78622,580610006,426621865,0
1789566737.3390768,17.326,8201358,561332,0,111,79,114,106689,826064,31403504,6473480,452436,61309532,55367740,64771556,0,2453572,0,3,2,0,13848724,2985118776,3001221700,48,48,113109,1532252,3068251,613393,78204820,78622,580641882,426621865,0
1789566737.5895083,17.577,8201657,561413,0,111,79,114,106695,826079,31404814,6555076,473488,61315224,55291468,64771556,0,2437188,0,3,2,0,13849409,2985309491,3001412774,48,48,118372,1532385,3068517,609297,78205640,78622,580702554,426621865,0
1789566737.8399868,17.827,8201957,561489,0,111,79,114,106697,826101,31405421,6638176,521504,61326100,55218592,64771556,0,2424900,0,3,2,0,13850412,2985499758,3001603290,48,48,130376,1532640,3069028,606225,78205645,78622,580737510,426621865,0
1789566738.090444,18.078,8202256,561567,0,111,79,114,106703,826117,31406194,6701828,553280,61266844,55095272,64771556,0,2416708,0,3,2,0,13850839,2985692916,3001796834,48,48,138320,1531151,3066046,604177,78207193,78622,580769386,426621865,0
1789566738.3408222,18.328,8202556,561645,0,111,79,114,106705,826137,31407069,6785996,594684,61317900,55061452,64771556,0,2400324,0,4,1,0,13851489,2985886436,3001990721,48,48,148671,1532408,3068562,600081,78207198,78622,580812406,426621865,0
1789566738.5911715,18.578,8202842,561723,0,111,79,114,106712,826167,31407911,6862464,633144,61259852,54926308,64771556,0,2392132,0,4,4,0,13852388,2986055346,3002160103,48,48,158286,1530943,3065629,598033,78211387,78622,580850414,426621865,0
1789566738.8415992,18.829,8203127,561801,0,111,79,114,106714,826202,31410292,6940664,664612,61288080,54876048,64771556,0,2379844,0,3,2,0,13852564,2986225124,3002332885,48,48,166153,1531641,3067027,594961,78213840,78622,580896890,426621865,0
1789566739.0920613,19.079,8203426,561878,0,111,79,114,106719,826222,31411033,7017044,709116,61600056,55110880,64771556,0,2363460,0,3,2,0,13853488,2986415030,3002523007,48,48,177279,1539410,3082584,590865,78213841,78622,580928766,426621865,0
1789566739.3424418,19.33,8203725,561956,0,111,79,114,106726,826238,31411946,7079016,739212,61558012,55006548,64771556,0,2355268,0,3,2,0,13854095,2986608817,3002717280,48,48,184803,1538353,3080467,588817,78215362,78622,580960642,426621865,0
1789566739.5928874,19.58,8204021,562037,0,111,79,114,106729,826259,31413149,7171084,775600,61594416,54950160,64771556,0,2338884,0,3,3,0,13854317,2986801661,3002910424,48,48,193900,1539243,3082250,584721,78215369,78622,581016322,426621865,0
1789566739.8432443,19.83,8204308,562115,0,111,79,114,106737,826287,31413955,7238724,814168,61547260,54835020,64771556,0,2330692,0,4,2,0,13854778,2986973435,3003082457,48,48,203542,1538051,3079863,582673,78219455,78632,581046074,426621865,0
1789566740.0936565,20.081,8204597,562200,0,111,79,114,106741,826309,31415420,7316860,850404,61577312,54785540,64771556,0,2318372,0,3,3,0,13854955,2987147274,3003257842,48,48,212601,1538794,3081351,579593,78223125,78680,581091214,426621865,0
1789566740.3440967,20.331,8204889,562281,0,111,79,114,106746,826331,31416705,7396164,895412,61589092,54717124,64771556,0,2301988,0,3,2,0,13855616,2987328181,3003440035,48,48,223853,1539070,3081903,575497,78226351,78709,581125350,426621865,0
1789566740.5945456,20.582,8205174,562357,0,111,79,114,106753,826363,31417665,7466256,928880,61563224,54620556,64771556,0,2293796,0,4,1,0,13856444,2987493842,3003605899,48,48,232220,1538409,3080580,573449,78229250,78709,581162290,426622553,0
1789566740.8450081,20.832,8205464,562437,0,111,79,114,106758,826388,31419908,7558720,962528,61526520,54490888,64771556,0,2277412,0,3,3,0,13856874,2987669488,3003783602,48,48,240632,1537481,3078722,569353,78241796,78709,581220978,426622553,0
1789566741.0954537,21.083,8205743,562514,0,111,79,114,106766,826425,31420723,7625788,998112,61523028,54419712,64771556,0,2273316,0,3,4,0,13857229,2987827527,3003942036,48,48,249528,1537379,3078517,568329,78244553,78709,581252854,426622553,0
1789566741.3458574,21.333,8206018,562591,0,111,79,114,106770,826468,31421421,7700368,1022284,61533868,54355508,64771556,0,2274780,0,3,2,0,13857339,2987983409,3004098132,48,48,255571,1537638,3079036,568695,78249809,78709,581284730,426640401,0
1789566741.596191,21.583,8206318,562669,0,111,79,114,106773,826487,31422151,7780932,1071264,61543644,54284040,64771556,0,2266588,0,3,2,0,13857487,2988179159,3004293995,48,48,267816,1537850,3079461,566647,78250022,78709,581316606,426640401,0
1789566741.8465192,21.834,8206615,562748,0,111,79,114,106780,826504,31423460,7861044,1092112,61495028,54154860,64771556,0,2250204,0,4,1,0,13858065,2988366287,3004481649,48,48,273028,1536640,3077037,562551,78251419,78709,581375998,426640401,0
1789566742.0969124,22.084,8206915,562826,0,111,79,114,106783,826524,31424166,7939064,1133768,61529544,54110804,64771556,0,2237908,0,3,2,0,13858659,2988558492,3004674166,48,48,283442,1537488,3078735,559477,78251431,78709,581412234,426640401,0
1789566742.3472602,22.334,8207211,562904,0,111,79,114,106790,826543,31425130,8001736,1164564,61514388,54032460,64771556,0,2221524,0,3,2,0,13859282,2988745703,3004861897,48,48,291141,1537097,3077952,555381,78252958,78709,581444110,426640401,0
1789566742.5977304,22.585,8207512,562980,0,111,79,114,106792,826565,31425834,8082368,1213320,61534064,53970836,64771556,0,2213332,0,3,3,0,13859737,2988933416,3005050150,48,48,303330,1537571,3078902,553333,78252979,78709,581476138,426640401,0
1789566742.848718,22.836,8207812,563055,0,111,79,114,106800,826583,31427015,8152928,1252004,61463376,53829132,64771556,0,2196948,0,4,1,0,13860458,2989116138,3005239666,48,48,313001,1535795,3075346,549237,78254528,78709,581507886,426640401,0
1789566743.099261,23.086,8208108,563134,0,111,79,114,106805,826603,31429677,8243464,1278788,61508648,53783348,64771556,0,2188756,0,3,2,0,13860746,2989303264,3005429899,48,48,319697,1536913,3077583,547189,78262219,78709,581571614,426640401,0
1789566743.3497102,23.337,8208395,563211,0,111,79,114,106808,826636,31431748,8317604,1321052,61533332,53733216,64771556,0,2176468,0,3,2,0,13860953,2989473274,3005603222,48,48,330263,1537512,3078783,544117,78262559,78709,581603490,426640401,0
1789566743.6001987,23.587,8208691,563289,0,111,79,114,106819,826653,31432878,8377252,1348824,61933620,54073480,64771556,0,2160084,0,3,2,0,13861353,2989659628,3005791199,48,48,337206,1547495,3098774,540021,78264088,78709,581635366,426640401,0
1789566743.8506353,23.838,8208991,563366,0,111,79,114,106821,826674,31433640,8465448,1394384,61958184,54009168,64771556,0,2151892,0,4,1,0,13862592,2989851862,3005983648,48,48,348596,1548091,3099968,537973,78264089,78709,581678002,426640401,0
1789566744.1010416,24.088,8209288,563444,0,111,79,114,106828,826691,31434464,8535728,1432916,61916564,53896640,64771556,0,2143700,0,3,2,0,13863265,2990041738,3006173669,48,48,358229,1547037,3097856,535925,78265617,78709,581709878,426640401,0
1789566744.3514516,24.339,8209588,563524,0,111,79,114,106831,826709,31435451,8620260,1464424,61948072,53843352,64771556,0,2131388,0,3,2,0,13863376,2990237157,3006369206,48,48,366106,1547817,3099418,532847,78265619,78709,581762870,426640401,0
1789566744.6018586,24.589,8209909,563578,0,111,79,114,106836,826729,31437229,8693696,1505888,61964088,53785200,64771556,0,2115004,0,3,2,0,13864244,2990408089,3006605160,48,48,376472,1548198,3100183,528751,78275570,78709,581794746,426640401,0
1789566744.8522923,24.839,8210231,563633,0,111,79,114,106844,826743,31437931,8757248,1537564,61917600,53674708,64771556,0,2098620,0,3,2,0,13866055,2990586014,3006848406,48,48,384391,1547027,3097836,524655,78277093,78709,581826622,426640401,0
1789566745.1027071,25.09,8210545,563699,0,111,79,114,106848,826761,31439020,8853592,1575540,61940288,53600436,64771556,0,2090428,0,3,2,0,13867678,2990772447,3007069269,48,48,393885,1547578,3098939,522607,78277097,78709,581885246,426640401,0
1789566745.353157,25.34,8210848,563771,0,111,79,114,106855,826779,31439710,8921936,1613928,61906820,53498024,64771556,0,2078132,0,4,1,0,13868681,2990957865,3007267963,48,48,403482,1546727,3097237,519533,78278624,78709,581915202,426640401,0
1789566745.6035872,25.591,8211157,563841,0,111,79,114,106857,826798,31440480,8995952,1648772,61942540,53459464,64771556,0,2069940,0,3,2,0,13868893,2991147100,3007476585,48,48,412193,1547612,3099009,517485,78278625,78709,581954126,426640805,0
1789566745.8540378,25.841,8211458,563917,0,111,79,114,106860,826820,31441069,9083992,1704936,61998524,53426428,64771556,0,2053556,0,3,2,0,13869218,2991336610,3007666257,48,48,426234,1548985,3101758,513389,78278636,78709,581986002,426640805,0
1789566746.1044068,26.091,8211744,563994,0,111,79,114,106868,826847,31442785,9136960,1725876,62156264,53530868,64771556,0,2045364,0,4,2,0,13869540,2991506890,3007838330,48,48,431469,1552914,3109626,511341,78286896,78709,582018030,426640805,0
1789566746.3548498,26.342,8212049,564069,0,111,79,114,106871,826864,31444053,9236692,1762008,62202736,53477092,64771556,0,2028980,0,3,2,0,13870090,2991698559,3008039707,48,48,440502,1554063,3111925,507245,78286901,78709,582081630,426640805,0
1789566746.6052976,26.592,8212351,564144,0,111,79,114,106878,826880,31444915,9301252,1794956,62173616,53382808,64771556,0,2016692,0,3,2,0,13870497,2991884916,3008235266,48,48,448739,1553321,3110440,504173,78288421,78709,582113506,426640805,0
1789566746.8557274,26.843,8212650,564221,0,111,79,114,106882,826900,31446448,9374796,1836360,62193860,53328996,64771556,0,2008500,0,3,2,0,13870606,2992072353,3008423560,48,48,459090,1553813,3111426,502125,78294158,78709,582145382,426640805,0
1789566747.1061468,27.093,8212950,564299,0,111,79,114,106886,826919,31447171,9456264,1885952,62227200,53280248,64771556,0,1992116,0,3,2,0,13871336,2992264047,3008615368,48,48,471488,1554614,3113029,498029,78294449,78709,582177258,426640805,0
1789566747.3565052,27.344,8213244,564379,0,111,79,114,106892,826939,31448349,9531104,1906776,62189480,53167212,64771556,0,1983924,0,3,2,0,13871787,2992446457,3008798195,48,48,476694,1553676,3111152,495981,78296451,78709,582231402,426640805,0
1789566747.606949,27.594,8213543,564458,0,111,79,114,106894,826960,31449108,9613496,1947676,62227196,53122068,64771556,0,1971636,0,3,2,0,13872010,2992638574,3008990493,48,48,486919,1554606,3113014,492909,78296453,78709,582272886,426640805,0
1789566747.8573706,27.844,8213841,564536,0,111,79,114,106901,826976,31450227,9676372,1978428,62158604,52990004,64771556,0,1955252,0,3,2,0,13872472,2992826700,3009179399,48,48,494607,1552879,3109555,488813,78300892,78709,582304762,426640805,0
1789566748.1078475,28.095,8214132,564613,0,111,79,114,106904,827006,31451550,9753600,2023908,62197632,52951256,64771556,0,1938868,0,3,2,0,13872911,2992999788,3009354560,48,48,505977,1553840,3111479,484717,78301280,78709,582336638,426640805,0
1789566748.3582792,28.345,8214429,564691,0,111,79,114,106909,827027,31452180,9828588,2067000,62190992,52868864,64771556,0,1930676,0,3,2,0,13873189,2993183594,3009538681,48,48,516750,1553640,3111080,482669,78302786,78709,582368534,426640805,0
1789566748.6086695,28.596,8214719,564770,0,111,79,114,106914,827053,31453351,9915504,2090132,62195020,52785696,64771556,0,1918364,0,3,2,0,13874065,2993361556,3009717164,48,48,522533,1553748,3111296,479591,78303654,78709,582432286,426640805,0
1789566748.8591306,28.846,8215019,564847,0,111,79,114,106916,827073,31453944,9993056,2135840,62238264,52750820,64771556,0,1910172,0,3,2,0,13874964,2993554632,3009910564,48,48,533960,1554814,3113430,477543,78303655,78709,582464162,426640805,0
1789566749.1095214,29.097,8215318,564923,0,111,79,114,106924,827091,31454927,10059932,2170840,62187520,52632692,64771556,0,1893788,0,3,2,0,13875940,2993742988,3010099768,48,48,542710,1553535,3110868,473447,78308282,78709,582496038,426640805,0
1789566749.3599682,29.347,8215618,565003,0,111,79,114,106927,827108,31456046,10152960,2209084,62237080,52588488,64771556,0,1885596,0,3,2,0,13876155,2993936024,3010293150,48,48,552271,1554753,3113309,471399,78308530,78709,582551206,426640805,0
1789566749.6103458,29.597,8215917,565081,0,111,79,114,106935,827124,31456740,10222752,2247512,62188412,52469428,64771556,0,1869212,0,4,1,0,13876334,2994125365,3010482873,48,48,561878,1553523,3110846,467303,78310060,78709,582582186,426640805,0
1789566749.860788,29.848,8216216,565160,0,111,79,114,106937,827144,31457604,10299632,2282704,62224432,52428308,64771556,0,1856916,0,3,2,0,13876473,2994320554,3010678204,48,48,570676,1554416,3112633,464229,78310065,78709,582623542,426640805,0
1789566750.1112723,30.098,8216515,565237,0,111,79,114,106940,827164,31459095,10375772,2327300,62262292,52389252,64771556,0,1848724,0,3,2,0,13877298,2994510157,3010869752,48,48,581825,1555342,3114487,462181,78315859,78709,582655418,426640805,0
1789566750.3616974,30.349,8216803,565314,0,111,79,114,106948,827191,31460511,10437796,2357628,62354748,52419188,64771556,0,1832340,0,3,2,0,13877778,2994683166,3011044805,48,48,589407,1557638,3119084,458085,78317482,78709,582687294,426640805,0
1789566750.6121655,30.599,8217100,565394,0,111,79,114,106951,827212,31461616,10538428,2394180,62388712,52351984,64771556,0,1824148,0,3,2,0,13878163,2994871961,3011233737,48,48,598545,1558472,3120755,456037,78317488,78709,582751046,426641201,0
1789566750.8625607,30.85,8217396,565474,0,111,79,114,106958,827228,31462689,10604244,2424588,62345340,52242168,64771556,0,1812200,0,3,2,0,13878620,2995060958,3011422996,48,48,606147,1557374,3118556,453050,78319023,78709,582782926,426645329,0
1789566751.1129348,31.1,8217695,565550,0,111,79,114,106964,827249,31464189,10680728,2468932,62316804,52136676,64771556,0,1795476,0,3,2,0,13879213,2995246321,3011610452,48,48,617233,1556639,3117084,448869,78331254,78709,582814802,426645329,0
1789566751.3633592,31.35,8217993,565627,0,111,79,114,106968,827268,31464926,10759188,2515516,62297428,52038184,64771556,0,1787284,0,3,2,0,13879328,2995437537,3011801813,48,48,628879,1556150,3116104,446821,78331812,78709,582846678,426645329,0
1789566751.6137078,31.601,8218293,565708,0,111,79,114,106973,827284,31465992,10836820,2536572,62296468,51959132,64771556,0,1770900,0,4,1,0,13879607,2995637390,3012001962,48,48,634143,1556114,3116034,442725,78332767,78709,582903382,426645329,0
1789566751.8640718,31.851,8218593,565786,0,111,79,114,106977,827303,31466807,10917800,2578500,62323620,51904788,64771556,0,1758604,0,3,2,0,13879931,2995829685,3012194366,48,48,644625,1556778,3117363,439651,78332772,78709,582942306,426645329,0
1789566752.1144161,32.101,8218889,565864,0,111,79,114,106984,827321,31467913,10978412,2607236,62271124,51791128,64771556,0,1742220,0,3,2,0,13880766,2996014384,3012379562,48,48,651809,1555455,3114714,435555,78343060,78709,582974182,426645329,0
1789566752.3648324,32.352,8219179,565941,0,111,79,114,106988,827351,31469195,11056164,2653112,62346224,51787852,64771556,0,1734028,0,3,2,0,13881368,2996188962,3012555931,48,48,663278,1557314,3118437,433507,78344288,78709,583006058,426645329,0
1789566752.6152582,32.602,8219480,566018,0,111,79,114,106996,827367,31469742,11131316,2696388,62303784,51669668,64771556,0,1725836,0,3,2,0,13881960,2996378657,3012745781,48,48,674097,1556240,3116286,431459,78345809,78709,583037934,426645329,0
1789566752.8656106,32.853,8219779,566099,0,111,79,114,106999,827384,31470984,11220036,2721356,62306204,51582976,64771556,0,1709452,0,3,2,0,13882168,2996569575,3012937011,48,48,680339,1556291,3116387,427363,78345844,78709,583101686,426645329,0
1789566753.116054,33.103,8220079,566175,0,111,79,114,107001,827405,31471534,11300768,2770212,62325772,51521136,64771556,0,1697148,0,3,2,0,13882909,2996759047,3013126613,48,48,692553,1556762,3117332,424287,78345845,78709,583133562,426645329,0
1789566753.3664014,33.353,8220379,566253,0,111,79,114,107009,827420,31472740,11362320,2799888,62271312,51404584,64771556,0,1688956,0,3,2,0,13883181,2996949189,3013317219,48,48,699972,1555389,3114582,422239,78353976,78709,583165438,426645329,0
1789566753.6167855,33.604,8220679,566333,0,111,79,114,107013,827437,31473645,11453120,2838592,62303216,51345108,64771556,0,1672572,0,3,2,0,13883492,2997144132,3013512285,48,48,709648,1556171,3116148,418143,78353979,78709,583217790,426645329,0
1789566753.867119,33.854,8220979,566411,0,111,79,114,107021,827451,31474464,11524056,2877140,62255428,51225776,64771556,0,1664380,0,4,1,0,13883699,2997334768,3013703057,48,48,719285,1554963,3113729,416095,78355499,78709,583250050,426645329,0
1789566754.1174397,34.105,8221279,566490,0,111,79,114,107025,827469,31475249,11602552,2912616,62296936,51188532,64771556,0,1652092,0,3,2,0,13883971,2997527002,3013895399,48,48,728154,1555993,3115791,413023,78355500,78709,583292942,426645329,0
1789566754.3677804,34.355,8221577,566567,0,111,79,114,107029,827489,31476803,11678492,2956680,62329504,51144384,64771556,0,1635708,0,3,2,0,13884927,2997714573,3014083786,48,48,739170,1556787,3117380,408927,78362229,78709,583324818,426645329,0
1789566754.6182082,34.605,8221866,566645,0,111,79,114,107037,827515,31478143,11739228,2985696,62418456,51172100,64771556,0,1627516,0,3,2,0,13885050,2997887159,3014257647,48,48,746424,1558995,3121802,406879,78363862,78709,583356694,426645329,0
1789566754.8686433,34.856,8222165,566726,0,111,79,114,107040,827531,31479334,11835876,3019852,62434828,51091288,64771556,0,1611132,0,4,1,0,13885350,2998082026,3014452642,48,48,754963,1559390,3122593,402783,78363863,78709,583419158,426645329,0
1789566755.1190279,35.106,8222464,566803,0,111,79,114,107047,827548,31479974,11900516,3058248,62388836,50980056,64771556,0,1598828,0,3,2,0,13885812,2998270129,3014641060,48,48,764562,1558227,3120264,399707,78365393,78709,583445530,426645329,0
1789566755.369435,35.357,8222762,566881,0,111,79,114,107050,827568,31481607,11974540,3093348,62410052,50926976,64771556,0,1590636,0,3,2,0,13885916,2998458659,3014830445,48,48,773337,1558750,3121311,397659,78371289,78709,583484198,426645329,0
1789566755.6198761,35.607,8223062,566960,0,111,79,114,107053,827588,31482378,12051940,3138872,62446144,50884884,64771556,0,1574252,0,3,2,0,13886239,2998652710,3015024631,48,48,784718,1559631,3123076,393563,78371291,78709,583516074,426645737,0
1789566755.8702793,35.857,8223361,567037,0,111,79,114,107060,827605,31483283,12129104,3170288,62389004,50750032,64771556,0,1566060,0,4,1,0,13886438,2998840189,3015212273,48,48,792572,1558191,3120193,391515,78372817,78709,583562334,426645737,0
1789566756.120641,36.108,8223645,567116,0,111,79,114,107066,827636,31485788,12214692,3205536,62414412,50689384,64771556,0,1549676,0,3,2,0,13887129,2999005776,3015379327,48,48,801384,1558814,3121440,387419,78379389,78709,583611682,426646181,0
1789566756.3711102,36.358,8223943,567192,0,111,79,114,107073,827655,31486842,12280628,3239644,62362236,50570676,64771556,0,1537388,0,3,2,0,13888304,2999191220,3015566103,48,48,809911,1557497,3118802,384347,78381223,78709,583643558,426646181,0
1789566756.6215403,36.609,8224243,567270,0,111,79,114,107075,827675,31487528,12358456,3285596,62399196,50529328,64771556,0,1529196,0,3,2,0,13888376,2999382093,3015757264,48,48,821399,1558407,3120625,382299,78381231,78709,583675434,426646181,0
1789566756.8719294,36.859,8224543,567348,0,111,79,114,107080,827693,31488171,12434576,3329840,62352536,50405884,64771556,0,1512812,0,3,2,0,13889680,2999575844,3015951432,48,48,832460,1557226,3118259,378203,78382114,78709,583707310,426646181,0
1789566757.1223817,37.109,8224842,567428,0,111,79,114,107085,827709,31489842,12519288,3350808,62352416,50320588,64771556,0,1504620,0,3,2,0,13890290,2999767445,3016144444,48,48,837702,1557211,3118230,376155,78384689,78709,583771062,426646181,0
1789566757.3728323,37.36,8225142,567506,0,111,79,114,107088,827729,31490491,12596224,3396008,62392964,50283528,64771556,0,1492316,0,3,2,0,13890742,2999958341,3016335481,48,48,849002,1558207,3120224,373079,78384692,78709,583802938,426646181,0
1789566757.6232128,37.61,8225442,567584,0,111,79,114,107095,827744,31491410,12660112,3428012,62396164,50222452,64771556,0,1484124,0,3,3,0,13891467,3000150973,3016528796,48,48,857003,1558287,3120385,371031,78386226,78709,583834814,426646181,0
1789566757.873683,37.861,8225731,567660,0,111,79,114,107100,827773,31493390,12747468,3473244,62414752,50152984,64771556,0,1467740,0,3,11,0,13892438,3000321451,3016701424,48,48,868311,1558723,3121258,366935,78392823,78709,583876654,426646181,0
1789566758.1242135,38.111,8226025,567737,0,111,79,114,107107,827796,31494413,12833520,3529548,62404652,50056488,64771556,0,1451356,0,3,3,0,13893802,3000503617,3016884730,48,48,882387,1558463,3120736,362839,78394336,78709,583906546,426646181,0
1789566758.374941,38.362,8226319,567817,0,111,79,114,107111,827820,31495587,12908532,3555016,62536104,50112040,64771556,0,1443164,0,3,2,0,13893938,3000684443,3017065702,48,48,888754,1561722,3127264,360791,78394803,78709,583956346,426646181,0
1789566758.6253722,38.612,8226618,567895,0,111,79,114,107114,827840,31496809,12995192,3601544,62541632,50030232,64771556,0,1430876,0,3,3,0,13895162,3000875823,3017257696,48,48,900386,1561843,3127506,357719,78397315,78709,583996222,426646181,0
1789566758.875724,38.863,8226917,567974,0,111,79,114,107120,827856,31497785,13069724,3636220,62545396,49959024,64771556,0,1422684,0,3,2,0,13895507,3001065915,3017448133,48,48,909055,1561926,3127672,355671,78398642,78709,584036078,426646181,0
1789566759.1260853,39.113,8227217,568053,0,111,79,114,107123,827875,31498748,13164504,3681212,62556992,49875152,64771556,0,1406300,0,3,2,0,13896368,3001258733,3017641106,48,48,920303,1562199,3128217,351575,78398646,78709,584085898,426646181,0
1789566759.3764524,39.364,8227511,568131,0,111,79,114,107130,827897,31500228,13237040,3714136,62570500,49815576,64771556,0,1398108,0,3,5,0,13896871,3001440592,3017823827,48,48,928534,1562522,3128865,349527,78400151,78709,584125754,426646181,0
1789566759.627224,39.614,8227806,568209,0,111,79,114,107133,827921,31501473,13323560,3760524,62652856,49810780,64771556,0,1377612,0,4,1,0,13897269,3001626072,3018012167,48,48,940131,1564562,3132951,344403,78400156,78709,584165610,426646181,0
1789566759.8776777,39.865,8228106,568287,0,111,79,114,107141,827936,31502281,13398348,3795600,62674952,49757616,64771556,0,1369420,0,3,2,0,13898013,3001818244,3018204646,48,48,948900,1565113,3134052,342355,78401475,78709,584205466,426646181,0
1789566760.1281397,40.115,8228406,568366,0,111,79,114,107143,827955,31503576,13492172,3839460,62685788,49673944,64771556,0,1353036,0,3,2,0,13899041,3002010971,3018397814,48,48,959865,1565356,3134539,338259,78402788,78709,584255286,426646181,0
1789566760.3785958,40.366,8228704,568445,0,111,79,114,107149,827973,31504435,13566724,3874436,62684892,49597920,64771556,0,1344844,0,3,2,0,13899176,3002203624,3018590582,48,48,968609,1565319,3134466,336211,78404110,78709,584295142,426646181,0
1789566760.6290557,40.616,8228994,568523,0,111,79,114,107151,828003,31505993,13652568,3919988,62682428,49508988,64771556,0,1332556,0,3,2,0,13899803,3002378079,3018767132,48,48,979997,1565241,3134310,333139,78404297,78709,584335154,426646597,0
1789566760.8795056,40.867,8229293,568601,0,111,79,114,107158,828019,31506974,13726524,3954244,62746944,49499048,64771556,0,1324364,0,3,2,0,13900193,3002571876,3018961910,48,48,988561,1566840,3137512,331091,78405623,78709,584374854,426646597,0
1789566761.1299906,41.117,8229588,568680,0,111,79,114,107162,828041,31508526,13820304,3997328,62763280,49420956,64771556,0,1307980,0,3,2,0,13900430,3002755250,3019145717,48,48,999436,1567243,3138318,326995,78405973,78709,584424674,426647417,0
1789566761.3804355,41.368,8229886,568759,0,111,79,114,107169,828057,31509914,13894268,4031436,62763044,49346172,64771556,0,1299788,0,3,2,0,13900976,3002943997,3019334759,48,48,1007859,1567212,3138255,324947,78407347,78709,584464530,426647417,0
1789566761.6309006,41.618,8230182,568837,0,111,79,114,107172,828081,31511217,13980956,4078248,62748492,49244312,64771556,0,1283404,0,4,3,0,13901540,3003127759,3019519178,48,48,1019562,1566832,3137496,320851,78410478,78709,584504414,426647417,0
1789566761.881338,41.868,8230472,568915,0,111,79,114,107180,828105,31512589,14052536,4110472,62780768,49204464,64771556,0,1268464,0,3,2,0,13902072,3003304149,3019697093,48,48,1027618,1567623,3139080,317116,78411819,78709,584544242,426647417,0
1789566762.1317987,42.119,8230768,568982,0,111,79,114,107186,828137,31514544,14196184,4194052,62769584,49048800,64771556,0,1259204,0,2,3,0,13902923,3003464213,3019857634,48,48,1048513,1567325,3138482,314801,78415562,78709,584623954,426647417,0
1789566762.382301,42.369,8231060,569035,0,111,79,115,107195,828182,31516787,14349932,4275512,62785464,48909104,64771556,0,1251012,0,3,3,0,13903589,3003582633,3019983599,48,48,1068878,1567675,3139183,312753,78418481,78709,584696338,426647417,0
1789566762.632747,42.62,8231360,569092,0,111,79,115,107205,828215,31518953,14514328,4352900,62779400,48738132,64771556,0,1234628,0,2,3,0,13903835,3003721407,3020123007,48,48,1088225,1567511,3138855,308657,78422661,78709,584783378,426647417,0
1789566762.8832119,42.87,8231659,569150,0,111,79,115,107213,828250,31520960,14743852,4492588,62761528,48488700,64771556,0,1226436,0,2,3,0,13904196,3003861511,3020263514,48,48,1123147,1566984,3137800,306609,78426397,78709,584873054,426647417,0
1789566763.1336892,43.121,8231950,569204,0,111,79,115,107224,828294,31523329,14838928,4509116,62790760,48422184,64771556,0,1210052,0,3,2,0,13905124,3003981134,3020390145,48,48,1127279,1567728,3139290,302513,78428781,78709,584951910,426647417,0
1789566763.384166,43.371,8232248,569262,0,111,79,115,107229,828332,31525376,15021100,4600328,62782432,48230852,64771556,0,1197764,0,2,3,0,13905446,3004123730,3020533183,48,48,1150082,1567489,3138811,299441,78430150,78709,585042442,426647417,0
1789566763.6346576,43.622,8232540,569316,0,111,79,115,107243,828372,31528080,15163752,4663392,62767484,48071520,64771556,0,1181380,0,2,3,0,13905732,3004241541,3020658418,48,48,1165848,1567071,3137975,295345,78434671,78709,585122154,426647417,0
1789566763.8851354,43.872,8232836,569373,0,111,79,115,107249,828413,31530130,15352120,4755260,62753620,47868720,64771556,0,1173188,0,3,2,0,13907045,3004375226,3020792568,48,48,1188815,1566721,3137274,293297,78437368,78709,585218702,426647417,0
1789566764.1356144,44.123,8233130,569428,0,111,79,115,107262,828451,31532390,15492524,4825612,62757060,47729844,64771556,0,1164996,0,3,6,0,13907999,3004500341,3020920653,48,48,1206403,1566759,3137348,291249,78443227,78709,585288962,426647417,0
1789566764.3861158,44.373,8233423,569483,0,111,79,115,107268,828497,31534582,15674088,4914644,62782948,47573496,64771556,0,1152692,0,3,2,0,13908307,3004623445,3021049647,48,48,1228661,1567389,3138612,288173,78445745,78709,585381374,426647417,0
1789566764.6368468,44.624,8233722,569540,0,111,79,115,107282,828528,31536512,15892472,5055020,62794992,47364664,64771556,0,1136308,0,3,2,0,13909331,3004759060,3021185520,48,48,1263549,1567649,3139131,284077,78449138,78709,585459246,426647417,0
1789566764.8874252,44.875,8234012,569597,0,111,79,115,107289,828574,31539142,15999524,5070712,62800564,47263408,64771556,0,1128116,0,2,3,0,13910260,3004890082,3021318121,48,48,1267678,1567773,3139381,282029,78450707,78709,585550606,426647417,0
1789566765.1381462,45.125,8234311,569653,0,111,79,115,107301,828607,31541150,16185592,5176924,62787792,47062836,64771556,0,1111732,0,2,3,0,13912233,3005026176,3021454954,48,48,1294231,1567411,3138655,277933,78457830,78709,585630318,426647417,0
1789566765.3888328,45.376,8234597,569710,0,111,79,115,107311,828657,31544121,16317484,5228844,62794592,46937140,64771556,0,1099444,0,3,2,0,13912717,3005143698,3021574200,48,48,1307211,1567565,3138964,274861,78459817,78709,585710698,426647417,0
1789566765.6392899,45.626,8234894,569768,0,111,79,115,107321,828692,31546192,16481996,5304380,62795128,46769480,64771556,0,1087156,0,2,3,0,13914162,3005278339,3021709859,48,48,1326095,1567485,3138802,271789,78463693,78709,585799706,426647821,0
1789566765.8897333,45.877,8235209,569822,0,111,79,115,107329,828716,31547346,16582632,5355180,62805216,46677852,64771556,0,1078964,0,2,2,0,13914353,3005432527,3021864297,48,48,1338795,1567711,3139256,269741,78465024,78709,585849526,426647821,0
1789566766.14012,46.127,8235547,569873,0,111,79,115,107333,828722,31547821,16608240,5370936,62815860,46661632,64771556,0,1062192,0,2,1,0,13914392,3005635729,3022068090,48,48,1342734,1567946,3139725,265548,78466053,78709,585859490,426647821,0
1789566766.3904881,46.378,8235897,569923,0,111,79,115,107333,828722,31547888,16608240,5370936,62815860,46661632,64771556,0,1049904,0,2,1,0,13914406,3005885370,3022317873,48,48,1342734,1567946,3139725,262476,78466053,78709,585859490,426647821,0
1789566766.6407895,46.628,8236248,569973,0,111,79,115,107333,828722,31547934,16608240,5370936,62815860,46661632,64771556,0,1041712,0,2,1,0,13914413,3006135514,3022568162,48,48,1342734,1567946,3139725,260428,78466054,78709,585859490,426647821,0
1789566766.8911088,46.878,8236596,570023,0,111,79,115,107336,828722,31548064,16608400,5030384,62814304,46659812,64771556,0,1365488,0,2,1,0,13914429,3006374261,3022807029,48,48,1257596,1567907,3139647,341372,78466054,78709,585859562,426988373,0
1789566767.1413996,47.128,8236946,570073,0,111,79,115,107336,828722,31548130,16608400,5030384,62817040,46662548,64771556,0,1353200,0,2,1,0,13914437,3006623910,3023056786,48,48,1257596,1567975,3139784,338300,78466056,78709,585859562,426988373,0
1789566767.391697,47.379,8237296,570124,0,111,79,115,107336,828722,31548190,16608400,5030384,62817040,46662548,64771556,0,1345008,0,2,1,0,13914448,3006874068,3023307078,48,48,1257596,1567975,3139784,336252,78466057,78709,585859562,426988373,0
1789566767.6420026,47.629,8237646,570174,0,111,79,115,107336,828722,31548243,16608400,5030384,62817360,46662868,64771556,0,1328232,0,2,1,0,13914454,3007123722,3023556838,48,48,1257596,1567983,3139800,332058,78466058,78709,585859562,426988373,0
1789566767.8922846,47.879,8237997,570224,0,111,79,115,107336,828722,31548299,16608400,5030384,62817360,46662868,64771556,0,1315944,0,2,1,0,13914468,3007373835,3023807092,48,48,1257596,1567983,3139800,328986,78466058,78709,585859562,426988373,0
1789566768.1425714,48.13,8238347,570274,0,111,79,115,107336,828722,31548356,16608400,5030384,62819744,46665252,64771556,0,1307752,0,2,1,0,13914476,3007623482,3024056844,48,48,1257596,1568042,3139919,326938,78466059,78709,585859562,426988373,0
1789566768.392845,48.38,8238697,570324,0,111,79,115,107336,828722,31548423,16608400,5030384,62819744,46665252,64771556,0,1286880,0,2,1,0,13914491,3007873096,3024306603,48,48,1257596,1568042,3139919,321720,78466059,78709,585859562,426988373,0
1789566768.6431417,48.63,8239047,570374,0,111,79,115,107336,828722,31548470,16608400,5030384,62819744,46665252,64771556,0,1278688,0,2,1,0,13914498,3008122752,3024556368,48,48,1257596,1568042,3139919,319672,78466062,78709,585859562,426988373,0
1789566768.8934171,48.88,8239397,570424,0,111,79,115,107336,828722,31548520,16608400,5030384,62819744,46665252,64771556,0,1270496,0,2,1,0,13914509,3008372889,3024806615,48,48,1257596,1568042,3139919,317624,78466062,78709,585859562,426988373,0
1789566769.1437001,49.131,8239748,570474,0,111,79,115,107336,828722,31548597,16608400,5030384,62822984,46668492,64771556,0,1253716,0,2,1,0,13914527,3008622503,3025056403,48,48,1257596,1568123,3140081,313429,78466063,78709,585859562,426988373,0
1789566769.3940086,49.381,8240098,570524,0,111,79,115,107336,828722,31548704,16608400,5030384,62826976,46672484,64771556,0,1241428,0,2,1,0,13914546,3008872126,3025306160,48,48,1257596,1568223,3140281,310357,78466063,78709,585859562,426988373,0
1789566769.6442876,49.631,8240448,570574,0,111,79,115,107336,828722,31548747,16608400,5030384,62826976,46672484,64771556,0,1233236,0,2,1,0,13914552,3009121777,3025555915,48,48,1257596,1568223,3140281,308309,78466064,78709,585859562,426988373,0
1789566769.8945792,49.882,8240798,570625,0,111,79,115,107336,828722,31548813,16608400,5030384,62826976,46672484,64771556,0,1216464,0,2,1,0,13914566,3009371403,3025805686,48,48,1257596,1568223,3140281,304116,78466067,78709,585859562,426988373,0
1789566770.144883,50.132,8241148,570675,0,111,79,115,107336,828722,31548881,16608400,5030384,62828560,46674068,64771556,0,1204176,0,2,1,0,13914575,3009621061,3026055472,48,48,1257596,1568263,3140360,301044,78466068,78709,585859562,426988373,0
1789566770.3951874,50.382,8241499,570725,0,111,79,115,107336,828722,31548938,16608400,5030384,62828560,46674068,64771556,0,1195984,0,2,1,0,13914587,3009870706,3026305236,48,48,1257596,1568263,3140360,298996,78466068,78709,585859562,426988373,0
1789566770.6454756,50.633,8241849,570775,0,111,79,115,107336,828722,31549000,16608388,5030384,62828560,46674068,64771556,0,1187792,0,2,1,0,13914593,3010120376,3026555027,48,48,1257596,1568263,3140360,296948,78466068,78709,585859562,426988773,0
1789566770.8957958,50.883,8242198,570825,0,111,79,115,107336,828723,31549079,16608388,5030384,62825792,46671300,64771556,0,1175116,0,2,1,0,13914607,3010368087,3026802882,48,48,1257596,1568193,3140222,293779,78466742,78709,585859562,426988773,0
1789566771.1461232,51.133,8242543,570872,0,111,79,115,107339,828729,31549915,16611352,5033296,62810316,46651620,64771556,0,1158732,0,3,1,0,13914798,3010580003,3027034947,48,48,1258324,1567806,3139445,289683,78471686,78739,585863726,426988773,0
1789566771.3964791,51.384,8242893,570913,0,111,79,115,107340,828737,31550540,16617096,5033296,62798888,46633620,64771556,0,1150540,0,4,1,0,13916806,3010784139,3027285233,48,48,1258324,1567510,3138854,287635,78475265,78777,585870014,426988773,0
1789566771.6467986,51.634,8243240,570952,0,111,79,115,107343,828746,31551248,16619404,5033296,62787196,46619068,64771556,0,1137860,0,2,1,0,13917148,3010972299,3027525483,48,48,1258324,1567209,3138250,284465,78481556,78782,585872350,426988777,0
1789566771.8971868,51.884,8243586,571002,0,111,79,115,107347,828747,31551596,16619508,4311044,62787008,46618696,64771556,0,1845560,0,2,1,0,13917181,3011202979,3027756425,48,48,1077761,1567202,3138237,461390,78482507,78783,585872350,427712861,0
1789566772.1475356,52.135,8243936,571052,0,111,79,115,107347,828747,31551668,16619568,4311044,62790192,46621820,64771556,0,1837368,0,2,1,0,13917191,3011452640,3028006216,48,48,1077761,1567282,3138396,459342,78482507,78783,585872350,427712861,0
1789566772.3978562,52.385,8244286,571102,0,111,79,115,107347,828747,31551725,16619568,4311044,62790192,46621820,64771556,0,1824688,0,2,1,0,13917203,3011702766,3028256492,48,48,1077761,1567282,3138396,456172,78482509,78783,585872350,427712861,0
1789566772.6481524,52.635,8244637,571152,0,111,79,115,107347,828747,31551787,16619568,4311044,62790900,46622528,64771556,0,1808304,0,2,1,0,13917214,3011952386,3028506269,48,48,1077761,1567299,3138431,452076,78482510,78783,585872350,427712861,0
1789566772.8984568,52.886,8244987,571202,0,111,79,115,107347,828747,31551835,16619568,4311044,62790900,46622528,64771556,0,1800112,0,2,1,0,13917225,3012202527,3028756530,48,48,1077761,1567299,3138431,450028,78482511,78783,585872350,427712861,0
1789566773.1487422,53.136,8245337,571252,0,111,79,115,107347,828747,31551914,16619568,4311044,62793584,46625212,64771556,0,1787432,0,2,1,0,13917235,3012452184,3029006313,48,48,1077761,1567366,3138565,446858,78482511,78783,585872350,427712861,0
1789566773.3990517,53.386,8245687,571303,0,111,79,115,107347,828747,31552022,16619568,4311044,62796172,46627800,64771556,0,1771048,0,2,1,0,13917255,3012701815,3029256073,48,48,1077761,1567431,3138695,442762,78482512,78783,585872350,427712861,0
1789566773.6493495,53.636,8246037,571353,0,111,79,115,107347,828747,31552065,16619568,4311044,62796172,46627800,64771556,0,1762856,0,2,1,0,13917261,3012951473,3029505840,48,48,1077761,1567431,3138695,440714,78482513,78783,585872350,427712861,0
1789566773.899628,53.887,8246388,571403,0,111,79,115,107347,828747,31552121,16619568,4311044,62796172,46627800,64771556,0,1750180,0,2,1,0,13917272,3013201118,3029755601,48,48,1077761,1567431,3138695,437545,78482514,78783,585872350,427712861,0
1789566774.1499321,54.137,8246738,571453,0,111,79,115,107347,828747,31552192,16619568,4311044,62796972,46628600,64771556,0,1733796,0,2,1,0,13917284,3013451239,3030005875,48,48,1077761,1567451,3138735,433449,78482516,78783,585872350,427712861,0
1789566774.4002147,54.387,8247088,571503,0,111,79,115,107347,828747,31552246,16619568,4311044,62796972,46628600,64771556,0,1725604,0,2,1,0,13917296,3013701376,3030256128,48,48,1077761,1567451,3138735,431401,78482517,78783,585872350,427712861,0
1789566774.6504946,54.638,8247438,571553,0,111,79,115,107347,828747,31552306,16619568,4311044,62796972,46628600,64771556,0,1712924,0,2,1,0,13917302,3013950536,3030505389,48,48,1077761,1567451,3138735,428231,78482517,78783,585872350,427712861,0
1789566774.9007683,54.888,8247788,571603,0,111,79,115,107347,828747,31552369,16619568,4311044,62796972,46628600,64771556,0,1704732,0,2,1,0,13917313,3014200186,3030755159,48,48,1077761,1567451,3138735,426183,78482521,78783,585872350,427712861,0
1789566775.151072,55.138,8248139,571653,0,111,79,115,107347,828747,31552426,16619568,4311044,62798076,46629704,64771556,0,1688348,0,2,1,0,13917324,3014450309,3031005419,48,48,1077761,1567478,3138790,422087,78482522,78783,585872350,427712861,0
1789566775.4013503,55.388,8248489,571703,0,111,79,115,107347,828747,31552489,16619568,4311044,62798076,46629704,64771556,0,1675668,0,2,1,0,13917336,3014699951,3031255176,48,48,1077761,1567478,3138790,418917,78482524,78783,585872350,427712861,0
1789566775.651632,55.639,8248839,571754,0,111,79,115,107347,828747,31552548,16619568,4311044,62798076,46629704,64771556,0,1659284,0,2,1,0,13917342,3014949105,3031504431,48,48,1077761,1567478,3138790,414821,78482524,78783,585872350,427712861,0
1789566775.901926,55.889,8249189,571804,0,111,79,115,107347,828747,31552607,16619556,4311044,62798076,46629704,64771556,0,1651092,0,2,1,0,13917354,3015198764,3031754223,48,48,1077761,1567478,3138790,412773,78482524,78783,585872350,427712977,0
1789566776.1522374,56.139,8249539,571854,0,111,79,115,107347,828747,31552723,16619568,4311096,62800936,46632564,64771556,0,1638416,0,2,1,0,13917439,3015448252,3032003998,48,48,1077774,1567550,3138933,409604,78482526,78783,585872350,427712977,0
1789566776.4025416,56.39,8249889,571904,0,111,79,115,107347,828747,31552781,16619568,4311096,62800936,46632564,64771556,0,1630224,0,2,2,0,13917451,3015697900,3032253769,48,48,1077774,1567550,3138933,407556,78482527,78783,585872350,427712977,0
1789566776.652825,56.64,8250240,571954,0,111,79,115,107347,828747,31552846,16619568,4311096,62800936,46632564,64771556,0,1613840,0,2,1,0,13917457,3015948051,3032504024,48,48,1077774,1567550,3138933,403460,78482528,78783,585872350,427712977,0
1789566776.9031115,56.89,8250590,572004,0,111,79,115,107347,828747,31552907,16619568,4311096,62800936,46632564,64771556,0,1601164,0,2,1,0,13917470,3016197686,3032753776,48,48,1077774,1567550,3138933,400291,78482529,78783,585872350,427712977,0
1789566777.1533952,57.14,8250937,572054,0,111,79,115,107351,828747,31553004,16619608,3587016,62800324,46631892,64771556,0,2317052,0,2,1,0,13917481,3016432442,3032988639,48,48,896754,1567535,3138902,579263,78482530,78783,585872350,428437057,0
1789566777.4036946,57.391,8251287,572104,0,111,79,115,107351,828747,31553109,16619608,3587016,62807168,46638736,64771556,0,2300668,0,2,1,0,13917499,3016682026,3033238422,48,48,896754,1567705,3139244,575167,78482530,78783,585872350,428437057,0
1789566777.6540048,57.641,8251637,572154,0,111,79,115,107351,828747,31553163,16619608,3587016,62807168,46638736,64771556,0,2287984,0,2,1,0,13917503,3016931685,3033488187,48,48,896754,1567705,3139244,571996,78482532,78783,585872350,428437057,0
1789566777.9042847,57.891,8251987,572204,0,111,79,115,107351,828747,31553210,16619608,3587016,62807168,46638736,64771556,0,2279792,0,2,1,0,13917517,3017181819,3033738435,48,48,896754,1567705,3139244,569948,78482532,78783,585872350,428437057,0
1789566778.1545634,58.142,8252338,572255,0,111,79,115,107351,828747,31553277,16619608,3587016,62807168,46638736,64771556,0,2263408,0,2,1,0,13917523,3017430974,3033987692,48,48,896754,1567705,3139244,565852,78482534,78783,585872350,428437057,0
1789566778.4048386,58.392,8252688,572305,0,111,79,115,107351,828747,31553359,16619608,3587016,62807160,46638728,64771556,0,2250732,0,2,1,0,13917535,3017680120,3034236953,48,48,896754,1567705,3139244,562683,78482535,78783,585872350,428437057,0
1789566778.6551347,58.642,8253038,572355,0,111,79,115,107351,828747,31553410,16619608,3587016,62807160,46638728,64771556,0,2242540,0,2,1,0,13917538,3017929776,3034486706,48,48,896754,1567705,3139244,560635,78482536,78783,585872350,428437057,0
1789566778.905406,58.892,8253388,572405,0,111,79,115,107351,828747,31553474,16619608,3587016,62807160,46638728,64771556,0,2226156,0,2,1,0,13917547,3018178929,3034735965,48,48,896754,1567705,3139244,556539,78482536,78783,585872350,428437057,0
1789566779.1556857,59.143,8253738,572455,0,111,79,115,107351,828747,31553531,16619608,3587016,62807160,46638728,64771556,0,2217572,0,2,2,0,13917559,3018428600,3034985750,48,48,896754,1567705,3139244,554393,78482537,78783,585872350,428437057,0
1789566779.4059887,59.393,8254088,572505,0,111,79,115,107351,828747,31553589,16619608,3587016,62807160,46638728,64771556,0,2205284,0,2,1,0,13917599,3018678243,3035235500,48,48,896754,1567705,3139244,551321,78482537,78783,585872350,428437057,0
1789566779.6562674,59.643,8254439,572556,0,111,79,115,107351,828747,31553642,16619608,3587016,62807160,46638728,64771556,0,2188900,0,2,1,0,13917602,3018927898,3035485251,48,48,896754,1567705,3139244,547225,78482539,78783,585872350,428437057,0
1789566779.906544,59.894,8254789,572606,0,111,79,115,107351,828747,31553695,16619608,3587016,62807160,46638728,64771556,0,2180316,0,2,1,0,13917612,3019177541,3035735001,48,48,896754,1567705,3139244,545079,78482539,78783,585872350,428437057,0
1789566780.156824,60.144,8255139,572656,0,111,79,115,107351,828747,31553761,16619608,3587016,62807160,46638728,64771556,0,2168028,0,2,1,0,13917617,3019427701,3035985273,48,48,896754,1567705,3139244,542007,78482541,78783,585872350,428437057,0
1789566780.407117,60.394,8255489,572706,0,111,79,115,107351,828747,31553841,16619608,3587016,62807160,46638728,64771556,0,2151644,0,2,1,0,13917626,3019676855,3036234534,48,48,896754,1567705,3139244,537911,78482541,78783,585872350,428437057,0
1789566780.6573925,60.644,8255839,572756,0,111,79,115,107351,828747,31553894,16619608,3587016,62807160,46638728,64771556,0,2143060,0,2,1,0,13917629,3019926517,3036484298,48,48,896754,1567705,3139244,535765,78482541,78783,585872350,428437057,0
1789566780.9076855,60.895,8256189,572806,0,111,79,115,107351,828747,31553949,16619608,3587016,62807160,46638728,64771556,0,2130772,0,2,1,0,13917638,3020176173,3036734075,48,48,896754,1567705,3139244,532693,78482542,78783,585872350,428437057,0
1789566781.1579843,61.145,8256539,572857,0,111,79,115,107351,828747,31554054,16619600,3587068,62807432,46639000,64771556,0,2122580,0,2,1,0,13917672,3020425317,3036983360,48,48,896767,1567712,3139257,530645,78482543,78783,585872350,428437253,0
1789566781.4082885,61.395,8256890,572907,0,111,79,115,107351,828747,31554152,16619600,3587068,62811844,46643412,64771556,0,2105856,0,2,1,0,13917688,3020674906,3037233122,48,48,896767,1567822,3139478,526464,78482545,78783,585872350,428437253,0
1789566781.6585698,61.646,8257240,572957,0,111,79,115,107351,828747,31554223,16619600,3587068,62813460,46645028,64771556,0,2093632,0,2,1,0,13917695,3020924518,3037482897,48,48,896767,1567862,3139559,523408,78482547,78783,585872350,428437365,0
1789566781.908896,61.896,8257590,573007,0,111,79,115,107352,828747,31554276,16619600,3587068,62813460,46645028,64771556,0,2085628,0,2,1,0,13917706,3021174672,3037733174,48,48,896767,1567862,3139559,521407,78482548,78783,585872350,428437365,0
1789566782.159179,62.146,8257936,573057,0,111,79,115,107355,828747,31554455,16619672,2772392,62812544,46643984,64771556,0,2883144,0,2,1,0,13917744,3021407173,3037965789,48,48,693098,1567839,3139511,720786,78482548,78783,585872358,429251961,0
1789566782.4094815,62.397,8258287,573107,0,111,79,115,107355,828747,31554514,16619672,2772392,62812544,46643984,64771556,0,2870856,0,2,1,0,13917762,3021656807,3038215558,48,48,693098,1567839,3139511,717714,78482550,78783,585872358,429251961,0
1789566782.6597836,62.647,8258637,573157,0,111,79,115,107355,828747,31554564,16619672,2772392,62812544,46643984,64771556,0,2862664,0,2,1,0,13917771,3021906466,3038465341,48,48,693098,1567839,3139511,715666,78482551,78783,585872358,429251961,0
1789566782.9100842,62.897,8258987,573207,0,111,79,115,107356,828747,31554639,16619672,2772392,62812544,46643984,64771556,0,2841796,0,2,1,0,13917791,3022156075,3038715102,48,48,693098,1567839,3139511,710449,78482552,78783,585872358,429251961,0
1789566783.1603706,63.147,8259337,573257,0,111,79,115,107356,828747,31554696,16619672,2772392,62812716,46644156,64771556,0,2833604,0,2,1,0,13917805,3022406177,3038965365,48,48,693098,1567843,3139520,708401,78482552,78783,585872358,429251961,0
1789566783.4106655,63.398,8259687,573308,0,111,79,115,107356,828747,31554756,16619672,2772392,62812716,46644156,64771556,0,2825412,0,2,1,0,13917822,3022656304,3039215619,48,48,693098,1567843,3139520,706353,78482553,78783,585872358,429251961,0
1789566783.6609585,63.648,8260038,573358,0,111,79,115,107356,828747,31554812,16619672,2772392,62812716,46644156,64771556,0,2808636,0,2,1,0,13917830,3022905459,3039464881,48,48,693098,1567843,3139520,702159,78482553,78783,585872358,429251961,0
1789566783.9112487,63.898,8260388,573408,0,111,79,115,107356,828747,31554864,16619672,2772392,62812716,46644156,64771556,0,2796348,0,2,1,0,13917848,3023155568,3039715147,48,48,693098,1567843,3139520,699087,78482556,78783,585872358,429251961,0
1789566784.1615343,64.149,8260738,573458,0,111,79,115,107356,828747,31554921,16619672,2772392,62812868,46644308,64771556,0,2788156,0,2,1,0,13917860,3023405217,3039964916,48,48,693098,1567847,3139528,697039,78482556,78783,585872358,429251961,0
1789566784.411825,64.399,8261088,573508,0,111,79,115,107356,828747,31554979,16619672,2772392,62812868,46644308,64771556,0,2771384,0,2,1,0,13917876,3023655345,3040215169,48,48,693098,1567847,3139528,692846,78482557,78783,585872358,429251961,0
1789566784.6621037,64.649,8261439,573558,0,111,79,115,107356,828747,31555030,16619672,2772392,62812868,46644308,64771556,0,2759096,0,2,1,0,13917883,3023904989,3040464919,48,48,693098,1567847,3139528,689774,78482557,78783,585872358,429251961,0
1789566784.9123769,64.899,8261789,573608,0,111,79,115,107356,828747,31555080,16619672,2772392,62812868,46644308,64771556,0,2750904,0,2,1,0,13917902,3024155099,3040715173,48,48,693098,1567847,3139528,687726,78482558,78783,585872358,429251961,0
1789566785.162665,65.15,8262139,573658,0,111,79,115,107356,828748,31555162,16619672,2772392,62812868,46644308,64771556,0,2734264,0,2,1,0,13917912,3024404258,3040964453,48,48,693098,1567847,3139528,683566,78482559,78783,585872358,429251961,0
1789566785.412988,65.4,8262489,573708,0,111,79,115,107356,828748,31555269,16619672,2772392,62816728,46648168,64771556,0,2721900,0,2,1,0,13917935,3024653850,3041214234,48,48,693098,1567943,3139721,680475,78482561,78783,585872358,429251961,0
1789566785.6632812,65.65,8262839,573758,0,111,79,115,107356,828748,31555310,16619668,2772392,62816728,46648168,64771556,0,2713736,0,2,1,0,13917948,3024903964,3041464493,48,48,693098,1567943,3139721,678434,78482561,78783,585872358,429251961,0
1789566785.913565,65.901,8263190,573809,0,111,79,115,107356,828748,31555361,16619664,2772392,62816728,46648168,64771556,0,2705600,0,2,1,0,13917965,3025153591,3041714258,48,48,693098,1567943,3139721,676400,78482561,78783,585872358,429251961,0
1789566786.1638582,66.151,8263540,573859,0,111,79,115,107356,828748,31555456,16619672,2772392,62816728,46648168,64771556,0,2688692,0,2,1,0,13917983,3025402580,3041963526,48,48,693098,1567943,3139721,672173,78482570,78783,585872358,429251961,0
1789566786.4141514,66.401,8263890,573909,0,111,79,115,107356,828748,31555523,16619660,2772392,62816728,46648168,64771556,0,2672308,0,2,1,0,13918000,3025651726,3042212809,48,48,693098,1567943,3139721,668077,78482570,78783,585872358,429252117,0
1789566786.6644547,66.652,8264240,573959,0,111,79,115,107356,828748,31555568,16619660,2772392,62816728,46648168,64771556,0,2664116,0,2,1,0,13918011,3025901870,3042463072,48,48,693098,1567943,3139721,666029,78482573,78783,585872358,429252117,0
1789566786.9147358,66.902,8264590,574009,0,111,79,115,107356,828749,31555624,16619660,2772376,62816728,46648168,64771556,0,2655940,0,2,1,0,13918026,3026151512,3042712842,48,48,693094,1567943,3139721,663985,78482575,78783,585872358,429252133,0
1789566787.165039,67.152,8264940,574059,0,111,79,115,107356,828749,31555830,16619968,2772852,62816640,46647784,64771556,0,2636356,0,2,1,0,13918043,3026400964,3042962455,48,48,693213,1567941,3139716,659089,78482583,78783,585872358,429252133,0
1789566787.4153597,67.402,8265287,574109,0,111,79,115,107359,828749,31556247,16620256,2049200,62819824,46650620,64771556,0,3345796,0,2,1,0,13918075,3026635822,3043197523,48,48,512300,1568021,3139875,836449,78482591,78783,585872358,429976193,0
1789566787.6656787,67.653,8265638,574159,0,111,79,115,107359,828749,31556304,16620256,2049200,62819824,46650620,64771556,0,3341124,0,2,1,0,13918086,3026885976,3043447807,48,48,512300,1568021,3139875,835281,78482592,78783,585872358,429976193,0
1789566787.9159842,67.903,8265988,574209,0,111,79,115,107359,828749,31556391,16620256,2049200,62819824,46650620,64771556,0,3321748,0,2,1,0,13918100,3027135121,3043697076,48,48,512300,1568021,3139875,830437,78482593,78783,585872358,429976193,0
1789566788.1662722,68.153,8266338,574259,0,111,79,115,107359,828749,31556486,16620256,2049200,62819824,46650620,64771556,0,3312016,0,2,1,0,13918114,3027385231,3043947334,48,48,512300,1568021,3139875,828004,78482594,78783,585872358,429976193,0
1789566788.4165592,68.404,8266688,574309,0,111,79,115,107360,828749,31556607,16620256,2049200,62819824,46650620,64771556,0,3297376,0,2,1,0,13918134,3027634833,3044197094,48,48,512300,1568021,3139875,824344,78482594,78783,585872358,429976193,0
1789566788.6668515,68.654,8267038,574359,0,111,79,115,107360,828749,31556703,16620256,2049200,62819824,46650620,64771556,0,3287212,0,2,1,0,13918145,3027884974,3044447351,48,48,512300,1568021,3139875,821803,78482595,78783,585872358,429976193,0
1789566788.9171402,68.904,8267389,574409,0,111,79,115,107360,828749,31556830,16620232,2050152,62819708,46650480,64771556,0,3273004,0,2,1,0,13918168,3028134248,3044696787,48,48,512538,1568018,3139870,818251,78482612,78783,585872358,429976193,0
1789566789.1674292,69.155,8267739,574459,0,111,79,115,107360,828749,31556941,16620232,2050152,62822636,46653408,64771556,0,3262988,0,2,1,0,13918180,3028384359,3044947053,48,48,512538,1568091,3140016,815747,78482613,78783,585872358,429976193,0
1789566789.417721,69.405,8268089,574509,0,111,79,115,107360,828749,31557111,16620232,2050156,62822636,46653408,64771556,0,3248304,0,2,1,0,13918210,3028633910,3045196835,48,48,512539,1568091,3140016,812076,78482615,78783,585872358,429976193,0
1789566789.668034,69.655,8268439,574559,0,111,79,115,107360,828749,31557214,16620232,2050156,62822636,46653408,64771556,0,3238360,0,2,1,0,13918221,3028883556,3045446597,48,48,512539,1568091,3140016,809590,78482616,78783,585872358,429976193,0
1789566789.918315,69.905,8268789,574609,0,111,79,115,107360,828749,31557346,16620232,2050156,62822636,46653408,64771556,0,3223948,0,2,1,0,13918235,3029133190,3045696350,48,48,512539,1568091,3140016,805987,78482616,78783,585872358,429976193,0
1789566790.1686,70.156,8269140,574660,0,111,79,115,107360,828749,31557456,16620232,2050156,62822636,46653408,64771556,0,3214284,0,2,1,0,13918244,3029383339,3045946618,48,48,512539,1568091,3140016,803571,78482618,78783,585872358,429976193,0
1789566790.418906,70.406,8269490,574710,0,111,79,115,107360,828749,31557592,16620232,2050156,62822636,46653408,64771556,0,3199664,0,2,1,0,13918262,3029632976,3046196389,48,48,512539,1568091,3140016,799916,78482618,78783,585872358,429976193,0
1789566790.6691859,70.656,8269840,574759,0,111,79,115,107361,828749,31557704,16620164,2061928,62824228,46655052,64771556,0,3189548,0,2,1,0,13919321,3029879224,3046442761,48,48,515482,1568130,3140095,797387,78482820,78783,585872358,429976193,0
1789566790.9194865,70.907,8270209,574785,0,111,79,115,107365,828749,31557944,16619472,2144748,62819044,46650972,64771556,0,3174952,0,1,1,0,13919377,3030080814,3046644875,48,48,536187,1568001,3139836,793738,78484223,78783,585872358,429976193,0
1789566791.1698632,71.157,8270569,574801,0,111,79,115,107371,828769,31560130,16618824,2227488,62806116,46638352,64771556,0,3167832,0,0,8,0,13920494,3030169812,3046733931,48,48,556872,1567678,3139189,791958,78487667,78783,585872358,429976193,0
1789566791.4205325,71.408,8270798,574801,0,111,79,115,107378,828934,31566566,16618940,2227488,62724412,46556488,64771556,0,3159640,0,0,7,0,13920808,3030170044,3046734248,48,48,556872,1565638,3135105,789910,78501864,78783,585872474,429976193,0
1789566791.671158,71.658,8271046,574801,0,111,79,115,107381,829082,31570197,16618940,2227580,62717900,46549976,64771556,0,3143396,0,0,6,0,13920972,3030170056,3046734262,48,48,556895,1565476,3134780,785849,78503718,78783,585872474,429976857,0
1789566791.9218764,71.909,8271328,574801,0,111,79,115,107385,829196,31571334,16618932,2227580,62715640,46547708,64771556,0,3127256,0,0,5,0,13921451,3030170058,3046734460,48,48,556895,1565419,3134667,781814,78504593,78783,585872474,429976857,0
1789566792.1725063,72.16,8271598,574801,0,111,79,115,107388,829322,31573315,16619036,2227676,62697548,46529448,64771556,0,3118672,0,0,7,0,13921613,3030170058,3046734460,48,48,556919,1564968,3133762,779668,78511056,78783,585872474,429976857,0
1789566792.423008,72.41,8271881,574801,0,111,79,115,107400,829425,31575060,16619092,1346144,62648596,46480388,64771556,0,3983820,0,0,5,0,13922557,3030170063,3046734679,48,48,336536,1563746,3131315,995955,78520451,78783,585872478,430858389,0
1789566792.6734707,72.661,8272174,574801,0,111,79,115,107402,829531,31575662,16619092,1346144,62648596,46480388,64771556,0,3975628,0,0,5,0,13922760,3030170063,3046734705,48,48,336536,1563746,3131315,993907,78520531,78783,585872478,430858389,0
1789566792.9239767,72.911,8272451,574801,0,111,79,115,107407,829650,31577586,16619188,1346240,62643792,46475492,64771556,0,3967436,0,0,5,0,13922846,3030170063,3046734705,48,48,336560,1563626,3131075,991859,78522550,78783,585872478,430858389,0
1789566793.174433,73.162,8272742,574802,0,111,79,115,107411,829754,31579471,16619188,1346240,62602604,46434296,64771556,0,3951052,0,0,5,0,13922952,3030170092,3046734735,48,48,336560,1562598,3129016,987763,78531599,78783,585872478,430858389,0
1789566793.4249272,73.412,8273031,574802,0,111,79,115,107414,829862,31581119,16619284,1346336,62601648,46433248,64771556,0,3942860,0,0,5,0,13923039,3030170092,3046734915,48,48,336584,1562574,3128968,985715,78531634,78783,585872478,430858389,0
1789566793.6756368,73.663,8273319,574802,0,111,79,115,107417,829973,31581664,16619284,1346336,62601448,46433048,64771556,0,3926476,0,0,5,0,13923613,3030170092,3046735025,48,48,336584,1562569,3128958,981619,78531650,78783,585872478,430858389,0
1789566793.9263222,73.913,8273593,574802,0,111,79,115,107422,830096,31584105,16619284,1346336,62600696,46432292,64771556,0,3918284,0,0,5,0,13923726,3030170092,3046735025,48,48,336584,1562550,3128921,979571,78532474,78783,585872478,430858389,0
1789566794.1770031,74.164,8273890,574802,0,111,79,115,107424,830197,31584679,16619380,1346432,62601788,46433292,64771556,0,3901516,0,0,5,0,13924512,3030170092,3046735248,48,48,336608,1562577,3128975,975379,78532482,78783,585872478,430858389,0
1789566794.4277263,74.415,8274184,574802,0,111,79,115,107428,830300,31585783,16619380,1346432,62600588,46432076,64771556,0,3893324,0,0,5,0,13924911,3030170092,3046735366,48,48,336608,1562547,3128915,973331,78533012,78783,585872478,430858389,0
1789566794.6783724,74.665,8274467,574802,0,111,79,115,107431,830415,31586546,16619476,1346528,62600456,46431852,64771556,0,3876940,0,0,5,0,13925300,3030170092,3046735508,48,48,336632,1562544,3128909,969235,78533047,78783,585872478,430858389,0
1789566794.9290006,74.916,8274739,574802,0,111,79,115,107435,830542,31588602,16619476,1346528,62598444,46429836,64771556,0,3868344,0,0,6,0,13925409,3030170092,3046735684,48,48,336632,1562494,3128808,967086,78534409,78783,585872478,430858389,0
1789566795.1794841,75.167,8275002,574802,0,111,79,115,107438,830676,31589748,16619476,1346528,62596864,46428256,64771556,0,3851960,0,0,5,0,13925872,3030170092,3046736015,48,48,336632,1562454,3128729,962990,78535354,78783,585872478,430858389,0
1789566795.430004,75.417,8275290,574802,0,111,79,115,107441,830784,31590708,16619572,1346624,62596392,46427684,64771556,0,3843760,0,0,6,0,13926194,3030170092,3046736100,48,48,336656,1562443,3128706,960940,78535860,78783,585872478,430858389,0
1789566795.6807134,75.668,8275581,574802,0,111,79,115,107445,830891,31591530,16619572,1346624,62596392,46427684,64771556,0,3827376,0,0,5,0,13926299,3030170092,3046736179,48,48,336656,1562443,3128706,956844,78535881,78783,585872478,430858389,0
1789566795.9313772,75.918,8275865,574802,0,111,79,115,107449,831001,31592757,16619572,1346624,62593720,46425012,64771556,0,3819176,0,0,8,0,13926365,3030170092,3046736378,48,48,336656,1562376,3128572,954794,78537159,78783,585872478,430858389,0
1789566796.1818485,76.169,8276145,574802,0,111,79,115,107453,831119,31593566,16619668,1346720,62557944,46389140,64771556,0,3802792,0,0,5,0,13926945,3030170092,3046736399,48,48,336680,1561483,3126784,950698,78544051,78783,585872478,430858389,0
1789566796.4323058,76.419,8276442,574802,0,111,79,115,107455,831220,31593987,16619668,1345832,62557844,46389040,64771556,0,3794592,0,0,5,0,13926956,3030170094,3046736401,48,48,336458,1561480,3126779,948648,78544052,78783,585872478,430859209,0
1789566796.6827528,76.67,8276738,574802,0,111,79,115,107458,831322,31594752,16619764,1346048,62557228,46388332,64771556,0,3778208,0,0,5,0,13927509,3030170094,3046736853,48,48,336512,1561465,3126748,944552,78544096,78783,585872478,430859341,0
1789566796.933236,76.92,8277036,574802,0,111,79,115,107460,831421,31595248,16619764,1345100,62557228,46388332,64771556,0,3770012,0,0,5,0,13927576,3030170169,3046737011,48,48,336275,1561465,3126748,942503,78544099,78783,585872478,430860289,0
1789566797.1836853,77.171,8277322,574802,0,111,79,115,107464,831534,31597415,16619764,1345100,62558572,46389660,64771556,0,3753624,0,0,5,0,13927729,3030170172,3046737015,48,48,336275,1561498,3126815,938406,78545005,78783,585872478,430860289,0
1789566797.4341528,77.421,8277616,574802,0,111,79,115,107468,831635,31597973,16619856,1222400,62558664,46389660,64771556,0,3868224,0,0,6,0,13927755,3030170172,3046737030,48,48,305600,1561501,3126820,967056,78545009,78783,585872478,430983217,0
1789566797.6846154,77.672,8277904,574802,0,111,79,115,107476,831739,31598887,16619932,184756,62557404,46388292,64771556,0,4897676,0,0,6,0,13927816,3030170214,3046737073,48,48,46189,1561469,3126757,1224419,78545355,78783,585872478,432020733,0
1789566797.9351032,77.922,8278201,574802,0,111,79,115,107478,831839,31599456,16620028,184852,62557436,46388228,64771556,0,4881284,0,0,5,0,13928339,3030170214,3046737291,48,48,46213,1561470,3126758,1220321,78545356,78783,585872478,432020733,0
1789566798.1858132,78.173,8278484,574802,0,111,79,115,107481,831954,31600920,16620028,184852,62557324,46388112,64771556,0,4873092,0,0,5,0,13928673,3030170214,3046737385,48,48,46213,1561467,3126753,1218273,78546374,78783,585872478,432020733,0
1789566798.4362695,78.423,8278775,574802,0,111,79,115,107483,832061,31601671,16620124,184948,62556840,46387536,64771556,0,4856700,0,0,6,0,13928740,3030170214,3046737603,48,48,46237,1561455,3126729,1214175,78546381,78783,585872478,432020733,0
1789566798.6867452,78.674,8279066,574802,0,111,79,115,107485,832168,31602898,16620124,184948,62555084,46385772,64771556,0,4848508,0,0,5,0,13929270,3030170214,3046737809,48,48,46237,1561411,3126641,1212127,78546740,78783,585872478,432020733,0
1789566798.9372277,78.924,8279359,574802,0,111,79,115,107488,832272,31603720,16620124,184948,62539848,46370536,64771556,0,4832116,0,0,5,0,13929332,3030170214,3046738019,48,48,46237,1561031,3125879,1208029,78548454,78783,585872478,432020733,0
1789566799.1877253,79.175,8279656,574802,0,111,79,115,107490,832373,31604392,16620220,185044,62541612,46372208,64771556,0,4823924,0,0,5,0,13929897,3030170214,3046738245,48,48,46261,1561075,3125967,1205981,78549066,78783,585872478,432020733,0
1789566799.4381862,79.425,8279910,574802,0,111,79,115,107493,832517,31607103,16620220,185044,62541224,46371820,64771556,0,4807540,0,0,9,0,13930036,3030170222,3046738253,48,48,46261,1561065,3125948,1201885,78549560,78783,585872478,432020733,0
1789566799.6886518,79.676,8280172,574802,0,111,79,115,107497,832649,31609826,16620316,185140,62540840,46371344,64771556,0,4799348,0,0,5,0,13930185,3030170222,3046738253,48,48,46285,1561056,3125929,1199837,78549663,78783,585872478,432020733,0
1789566799.939349,79.926,8280407,574802,0,111,79,115,107503,832806,31614111,16620316,185140,62540588,46371092,64771556,0,4782964,0,0,8,0,13930399,3030170305,3046738337,48,48,46285,1561049,3125916,1195741,78550056,78783,585872478,432020733,0
1789566800.1899726,80.177,8280650,574802,0,111,79,115,107509,832956,31618442,16620324,185140,62541640,46372124,64771556,0,4774772,0,0,5,0,13931176,3030170491,3046738617,48,48,46285,1561076,3125969,1193693,78552333,78783,585872486,432020733,0
1789566800.440435,80.428,8280950,574802,0,111,79,115,107511,833053,31619907,16620324,185140,62520944,46351428,64771556,0,4758388,0,0,3,0,13931512,3030170491,3046738847,48,48,46285,1560559,3124934,1189597,78556393,78783,585872486,432020733,0
1789566800.6909218,80.678,8281321,574802,0,111,79,115,107511,833084,31620058,16620740,185556,62519628,46349696,64771556,0,4750196,0,0,2,0,13932064,3030170496,3046738946,48,48,46389,1560526,3124868,1187549,78558070,78783,585872486,432020733,0
1789566800.9413407,80.928,8281693,574802,0,111,79,115,107513,833109,31620174,16683356,248172,62522616,46290068,64771556,0,4733812,0,0,2,0,13932088,3030170496,3046738946,48,48,62043,1560601,3125018,1183453,78558070,78783,585872486,432020733,0
1789566801.1917276,81.179,8282069,574802,0,111,79,115,107516,833132,31620240,16749660,314476,62524208,46223876,64771556,0,4725620,0,0,2,0,13934622,3030170496,3046739429,48,48,78619,1560604,3125023,1181405,78558072,78783,585872486,432020733,0
1789566801.4421208,81.429,8282444,574802,0,111,79,115,107518,833155,31620339,16760088,324904,62529244,46217836,64771556,0,4709236,0,0,2,0,13935862,3030170496,3046739661,48,48,81226,1560713,3125243,1177309,78558277,78783,585872486,432020733,0
1789566801.6925066,81.68,8282819,574802,0,111,79,115,107521,833177,31620424,16760088,324904,62529496,46218088,64771556,0,4701044,0,0,2,0,13937327,3030170496,3046740276,48,48,81226,1560719,3125255,1175261,78558385,78783,585872486,432020733,0
1789566801.9429576,81.93,8283195,574802,0,111,79,115,107529,833195,31620513,16760076,324904,62330172,46018764,64771556,0,4684748,0,0,2,0,13938618,3030170496,3046740505,48,48,81226,1555744,3115292,1171187,78605145,78783,585872486,432020913,0
1789566802.1932762,82.18,8283569,574803,0,111,79,115,107536,833213,31620776,16760076,320496,62179480,45868072,64771556,0,4668276,0,0,2,0,13940759,3030171089,3046741526,48,48,80124,1551982,3107759,1167069,78639070,78783,585872486,432025417,0
1789566802.4436104,82.431,8283942,574803,0,111,79,115,107538,833238,31620913,16760076,320496,62116260,45804848,64771556,0,4660084,0,0,2,0,13940881,3030171089,3046741526,48,48,80124,1550404,3104599,1165021,78656225,78783,585872486,432025417,0
1789566802.6940508,82.681,8284311,574804,0,111,79,115,107542,833265,31621775,16760072,324580,62112072,45800636,64771556,0,4651932,0,0,2,0,13940961,3030171111,3046741548,48,48,81145,1550299,3104388,1162983,78662631,78783,585872486,432025417,0
1789566802.944486,82.932,8284686,574804,0,111,79,115,107542,833290,31621820,16760072,324580,62112072,45800636,64771556,0,4635548,0,0,2,0,13941131,3030171111,3046741548,48,48,81145,1550299,3104388,1158887,78662632,78783,585872486,432025417,0
1789566803.194837,83.182,8285062,574804,0,111,79,115,107542,833315,31621874,16760072,324580,62113556,45802120,64771556,0,4627608,0,0,2,0,13942805,3030171111,3046742022,48,48,81145,1550336,3104462,1156902,78662634,78783,585872486,432025417,0
1789566803.445165,83.432,8285436,574804,0,111,79,115,107542,833341,31622358,16760088,324608,62117976,45806528,64771556,0,4610932,0,0,2,0,13946167,3030171115,3046742531,48,48,81152,1550446,3104683,1152733,78662750,78783,585872486,432025417,0
1789566803.6955786,83.683,8285812,574804,0,111,79,115,107542,833366,31622396,16760088,324608,62117976,45806528,64771556,0,4602740,0,0,2,0,13946619,3030171115,3046742531,48,48,81152,1550446,3104683,1150685,78662750,78783,585872486,432025417,0
1789566803.9459283,83.933,8286187,574804,0,111,79,115,107542,833391,31622452,16760088,324608,62118228,45806780,64771556,0,4586356,0,0,2,0,13946793,3030171166,3046743437,48,48,81152,1550452,3104696,1146589,78662751,78783,585872486,432025417,0
1789566804.196228,84.183,8286562,574804,0,111,79,115,107542,833416,31622510,16760088,324608,62119804,45808356,64771556,0,4578164,0,0,2,0,13948413,3030171166,3046743930,48,48,81152,1550492,3104775,1144541,78662751,78783,585872486,432025417,0
1789566804.4465504,84.434,8286938,574804,0,111,79,115,107542,833441,31622569,16760088,324608,62120660,45809212,64771556,0,4561780,0,0,2,0,13948558,3030171166,3046743930,48,48,81152,1550513,3104817,1140445,78662756,78783,585872486,432025417,0
1789566804.6968646,84.684,8287313,574804,0,111,79,115,107542,833466,31622623,16760088,324608,62120660,45809212,64771556,0,4553588,0,0,2,0,13948681,3030171166,3046744841,48,48,81152,1550513,3104817,1138397,78662762,78783,585872486,432025417,0
1789566804.9471712,84.934,8287688,574804,0,111,79,115,107542,833491,31622676,16760088,324608,62120660,45809212,64771556,0,4537204,0,0,2,0,13950338,3030171166,3046745817,48,48,81152,1550513,3104817,1134301,78662766,78783,585872486,432025417,0
1789566805.197466,85.185,8288064,574804,0,111,79,115,107542,833516,31622752,16760088,324608,62123312,45811864,64771556,0,4529012,0,0,2,0,13951282,3030171166,3046745957,48,48,81152,1550579,3104950,1132253,78662766,78783,585872486,432025417,0
1789566805.4478154,85.435,8288439,574804,0,111,79,115,107542,833541,31622867,16760088,324608,62124584,45813136,64771556,0,4512628,0,0,2,0,13952478,3030171352,3046746146,48,48,81152,1550611,3105013,1128157,78662767,78783,585872486,432025417,0
1789566805.6981423,85.685,8288811,574804,0,111,79,115,107543,833568,31622928,16804360,368880,62114676,45758148,64771556,0,4504436,0,0,2,0,13952571,3030171352,3046746968,48,48,92220,1550343,3104478,1126109,78662768,78783,585872486,432025417,0
1789566805.948439,85.936,8289186,574804,0,111,79,115,107545,833591,31622984,16869736,434256,62120208,45696284,64771556,0,4488052,0,0,2,0,13954245,3030171352,3046747903,48,48,108564,1550431,3104653,1122013,78662770,78783,585872486,432025417,0
1789566806.1987448,86.186,8289562,574804,0,111,79,115,107547,833614,31623072,16934816,499336,62118400,45627616,64771556,0,4479860,0,0,2,0,13956859,3030171352,3046748385,48,48,124834,1550341,3104474,1119965,78662770,78783,585872486,432025417,0
1789566806.449138,86.436,8289937,574804,0,111,79,115,107549,833637,31623123,16999796,564316,62114784,45557424,64771556,0,4463508,0,0,2,0,13956964,3030171352,3046748385,48,48,141079,1550211,3104212,1115877,78662770,78783,585872486,432025417,0
1789566806.69945,86.687,8290312,574804,0,111,79,115,107552,833660,31623176,17064760,629280,62111996,45488056,64771556,0,4455316,0,0,2,0,13959089,3030171352,3046749300,48,48,157320,1550101,3103992,1113829,78662771,78783,585872486,432025417,0
1789566806.9497442,86.937,8290688,574804,0,111,79,115,107554,833683,31623237,17129960,694480,62107912,45416960,64771556,0,4438984,0,0,2,0,13960127,3030171352,3046749732,48,48,173620,1549944,3103678,1109746,78662771,78783,585872486,432025417,0
1789566807.2000737,87.187,8291063,574804,0,111,79,115,107556,833706,31623320,17194848,759376,62098860,45340816,64771556,0,4430708,0,0,2,0,13961781,3030171352,3046750189,48,48,189844,1549673,3103135,1107677,78662773,78783,585872486,432025493,0
1789566807.4503798,87.437,8291438,574804,0,111,79,115,107558,833729,31623376,17260016,824544,62098060,45273048,64771556,0,4413936,0,0,2,0,13962592,3030171352,3046750417,48,48,206136,1549608,3103005,1103484,78662774,78783,585872486,432025493,0
1789566807.7006774,87.688,8291814,574804,0,111,79,115,107561,833752,31623435,17323932,888460,62102824,45212328,64771556,0,4405356,0,0,2,0,13962910,3030171352,3046751112,48,48,222115,1549688,3103165,1101339,78662775,78783,585872486,432025493,0
1789566807.9509873,87.938,8292189,574804,0,111,79,115,107563,833775,31623483,17323932,888460,62102824,45212328,64771556,0,4388580,0,0,2,0,13964494,3030171352,3046751573,48,48,222115,1549688,3103165,1097145,78662775,78783,585872486,432025493,0
1789566808.2012913,88.188,8292564,574804,0,111,79,115,107565,833798,31623548,17323948,888476,62103108,45212232,64771556,0,4380388,0,0,2,0,13964712,3030171352,3046751573,48,48,222119,1549685,3103160,1095097,78662776,78783,585872486,432025493,0
1789566808.4516037,88.439,8292940,574804,0,111,79,115,107566,833821,31623621,17323948,888476,62103108,45212232,64771556,0,4363604,0,0,2,0,13967384,3030171352,3046752729,48,48,222119,1549685,3103160,1090901,78662777,78783,585872486,432025493,0
1789566808.7019289,88.689,8293315,574804,0,111,79,115,107568,833845,31623676,17323948,888476,62103108,45212232,64771556,0,4355028,0,0,2,0,13969488,3030171352,3046753636,48,48,222119,1549685,3103160,1088757,78662852,78783,585872486,432025493,0
1789566808.9522276,88.939,8293690,574804,0,111,79,115,107568,833870,31623732,17323948,888476,62103116,45212232,64771556,0,4338260,0,0,2,0,13970613,3030171352,3046754520,48,48,222119,1549686,3103161,1084565,78662852,78783,585872486,432025493,0
1789566809.202535,89.19,8294066,574804,0,111,79,115,107568,833895,31623799,17323948,888476,62103120,45212232,64771556,0,4330068,0,0,2,0,13970981,3030171352,3046754809,48,48,222119,1549686,3103161,1082517,78662924,78783,585872486,432025493,0
1789566809.4528592,89.44,8294441,574804,0,111,79,115,107568,833920,31623897,17323948,888476,62103632,45212744,64771556,0,4321484,0,0,2,0,13972372,3030171352,3046755008,48,48,222119,1549699,3103187,1080371,78662980,78783,585872486,432025493,0
1789566809.7031672,89.69,8294816,574804,0,111,79,115,107568,833945,31623953,17323948,888476,62103632,45212744,64771556,0,4304712,0,0,2,0,13973548,3030171352,3046756434,48,48,222119,1549699,3103187,1076178,78662981,78783,585872486,432025493,0
1789566809.9534621,89.941,8295192,574804,0,111,79,115,107568,833970,31624004,17323948,888476,62103632,45212744,64771556,0,4296520,0,0,2,0,13975353,3030171352,3046757087,48,48,222119,1549699,3103187,1074130,78662981,78783,585872486,432025493,0
1789566810.2037632,90.191,8295567,574804,0,111,79,115,107568,833995,31624065,17323948,888476,62103632,45212744,64771556,0,4280268,0,0,3,0,13976813,3030171352,3046757366,48,48,222119,1549699,3103187,1070067,78662983,78783,585872486,432025493,0
1789566810.454091,90.441,8295942,574804,0,111,79,115,107568,834020,31624440,17323948,888476,62103364,45212476,64771556,0,4272160,0,0,2,0,13977401,3030171808,3046757827,48,48,222119,1549692,3103173,1068040,78663015,78783,585872486,432025493,0
1789566810.7044866,90.692,8296317,574804,0,111,79,115,107568,834045,31624494,17323948,888476,62103364,45212476,64771556,0,4255848,0,0,2,0,13978565,3030171808,3046758737,48,48,222119,1549692,3103173,1063962,78663017,78783,585872486,432025493,0
1789566810.9548173,90.942,8296692,574804,0,111,79,115,107568,834071,31624548,17323948,888476,62103364,45212476,64771556,0,4247692,0,0,2,0,13980182,3030171808,3046759200,48,48,222119,1549692,3103173,1061923,78663017,78783,585872486,432025493,0
1789566811.2051117,91.192,8297068,574804,0,111,79,115,107568,834096,31624619,17323948,888476,62103316,45212428,64771556,0,4230960,0,0,2,0,13982042,3030171808,3046759515,48,48,222119,1549691,3103171,1057740,78663025,78783,585872486,432025493,0
1789566811.4554124,91.442,8297443,574804,0,111,79,115,107568,834121,31624681,17323948,888476,62103552,45212664,64771556,0,4222768,0,0,2,0,13982476,3030172149,3046759863,48,48,222119,1549697,3103183,1055692,78663025,78783,585872486,432025493,0
1789566811.7057328,91.693,8297818,574804,0,111,79,115,107568,834146,31624743,17323948,888476,62103552,45212664,64771556,0,4206376,0,0,2,0,13983238,3030172149,3046760481,48,48,222119,1549697,3103183,1051594,78663026,78783,585872486,432025493,0
1789566811.9561121,91.943,8298193,574804,0,111,79,115,107568,834170,31624811,17344268,908796,62112880,45201268,64771556,0,4198184,0,0,2,0,13983696,3030172784,3046761122,48,48,227199,1549919,3103629,1049546,78663027,78783,585872486,432025493,0
1789566812.206406,92.193,8298569,574804,0,111,79,115,107571,834193,31624883,17409816,974372,62099336,45120356,64771556,0,4181872,0,0,2,0,13984472,3030172784,3046761583,48,48,243593,1549535,3102860,1045468,78663028,78783,585872486,432025597,0
1789566812.456703,92.444,8298944,574804,0,111,79,115,107573,834216,31624940,17475644,1040200,62096720,45050112,64771556,0,4173936,0,0,2,0,13984721,3030172784,3046761789,48,48,260050,1549425,3102640,1043484,78663031,78783,585872486,432025597,0
1789566812.7070098,92.694,8299319,574804,0,111,79,115,107576,834238,31624992,17541020,1105576,62093924,44979920,64771556,0,4157328,0,0,2,0,13984922,3030172784,3046762263,48,48,276394,1549305,3102399,1039332,78663031,78783,585872486,432025597,0
1789566812.9573042,92.944,8299695,574804,0,111,79,115,107578,834261,31625045,17606676,1171232,62099024,44917600,64771556,0,4149192,0,0,2,0,13986533,3030172784,3046762558,48,48,292808,1549388,3102565,1037298,78663033,78783,585872486,432025597,0
1789566813.2075896,93.195,8300070,574804,0,111,79,115,107580,834284,31625125,17671932,1236488,62104500,44856336,64771556,0,4132624,0,0,2,0,13986832,3030172784,3046762558,48,48,309122,1549488,3102764,1033156,78663033,78783,585872486,432025597,0
1789566813.4579115,93.445,8300445,574804,0,111,79,115,107582,834308,31625215,17737300,1301856,62101708,44786144,64771556,0,4124432,0,0,2,0,13988443,3030172784,3046763022,48,48,325464,1549377,3102543,1031108,78663035,78783,585872486,432025597,0
1789566813.708201,93.695,8300821,574804,0,111,79,115,107583,834331,31625273,17802748,1367304,62093496,44710624,64771556,0,4108040,0,0,2,0,13989167,3030172784,3046763257,48,48,341826,1549116,3102020,1027010,78663035,78783,585872486,432025597,0
1789566813.9584856,93.946,8301196,574804,0,111,79,115,107585,834354,31625322,17868116,1432672,62096004,44645920,64771556,0,4099848,0,0,2,0,13990118,3030173224,3046763702,48,48,358168,1549133,3102053,1024962,78663036,78783,585872486,432025597,0
1789566814.208798,94.196,8301562,574804,0,111,79,115,107588,834385,31625987,17887796,1452352,62090748,44620284,64771556,0,4083464,0,0,2,0,13991119,3030173224,3046763702,48,48,363088,1548984,3101757,1020866,78666877,78783,585872486,432025597,0
1789566814.4592497,94.446,8301937,574804,0,111,79,115,107590,834409,31626045,17887796,1452352,62090440,44619976,64771556,0,4075272,0,0,2,0,13991355,3030173224,3046763884,48,48,363088,1548977,3101741,1018818,78666879,78783,585872486,432025597,0
1789566814.709602,94.697,8302312,574804,0,111,79,115,107592,834432,31626092,17887796,1452352,62090440,44619976,64771556,0,4058888,0,0,2,0,13992059,3030173224,3046763993,48,48,363088,1548977,3101741,1014722,78666880,78783,585872486,432025597,0
1789566814.959954,94.947,8302686,574804,0,111,79,115,107594,834457,31626519,17887796,1452352,62090440,44619976,64771556,0,4050696,0,0,5,0,13992433,3030173224,3046764303,48,48,363088,1548977,3101741,1012674,78666898,78783,585872486,432025597,0
1789566815.2105706,95.198,8303052,574804,0,111,79,115,107594,834492,31626842,17887796,1452352,62090440,44619976,64771556,0,4034312,0,0,2,0,13993352,3030173224,3046764496,48,48,363088,1548977,3101741,1008578,78666911,78783,585872486,432025597,0
1789566815.4610271,95.448,8303427,574804,0,111,79,115,107594,834517,31626885,17887796,1452352,62090440,44619976,64771556,0,4026120,0,0,2,0,13995590,3030173224,3046764731,48,48,363088,1548977,3101741,1006530,78666912,78783,585872486,432025597,0
1789566815.7113557,95.698,8303803,574804,0,111,79,115,107594,834542,31626927,17887796,1452352,62090440,44619976,64771556,0,4009736,0,0,2,0,13995817,3030173224,3046764731,48,48,363088,1548977,3101741,1002434,78667062,78783,585872486,432025597,0
1789566815.9616776,95.949,8304178,574804,0,111,79,115,107594,834567,31626969,17887796,1452352,62079236,44608772,64771556,0,4001544,0,0,2,0,13996319,3030173224,3046765128,48,48,363088,1548697,3101181,1000386,78667991,78783,585872486,432025597,0
1789566816.2119982,96.199,8304553,574804,0,111,79,115,107594,834592,31627076,17887796,1452352,62076016,44605552,64771556,0,3985416,0,0,2,0,13996531,3030173371,3046765443,48,48,363088,1548617,3101020,996354,78669014,78783,585872486,432025597,0
1789566816.462292,96.449,8304928,574804,0,111,79,115,107594,834617,31627118,17887796,1452352,62076016,44605552,64771556,0,3977368,0,0,2,0,13998104,3030173371,3046765950,48,48,363088,1548617,3101020,994342,78669014,78783,585872486,432025597,0
1789566816.7126014,96.7,8305304,574804,0,111,79,115,107594,834642,31627155,17887796,1452352,62071976,44601512,64771556,0,3960712,0,0,2,0,13998247,3030173371,3046765950,48,48,363088,1548516,3100818,990178,78669880,78783,585872486,432025597,0
1789566816.962917,96.95,8305679,574804,0,111,79,115,107594,834667,31627194,17887796,1452352,62063896,44593432,64771556,0,3952744,0,0,2,0,13998786,3030173371,3046766444,48,48,363088,1548314,3100414,988186,78670788,78783,585872486,432025597,0
1789566817.2132404,97.2,8306054,574804,0,111,79,115,107595,834692,31627261,17887796,1452352,62064432,44593968,64771556,0,3944208,0,0,2,0,13999929,3030173371,3046766481,48,48,363088,1548328,3100441,986052,78671343,78783,585872486,432025597,0
1789566817.463591,97.451,8306429,574805,0,111,79,115,107595,834717,31627384,17887796,1452400,62061044,44590568,64771556,0,3927816,0,0,2,0,14000940,3030173618,3046766734,48,48,363100,1548243,3100272,981954,78672480,78783,585872486,432025749,0
1789566817.7139673,97.701,8306805,574805,0,111,79,115,107595,834742,31627425,17887796,1452400,62057004,44586528,64771556,0,3911432,0,0,2,0,14001174,3030173618,3046766734,48,48,363100,1548142,3100070,977858,78673331,78783,585872486,432025749,0
1789566817.9642673,97.951,8307179,574805,0,111,79,115,107596,834767,31627475,17887804,1272400,62056764,44586276,64771556,0,4083240,0,0,2,0,14001296,3030173618,3046766734,48,48,318100,1548136,3100058,1020810,78673332,78783,585872486,432205749,0
1789566818.2145653,98.202,8307554,574805,0,111,79,115,107596,834792,31627540,17887804,1272400,62056796,44586308,64771556,0,4075048,0,0,3,0,14001398,3030173622,3046766738,48,48,318100,1548137,3100059,1018762,78673333,78783,585872486,432205749,0
1789566818.4648585,98.452,8307930,574805,0,111,79,115,107597,834816,31627584,17903652,1288252,62054296,44567556,64771556,0,4058664,0,0,2,0,14001506,3030173622,3046766738,48,48,322063,1548064,3099914,1014666,78673334,78783,585872486,432205749,0
1789566818.715165,98.702,8308305,574805,0,111,79,115,107599,834839,31627625,17969124,1353724,62043212,44489448,64771556,0,4050472,0,0,2,0,14002589,3030173622,3046767434,48,48,338431,1547749,3099282,1012618,78673336,78783,585872486,432205749,0
1789566818.9654522,98.953,8308680,574805,0,111,79,115,107602,834862,31627664,18034904,1419504,62048492,44426928,64771556,0,4034088,0,0,2,0,14002754,3030173622,3046767434,48,48,354876,1547830,3099445,1008522,78673336,78783,585872486,432205749,0
1789566819.2157402,99.203,8309056,574805,0,111,79,115,107604,834885,31627727,18100916,1485516,62047200,44358016,64771556,0,4025896,0,0,2,0,14004476,3030173622,3046768247,48,48,371379,1547758,3099300,1006474,78673337,78783,585872486,432205749,0
1789566819.4660492,99.453,8309431,574805,0,111,79,115,107606,834907,31627773,18166692,1551292,62044160,44287180,64771556,0,4009512,0,0,2,0,14004599,3030173622,3046768247,48,48,387823,1547632,3099048,1002378,78673338,78783,585872486,432205749,0
1789566819.716334,99.703,8309806,574805,0,111,79,115,107608,834931,31627811,18232884,1617484,62049440,44224652,64771556,0,4001320,0,0,2,0,14006199,3030173622,3046768725,48,48,404371,1547723,3099231,1000330,78673339,78783,585872486,432205749,0
1789566819.966639,99.954,8310182,574805,0,111,79,115,107609,834954,31627856,18298464,1683064,62047400,44154812,64771556,0,3984936,0,0,2,0,14007652,3030173622,3046768983,48,48,420766,1547617,3099018,996234,78673341,78783,585872486,432205749,0
1789566820.2169385,100.204,8310557,574805,0,111,79,115,107611,834978,31627919,18363836,1748436,62036940,44077364,64771556,0,3968552,0,0,2,0,14010746,3030173622,3046769944,48,48,437109,1547315,3098414,992138,78673341,78783,585872486,432205749,0
1789566820.4672308,100.454,8310932,574805,0,111,79,115,107613,835001,31627958,18429616,1814216,62042628,44015252,64771556,0,3960360,0,0,2,0,14010841,3030173622,3046769944,48,48,453554,1547407,3098597,990090,78673343,78783,585872486,432205749,0
1789566820.7175515,100.705,8311284,574805,0,111,79,115,107615,835046,31629307,18451648,1836252,62038400,43988316,64771556,0,3943976,0,0,2,0,14012492,3030173622,3046770435,48,48,459063,1547285,3098354,985994,78674913,78783,585872486,432205749,0
1789566820.9680414,100.955,8311599,574805,0,111,79,115,107619,835127,31630371,18451648,1836252,61987756,43937672,64771556,0,3935920,0,0,4,0,14012625,3030173622,3046770435,48,48,459063,1546021,3095822,983980,78685103,78783,585872486,432205749,0
1789566821.2185092,101.206,8311951,574805,0,111,79,115,107623,835171,31631249,18451648,1836256,61964704,43914620,64771556,0,3927592,0,0,2,0,14012908,3030173622,3046770505,48,48,459064,1545445,3094670,981898,78690626,78783,585872486,432205749,0
1789566821.4690073,101.456,8312303,574805,0,111,79,115,107627,835215,31631928,18451648,1836256,61964964,43914880,64771556,0,3911208,0,0,5,0,14013623,3030173622,3046770505,48,48,459064,1545452,3094683,977802,78690630,78783,585872486,432205749,0
1789566821.719492,101.707,8312650,574805,0,111,79,115,107630,835264,31632561,18451648,1836256,61940220,43890136,64771556,0,3903016,0,0,2,0,14013749,3030173823,3046770707,48,48,459064,1544834,3093446,975754,78695938,78783,585872486,432205749,0
1789566821.9699576,101.957,8313003,574805,0,111,79,115,107634,835308,31633128,18451648,1836256,61915980,43865896,64771556,0,3886632,0,0,4,0,14013944,3030173823,3046770707,48,48,459064,1544229,3092234,971658,78701755,78783,585872486,432205749,0
1789566822.220433,102.208,8313356,574805,0,111,79,115,107639,835352,31633706,18451648,1836256,61896080,43845988,64771556,0,3878052,0,0,3,0,14014267,3030173954,3046770839,48,48,459064,1543732,3091240,969513,78707578,78783,585872486,432205749,0
1789566822.4709136,102.458,8313709,574805,0,111,79,115,107643,835394,31634277,18451648,1836272,61871848,43821748,64771556,0,3861276,0,0,2,0,14014409,3030174226,3046771113,48,48,459068,1543127,3090028,965319,78713416,78783,585872486,432205841,0
1789566822.7213728,102.708,8314061,574805,0,111,79,115,107647,835439,31634861,18451648,1836272,61848884,43798784,64771556,0,3853084,0,0,3,0,14014563,3030174226,3046771113,48,48,459068,1542554,3088880,963271,78719287,78783,585872486,432205841,0
1789566822.9719439,102.959,8314417,574805,0,111,79,115,107655,835474,31638586,17673176,1057788,61875884,44622556,64771556,0,3836308,0,0,2,0,14018544,3030174228,3046771116,48,48,264244,1543701,3091176,959077,78723649,78783,585872486,432205841,0
1789566823.2223897,103.209,8314747,574818,0,111,79,115,107665,835522,31641500,16620548,5048,61876488,45706164,64771556,0,3827736,0,1,1,0,14020086,3030201400,3046798314,48,48,1262,1544458,3092694,956934,78725275,78784,585872598,432205857,0
1789566823.4728215,103.46,8315122,574843,0,111,79,115,107666,835522,31641617,16620548,5048,61876488,45706164,64771556,0,3810964,0,1,1,0,14020106,3030450648,3047047648,48,48,1262,1544458,3092694,952741,78725276,78784,585872598,432205857,0
1789566823.7231848,103.71,8315497,574869,0,111,79,115,107666,835522,31641837,16620548,5048,61876488,45706164,64771556,0,3802772,0,1,1,0,14020126,3030698471,3047296012,48,48,1262,1544458,3092694,950693,78725279,78784,585872598,432205857,0
1789566823.973546,103.961,8315872,574894,0,111,79,115,107666,835522,31641914,16620548,5048,61876488,45706164,64771556,0,3786004,0,1,1,0,14020137,3030946763,3047544340,48,48,1262,1544458,3092694,946501,78725281,78784,585872598,432205857,0
1789566824.223896,104.211,8316247,574919,0,111,79,115,107666,835523,31642069,16620548,5048,61879244,45708920,64771556,0,3777812,0,1,1,0,14020164,3031195713,3047793647,48,48,1262,1544527,3092831,944453,78725281,78784,585872598,432205857,0
1789566824.4742098,104.461,8316623,574944,0,111,79,115,107666,835523,31642222,16620548,5048,61880240,45709916,64771556,0,3769272,0,1,1,0,14020192,3031445729,3048043955,48,48,1262,1544552,3092881,942318,78725281,78784,585872598,432205857,0
1789566824.7245529,104.712,8316998,574969,0,111,79,115,107666,835523,31642377,16620548,5048,61880240,45709916,64771556,0,3752496,0,1,1,0,14020197,3031692287,3048291326,48,48,1262,1544552,3092881,938124,78725287,78784,585872598,432205857,0
1789566824.9749632,104.962,8317373,574994,0,111,79,115,107666,835523,31642442,16620548,5048,61880240,45709916,64771556,0,3744472,0,1,1,0,14020197,3031942626,3048541665,48,48,1262,1544552,3092881,936118,78725288,78784,585872598,432205857,0
1789566825.2252862,105.212,8317747,575019,0,111,79,115,107666,835524,31642757,16620548,5048,61883268,45712944,64771556,0,3727872,0,1,1,0,14020251,3032190355,3048789974,48,48,1262,1544628,3093033,931968,78725342,78784,585872598,432205857,0
1789566825.475616,105.463,8318123,575044,0,111,79,115,107666,835524,31642823,16620548,5048,61883268,45712944,64771556,0,3719680,0,1,1,0,14020258,3032440622,3049040250,48,48,1262,1544628,3093033,929920,78725343,78784,585872598,432205857,0
1789566825.725938,105.713,8318498,575069,0,111,79,115,107666,835524,31642862,16620548,5048,61883268,45712944,64771556,0,3703288,0,1,1,0,14020258,3032689909,3049289538,48,48,1262,1544628,3093033,925822,78725344,78784,585872598,432205857,0
1789566825.9762263,105.963,8318873,575094,0,111,79,115,107666,835524,31642916,16620548,5048,61883268,45712944,64771556,0,3695096,0,1,1,0,14020258,3032939178,3049538806,48,48,1262,1544628,3093033,923774,78725346,78784,585872598,432205857,0
1789566826.2265272,106.214,8319248,575119,0,111,79,115,107666,835524,31642986,16620548,5048,61884992,45714668,64771556,0,3678784,0,1,1,0,14020271,3033188399,3049788076,48,48,1262,1544671,3093119,919696,78725348,78784,585872598,432205857,0
1789566826.476817,106.464,8319624,575145,0,111,79,115,107666,835524,31643027,16620548,5048,61884992,45714668,64771556,0,3670512,0,1,1,0,14020275,3033438607,3050038341,48,48,1262,1544671,3093119,917628,78725348,78784,585872598,432205857,0
1789566826.7271008,106.714,8319999,575170,0,111,79,115,107666,835524,31643071,16620548,5048,61885908,45715584,64771556,0,3654120,0,1,1,0,14020292,3033688777,3050288595,48,48,1262,1544694,3093165,913530,78725350,78784,585872598,432205857,0
1789566826.9773848,106.964,8320374,575195,0,111,79,115,107666,835524,31643122,16620548,5048,61885908,45715584,64771556,0,3645928,0,1,1,0,14020293,3033938036,3050537855,48,48,1262,1544694,3093165,911482,78725350,78784,585872598,432205857,0
1789566827.2276788,107.215,8320749,575220,0,111,79,115,107667,835524,31643187,16620548,5048,61889008,45718684,64771556,0,3629536,0,1,1,0,14020305,3034187325,3050787165,48,48,1262,1544771,3093320,907384,78725351,78784,585872598,432205857,0
1789566827.478008,107.465,8321124,575245,0,111,79,115,107667,835524,31643226,16620548,5048,61889008,45718684,64771556,0,3621732,0,1,1,0,14020305,3034436601,3051036442,48,48,1262,1544771,3093320,905433,78725351,78784,585872598,432205857,0
1789566827.7283113,107.715,8321500,575270,0,111,79,115,107667,835524,31643283,16620548,4684,61889008,45718684,64771556,0,3604860,0,1,1,0,14020306,3034685878,3051285718,48,48,1171,1544771,3093320,901215,78725353,78784,585872598,432206981,0
1789566827.9785979,107.966,8321875,575295,0,111,79,115,107667,835524,31643323,16620548,4684,61889008,45718684,64771556,0,3596884,0,1,1,0,14020306,3034936129,3051535970,48,48,1171,1544771,3093320,899221,78725353,78784,585872598,432206981,0
1789566828.2288973,108.216,8322250,575320,0,111,79,115,107667,835524,31643381,16620548,4684,61891212,45720888,64771556,0,3580472,0,1,1,0,14020313,3035186383,3051786238,48,48,1171,1544826,3093430,895118,78725355,78784,585872598,432206981,0
1789566828.4791763,108.466,8322625,575345,0,111,79,115,107667,835524,31643425,16620548,4136,61892392,45722068,64771556,0,3572176,0,1,1,0,14020313,3035436637,3052036492,48,48,1034,1544856,3093489,893044,78725355,78784,585872598,432206981,0
1789566828.729459,108.717,8323001,575370,0,111,79,115,107667,835524,31643465,16620548,4136,61892396,45722072,64771556,0,3555784,0,1,1,0,14020313,3035686891,3052286745,48,48,1034,1544856,3093489,888946,78725356,78784,585872598,432206981,0
1789566828.9797568,108.967,8323376,575395,0,111,79,115,107667,835524,31643498,16620548,4136,61892396,45722072,64771556,0,3547592,0,1,1,0,14020313,3035937170,3052537024,48,48,1034,1544856,3093489,886898,78725357,78784,585872598,432206981,0
1789566829.230052,109.217,8323751,575420,0,111,79,115,107667,835524,31643565,16620548,4136,61897796,45727472,64771556,0,3531200,0,1,1,0,14020323,3036187405,3052787280,48,48,1034,1544990,3093759,882800,78725357,78784,585872598,432206981,0
1789566829.4803355,109.467,8324126,575445,0,111,79,115,107667,835524,31643648,16620548,4136,61897796,45727472,64771556,0,3523008,0,1,1,0,14020329,3036436658,3053036540,48,48,1034,1544990,3093759,880752,78725359,78784,585872598,432206981,0
1789566829.7306197,109.718,8324502,575471,0,111,79,115,107667,835524,31643679,16620548,4136,61897796,45727472,64771556,0,3506624,0,1,1,0,14020329,3036686917,3053286799,48,48,1034,1544990,3093759,876656,78725359,78784,585872598,432206981,0
1789566829.9809244,109.968,8324877,575496,0,111,79,115,107667,835524,31643718,16620548,4136,61897796,45727472,64771556,0,3498432,0,1,1,0,14020329,3036936190,3053536072,48,48,1034,1544990,3093759,874608,78725360,78784,585872598,432206981,0
1789566830.231206,110.218,8325252,575521,0,111,79,115,107667,835524,31643797,16620548,4136,61899408,45729084,64771556,0,3482240,0,1,1,0,14020336,3037186428,3053786327,48,48,1034,1545031,3093839,870560,78725361,78784,585872598,432206981,0
1789566830.4814916,110.469,8325627,575546,0,111,79,115,107667,835524,31643847,16620548,4136,61901424,45731100,64771556,0,3473856,0,1,1,0,14020336,3037435713,3054035612,48,48,1034,1545081,3093940,868464,78725362,78784,585872598,432206981,0
1789566830.7317975,110.719,8326002,575571,0,111,79,115,107668,835524,31643876,16620548,4136,61901424,45731100,64771556,0,3457472,0,1,1,0,14020336,3037685986,3054285885,48,48,1034,1545081,3093940,864368,78725362,78784,585872598,432206981,0
1789566830.982105,110.969,8326378,575596,0,111,79,115,107668,835524,31643913,16620548,4136,61901424,45731100,64771556,0,3449280,0,1,1,0,14020336,3037935248,3054535147,48,48,1034,1545081,3093940,862320,78725364,78784,585872598,432206981,0
1789566831.2323816,111.219,8326753,575621,0,111,79,115,107668,835524,31643968,16620548,4136,61904384,45734060,64771556,0,3432896,0,1,1,0,14020347,3038185437,3054785395,48,48,1034,1545155,3094088,858224,78725364,78784,585872598,432206981,0
1789566831.4826777,111.47,8327128,575646,0,111,79,115,107668,835524,31644016,16620548,4136,61906108,45735784,64771556,0,3424704,0,1,1,0,14020348,3038434734,3055034692,48,48,1034,1545198,3094174,856176,78725366,78784,585872598,432206981,0
1789566831.732979,111.72,8327503,575671,0,111,79,115,107668,835524,31644050,16620548,4136,61906108,45735784,64771556,0,3408320,0,1,1,0,14020348,3038684984,3055284942,48,48,1034,1545198,3094174,852080,78725366,78784,585872598,432206981,0
1789566831.983254,111.97,8327879,575696,0,111,79,115,107668,835524,31644085,16620548,4136,61906108,45735784,64771556,0,3400128,0,1,1,0,14020348,3038934248,3055534206,48,48,1034,1545198,3094174,850032,78725367,78784,585872598,432206981,0
1789566832.2335398,112.221,8328254,575721,0,111,79,115,107668,835524,31644134,16620548,4136,61908164,45737840,64771556,0,3383744,0,1,1,0,14020361,3039184465,3055784469,48,48,1034,1545249,3094277,845936,78725367,78784,585872598,432206981,0
1789566832.4838295,112.471,8328629,575746,0,111,79,115,107668,835524,31644179,16620548,4136,61909928,45739604,64771556,0,3375600,0,1,1,0,14020361,3039433721,3056033726,48,48,1034,1545293,3094365,843900,78725369,78784,585872598,432206981,0
1789566832.734118,112.721,8329004,575771,0,111,79,115,107668,835524,31644219,16620536,4136,61909928,45739604,64771556,0,3359232,0,1,1,0,14020361,3039683978,3056283983,48,48,1034,1545293,3094365,839808,78725370,78784,585872598,432207045,0
1789566832.984391,112.971,8329380,575797,0,111,79,115,107668,835524,31644265,16620536,4136,61909928,45739604,64771556,0,3351352,0,1,1,0,14020361,3039933240,3056533245,48,48,1034,1545293,3094365,837838,78725371,78784,585872598,432207045,0
1789566833.2346776,113.222,8329755,575822,0,111,79,115,107668,835524,31644331,16620536,4136,61910144,45739820,64771556,0,3334644,0,1,1,0,14020369,3040182508,3056782531,48,48,1034,1545299,3094376,833661,78725371,78784,585872598,432207045,0
1789566833.4849977,113.472,8330118,575847,0,111,79,115,107670,835533,31644914,16620556,2808,61901060,45730704,64771556,0,3326400,0,1,2,0,14020482,3040349389,3056956851,48,48,702,1545072,3093922,831600,78731926,78784,585872598,432211129,0
1789566833.7353766,113.722,8330475,575871,0,111,79,115,107675,835547,31645585,16620560,4588,61885364,45715000,64771556,0,3310016,0,1,1,0,14020671,3040494313,3057104147,48,48,1147,1544680,3093137,827504,78740865,78784,585872598,432211133,0
1789566833.985743,113.973,8330850,575897,0,111,79,115,107675,835547,31645642,16620556,4864,61885364,45715000,64771556,0,3301824,0,1,1,0,14020671,3040743638,3057353472,48,48,1216,1544680,3093137,825456,78740865,78784,585872598,432211133,0
1789566834.2360868,114.223,8331226,575922,0,111,79,115,107675,835547,31645696,16620556,4864,61885860,45715496,64771556,0,3285440,0,1,1,0,14020681,3040993881,3057603748,48,48,1216,1544692,3093162,821360,78740868,78784,585872598,432211133,0
1789566834.4863806,114.473,8331601,575947,0,111,79,115,107675,835547,31645749,16620556,4864,61887544,45717180,64771556,0,3275388,0,1,2,0,14020681,3041243156,3057853023,48,48,1216,1544734,3093246,818527,78740869,78784,585872598,432211133,0
1789566834.7366755,114.724,8331976,575972,0,111,79,115,107675,835547,31645775,16620556,4864,61887544,45717180,64771556,0,3260864,0,1,1,0,14020681,3041493411,3058103278,48,48,1216,1544734,3093246,815216,78740870,78784,585872598,432211133,0
1789566834.9869812,114.974,8332351,575997,0,111,79,115,107675,835547,31645862,16620556,4864,61888468,45718104,64771556,0,3252672,0,1,1,0,14020681,3041741722,3058351589,48,48,1216,1544758,3093293,813168,78740871,78784,585872598,432211133,0
1789566835.2372923,115.224,8332726,576022,0,111,79,115,107675,835547,31645913,16620556,4864,61888900,45718536,64771556,0,3236288,0,1,1,0,14020687,3041991976,3058601856,48,48,1216,1544768,3093314,809072,78740873,78784,585872598,432211133,0
1789566835.487584,115.475,8333102,576047,0,111,79,115,107675,835547,31645957,16620556,4864,61888900,45718536,64771556,0,3228096,0,1,1,0,14020687,3042242235,3058852115,48,48,1216,1544768,3093314,807024,78740873,78784,585872598,432211133,0
1789566835.7378871,115.725,8333477,576072,0,111,79,115,107675,835547,31645998,16620556,4864,61888900,45718536,64771556,0,3211968,0,1,1,0,14020687,3042491515,3059101395,48,48,1216,1544768,3093314,802992,78740874,78784,585872598,432211133,0
1789566835.9881754,115.975,8333852,576097,0,111,79,115,107675,835547,31646038,16620556,4864,61888900,45718536,64771556,0,3203520,0,1,1,0,14020687,3042741769,3059351649,48,48,1216,1544768,3093314,800880,78740874,78784,585872598,432211133,0
1789566836.2384603,116.226,8334227,576123,0,111,79,115,107675,835547,31646099,16620556,4864,61889172,45718808,64771556,0,3187136,0,1,1,0,14020693,3042990035,3059599930,48,48,1216,1544775,3093328,796784,78740875,78784,585872598,432211133,0
1789566836.4887512,116.476,8334603,576148,0,111,79,115,107675,835547,31646140,16620556,4864,61889172,45718808,64771556,0,3178944,0,1,1,0,14020693,3043240313,3059850207,48,48,1216,1544775,3093328,794736,78740877,78784,585872598,432211133,0
1789566836.7390463,116.726,8334978,576173,0,111,79,115,107675,835547,31646184,16620556,4864,61889172,45718808,64771556,0,3162560,0,1,1,0,14020693,3043488584,3060098478,48,48,1216,1544775,3093328,790640,78740878,78784,585872598,432211133,0
1789566836.9893217,116.976,8335353,576198,0,111,79,115,107675,835547,31646219,16620556,4864,61889172,45718808,64771556,0,3154368,0,1,1,0,14020693,3043738828,3060348723,48,48,1216,1544775,3093328,788592,78740878,78784,585872598,432211133,0
1789566837.239597,117.227,8335728,576223,0,111,79,115,107675,835547,31646283,16620556,4864,61889172,45718808,64771556,0,3138344,0,1,1,0,14020701,3043988089,3060597998,48,48,1216,1544775,3093328,784586,78740879,78784,585872598,432211133,0
1789566837.4899197,117.477,8336103,576248,0,111,79,115,107675,835547,31646361,16620556,4864,61889172,45718808,64771556,0,3129800,0,1,1,0,14020712,3044238352,3060848278,48,48,1216,1544775,3093328,782450,78740879,78784,585872598,432211133,0
1789566837.7402158,117.727,8336479,576273,0,111,79,115,107675,835547,31646397,16620556,4864,61889172,45718808,64771556,0,3121660,0,1,1,0,14020712,3044487631,3061097557,48,48,1216,1544775,3093328,780415,78740881,78784,585872598,432211133,0
1789566837.990506,117.978,8336854,576298,0,111,79,115,107675,835547,31646448,16620544,4864,61889172,45718808,64771556,0,3105232,0,1,1,0,14020712,3044736892,3061346818,48,48,1216,1544775,3093328,776308,78740882,78784,585872598,432211193,0
1789566838.2407863,118.228,8337229,576323,0,111,79,115,107675,835547,31646491,16620544,4864,61889172,45718808,64771556,0,3088912,0,1,2,0,14020719,3044986153,3061596092,48,48,1216,1544775,3093328,772228,78740883,78784,585872598,432211193,0
1789566838.4910812,118.478,8337604,576348,0,111,79,115,107675,835547,31646539,16620556,4864,61888932,45718568,64771556,0,3080248,0,1,1,0,14020719,3045235409,3061845348,48,48,1216,1544769,3093316,770062,78740884,78784,585872598,432211193,0
1789566838.7413585,118.728,8337980,576373,0,111,79,115,107675,835547,31646566,16620556,4864,61888932,45718568,64771556,0,3072056,0,1,1,0,14020719,3045485663,3062095602,48,48,1216,1544769,3093316,768014,78740884,78784,585872598,432211193,0
1789566838.9916458,118.979,8338355,576399,0,111,79,115,107675,835547,31646622,16620556,4864,61888932,45718568,64771556,0,3055280,0,1,1,0,14020720,3045733950,3062343889,48,48,1216,1544769,3093316,763820,78740886,78784,585872598,432211193,0
1789566839.241938,119.229,8338730,576424,0,111,79,115,107675,835547,31646666,16620556,4864,61888932,45718568,64771556,0,3046700,0,1,1,0,14020725,3045983213,3062593164,48,48,1216,1544769,3093316,761675,78740887,78784,585872598,432211193,0
1789566839.4922204,119.479,8339105,576449,0,111,79,115,107675,835547,31646717,16620556,4864,61888932,45718568,64771556,0,3029920,0,1,1,0,14020726,3046231483,3062841434,48,48,1216,1544769,3093316,757480,78740888,78784,585872598,432211193,0
1789566839.7424955,119.73,8339480,576474,0,111,79,115,107675,835547,31646754,16620556,4864,61888932,45718568,64771556,0,3021728,0,1,1,0,14020726,3046480738,3063090688,48,48,1216,1544769,3093316,755432,78740888,78784,585872598,432211193,0
1789566839.992771,119.98,8339855,576499,0,111,79,115,107675,835547,31646805,16620556,4864,61888932,45718568,64771556,0,3004956,0,1,1,0,14020726,3046729017,3063338968,48,48,1216,1544769,3093316,751239,78740889,78784,585872598,432211193,0
1789566840.2430685,120.23,8340231,576524,0,111,79,115,107675,835547,31646855,16620556,4864,61888932,45718568,64771556,0,2996436,0,1,1,0,14020731,3046978280,3063588242,48,48,1216,1544769,3093316,749109,78740890,78784,585872598,432211193,0
1789566840.4933667,120.48,8340606,576550,0,111,79,115,107675,835547,31646921,16620556,4864,61888932,45718568,64771556,0,2979600,0,1,1,0,14020732,3047226597,3063836559,48,48,1216,1544769,3093316,744900,78740891,78784,585872598,432211193,0
1789566840.7436824,120.731,8340981,576575,0,111,79,115,107675,835547,31646948,16620556,4864,61888932,45718568,64771556,0,2971408,0,1,1,0,14020732,3047476889,3064086852,48,48,1216,1544769,3093316,742852,78740892,78784,585872598,432211193,0
1789566840.993999,120.981,8341356,576600,0,111,79,115,107676,835547,31646979,16620556,4864,61888932,45718568,64771556,0,2962828,0,1,1,0,14020732,3047727160,3064337122,48,48,1216,1544769,3093316,740707,78740893,78784,585872598,432211193,0
1789566841.2442915,121.231,8341731,576625,0,111,79,115,107676,835547,31647040,16620556,4864,61888932,45718568,64771556,0,2946052,0,1,1,0,14020738,3047975427,3064585404,48,48,1216,1544769,3093316,736513,78740893,78784,585872598,432211193,0
1789566841.494581,121.482,8342107,576650,0,111,79,115,107676,835547,31647122,16620556,4864,61889188,45718824,64771556,0,2937860,0,1,1,0,14020743,3048224692,3064834676,48,48,1216,1544776,3093329,734465,78740894,78784,585872598,432211193,0
1789566841.7449062,121.732,8342482,576675,0,111,79,115,107676,835547,31647167,16620556,4864,61889188,45718824,64771556,0,2921468,0,1,1,0,14020743,3048474002,3065083985,48,48,1216,1544776,3093329,730367,78740895,78784,585872598,432211193,0
1789566841.9952044,121.982,8342857,576700,0,111,79,115,107676,835547,31647214,16620556,4864,61889188,45718824,64771556,0,2913276,0,1,1,0,14020743,3048723273,3065333257,48,48,1216,1544776,3093329,728319,78740897,78784,585872598,432211193,0
1789566842.2455006,122.233,8343232,576726,0,111,79,115,107676,835547,31647259,16620556,4864,61889188,45718824,64771556,0,2897260,0,1,1,0,14020751,3048972540,3065582543,48,48,1216,1544776,3093329,724315,78740897,78784,585872598,432211193,0
1789566842.495818,122.483,8343607,576751,0,111,79,116,107676,835547,31647301,16620556,4864,61889188,45718824,64771556,0,2888720,0,1,1,0,14020751,3049221829,3065831832,48,48,1216,1544776,3093329,722180,78740897,78784,585872598,432211193,0
1789566842.7461174,122.733,8343983,576776,0,111,79,116,107676,835547,31647341,16620556,4864,61889188,45718824,64771556,0,2872448,0,1,1,0,14020751,3049472083,3066082086,48,48,1216,1544776,3093329,718112,78740898,78784,585872598,432211193,0
1789566842.9964066,122.983,8344358,576801,0,111,79,116,107676,835547,31647384,16620556,4864,61889188,45718824,64771556,0,2864240,0,1,1,0,14020751,3049721351,3066331354,48,48,1216,1544776,3093329,716060,78740899,78784,585872598,432211193,0
1789566843.2466807,123.234,8344733,576826,0,111,79,116,107676,835547,31647451,16620556,4884,61889188,45718824,64771556,0,2847716,0,1,2,0,14020763,3049971544,3066581621,48,48,1221,1544776,3093329,711929,78740900,78784,585872598,432211277,0
1789566843.4969835,123.484,8345108,576851,0,111,79,116,107676,835547,31647491,16620556,4884,61889188,45718824,64771556,0,2839524,0,1,1,0,14020763,3050220802,3066830880,48,48,1221,1544776,3093329,709881,78740901,78784,585872598,432211277,0
1789566843.7472663,123.734,8345484,576876,0,111,79,116,107676,835547,31647528,16620556,4884,61889188,45718824,64771556,0,2823132,0,1,1,0,14020763,3050471050,3067081127,48,48,1221,1544776,3093329,705783,78740902,78784,585872598,432211277,0
1789566843.9975379,123.985,8345859,576901,0,111,79,116,107676,835547,31647570,16620556,4884,61889188,45718824,64771556,0,2814940,0,1,1,0,14020764,3050720308,3067330385,48,48,1221,1544776,3093329,703735,78740902,78784,585872598,432211277,0
1789566844.247836,124.235,8346234,576926,0,111,79,116,107676,835547,31647619,16620556,4884,61889188,45718824,64771556,0,2798700,0,1,1,0,14020769,3050970571,3067580664,48,48,1221,1544776,3093329,699675,78740904,78784,585872598,432211277,0
1789566844.4981382,124.485,8346609,576951,0,111,79,116,107676,835547,31647670,16620556,4884,61889444,45719080,64771556,0,2790356,0,1,1,0,14020769,3051219849,3067829941,48,48,1221,1544782,3093341,697589,78740904,78784,585872598,432211277,0
1789566844.7484422,124.736,8346985,576976,0,111,79,116,107676,835547,31647705,16620556,4884,61889444,45719080,64771556,0,2773964,0,1,1,0,14020773,3051470103,3068080225,48,48,1221,1544782,3093341,693491,78740905,78784,585872598,432211277,0
1789566844.9987535,124.986,8347360,577001,0,111,79,116,107676,835547,31647744,16620556,4884,61889444,45719080,64771556,0,2765772,0,1,1,0,14020773,3051719393,3068329516,48,48,1221,1544782,3093341,691443,78740906,78784,585872598,432211277,0
1789566845.2490668,125.236,8347735,577026,0,111,79,116,107676,835547,31647800,16620556,4884,61889444,45719080,64771556,0,2749380,0,1,1,0,14020779,3051969653,3068579789,48,48,1221,1544782,3093341,687345,78740907,78784,585872598,432211277,0
1789566845.4993756,125.486,8348110,577052,0,111,79,116,107676,835547,31647875,16620556,4884,61889444,45719080,64771556,0,2741188,0,1,1,0,14020786,3052218935,3068829079,48,48,1221,1544782,3093341,685297,78740908,78784,585872598,432211277,0
1789566845.7496781,125.737,8348486,577077,0,111,79,116,107676,835547,31647908,16620556,4884,61889444,45719080,64771556,0,2724804,0,1,1,0,14020786,3052469223,3069079367,48,48,1221,1544782,3093341,681201,78740909,78784,585872598,432211277,0
1789566845.999994,125.987,8348861,577102,0,111,79,116,107676,835547,31647966,16620556,4884,61889444,45719080,64771556,0,2708420,0,1,1,0,14020787,3052717516,3069327661,48,48,1221,1544782,3093341,677105,78740909,78784,585872598,432211277,0
1789566846.250295,126.237,8349236,577127,0,111,79,116,107676,835547,31647999,16620556,4884,61889444,45719080,64771556,0,2700248,0,1,1,0,14020796,3052967726,3069577932,48,48,1221,1544782,3093341,675062,78740911,78784,585872598,432211277,0
1789566846.5005918,126.488,8349611,577152,0,111,79,116,107676,835547,31648047,16620556,4884,61889116,45718752,64771556,0,2692036,0,1,1,0,14020796,3053217003,3069827209,48,48,1221,1544774,3093325,673009,78740911,78784,585872598,432211277,0
1789566846.7509189,126.738,8349987,577177,0,111,79,116,107676,835547,31648081,16620556,4884,61889372,45719008,64771556,0,2675652,0,1,1,0,14020796,3053466317,3070076523,48,48,1221,1544780,3093338,668913,78740911,78784,585872598,432211277,0
1789566847.0012443,126.988,8350362,577202,0,111,79,116,107676,835547,31648126,16620556,4884,61889372,45719008,64771556,0,2659268,0,1,1,0,14020797,3053714623,3070324829,48,48,1221,1544780,3093338,664817,78740913,78784,585872598,432211277,0
1789566847.2515492,127.239,8350737,577227,0,111,79,116,107676,835547,31648163,16620556,4884,61889372,45719008,64771556,0,2651076,0,1,1,0,14020807,3053964845,3070575112,48,48,1221,1544780,3093338,662769,78740913,78784,585872598,432211277,0
1789566847.5018601,127.489,8351112,577252,0,111,79,116,107677,835547,31648203,16620556,4884,61889196,45718832,64771556,0,2642884,0,1,1,0,14020807,3054215123,3070825391,48,48,1221,1544776,3093329,660721,78740914,78784,585872598,432211277,0
1789566847.7521658,127.739,8351488,577277,0,111,79,116,107677,835547,31648239,16620556,4884,61889196,45718832,64771556,0,2626500,0,1,1,0,14020807,3054465393,3071075661,48,48,1221,1544776,3093329,656625,78740915,78784,585872598,432211277,0
1789566848.0024657,127.99,8351863,577302,0,111,79,116,107677,835547,31648275,16620556,4884,61889196,45718832,64771556,0,2618308,0,1,1,0,14020807,3054715656,3071325924,48,48,1221,1544776,3093329,654577,78740916,78784,585872598,432211277,0
1789566848.2527685,128.24,8352238,577328,0,111,79,116,107677,835548,31648332,16620536,4884,61889196,45718832,64771556,0,2601928,0,1,1,0,14020813,3054963975,3071574256,48,48,1221,1544776,3093329,650482,78740918,78784,585872598,432211421,0
1789566848.5030987,128.49,8352613,577353,0,111,79,116,107677,835548,31648398,16620556,4904,61889196,45718832,64771556,0,2585540,0,1,1,0,14020813,3055213247,3071823528,48,48,1226,1544776,3093329,646385,78740919,78784,585872598,432211421,0
1789566848.753385,128.74,8352988,577378,0,111,79,116,107677,835548,31648439,16620556,4904,61889196,45718832,64771556,0,2577348,0,1,1,0,14020813,3055463512,3072073793,48,48,1226,1544776,3093329,644337,78740919,78784,585872598,432211421,0
1789566849.003695,128.991,8353364,577403,0,111,79,116,107677,835548,31648483,16620556,4904,61889196,45718832,64771556,0,2560964,0,1,1,0,14020814,3055712844,3072323125,48,48,1226,1544776,3093329,640241,78740921,78784,585872598,432211421,0
1789566849.2540102,129.241,8353739,577428,0,111,79,116,107677,835548,31648528,16620556,4904,61889196,45718832,64771556,0,2552772,0,1,1,0,14020819,3055963088,3072573382,48,48,1226,1544776,3093329,638193,78740921,78784,585872598,432211421,0
1789566849.5043051,129.491,8354114,577453,0,111,79,116,107677,835548,31648604,16620556,4908,61889196,45718832,64771556,0,2544580,0,1,1,0,14020825,3056213349,3072823649,48,48,1227,1544776,3093329,636145,78740924,78784,585872598,432211421,0
1789566849.7545862,129.742,8354489,577478,0,111,79,116,107677,835548,31648647,16620556,4908,61889196,45718832,64771556,0,2528196,0,1,1,0,14020825,3056462603,3073072903,48,48,1227,1544776,3093329,632049,78740924,78784,585872598,432211421,0
1789566850.0048594,129.992,8354865,577503,0,111,79,116,107677,835548,31648680,16620556,4908,61889196,45718832,64771556,0,2520004,0,1,1,0,14020825,3056712852,3073323152,48,48,1227,1544776,3093329,630001,78740925,78784,585872598,432211421,0
1789566850.2551355,130.242,8355240,577528,0,111,79,116,107677,835548,31648740,16620556,4908,61889196,45718832,64771556,0,2503624,0,1,1,0,14020839,3056962013,3073572408,48,48,1227,1544776,3093329,625906,78740925,78784,585872598,432211421,0
1789566850.5054135,130.492,8355615,577553,0,111,79,116,107677,835548,31648779,16620556,4908,61889196,45718832,64771556,0,2495428,0,1,1,0,14020839,3057212270,3073822665,48,48,1227,1544776,3093329,623857,78740928,78784,585872598,432211421,0
1789566850.7557077,130.743,8355990,577579,0,111,79,116,107677,835548,31648818,16620556,4908,61889196,45718832,64771556,0,2479044,0,1,1,0,14020839,3057461549,3074071945,48,48,1227,1544776,3093329,619761,78740929,78784,585872598,432211421,0
1789566851.0059986,130.993,8356366,577604,0,111,79,116,107677,835548,31648849,16620556,4908,61889196,45718832,64771556,0,2470852,0,1,1,0,14020839,3057711807,3074322202,48,48,1227,1544776,3093329,617713,78740929,78784,585872598,432211421,0
1789566851.2562838,131.243,8356741,577629,0,111,79,116,107677,835548,31648907,16620556,4908,61889196,45718832,64771556,0,2454468,0,1,1,0,14020845,3057960066,3074570474,48,48,1227,1544776,3093329,613617,78740931,78784,585872598,432211421,0
1789566851.5065567,131.494,8357116,577654,0,111,79,116,107677,835548,31648997,16620556,4912,61888964,45718600,64771556,0,2446276,0,1,1,0,14020845,3058210315,3074820723,48,48,1228,1544770,3093317,611569,78740932,78784,585872598,432211421,0
1789566851.756836,131.744,8357491,577679,0,111,79,116,107677,835548,31649042,16620556,4912,61888964,45718600,64771556,0,2429892,0,1,1,0,14020846,3058458584,3075068992,48,48,1228,1544770,3093317,607473,78740934,78784,585872598,432211421,0
1789566852.0071123,131.994,8357866,577704,0,111,79,116,107677,835548,31649075,16620556,4912,61888964,45718600,64771556,0,2421700,0,1,1,0,14020846,3058708848,3075319256,48,48,1228,1544770,3093317,605425,78740934,78784,585872598,432211421,0
1789566852.2574072,132.244,8358242,577729,0,111,79,116,107677,835548,31649120,16620556,4912,61888964,45718600,64771556,0,2405356,0,1,1,0,14020852,3058958108,3075568531,48,48,1228,1544770,3093317,601339,78740935,78784,585872598,432211421,0
1789566852.507712,132.495,8358617,577754,0,111,79,116,107677,835548,31649166,16620556,4912,61888964,45718600,64771556,0,2397124,0,1,1,0,14020852,3059208402,3075818825,48,48,1228,1544770,3093317,599281,78740935,78784,585872598,432211421,0
1789566852.7580278,132.745,8358992,577779,0,111,79,116,107677,835548,31649208,16620556,4912,61888964,45718600,64771556,0,2380740,0,1,1,0,14020852,3059457658,3076068081,48,48,1228,1544770,3093317,595185,78740936,78784,585872598,432211421,0
1789566853.0083005,132.995,8359367,577804,0,111,79,116,107677,835548,31649239,16620556,4912,61888964,45718600,64771556,0,2372548,0,1,1,0,14020852,3059707907,3076318330,48,48,1228,1544770,3093317,593137,78740936,78784,585872598,432211421,0
1789566853.2585952,133.246,8359743,577830,0,111,79,116,107677,835548,31649294,16620556,4912,61888964,45718600,64771556,0,2356164,0,1,1,0,14020858,3059957174,3076567611,48,48,1228,1544770,3093317,589041,78740939,78784,585872598,432211421,0
1789566853.5089061,133.496,8360118,577855,0,111,79,116,107677,835548,31649363,16620556,4912,61889048,45718684,64771556,0,2347972,0,1,1,0,14020881,3060207355,3076817893,48,48,1228,1544772,3093322,586993,78740939,78784,585872598,432211421,0
1789566853.7591994,133.746,8360493,577880,0,111,79,116,107678,835548,31649415,16620544,4912,61889048,45718684,64771556,0,2331340,0,1,1,0,14020881,3060456619,3077067157,48,48,1228,1544772,3093322,582835,78740940,78784,585872598,432211485,0
1789566854.0094755,133.997,8360868,577905,0,111,79,116,107678,835548,31649465,16620544,4912,61889048,45718684,64771556,0,2322648,0,1,1,0,14020881,3060705873,3077316410,48,48,1228,1544772,3093322,580662,78740940,78784,585872598,432211485,0
1789566854.2597556,134.247,8361244,577930,0,111,79,116,107678,835548,31649510,16620556,4916,61889048,45718684,64771556,0,2314420,0,1,1,0,14020887,3060956145,3077566696,48,48,1229,1544772,3093322,578605,78740941,78784,585872598,432211485,0
1789566854.5100822,134.497,8361619,577955,0,111,79,116,107678,835548,31649565,16620556,4916,61889048,45718684,64771556,0,2297648,0,1,1,0,14020887,3061204429,3077814979,48,48,1229,1544772,3093322,574412,78740943,78784,585872598,432211485,0
1789566854.76036,134.747,8361994,577980,0,111,79,116,107678,835548,31649596,16620556,4916,61889048,45718684,64771556,0,2289068,0,1,1,0,14020887,3061453686,3078064236,48,48,1229,1544772,3093322,572267,78740944,78784,585872598,432211485,0
1789566855.010635,134.998,8362369,578005,0,111,79,116,107678,835548,31649647,16620556,4916,61889048,45718684,64771556,0,2272372,0,1,1,0,14020887,3061702945,3078313496,48,48,1229,1544772,3093322,568093,78740944,78784,585872598,432211485,0
1789566855.2609332,135.248,8362744,578030,0,111,79,116,107678,835548,31649694,16620556,4916,61889048,45718684,64771556,0,2264132,0,1,1,0,14020893,3061952211,3078562775,48,48,1229,1544772,3093322,566033,78740944,78784,585872598,432211485,0
1789566855.5112157,135.498,8363119,578056,0,111,79,116,107678,835548,31649748,16620556,4916,61889048,45718684,64771556,0,2247336,0,1,1,0,14020894,3062201463,3078812027,48,48,1229,1544772,3093322,561834,78740945,78784,585872598,432211485,0
1789566855.7615016,135.749,8363494,578081,0,111,79,116,107678,835548,31649819,16620556,4916,61889048,45718684,64771556,0,2238764,0,1,1,0,14020907,3062450709,3079061305,48,48,1229,1544772,3093322,559691,78740947,78784,585872598,432211485,0
1789566856.0118175,135.999,8363869,578106,0,111,79,116,107678,835548,31649867,16620556,4916,61889048,45718684,64771556,0,2222124,0,1,1,0,14020907,3062699990,3079310586,48,48,1229,1544772,3093322,555531,78740949,78784,585872598,432211485,0
1789566856.2621083,136.249,8364245,578131,0,111,79,116,107678,835548,31649909,16620556,4916,61889048,45718684,64771556,0,2213888,0,1,1,0,14020918,3062949232,3079559853,48,48,1229,1544772,3093322,553472,78740949,78784,585872598,432211485,0
1789566856.5123947,136.499,8364620,578156,0,111,79,116,107678,835548,31649952,16620556,4916,61889052,45718684,64771556,0,2197408,0,1,1,0,14020923,3063199477,3079810105,48,48,1229,1544772,3093322,549352,78740950,78784,585872598,432211485,0
1789566856.7626758,136.75,8364995,578181,0,111,79,116,107678,835549,31649987,16620556,4916,61889052,45718684,64771556,0,2189216,0,1,1,0,14020923,3063448734,3080059363,48,48,1229,1544772,3093322,547304,78740950,78784,585872598,432211485,0
1789566857.0129843,137.0,8365370,578206,0,111,79,116,107678,835549,31650034,16620556,4916,61889052,45718684,64771556,0,2172824,0,1,1,0,14020923,3063697022,3080307651,48,48,1229,1544772,3093322,543206,78740952,78784,585872598,432211485,0
1789566857.2632642,137.25,8365745,578232,0,111,79,116,107678,835549,31650081,16620556,4916,61889052,45718684,64771556,0,2164632,0,1,1,0,14020930,3063946279,3080556924,48,48,1229,1544772,3093322,541158,78740953,78784,585872598,432211485,0
1789566857.5135627,137.501,8366121,578257,0,111,79,116,107678,835549,31650173,16620556,4916,61891700,45721332,64771556,0,2148240,0,1,1,0,14020937,3064194559,3080805212,48,48,1229,1544838,3093454,537060,78740954,78784,585872598,432211485,0
1789566857.7638643,137.751,8366496,578282,0,111,79,116,107678,835549,31650221,16620556,4916,61891700,45721332,64771556,0,2140048,0,1,1,0,14020937,3064443837,3081054491,48,48,1229,1544838,3093454,535012,78740954,78784,585872598,432211485,0
1789566858.0141647,138.001,8366871,578307,0,111,79,116,107678,835549,31650269,16620556,4916,61891700,45721332,64771556,0,2131856,0,1,2,0,14020937,3064692123,3081302776,48,48,1229,1544838,3093454,532964,78740955,78784,585872598,432211485,0
1789566858.2644582,138.252,8367246,578332,0,111,79,116,107678,835549,31650309,16620556,4916,61891700,45721332,64771556,0,2115816,0,1,1,0,14020944,3064941372,3081552045,48,48,1229,1544838,3093454,528954,78740955,78784,585872598,432211485,0
1789566858.5147638,138.502,8367621,578357,0,111,79,116,107678,835549,31650367,16620556,4916,61891700,45721332,64771556,0,2099376,0,1,1,0,14020944,3065190682,3081801355,48,48,1229,1544838,3093454,524844,78740957,78784,585872598,432211485,0
1789566858.7650852,138.752,8367996,578382,0,111,79,116,107678,835549,31650405,16620544,4916,61891700,45721332,64771556,0,2090924,0,1,1,0,14020944,3065440942,3082051614,48,48,1229,1544838,3093454,522731,78740958,78784,585872598,432211569,0
1789566859.0153751,139.002,8368372,578408,0,111,79,116,107678,835549,31650456,16620544,4916,61891700,45721332,64771556,0,2074516,0,1,1,0,14020945,3065689242,3082299915,48,48,1229,1544838,3093454,518629,78740959,78784,585872598,432211569,0
1789566859.2656758,139.253,8368747,578433,0,111,79,116,107679,835549,31650503,16620556,4936,61891700,45721332,64771556,0,2066296,0,1,1,0,14020952,3065939479,3082550169,48,48,1234,1544838,3093454,516574,78740959,78784,585872598,432211569,0
1789566859.515974,139.503,8369122,578458,0,111,79,116,107679,835549,31650552,16620556,4936,61895576,45725208,64771556,0,2058104,0,1,1,0,14020952,3066188749,3082799440,48,48,1234,1544935,3093648,514526,78740960,78784,585872598,432211569,0
1789566859.7662797,139.753,8369497,578483,0,111,79,116,107679,835549,31650599,16620556,4936,61895576,45725208,64771556,0,2041712,0,1,1,0,14020952,3066437040,3083047730,48,48,1234,1544935,3093648,510428,78740961,78784,585872598,432211569,0
1789566860.0165746,140.004,8369872,578508,0,111,79,116,107679,835549,31650648,16620556,4936,61895576,45725208,64771556,0,2033520,0,1,1,0,14020953,3066686337,3083297028,48,48,1234,1544935,3093648,508380,78740962,78784,585872598,432211569,0
1789566860.2669015,140.254,8370247,578533,0,111,79,116,107679,835549,31650709,16620556,4936,61895576,45725208,64771556,0,2014580,0,1,1,0,14020959,3066934620,3083545326,48,48,1234,1544935,3093648,503645,78740963,78784,585872598,432211569,0
1789566860.5171838,140.504,8370623,578558,0,111,79,116,107679,835549,31650752,16620556,4936,61895576,45725208,64771556,0,2005908,0,1,1,0,14020959,3067183879,3083794585,48,48,1234,1544935,3093648,501477,78740963,78784,585872598,432211569,0
1789566860.767464,140.755,8370998,578584,0,111,79,116,107679,835549,31650793,16620556,4936,61895576,45725208,64771556,0,1989524,0,1,1,0,14020959,3067433139,3084043844,48,48,1234,1544935,3093648,497381,78740964,78784,585872598,432211569,0
1789566861.017757,141.005,8371373,578609,0,111,79,116,107679,835549,31650830,16620556,4936,61895576,45725208,64771556,0,1981316,0,1,1,0,14020959,3067682443,3084293149,48,48,1234,1544935,3093648,495329,78740965,78784,585872598,432211569,0
1789566861.268062,141.255,8371748,578634,0,111,79,116,107679,835549,31650880,16620556,4936,61895576,45725208,64771556,0,1973124,0,2,1,0,14020964,3067932680,3084543399,48,48,1234,1544935,3093648,493281,78740966,78784,585872598,432211569,0
1789566861.5183458,141.505,8372124,578659,0,111,79,116,107679,835549,31650966,16620556,4936,61898968,45728600,64771556,0,1956740,0,1,1,0,14020972,3068181938,3084792665,48,48,1234,1545020,3093817,489185,78740967,78784,585872598,432211569,0
1789566861.7686336,141.756,8372499,578684,0,111,79,116,107679,835549,31650999,16620556,4936,61898968,45728600,64771556,0,1948548,0,1,1,0,14020972,3068431200,3085041927,48,48,1234,1545020,3093817,487137,78740968,78784,585872598,432211569,0
1789566862.018933,142.006,8372874,578709,0,111,79,116,107679,835549,31651046,16620556,4936,61898968,45728600,64771556,0,1932164,0,1,1,0,14020972,3068679503,3085290230,48,48,1234,1545020,3093817,483041,78740968,78784,585872598,432211569,0
1789566862.269232,142.256,8373249,578734,0,111,79,116,107679,835549,31651093,16620556,4936,61898968,45728600,64771556,0,1924288,0,1,1,0,14020987,3068928672,3085539502,48,48,1234,1545020,3093817,481072,78740970,78784,585872598,432211569,0
1789566862.5195186,142.507,8373624,578759,0,111,79,116,107679,835549,31651145,16620556,4936,61898968,45728600,64771556,0,1907588,0,1,1,0,14020987,3069177941,3085788771,48,48,1234,1545020,3093817,476897,78740976,78784,585872598,432211569,0
1789566862.7698176,142.757,8374000,578785,0,111,79,116,107679,835549,31651180,16620556,4936,61898968,45728600,64771556,0,1899396,0,1,1,0,14020987,3069427217,3086038048,48,48,1234,1545020,3093817,474849,78740977,78784,585872598,432211569,0
1789566863.0201042,143.007,8374375,578810,0,111,79,116,107679,835549,31651232,16620556,4936,61898968,45728600,64771556,0,1883012,0,1,1,0,14020988,3069675495,3086286326,48,48,1234,1545020,3093817,470753,78740978,78784,585872598,432211569,0
1789566863.2703805,143.257,8374750,578835,0,111,79,116,107679,835549,31651280,16620556,4936,61901936,45731568,64771556,0,1866628,0,1,1,0,14021009,3069925643,3086536574,48,48,1234,1545094,3093966,466657,78740979,78784,585872598,432211569,0
1789566863.5206633,143.508,8375125,578860,0,111,79,116,107679,835549,31651333,16620556,4824,61901936,45731568,64771556,0,1858436,0,1,1,0,14021009,3070174912,3086785844,48,48,1206,1545094,3093966,464609,78740980,78784,585872598,432211641,0
1789566863.7709658,143.758,8375500,578885,0,111,79,116,107679,835549,31651369,16620556,4824,61901936,45731568,64771556,0,1850244,0,1,1,0,14021009,3070425170,3087036101,48,48,1206,1545094,3093966,462561,78740982,78784,585872598,432211641,0
1789566864.0212493,144.008,8375875,578910,0,111,79,116,107679,835549,31651420,16620544,4824,61901684,45731316,64771556,0,1833860,0,1,1,0,14021010,3070673445,3087284376,48,48,1206,1545087,3093953,458465,78740982,78784,585872598,432211705,0
1789566864.2715368,144.259,8376251,578935,0,111,79,116,107679,835549,31651467,16620556,4876,61901684,45731316,64771556,0,1825668,0,1,1,0,14021016,3070922703,3087533647,48,48,1219,1545087,3093953,456417,78740983,78784,585872598,432211705,0
1789566864.5218391,144.509,8376623,578960,0,111,79,116,107680,835551,31651783,16620556,1864,61903632,45733256,64771556,0,1809564,0,1,2,0,14021257,3071141930,3087764237,48,48,466,1545136,3094051,452391,78742093,78784,585872598,432216465,0
1789566864.7723305,144.759,8376994,578985,0,111,79,116,107683,835552,31652538,16620560,4128,61903224,45732776,64771556,0,1801492,0,1,1,0,14021344,3071353189,3087979348,48,48,1032,1545126,3094030,450373,78747980,78784,585872598,432216465,0
1789566865.0226898,145.01,8377369,579010,0,111,79,116,107683,835553,31652586,16620560,4128,61903224,45732776,64771556,0,1785108,0,1,1,0,14021345,3071601530,3088227689,48,48,1032,1545126,3094030,446277,78747982,78784,585872598,432216465,0
1789566865.2730122,145.26,8377744,579035,0,111,79,116,107683,835553,31652639,16620560,4128,61903580,45733132,64771556,0,1776916,0,1,1,0,14021352,3071850789,3088476973,48,48,1032,1545135,3094048,444229,78747982,78784,585872598,432216465,0
1789566865.523324,145.51,8378119,579061,0,111,79,116,107683,835553,31652738,16620560,4140,61904436,45733980,64771556,0,1760132,0,1,1,0,14021363,3072099041,3088725261,48,48,1035,1545156,3094091,440033,78747983,78784,585872598,432216465,0
1789566865.7736168,145.761,8378495,579086,0,111,79,116,107683,835553,31652771,16620560,4140,61904436,45733980,64771556,0,1751940,0,1,1,0,14021363,3072349305,3088975525,48,48,1035,1545156,3094091,437985,78747984,78784,585872598,432216465,0
1789566866.023933,146.011,8378870,579111,0,111,79,116,107683,835553,31652825,16620560,4140,61904436,45733980,64771556,0,1735556,0,1,1,0,14021363,3072597614,3089223834,48,48,1035,1545156,3094091,433889,78747985,78784,585872598,432216465,0
1789566866.2742372,146.261,8379245,579136,0,111,79,116,107683,835553,31652882,16620560,4140,61906372,45735916,64771556,0,1727364,0,1,1,0,14021375,3072846872,3089473118,48,48,1035,1545204,3094187,431841,78747986,78784,585872598,432216465,0
1789566866.524534,146.512,8379620,579161,0,111,79,116,107683,835553,31652919,16620560,4140,61906372,45735916,64771556,0,1710980,0,1,1,0,14021376,3073096132,3089722377,48,48,1035,1545204,3094187,427745,78747987,78784,585872598,432216465,0
1789566866.7748146,146.762,8379995,579186,0,111,79,116,107683,835553,31652962,16620560,4140,61906372,45735916,64771556,0,1702788,0,1,1,0,14021376,3073345387,3089971632,48,48,1035,1545204,3094187,425697,78747987,78784,585872598,432216465,0
1789566867.0250916,147.012,8380370,579211,0,111,79,116,107683,835553,31653005,16620560,4140,61906372,45735916,64771556,0,1686404,0,1,1,0,14021376,3073593668,3090219914,48,48,1035,1545204,3094187,421601,78747989,78784,585872598,432216465,0
1789566867.2753818,147.262,8380746,579237,0,111,79,116,107683,835553,31653058,16620560,4140,61906372,45735916,64771556,0,1678332,0,1,1,0,14021389,3073842926,3090469194,48,48,1035,1545204,3094187,419583,78747989,78784,585872598,432216465,0
1789566867.525696,147.513,8381121,579262,0,111,79,116,107683,835553,31653117,16620560,4140,61906372,45735916,64771556,0,1661948,0,1,1,0,14021389,3074091238,3090717505,48,48,1035,1545204,3094187,415487,78747991,78784,585872598,432216465,0
1789566867.7760007,147.763,8381496,579287,0,111,79,116,107683,835553,31653156,16620560,4140,61906372,45735916,64771556,0,1653664,0,1,1,0,14021389,3074340505,3090966772,48,48,1035,1545204,3094187,413416,78747991,78784,585872598,432216465,0
1789566868.026288,148.013,8381871,579312,0,111,79,116,107684,835553,31653199,16620560,4140,61906372,45735916,64771556,0,1637296,0,1,1,0,14021389,3074589771,3091216039,48,48,1035,1545204,3094187,409324,78747992,78784,585872598,432216465,0
1789566868.2765737,148.264,8382246,579337,0,111,79,116,107684,835553,31653240,16620560,4140,61906372,45735916,64771556,0,1629384,0,1,1,0,14021394,3074839018,3091465297,48,48,1035,1545204,3094187,407346,78747992,78784,585872598,432216465,0
1789566868.5268528,148.514,8382622,579362,0,111,79,116,107684,835553,31653294,16620560,4140,61906372,45735916,64771556,0,1612676,0,1,1,0,14021407,3075088193,3091714565,48,48,1035,1545204,3094187,403169,78747994,78784,585872598,432216465,0
1789566868.7771416,148.764,8382997,579387,0,111,79,116,107684,835553,31653344,16620560,4140,61906372,45735916,64771556,0,1604604,0,1,1,0,14021407,3075337451,3091963823,48,48,1035,1545204,3094187,401151,78747996,78784,585872598,432216465,0
1789566869.0274184,149.014,8383372,579413,0,111,79,116,107684,835553,31653387,16620560,4140,61906372,45735916,64771556,0,1588220,0,1,1,0,14021407,3075585734,3092212105,48,48,1035,1545204,3094187,397055,78747996,78784,585872598,432216465,0
1789566869.2777073,149.265,8383747,579438,0,111,79,116,107684,835553,31653455,16620548,4140,61906372,45735916,64771556,0,1579908,0,1,1,0,14021413,3075834995,3092461379,48,48,1035,1545204,3094187,394977,78747997,78784,585872598,432216525,0
1789566869.5280046,149.515,8384122,579463,0,111,79,116,107684,835553,31653538,16620548,4140,61908388,45737932,64771556,0,1563524,0,1,1,0,14021428,3076084195,3092710647,48,48,1035,1545255,3094288,390881,78747997,78784,585872598,432216525,0
1789566869.7783012,149.765,8384497,579488,0,111,79,116,107684,835553,31653580,16620548,4140,61908388,45737932,64771556,0,1555332,0,1,1,0,14021428,3076333466,3092959918,48,48,1035,1545255,3094288,388833,78747999,78784,585872598,432216525,0
1789566870.0285933,150.016,8384872,579513,0,111,79,116,107684,835553,31653627,16620548,4140,61908388,45737932,64771556,0,1538948,0,1,1,0,14021428,3076581753,3093208205,48,48,1035,1545255,3094288,384737,78747999,78784,585872598,432216525,0
1789566870.2789168,150.266,8385248,579538,0,111,79,116,107684,835553,31653705,16620560,4140,61908388,45737932,64771556,0,1530876,0,1,1,0,14021462,3076831937,3093458509,48,48,1035,1545255,3094288,382719,78748001,78784,585872598,432216525,0
1789566870.5292332,150.516,8385623,579563,0,111,79,116,107684,835553,31653750,16620560,4140,61908388,45737932,64771556,0,1514492,0,1,1,0,14021462,3077080244,3093706816,48,48,1035,1545255,3094288,378623,78748001,78784,585872598,432216525,0
1789566870.7795463,150.767,8385998,579589,0,111,79,116,107684,835553,31653789,16620560,4140,61908388,45737932,64771556,0,1506536,0,1,1,0,14021462,3077329509,3093956081,48,48,1035,1545255,3094288,376634,78748002,78784,585872598,432216525,0
1789566871.0298276,151.017,8386373,579614,0,111,79,116,107684,835553,31653833,16620560,4140,61908388,45737932,64771556,0,1489792,0,1,1,0,14021462,3077578776,3094205349,48,48,1035,1545255,3094288,372448,78748002,78784,585872598,432216525,0
1789566871.2801285,151.267,8386749,579639,0,111,79,116,107684,835553,31653872,16620560,4140,61908388,45737932,64771556,0,1481296,0,1,1,0,14021469,3077828036,3094454624,48,48,1035,1545255,3094288,370324,78748005,78784,585872598,432216525,0
1789566871.5304105,151.517,8387124,579664,0,111,79,116,107684,835553,31653923,16620560,4140,61908388,45737932,64771556,0,1463048,0,1,1,0,14021469,3078076316,3094702904,48,48,1035,1545255,3094288,365762,78748005,78784,585872598,432216525,0
1789566871.7806873,151.768,8387499,579689,0,111,79,116,107684,835553,31653979,16620560,4140,61908388,45737932,64771556,0,1452560,0,1,1,0,14021469,3078324613,3094951201,48,48,1035,1545255,3094288,363140,78748006,78784,585872598,432216525,0
1789566872.0309808,152.018,8387874,579714,0,111,79,116,107684,835553,31654019,16620560,4140,61908388,45737932,64771556,0,1442068,0,1,1,0,14021469,3078573866,3095200454,48,48,1035,1545255,3094288,360517,78748006,78784,585872598,432216525,0
1789566872.2812576,152.268,8388249,579739,0,111,79,116,107684,835553,31654065,16620560,4140,61908388,45737932,64771556,0,1431584,0,1,1,0,14021475,3078823122,3095449724,48,48,1035,1545255,3094288,357896,78748007,78784,585872598,432216525,0
1789566872.5315564,152.519,8388624,579765,0,111,79,116,107684,835553,31654110,16620560,4140,61908660,45738204,64771556,0,1421088,0,1,1,0,14021475,3079072393,3095698994,48,48,1035,1545262,3094302,355272,78748009,78784,585872598,432216525,0
1789566872.7818334,152.769,8389000,579790,0,111,79,116,107684,835553,31654151,16620560,4140,61908660,45738204,64771556,0,1410596,0,1,1,0,14021475,3079321648,3095948249,48,48,1035,1545262,3094302,352649,78748009,78784,585872598,432216525,0
1789566873.0321116,153.019,8389375,579815,0,111,79,116,107684,835553,31654203,16620560,4140,61908660,45738204,64771556,0,1391912,0,1,1,0,14021476,3079569926,3096196528,48,48,1035,1545262,3094302,347978,78748010,78784,585872598,432216525,0
1789566873.282388,153.269,8389750,579840,0,111,79,116,107684,835553,31654254,16620560,4140,61908660,45738204,64771556,0,1383840,0,1,1,0,14021482,3079819170,3096445788,48,48,1035,1545262,3094302,345960,78748010,78784,585872598,432216525,0
1789566873.5326712,153.52,8390125,579865,0,111,79,116,107684,835553,31654351,16620560,4140,61911300,45740844,64771556,0,1367336,0,1,1,0,14021498,3080068357,3096695049,48,48,1035,1545328,3094434,341834,78748011,78784,585872598,432216525,0
1789566873.7829814,153.77,8390500,579890,0,111,79,116,107684,835553,31654392,16620560,4140,61911300,45740844,64771556,0,1359144,0,1,1,0,14021498,3080317630,3096944322,48,48,1035,1545328,3094434,339786,78748012,78784,585872598,432216525,0
1789566874.0332677,154.02,8390875,579916,0,111,79,116,107684,835553,31654442,16620560,4140,61911300,45740844,64771556,0,1340704,0,1,1,0,14021498,3080565906,3097192598,48,48,1035,1545328,3094434,335176,78748014,78784,585872598,432216525,0
1789566874.283553,154.271,8391250,579941,0,111,79,116,107684,835553,31654487,16620560,4140,61911552,45741096,64771556,0,1332260,0,1,1,0,14021505,3080815162,3097441868,48,48,1035,1545334,3094446,333065,78748014,78784,585872598,432216525,0
1789566874.5338542,154.521,8391626,579966,0,111,79,116,107684,835553,31654528,16620548,4140,61911552,45741096,64771556,0,1324440,0,1,1,0,14021505,3081064426,3097691133,48,48,1035,1545334,3094446,331110,78748015,78784,585872598,432216589,0
1789566874.7841353,154.771,8392001,579991,0,111,79,116,107684,835553,31654591,16620548,4140,61911552,45741096,64771556,0,1307796,0,1,1,0,14021505,3081312702,3097939409,48,48,1035,1545334,3094446,326949,78748015,78784,585872598,432216589,0
1789566875.0344326,155.022,8392376,580016,0,111,79,116,107684,835553,31654624,16620548,4140,61911552,45741096,64771556,0,1299604,0,1,1,0,14021505,3081561989,3098188695,48,48,1035,1545334,3094446,324901,78748016,78784,585872598,432216589,0
1789566875.2847462,155.272,8392751,580041,0,111,79,116,107684,835553,31654690,16620560,4144,61911552,45741096,64771556,0,1283092,0,1,1,0,14021511,3081810296,3098437018,48,48,1036,1545334,3094446,320773,78748018,78784,585872598,432216589,0
1789566875.5350616,155.522,8393126,580067,0,111,79,116,107684,835553,31654727,16620560,4144,61911552,45741096,64771556,0,1274900,0,1,1,0,14021511,3082059566,3098686288,48,48,1036,1545334,3094446,318725,78748019,78784,585872598,432216589,0
1789566875.7853487,155.772,8393501,580092,0,111,79,116,107684,835553,31654782,16620560,4144,61911552,45741096,64771556,0,1258508,0,1,1,0,14021511,3082307839,3098934561,48,48,1036,1545334,3094446,314627,78748019,78784,585872598,432216589,0
1789566876.0356247,156.023,8393876,580117,0,111,79,116,107684,835553,31654820,16620560,4144,61911552,45741096,64771556,0,1250316,0,1,1,0,14021511,3082557099,3099183821,48,48,1036,1545334,3094446,312579,78748020,78784,585872598,432216589,0
1789566876.2859263,156.273,8394252,580142,0,111,79,116,107684,835553,31654888,16620560,4144,61911552,45741096,64771556,0,1233924,0,1,1,0,14021517,3082805386,3099432124,48,48,1036,1545334,3094446,308481,78748020,78784,585872598,432216589,0
1789566876.5362287,156.523,8394627,580167,0,111,79,116,107684,835553,31654921,16620560,4144,61911552,45741096,64771556,0,1225732,0,1,1,0,14021518,3083054665,3099681403,48,48,1036,1545334,3094446,306433,78748023,78784,585872598,432216589,0
1789566876.7865195,156.774,8395002,580192,0,111,79,116,107684,835553,31654970,16620560,4144,61911552,45741096,64771556,0,1209340,0,1,1,0,14021518,3083302942,3099929680,48,48,1036,1545334,3094446,302335,78748025,78784,585872598,432216589,0
1789566877.0367923,157.024,8395377,580218,0,111,79,116,107684,835553,31655003,16620560,4144,61911552,45741096,64771556,0,1201148,0,1,1,0,14021518,3083552217,3100178955,48,48,1036,1545334,3094446,300287,78748025,78784,585872598,432216589,0
1789566877.2870836,157.274,8395752,580243,0,111,79,116,107684,835553,31655071,16620560,4144,61911808,45741352,64771556,0,1184756,0,1,1,0,14021537,3083801380,3100428218,48,48,1036,1545340,3094459,296189,78748026,78784,585872598,432216589,0
1789566877.537368,157.524,8396127,580268,0,111,79,116,107684,835553,31655151,16620560,4144,61914460,45744004,64771556,0,1176564,0,1,1,0,14021544,3084050635,3100677481,48,48,1036,1545406,3094592,294141,78748026,78784,585872598,432216589,0
1789566877.787664,157.775,8396503,580293,0,111,79,116,107684,835553,31655202,16620560,4144,61914460,45744004,64771556,0,1160172,0,1,1,0,14021555,3084299820,3100926748,48,48,1036,1545406,3094592,290043,78748028,78784,585872598,432216589,0
1789566878.037955,158.025,8396878,580318,0,111,79,116,107684,835553,31655241,16620560,4144,61914460,45744004,64771556,0,1151980,0,1,1,0,14021560,3084549078,3101176013,48,48,1036,1545406,3094592,287995,78748028,78784,585872598,432216589,0
1789566878.288243,158.275,8397253,580343,0,111,79,116,107684,835553,31655298,16620560,4144,61914460,45744004,64771556,0,1135588,0,1,1,0,14021567,3084797331,3101424281,48,48,1036,1545406,3094592,283897,78748030,78784,585872598,432216589,0
1789566878.5385144,158.526,8397628,580368,0,111,79,116,107684,835553,31655336,16620560,4144,61914460,45744004,64771556,0,1127396,0,1,1,0,14021567,3085046588,3101673538,48,48,1036,1545406,3094592,281849,78748030,78784,585872598,432216589,0
1789566878.7887979,158.776,8398003,580394,0,111,79,116,107684,835554,31655390,16620560,4144,61914460,45744004,64771556,0,1111004,0,1,1,0,14021567,3085294884,3101921834,48,48,1036,1545406,3094592,277751,78748031,78784,585872598,432216589,0
1789566879.039099,159.026,8398378,580419,0,111,79,116,107684,835554,31655437,16620552,4096,61914460,45744004,64771556,0,1102964,0,1,1,0,14021568,3085542213,3102169164,48,48,1024,1545406,3094592,275741,78748033,78784,585872598,432216657,0
1789566879.2893813,159.276,8398753,580444,0,111,79,116,107684,835554,31655502,16620560,4116,61915812,45745352,64771556,0,1086432,0,1,1,0,14021573,3085790479,3102417442,48,48,1029,1545440,3094659,271608,78748034,78784,585872598,432216657,0
1789566879.5396771,159.527,8399128,580469,0,111,79,116,107684,835554,31655543,16620560,4116,61915812,45745352,64771556,0,1078240,0,1,1,0,14021574,3086039747,3102666709,48,48,1029,1545440,3094659,269560,78748035,78784,585872598,432216657,0
1789566879.7899706,159.777,8399503,580494,0,111,79,116,107684,835554,31655609,16612476,4116,61917796,45755408,64771556,0,1061848,0,1,1,0,14021578,3086287314,3102914276,48,48,1029,1545490,3094759,265462,78748036,78784,585872598,432216721,0
1789566880.0402453,160.027,8399878,580520,0,111,79,116,107684,835554,31655660,16604284,4116,61918848,45765056,64771556,0,1053656,0,1,1,0,14021582,3086534972,3103161934,48,48,1029,1545526,3094831,263414,78748036,78784,585872598,432216721,0
1789566880.2905285,160.278,8400253,580545,0,111,79,116,107684,835554,31655742,16595984,4144,61919140,45773760,64771556,0,1037264,0,1,1,0,14021605,3086782633,3103409627,48,48,1036,1545539,3094857,259316,78748038,78784,585872598,432216721,0
1789566880.5408173,160.528,8400629,580570,0,111,79,116,107684,835554,31655777,16595984,4144,61919140,45773760,64771556,0,1029072,0,1,1,0,14021605,3087031899,3103658893,48,48,1036,1545539,3094857,257268,78748038,78784,585872598,432216721,0
1789566880.7910957,160.778,8401004,580595,0,111,79,116,107684,835554,31655826,16595984,4144,61919140,45773760,64771556,0,1012680,0,1,1,0,14021611,3087280141,3103907184,48,48,1036,1545539,3094857,253170,78748039,78784,585872598,432216721,0
1789566881.0413861,161.028,8401379,580620,0,111,79,116,107684,835554,31655868,16595984,4144,61919140,45773760,64771556,0,1004488,0,1,1,0,14021611,3087529399,3104156442,48,48,1036,1545539,3094857,251122,78748040,78784,585872598,432216721,0
1789566881.2916667,161.279,8401754,580645,0,111,79,116,107684,835554,31655941,16595984,4144,61919132,45773752,64771556,0,988096,0,1,1,0,14021622,3087777660,3104404725,48,48,1036,1545539,3094857,247024,78748040,78784,585872598,432216721,0
1789566881.54197,161.529,8402129,580671,0,111,79,116,107684,835554,31656021,16595984,4144,61920516,45775136,64771556,0,979892,0,1,1,0,14021628,3088026913,3104653984,48,48,1036,1545573,3094926,244973,78748041,78784,585872598,432216721,0
1789566881.792254,161.779,8402504,580696,0,111,79,116,107684,835554,31656066,16595984,4144,61920516,45775136,64771556,0,963628,0,1,1,0,14021628,3088275197,3104902269,48,48,1036,1545573,3094926,240907,78748042,78784,585872598,432216721,0
1789566882.0425353,162.03,8402880,580721,0,111,79,116,107684,835554,31656101,16595984,4144,61920516,45775136,64771556,0,955436,0,1,1,0,14021628,3088524449,3105151520,48,48,1036,1545573,3094926,238859,78748043,78784,585872598,432216721,0
1789566882.292813,162.28,8403255,580746,0,111,79,116,107684,835554,31656155,16595984,4144,61920264,45774884,64771556,0,938932,0,1,1,0,14021634,3088772718,3105399801,48,48,1036,1545567,3094913,234733,78748044,78784,585872598,432216721,0
1789566882.5431008,162.53,8403630,580771,0,111,79,116,107684,835554,31656188,16595984,4144,61920264,45774884,64771556,0,930740,0,1,1,0,14021634,3089021976,3105649059,48,48,1036,1545567,3094913,232685,78748045,78784,585872598,432216721,0
1789566882.7933815,162.78,8404005,580796,0,111,79,116,107684,835554,31656231,16595984,4144,61920264,45774884,64771556,0,914356,0,1,1,0,14021634,3089270258,3105897341,48,48,1036,1545567,3094913,228589,78748045,78784,585872598,432216721,0
1789566883.0436995,163.031,8404380,580822,0,111,79,116,107684,835554,31656273,16595984,4144,61920264,45774884,64771556,0,906164,0,1,1,0,14021634,3089519572,3106146655,48,48,1036,1545567,3094913,226541,78748047,78784,585872598,432216721,0
1789566883.29399,163.281,8404755,580847,0,111,79,116,107684,835554,31656329,16595984,4144,61920264,45774884,64771556,0,889900,0,1,1,0,14021640,3089767833,3106394931,48,48,1036,1545567,3094913,222475,78748047,78784,585872598,432216721,0
1789566883.5442688,163.531,8405130,580872,0,111,79,116,107684,835554,31656362,16595984,4144,61920264,45774884,64771556,0,881708,0,1,1,0,14021640,3090017089,3106644187,48,48,1036,1545567,3094913,220427,78748048,78784,585872598,432216721,0
1789566883.7945447,163.782,8405506,580897,0,111,79,116,107684,835554,31656407,16595984,4144,61920264,45774884,64771556,0,865324,0,1,1,0,14021640,3090265360,3106892457,48,48,1036,1545567,3094913,216331,78748049,78784,585872598,432216721,0
1789566884.0448205,164.032,8405881,580922,0,111,79,116,107684,835554,31656447,16595984,4144,61920264,45774884,64771556,0,857252,0,1,1,0,14021640,3090514616,3107141713,48,48,1036,1545567,3094913,214313,78748050,78784,585872598,432216721,0
1789566884.2951066,164.282,8406256,580947,0,111,79,116,107684,835554,31656513,16595984,4144,61920520,45775140,64771556,0,840628,0,1,1,0,14021647,3090762895,3107390006,48,48,1036,1545573,3094926,210157,78748051,78784,585872598,432216721,0
1789566884.545383,164.532,8406631,580973,0,111,79,116,107684,835554,31656553,16595984,4144,61920520,45775140,64771556,0,832436,0,1,1,0,14021647,3091012156,3107639267,48,48,1036,1545573,3094926,208109,78748052,78784,585872598,432216721,0
1789566884.795678,164.783,8407004,581000,0,111,79,116,107685,835554,31656698,16595948,196,61921716,45776336,64771556,0,824176,0,1,2,0,14021666,3091242030,3107869171,48,48,49,1545603,3094986,206044,78748054,78784,585872598,432220845,0
1789566885.0460289,165.033,8407379,581025,0,111,79,116,107685,835554,31656746,16595948,196,61921716,45776336,64771556,0,807792,0,1,1,0,14021667,3091490343,3108117485,48,48,49,1545603,3094986,201948,78748056,78784,585872598,432220845,0
1789566885.2963421,165.283,8407754,581050,0,111,79,116,107685,835554,31656797,16595948,196,61921716,45776336,64771556,0,799600,0,1,1,0,14021674,3091739591,3108366749,48,48,49,1545603,3094986,199900,78748056,78784,585872598,432220845,0
1789566885.5466316,165.534,8408130,581075,0,111,79,116,107685,835554,31656874,16595948,196,61921716,45776336,64771556,0,783216,0,1,1,0,14021689,3091988783,3108616029,48,48,49,1545603,3094986,195804,78748057,78784,585872598,432220845,0
1789566885.796945,165.784,8408505,581100,0,111,79,116,107685,835554,31656921,16595948,196,61921716,45776336,64771556,0,775024,0,1,1,0,14021690,3092238063,3108865309,48,48,49,1545603,3094986,193756,78748058,78784,585872598,432220845,0
1789566886.047221,166.034,8408880,581126,0,111,79,116,107685,835554,31656985,16595948,196,61921716,45776336,64771556,0,758640,0,1,1,0,14021690,3092486341,3109113586,48,48,49,1545603,3094986,189660,78748060,78784,585872598,432220845,0
1789566886.2975054,166.285,8409255,581151,0,111,79,116,107685,835554,31657038,16595984,152,61922400,45776944,64771556,0,750516,0,1,1,0,14021695,3092735608,3109362866,48,48,38,1545620,3095020,187629,78748061,78784,585872598,432220845,0
1789566886.547817,166.535,8409630,581176,0,111,79,116,107685,835554,31657081,16595984,152,61922400,45776944,64771556,0,734132,0,1,1,0,14021695,3092983905,3109611163,48,48,38,1545620,3095020,183533,78748062,78784,585872598,432220845,0
1789566886.7981036,166.785,8410005,581201,0,111,79,116,107685,835554,31657116,16595984,152,61922400,45776944,64771556,0,725940,0,1,1,0,14021696,3093233160,3109860418,48,48,38,1545620,3095020,181485,78748063,78784,585872598,432220845,0
1789566887.048388,167.035,8410380,581226,0,111,79,116,107685,835554,31657187,16579720,152,61926212,45797544,64771556,0,709556,0,1,1,0,14021707,3093480234,3110107493,48,48,38,1545725,3095231,177389,78748064,78784,585872598,432220845,0
1789566887.2986767,167.286,8410755,581251,0,111,79,116,107685,835554,31657238,16571528,152,61922464,45801988,64771556,0,701364,0,1,1,0,14021718,3093728883,3110356160,48,48,38,1545632,3095043,175341,78748065,78784,585872598,432220845,0
1789566887.5489826,167.536,8411131,581277,0,111,79,116,107685,835554,31657279,16571528,152,61922464,45801988,64771556,0,684980,0,1,1,0,14021718,3093977170,3110604446,48,48,38,1545632,3095043,171245,78748065,78784,585872598,432220845,0
1789566887.7992718,167.786,8411506,581302,0,111,79,116,107685,835554,31657316,16571528,152,61922464,45801988,64771556,0,676788,0,1,1,0,14021718,3094226426,3110853703,48,48,38,1545632,3095043,169197,78748066,78784,585872598,432220845,0
1789566888.0495458,168.037,8411881,581327,0,111,79,116,107685,835554,31657359,16571528,152,61922464,45801988,64771556,0,660404,0,1,1,0,14021718,3094474710,3111101986,48,48,38,1545632,3095043,165101,78748066,78784,585872598,432220845,0
1789566888.299841,168.287,8412256,581352,0,111,79,116,107685,835554,31657415,16571408,152,61922476,45802236,64771556,0,652332,0,1,1,0,14021729,3094723953,3111351249,48,48,38,1545638,3095056,163083,78748069,78784,585872598,432220845,0
1789566888.5501168,168.537,8412631,581377,0,111,79,116,107685,835554,31657467,16571408,152,61922476,45802236,64771556,0,635948,0,1,1,0,14021729,3094972228,3111599524,48,48,38,1545638,3095056,158987,78748070,78784,585872598,432220845,0
1789566888.8003953,168.787,8413006,581402,0,111,79,116,107685,835554,31657502,16571408,152,61922476,45802236,64771556,0,627756,0,1,1,0,14021729,3095221490,3111848786,48,48,38,1545638,3095056,156939,78748071,78784,585872598,432220845,0
1789566889.0506828,169.038,8413381,581428,0,111,79,116,107685,835554,31657545,16571408,152,61922476,45802236,64771556,0,611372,0,1,1,0,14021729,3095469807,3112097103,48,48,38,1545638,3095056,152843,78748071,78784,585872598,432220845,0
1789566889.3010013,169.288,8413757,581453,0,111,79,116,107685,835554,31657608,16571408,152,61922236,45801996,64771556,0,603180,0,1,1,0,14021737,3095719077,3112346389,48,48,38,1545632,3095044,150795,78748073,78784,585872598,432220845,0
1789566889.5513117,169.538,8414132,581478,0,111,79,116,107685,835554,31657684,16571408,152,61922236,45801996,64771556,0,586796,0,1,1,0,14021742,3095967370,3112594690,48,48,38,1545632,3095044,146699,78748073,78784,585872598,432220845,0
1789566889.8016176,169.789,8414507,581503,0,111,79,116,107685,835554,31657736,16571408,152,61922236,45801996,64771556,0,578604,0,1,1,0,14021762,3096217553,3112844962,48,48,38,1545632,3095044,144651,78748074,78784,585872598,432220845,0
1789566890.0519392,170.039,8414882,581528,0,111,79,116,107685,835554,31657791,16571396,152,61922236,45801996,64771556,0,562220,0,1,1,0,14021763,3096465869,3113093279,48,48,38,1545632,3095044,140555,78748075,78784,585872598,432220909,0
1789566890.3022532,170.289,8415257,581553,0,111,79,116,107685,835554,31657843,16571408,152,61922236,45801996,64771556,0,553908,0,1,1,0,14021768,3096715150,3113342572,48,48,38,1545632,3095044,138477,78748076,78784,585872598,432220909,0
1789566890.552561,170.54,8415633,581578,0,111,79,116,107685,835554,31657886,16571408,152,61922236,45801996,64771556,0,537524,0,1,1,0,14021768,3096963442,3113590863,48,48,38,1545632,3095044,134381,78748077,78784,585872598,432220909,0
1789566890.8028562,170.79,8416008,581604,0,111,79,116,107685,835554,31657922,16571408,152,61922236,45801996,64771556,0,529332,0,1,1,0,14021768,3097212713,3113840135,48,48,38,1545632,3095044,132333,78748077,78784,585872598,432220909,0
1789566891.0531523,171.04,8416383,581629,0,111,79,116,107685,835554,31657978,16571408,152,61922236,45801996,64771556,0,512948,0,1,1,0,14021768,3097461010,3114088432,48,48,38,1545632,3095044,128237,78748078,78784,585872598,432220909,0
1789566891.3034503,171.291,8416758,581654,0,111,79,116,107685,835554,31658027,16571408,152,61922236,45801996,64771556,0,504876,0,1,1,0,14021774,3097710268,3114337702,48,48,38,1545632,3095044,126219,78748079,78784,585872598,432220909,0
1789566891.5537484,171.541,8417133,581679,0,111,79,116,107685,835554,31658068,16571408,152,61922236,45801996,64771556,0,488492,0,1,1,0,14021774,3097958584,3114586018,48,48,38,1545632,3095044,122123,78748080,78784,585872598,432220909,0
1789566891.804071,171.791,8417508,581704,0,111,79,116,107685,835554,31658113,16571408,152,61922236,45801996,64771556,0,480300,0,1,1,0,14021774,3098207864,3114835298,48,48,38,1545632,3095044,120075,78748081,78784,585872598,432220909,0
1789566892.0543706,172.041,8417883,581730,0,111,79,116,107685,835554,31658159,16571408,152,61922236,45801996,64771556,0,463916,0,1,1,0,14021774,3098456147,3115083581,48,48,38,1545632,3095044,115979,78748082,78784,585872598,432220909,0
1789566892.3046627,172.292,8418259,581755,0,111,79,116,107685,835554,31658204,16571408,152,61922236,45801996,64771556,0,455604,0,1,1,0,14021780,3098705405,3115332852,48,48,38,1545632,3095044,113901,78748082,78784,585872598,432220909,0
1789566892.5549755,172.542,8418634,581780,0,111,79,116,107685,835554,31658256,16571408,152,61922236,45801996,64771556,0,439220,0,1,1,0,14021780,3098953703,3115581150,48,48,38,1545632,3095044,109805,78748083,78784,585872598,432220909,0
1789566892.805274,172.792,8419009,581805,0,111,79,116,107685,835554,31658293,16571408,152,61922236,45801996,64771556,0,431028,0,1,1,0,14021780,3099202971,3115830417,48,48,38,1545632,3095044,107757,78748084,78784,585872598,432220909,0
1789566893.0555723,173.043,8419384,581830,0,111,79,116,107685,835554,31658342,16571408,152,61922236,45801996,64771556,0,414644,0,1,1,0,14021780,3099451272,3116078719,48,48,38,1545632,3095044,103661,78748086,78784,585872598,432220909,0
1789566893.3058896,173.293,8419759,581855,0,111,79,116,107685,835554,31658390,16571408,152,61922236,45801996,64771556,0,406572,0,1,1,0,14021788,3099700544,3116328007,48,48,38,1545632,3095044,101643,78748086,78784,585872598,432220909,0
1789566893.5561838,173.543,8420134,581881,0,111,79,116,107685,835554,31658461,16571408,152,61922236,45801996,64771556,0,390188,0,1,1,0,14021795,3099948830,3116576302,48,48,38,1545632,3095044,97547,78748087,78784,585872598,432220909,0
1789566893.8064866,173.794,8420510,581906,0,111,79,116,107685,835554,31658500,16571408,152,61922236,45801996,64771556,0,381996,0,1,1,0,14021795,3100198102,3116825574,48,48,38,1545632,3095044,95499,78748087,78784,585872598,432220909,0
1789566894.056777,174.044,8420885,581931,0,111,79,116,107686,835555,31658572,16555144,152,61922192,45818740,64771556,0,365612,0,1,1,0,14021803,3100445178,3117072650,48,48,38,1545641,3095062,91403,78748087,78784,585872598,432220909,0
1789566894.3070903,174.294,8421260,581956,0,111,79,116,107686,835555,31658631,16546832,152,61922268,45827256,64771556,0,357300,0,1,1,0,14021815,3100693823,3117321316,48,48,38,1545649,3095078,89325,78748090,78784,585872598,432220909,0
1789566894.557376,174.544,8421635,581981,0,111,79,116,107686,835555,31658677,16546832,152,61922268,45827256,64771556,0,341036,0,1,1,0,14021816,3100942102,3117569595,48,48,38,1545649,3095078,85259,78748090,78784,585872598,432220909,0
1789566894.8076544,174.795,8422010,582006,0,111,79,116,107686,835555,31658716,16546832,152,61922268,45827256,64771556,0,332844,0,1,1,0,14021816,3101191362,3117818855,48,48,38,1545649,3095078,83211,78748091,78784,585872598,432220961,0
1789566895.05795,175.045,8422385,582031,0,111,79,116,107686,835555,31658775,16546820,152,61922268,45827256,64771556,0,316460,0,1,1,0,14021816,3101439633,3118067126,48,48,38,1545649,3095078,79115,78748091,78784,585872598,432221017,0
1789566895.3082297,175.295,8422760,582057,0,111,79,116,107686,835555,31658861,16546820,152,61922268,45827256,64771556,0,306128,0,1,1,0,14021822,3101682136,3118309642,48,48,38,1545649,3095078,76532,78748767,78784,585872598,432221033,0
1789566895.558536,175.546,8423122,582082,0,111,79,116,107688,835565,31659277,16546812,2916,61905196,45810184,64771556,0,295656,0,1,2,0,14021868,3101850855,3118479253,48,48,729,1545223,3094224,73914,78755363,78784,585872598,432221069,0
1789566895.8089252,175.796,8423480,582107,0,111,79,116,107693,835577,31659979,16546804,4268,61894040,45799024,64771556,0,285164,0,1,1,0,14021932,3102000802,3118630164,48,48,1067,1544944,3093667,71291,78763588,78784,585872598,432221117,0
1789566896.059283,176.046,8423855,582132,0,111,79,116,107693,835577,31660034,16546804,4268,61894040,45799024,64771556,0,266600,0,1,1,0,14021933,3102249108,3118878469,48,48,1067,1544944,3093667,66650,78763588,78784,585872598,432221117,0
1789566896.3095872,176.297,8424230,582157,0,111,79,116,107693,835577,31660120,16546840,4216,61894056,45799008,64771556,0,255740,0,1,1,0,14021943,3102498351,3119127750,48,48,1054,1544944,3093667,63935,78763589,78784,585872598,432221117,0
1789566896.5599034,176.547,8424606,582183,0,111,79,116,107693,835577,31660164,16546840,4216,61894056,45799008,64771556,0,242952,0,1,1,0,14021943,3102747634,3119377033,48,48,1054,1544944,3093667,60738,78763589,78784,585872598,432221117,0
1789566896.810188,176.797,8424981,582208,0,111,79,116,107693,835577,31660204,16546840,4216,61895700,45800652,64771556,0,232460,0,1,1,0,14021943,3102996911,3119626310,48,48,1054,1544986,3093749,58115,78763590,78784,585872598,432221117,0
1789566897.0604997,177.048,8425356,582233,0,111,79,116,107693,835577,31660252,16546840,4216,61895700,45800652,64771556,0,221972,0,1,2,0,14021943,3103246198,3119875597,48,48,1054,1544986,3093749,55493,78763592,78784,585872598,432221117,0
1789566897.3107917,177.298,8425731,582258,0,111,79,116,107693,835577,31660307,16546840,4216,61895700,45800652,64771556,0,211484,0,1,1,0,14021949,3103495472,3120124886,48,48,1054,1544986,3093749,52871,78763593,78784,585872598,432221117,0
1789566897.5611,177.548,8426106,582283,0,111,79,116,107694,835577,31660411,16538768,4216,61896124,45809268,64771556,0,192800,0,1,1,0,14021959,3103743136,3120372558,48,48,1054,1544996,3093770,48200,78763593,78784,585872598,432221117,0
1789566897.8113961,177.798,8426481,582297,0,111,79,116,107705,835577,31660573,14753808,4216,61922716,47639740,64771556,0,182312,0,1,1,0,14025774,3103798813,3120428235,48,48,1054,1546132,3096045,45578,78763594,78784,585872598,432221117,0
1789566898.0617275,178.049,8426856,582311,0,111,79,116,107715,835577,31660717,13063264,4216,61983468,49411372,64771556,0,172332,0,1,1,0,14027262,3103890337,3120519759,48,48,1054,1548156,3100099,43083,78763595,78784,585872598,432221117,0
1789566898.312072,178.299,8427231,582337,0,111,79,116,107715,835577,31660777,13063052,4216,61983276,49411644,64771556,0,155948,0,1,1,0,14027278,3104140565,3120770035,48,48,1054,1548158,3100102,38987,78763596,78784,585872598,432221117,0
1789566898.5623586,178.549,8427607,582362,0,111,79,116,107715,835577,31660815,13063052,4216,61983276,49411644,64771556,0,143664,0,1,1,0,14027278,3104390813,3121020284,48,48,1054,1548158,3100102,35916,78763598,78784,585872598,432221117,0
1789566898.812633,178.8,8427982,582387,0,111,79,116,107716,835577,31660850,13063052,4216,61983276,49411644,64771556,0,135472,0,1,1,0,14027284,3104640062,3121269549,48,48,1054,1548158,3100102,33868,78763598,78784,585872598,432221117,0
1789566899.0629358,179.05,8428357,582412,0,111,79,116,107716,835577,31660893,13063052,4216,61983276,49411644,64771556,0,119024,0,1,1,0,14027284,3104889343,3121518830,48,48,1054,1548158,3100102,29756,78763599,78784,585872598,432221117,0
1789566899.313215,179.3,8428732,582437,0,111,79,116,107716,835577,31660933,13063052,4216,61983036,49411404,64771556,0,110832,0,1,1,0,14027300,3105139481,3121769076,48,48,1054,1548152,3100090,27708,78763599,78784,585872598,432221117,0
1789566899.5635006,179.551,8429108,582462,0,111,79,116,107716,835577,31660984,13063052,4216,61983036,49411404,64771556,0,94448,0,1,1,0,14027305,3105388742,3122018346,48,48,1054,1548152,3100090,23612,78763601,78784,585872598,432221117,0
1789566899.8137834,179.801,8429483,582487,0,111,79,116,107716,835577,31661021,13063052,4216,61983036,49411404,64771556,0,90416,0,1,1,0,14027310,3105638998,3122268611,48,48,1054,1548152,3100090,22604,78763602,78784,585872598,432221117,0
1789566900.0640802,180.051,8429858,582512,0,111,79,116,107716,835577,31661064,13063052,4216,61983036,49411404,64771556,0,74032,0,1,1,0,14027319,3105889207,3122518863,48,48,1054,1548152,3100090,18508,78763603,78784,585872598,432221117,0
1789566900.3143559,180.301,8430233,582537,0,111,79,116,107716,835577,31661119,13063052,4216,61983036,49411404,64771556,0,65072,0,1,1,0,14027335,3106138396,3122768117,48,48,1054,1548152,3100090,16268,78763603,78784,585872598,432221117,0
1789566900.5646393,180.552,8430608,582562,0,111,79,116,107716,835578,31661204,13063040,4620,61983036,49411404,64771556,0,49272,0,1,1,0,14027346,3106388593,3123018386,48,48,1155,1548152,3100090,12318,78763604,78784,585872598,432221593,0
1789566900.8149648,180.802,8430983,582587,0,111,79,116,107716,835578,31661241,13063040,4620,61983036,49411404,64771556,0,36496,0,1,1,0,14027352,3106637866,3123267669,48,48,1155,1548152,3100090,9124,78763605,78784,585872598,432221593,0
1789566901.0653274,181.052,8431358,582612,0,111,79,116,107716,835578,31661285,13063040,4620,61983036,49411404,64771556,0,29328,0,1,1,0,14027356,3106888126,3123517937,48,48,1155,1548152,3100090,7332,78763606,78784,585872598,432221593,0
1789566901.3156219,181.303,8431733,582638,0,111,79,116,107716,835578,31661424,13063036,4620,61981420,49409788,64771556,0,12796,0,1,1,0,14027367,3107130622,3123760476,48,48,1155,1548112,3100009,3199,78764235,78784,585872614,432221593,0
1789566901.56593,181.553,8432108,582656,0,111,79,116,107723,835578,31661550,12079728,4620,61995404,50419608,64771556,0,212,0,0,2,0,14029675,3107288461,3123918324,48,48,1155,1548784,3101354,53,78764235,78784,585872614,432221593,0
1789566901.8162599,181.803,8432482,582656,0,111,79,116,107744,835583,31661931,8715744,4620,62077176,53916040,64771556,0,212,0,0,2,0,14034999,3107288461,3123918324,48,48,1155,1552081,3107956,53,78764549,78784,585872614,432221593,0
