t,t_rel,cpu_idle,cpu_iowait,cpu_irq,cpu_nice,cpu_softirq,cpu_steal,cpu_system,cpu_user,ctxt,mem_Cached,mem_Dirty,mem_MemAvailable,mem_MemFree,mem_MemTotal,mem_SwapCached,mem_Writeback,mem_WritebackTmp,procs_blocked,procs_running,psi_cpu_full_total,psi_cpu_some_total,psi_io_full_total,psi_io_some_total,psi_memory_full_total,psi_memory_some_total,vm_nr_dirty,vm_nr_dirty_background_threshold,vm_nr_dirty_threshold,vm_nr_writeback,vm_pgfault,vm_pgmajfault,vm_pgpgin,vm_pgpgout,vm_pswpout
1789396338.9843132,0.0,12563032,274733,0,192,76,56,101671,823972,30971515,145336,1480,63869200,64235212,64771552,0,0,0,1,1,0,13253635,1183372435,1186462405,55,58,370,1595457,3194816,0,68608632,61887,490716065,460463861,0
1789396339.2347722,0.25,12563283,274750,0,192,76,56,101672,824103,30972103,155076,1484,63853956,64213992,64771552,0,0,0,0,17,0,13254208,1183417574,1186507611,55,58,371,1595235,3194371,0,68611259,61957,490728069,460463861,0
1789396339.4853673,0.501,12563644,274766,0,192,76,56,101674,824124,30972750,161440,1484,63837260,64193520,64771552,0,0,0,1,1,0,13254833,1183495417,1186585480,55,58,371,1594913,3193725,0,68616047,61986,490736009,460463861,0
1789396339.7358472,0.752,12564019,274788,0,192,76,56,101675,824125,30973508,190336,1516,63807776,64149280,64771552,0,0,0,1,1,0,13255582,1183637183,1186727290,55,58,379,1594545,3192989,0,68620287,62183,490765221,460463861,0
1789396339.9862525,1.002,12564384,274812,0,192,76,56,101676,824135,30975561,200452,1516,63792180,64128584,64771552,0,0,0,1,1,0,13256349,1183776115,1186866257,55,58,379,1594283,3192464,0,68623334,62297,490775593,460463861,0
1789396340.2367284,1.252,12564753,274833,0,192,76,56,101677,824142,30977330,207708,1516,63780920,64113644,64771552,0,0,0,1,1,0,13257283,1183948408,1187038698,55,58,379,1594094,3192085,0,68625561,62303,490782745,460463861,0
1789396340.4871829,1.503,12565120,274855,0,192,76,56,101679,824152,30978611,216104,1516,63756812,64085492,64771552,0,0,0,1,2,0,13257924,1184048834,1187139158,55,58,379,1593600,3191097,0,68630626,62303,490791165,460463861,0
1789396340.737689,1.753,12565479,274865,0,192,76,56,101684,824177,30982114,219372,1484,63762544,64089524,64771552,0,0,0,0,5,0,13258551,1184080297,1187170624,55,58,371,1593786,3191468,0,68643073,62311,490794453,460463893,0
1789396340.9883952,2.004,12565832,274877,0,192,76,56,101688,824207,30984713,222208,1484,63727720,64053280,64771552,0,0,0,0,2,0,13259114,1184149154,1187239481,55,58,371,1592952,3189799,0,68652999,62312,490797305,460463893,0
1789396341.238897,2.255,12566199,274888,0,192,76,56,101690,824225,30987203,225048,1484,63707316,64031460,64771552,0,0,0,0,2,0,13259775,1184234444,1187324771,55,58,371,1592478,3188849,0,68657606,62312,490800241,460463893,0
1789396341.4893665,2.505,12566560,274899,0,192,76,56,101692,824252,30991270,227876,1484,63692968,64015692,64771552,0,0,0,0,2,0,13260414,1184308961,1187399289,55,58,371,1592155,3188203,0,68661292,62312,490803061,460463893,0
1789396341.73986,2.756,12566918,274913,0,192,76,56,101695,824277,30994221,231136,1484,63671368,63992656,64771552,0,0,0,1,2,0,13260989,1184382760,1187473088,55,58,371,1591652,3187195,0,68667611,62322,490806349,460463893,0
1789396341.9904563,3.006,12567271,274919,0,192,76,56,101697,824316,30999144,232348,1484,63662284,63982764,64771552,0,0,0,1,1,0,13261454,1184416945,1187507272,55,58,371,1591445,3186781,0,68669842,62325,490807889,460463893,0
1789396342.2409732,3.257,12567625,274931,0,192,76,56,101698,824348,31002391,235284,1484,63656392,63975428,64771552,0,0,0,1,1,0,13262003,1184464049,1187554394,55,58,371,1591334,3186559,0,68671960,62328,490810729,460463893,0
1789396342.491443,3.507,12567982,274940,0,192,76,56,101703,824378,31007060,237300,1516,63691532,64009528,64771552,0,0,0,1,1,0,13262411,1184489943,1187580289,55,58,379,1592237,3188367,0,68677265,62331,490812381,460463897,0
1789396342.7583551,3.774,12568385,274963,0,192,76,56,101704,824379,31007731,264840,1516,63675308,63979212,64771552,0,0,0,1,1,0,13263753,1184731582,1187821936,55,58,379,1592184,3188261,0,68679188,62559,490840677,460463897,0
1789396343.0163872,4.032,12568770,274981,0,192,76,56,101705,824384,31008362,278740,1516,63659096,63953724,64771552,0,0,0,1,1,0,13264747,1184914029,1188004405,55,58,379,1591903,3187699,0,68683056,62667,490854745,460463897,0
1789396343.2674382,4.283,12569145,274997,0,192,76,56,101706,824393,31008842,288956,1516,63650492,63934796,64771552,0,0,0,1,1,0,13265746,1185070545,1188160928,55,58,379,1591688,3187269,0,68686765,62756,490865341,460463897,0
1789396343.5178242,4.534,12569518,275012,0,192,76,56,101707,824404,31009760,296368,1516,63639588,63916292,64771552,0,0,0,0,6,0,13266730,1185198080,1188288477,55,58,379,1591416,3186724,0,68689714,62773,490872733,460463897,0
1789396343.7684076,4.784,12569874,275024,0,192,76,56,101709,824434,31011353,298788,1516,63620412,63894688,64771552,0,0,0,0,2,0,13267346,1185268000,1188358398,55,58,379,1590937,3185765,0,68694082,62774,490875277,460463897,0
1789396344.0187697,5.034,12570221,275034,0,192,76,56,101712,824474,31013083,301820,1516,63583012,63854268,64771552,0,0,0,0,3,0,13268545,1185317036,1188407433,55,58,379,1590004,3183896,0,68704211,62777,490878125,460463897,0
1789396344.2691157,5.285,12570548,275044,0,192,76,56,101714,824535,31014473,304128,1516,63534952,63803892,64771552,0,0,0,1,3,0,13269053,1185350109,1188440506,55,58,379,1588804,3181493,0,68718557,62777,490880469,460463897,0
1789396344.5195928,5.535,12570912,275054,0,192,76,56,101715,824559,31015762,306916,1516,63513324,63779472,64771552,0,0,0,0,2,0,13269556,1185419365,1188509772,55,58,379,1588264,3180412,0,68723670,62777,490883417,460463897,0
1789396344.770108,5.786,12571254,275065,0,192,76,56,101718,824605,31019729,309756,1516,63497892,63761180,64771552,0,0,0,0,3,0,13270106,1185463875,1188554282,55,58,379,1587879,3179641,0,68728385,62780,490886301,460463897,0
1789396345.0208466,6.037,12571620,275073,0,192,76,56,101719,824631,31020641,311988,1516,63491324,63752372,64771552,0,0,0,0,2,0,13270517,1185520582,1188610990,55,58,379,1587715,3179312,0,68730132,62781,490888557,460463897,0
1789396345.2713408,6.287,12571971,275083,0,192,76,56,101721,824669,31022589,315164,1616,63481096,63739048,64771552,0,0,0,0,2,0,13271469,1185572066,1188662473,55,58,404,1587460,3178801,0,68733496,62782,490891381,460463897,0
1789396345.52185,6.538,12572331,275093,0,192,76,56,101722,824697,31023993,318588,1616,63467960,63722420,64771552,0,0,0,0,3,0,13271938,1185635673,1188726087,55,58,404,1587132,3178144,0,68736610,62782,490894801,460463897,0
1789396345.7723103,6.788,12572685,275098,0,192,76,56,101723,824736,31024773,320196,1616,63468088,63720924,64771552,0,0,0,0,2,0,13272146,1185662189,1188752603,55,58,404,1587135,3178151,0,68738956,62782,490896409,460463897,0
1789396346.022683,7.038,12573011,275099,0,192,76,56,101727,824804,31031054,320872,1616,63449448,63701672,64771552,0,0,0,0,2,0,13272921,1185666996,1188757410,55,58,404,1586670,3177219,0,68742522,62784,490897085,460463897,0
1789396346.273161,7.289,12573347,275102,0,192,76,56,101729,824861,31035449,321476,1616,63442316,63693896,64771552,0,0,0,0,2,0,13273288,1185672304,1188762719,55,58,404,1586492,3176863,0,68745492,62784,490897689,460463897,0
1789396346.5236645,7.539,12573696,275111,0,192,76,56,101731,824899,31039585,323840,1616,63435460,63684736,64771552,0,0,0,0,2,0,13273799,1185716995,1188807416,55,58,404,1586320,3176520,0,68747301,62787,490900069,460463897,0
1789396346.77414,7.79,12574069,275121,0,192,76,56,101732,824915,31040550,327324,1616,63430320,63676064,64771552,0,0,0,1,1,0,13274519,1185814493,1188904914,55,58,404,1586192,3176263,0,68748723,62787,490903557,460463897,0
1789396347.0246146,8.04,12574441,275129,0,192,76,56,101733,824934,31041566,329064,1616,63420036,63663980,64771552,0,0,0,0,2,0,13275372,1185885676,1188976105,55,58,404,1585935,3175749,0,68751535,62787,490905381,460463897,0
1789396347.2751107,8.291,12574787,275136,0,192,76,56,101735,824979,31044175,331224,1616,63401020,63642812,64771552,0,0,0,1,1,0,13275959,1185919265,1189009701,55,58,404,1585461,3174798,0,68756315,62787,490907525,460463897,0
1789396347.5255954,8.541,12575162,275147,0,192,76,56,101736,824992,31044818,334468,1616,63381736,63620272,64771552,0,0,0,1,1,0,13276804,1186029365,1189119800,55,58,404,1584979,3173834,0,68761289,62787,490910689,460463897,0
1789396347.7760777,8.792,12575522,275152,0,192,76,56,101737,825026,31046591,335428,1616,63355104,63592680,64771552,0,0,0,0,3,0,13277087,1186056272,1189146707,55,58,404,1584314,3172503,0,68766169,62787,490911809,460463897,0
1789396348.0265357,9.042,12575885,275160,0,192,76,56,101738,825054,31047309,337520,1616,63340608,63576092,64771552,0,0,0,0,2,0,13277593,1186114512,1189204952,55,58,404,1583953,3171778,0,68771538,62787,490913769,460463897,0
1789396348.2769613,9.293,12576236,275167,0,192,76,56,101740,825093,31050221,339424,1616,63318344,63551524,64771552,0,0,0,0,5,0,13278059,1186152640,1189243080,55,58,404,1583397,3170665,0,68776879,62787,490916041,460463897,0
1789396348.527453,9.543,12576575,275172,0,192,76,56,101743,825149,31055309,340620,1616,63279264,63511248,64771552,0,0,0,0,3,0,13278439,1186169642,1189260082,55,58,404,1582421,3168712,0,68784617,62787,490917237,460463897,0
1789396348.7779534,9.794,12576881,275176,0,192,76,56,101746,825234,31058055,342236,1772,63243928,63474324,64771552,0,0,0,0,5,0,13278593,1186173789,1189264233,55,58,443,1581539,3166946,0,68795983,62787,490918697,460463897,0
1789396349.0284643,10.044,12577245,275187,0,192,76,56,101747,825259,31058803,345076,1772,63223096,63450640,64771552,0,0,0,1,2,0,13279421,1186248780,1189339232,55,58,443,1581009,3165884,0,68801189,62787,490921549,460463897,0
1789396349.279001,10.295,12577599,275192,0,192,76,56,101751,825298,31061393,346352,1780,63318044,63544328,64771552,0,0,0,0,2,0,13280696,1186261691,1189352143,55,58,445,1583389,3170650,0,68810878,62787,490922917,460463897,0
1789396349.5294662,10.545,12577968,275199,0,192,76,56,101753,825320,31063338,348292,1780,63300544,63524884,64771552,0,0,0,1,1,0,13281302,1186317376,1189407828,55,58,445,1582952,3169776,0,68815325,62787,490924749,460463897,0
1789396349.7799563,10.796,12578338,275205,0,192,76,56,101754,825342,31064340,350204,1780,63278308,63500756,64771552,0,0,0,0,2,0,13281761,1186370603,1189461055,55,58,445,1582397,3168664,0,68821114,62787,490926657,460463897,0
1789396350.0303237,11.046,12578689,275211,0,192,76,56,101757,825383,31067714,352344,1784,63251136,63471424,64771552,0,0,0,0,4,0,13282464,1186403419,1189493875,55,58,446,1581719,3167306,0,68827084,62788,490928829,460463897,0
1789396350.280794,11.296,12579016,275216,0,192,76,56,101759,825449,31073272,353372,1784,63241756,63460968,64771552,0,0,0,0,5,0,13282966,1186412027,1189502483,55,58,446,1581485,3166837,0,68831074,62788,490929937,460463961,0
1789396350.5312755,11.547,12579296,275217,0,192,76,56,101762,825563,31081574,354184,1792,63230164,63448620,64771552,0,0,0,0,5,0,13283439,1186413879,1189504335,55,58,448,1581195,3166257,0,68834116,62788,490930641,460463961,0
1789396350.7817798,11.797,12579604,275232,0,192,76,56,101769,825633,31088958,482820,1792,63165724,63255464,64771552,0,0,0,0,2,0,13283952,1186433735,1189524206,55,58,448,1579587,3163036,0,68851198,62788,491059441,460463961,0
1789396351.0322833,12.048,12579829,275232,0,192,76,56,101785,825790,31097558,506184,25044,62967088,63033168,64771552,0,0,0,0,9,0,13284443,1186433831,1189524301,57,60,6261,1574628,3153107,0,68898133,62788,491059577,460463961,0
1789396351.2830193,12.299,12580096,275246,0,192,76,56,101800,825891,31105222,742232,133496,62823072,62652432,64771552,0,0,0,0,5,0,13284927,1186455023,1189545536,57,60,33374,1571016,3145874,0,68923944,62788,491187081,460463961,0
1789396351.5337381,12.549,12580377,275257,0,192,76,56,101813,825982,31110806,999120,262928,62753328,62324556,64771552,0,0,0,0,5,0,13285351,1186476193,1189566719,57,60,65732,1569244,3142325,0,68939173,62788,491314585,460463961,0
1789396351.7842345,12.8,12580649,275269,0,192,76,56,101849,826061,31116183,1199456,363888,62422652,61791540,64771552,0,0,0,4,1,0,13285869,1186493669,1189584198,57,61,90972,1560939,3125694,0,68958446,62788,491413913,460463961,0
1789396352.0347204,13.05,12580900,275275,0,192,76,56,101868,826184,31121972,1347636,449508,62389808,61609448,64771552,0,0,0,3,6,0,13286137,1186500433,1189590981,57,61,112377,1560092,3124000,0,68997749,62788,491477113,460463961,0
1789396352.28522,13.301,12581165,275293,0,192,76,56,101880,826289,31125953,1651124,571992,62368724,61283340,64771552,0,0,0,3,3,0,13286536,1186528578,1189619140,57,61,142998,1559527,3122867,0,68998957,62788,491658501,460463961,0
1789396352.5356884,13.551,12581463,275297,0,192,76,56,101911,826356,31127687,1846144,727056,62147372,60865344,64771552,0,0,0,0,13,0,13286769,1186537279,1189627840,57,61,181764,1553948,3111696,0,69004631,62788,491697113,460463961,0
1789396352.7862823,13.802,12581744,275311,0,192,76,56,101926,826445,31132232,2085612,811684,62105908,60582964,64771552,0,0,0,2,4,0,13287206,1186562481,1189653042,57,61,202921,1552902,3109602,0,69017773,62788,491853689,460463961,0
1789396353.037048,14.053,12582019,275324,0,192,76,56,101948,826537,31138945,2357632,934836,62093520,60296940,64771552,0,0,0,3,5,0,13289087,1186589933,1189680497,57,61,233709,1552541,3108879,0,69041429,62788,492001653,460463961,0
1789396353.2875462,14.303,12582308,275333,0,192,76,56,101971,826614,31140822,2590696,1089356,61949208,59917740,64771552,0,0,0,0,5,0,13289430,1186612292,1189702895,57,61,272339,1548877,3101542,0,69046374,62788,492079625,460463961,0
1789396353.5382786,14.554,12582557,275343,0,192,76,56,101999,826724,31147708,2814480,1157412,61801248,59544956,64771552,0,0,0,0,5,0,13289867,1186623505,1189714116,57,61,289353,1545174,3094126,0,69075724,62788,492235797,460463961,0
1789396353.7887871,14.804,12582851,275355,0,192,76,56,102011,826806,31150512,3093764,1305192,61879212,59342072,64771552,0,0,0,0,5,0,13290259,1186652623,1189743235,57,61,326298,1547080,3097943,0,69078723,62788,492366837,460463961,0
1789396354.0392885,15.055,12583132,275367,0,192,76,56,102036,826887,31155307,3331808,1419348,61748988,58972236,64771552,0,0,0,0,5,0,13290648,1186670175,1189760787,57,61,354837,1543791,3091356,0,69112139,62788,492491317,460463961,0
1789396354.2897968,15.305,12583415,275375,0,192,76,56,102065,826968,31158626,3559672,1516804,61611548,58606108,64771552,0,0,0,0,5,0,13290966,1186684033,1189774657,57,61,379201,1540337,3084441,0,69117515,62788,492621517,460463961,0
1789396354.5403092,15.556,12583699,275381,0,192,76,56,102076,827066,31161031,3870496,1676460,61696296,58377736,64771552,0,0,0,1,7,0,13291273,1186696455,1189787078,57,61,419115,1542397,3088566,0,69117618,62788,492772977,460463961,0
1789396354.7910614,15.807,12583987,275384,0,192,76,56,102108,827139,31167145,4117448,1819268,61478316,57910888,64771552,0,0,0,0,5,0,13291692,1186703636,1189794260,57,61,454817,1536896,3077550,0,69149557,62788,492876525,460463961,0
1789396355.041567,16.057,12584254,275390,0,192,76,56,102141,827233,31172886,4388292,509928,61455944,57615900,64771552,0,1408404,0,0,6,0,13292353,1186714074,1189804712,57,61,127482,1536300,3076357,352101,69154683,62788,493049509,461872497,0
1789396355.2923954,16.308,12584532,275400,0,192,76,56,102165,827322,31180159,4668536,133352,61449332,57326876,64771552,0,1903116,0,1,7,0,13293129,1186729240,1189819924,57,61,33338,1536096,3075948,475779,69185989,62788,493197929,462383321,0
1789396355.5430832,16.559,12584829,275445,0,192,76,56,102173,827372,31180879,4826136,261612,61517912,57235780,64771552,0,1894784,0,4,1,0,13294395,1186839541,1189930290,57,61,65403,1537757,3079274,473696,69186867,62788,493227565,462384333,0
1789396355.7935538,16.809,12585129,275545,0,192,76,56,102173,827372,31180928,4826132,261612,61517912,57235780,64771552,0,1878548,0,4,1,0,13294395,1187089699,1190180448,57,61,65403,1537757,3079275,469600,69186867,62788,493227565,462384333,0
1789396356.0439687,17.06,12585429,275646,0,192,76,56,102173,827372,31180996,4826136,261612,61517924,57235780,64771552,0,1866112,0,4,1,0,13294402,1187340002,1190430775,57,61,65403,1537757,3079275,466528,69186868,62788,493227565,462384333,0
1789396356.294323,17.31,12585729,275746,0,192,76,56,102173,827372,31181043,4826136,261612,61517924,57235780,64771552,0,1857920,0,4,1,0,13294402,1187590070,1190680843,57,61,65403,1537757,3079275,464480,69186869,62788,493227565,462384333,0
1789396356.5446708,17.56,12586029,275846,0,192,76,56,102173,827372,31181149,4826136,261612,61517924,57235780,64771552,0,1849728,0,4,1,0,13294420,1187840149,1190930950,57,61,65403,1537757,3079275,462432,69186870,62788,493227565,462384333,0
1789396356.7950616,17.811,12586330,275946,0,192,76,56,102173,827372,31181196,4826136,261612,61517928,57235780,64771552,0,1833344,0,4,1,0,13294420,1188090223,1191181024,57,61,65403,1537757,3079275,458336,69186871,62788,493227565,462384333,0
1789396357.0454068,18.061,12586630,276046,0,192,76,56,102173,827372,31181304,4826136,261612,61520972,57238824,64771552,0,1816960,0,4,2,0,13294438,1188340012,1191431132,57,61,65403,1537833,3079427,454240,69186872,62788,493227565,462384333,0
1789396357.2958462,18.312,12586930,276146,0,192,76,56,102174,827372,31181350,4826136,261612,61520972,57238824,64771552,0,1812864,0,4,1,0,13294442,1188590376,1191681504,57,61,65403,1537833,3079427,453216,69186873,62788,493227565,462384333,0
1789396357.5462,18.562,12587230,276247,0,192,76,56,102174,827372,31181403,4826136,261612,61520972,57238824,64771552,0,1796480,0,4,1,0,13294442,1188840442,1191931569,57,61,65403,1537833,3079427,449120,69186873,62788,493227565,462384333,0
1789396357.7965584,18.812,12587530,276347,0,192,76,56,102174,827372,31181451,4826136,261612,61520972,57238824,64771552,0,1788288,0,4,1,0,13294442,1189090555,1192181683,57,61,65403,1537833,3079427,447072,69186875,62788,493227565,462384333,0
1789396358.0469453,19.063,12587830,276447,0,192,76,56,102174,827372,31181508,4826136,261612,61528572,57246424,64771552,0,1771904,0,4,1,0,13294443,1189340615,1192431742,57,61,65403,1538023,3079807,442976,69186875,62788,493227565,462384333,0
1789396358.297279,19.313,12588130,276547,0,192,76,56,102174,827372,31181576,4826136,261612,61528572,57246424,64771552,0,1759616,0,4,1,0,13294443,1189590702,1192681829,57,61,65403,1538023,3079807,439904,69186877,62788,493227565,462384333,0
1789396358.5476632,19.563,12588431,276648,0,192,76,56,102174,827372,31181629,4826136,261612,61528572,57246424,64771552,0,1751424,0,4,1,0,13294443,1189840791,1192931919,57,61,65403,1538023,3079807,437856,69186877,62788,493227565,462384333,0
1789396358.79801,19.814,12588731,276748,0,192,76,56,102174,827372,31181688,4826136,261612,61528572,57246424,64771552,0,1735040,0,4,1,0,13294447,1190090851,1193181988,57,61,65403,1538023,3079807,433760,69186878,62788,493227565,462384333,0
1789396359.04834,20.064,12589031,276848,0,192,76,56,102174,827372,31181751,4826136,261612,61535196,57253048,64771552,0,1726848,0,4,1,0,13294447,1190340907,1193432043,57,61,65403,1538188,3080138,431712,69186879,62788,493227565,462384333,0
1789396359.298685,20.314,12589331,276948,0,192,76,56,102174,827372,31181798,4826136,261612,61535196,57253048,64771552,0,1710464,0,4,1,0,13294447,1190590964,1193682101,57,61,65403,1538188,3080138,427616,69186880,62788,493227565,462384333,0
1789396359.5490205,20.565,12589631,277049,0,192,76,56,102174,827372,31181900,4826136,261612,61535196,57253048,64771552,0,1698144,0,4,1,0,13294457,1190840528,1193931676,57,61,65403,1538188,3080138,424536,69186880,62788,493227565,462384333,0
1789396359.7993963,20.815,12589931,277149,0,192,76,56,102174,827372,31181959,4826136,261612,61534944,57252796,64771552,0,1681760,0,4,1,0,13294457,1191090351,1194181499,57,61,65403,1538182,3080125,420440,69186882,62788,493227565,462384333,0
1789396360.049756,21.065,12590231,277249,0,192,76,56,102174,827372,31182024,4826136,261612,61540712,57258564,64771552,0,1673568,0,4,1,0,13294466,1191340408,1194431578,57,61,65403,1538326,3080413,418392,69186882,62788,493227565,462384333,0
1789396360.3000944,21.316,12590531,277349,0,192,76,56,102174,827372,31182082,4826136,261612,61540476,57258312,64771552,0,1665376,0,4,1,0,13294471,1191590449,1194681639,57,61,65403,1538320,3080402,416344,69186884,62788,493227565,462384333,0
1789396360.5504239,21.566,12590831,277449,0,192,76,56,102174,827372,31182184,4826136,261636,61540476,57258312,64771552,0,1653088,0,4,1,0,13294484,1191840726,1194931937,57,61,65409,1538320,3080402,413272,69186884,62788,493227565,462384577,0
1789396360.800801,21.816,12591129,277549,0,192,76,56,102174,827374,31182378,4826164,261636,61539016,57256812,64771552,0,1636704,0,4,1,0,13294502,1192085878,1195178204,57,61,65409,1538284,3080329,409176,69187140,62789,493227597,462384577,0
1789396361.0512867,22.067,12591430,277650,0,192,76,56,102174,827374,31182419,4826164,261636,61544052,57261848,64771552,0,1628512,0,4,1,0,13294502,1192336296,1195428622,57,61,65409,1538409,3080580,407128,69187141,62789,493227597,462384577,0
1789396361.3016982,22.317,12591730,277750,0,192,76,56,102174,827374,31182476,4826164,261636,61544052,57261848,64771552,0,1612128,0,4,1,0,13294502,1192586367,1195678693,57,61,65409,1538409,3080580,403032,69187142,62789,493227597,462384577,0
1789396361.5520477,22.568,12592030,277850,0,192,76,56,102174,827374,31182526,4826164,261636,61544052,57261848,64771552,0,1599840,0,4,1,0,13294502,1192836711,1195929038,57,61,65409,1538409,3080580,399960,69187143,62789,493227597,462384577,0
1789396361.802423,22.818,12592330,277950,0,192,76,56,102174,827374,31182579,4826164,261636,61544052,57261848,64771552,0,1585380,0,4,1,0,13294503,1193086530,1196178856,57,61,65409,1538409,3080580,395998,69187144,62789,493227597,462384577,0
1789396362.0527809,23.068,12592630,278050,0,192,76,56,102174,827374,31182624,4826164,261636,61551896,57269692,64771552,0,1575264,0,4,1,0,13294506,1193336838,1196429180,57,61,65409,1538605,3080973,393816,69187144,62789,493227597,462384577,0
1789396362.3031244,23.319,12592930,278151,0,192,76,56,102174,827374,31182699,4826164,261636,61551896,57269692,64771552,0,1558880,0,4,1,0,13294506,1193586903,1196679245,57,61,65409,1538605,3080973,389720,69187145,62789,493227597,462384577,0
1789396362.5534663,23.569,12593230,278251,0,192,76,56,102175,827374,31182744,4826164,261636,61551896,57269692,64771552,0,1550688,0,4,1,0,13294506,1193837204,1196929546,57,61,65409,1538605,3080973,387672,69187147,62789,493227597,462384577,0
1789396362.8038385,23.82,12593531,278351,0,192,76,56,102175,827374,31182793,4826164,261636,61551896,57269692,64771552,0,1538400,0,4,1,0,13294506,1194087524,1197179866,57,61,65409,1538605,3080973,384600,69187148,62789,493227597,462384577,0
1789396363.0541615,24.07,12593831,278451,0,192,76,56,102175,827374,31182850,4826164,261636,61570740,57288536,64771552,0,1530208,0,4,1,0,13294510,1194337585,1197429934,57,61,65409,1539075,3081914,382552,69187148,62789,493227597,462384577,0
1789396363.3045328,24.32,12594131,278551,0,192,76,56,102175,827374,31182895,4826164,261636,61570488,57288284,64771552,0,1513824,0,4,1,0,13294510,1194587934,1197680283,57,61,65409,1539069,3081902,378456,69187149,62789,493227597,462384577,0
1789396363.5548925,24.571,12594431,278652,0,192,76,56,102175,827374,31182946,4826164,261636,61570488,57288284,64771552,0,1505632,0,4,1,0,13294510,1194838010,1197930359,57,61,65409,1539069,3081902,376408,69187149,62789,493227597,462384577,0
1789396363.8052533,24.821,12594731,278752,0,192,76,56,102175,827374,31182995,4826164,261636,61570248,57288044,64771552,0,1493312,0,4,1,0,13294510,1195088328,1198180677,57,61,65409,1539063,3081890,373328,69187151,62789,493227597,462384577,0
1789396364.0555966,25.071,12595031,278852,0,192,76,56,102175,827374,31183093,4826164,261636,61586352,57304148,64771552,0,1476928,0,4,1,0,13294523,1195338407,1198430799,57,61,65409,1539465,3082695,369232,69187152,62789,493227597,462384577,0
1789396364.3059916,25.322,12595331,278952,0,192,76,56,102175,827374,31183156,4826164,261636,61601836,57319632,64771552,0,1460544,0,4,1,0,13294526,1195588478,1198680875,57,61,65409,1539852,3083469,365136,69187153,62789,493227597,462384577,0
1789396364.5563328,25.572,12595631,279052,0,192,76,56,102175,827374,31183243,4826164,261636,61601836,57319632,64771552,0,1452352,0,4,1,0,13294537,1195838519,1198930931,57,61,65409,1539852,3083469,363088,69187153,62789,493227597,462384577,0
1789396364.8066764,25.822,12595930,279152,0,192,76,56,102175,827376,31183370,4826224,261636,61601392,57319128,64771552,0,1440064,0,4,1,0,13294546,1196084576,1199177541,57,61,65409,1539841,3083447,360016,69187265,62789,493227657,462384577,0
1789396365.0570168,26.073,12596230,279252,0,192,76,56,102175,827376,31183413,4826224,261636,61601392,57319128,64771552,0,1431872,0,4,1,0,13294546,1196334640,1199427606,57,61,65409,1539841,3083447,357968,69187265,62789,493227657,462384577,0
1789396365.307373,26.323,12596530,279353,0,192,76,56,102175,827376,31183479,4826224,261636,61615120,57332856,64771552,0,1415488,0,4,1,0,13294546,1196584755,1199677720,57,61,65409,1540183,3084133,353872,69187268,62789,493227657,462384577,0
1789396365.5577803,26.573,12596830,279453,0,192,76,56,102175,827376,31183532,4826224,261636,61615120,57332856,64771552,0,1407296,0,4,1,0,13294546,1196834841,1199927807,57,61,65409,1540183,3084133,351824,69187268,62789,493227657,462384577,0
1789396365.8081317,26.824,12597130,279553,0,192,76,56,102175,827376,31183608,4826224,261636,61614900,57332604,64771552,0,1390912,0,4,1,0,13294550,1197084900,1200177872,57,61,65409,1540178,3084122,347728,69187269,62789,493227657,462384629,0
1789396366.0584764,27.074,12597430,279654,0,192,76,56,102175,827376,31183663,4826224,261636,61627108,57344812,64771552,0,1378624,0,4,1,0,13294550,1197334971,1200427942,57,61,65409,1540483,3084732,344656,69187269,62789,493227657,462384629,0
1789396366.3088706,27.325,12597730,279754,0,192,76,56,102175,827376,31183710,4826224,261636,61626796,57344500,64771552,0,1370432,0,4,1,0,13294550,1197585303,1200678274,57,61,65409,1540475,3084717,342608,69187271,62789,493227657,462384629,0
1789396366.5592253,27.575,12598030,279854,0,192,76,56,102175,827376,31183766,4826224,261636,61626796,57344500,64771552,0,1354048,0,4,1,0,13294550,1197835389,1200928361,57,61,65409,1540475,3084717,338512,69187271,62789,493227657,462384629,0
1789396366.8096056,27.825,12598331,279954,0,192,76,56,102175,827376,31183817,4826224,261636,61626796,57344500,64771552,0,1345856,0,4,1,0,13294550,1198085486,1201178458,57,61,65409,1540475,3084717,336464,69187273,62789,493227657,462384629,0
1789396367.0599587,28.076,12598631,280054,0,192,76,56,102175,827376,31183880,4826224,261636,61634132,57351836,64771552,0,1333568,0,4,1,0,13294550,1198335536,1201428508,57,61,65409,1540658,3085083,333392,69187273,62789,493227657,462384629,0
1789396367.31031,28.326,12598931,280155,0,192,76,56,102175,827376,31183937,4826224,261636,61637280,57354984,64771552,0,1317184,0,4,1,0,13294553,1198585618,1201678596,57,61,65409,1540737,3085241,329296,69187274,62789,493227657,462384629,0
1789396367.5606716,28.576,12599231,280255,0,192,76,56,102175,827376,31183982,4826224,261636,61636984,57354688,64771552,0,1308992,0,4,1,0,13294553,1198835940,1201928917,57,61,65409,1540729,3085226,327248,69187276,62789,493227657,462384629,0
1789396367.8110368,28.827,12599531,280355,0,192,76,56,102175,827376,31184056,4826224,261636,61636984,57354688,64771552,0,1292608,0,4,1,0,13294553,1199085776,1202178754,57,61,65409,1540729,3085226,323152,69187278,62789,493227657,462384629,0
1789396368.0613916,29.077,12599831,280455,0,192,76,56,102175,827376,31184119,4826224,261636,61649360,57367064,64771552,0,1280288,0,4,1,0,13294561,1199335842,1202428869,57,61,65409,1541038,3085845,320072,69187279,62789,493227657,462384629,0
1789396368.31181,29.327,12600131,280556,0,192,76,56,102175,827376,31184196,4826224,261636,61661484,57379188,64771552,0,1272096,0,4,1,0,13294568,1199585924,1202678963,57,61,65409,1541341,3086451,318024,69187280,62789,493227657,462384629,0
1789396368.562154,29.578,12600431,280656,0,192,76,56,102175,827376,31184276,4826224,261636,61661484,57379188,64771552,0,1255712,0,4,1,0,13294576,1199835974,1202929025,57,61,65409,1541341,3086451,313928,69187280,62789,493227657,462384629,0
1789396368.8125072,29.828,12600731,280756,0,192,76,56,102175,827376,31184325,4826224,261636,61661484,57379188,64771552,0,1247520,0,4,1,0,13294576,1200086062,1203179113,57,61,65409,1541341,3086451,311880,69187282,62789,493227657,462384629,0
1789396369.062868,30.079,12601031,280856,0,192,76,56,102175,827376,31184385,4826224,261636,61669752,57387456,64771552,0,1231136,0,4,1,0,13294576,1200336134,1203429185,57,61,65409,1541547,3086864,307784,69187282,62789,493227657,462384629,0
1789396369.3132336,30.329,12601331,280957,0,192,76,56,102175,827376,31184457,4826224,261724,61669208,57386912,64771552,0,1218840,0,4,1,0,13294581,1200585714,1203678776,57,61,65431,1541534,3086837,304710,69187283,62789,493227657,462384729,0
1789396369.5635958,30.579,12601632,281057,0,192,76,56,102175,827377,31184502,4826224,261724,61669208,57386912,64771552,0,1210648,0,4,1,0,13294581,1200836066,1203929127,57,61,65431,1541534,3086837,302662,69187284,62789,493227657,462384729,0
1789396369.813975,30.83,12601931,281158,0,192,76,56,102176,827377,31184627,4826224,260152,61669532,57387164,64771552,0,1194432,0,4,1,0,13294588,1201083686,1204176757,57,61,65038,1541542,3086853,298608,69187285,62789,493227657,462386301,0
1789396370.0643177,31.08,12602231,281258,0,192,76,56,102176,827377,31184702,4826224,260152,61676488,57394120,64771552,0,1186112,0,4,1,0,13294594,1201333743,1204426824,57,61,65038,1541715,3087201,296528,69187286,62789,493227657,462386301,0
1789396370.3146765,31.33,12602531,281359,0,192,76,56,102176,827377,31184753,4826224,260152,61676188,57393820,64771552,0,1173824,0,4,1,0,13294594,1201583809,1204676891,57,61,65038,1541708,3087186,293456,69187287,62789,493227657,462386301,0
1789396370.5650136,31.581,12602831,281459,0,192,76,56,102176,827377,31184844,4826224,260152,61683348,57400980,64771552,0,1157400,0,4,1,0,13294594,1201833944,1204927026,57,61,65038,1541887,3087544,289350,69187288,62789,493227657,462386301,0
1789396370.8154652,31.831,12603131,281559,0,192,76,56,102176,827377,31184891,4826224,260152,61683348,57400980,64771552,0,1149208,0,4,1,0,13294594,1202084109,1205177190,57,61,65038,1541887,3087544,287302,69187290,62789,493227657,462386301,0
1789396371.065876,32.082,12603431,281659,0,192,76,56,102176,827377,31184956,4826224,260156,61689620,57407252,64771552,0,1132824,0,4,1,0,13294594,1202334185,1205427267,57,61,65039,1542043,3087857,283206,69187290,62789,493227657,462386361,0
1789396371.3162632,32.332,12603731,281759,0,192,76,56,102176,827377,31185006,4826224,260156,61689332,57406964,64771552,0,1120536,0,4,1,0,13294594,1202584292,1205677373,57,61,65039,1542036,3087843,280134,69187292,62789,493227657,462386361,0
1789396371.5666149,32.582,12604031,281860,0,192,76,56,102176,827377,31185055,4826224,260156,61689332,57406964,64771552,0,1112344,0,4,1,0,13294594,1202834383,1205927464,57,61,65039,1542036,3087843,278086,69187292,62789,493227657,462386361,0
1789396371.8169997,32.833,12604331,281960,0,192,76,56,102176,827377,31185110,4826224,260156,61689332,57406964,64771552,0,1095960,0,4,1,0,13294595,1203084223,1206177305,57,61,65039,1542036,3087843,273990,69187293,62789,493227657,462386361,0
1789396372.0673442,33.083,12604632,282060,0,192,76,56,102176,827377,31185178,4826224,260156,61698848,57416480,64771552,0,1087768,0,4,1,0,13294605,1203334249,1206427378,57,61,65039,1542273,3088318,271942,69187293,62789,493227657,462386361,0
1789396372.317701,33.333,12604932,282161,0,192,76,56,102176,827377,31185279,4826224,260156,61707412,57425044,64771552,0,1071384,0,4,1,0,13294615,1203584041,1206677188,57,61,65039,1542487,3088746,267846,69187296,62789,493227657,462386361,0
1789396372.5680323,33.584,12605232,282261,0,192,76,56,102176,827377,31185332,4826224,260156,61707412,57425044,64771552,0,1067264,0,4,1,0,13294615,1203834354,1206927502,57,61,65039,1542487,3088746,266816,69187296,62789,493227657,462386361,0
1789396372.8183918,33.834,12605532,282361,0,192,76,56,102176,827377,31185389,4826224,260156,61707412,57425044,64771552,0,1050880,0,4,1,0,13294618,1204084725,1207177877,57,61,65039,1542487,3088746,262720,69187297,62789,493227657,462386361,0
1789396373.0688105,34.084,12605832,282461,0,192,76,56,102176,827377,31185448,4826224,260156,61717816,57435448,64771552,0,1034496,0,4,1,0,13294620,1204334535,1207427726,57,61,65039,1542747,3089267,258624,69187297,62789,493227657,462386361,0
1789396373.3191617,34.335,12606132,282561,0,192,76,56,102176,827377,31185489,4826224,260156,61718072,57435704,64771552,0,1026304,0,4,1,0,13294620,1204584604,1207677796,57,61,65039,1542753,3089279,256576,69187298,62789,493227657,462386361,0
1789396373.569497,34.585,12606432,282661,0,192,76,56,102176,827377,31185538,4826224,260156,61717788,57435420,64771552,0,1014008,0,4,1,0,13294620,1204834940,1207928132,57,61,65039,1542746,3089265,253502,69187300,62789,493227657,462386361,0
1789396373.8198755,34.836,12606732,282762,0,192,76,56,102176,827377,31185597,4826224,260156,61717788,57435420,64771552,0,997624,0,4,1,0,13294620,1205085028,1208178220,57,61,65039,1542746,3089265,249406,69187300,62789,493227657,462386361,0
1789396374.0702243,35.086,12607032,282862,0,192,76,56,102176,827377,31185661,4826224,260156,61721144,57438776,64771552,0,989432,0,4,1,0,13294624,1205335067,1208428266,57,61,65039,1542830,3089433,247358,69187301,62789,493227657,462386361,0
1789396374.3205602,35.336,12607333,282962,0,192,76,56,102176,827377,31185718,4826224,260156,61721144,57438776,64771552,0,973400,0,4,1,0,13294624,1205585167,1208678366,57,61,65039,1542830,3089433,243350,69187301,62789,493227657,462386361,0
1789396374.5709229,35.587,12607633,283062,0,192,76,56,102176,827377,31185763,4826224,260156,61720868,57438500,64771552,0,964904,0,4,1,0,13294624,1205835460,1208928659,57,61,65039,1542823,3089419,241226,69187302,62789,493227657,462386361,0
1789396374.8212683,35.837,12607932,283162,0,192,76,56,102177,827378,31185988,4825996,260152,61726108,57443756,64771552,0,952864,0,4,1,0,13294640,1206084095,1209177504,57,61,65038,1542954,3089681,238216,69187313,62789,493227657,462386361,0
1789396375.0716288,36.087,12608232,283263,0,192,76,56,102177,827378,31186052,4825992,260156,61727580,57445228,64771552,0,944732,0,4,1,0,13294640,1206333928,1209427338,57,61,65039,1542991,3089755,236183,69187316,62789,493227661,462386393,0
1789396375.3219995,36.338,12608532,283363,0,192,76,56,102177,827378,31186097,4825992,260156,61729308,57446956,64771552,0,928004,0,4,1,0,13294640,1206584269,1209677678,57,61,65039,1543034,3089841,232001,69187316,62789,493227661,462386393,0
1789396375.5723643,36.588,12608832,283463,0,192,76,56,102177,827378,31186170,4825996,260124,61729376,57447020,64771552,0,911616,0,4,1,0,13294648,1206834087,1209927512,57,61,65031,1543036,3089844,227904,69187317,62789,493227661,462386393,0
1789396375.8227332,36.838,12609132,283564,0,192,76,56,102177,827378,31186231,4825996,260124,61729632,57447276,64771552,0,898876,0,4,1,0,13294648,1207084179,1210177604,57,61,65031,1543042,3089857,224719,69187317,62789,493227661,462386393,0
1789396376.0730996,37.089,12609432,283664,0,192,76,56,102177,827378,31186437,4825996,260124,61735940,57453584,64771552,0,884704,0,4,1,0,13294655,1207334481,1210427948,57,61,65031,1543199,3090172,221176,69187318,62789,493227661,462386393,0
1789396376.3235052,37.339,12609732,283764,0,192,76,56,102177,827378,31186580,4825996,260124,61741976,57459612,64771552,0,876604,0,4,1,0,13294670,1207584107,1210677598,57,61,65031,1543350,3090474,219151,69187320,62789,493227661,462386493,0
1789396376.5738835,37.59,12610033,283864,0,192,76,56,102177,827378,31186630,4825996,260124,61741976,57459612,64771552,0,868448,0,4,1,0,13294670,1207834423,1210927914,57,61,65031,1543350,3090474,217112,69187321,62789,493227661,462386493,0
1789396376.8242397,37.84,12610333,283965,0,192,76,56,102177,827378,31186687,4825996,260124,61741976,57459612,64771552,0,852108,0,4,1,0,13294673,1208084490,1211177985,57,61,65031,1543350,3090474,213027,69187321,62789,493227661,462386493,0
1789396377.0745664,38.09,12610633,284065,0,192,76,56,102177,827378,31186735,4825996,260124,61743304,57460940,64771552,0,844120,0,4,2,0,13294673,1208334817,1211428312,57,61,65031,1543383,3090540,211030,69187322,62789,493227661,462386493,0
1789396377.3249667,38.341,12610933,284165,0,192,76,56,102177,827378,31186787,4825996,260124,61744296,57461932,64771552,0,827516,0,4,1,0,13294673,1208584663,1211678159,57,61,65031,1543408,3090590,206879,69187323,62789,493227661,462386493,0
1789396377.5753274,38.591,12611233,284265,0,192,76,56,102177,827378,31187008,4825996,260124,61744028,57461664,64771552,0,811368,0,4,1,0,13294674,1208834231,1211927727,57,61,65031,1543401,3090576,202842,69187325,62789,493227661,462386493,0
1789396377.8256881,38.841,12611533,284365,0,192,76,56,102178,827378,31187235,4825940,260208,61743540,57461232,64771552,0,801268,0,4,1,0,13294678,1209084180,1212177683,57,61,65052,1543389,3090552,200317,69187334,62789,493227661,462386493,0
1789396378.0760407,39.092,12611833,284464,0,192,76,56,102179,827378,31187567,4825876,265844,61730872,57448628,64771552,0,786604,0,4,1,0,13294699,1209329987,1212423555,57,61,66461,1543073,3089919,196651,69187790,62789,493227661,462386493,0
1789396378.3264134,39.342,12612133,284564,0,192,76,56,102180,827378,31187810,4825764,265672,61731936,57449796,64771552,0,776832,0,4,1,0,13294701,1209580071,1212673642,57,61,66418,1543099,3089972,194208,69187790,62789,493227661,462386493,0
1789396378.5768166,39.593,12612433,284661,0,192,76,56,102183,827378,31188031,4825560,274852,61715268,57433332,64771552,0,767504,0,4,1,0,13294719,1209822125,1212915735,57,61,68713,1542683,3089138,191876,69188543,62789,493227661,462386493,0
1789396378.827171,39.843,12612733,284761,0,192,76,56,102183,827378,31188083,4825560,274852,61715268,57433332,64771552,0,759312,0,4,1,0,13294719,1210072188,1213165798,57,61,68713,1542683,3089138,189828,69188543,62789,493227661,462386493,0
1789396379.0775054,40.093,12613033,284861,0,192,76,56,102183,827379,31188132,4825560,274852,61715860,57433924,64771552,0,742928,0,4,2,0,13294719,1210322275,1213415885,57,61,68713,1542698,3089168,185732,69188544,62789,493227661,462386493,0
1789396379.3278859,40.344,12613333,284962,0,192,76,56,102183,827379,31188180,4825560,274852,61716628,57434692,64771552,0,730356,0,4,1,0,13294719,1210572334,1213665944,57,61,68713,1542717,3089206,182589,69188545,62789,493227661,462386493,0
1789396379.5782344,40.594,12613634,285062,0,192,76,56,102183,827379,31188237,4825560,274852,61716360,57434424,64771552,0,713972,0,4,1,0,13294719,1210822445,1213916055,57,61,68713,1542710,3089193,178493,69188546,62789,493227661,462386493,0
1789396379.8286314,40.844,12613934,285162,0,192,76,56,102183,827379,31188284,4825560,274852,61716368,57434424,64771552,0,705780,0,4,1,0,13294719,1211072544,1214166154,57,61,68713,1542710,3089193,176445,69188546,62789,493227661,462386493,0
1789396380.0790086,41.095,12614234,285262,0,192,76,56,102183,827379,31188360,4825576,274484,61727440,57445476,64771552,0,692992,0,4,1,0,13294728,1211322589,1214416253,57,61,68621,1542987,3089747,173248,69188548,62789,493227665,462386865,0
1789396380.3293738,41.345,12614534,285363,0,192,76,56,102183,827379,31188451,4825576,274484,61731868,57449904,64771552,0,684800,0,4,1,0,13294740,1211572631,1214666313,57,61,68621,1543097,3089968,171200,69188549,62789,493227665,462386865,0
1789396380.5797946,41.595,12614834,285463,0,192,76,56,102183,827379,31188544,4825576,274484,61731616,57449652,64771552,0,668416,0,4,1,0,13294745,1211822623,1214916314,57,61,68621,1543091,3089956,167104,69188555,62789,493227665,462386865,0
1789396380.8302832,41.846,12615134,285563,0,192,76,56,102183,827379,31188591,4825576,274484,61731616,57449652,64771552,0,659836,0,4,1,0,13294745,1212072745,1215166435,57,61,68621,1543091,3089956,164959,69188555,62789,493227665,462386865,0
1789396381.0806806,42.096,12615434,285663,0,192,76,56,102184,827379,31188650,4825576,273460,61731856,57449892,64771552,0,647548,0,4,1,0,13294745,1212323126,1215416817,57,61,68365,1543097,3089968,161887,69188556,62789,493227665,462387365,0
1789396381.3310964,42.347,12615734,285763,0,192,76,56,102184,827379,31188723,4825576,273988,61731612,57449648,64771552,0,631164,0,4,1,0,13294752,1212573245,1215666948,57,61,68497,1543091,3089955,157791,69188557,62789,493227665,462387901,0
1789396381.5814645,42.597,12616034,285864,0,192,76,56,102184,827379,31188787,4825576,273988,61739516,57457552,64771552,0,622584,0,4,1,0,13294752,1212823100,1215916803,57,61,68497,1543288,3090350,155646,69188558,62789,493227673,462387901,0
1789396381.8318768,42.848,12616335,285964,0,192,76,56,102184,827379,31188839,4825576,273988,61739264,57457300,64771552,0,610296,0,4,1,0,13294752,1213073446,1216167149,57,61,68497,1543282,3090338,152574,69188558,62789,493227673,462387901,0
1789396382.0822237,43.098,12616635,286064,0,192,76,56,102184,827379,31188885,4825576,273988,61739740,57457776,64771552,0,602104,0,4,1,0,13294752,1213323519,1216417222,57,61,68497,1543294,3090362,150526,69188560,62789,493227673,462387901,0
1789396382.3325906,43.348,12616935,286164,0,192,76,56,102184,827379,31188941,4825576,273988,61739488,57457524,64771552,0,585328,0,4,1,0,13294752,1213573868,1216667571,57,61,68497,1543288,3090349,146332,69188561,62789,493227673,462387901,0
1789396382.582958,43.599,12617235,286265,0,192,76,56,102184,827379,31188997,4825576,273988,61739488,57457524,64771552,0,573040,0,4,1,0,13294752,1213823936,1216917639,57,61,68497,1543288,3090349,143260,69188561,62789,493227673,462387901,0
1789396382.833315,43.849,12617535,286365,0,192,76,56,102184,827379,31189047,4825576,273988,61739488,57457524,64771552,0,564848,0,4,1,0,13294752,1214074257,1217167959,57,61,68497,1543288,3090349,141212,69188562,62789,493227673,462387901,0
1789396383.083664,44.099,12617835,286465,0,192,76,56,102184,827379,31189096,4825576,273988,61739728,57457764,64771552,0,548076,0,4,1,0,13294752,1214324337,1217418039,57,61,68497,1543294,3090361,137019,69188562,62789,493227673,462387901,0
1789396383.3340166,44.35,12618135,286565,0,192,76,56,102184,827379,31189141,4825576,273988,61739476,57457512,64771552,0,535788,0,4,1,0,13294752,1214574661,1217668364,57,61,68497,1543287,3090348,133947,69188564,62789,493227673,462387901,0
1789396383.5843616,44.6,12618436,286665,0,192,76,56,102184,827379,31189194,4825576,273988,61740200,57458236,64771552,0,527596,0,4,1,0,13294752,1214824962,1217918665,57,61,68497,1543305,3090385,131899,69188565,62789,493227673,462387901,0
1789396383.8347142,44.85,12618736,286766,0,192,76,56,102184,827379,31189251,4825576,273988,61740200,57458236,64771552,0,510824,0,4,1,0,13294752,1215074787,1218168490,57,61,68497,1543305,3090385,127706,69188566,62789,493227673,462387901,0
1789396384.0850315,45.101,12619036,286866,0,192,76,56,102184,827379,31189314,4825576,273988,61751612,57469648,64771552,0,498536,0,4,1,0,13294759,1215324785,1218418540,57,61,68497,1543590,3090955,124634,69188566,62789,493227673,462387901,0
1789396384.3353915,45.351,12619336,286966,0,192,76,56,102184,827379,31189401,4825576,273988,61755040,57473076,64771552,0,490344,0,4,1,0,13294771,1215574831,1218668602,57,61,68497,1543676,3091126,122586,69188567,62789,493227673,462387901,0
1789396384.585715,45.601,12619636,287066,0,192,76,56,102184,827379,31189456,4825576,273988,61755296,57473332,64771552,0,469476,0,4,1,0,13294771,1215825167,1218918938,57,61,68497,1543682,3091139,117369,69188567,62789,493227673,462387901,0
1789396384.8361323,45.852,12619935,287167,0,192,76,56,102184,827380,31189569,4825576,273988,61755296,57473332,64771552,0,461284,0,4,1,0,13294782,1216072868,1219166894,57,61,68497,1543682,3091139,115321,69188574,62789,493227673,462387901,0
1789396385.08658,46.102,12620235,287267,0,192,76,56,102184,827381,31189614,4825576,273988,61756772,57474808,64771552,0,453092,0,4,1,0,13294782,1216322984,1219417010,57,61,68497,1543719,3091213,113273,69188574,62789,493227673,462387901,0
1789396385.3369923,46.353,12620535,287367,0,192,76,56,102184,827381,31189669,4825576,273988,61756520,57474556,64771552,0,436320,0,4,1,0,13294782,1216572824,1219666851,57,61,68497,1543713,3091200,109080,69188575,62789,493227673,462387901,0
1789396385.5873363,46.603,12620835,287467,0,192,76,56,102184,827381,31189721,4825576,273988,61756756,57474792,64771552,0,424032,0,4,1,0,13294782,1216823134,1219917160,57,61,68497,1543719,3091212,106008,69188575,62789,493227673,462387901,0
1789396385.8376927,46.853,12621135,287568,0,192,76,56,102184,827381,31189770,4825576,273988,61762756,57480792,64771552,0,415840,0,4,1,0,13294782,1217073218,1220167244,57,61,68497,1543868,3091512,103960,69188576,62789,493227673,462387901,0
1789396386.0880353,47.104,12621435,287668,0,192,76,56,102184,827381,31189831,4825576,273988,61763000,57481036,64771552,0,399064,0,4,1,0,13294782,1217323059,1220417085,57,61,68497,1543875,3091524,99766,69188577,62789,493227673,462387901,0
1789396386.3384373,47.354,12621733,287768,0,192,76,56,102187,827381,31189954,4825720,1720,61757704,57475496,64771552,0,667236,0,4,1,0,13295366,1217566444,1220661361,57,61,430,1543742,3091260,166809,69188579,62789,493227729,462660169,0
1789396386.588807,47.604,12622033,287868,0,192,76,56,102187,827381,31190021,4825720,2052,61757704,57475496,64771552,0,650852,0,4,1,0,13295369,1217816269,1220911191,57,61,513,1543742,3091260,162713,69188579,62789,493227729,462660781,0
1789396386.8391495,47.855,12622333,287968,0,192,76,56,102187,827381,31190082,4825720,2052,61757704,57475496,64771552,0,634076,0,4,1,0,13295373,1218066262,1221161272,57,61,513,1543742,3091260,158519,69188580,62789,493227729,462660781,0
1789396387.0894947,48.105,12622633,288068,0,192,76,56,102187,827381,31190125,4825720,2052,61757940,57475732,64771552,0,629980,0,4,1,0,13295381,1218316497,1221411569,57,61,513,1543748,3091271,157495,69188580,62789,493227729,462660781,0
1789396387.3398566,48.356,12622934,288169,0,192,76,56,102187,827381,31190196,4825720,2052,61759156,57476948,64771552,0,613596,0,4,1,0,13295397,1218566320,1221661672,57,61,513,1543779,3091332,153399,69188581,62789,493227729,462660781,0
1789396387.5902364,48.606,12623234,288269,0,192,76,56,102187,827381,31190243,4825720,2052,61758904,57476696,64771552,0,605404,0,4,1,0,13295408,1218816502,1221911987,57,61,513,1543772,3091320,151351,69188583,62789,493227729,462660781,0
1789396387.8405771,48.856,12623534,288369,0,192,76,56,102187,827381,31190294,4825720,2052,61758904,57476696,64771552,0,592720,0,4,1,0,13295418,1219066461,1222162080,57,61,513,1543772,3091320,148180,69188583,62789,493227729,462660781,0
1789396388.090924,49.107,12623834,288469,0,192,76,56,102187,827381,31190363,4825720,2052,61767604,57485396,64771552,0,576336,0,4,1,0,13295435,1219316298,1222412130,57,61,513,1543989,3091754,144084,69188584,62789,493227729,462660781,0
1789396388.3412786,49.357,12624134,288569,0,192,76,56,102187,827381,31190459,4825720,2052,61770820,57488612,64771552,0,568144,0,4,1,0,13295453,1219566285,1222662221,57,61,513,1544070,3091915,142036,69188584,62789,493227729,462660781,0
1789396388.5916295,49.607,12624434,288669,0,192,76,56,102187,827381,31190525,4825720,2052,61770568,57488360,64771552,0,547276,0,4,1,0,13295466,1219815926,1222912070,57,61,513,1544063,3091903,136819,69188585,62789,493227729,462660781,0
1789396388.8420327,49.858,12624735,288770,0,192,76,56,102187,827381,31190570,4825720,2052,61770568,57488360,64771552,0,539084,0,4,1,0,13295473,1220066171,1223162419,57,61,513,1544063,3091903,134771,69188587,62789,493227729,462660781,0
1789396389.0923896,50.108,12625035,288870,0,192,76,56,102188,827381,31190623,4825720,2052,61773620,57491412,64771552,0,530892,0,4,1,0,13295485,1220316408,1223412776,57,61,513,1544140,3092055,132723,69188588,62789,493227729,462660781,0
1789396389.3428361,50.359,12625335,288970,0,192,76,56,102188,827381,31190676,4825720,2052,61773620,57491412,64771552,0,518208,0,4,1,0,13295491,1220566413,1223662903,57,61,513,1544140,3092055,129552,69188588,62789,493227729,462660781,0
1789396389.5932078,50.609,12625635,289070,0,192,76,56,102188,827381,31190724,4825720,2052,61773368,57491160,64771552,0,501824,0,4,1,0,13295497,1220816570,1223913226,57,61,513,1544133,3092043,125456,69188589,62789,493227729,462660781,0
1789396389.8435729,50.859,12625936,289170,0,192,76,56,102188,827381,31190766,4825720,2052,61773368,57491160,64771552,0,493632,0,4,1,0,13295504,1221066815,1224163568,57,61,513,1544133,3092043,123408,69188589,62789,493227729,462660781,0
1789396390.0939534,51.11,12626236,289270,0,192,76,56,102188,827381,31190825,4825720,2052,61776072,57493864,64771552,0,480948,0,4,1,0,13295522,1221316948,1224413892,57,61,513,1544201,3092178,120237,69188591,62789,493227729,462660781,0
1789396390.3443065,51.36,12626536,289370,0,192,76,56,102188,827381,31190888,4825720,2052,61776100,57493892,64771552,0,464564,0,4,1,0,13295533,1221566805,1224663938,57,61,513,1544202,3092179,116141,69188592,62789,493227729,462660781,0
1789396390.594665,51.61,12626836,289471,0,192,76,56,102188,827381,31190957,4825716,2052,61783508,57501300,64771552,0,456728,0,4,1,0,13295533,1221816971,1224914105,57,61,513,1544386,3092549,114182,69188593,62789,493227729,462660781,0
1789396390.8451264,51.861,12627136,289571,0,192,76,56,102188,827381,31191008,4825716,2052,61783508,57501300,64771552,0,443804,0,4,1,0,13295533,1222067072,1225164206,57,61,513,1544386,3092549,110951,69188593,62789,493227729,462660781,0
1789396391.095482,52.111,12627436,289671,0,192,76,56,102188,827381,31191066,4825716,2052,61783748,57501540,64771552,0,427388,0,4,1,0,13295541,1222317043,1225414283,57,61,513,1544392,3092561,106847,69188594,62789,493227729,462660781,0
1789396391.3458824,52.362,12627737,289771,0,192,76,56,102188,827381,31191109,4825716,2052,61783496,57501288,64771552,0,419196,0,4,1,0,13295547,1222567275,1225664617,57,61,513,1544386,3092549,104799,69188595,62789,493227729,462660781,0
1789396391.5962236,52.612,12628037,289871,0,192,76,56,102188,827381,31191166,4825716,2052,61783496,57501288,64771552,0,406512,0,4,1,0,13295552,1222817233,1225914697,57,61,513,1544386,3092549,101628,69188597,62789,493227729,462660841,0
1789396391.8465765,52.862,12628337,289971,0,192,76,56,102188,827381,31191229,4825716,2052,61783496,57501288,64771552,0,390128,0,4,1,0,13295568,1223067111,1226164775,57,61,513,1544386,3092549,97532,69188597,62789,493227729,462660841,0
1789396392.0969105,53.113,12628637,290072,0,192,76,56,102188,827381,31191290,4825720,2052,61792372,57510164,64771552,0,381860,0,4,1,0,13295580,1223317040,1226414823,57,61,513,1544608,3092993,95465,69188598,62789,493227729,462660841,0
1789396392.3472579,53.363,12628937,290172,0,192,76,56,102188,827381,31191407,4825720,2052,61792120,57509912,64771552,0,369184,0,4,1,0,13295610,1223566913,1226664892,57,61,513,1544601,3092980,92296,69188598,62789,493227729,462660841,0
1789396392.5976043,53.613,12629238,290272,0,192,76,56,102188,827381,31191456,4825720,2052,61792120,57509912,64771552,0,360992,0,4,1,0,13295617,1223816923,1226914987,57,61,513,1544601,3092980,90248,69188600,62789,493227729,462660841,0
1789396392.8479733,53.864,12629538,290372,0,192,76,56,102188,827381,31191509,4825720,2052,61792120,57509912,64771552,0,344608,0,4,1,0,13295626,1224066788,1227165044,57,61,513,1544601,3092980,86152,69188600,62789,493227729,462660841,0
1789396393.098287,54.114,12629838,290472,0,192,76,56,102188,827381,31191568,4825720,2052,61796636,57514428,64771552,0,331932,0,4,1,0,13295640,1224316665,1227415083,57,61,513,1544714,3093206,82983,69188603,62789,493227729,462660841,0
1789396393.3486176,54.364,12630138,290572,0,192,76,56,102189,827381,31191613,4825720,2052,61796384,57514176,64771552,0,323740,0,4,1,0,13295646,1224566897,1227665404,57,61,513,1544708,3093193,80935,69188603,62789,493227729,462660841,0
1789396393.5989757,54.615,12630438,290672,0,192,76,56,102189,827381,31191663,4825720,2052,61796384,57514176,64771552,0,307356,0,4,1,0,13295657,1224816819,1227915497,57,61,513,1544708,3093193,76839,69188603,62789,493227729,462660841,0
1789396393.849347,54.865,12630738,290773,0,192,76,56,102189,827381,31191823,4826004,2452,61796276,57513792,64771552,0,292280,0,4,1,0,13295672,1225066283,1228165209,57,61,613,1544705,3093188,73070,69188612,62789,493227729,462660841,0
1789396394.0996978,55.115,12631038,290872,0,192,76,56,102189,827381,31192172,4826492,3352,61799160,57516120,64771552,0,277568,0,4,1,0,13295720,1225315854,1228415272,57,61,838,1544777,3093332,69392,69188630,62789,493227729,462660841,0
1789396394.3500824,55.366,12631339,290972,0,192,76,56,102189,827381,31192387,4826664,3776,61798876,57515872,64771552,0,267860,0,4,1,0,13295740,1225542952,1228642425,57,61,944,1544770,3093318,66965,69188639,62789,493227729,462660841,0
1789396394.6004293,55.616,12631639,291073,0,192,76,56,102189,827381,31192576,4826664,3776,61798876,57515872,64771552,0,253524,0,4,1,0,13295740,1225792764,1228892237,57,61,944,1544770,3093318,63381,69188640,62789,493227729,462660841,0
1789396394.8508337,55.867,12631938,291173,0,192,76,56,102189,827382,31192767,4826664,3776,61803468,57520464,64771552,0,243848,0,4,1,0,13295755,1226042132,1229141931,57,61,944,1544885,3093547,60962,69188644,62789,493227729,462660841,0
1789396395.1013014,56.117,12632238,291273,0,192,76,56,102189,827382,31192964,4826640,4228,61806328,57523348,64771552,0,228924,0,4,1,0,13295760,1226292108,1229391926,57,61,1057,1544956,3093690,57231,69188652,62789,493227729,462660841,0
1789396395.3517148,56.367,12632538,291373,0,192,76,56,102189,827382,31193089,4826640,4228,61806892,57523912,64771552,0,219024,0,4,1,0,13295763,1226541969,1229641791,57,61,1057,1544970,3093718,54756,69188654,62789,493227729,462660841,0
1789396395.602064,56.618,12632838,291474,0,192,76,56,102190,827382,31193241,4826640,4228,61807452,57524472,64771552,0,204668,0,4,1,0,13295763,1226791781,1229891603,57,61,1057,1544984,3093746,51167,69188654,62789,493227729,462660841,0
1789396395.8524354,56.868,12633138,291574,0,192,76,56,102190,827382,31193361,4826640,4228,61807200,57524220,64771552,0,194592,0,4,1,0,13295765,1227041839,1230141665,57,61,1057,1544978,3093734,48648,69188656,62789,493227729,462660841,0
1789396396.1027827,57.118,12633437,291668,0,192,76,56,102193,827385,31193874,4838856,52032,61818012,57522816,64771552,0,179976,0,4,1,0,13295992,1227275407,1230375585,57,61,13008,1545248,3094274,44994,69189553,62789,493240601,462660841,0
1789396396.35315,57.369,12633756,291729,0,192,76,56,102196,827403,31194861,4916008,77952,61827076,57454464,64771552,0,170240,0,3,2,0,13297107,1227458659,1230608581,57,61,19488,1545468,3094714,42560,69189734,62789,493291481,462660841,0
1789396396.6035025,57.619,12634068,291791,0,192,76,56,102199,827426,31195734,4987304,117596,61843428,57398876,64771552,0,155644,0,3,2,0,13298348,1227634684,1230821050,57,61,29399,1545859,3095499,38911,69189842,62789,493323357,462660841,0
1789396396.8538792,57.87,12634371,291848,0,192,76,56,102216,827450,31196950,5062748,231304,61740980,57220600,64771552,0,146008,0,3,2,0,13299728,1227777488,1230982830,57,61,57826,1543293,3090359,36502,69193247,62789,493374941,462661593,0
1789396397.1043732,58.12,12634679,291892,0,192,76,56,102224,827490,31198422,5199700,331040,61780592,57122660,64771552,0,131172,0,2,3,0,13302960,1227893138,1231117363,57,61,82760,1544266,3092309,32793,69194158,62789,493450861,462661593,0
1789396397.3548787,58.371,12634977,291934,0,192,76,56,102232,827541,31200113,5368440,430896,61814152,56986464,64771552,0,121632,0,1,4,0,13305513,1227985347,1231223885,57,61,107724,1545079,3093936,30408,69195737,62789,493546489,462661593,0
1789396397.6053946,58.621,12635287,291943,0,192,76,56,102253,827600,31203281,5545616,512364,61708088,56701776,64771552,0,106784,0,1,4,0,13306089,1228008456,1231308899,57,61,128091,1542396,3088564,26696,69205143,62789,493642117,462661593,0
1789396397.855874,58.872,12635594,291969,0,192,76,56,102260,827661,31204992,5752852,625156,61771764,56557152,64771552,0,96944,0,1,4,0,13307870,1228062478,1231374475,57,61,156289,1543957,3091690,24236,69205193,62789,493737745,462661593,0
1789396398.1062574,59.122,12635882,291999,0,192,76,56,102274,827728,31206713,5954004,731184,61754520,56336800,64771552,0,82324,0,1,4,0,13309086,1228125828,1231439114,57,61,182796,1543479,3090732,20581,69206946,62789,493833373,462661593,0
1789396398.3567328,59.372,12636154,292030,0,192,76,56,102293,827806,31208770,6137260,823964,61672896,56070820,64771552,0,72512,0,1,5,0,13310487,1228181617,1231496849,57,61,205991,1541414,3086597,18128,69212548,62789,493929001,462661593,0
1789396398.6072278,59.623,12636425,292040,0,192,76,56,102318,827900,31214631,6373500,1015288,61540200,55700328,64771552,0,59552,0,0,5,0,13312231,1228200559,1231515866,57,61,253822,1538063,3079886,14888,69241632,62789,494056505,462661593,0
1789396398.857686,59.873,12636719,292047,0,192,76,56,102337,827981,31216674,6647576,1161836,61480672,55364468,64771552,0,51360,0,0,5,0,13313072,1228216149,1231531487,57,61,290459,1536520,3076798,12840,69243827,62789,494184033,462661593,0
1789396399.1082938,60.124,12637013,292058,0,192,76,56,102358,828055,31219290,6892972,1279728,61394304,55030792,64771552,0,34976,0,0,6,0,13315297,1228241752,1231557195,57,61,319932,1534316,3072383,8744,69248712,62789,494311665,462661593,0
1789396399.3588283,60.375,12637307,292068,0,192,76,56,102375,828134,31221811,7180044,1407540,61387816,54735380,64771552,0,26784,0,0,5,0,13316039,1228262632,1231578124,57,61,351885,1534108,3071968,6696,69250634,62789,494470893,462661593,0
1789396399.609308,60.625,12637604,292077,0,192,76,56,102393,828209,31224121,7411156,1533448,61339580,54454128,64771552,0,9888,0,0,6,0,13317307,1228281632,1231597243,57,61,383362,1532857,3069461,2472,69255468,62789,494576149,462661593,0
1789396399.859818,60.876,12637886,292090,0,192,76,56,102413,828294,31227246,7693584,1646404,61309108,54139568,64771552,0,0,0,0,5,0,13318635,1228308615,1231624266,57,61,411601,1532054,3067855,0,69258130,62789,494745985,462661593,0
1789396400.1103542,61.126,12638173,292098,0,192,76,56,102433,828381,31229507,7955664,1781012,61321452,53888260,64771552,0,0,0,0,8,0,13319022,1228324925,1231640576,57,61,445253,1532320,3068388,0,69260634,62789,494873113,462661637,0
1789396400.3609264,61.377,12638453,292103,0,192,76,56,102450,828478,31233939,8254624,1913300,61355236,53620720,64771552,0,0,0,0,5,0,13319372,1228334376,1231650065,57,61,478325,1533108,3069964,0,69262502,62789,495039789,462661637,0
1789396400.6114311,61.627,12638748,292108,0,192,76,56,102473,828556,31236208,8513032,2039552,61264676,53270044,64771552,0,0,0,0,5,0,13319673,1228344258,1231659947,57,61,509888,1530804,3065352,0,69266426,62789,495172165,462661637,0
1789396400.8619535,61.878,12639045,292113,0,192,76,56,102491,828636,31238546,8807156,2174300,61207376,52916532,64771552,0,0,0,0,5,0,13319990,1228355975,1231671664,57,61,543575,1529322,3062383,0,69268924,62789,495331545,462661637,0
1789396401.1124742,62.128,12639340,292118,0,192,76,56,102512,828714,31240831,9043384,2312584,61187956,52659380,64771552,0,0,0,0,5,0,13320332,1228366669,1231682424,57,61,578247,1528799,3061337,0,69272349,62789,495429149,462661637,0
1789396401.3629746,62.379,12639639,292124,0,192,76,56,102530,828791,31243030,9340068,2451824,61173324,52345712,64771552,0,0,0,0,5,0,13320695,1228380518,1231696273,57,61,612956,1528375,3060488,0,69274069,62789,495586553,462661637,0
1789396401.6134658,62.629,12639922,292128,0,192,76,56,102548,828886,31246133,9609636,2593912,61135116,52035620,64771552,0,0,0,0,5,0,13320960,1228387818,1231703575,57,61,648478,1527353,3058440,0,69275972,62789,495714057,462661637,0
1789396401.8639781,62.88,12640214,292137,0,192,76,56,102573,828962,31248627,9856992,2714072,61024964,51676944,64771552,0,0,0,0,5,0,13321292,1228406965,1231722722,57,61,678518,1524585,3052898,0,69280619,62789,495841561,462662577,0
1789396402.1144729,63.13,12640498,292147,0,192,76,56,102588,829053,31251006,10122924,2849768,61122376,51506056,64771552,0,0,0,1,5,0,13321748,1228426221,1231742024,57,61,712442,1526965,3057664,0,69283180,62789,495971849,462662577,0
1789396402.3649964,63.381,12640785,292152,0,192,76,56,102608,829141,31253490,10409740,2979868,61112752,51207352,64771552,0,0,0,0,6,0,13322142,1228436263,1231752082,57,61,744967,1526661,3057055,0,69286112,62789,496128445,462662577,0
1789396402.6154828,63.631,12641078,292157,0,192,76,56,102630,829220,31255963,10686256,3105648,61005960,50822400,64771552,0,0,0,1,4,0,13322491,1228447565,1231763413,57,61,776412,1523941,3051609,0,69289987,62789,496279569,462662577,0
1789396402.8660448,63.882,12641376,292163,0,192,76,56,102646,829299,31258688,11002772,3253764,61056568,50553864,64771552,0,0,0,0,5,0,13322876,1228463460,1231779307,57,61,813441,1525159,3054047,0,69291391,62789,496447205,462662577,0
1789396403.1165712,64.132,12641670,292167,0,192,76,56,102669,829378,31261220,11275376,3385972,61009892,50233124,64771552,0,0,0,0,6,0,13323295,1228473195,1231789043,57,61,846493,1523948,3051622,0,69295067,62789,496588477,462662577,0
1789396403.3673317,64.383,12641947,292173,0,192,76,56,102685,829480,31264861,11550800,3515128,61012268,49958364,64771552,0,0,0,0,5,0,13323587,1228483833,1231799681,57,61,878782,1523966,3051658,0,69296794,62789,496734109,462662577,0
1789396403.6178374,64.634,12642244,292178,0,192,76,56,102701,829561,31266894,11836648,3673280,61062140,49720112,64771552,0,0,0,0,5,0,13323820,1228493629,1231809477,57,61,918320,1525155,3054039,0,69298630,62789,496861613,462662577,0
1789396403.8683615,64.884,12642539,292181,0,192,76,56,102726,829637,31270208,12096092,3805260,60982504,49378708,64771552,0,0,0,0,5,0,13324230,1228501571,1231817419,57,61,951416,1523105,3049935,0,69302562,62789,496989269,462662577,0
1789396404.119361,65.135,12642814,292187,0,192,76,56,102742,829740,31273107,12430448,3948824,61063040,49122724,64771552,0,0,0,0,6,0,13324588,1228512627,1231828475,57,61,987206,1525065,3053859,0,69304035,62789,497180349,462662577,0
1789396404.3701458,65.386,12643108,292191,0,192,76,56,102765,829818,31275517,12684636,4097132,60965216,48768828,64771552,0,0,0,0,5,0,13324959,1228521987,1231837835,57,61,1024387,1522586,3048895,0,69308194,62789,497285941,462662577,0
1789396404.6209004,65.637,12643402,292201,0,192,76,56,102783,829897,31278197,12993788,4254828,60999304,48491356,64771552,0,0,0,0,5,0,13325391,1228546039,1231861887,57,61,1063707,1523366,3050457,0,69310846,62789,497437541,462662577,0
1789396404.8716245,65.887,12643684,292211,0,192,76,56,102806,829983,31282305,13296772,4408652,61150732,48336580,64771552,0,0,0,0,6,0,13325846,1228564873,1231880740,57,61,1102264,1527067,3057868,0,69313390,62789,497586845,462662577,0
1789396405.1223245,66.138,12643977,292222,0,192,76,56,102828,830055,31285648,13600180,4552356,61511032,48391580,64771552,0,0,0,0,6,0,13326476,1228589308,1231905175,57,61,1138089,1536014,3075783,0,69316674,62789,497746425,462662577,0
1789396405.3731046,66.389,12644266,292234,0,192,76,56,102842,830140,31290234,13981172,4752548,61547848,48045280,64771552,0,0,0,1,5,0,13326984,1228618193,1231934060,57,61,1188265,1536893,3077545,0,69317894,62789,497926961,462662577,0
1789396405.623917,66.64,12644558,292247,0,192,76,56,102872,830207,31293196,14313588,4935596,61562944,47725228,64771552,0,0,0,1,4,0,13327448,1228647659,1231963526,57,61,1234441,1537189,3078137,0,69322587,62789,498074693,462662577,0
1789396405.8746312,66.89,12644855,292261,0,192,76,56,102885,830280,31296955,14586728,5029948,61559812,47447412,64771552,0,0,0,2,3,0,13328002,1228683664,1231999531,57,61,1257487,1537072,3077903,0,69325446,62789,498255241,462662593,0
1789396406.1252434,67.141,12645152,292273,0,192,76,56,102912,830345,31299906,14889304,5173740,61584924,47167564,64771552,0,0,0,0,5,0,13328751,1228711997,1232027864,57,61,1293435,1537639,3079039,0,69329601,62789,498413857,462662593,0
1789396406.3760087,67.392,12645443,292285,0,192,76,56,102927,830426,31303928,15222380,5336392,61578404,46825716,64771552,0,0,0,1,7,0,13329244,1228740161,1232056030,57,61,1334200,1537441,3078642,0,69331503,62789,498584201,462662593,0
1789396406.62677,67.642,12645730,292295,0,192,76,56,102958,830499,31307972,15496608,5467556,62069408,47039568,64771552,0,0,0,0,7,0,13329709,1228762425,1232078294,57,61,1366889,1549605,3102999,0,69335480,62789,498728449,462662593,0
1789396406.8775077,67.893,12646027,292309,0,192,76,56,102975,830571,31311622,15833048,5634376,62060652,46692944,64771552,0,0,0,1,4,0,13330212,1228793034,1232108918,57,61,1408594,1549351,3102490,0,69337583,62789,498897965,462663129,0
1789396407.128244,68.144,12646315,292321,0,192,76,56,102998,830650,31315786,16270796,5917440,62058556,46249024,64771552,0,0,0,0,4,0,13330736,1228822005,1232137900,57,61,1479462,1549197,3102182,0,69342180,62789,499051553,462663129,0
1789396407.3789783,68.395,12646617,292333,0,192,76,56,103017,830716,31319333,16395388,5912736,62264020,46329444,64771552,0,0,0,0,4,0,13331312,1228849603,1232165499,57,61,1478184,1554314,3112428,0,69345086,62789,499181113,462663129,0
1789396407.629706,68.645,12646943,292343,0,192,76,56,103032,830766,31321493,16661500,6059300,62259328,46054552,64771552,0,0,0,0,3,0,13331792,1228884533,1232200429,57,61,1514926,1554095,3111991,0,69346710,62789,499300653,462663129,0
1789396407.880483,68.896,12647238,292344,0,192,76,56,103047,830856,31328413,16631032,6028716,62452232,46276780,64771552,0,0,0,0,11,0,13332173,1228884650,1232200547,57,61,1507179,1558883,3121577,0,69350271,62789,499300769,462663129,0
1789396408.1311917,69.147,12647478,292344,0,192,76,56,103052,831008,31331839,16631032,6028716,62435928,46260468,64771552,0,0,0,0,5,0,13332315,1228884650,1232200547,57,61,1507179,1558476,3120762,0,69360737,62789,499300769,462663129,0
1789396408.381715,69.397,12647719,292344,0,192,76,56,103056,831164,31335648,16631032,6028716,62430232,46254772,64771552,0,0,0,0,5,0,13332520,1228884650,1232200547,57,61,1507179,1558333,3120477,0,69363116,62789,499300769,462663129,0
1789396408.6324356,69.648,12647991,292344,0,192,76,56,103060,831288,31337483,16631032,6028716,62386448,46210988,64771552,0,0,0,0,5,0,13332622,1228884650,1232200547,57,61,1507179,1557240,3118289,0,69371916,62789,499300769,462663129,0
1789396408.8831697,69.899,12648286,292344,0,192,76,56,103063,831391,31338818,16631032,6028716,62376112,46200652,64771552,0,0,0,0,5,0,13332657,1228884650,1232200547,57,61,1507179,1556982,3117772,0,69374746,62789,499300769,462663129,0
1789396409.1338425,70.15,12648558,292344,0,192,76,56,103067,831515,31340111,16631128,6028812,62325188,46149636,64771552,0,0,0,0,7,0,13332766,1228884650,1232200547,57,61,1507203,1555711,3115226,0,69390743,62789,499300769,462663129,0
1789396409.3845887,70.4,12648845,292344,0,192,76,56,103071,831626,31342107,16631128,6028812,62308540,46132984,64771552,0,0,0,0,5,0,13332836,1228884650,1232200547,57,61,1507203,1555295,3114394,0,69397208,62789,499300769,462663129,0
1789396409.6353269,70.651,12649137,292344,0,192,76,56,103073,831733,31343252,16631128,6028812,62308152,46132596,64771552,0,0,0,0,5,0,13332853,1228884650,1232200547,57,61,1507203,1555286,3114375,0,69397385,62789,499300769,462663129,0
1789396409.8860087,70.902,12649425,292344,0,192,76,56,103076,831843,31344738,16631224,6028908,62306168,46130520,64771552,0,0,0,0,6,0,13332885,1228884650,1232200547,57,61,1507227,1555236,3114276,0,69397881,62789,499300769,462663129,0
1789396410.1367857,71.152,12649718,292344,0,192,76,56,103079,831948,31346042,16631224,6028908,62335744,46160096,64771552,0,0,0,0,5,0,13332958,1228884650,1232200547,57,61,1507227,1555975,3115754,0,69397997,62789,499300769,462663129,0
1789396410.3874266,71.403,12650008,292344,0,192,76,56,103082,832056,31347265,16631224,6028908,62335392,46159744,64771552,0,0,0,0,5,0,13332991,1228884650,1232200547,57,61,1507227,1555966,3115736,0,69398057,62789,499300769,462663129,0
1789396410.638102,71.654,12650290,292344,0,192,76,56,103085,832170,31348825,16631320,6029004,62333284,46157540,64771552,0,0,0,0,6,0,13333062,1228884650,1232200547,57,61,1507251,1555913,3115631,0,69399747,62789,499300769,462663129,0
1789396410.8888667,71.905,12650578,292344,0,192,76,56,103088,832281,31349676,16631320,6029004,62336024,46160280,64771552,0,0,0,0,2,0,13333083,1228884650,1232200547,57,61,1507251,1555982,3115768,0,69399801,62789,499300769,462663129,0
1789396411.1393597,72.155,12650870,292344,0,192,76,56,103092,832386,31350492,16631320,6029004,62370984,46195240,64771552,0,0,0,0,5,0,13333114,1228884650,1232200547,57,61,1507251,1556854,3117516,0,69399924,62789,499300769,462663129,0
1789396411.389863,72.406,12651164,292344,0,192,76,56,103093,832490,31351050,16631416,6029100,62370704,46194868,64771552,0,0,0,0,6,0,13333125,1228884650,1232200547,57,61,1507275,1556847,3117502,0,69399939,62789,499300769,462663129,0
1789396411.6403728,72.656,12651446,292344,0,192,76,56,103095,832607,31352493,16631416,6029100,62370452,46194616,64771552,0,0,0,0,5,0,13333196,1228884650,1232200547,57,61,1507275,1556841,3117489,0,69400221,62789,499300769,462663129,0
1789396411.8908978,72.907,12651736,292344,0,192,76,56,103098,832713,31352903,16631416,6028052,62370456,46194616,64771552,0,0,0,0,5,0,13333206,1228884651,1232200547,57,61,1507013,1556841,3117489,0,69400239,62789,499300769,462664041,0
1789396412.1413827,73.157,12652024,292344,0,192,76,56,103100,832825,31354140,16631512,6028148,62413980,46238044,64771552,0,0,0,0,5,0,13333264,1228884651,1232200547,57,61,1507037,1557928,3119665,0,69400444,62789,499300769,462664041,0
1789396412.3918996,73.408,12652291,292344,0,192,76,56,103103,832956,31354981,16631512,6028284,62409644,46233708,64771552,0,0,0,0,7,0,13333307,1228884651,1232200547,57,61,1507071,1557819,3119448,0,69401045,62789,499300769,462664185,0
1789396412.6423905,73.658,12652555,292344,0,192,76,56,103105,833089,31356601,16631512,6028284,62408820,46232884,64771552,0,0,0,0,5,0,13333391,1228884651,1232200547,57,61,1507071,1557799,3119407,0,69401639,62789,499300769,462664185,0
1789396412.892882,73.909,12652848,292344,0,192,76,56,103108,833194,31357124,16631608,6028380,62408848,46232820,64771552,0,0,0,0,5,0,13333406,1228884651,1232200547,57,61,1507095,1557800,3119408,0,69401639,62789,499300769,462664185,0
1789396413.143362,74.159,12653141,292344,0,192,76,56,103111,833299,31357716,16631608,6028380,62436012,46259984,64771552,0,0,0,0,5,0,13333468,1228884651,1232200547,57,61,1507095,1558478,3120766,0,69403731,62789,499300769,462664185,0
1789396413.3938732,74.41,12653430,292344,0,192,76,56,103115,833406,31358855,16631608,6028380,62432356,46256316,64771552,0,0,0,0,5,0,13333504,1228884651,1232200547,57,61,1507095,1558386,3120583,0,69404134,62789,499300769,462664185,0
1789396413.644382,74.66,12653727,292344,0,192,76,56,103117,833507,31359255,16631704,6028476,62432200,46256068,64771552,0,0,0,0,6,0,13333512,1228884651,1232200547,57,61,1507119,1558382,3120576,0,69404143,62789,499300769,462664185,0
1789396413.8948946,74.911,12654006,292344,0,192,76,56,103120,833626,31360707,16631704,6028476,62426200,46250064,64771552,0,0,0,0,5,0,13333570,1228884651,1232200547,57,61,1507119,1558233,3120276,0,69406748,62789,499300769,462664185,0
1789396414.1453767,75.161,12654297,292344,0,192,76,56,103124,833732,31361182,16631704,6028476,62428996,46252856,64771552,0,0,0,0,5,0,13333614,1228884651,1232200547,57,61,1507119,1558302,3120415,0,69411219,62789,499300769,462664185,0
1789396414.3959053,75.412,12654593,292344,0,192,76,56,103127,833833,31361513,16631800,6028572,62427636,46251404,64771552,0,0,0,0,5,0,13333623,1228884651,1232200547,57,61,1507143,1558269,3120348,0,69411223,62789,499300769,462664185,0
1789396414.6463733,75.662,12654891,292344,0,192,76,56,103129,833933,31362212,16631800,6028572,62425676,46249444,64771552,0,0,0,0,5,0,13333655,1228884651,1232200547,57,61,1507143,1558220,3120250,0,69411253,62789,499300769,462664185,0
1789396414.896884,75.913,12655187,292344,0,192,76,56,103132,834035,31363187,16631800,6028572,62425676,46249444,64771552,0,0,0,0,5,0,13333676,1228884651,1232200547,57,61,1507143,1558220,3120250,0,69411283,62789,499300769,462664185,0
1789396415.1473634,76.163,12655472,292344,0,192,76,56,103135,834146,31364786,16631896,6028668,62441412,46265084,64771552,0,0,0,0,5,0,13334075,1228884651,1232200547,57,61,1507167,1558612,3121036,0,69412194,62789,499300769,462664185,0
1789396415.3978562,76.414,12655767,292344,0,192,76,56,103138,834249,31365110,16631896,6028668,62441084,46264752,64771552,0,0,0,0,6,0,13334082,1228884651,1232200547,57,61,1507167,1558604,3121020,0,69412200,62789,499300769,462664185,0
1789396415.648352,76.664,12656061,292344,0,192,76,56,103140,834353,31365609,16631896,6028668,62441084,46264752,64771552,0,0,0,0,5,0,13334093,1228884651,1232200547,57,61,1507167,1558604,3121020,0,69412250,62789,499300769,462664185,0
1789396415.8988655,76.915,12656351,292344,0,192,76,56,103143,834459,31366386,16631992,6028764,62440116,46263692,64771552,0,0,0,0,5,0,13334119,1228884651,1232200547,57,61,1507191,1558580,3120971,0,69412605,62789,499300769,462664185,0
1789396416.1493466,77.165,12656641,292344,0,192,76,56,103145,834568,31366828,16631992,6028764,62472940,46296516,64771552,0,0,0,0,5,0,13334237,1228884651,1232200547,57,61,1507191,1559399,3122612,0,69412614,62789,499300769,462664185,0
1789396416.399832,77.416,12656928,292344,0,192,76,56,103150,834677,31368409,16632088,6028860,62470796,46294276,64771552,0,0,0,0,9,0,13334415,1228884651,1232200547,57,61,1507215,1559346,3122505,0,69413542,62789,499300769,462664185,0
1789396416.6503327,77.666,12657218,292344,0,192,76,56,103152,834785,31369088,16632088,6028860,62469272,46292752,64771552,0,0,0,0,5,0,13334439,1228884651,1232200547,57,61,1507215,1559308,3122429,0,69414121,62789,499300769,462664185,0
1789396416.9008453,77.917,12657509,292344,0,192,76,56,103155,834891,31370171,16632088,6028860,62468012,46291492,64771552,0,0,0,0,5,0,13334465,1228884651,1232200547,57,61,1507215,1559276,3122366,0,69414881,62789,499300769,462664185,0
1789396417.1513112,78.167,12657806,292344,0,192,76,56,103158,834993,31370866,16632184,6028956,62486808,46310196,64771552,0,0,0,0,5,0,13335007,1228884651,1232200547,57,61,1507239,1559746,3123305,0,69415247,62789,499300769,462664185,0
1789396417.4018002,78.417,12658105,292344,0,192,76,56,103161,835091,31371181,16632184,6028956,62486612,46310000,64771552,0,0,0,0,5,0,13335017,1228884651,1232200547,57,61,1507239,1559741,3123296,0,69415259,62789,499300769,462664185,0
1789396417.6522596,78.668,12658404,292344,0,192,76,56,103163,835191,31371436,16632184,6028956,62486612,46310000,64771552,0,0,0,0,5,0,13335020,1228884651,1232200547,57,61,1507239,1559741,3123296,0,69415265,62789,499300769,462664185,0
1789396417.902753,78.918,12658692,292344,0,192,76,56,103165,835301,31372692,16632280,6029052,62483780,46307068,64771552,0,0,0,0,6,0,13335078,1228884651,1232200547,57,61,1507263,1559670,3123154,0,69416287,62789,499300769,462664185,0
1789396418.15326,79.169,12658978,292344,0,192,76,56,103171,835410,31373326,16632280,6029052,62482096,46305384,64771552,0,0,0,1,4,0,13335143,1228884715,1232200612,57,61,1507263,1559628,3123070,0,69418936,62789,499300773,462664185,0
1789396418.4037573,79.419,12659278,292344,0,192,76,56,103173,835509,31373516,16632292,6029052,62481996,46305272,64771552,0,0,0,0,5,0,13335165,1228885095,1232200991,57,61,1507263,1559626,3123065,0,69418948,62790,499300781,462664185,0
1789396418.6542175,79.67,12659630,292344,0,192,76,56,103173,835557,31373600,16632292,6029052,62481996,46305272,64771552,0,0,0,0,2,0,13335173,1228885095,1232200991,57,61,1507263,1559626,3123065,0,69418948,62790,499300781,462664185,0
1789396418.904672,79.92,12660006,292344,0,192,76,56,103173,835582,31373639,16632292,6029052,62481996,46305272,64771552,0,0,0,0,2,0,13335187,1228885095,1232200991,57,61,1507263,1559626,3123065,0,69418949,62790,499300781,462664185,0
1789396419.1550586,80.171,12660378,292344,0,192,76,56,103175,835608,31373827,16671924,6068684,62483076,46266720,64771552,0,0,0,0,2,0,13336322,1228885095,1232200991,57,61,1517171,1559653,3123119,0,69418955,62790,499300781,462664185,0
1789396419.4055526,80.421,12660754,292344,0,192,76,56,103177,835631,31373866,16734132,6130892,62481836,46202464,64771552,0,0,0,0,2,0,13336341,1228885095,1232200991,57,61,1532723,1559601,3123016,0,69418956,62790,499300781,462664185,0
1789396419.6559744,80.672,12661129,292344,0,192,76,56,103179,835654,31373909,16778904,6175664,62480068,46154712,64771552,0,0,0,0,2,0,13336341,1228885095,1232200991,57,61,1543916,1559527,3122867,0,69418957,62790,499300781,462664185,0
1789396419.9063466,80.922,12661505,292344,0,192,76,56,103182,835676,31373958,16778904,6175664,62448796,46123440,64771552,0,0,0,0,2,0,13336361,1228885095,1232200991,57,61,1543916,1558746,3121304,0,69427186,62790,499300781,462664185,0
1789396420.1567707,81.172,12661880,292344,0,192,76,56,103188,835695,31374139,16779024,6175784,62329732,46004092,64771552,0,0,0,0,2,0,13336469,1228885095,1232200991,57,61,1543946,1555770,3115344,0,69460190,62790,499300781,462664185,0
1789396420.4072359,81.423,12662256,292344,0,192,76,56,103195,835714,31374305,16779024,6175784,62177744,45852104,64771552,0,0,0,0,2,0,13336500,1228885095,1232200991,57,61,1543946,1551976,3107747,0,69498039,62790,499300781,462664185,0
1789396420.6576679,81.673,12662630,292344,0,192,76,56,103201,835733,31374454,16779024,6175784,62040788,45715148,64771552,0,0,0,0,2,0,13336518,1228885095,1232200991,57,61,1543946,1548557,3100901,0,69532628,62790,499300781,462664185,0
1789396420.9081569,81.924,12663006,292344,0,192,76,56,103203,835757,31374503,16779024,6175784,62016548,45690908,64771552,0,0,0,0,2,0,13336535,1228885095,1232200991,57,61,1543946,1547952,3099689,0,69538220,62790,499300781,462664185,0
1789396421.158538,82.174,12663381,292344,0,192,76,56,103203,835782,31374546,16779024,6175784,62019004,45693364,64771552,0,0,0,0,2,0,13336654,1228885095,1232200991,57,61,1543946,1548013,3099812,0,69538220,62790,499300781,462664185,0
1789396421.4089124,82.425,12663757,292344,0,192,76,56,103203,835807,31374591,16779024,6175784,62023136,45697496,64771552,0,0,0,0,2,0,13336657,1228885095,1232200991,57,61,1543946,1548116,3100018,0,69538221,62790,499300781,462664185,0
1789396421.6592646,82.675,12664132,292344,0,192,76,56,103203,835832,31374647,16779024,6175784,62024304,45698664,64771552,0,0,0,0,2,0,13336657,1228885095,1232200991,57,61,1543946,1548145,3100077,0,69538222,62790,499300781,462664185,0
1789396421.9095907,82.925,12664508,292344,0,192,76,56,103203,835857,31374688,16779024,6175784,62027672,45702032,64771552,0,0,0,0,2,0,13336657,1228885095,1232200991,57,61,1543946,1548230,3100245,0,69538222,62790,499300781,462664185,0
1789396422.1599424,83.176,12664883,292344,0,192,76,56,103203,835882,31374735,16779024,6175784,62030008,45704368,64771552,0,0,0,0,2,0,13336809,1228885095,1232200991,57,61,1543946,1548288,3100362,0,69538224,62790,499300781,462664185,0
1789396422.4102757,83.426,12665258,292344,0,192,76,56,103203,835907,31374778,16779024,6175784,62031100,45705460,64771552,0,0,0,0,2,0,13336846,1228885095,1232200991,57,61,1543946,1548315,3100416,0,69538224,62790,499300781,462664185,0
1789396422.6605973,83.676,12665634,292344,0,192,76,56,103203,835932,31374823,16779024,6175784,62031100,45705460,64771552,0,0,0,0,2,0,13336866,1228885095,1232200991,57,61,1543946,1548315,3100416,0,69538226,62790,499300781,462664185,0
1789396422.9109523,83.927,12666008,292344,0,192,76,56,103203,835958,31375208,16779024,6175784,62030532,45704892,64771552,0,0,0,0,2,0,13336898,1228885095,1232200991,57,61,1543946,1548301,3100388,0,69538474,62790,499300781,462664185,0
1789396423.1614306,84.177,12666383,292344,0,192,76,56,103203,835983,31375249,16779024,6175784,62032652,45707012,64771552,0,0,0,0,2,0,13337010,1228885095,1232200991,57,61,1543946,1548354,3100494,0,69538475,62790,499300781,462664185,0
1789396423.4118164,84.428,12666759,292344,0,192,76,56,103203,836008,31375286,16779024,6175784,62034984,45709344,64771552,0,0,0,0,2,0,13337010,1228885095,1232200991,57,61,1543946,1548412,3100611,0,69538476,62790,499300781,462664185,0
1789396423.662148,84.678,12667134,292344,0,192,76,56,103203,836033,31375329,16779024,6175784,62034984,45709344,64771552,0,0,0,0,2,0,13337032,1228885095,1232200991,57,61,1543946,1548412,3100611,0,69538477,62790,499300781,462664185,0
1789396423.9124827,84.928,12667510,292344,0,192,76,56,103203,836058,31375372,16779024,6175784,62040788,45715148,64771552,0,0,0,0,2,0,13337032,1228885095,1232200991,57,61,1543946,1548557,3100901,0,69538477,62790,499300781,462664185,0
1789396424.1628246,85.179,12667885,292344,0,192,76,56,103203,836083,31375440,16779024,6175784,62045436,45719796,64771552,0,0,0,0,2,0,13337139,1228885095,1232200991,57,61,1543946,1548673,3101133,0,69538478,62790,499300781,462664221,0
1789396424.4131384,85.429,12668260,292344,0,192,76,56,103203,836108,31375521,16779024,6175784,62045436,45719796,64771552,0,0,0,0,2,0,13337170,1228885095,1232200991,57,61,1543946,1548673,3101133,0,69538479,62790,499300781,462664221,0
1789396424.6634712,85.679,12668636,292344,0,192,76,56,103203,836134,31375564,16779024,6175784,62045436,45719796,64771552,0,0,0,0,2,0,13337188,1228885095,1232200991,57,61,1543946,1548673,3101133,0,69538481,62790,499300781,462664221,0
1789396424.91383,85.93,12669011,292344,0,192,76,56,103203,836159,31375631,16779024,6175784,62045436,45719796,64771552,0,0,0,0,2,0,13337204,1228885095,1232200991,57,61,1543946,1548673,3101133,0,69538481,62790,499300781,462664221,0
1789396425.1643133,86.18,12669384,292344,0,192,76,56,103205,836186,31375680,16796496,6193256,62050968,45707452,64771552,0,0,0,0,3,0,13337309,1228885095,1232200991,57,61,1548314,1548801,3101389,0,69538494,62790,499300781,462664221,0
1789396425.4148173,86.431,12669750,292344,0,192,76,56,103216,836209,31375965,16854628,4505488,62046652,45643580,64771552,0,1738396,0,0,2,0,13338413,1228885955,1232201958,57,61,1126372,1548658,3101103,434599,69538494,62790,499300809,464410269,0
1789396425.6651723,86.681,12670125,292344,0,192,76,56,103218,836232,31376047,16913332,4564192,62059772,45596320,64771552,0,1721984,0,0,2,0,13341432,1228886130,1232202757,57,61,1141048,1548943,3101674,430496,69538495,62790,499300809,464410269,0
1789396425.9155228,86.931,12670500,292344,0,192,76,56,103220,836255,31376104,16971800,4622660,62072880,45549328,64771552,0,1714032,0,0,2,0,13343524,1228886130,1232203708,57,61,1155665,1549230,3102248,428508,69538496,62790,499300809,464410269,0
1789396426.1659224,87.182,12670876,292344,0,192,76,56,103222,836278,31376165,17030392,4681252,62077744,45493996,64771552,0,1697288,0,0,2,0,13344644,1228886130,1232204471,57,61,1170313,1549311,3102410,424322,69538497,62790,499300809,464410269,0
1789396426.4164324,87.432,12671251,292344,0,192,76,56,103223,836302,31376226,17088744,4739604,62065724,45421804,64771552,0,1689888,0,0,2,0,13344950,1228886130,1232204716,57,61,1184901,1548965,3101718,422472,69538498,62790,499300809,464410269,0
1789396426.6668162,87.683,12671627,292344,0,192,76,56,103226,836325,31376284,17147068,4797928,62069016,45365252,64771552,0,1673504,0,0,2,0,13347349,1228886130,1232205174,57,61,1199482,1549010,3101808,418376,69538498,62790,499300809,464410269,0
1789396426.9171762,87.933,12672002,292344,0,192,76,56,103227,836348,31376341,17205768,4856628,62063668,45299620,64771552,0,1664304,0,0,2,0,13348025,1228886428,1232205480,57,61,1214157,1548837,3101462,416076,69538499,62790,499300809,464410269,0
1789396427.1675022,88.183,12672378,292344,0,192,76,56,103230,836371,31376389,17263828,4914688,62068568,45244844,64771552,0,1656112,0,0,2,0,13350690,1228886428,1232205948,57,61,1228672,1548919,3101626,414028,69538500,62790,499300809,464410269,0
1789396427.4178813,88.434,12672753,292344,0,192,76,56,103232,836393,31376447,17321892,4972752,62057280,45173876,64771552,0,1638952,0,0,2,0,13352354,1228886428,1232206409,57,61,1243188,1548597,3100981,409738,69538502,62790,499300809,464410269,0
1789396427.6682339,88.684,12673114,292344,0,192,76,56,103237,836427,31377113,17342992,4993592,62043596,45138308,64771552,0,1630752,0,0,2,0,13352394,1228886433,1232206416,57,61,1248398,1548236,3100257,407688,69542986,62790,499300809,464410269,0
1789396427.9187207,88.934,12673490,292344,0,192,76,56,103239,836450,31377173,17342992,4993592,62043596,45138308,64771552,0,1614344,0,0,2,0,13356008,1228886433,1232207285,57,61,1248398,1548236,3100257,403586,69542987,62790,499300809,464410269,0
1789396428.1690826,89.185,12673865,292344,0,192,76,56,103241,836473,31377227,17342992,4993592,62044412,45139124,64771552,0,1606152,0,0,2,0,13356570,1228886433,1232207480,57,61,1248398,1548256,3100298,401538,69542987,62790,499300809,464410269,0
1789396428.4194376,89.435,12674240,292344,0,192,76,56,103244,836495,31377325,17342992,4993592,62044412,45139124,64771552,0,1589768,0,0,2,0,13358487,1228886433,1232207625,57,61,1248398,1548256,3100298,397442,69542989,62790,499300809,464410269,0
1789396428.66982,89.686,12674616,292344,0,192,76,56,103245,836520,31377380,17342992,4993592,62044124,45138836,64771552,0,1581576,0,0,2,0,13358778,1228886433,1232207805,57,61,1248398,1548249,3100284,395394,69543031,62790,499300809,464410269,0
1789396428.92028,89.936,12674991,292344,0,192,76,56,103245,836545,31377432,17342992,4993592,62044124,45138836,64771552,0,1565176,0,0,2,0,13358999,1228886433,1232208312,57,61,1248398,1548249,3100284,391294,69543032,62790,499300809,464410269,0
1789396429.1706183,90.186,12675367,292344,0,192,76,56,103245,836570,31377484,17342992,4993592,62041508,45136220,64771552,0,1556984,0,0,2,0,13361341,1228886433,1232208802,57,61,1248398,1548184,3100153,389246,69543536,62790,499300809,464410269,0
1789396429.4210186,90.437,12675742,292344,0,192,76,56,103245,836595,31377554,17342992,4993592,62042196,45136900,64771552,0,1540592,0,0,2,0,13362706,1228886433,1232209625,57,61,1248398,1548201,3100187,385148,69543825,62790,499300809,464410269,0
1789396429.67145,90.687,12676118,292344,0,192,76,56,103245,836620,31377600,17342992,4993592,62038560,45133264,64771552,0,1532400,0,0,2,0,13364228,1228886433,1232210133,57,61,1248398,1548110,3100006,383100,69544691,62790,499300809,464410269,0
1789396429.921865,90.938,12676493,292344,0,192,76,56,103245,836645,31377660,17342992,4993592,62038164,45132868,64771552,0,1516016,0,0,2,0,13367519,1228886433,1232210664,57,61,1248398,1548100,3099986,379004,69545270,62790,499300809,464410269,0
1789396430.172281,91.188,12676868,292344,0,192,76,56,103246,836670,31377709,17342992,4993592,62037524,45132228,64771552,0,1507824,0,0,2,0,13367760,1228886433,1232210792,57,61,1248398,1548084,3099954,376956,69545846,62790,499300809,464410269,0
1789396430.4226577,91.438,12677244,292344,0,192,76,56,103246,836695,31377792,17342992,4993788,62036992,45131672,64771552,0,1491512,0,0,2,0,13370051,1228886433,1232212207,57,61,1248447,1548071,3099927,372878,69545847,62790,499300809,464410509,0
1789396430.6730754,91.689,12677619,292344,0,192,76,56,103246,836720,31377858,17342992,4993788,62025536,45120216,64771552,0,1483268,0,0,2,0,13370558,1228886433,1232212553,57,61,1248447,1547785,3099354,370817,69546431,62790,499300809,464410509,0
1789396430.9234781,91.939,12677981,292344,0,192,76,56,103259,836746,31378049,17342844,2366772,62022232,45116912,64771552,0,4094244,0,0,2,0,13374594,1228886881,1232213133,57,61,591693,1547702,3099189,1023561,69547106,62790,499300873,467037633,0
1789396431.173918,92.19,12678356,292344,0,192,76,56,103259,836770,31378100,17342844,2366772,62021916,45116596,64771552,0,4086024,0,0,2,0,13374977,1228886881,1232213200,57,61,591693,1547694,3099173,1021506,69548018,62790,499300873,467037633,0
1789396431.4243016,92.44,12678732,292344,0,192,76,56,103259,836795,31378178,17342844,2365132,62023232,45117912,64771552,0,4069592,0,0,2,0,13376631,1228886881,1232213793,57,61,591283,1547727,3099239,1017398,69548291,62790,499300873,467039253,0
1789396431.674758,92.69,12679107,292344,0,192,76,56,103259,836821,31378231,17342844,2365132,62018392,45113072,64771552,0,4061424,0,0,2,0,13376843,1228886881,1232213992,57,61,591283,1547606,3098997,1015356,69549174,62790,499300873,467039253,0
1789396431.9251275,92.941,12679482,292344,0,192,76,56,103259,836846,31378287,17342844,2365132,62015644,45110324,64771552,0,4045044,0,0,2,0,13378273,1228886881,1232214439,57,61,591283,1547538,3098860,1011261,69549896,62790,499300873,467039253,0
1789396432.17553,93.191,12679858,292344,0,192,76,56,103259,836871,31378346,17342844,2365132,62017692,45112372,64771552,0,4037108,0,0,2,0,13379835,1228886881,1232214593,57,61,591283,1547589,3098962,1009277,69550171,62790,499300873,467039253,0
1789396432.425937,93.442,12680233,292344,0,192,76,56,103260,836896,31378458,17343144,2365040,62017544,45111908,64771552,0,4020172,0,0,2,0,13382756,1228886881,1232215427,57,61,591260,1547585,3098955,1005043,69550172,62790,499300873,467039253,0
1789396432.6763427,93.692,12680609,292344,0,192,76,56,103260,836921,31378508,17343144,2365040,62017544,45111908,64771552,0,4011980,0,0,2,0,13382920,1228886881,1232215547,57,61,591260,1547585,3098955,1002995,69550173,62790,499300873,467039253,0
1789396432.9267523,93.942,12680984,292344,0,192,76,56,103260,836946,31378571,17343144,2365040,62017544,45111908,64771552,0,3995588,0,0,2,0,13385191,1228886968,1232216069,57,61,591260,1547585,3098955,998897,69550174,62790,499300873,467039253,0
1789396433.1771812,94.193,12681360,292344,0,192,76,56,103262,836969,31378624,17394336,2416232,62012252,45054284,64771552,0,3987396,0,0,2,0,13386771,1228887085,1232216192,57,61,604058,1547424,3098632,996849,69550175,62790,499300873,467039253,0
1789396433.4276712,94.443,12681735,292345,0,192,76,56,103265,836991,31378691,17452196,2474092,62012600,44995092,64771552,0,3971004,0,0,2,0,13387801,1228888179,1232217308,57,61,618523,1547390,3098565,992751,69550175,62790,499300873,467039253,0
1789396433.678129,94.694,12682110,292345,0,192,76,56,103266,837015,31378741,17510264,2532160,62015508,44938316,64771552,0,3962812,0,0,2,0,13389380,1228888179,1232217775,57,61,633040,1547423,3098629,990703,69550177,62790,499300873,467039253,0
1789396433.928504,94.944,12682486,292345,0,192,76,56,103269,837038,31378794,17568336,2590232,62018416,44881540,64771552,0,3946420,0,0,2,0,13391017,1228888179,1232218224,57,61,647558,1547455,3098694,986605,69550177,62790,499300873,467039253,0
1789396434.178952,95.195,12682861,292345,0,192,76,56,103271,837060,31378841,17626264,2648160,62007060,44810892,64771552,0,3938228,0,0,2,0,13391294,1228888179,1232218224,57,61,662040,1547127,3098038,984557,69550179,62790,499300873,467039253,0
1789396434.4293365,95.445,12683236,292345,0,192,76,56,103274,837083,31378924,17684344,2706252,62010228,44754124,64771552,0,3921836,0,0,2,0,13395905,1228888187,1232219223,57,61,676563,1547170,3098124,980459,69550179,62790,499300873,467039273,0
1789396434.6797447,95.695,12683612,292345,0,192,76,56,103275,837107,31378991,17742408,2764316,62013252,44697460,64771552,0,3913644,0,0,5,0,13396057,1228888187,1232219223,57,61,691079,1547205,3098194,978411,69550188,62790,499300873,467039273,0
1789396434.9301324,95.946,12683987,292345,0,192,76,56,103278,837130,31379068,17800584,2822492,62018392,44642940,64771552,0,3897252,0,0,2,0,13397201,1228888187,1232219889,57,61,705623,1547297,3098377,974313,69550197,62790,499300873,467039273,0
1789396435.180522,96.196,12684362,292345,0,192,76,56,103280,837152,31379118,17858648,2880556,62022388,44587244,64771552,0,3889060,0,0,2,0,13398255,1228888187,1232219889,57,61,720139,1547356,3098496,972265,69550198,62790,499300873,467039273,0
1789396435.4309206,96.447,12684738,292345,0,192,76,56,103283,837175,31379179,17906968,2929064,62022516,44537436,64771552,0,3872668,0,0,2,0,13401295,1228888187,1232220876,57,61,732266,1547319,3098421,968167,69550318,62790,499300873,467039601,0
1789396435.68133,96.697,12685113,292345,0,192,76,56,103285,837197,31379236,17906968,2929064,62022516,44537436,64771552,0,3864476,0,0,2,0,13401463,1228888187,1232220876,57,61,732266,1547319,3098421,966119,69550379,62790,499300873,467039601,0
1789396435.931728,96.947,12685489,292345,0,192,76,56,103288,837220,31379293,17906988,2929084,62022384,44537244,64771552,0,3848084,0,0,2,0,13402634,1228888187,1232221334,57,61,732271,1547315,3098413,962021,69550439,62790,499300873,467039601,0
1789396436.182143,97.198,12685864,292345,0,192,76,56,103291,837242,31379354,17906988,2929084,62022384,44537244,64771552,0,3839892,0,0,2,0,13402883,1228888187,1232221334,57,61,732271,1547315,3098413,959973,69550501,62790,499300873,467039601,0
1789396436.432536,97.448,12686232,292345,0,192,76,56,103300,837266,31379557,17906808,1543948,62022624,44537484,64771552,0,5216832,0,1,2,0,13403715,1228888443,1232221651,57,61,385987,1547320,3098425,1304208,69551087,62790,499300917,468425009,0
1789396436.6830146,97.699,12686607,292345,0,192,76,56,103300,837291,31379750,17907076,1543700,62022440,44536996,64771552,0,5200700,0,0,2,0,13404793,1228888497,1232221709,57,61,385925,1547315,3098415,1300175,69551720,62790,499300917,468425009,0
1789396436.9333854,97.949,12686982,292345,0,192,76,56,103300,837316,31379812,17907076,1543700,62016784,44531340,64771552,0,5184308,0,0,2,0,13406867,1228888497,1232222610,57,61,385925,1547174,3098132,1296077,69552587,62790,499300917,468425009,0
1789396437.1837187,98.199,12687358,292345,0,192,76,56,103300,837341,31379855,17907076,1543700,62016392,44530948,64771552,0,5176116,0,0,2,0,13407114,1228888497,1232222610,57,61,385925,1547165,3098112,1294029,69552876,62790,499300917,468425009,0
1789396437.434073,98.45,12687733,292345,0,192,76,56,103300,837366,31379918,17907076,1543700,62013368,44527924,64771552,0,5159724,0,0,2,0,13410413,1228888497,1232223879,57,61,385925,1547089,3097961,1289931,69553742,62790,499300917,468425009,0
1789396437.68442,98.7,12688108,292345,0,192,76,56,103300,837391,31379970,17907076,1543700,62013368,44527924,64771552,0,5151532,0,0,2,0,13410555,1228888497,1232223879,57,61,385925,1547089,3097961,1287883,69554414,62790,499300917,468425009,0
1789396437.9347796,98.95,12688484,292345,0,192,76,56,103300,837416,31380033,17907076,1543700,62005692,44520248,64771552,0,5143332,0,0,2,0,13410555,1228888501,1232223883,57,61,385925,1546897,3097577,1285833,69554929,62790,499300917,468425009,0
1789396438.1851099,99.201,12688859,292345,0,192,76,56,103300,837441,31380094,17907076,1543700,62005304,44519860,64771552,0,5126948,0,0,2,0,13410823,1228888505,1232223887,57,61,385925,1546888,3097558,1281737,69554929,62790,499300917,468425009,0
1789396438.4354603,99.451,12689234,292345,0,192,76,56,103301,837466,31380169,17907076,1543700,62005304,44519860,64771552,0,5110556,0,0,2,0,13412069,1228888505,1232225261,57,61,385925,1546888,3097558,1277639,69555436,62790,499300917,468425009,0
1789396438.6857924,99.701,12689610,292345,0,192,76,56,103301,837491,31380221,17907076,1543700,62005304,44519860,64771552,0,5102364,0,0,2,0,13412503,1228888505,1232225261,57,61,385925,1546888,3097558,1275591,69556084,62790,499300917,468425009,0
1789396438.936132,99.952,12689985,292345,0,192,76,56,103301,837516,31380271,17907076,1543700,62004496,44519052,64771552,0,5094164,0,0,3,0,13412738,1228888505,1232225784,57,61,385925,1546868,3097518,1273541,69556951,62790,499300917,468425009,0
1789396439.1864514,100.202,12690360,292345,0,192,76,56,103301,837541,31380323,17907076,1543700,62000660,44515216,64771552,0,5077988,0,0,3,0,13413102,1228888505,1232225786,57,61,385925,1546772,3097326,1269497,69557240,62790,499300917,468425009,0
1789396439.4367905,100.452,12690736,292345,0,192,76,56,103301,837566,31380390,17907076,1543700,61999448,44514004,64771552,0,5061448,0,0,2,0,13414870,1228888505,1232226265,57,61,385925,1546742,3097265,1265362,69558107,62790,499300917,468425009,0
1789396439.687129,100.703,12691111,292345,0,192,76,56,103302,837591,31380439,17907076,1543700,61997428,44511984,64771552,0,5053548,0,0,2,0,13415000,1228888505,1232226265,57,61,385925,1546691,3097164,1263387,69558773,62790,499300917,468425009,0
1789396439.937452,100.953,12691486,292345,0,192,76,56,103302,837616,31380516,17907076,1543684,61995612,44510168,64771552,0,5044996,0,0,2,0,13415147,1228888505,1232226265,57,61,385921,1546646,3097074,1261249,69559249,62790,499300917,468425009,0
1789396440.1878111,101.203,12691862,292345,0,192,76,56,103302,837641,31380586,17907076,1543684,61995432,44509988,64771552,0,5028612,0,0,2,0,13415330,1228888505,1232226292,57,61,385921,1546641,3097065,1257153,69559250,62790,499300917,468425009,0
1789396440.438133,101.454,12692237,292345,0,192,76,56,103302,837666,31380694,17907076,1543876,61991636,44506192,64771552,0,5012220,0,0,2,0,13416593,1228888509,1232227179,57,61,385969,1546547,3096875,1253055,69559250,62790,499300917,468425345,0
1789396440.6884794,101.704,12692612,292345,0,192,76,56,103302,837691,31380759,17907076,1543880,61991636,44506192,64771552,0,5004028,0,0,2,0,13417744,1228888509,1232227179,57,61,385970,1546547,3096875,1251007,69559256,62790,499300917,468425345,0
1789396440.938919,101.955,12692988,292345,0,192,76,56,103303,837714,31380802,17956632,1593436,61983708,44447496,64771552,0,4995828,0,0,2,0,13417900,1228888509,1232227179,57,61,398359,1546318,3096418,1248957,69559257,62790,499300917,468425345,0
1789396441.1892507,102.205,12693363,292345,0,192,76,56,103306,837737,31380858,18014692,1651496,61987416,44391528,64771552,0,4979556,0,0,2,0,13419636,1228888509,1232227629,57,61,412874,1546371,3096523,1244889,69559259,62790,499300917,468425345,0
1789396441.4395847,102.455,12693738,292345,0,192,76,56,103308,837760,31380918,18072760,1709564,61982452,44326868,64771552,0,4971292,0,1,2,0,13419819,1228888509,1232227629,57,61,427494,1546216,3096214,1242823,69559260,62790,499300917,468425345,0
1789396441.6899323,102.706,12694111,292345,0,192,76,56,103312,837783,31381006,18130988,1401064,61977932,44262676,64771552,0,5321920,0,0,2,0,13421723,1228888529,1232227708,57,61,350266,1546058,3095897,1330480,69559261,62790,499300929,468792361,0
1789396441.9402587,102.956,12694487,292345,0,192,76,56,103314,837806,31381062,18188700,1458776,61980460,44205500,64771552,0,5305532,0,0,2,0,13422960,1228888529,1232228653,57,61,364694,1546071,3095923,1326383,69559261,62790,499300929,468792361,0
1789396442.1905866,103.206,12694862,292345,0,192,76,56,103317,837829,31381115,18246548,1516624,61983076,44148716,64771552,0,5297380,0,0,2,0,13424283,1228888529,1232228911,57,61,379156,1546138,3096057,1324345,69559262,62790,499300929,468792361,0
1789396442.4411092,103.457,12695238,292345,0,192,76,56,103319,837852,31381172,18304612,1574688,61979824,44085784,64771552,0,5289144,0,0,2,0,13424537,1228888529,1232228911,57,61,393672,1545976,3095733,1322286,69559263,62790,499300929,468792361,0
1789396442.6915746,103.707,12695613,292346,0,192,76,56,103321,837875,31381252,18362684,1632760,61982328,44028600,64771552,0,5272880,0,0,2,0,13424631,1228888548,1232228930,57,61,408190,1545999,3095778,1318220,69559265,62790,499300929,468792361,0
1789396442.9420075,103.958,12695989,292346,0,192,76,56,103324,837897,31381298,18420748,1690824,61976744,43963328,64771552,0,5264528,0,0,2,0,13426223,1228888548,1232229390,57,61,422706,1545819,3095417,1316132,69559265,62790,499300929,468792361,0
1789396443.192415,104.208,12696364,292346,0,192,76,56,103326,837920,31381379,18470584,1739852,61982080,43917728,64771552,0,5248124,0,0,2,0,13427964,1228888548,1232229967,57,61,434963,1545924,3095629,1312031,69559384,62790,499300929,468792973,0
1789396443.4428825,104.459,12696694,292346,0,192,76,56,103328,837988,31382360,18470948,1740004,61937236,43872116,64771552,0,5239924,0,0,5,0,13428113,1228888548,1232229967,57,61,435001,1544796,3093369,1309981,69567170,62790,499300929,468792973,0
1789396443.6934128,104.709,12697001,292346,0,192,76,56,103332,838078,31383460,18470948,1740004,61920700,43855580,64771552,0,5223540,0,0,3,0,13428381,1228888548,1232230090,57,61,435001,1544383,3092542,1305885,69572253,62790,499300929,468792973,0
1789396443.9442122,104.96,12697361,292346,0,192,76,56,103338,838112,31383953,18470948,1740004,61791420,43726300,64771552,0,5215340,0,0,2,0,13428555,1228888548,1232230090,57,61,435001,1541156,3086080,1303835,69604154,62790,499300929,468792973,0
1789396444.1947012,105.21,12697720,292346,0,192,76,56,103345,838146,31384355,18470948,1740004,61662068,43596940,64771552,0,5198956,0,0,2,0,13430212,1228888548,1232230689,57,61,435001,1537927,3079614,1299739,69636354,62790,499300929,468792973,0
1789396444.4451973,105.461,12698078,292346,0,192,76,56,103352,838181,31384930,18470948,1740004,61537120,43471992,64771552,0,5190756,0,0,3,0,13430319,1228888778,1232230923,57,61,435001,1534807,3073368,1297689,69667626,62790,499300929,468792973,0
1789396444.6959267,105.712,12698431,292346,0,192,76,56,103354,838226,31385701,18470948,1740004,61519968,43454840,64771552,0,5174372,0,0,2,0,13430675,1228888778,1232231125,57,61,435001,1534379,3072511,1293593,69671162,62790,499300929,468792973,0
1789396444.9464233,105.962,12698787,292346,0,192,76,56,103356,838268,31386114,18470948,1740004,61519968,43454840,64771552,0,5166172,0,0,3,0,13430886,1228888778,1232231125,57,61,435001,1534379,3072511,1291543,69671165,62790,499300929,468792973,0
1789396445.1968765,106.213,12699144,292346,0,192,76,56,103359,838308,31386555,18470948,1740004,61521720,43456592,64771552,0,5149788,0,0,3,0,13432094,1228888909,1232231472,57,61,435001,1534423,3072598,1287447,69671172,62790,499300929,468792973,0
1789396445.447346,106.463,12699500,292346,0,192,76,56,103362,838351,31387274,18470948,1740004,61521720,43456592,64771552,0,5141588,0,0,12,0,13432222,1228889043,1232231608,57,61,435001,1534423,3072598,1285397,69671175,62790,499300929,468792973,0
1789396445.6978734,106.714,12699843,292346,0,192,76,56,103365,838404,31388067,18470948,1740172,61497632,43432504,64771552,0,5125204,0,0,4,0,13432394,1228889094,1232231660,57,61,435043,1533822,3071394,1281301,69676645,62790,499300929,468793149,0
1789396445.9483564,106.964,12700199,292346,0,192,76,56,103368,838446,31388523,18470948,1740172,61497632,43432504,64771552,0,5117004,0,0,3,0,13432518,1228889193,1232231789,57,61,435043,1533822,3071394,1279251,69676646,62790,499300929,468793149,0
1789396446.198737,107.214,12700554,292346,0,192,76,56,103370,838489,31389022,18470948,1740172,61499100,43433972,64771552,0,5100844,0,0,2,0,13432763,1228889375,1232231974,57,61,435043,1533858,3071467,1275211,69676646,62790,499300929,468793149,0
1789396446.4491262,107.465,12700890,292354,0,192,76,56,103374,838541,31392713,18373368,1642592,61492188,43526744,64771552,0,5092476,0,1,2,0,13433655,1228919091,1232261690,57,61,410648,1533738,3071227,1273119,69679613,62790,499300929,468793149,0
1789396446.699667,107.715,12701264,292380,0,192,76,56,103374,838542,31392775,18373368,1642592,61491836,43526392,64771552,0,5076088,0,1,1,0,13433656,1229156226,1232498825,57,61,410648,1533730,3071210,1269022,69679621,62790,499300929,468793149,0
1789396446.9500625,107.966,12701639,292405,0,192,76,56,103374,838542,31392812,18373368,1642592,61491836,43526392,64771552,0,5067952,0,1,1,0,13433656,1229406582,1232749181,57,61,410648,1533730,3071210,1266988,69679622,62790,499300929,468793149,0
1789396447.2004201,108.216,12702014,292430,0,192,76,56,103374,838542,31392889,18373368,1642592,61491908,43526464,64771552,0,5051676,0,1,2,0,13433656,1229654908,1232997507,57,61,410648,1533731,3071213,1262919,69679622,62790,499300929,468793149,0
1789396447.4507873,108.466,12702389,292455,0,192,76,56,103374,838542,31392938,18373368,1642592,61491908,43526464,64771552,0,5043324,0,1,1,0,13433656,1229905242,1233247841,57,61,410648,1533731,3071213,1260831,69679623,62790,499300929,468793149,0
1789396447.7011104,108.717,12702765,292480,0,192,76,56,103374,838542,31392989,18373368,1642592,61491908,43526464,64771552,0,5027044,0,1,1,0,13433656,1230154554,1233497153,57,61,410648,1533731,3071213,1256761,69679623,62790,499300929,468793149,0
1789396447.9514644,108.967,12703140,292505,0,192,76,56,103374,838542,31393030,18373368,1642592,61491908,43526464,64771552,0,5018800,0,1,1,0,13433656,1230403878,1233746477,57,61,410648,1533731,3071213,1254700,69679625,62790,499300929,468793149,0
1789396448.2018023,109.217,12703515,292530,0,192,76,56,103374,838542,31393102,18373368,1642592,61494532,43529088,64771552,0,5002412,0,1,1,0,13433657,1230653194,1233995793,57,61,410648,1533797,3071344,1250603,69679626,62790,499300929,468793149,0
1789396448.4521244,109.468,12703890,292556,0,192,76,56,103374,838542,31393201,18373368,1642592,61496024,43530580,64771552,0,4994084,0,1,1,0,13433679,1230902489,1234245120,57,61,410648,1533834,3071419,1248521,69679627,62790,499300929,468793149,0
1789396448.7024775,109.718,12704265,292581,0,192,76,56,103374,838543,31393263,18373368,1642592,61496024,43530580,64771552,0,4977700,0,1,1,0,13433679,1231150819,1234493450,57,61,410648,1533834,3071419,1244425,69679627,62790,499300929,468793149,0
1789396448.952838,109.969,12704641,292606,0,192,76,56,103374,838543,31393302,18373368,1642592,61496024,43530580,64771552,0,4969508,0,1,1,0,13433679,1231400143,1234742774,57,61,410648,1533834,3071419,1242377,69679627,62790,499300929,468793149,0
1789396449.2031875,110.219,12705016,292631,0,192,76,56,103374,838543,31393372,18373368,1642592,61497780,43532336,64771552,0,4953124,0,1,1,0,13433680,1231648475,1234991107,57,61,410648,1533878,3071507,1238281,69679629,62790,499300929,468793149,0
1789396449.4535062,110.469,12705391,292656,0,192,76,56,103374,838543,31393424,18373368,1642592,61497780,43532336,64771552,0,4944924,0,1,1,0,13433680,1231897804,1235240436,57,61,410648,1533878,3071507,1236231,69679630,62790,499300929,468793149,0
1789396449.703854,110.72,12705766,292681,0,192,76,56,103374,838543,31393502,18373368,1642592,61497780,43532336,64771552,0,4928540,0,1,1,0,13433689,1232148069,1235490745,57,61,410648,1533878,3071507,1232135,69679631,62790,499300929,468793149,0
1789396449.9541955,110.97,12706141,292706,0,192,76,56,103374,838543,31393542,18373368,1642592,61497780,43532336,64771552,0,4920332,0,1,1,0,13433689,1232397380,1235740055,57,61,410648,1533878,3071507,1230083,69679631,62790,499300929,468793149,0
1789396450.2045264,111.22,12706516,292732,0,192,76,56,103374,838543,31393609,18373368,1642592,61497780,43532336,64771552,0,4903996,0,1,1,0,13433700,1232646701,1235989395,57,61,410648,1533878,3071507,1225999,69679632,62790,499300929,468793149,0
1789396450.4549117,111.471,12706892,292757,0,192,76,56,103374,838543,31393662,18373368,1642592,61497780,43532336,64771552,0,4895796,0,1,1,0,13433719,1232895988,1236238716,57,61,410648,1533878,3071507,1223949,69679633,62790,499300929,468793149,0
1789396450.7052314,111.721,12707267,292782,0,192,76,56,103374,838543,31393741,18373368,1642592,61499304,43533860,64771552,0,4887952,0,1,1,0,13433721,1233143343,1236486071,57,61,410648,1533916,3071583,1221988,69679634,62790,499300929,468793149,0
1789396450.9556053,111.971,12707642,292807,0,192,76,56,103374,838543,31393792,18373368,1642664,61499316,43533860,64771552,0,4871292,0,1,1,0,13433721,1233392688,1236735416,57,61,410666,1533916,3071583,1217823,69679635,62790,499300929,468793253,0
1789396451.20595,112.222,12708017,292832,0,192,76,56,103374,838543,31393847,18373368,1642664,61499316,43533860,64771552,0,4855124,0,1,1,0,13433722,1233641979,1236984707,57,61,410666,1533916,3071583,1213781,69679636,62790,499300929,468793253,0
1789396451.4562728,112.472,12708392,292857,0,192,76,56,103374,838543,31393914,18373368,1642664,61499316,43533860,64771552,0,4846908,0,1,1,0,13433722,1233891301,1237234029,57,61,410666,1533916,3071583,1211727,69679636,62790,499300929,468793253,0
1789396451.7066314,112.722,12708767,292883,0,192,76,56,103374,838543,31393977,18373368,1642664,61499316,43533860,64771552,0,4830564,0,1,1,0,13433723,1234139652,1237482381,57,61,410666,1533916,3071583,1207641,69679638,62790,499300929,468793253,0
1789396451.9569654,112.973,12709142,292908,0,192,76,56,103374,838543,31394020,18373368,1642664,61499316,43533860,64771552,0,4822316,0,1,1,0,13433723,1234388953,1237731681,57,61,410666,1533916,3071583,1205579,69679638,62790,499300929,468793253,0
1789396452.2072854,113.223,12709518,292933,0,192,76,56,103374,838543,31394086,18373368,1642664,61500852,43535396,64771552,0,4814152,0,1,1,0,13433723,1234638255,1237980983,57,61,410666,1533955,3071660,1203538,69679640,62790,499300929,468793253,0
1789396452.4576092,113.473,12709893,292958,0,192,76,56,103374,838543,31394219,18373368,1642664,61502436,43536980,64771552,0,4797412,0,1,1,0,13433750,1234886537,1238229328,57,61,410666,1533994,3071739,1199353,69679640,62790,499300929,468793253,0
1789396452.7079635,113.724,12710268,292983,0,192,76,56,103374,838543,31394270,18373368,1642664,61502436,43536980,64771552,0,4789220,0,1,1,0,13433750,1235135861,1238478651,57,61,410666,1533994,3071739,1197305,69679641,62790,499300929,468793253,0
1789396452.9583113,113.974,12710643,293008,0,192,76,56,103374,838543,31394319,18373368,1642664,61502436,43536980,64771552,0,4772836,0,1,1,0,13433769,1235385078,1238727977,57,61,410666,1533994,3071739,1193209,69679641,62790,499300929,468793253,0
1789396453.208661,114.224,12711018,293033,0,192,76,56,103374,838543,31394368,18373368,1642664,61502436,43536980,64771552,0,4764644,0,1,1,0,13433777,1235634350,1238977292,57,61,410666,1533994,3071739,1191161,69679642,62790,499300929,468793253,0
1789396453.4589784,114.475,12711393,293059,0,192,76,56,103374,838543,31394436,18373368,1642664,61502436,43536980,64771552,0,4748252,0,1,1,0,13433778,1235882683,1239225625,57,61,410666,1533994,3071739,1187063,69679644,62790,499300929,468793253,0
1789396453.7093196,114.725,12711768,293084,0,192,76,56,103374,838543,31394494,18373368,1642664,61502436,43536980,64771552,0,4731868,0,1,1,0,13433778,1236131015,1239473957,57,61,410666,1533994,3071739,1182967,69679645,62790,499300929,468793253,0
1789396453.9596703,114.975,12712144,293109,0,192,76,56,103374,838543,31394553,18373368,1642664,61503780,43538324,64771552,0,4723660,0,1,1,0,13433778,1236380344,1239723286,57,61,410666,1534028,3071807,1180915,69679646,62790,499300929,468793253,0
1789396454.2099912,115.226,12712519,293134,0,192,76,56,103374,838543,31394608,18373368,1642664,61503780,43538324,64771552,0,4715820,0,1,1,0,13433778,1236629652,1239972594,57,61,410666,1534028,3071807,1178955,69679646,62790,499300929,468793253,0
1789396454.4603293,115.476,12712894,293159,0,192,76,56,103374,838543,31394669,18373368,1642664,61503780,43538324,64771552,0,4699196,0,1,1,0,13433779,1236877983,1240220925,57,61,410666,1534028,3071807,1174799,69679647,62790,499300929,468793253,0
1789396454.7106862,115.726,12713269,293184,0,192,76,56,103374,838544,31394768,18373364,1642664,61504948,43539492,64771552,0,4691004,0,1,1,0,13433791,1237125037,1240468347,57,61,410666,1534057,3071865,1172751,69679647,62790,499300929,468793253,0
1789396454.9611168,115.977,12713644,293210,0,192,76,56,103374,838544,31394824,18373364,1642664,61504948,43539492,64771552,0,4674620,0,1,1,0,13433792,1237373379,1240716689,57,61,410666,1534057,3071865,1168655,69679649,62790,499300929,468793253,0
1789396455.2114546,116.227,12714019,293235,0,192,76,56,103375,838544,31394875,18373364,1642664,61504948,43539492,64771552,0,4658444,0,1,1,0,13433792,1237622728,1240966038,57,61,410666,1534057,3071865,1164611,69679649,62790,499300929,468793253,0
1789396455.4618728,116.478,12714395,293260,0,192,76,56,103375,838544,31394925,18373364,1642664,61504948,43539492,64771552,0,4650304,0,1,1,0,13433792,1237873044,1241216353,57,61,410666,1534057,3071865,1162576,69679651,62790,499300929,468793253,0
1789396455.712197,116.728,12714770,293285,0,192,76,56,103375,838544,31394978,18373364,1642664,61504948,43539492,64771552,0,4633896,0,1,1,0,13433792,1238121386,1241464696,57,61,410666,1534057,3071865,1158474,69679651,62790,499300929,468793253,0
1789396455.9625635,116.978,12715145,293310,0,192,76,56,103375,838544,31395026,18373364,1642688,61504948,43539492,64771552,0,4625996,0,1,1,0,13433793,1238370734,1241714044,57,61,410672,1534057,3071865,1156499,69679652,62790,499300929,468793321,0
1789396456.2129095,117.229,12715520,293335,0,192,76,56,103375,838544,31395090,18373364,1642688,61507056,43541600,64771552,0,4617820,0,1,1,0,13433802,1238619756,1241963366,57,61,410672,1534109,3071970,1154455,69679652,62790,499300929,468793321,0
1789396456.4632626,117.479,12715895,293361,0,192,76,56,103375,838544,31395202,18373368,1642688,61507484,43542028,64771552,0,4600740,0,1,1,0,13433810,1238867109,1242210729,57,61,410672,1534120,3071992,1150185,69679654,62790,499300929,468793321,0
1789396456.7136092,117.729,12716270,293386,0,192,76,56,103375,838544,31395249,18373368,1642688,61507484,43542028,64771552,0,4592548,0,1,1,0,13433810,1239116437,1242460056,57,61,410672,1534120,3071992,1148137,69679655,62790,499300929,468793321,0
1789396456.963943,117.98,12716643,293411,0,192,76,56,103377,838544,31395445,18373400,1127984,61507536,43542028,64771552,0,5090868,0,1,1,0,13433819,1239339960,1242683585,57,61,281996,1534121,3071994,1272717,69679656,62790,499300945,469308025,0
1789396457.214259,118.23,12717018,293436,0,192,76,56,103377,838544,31395506,18373400,1127984,61509176,43543668,64771552,0,5074484,0,1,1,0,13433820,1239588263,1242931888,57,61,281996,1534162,3072076,1268621,69679656,62790,499300945,469308025,0
1789396457.464576,118.48,12717393,293461,0,192,76,56,103377,838544,31395550,18373400,1127984,61509176,43543668,64771552,0,5066292,0,1,1,0,13433820,1239838576,1243182201,57,61,281996,1534162,3072076,1266573,69679658,62790,499300945,469308025,0
1789396457.7149212,118.731,12717768,293486,0,192,76,56,103377,838544,31395604,18373400,1127984,61509176,43543668,64771552,0,5049908,0,1,1,0,13433820,1240087903,1243431528,57,61,281996,1534162,3072076,1262477,69679659,62790,499300945,469308025,0
1789396457.9652836,118.981,12718143,293512,0,192,76,56,103377,838544,31395652,18373400,1127984,61509176,43543668,64771552,0,5041692,0,1,1,0,13433820,1240336243,1243679868,57,61,281996,1534162,3072076,1260423,69679660,62790,499300945,469308025,0
1789396458.2156093,119.231,12718518,293537,0,192,76,56,103377,838544,31395715,18373396,1127984,61511060,43545552,64771552,0,5033784,0,1,2,0,13433820,1240585567,1243929192,57,61,281996,1534209,3072170,1258446,69679661,62790,499300945,469308025,0
1789396458.4659567,119.482,12718893,293562,0,192,76,56,103378,838544,31395782,18373396,1127984,61511060,43545552,64771552,0,5017152,0,1,1,0,13433821,1240833892,1244177517,57,61,281996,1534209,3072170,1254288,69679661,62790,499300945,469308025,0
1789396458.7163029,119.732,12719269,293587,0,192,76,56,103378,838544,31395828,18373396,1127984,61510808,43545300,64771552,0,5008960,0,1,1,0,13433821,1241083192,1244426817,57,61,281996,1534203,3072158,1252240,69679662,62790,499300945,469308025,0
1789396458.966616,119.982,12719644,293612,0,192,76,56,103378,838544,31395883,18373396,1127984,61510808,43545300,64771552,0,4992568,0,1,1,0,13433822,1241331527,1244675153,57,61,281996,1534203,3072158,1248142,69679662,62790,499300945,469308025,0
1789396459.2169676,120.233,12720019,293637,0,192,76,56,103378,838544,31395925,18373396,1127984,61512496,43546988,64771552,0,4984376,0,1,1,0,13433822,1241581817,1244925443,57,61,281996,1534245,3072242,1246094,69679665,62790,499300945,469308025,0
1789396459.4672675,120.483,12720394,293663,0,192,76,56,103378,838544,31395999,18373396,1127984,61512496,43546988,64771552,0,4967992,0,1,1,0,13433822,1241830131,1245173757,57,61,281996,1534245,3072242,1241998,69679665,62790,499300945,469308025,0
1789396459.7176075,120.733,12720769,293688,0,192,76,56,103378,838544,31396060,18373396,1127984,61512496,43546988,64771552,0,4951608,0,1,1,0,13433823,1242079469,1245423095,57,61,281996,1534245,3072242,1237902,69679666,62790,499300945,469308025,0
1789396459.967963,120.984,12721144,293713,0,192,76,56,103378,838544,31396099,18373396,1127984,61512496,43546988,64771552,0,4943400,0,1,1,0,13433823,1242329758,1245673383,57,61,281996,1534245,3072242,1235850,69679666,62790,499300945,469308025,0
1789396460.2182713,121.234,12721520,293738,0,192,76,56,103378,838544,31396166,18359164,1127984,61514636,43563360,64771552,0,4927128,0,1,1,0,13433836,1242577475,1245921101,57,61,281996,1534289,3072329,1231782,69679667,62790,499300945,469308025,0
1789396460.4686017,121.484,12721895,293763,0,192,76,56,103378,838544,31396271,18348824,1127984,61514404,43573432,64771552,0,4918780,0,1,1,0,13433874,1242826940,1246170617,57,61,281996,1534294,3072340,1229695,69679668,62790,499300945,469308025,0
1789396460.7189758,121.735,12722270,293788,0,192,76,56,103378,838544,31396330,18348824,1127984,61514660,43573688,64771552,0,4902396,0,1,1,0,13433874,1243077272,1246420949,57,61,281996,1534300,3072353,1225599,69679672,62790,499300945,469308025,0
1789396460.9693184,121.985,12722645,293813,0,192,76,56,103378,838544,31396378,18348812,1127984,61514660,43573688,64771552,0,4894204,0,1,1,0,13433874,1243327565,1246671242,57,61,281996,1534300,3072353,1223551,69679672,62790,499300945,469308113,0
1789396461.219629,122.235,12723021,293838,0,192,76,56,103378,838545,31396424,18348812,1127984,61515984,43575012,64771552,0,4886524,0,1,1,0,13433874,1243577873,1246921550,57,61,281996,1534334,3072419,1221631,69679673,62790,499300945,469308113,0
1789396461.4699671,122.486,12723396,293863,0,192,76,56,103378,838545,31396475,18348812,1127984,61515984,43575012,64771552,0,4869628,0,1,1,0,13433874,1243827172,1247170849,57,61,281996,1534334,3072419,1217407,69679673,62790,499300945,469308113,0
1789396461.7202945,122.736,12723771,293888,0,192,76,56,103379,838545,31396516,18348812,1127984,61515984,43575012,64771552,0,4861948,0,1,1,0,13433874,1244077464,1247421141,57,61,281996,1534334,3072419,1215487,69679674,62790,499300945,469308113,0
1789396461.970628,122.986,12724146,293913,0,192,76,56,103379,838545,31396575,18348812,1127984,61515984,43575012,64771552,0,4845052,0,1,1,0,13433875,1244325810,1247669487,57,61,281996,1534334,3072419,1211263,69679676,62790,499300945,469308113,0
1789396462.2209694,123.237,12724521,293938,0,192,76,56,103379,838545,31396636,18348812,1127984,61516124,43575152,64771552,0,4830364,0,1,1,0,13433875,1244575123,1247918800,57,61,281996,1534337,3072426,1207591,69679676,62790,499300945,469308113,0
1789396462.4713032,123.487,12724896,293963,0,192,76,56,103379,838545,31396694,18348812,1127984,61516124,43575152,64771552,0,4821732,0,1,1,0,13433876,1244824417,1248168094,57,61,281996,1534337,3072426,1205433,69679677,62790,499300945,469308113,0
1789396462.7216017,123.737,12725272,293989,0,192,76,56,103379,838545,31396748,18348812,1127984,61516124,43575152,64771552,0,4814240,0,1,1,0,13433876,1245073750,1248417427,57,61,281996,1534337,3072426,1203560,69679677,62790,499300945,469308113,0
1789396462.971982,123.988,12725647,294014,0,192,76,56,103379,838545,31396787,18348812,1127984,61516124,43575152,64771552,0,4797216,0,1,1,0,13433876,1245324061,1248667738,57,61,281996,1534337,3072426,1199304,69679678,62790,499300945,469308113,0
1789396463.2223163,124.238,12726022,294039,0,192,76,56,103379,838545,31396829,18348812,1127984,61516124,43575152,64771552,0,4788860,0,1,1,0,13433876,1245574369,1248918047,57,61,281996,1534337,3072426,1197215,69679680,62790,499300945,469308113,0
1789396463.4726605,124.488,12726397,294064,0,192,76,56,103379,838545,31396885,18348812,1127984,61516124,43575152,64771552,0,4772572,0,1,1,0,13433876,1245823693,1249167370,57,61,281996,1534337,3072426,1193143,69679681,62790,499300945,469308113,0
1789396463.7229967,124.739,12726773,294089,0,192,76,56,103379,838545,31396937,18348812,1127984,61516124,43575152,64771552,0,4756100,0,1,1,0,13433876,1246073007,1249416685,57,61,281996,1534337,3072426,1189025,69679681,62790,499300945,469308113,0
1789396463.9733393,124.989,12727148,294114,0,192,76,56,103379,838545,31396980,18348812,1127984,61516124,43575152,64771552,0,4747924,0,1,1,0,13433877,1246322309,1249665987,57,61,281996,1534337,3072426,1186981,69679682,62790,499300945,469308113,0
1789396464.2236629,125.239,12727523,294139,0,192,76,56,103379,838545,31397029,18348812,1127984,61516124,43575152,64771552,0,4739700,0,1,1,0,13433877,1246572607,1249916285,57,61,281996,1534337,3072426,1184925,69679682,62790,499300945,469308113,0
1789396464.4740112,125.49,12727898,294164,0,192,76,56,103379,838545,31397140,18348824,1128008,61516124,43575152,64771552,0,4723316,0,1,1,0,13433897,1246821800,1250165673,57,61,282002,1534337,3072426,1180829,69679684,62790,499300945,469308113,0
1789396464.7244375,125.74,12728274,294189,0,192,76,56,103379,838545,31397216,18348824,1128008,61516124,43575152,64771552,0,4715124,0,1,1,0,13433903,1247071081,1250415143,57,61,282002,1534337,3072426,1178781,69679688,62790,499300945,469308113,0
1789396464.9749374,125.991,12728649,294214,0,192,76,56,103379,838545,31397267,18348824,1128008,61516124,43575152,64771552,0,4698740,0,1,1,0,13433904,1247319469,1250663531,57,61,282002,1534337,3072426,1174685,69679689,62790,499300945,469308113,0
1789396465.225305,126.241,12729024,294240,0,192,76,56,103379,838545,31397322,18348824,1127996,61516132,43575152,64771552,0,4682364,0,1,1,0,13433904,1247568793,1250912854,57,61,281999,1534337,3072426,1170591,69679689,62790,499300945,469308121,0
1789396465.475664,126.491,12729399,294265,0,192,76,56,103379,838545,31397369,18348824,1127996,61516132,43575152,64771552,0,4674172,0,1,1,0,13433904,1247818122,1251162183,57,61,281999,1534337,3072426,1168543,69679690,62790,499300945,469308121,0
1789396465.7259994,126.742,12729774,294290,0,192,76,56,103379,838545,31397416,18348824,1127996,61516132,43575152,64771552,0,4665980,0,1,1,0,13433904,1248067446,1251411508,57,61,281999,1534337,3072426,1166495,69679691,62790,499300945,469308121,0
1789396465.9763808,126.992,12730150,294315,0,192,76,56,103379,838545,31397463,18348824,1127996,61516132,43575152,64771552,0,4649596,0,1,1,0,13433904,1248317791,1251661852,57,61,281999,1534337,3072426,1162399,69679693,62790,499300945,469308121,0
1789396466.226714,127.242,12730525,294340,0,192,76,56,103379,838545,31397524,18348824,1128056,61515864,43574884,64771552,0,4641544,0,1,1,0,13433918,1248566779,1251911167,57,61,282014,1534331,3072413,1160386,69679694,62790,499300945,469308205,0
1789396466.4770699,127.493,12730900,294365,0,192,76,56,103379,838545,31397584,18348824,1128056,61515864,43574884,64771552,0,4625068,0,1,1,0,13433918,1248816105,1252160494,57,61,282014,1534331,3072413,1156267,69679694,62790,499300945,469308205,0
1789396466.7274044,127.743,12731275,294390,0,192,76,56,103379,838545,31397631,18348824,1128056,61515864,43574884,64771552,0,4616844,0,1,1,0,13433919,1249065421,1252409810,57,61,282014,1534331,3072413,1154211,69679695,62790,499300945,469308205,0
1789396466.9777637,127.993,12731651,294415,0,192,76,56,103379,838545,31397675,18348824,1128056,61515864,43574884,64771552,0,4600528,0,1,1,0,13433930,1249315723,1252660137,57,61,282014,1534331,3072413,1150132,69679695,62790,499300945,469308205,0
1789396467.2280989,128.244,12732023,294441,0,192,76,56,103382,838545,31397758,18348800,564436,61515684,43574704,64771552,0,5156212,0,1,1,0,13433941,1249540369,1252884788,57,61,141109,1534326,3072404,1289053,69679698,62790,499300961,469872077,0
1789396467.4784262,128.494,12732398,294466,0,192,76,56,103382,838545,31397814,18348800,564436,61515684,43574704,64771552,0,5139932,0,1,1,0,13433941,1249789685,1253134104,57,61,141109,1534326,3072404,1284983,69679699,62790,499300961,469872077,0
1789396467.728789,128.744,12732773,294491,0,192,76,56,103382,838545,31397884,18348856,564204,61516248,43575216,64771552,0,5131512,0,1,1,0,13433941,1250039023,1253383442,57,61,141051,1534340,3072432,1282878,69679707,62790,499300961,469872077,0
1789396467.979121,128.995,12733148,294516,0,192,76,56,103383,838545,31397936,18348856,564204,61516248,43575216,64771552,0,5115128,0,1,1,0,13433942,1250287336,1253631755,57,61,141051,1534340,3072432,1278782,69679707,62790,499300961,469872077,0
1789396468.2294452,129.245,12733523,294541,0,192,76,56,103383,838545,31397988,18348856,564204,61517424,43576392,64771552,0,5106936,0,1,1,0,13433942,1250536638,1253881057,57,61,141051,1534369,3072491,1276734,69679708,62790,499300961,469872077,0
1789396468.4798,129.495,12733898,294566,0,192,76,56,103383,838545,31398086,18348856,564204,61517424,43576392,64771552,0,5090552,0,1,1,0,13433948,1250784985,1254129413,57,61,141051,1534369,3072491,1272638,69679709,62790,499300961,469872077,0
1789396468.7301593,129.746,12734273,294592,0,192,76,56,103383,838545,31398178,18348856,564204,61517424,43576392,64771552,0,5082360,0,1,1,0,13433949,1251034337,1254378764,57,61,141051,1534369,3072491,1270590,69679713,62790,499300961,469872077,0
1789396468.9805117,129.996,12734648,294617,0,192,76,56,103383,838545,31398229,18348856,564204,61517424,43576392,64771552,0,5065976,0,1,1,0,13433949,1251282681,1254627108,57,61,141051,1534369,3072491,1266494,69679714,62790,499300961,469872077,0
1789396469.230848,130.247,12735024,294642,0,192,76,56,103383,838545,31398278,18348856,564204,61518172,43577140,64771552,0,5057856,0,1,1,0,13433981,1251532772,1254877403,57,61,141051,1534388,3072528,1264464,69679715,62790,499300961,469872077,0
1789396469.4811673,130.497,12735399,294667,0,192,76,56,103383,838545,31398336,18348856,564204,61517768,43576736,64771552,0,5041400,0,1,1,0,13433981,1251783091,1255127722,57,61,141051,1534378,3072508,1260350,69679719,62790,499300961,469872077,0
1789396469.7315252,130.747,12735774,294692,0,192,76,56,103383,838546,31398382,18348856,564204,61517768,43576736,64771552,0,5033208,0,1,1,0,13433981,1252032426,1255377057,57,61,141051,1534378,3072508,1258302,69679721,62790,499300961,469872077,0
1789396469.9818745,130.998,12736149,294717,0,192,76,56,103383,838546,31398443,18348856,564204,61517768,43576736,64771552,0,5016896,0,1,1,0,13433982,1252280742,1255625373,57,61,141051,1534378,3072508,1254224,69679721,62790,499300961,469872077,0
1789396470.2321885,131.248,12736524,294742,0,192,76,56,103383,838546,31398492,18348856,564204,61517768,43576736,64771552,0,5008704,0,1,1,0,13433982,1252530048,1255874680,57,61,141051,1534378,3072508,1252176,69679723,62790,499300961,469872077,0
1789396470.4825158,131.498,12736900,294768,0,192,76,56,103383,838546,31398562,18348856,564204,61517768,43576736,64771552,0,4992324,0,1,1,0,13433982,1252778373,1256123005,57,61,141051,1534378,3072508,1248081,69679724,62790,499300961,469872077,0
1789396470.7328453,131.749,12737275,294793,0,192,76,56,103383,838546,31398619,18348856,564204,61517768,43576736,64771552,0,4984128,0,1,1,0,13433982,1253027670,1256372301,57,61,141051,1534378,3072508,1246032,69679724,62790,499300961,469872077,0
1789396470.9831643,131.999,12737650,294818,0,192,76,56,103383,838546,31398665,18348856,564204,61517768,43576736,64771552,0,4975932,0,1,1,0,13433983,1253276968,1256621599,57,61,141051,1534378,3072508,1243983,69679725,62790,499300961,469872077,0
1789396471.2334793,132.249,12738025,294843,0,192,76,56,103383,838546,31398711,18348856,564204,61517768,43576736,64771552,0,4959512,0,1,1,0,13433983,1253525982,1256870613,57,61,141051,1534378,3072508,1239878,69679725,62790,499300961,469872077,0
1789396471.4838617,132.5,12738400,294868,0,192,76,56,103383,838546,31398774,18348848,564204,61517768,43576736,64771552,0,4951544,0,1,1,0,13433983,1253775364,1257119995,57,61,141051,1534378,3072508,1237886,69679726,62790,499300961,469872189,0
1789396471.7342792,132.75,12738776,294893,0,192,76,56,103383,838546,31398817,18348848,564204,61517768,43576736,64771552,0,4935224,0,1,1,0,13433983,1254024696,1257369328,57,61,141051,1534378,3072508,1233806,69679727,62790,499300961,469872189,0
1789396471.9846606,133.0,12739151,294918,0,192,76,56,103383,838546,31398861,18348848,564204,61517768,43576736,64771552,0,4926780,0,1,1,0,13433983,1254275022,1257619654,57,61,141051,1534378,3072508,1231695,69679728,62790,499300961,469872189,0
1789396472.235007,133.251,12739523,294943,0,192,76,56,103386,838546,31398956,18348832,588,61517352,43576320,64771552,0,5473984,0,1,1,0,13433993,1254497086,1257841722,57,61,147,1534368,3072487,1368496,69679729,62790,499300977,470436037,0
1789396472.485364,133.501,12739898,294969,0,192,76,56,103386,838546,31399079,18348888,436,61518188,43577108,64771552,0,5465984,0,1,1,0,13434003,1254747378,1258092032,57,61,109,1534389,3072529,1366496,69679730,62790,499300977,470436037,0
1789396472.735695,133.751,12740273,294994,0,192,76,56,103386,838546,31399133,18348888,436,61518188,43577108,64771552,0,5449600,0,1,1,0,13434003,1254996676,1258341331,57,61,109,1534389,3072529,1362400,69679730,62790,499300977,470436037,0
1789396472.9860206,134.002,12740649,295019,0,192,76,56,103386,838546,31399180,18348888,436,61518188,43577108,64771552,0,5441408,0,1,1,0,13434003,1255245996,1258590650,57,61,109,1534389,3072529,1360352,69679732,62790,499300977,470436037,0
1789396473.2363453,134.252,12741024,295044,0,192,76,56,103386,838546,31399226,18348888,436,61518188,43577108,64771552,0,5425024,0,1,1,0,13434004,1255495293,1258839947,57,61,109,1534389,3072529,1356256,69679732,62790,499300977,470436037,0
1789396473.486689,134.502,12741399,295069,0,192,76,56,103386,838546,31399273,18348888,436,61518188,43577108,64771552,0,5416832,0,1,1,0,13434004,1255745623,1259090277,57,61,109,1534389,3072529,1354208,69679734,62790,499300977,470436037,0
1789396473.7370155,134.753,12741774,295094,0,192,76,56,103386,838546,31399318,18348888,436,61518188,43577108,64771552,0,5400448,0,1,1,0,13434004,1255994914,1259339569,57,61,109,1534389,3072529,1350112,69679734,62790,499300977,470436037,0
1789396473.9873402,135.003,12742150,295119,0,192,76,56,103386,838546,31399361,18348888,436,61518188,43577108,64771552,0,5392256,0,1,1,0,13434004,1256245218,1259589872,57,61,109,1534389,3072529,1348064,69679735,62790,499300977,470436037,0
1789396474.2376678,135.253,12742525,295144,0,192,76,56,103386,838546,31399413,18348888,436,61518188,43577108,64771552,0,5375872,0,1,1,0,13434004,1256494549,1259839203,57,61,109,1534389,3072529,1343968,69679735,62790,499300977,470436037,0
1789396474.488023,135.504,12742900,295169,0,192,76,56,103386,838546,31399477,18348888,436,61518188,43577108,64771552,0,5367680,0,1,1,0,13434004,1256743870,1260088524,57,61,109,1534389,3072529,1341920,69679737,62790,499300977,470436037,0
1789396474.7383976,135.754,12743275,295195,0,192,76,56,103386,838547,31399552,18348888,436,61518188,43577108,64771552,0,5351296,0,1,1,0,13434011,1256990094,1260334988,57,61,109,1534389,3072529,1337824,69679739,62790,499300977,470436037,0
1789396474.9888515,136.005,12743650,295220,0,192,76,56,103386,838547,31399599,18348888,436,61518188,43577108,64771552,0,5343104,0,1,1,0,13434011,1257239450,1260584343,57,61,109,1534389,3072529,1335776,69679739,62790,499300977,470436037,0
1789396475.2392266,136.255,12744025,295245,0,192,76,56,103386,838547,31399676,18348888,436,61518188,43577108,64771552,0,5326772,0,1,1,0,13434034,1257487806,1260832758,57,61,109,1534389,3072529,1331693,69679740,62790,499300977,470436037,0
1789396475.4896657,136.505,12744401,295270,0,192,76,56,103386,838547,31399723,18348888,436,61518188,43577108,64771552,0,5318544,0,1,1,0,13434034,1257738173,1261083125,57,61,109,1534389,3072529,1329636,69679740,62790,499300977,470436037,0
1789396475.740027,136.756,12744776,295295,0,192,76,56,103386,838547,31399778,18348888,436,61518188,43577108,64771552,0,5302216,0,1,1,0,13434034,1257987486,1261332438,57,61,109,1534389,3072529,1325554,69679741,62790,499300977,470436037,0
1789396475.990394,137.006,12745151,295320,0,192,76,56,103386,838547,31399825,18348888,436,61518188,43577108,64771552,0,5294024,0,1,1,0,13434034,1258236886,1261581838,57,61,109,1534389,3072529,1323506,69679743,62790,499300977,470436037,0
1789396476.2408388,137.257,12745526,295345,0,192,76,56,103386,838547,31399876,18348888,436,61518188,43577108,64771552,0,5277676,0,1,1,0,13434043,1258486017,1261831243,57,61,109,1534389,3072529,1319419,69679744,62790,499300977,470436037,0
1789396476.491244,137.507,12745902,295370,0,192,76,56,103386,838547,31399975,18348888,16,61518188,43577108,64771552,0,5269376,0,1,1,0,13434051,1258735384,1262080618,57,61,4,1534389,3072529,1317344,69679744,62790,499300977,470436409,0
1789396476.7416835,137.757,12746277,295395,0,192,76,56,103387,838547,31400027,18348880,16,61518188,43577108,64771552,0,5252992,0,1,1,0,13434051,1258984793,1262330027,57,61,4,1534389,3072529,1313248,69679745,62790,499300977,470436521,0
1789396476.9921088,138.008,12746652,295420,0,192,76,56,103387,838548,31400127,18348880,16,61518188,43577108,64771552,0,5244800,0,1,1,0,13434105,1259233086,1262578452,57,61,4,1534389,3072529,1311200,69679745,62790,499300977,470436521,0
1789396477.2425733,138.258,12747028,295446,0,192,76,56,103387,838548,31400168,18348880,16,61518188,43577108,64771552,0,5228416,0,1,1,0,13434105,1259482521,1262827888,57,61,4,1534389,3072529,1307104,69679746,62790,499300977,470436521,0
1789396477.4930303,138.509,12747403,295471,0,192,76,56,103387,838548,31400225,18348880,16,61518188,43577108,64771552,0,5220224,0,1,1,0,13434105,1259731881,1263077247,57,61,4,1534389,3072529,1305056,69679748,62790,499300977,470436521,0
1789396477.7433739,138.759,12747778,295496,0,192,76,56,103387,838548,31400267,18348880,16,61518188,43577108,64771552,0,5203840,0,1,1,0,13434105,1259982194,1263327560,57,61,4,1534389,3072529,1300960,69679749,62790,499300977,470436521,0
1789396477.9937124,139.009,12748153,295521,0,192,76,56,103387,838548,31400310,18348880,16,61518188,43577108,64771552,0,5195648,0,1,1,0,13434105,1260231495,1263576862,57,61,4,1534389,3072529,1298912,69679749,62790,499300977,470436521,0
1789396478.2440205,139.26,12748529,295546,0,192,76,56,103387,838548,31400360,18348880,16,61518188,43577108,64771552,0,5179352,0,1,1,0,13434105,1260481781,1263827148,57,61,4,1534389,3072529,1294838,69679750,62790,499300977,470436521,0
1789396478.494329,139.51,12748904,295571,0,192,76,56,103387,838548,31400459,18348880,16,61518188,43577108,64771552,0,5162912,0,1,1,0,13434106,1260730102,1264075469,57,61,4,1534389,3072529,1290728,69679750,62790,499300977,470436521,0
1789396478.7446709,139.76,12749279,295596,0,192,76,56,103387,838548,31400512,18348880,16,61518188,43577108,64771552,0,5154776,0,1,1,0,13434106,1260980411,1264325778,57,61,4,1534389,3072529,1288694,69679752,62790,499300977,470436521,0
1789396478.994998,140.011,12749654,295621,0,192,76,56,103387,838548,31400561,18348880,16,61518188,43577108,64771552,0,5146560,0,1,1,0,13434106,1261229715,1264575081,57,61,4,1534389,3072529,1286640,69679753,62790,499300977,470436521,0
1789396479.2453141,140.261,12750029,295646,0,192,76,56,103387,838548,31400596,18348880,16,61518188,43577108,64771552,0,5130156,0,1,1,0,13434106,1261480013,1264825380,57,61,4,1534389,3072529,1282539,69679753,62790,499300977,470436521,0
1789396479.4956381,140.511,12750404,295672,0,192,76,56,103387,838548,31400707,18348896,120,61518196,43576964,64771552,0,5121920,0,1,1,0,13434126,1261721827,1265067243,57,61,30,1534389,3072530,1280480,69679757,62790,499301161,470436521,0
1789396479.7459936,140.762,12750779,295697,0,192,76,56,103387,838548,31400755,18348896,120,61518196,43576964,64771552,0,5105536,0,1,1,0,13434126,1261972147,1265317563,57,61,30,1534389,3072530,1276384,69679757,62790,499301161,470436521,0
1789396479.9963539,141.012,12751154,295722,0,192,76,56,103387,838548,31400804,18348896,120,61518196,43576964,64771552,0,5097344,0,1,1,0,13434126,1262221467,1265566883,57,61,30,1534389,3072530,1274336,69679759,62790,499301161,470436521,0
1789396480.2466877,141.262,12751529,295747,0,192,76,56,103388,838548,31400854,18348896,120,61518196,43576964,64771552,0,5080960,0,1,1,0,13434126,1262471776,1265817192,57,61,30,1534389,3072530,1270240,69679759,62790,499301161,470436521,0
1789396480.4970264,141.513,12751904,295773,0,192,76,56,103388,838548,31400951,18348896,120,61518196,43576964,64771552,0,5064576,0,1,1,0,13434134,1262720110,1266065536,57,61,30,1534389,3072530,1266144,69679761,62790,499301161,470436521,0
1789396480.7473733,141.763,12752280,295798,0,192,76,56,103388,838548,31401003,18348896,120,61518196,43576964,64771552,0,5056384,0,1,1,0,13434134,1262969417,1266314843,57,61,30,1534389,3072530,1264096,69679761,62790,499301161,470436521,0
1789396480.9977133,142.013,12752655,295823,0,192,76,56,103388,838548,31401058,18348896,120,61518196,43576964,64771552,0,5040080,0,1,1,0,13434135,1263217758,1266563184,57,61,30,1534389,3072530,1260020,69679762,62790,499301161,470436521,0
1789396481.2480817,142.264,12753030,295848,0,192,76,56,103388,838548,31401097,18348896,120,61518196,43576964,64771552,0,5031936,0,1,1,0,13434135,1263467110,1266812536,57,61,30,1534389,3072530,1257984,69679763,62790,499301161,470436521,0
1789396481.498449,142.514,12753405,295873,0,192,76,56,103388,838548,31401156,18348896,120,61518196,43576964,64771552,0,5015492,0,1,1,0,13434135,1263715532,1267060958,57,61,30,1534389,3072530,1253873,69679764,62790,499301161,470436521,0
1789396481.7488813,142.765,12753780,295898,0,192,76,56,103388,838548,31401204,18348896,120,61518196,43576964,64771552,0,5007280,0,1,1,0,13434136,1263964880,1267310306,57,61,30,1534389,3072530,1251820,69679764,62790,499301161,470436521,0
1789396481.9992464,143.015,12754156,295924,0,192,76,56,103388,838548,31401260,18348896,176,61518196,43576964,64771552,0,4999060,0,1,1,0,13434136,1264214252,1267559678,57,61,44,1534389,3072530,1249765,69679766,62790,499301161,470436589,0
1789396482.2496595,143.265,12754531,295949,0,192,76,56,103388,838548,31401313,18348896,176,61518196,43576964,64771552,0,4982804,0,1,1,0,13434136,1264462661,1267808087,57,61,44,1534389,3072530,1245701,69679766,62790,499301161,470436589,0
1789396482.500088,143.516,12754906,295974,0,192,76,56,103388,838548,31401374,18348896,176,61518196,43576964,64771552,0,4974600,0,1,1,0,13434137,1264712067,1268057493,57,61,44,1534389,3072530,1243650,69679768,62790,499301161,470436589,0
1789396482.7505004,143.766,12755282,295999,0,192,76,56,103388,838548,31401421,18348896,176,61518196,43576964,64771552,0,4958132,0,1,1,0,13434137,1264960496,1268305922,57,61,44,1534389,3072530,1239533,69679768,62790,499301161,470436589,0
1789396483.0009499,144.017,12755657,296024,0,192,76,56,103388,838548,31401470,18348896,176,61518196,43576964,64771552,0,4941772,0,1,1,0,13434137,1265208906,1268554333,57,61,44,1534389,3072530,1235443,69679770,62790,499301161,470436589,0
1789396483.2513597,144.267,12756032,296049,0,192,76,56,103388,838548,31401510,18348896,176,61518196,43576964,64771552,0,4933716,0,1,1,0,13434138,1265458261,1268803688,57,61,44,1534389,3072530,1233429,69679770,62790,499301161,470436589,0
1789396483.5017576,144.517,12756408,296074,0,192,76,56,103388,838548,31401570,18348896,176,61518196,43576964,64771552,0,4925680,0,1,1,0,13434138,1265706676,1269052102,57,61,44,1534389,3072530,1231420,69679771,62790,499301161,470436589,0
1789396483.7521684,144.768,12756783,296099,0,192,76,56,103388,838548,31401615,18348896,176,61518196,43576964,64771552,0,4908932,0,1,1,0,13434139,1265955082,1269300508,57,61,44,1534389,3072530,1227233,69679772,62790,499301161,470436589,0
1789396484.0026047,145.018,12757158,296125,0,192,76,56,103388,838548,31401658,18348896,176,61518196,43576964,64771552,0,4900992,0,1,1,0,13434139,1266204475,1269549901,57,61,44,1534389,3072530,1225248,69679773,62790,499301161,470436589,0
1789396484.25299,145.269,12757533,296150,0,192,76,56,103388,838548,31401715,18348896,176,61518196,43576964,64771552,0,4884472,0,1,1,0,13434140,1266452850,1269798277,57,61,44,1534389,3072530,1221118,69679774,62790,499301161,470436589,0
1789396484.5033662,145.519,12757909,296175,0,192,76,56,103388,838548,31401809,18348896,176,61518196,43576964,64771552,0,4876160,0,1,2,0,13434148,1266702187,1270047624,57,61,44,1534389,3072530,1219040,69679774,62790,499301161,470436589,0
1789396484.7537978,145.769,12758284,296200,0,192,76,56,103388,838549,31401907,18348896,176,61518196,43576964,64771552,0,4860160,0,1,1,0,13434153,1266950459,1270296103,57,61,44,1534389,3072530,1215040,69679775,62790,499301161,470436589,0
1789396485.004278,146.02,12758659,296225,0,192,76,56,103388,838549,31401954,18348896,176,61518196,43576964,64771552,0,4851776,0,1,1,0,13434154,1267199835,1270545479,57,61,44,1534389,3072530,1212944,69679776,62790,499301161,470436589,0
1789396485.2546678,146.27,12759034,296251,0,192,76,56,103388,838549,31401999,18348896,176,61518196,43576964,64771552,0,4835508,0,1,1,0,13434154,1267448192,1270793836,57,61,44,1534389,3072530,1208877,69679778,62790,499301161,470436589,0
1789396485.5049767,146.521,12759409,296276,0,192,76,56,103388,838549,31402050,18348896,176,61518196,43576964,64771552,0,4827304,0,1,1,0,13434154,1267698495,1271044139,57,61,44,1534389,3072530,1206826,69679778,62790,499301161,470436589,0
1789396485.7553341,146.771,12759785,296301,0,192,76,56,103388,838549,31402101,18348896,176,61518196,43576964,64771552,0,4810664,0,1,1,0,13434155,1267946840,1271292484,57,61,44,1534389,3072530,1202666,69679779,62790,499301161,470436589,0
1789396486.0056717,147.021,12760160,296326,0,192,76,56,103389,838549,31402138,18348896,176,61518196,43576964,64771552,0,4802464,0,1,1,0,13434155,1268197152,1271542796,57,61,44,1534389,3072530,1200616,69679779,62790,499301161,470436589,0
1789396486.2559953,147.272,12760535,296351,0,192,76,56,103389,838549,31402218,18348896,176,61518196,43576964,64771552,0,4794288,0,2,1,0,13434190,1268446996,1271793101,57,61,44,1534389,3072530,1198572,69679780,62790,499301161,470436589,0
1789396486.5063653,147.522,12760910,296376,0,192,76,56,103389,838549,31402273,18348896,176,61518196,43576964,64771552,0,4777976,0,1,1,0,13434190,1268696342,1272042447,57,61,44,1534389,3072530,1194494,69679782,62790,499301161,470436589,0
1789396486.7567132,147.772,12761285,296401,0,192,76,56,103389,838549,31402331,18348896,176,61518196,43576964,64771552,0,4761780,0,1,1,0,13434190,1268944672,1272290777,57,61,44,1534389,3072530,1190445,69679784,62790,499301161,470436589,0
1789396487.0070574,148.023,12761661,296426,0,192,76,56,103389,838549,31402376,18348896,176,61518196,43576964,64771552,0,4753308,0,1,1,0,13434190,1269193979,1272540084,57,61,44,1534389,3072530,1188327,69679784,62790,499301161,470436589,0
1789396487.257369,148.273,12762036,296452,0,192,76,56,103389,838549,31402425,18348888,176,61518196,43576964,64771552,0,4737184,0,1,1,0,13434191,1269443283,1272789388,57,61,44,1534389,3072530,1184296,69679785,62790,499301161,470436661,0
1789396487.5076964,148.523,12762411,296477,0,192,76,56,103389,838549,31402476,18348888,176,61518196,43576964,64771552,0,4728736,0,1,1,0,13434191,1269692601,1273038707,57,61,44,1534389,3072530,1182184,69679786,62790,499301161,470436661,0
1789396487.758046,148.774,12762786,296502,0,192,76,56,103389,838549,31402515,18348888,176,61518196,43576964,64771552,0,4720600,0,1,1,0,13434191,1269942972,1273289078,57,61,44,1534389,3072530,1180150,69679787,62790,499301161,470436661,0
1789396488.0084574,149.024,12763162,296527,0,192,76,56,103389,838549,31402580,18348888,176,61518196,43576964,64771552,0,4704464,0,1,1,0,13434192,1270190447,1273536553,57,61,44,1534389,3072530,1176116,69679788,62790,499301161,470436661,0
1789396488.2589107,149.275,12763537,296552,0,192,76,56,103389,838549,31402629,18348888,176,61518196,43576964,64771552,0,4696276,0,1,1,0,13434192,1270439814,1273785920,57,61,44,1534389,3072530,1174069,69679789,62790,499301161,470436661,0
1789396488.509297,149.525,12763912,296577,0,192,76,56,103389,838549,31402738,18348896,228,61518452,43577220,64771552,0,4679552,0,1,1,0,13434205,1270687217,1274033340,57,61,57,1534395,3072542,1169888,69679790,62790,499301161,470436661,0
1789396488.7597003,149.775,12764287,296602,0,192,76,56,103389,838549,31402781,18348896,228,61518452,43577220,64771552,0,4671360,0,1,1,0,13434205,1270936566,1274282690,57,61,57,1534395,3072542,1167840,69679790,62790,499301161,470436661,0
1789396489.0100968,150.026,12764662,296628,0,192,76,56,103389,838549,31402834,18348896,228,61518452,43577220,64771552,0,4654976,0,1,1,0,13434205,1271184971,1274531094,57,61,57,1534395,3072542,1163744,69679791,62790,499301161,470436661,0
1789396489.2605066,150.276,12765038,296653,0,192,76,56,103389,838549,31402895,18348896,228,61518452,43577220,64771552,0,4638592,0,1,1,0,13434206,1271432435,1274778559,57,61,57,1534395,3072542,1159648,69679791,62790,499301161,470436661,0
1789396489.5109677,150.527,12765413,296678,0,192,76,56,103389,838549,31402944,18348896,228,61518452,43577220,64771552,0,4630400,0,1,1,0,13434206,1271681829,1275027953,57,61,57,1534395,3072542,1157600,69679792,62790,499301161,470436661,0
1789396489.7613757,150.777,12765788,296703,0,192,76,56,103389,838549,31402986,18348896,228,61518452,43577220,64771552,0,4622208,0,1,1,0,13434206,1271932176,1275278300,57,61,57,1534395,3072542,1155552,69679793,62790,499301161,470436661,0
1789396490.0117915,151.027,12766164,296728,0,192,76,56,103389,838549,31403037,18348896,228,61518452,43577220,64771552,0,4605824,0,1,1,0,13434207,1272180605,1275526729,57,61,57,1534395,3072542,1151456,69679794,62790,499301161,470436661,0
1789396490.2622316,151.278,12766539,296754,0,192,76,56,103389,838549,31403094,18348892,228,61518452,43577220,64771552,0,4589740,0,1,1,0,13434207,1272428061,1275774185,57,61,57,1534395,3072542,1147435,69679795,62790,499301161,470436661,0
1789396490.5126593,151.528,12766914,296779,0,192,76,56,103389,838549,31403146,18348892,228,61518452,43577220,64771552,0,4581572,0,1,1,0,13434208,1272677446,1276023570,57,61,57,1534395,3072542,1145393,69679796,62790,499301161,470436661,0
1789396490.7630703,151.779,12767289,296804,0,192,76,56,103389,838549,31403220,18348892,228,61518452,43577220,64771552,0,4565180,0,1,1,0,13434209,1272924904,1276271029,57,61,57,1534395,3072542,1141295,69679796,62790,499301161,470436661,0
1789396491.013508,152.029,12767665,296829,0,192,76,56,103389,838549,31403267,18348892,228,61519764,43578532,64771552,0,4556948,0,1,1,0,13434209,1273174309,1276520434,57,61,57,1534428,3072608,1139237,69679797,62790,499301161,470436661,0
1789396491.2639322,152.28,12768040,296854,0,192,76,56,103389,838549,31403305,18348892,228,61519764,43578532,64771552,0,4548788,0,1,1,0,13434209,1273424691,1276770816,57,61,57,1534428,3072608,1137197,69679798,62790,499301161,470436661,0
1789396491.5143614,152.53,12768415,296879,0,192,76,56,103389,838549,31403358,18348892,228,61519764,43578532,64771552,0,4532180,0,1,1,0,13434210,1273673118,1277019242,57,61,57,1534428,3072608,1133045,69679800,62790,499301161,470436661,0
1789396491.764805,152.78,12768791,296904,0,192,76,56,103390,838549,31403396,18348892,228,61519764,43578532,64771552,0,4523940,0,1,1,0,13434210,1273923485,1277269610,57,61,57,1534428,3072608,1130985,69679800,62790,499301161,470436661,0
1789396492.0151787,153.031,12769166,296930,0,192,76,56,103390,838549,31403462,18348892,228,61519764,43578532,64771552,0,4508176,0,1,1,0,13434210,1274170909,1277517034,57,61,57,1534428,3072608,1127044,69679800,62790,499301161,470436661,0
1789396492.2655616,153.281,12769541,296955,0,192,76,56,103390,838549,31403513,18348892,228,61519764,43578532,64771552,0,4500008,0,1,1,0,13434211,1274420252,1277766377,57,61,57,1534428,3072608,1125002,69679801,62790,499301161,470436661,0
1789396492.5159144,153.532,12769916,296980,0,192,76,56,103390,838549,31403628,18348896,272,61521792,43580560,64771552,0,4482944,0,1,1,0,13434233,1274668558,1278014713,57,61,68,1534479,3072709,1120736,69679801,62790,499301161,470436729,0
1789396492.7662656,153.782,12770291,297005,0,192,76,56,103390,838549,31403673,18348896,272,61521792,43580560,64771552,0,4474752,0,1,1,0,13434234,1274917866,1278264022,57,61,68,1534479,3072709,1118688,69679804,62790,499301161,470436729,0
1789396493.0165823,154.032,12770666,297030,0,192,76,56,103390,838549,31403733,18348896,272,61521792,43580560,64771552,0,4458692,0,1,1,0,13434234,1275166205,1278512361,57,61,68,1534479,3072709,1114673,69679804,62790,499301161,470436729,0
1789396493.2669244,154.283,12771042,297055,0,192,76,56,103390,838549,31403777,18348896,272,61521792,43580560,64771552,0,4450296,0,1,1,0,13434235,1275415495,1278761651,57,61,68,1534479,3072709,1112574,69679805,62790,499301161,470436729,0
1789396493.5172322,154.533,12771417,297081,0,192,76,56,103390,838549,31403836,18348896,272,61521792,43580560,64771552,0,4433912,0,1,1,0,13434235,1275663813,1279009969,57,61,68,1534479,3072709,1108478,69679805,62790,499301161,470436729,0
1789396493.767564,154.783,12771792,297106,0,192,76,56,103390,838549,31403877,18348896,272,61521792,43580560,64771552,0,4425720,0,1,1,0,13434235,1275913129,1279259285,57,61,68,1534479,3072709,1106430,69679806,62790,499301161,470436729,0
1789396494.0179057,155.034,12772167,297131,0,192,76,56,103390,838549,31403922,18348896,272,61521792,43580560,64771552,0,4409276,0,1,1,0,13434235,1276162434,1279508590,57,61,68,1534479,3072709,1102319,69679807,62790,499301161,470436729,0
1789396494.2682512,155.284,12772542,297156,0,192,76,56,103390,838549,31403976,18348896,272,61521796,43580560,64771552,0,4401048,0,1,1,0,13434236,1276411752,1279757908,57,61,68,1534479,3072710,1100262,69679809,62790,499301161,470436729,0
1789396494.5185583,155.534,12772917,297181,0,192,76,56,103390,838549,31404046,18348892,272,61521796,43580560,64771552,0,4384760,0,1,1,0,13434236,1276660084,1280006240,57,61,68,1534479,3072710,1096190,69679809,62790,499301161,470436729,0
1789396494.7688954,155.785,12773292,297206,0,192,76,56,103390,838549,31404110,18348892,272,61521796,43580560,64771552,0,4376568,0,1,1,0,13434241,1276909182,1280255541,57,61,68,1534479,3072710,1094142,69679810,62790,499301161,470436729,0
1789396495.0192125,156.035,12773667,297232,0,192,76,56,103390,838549,31404169,18348892,272,61523120,43581884,64771552,0,4360184,0,1,1,0,13434242,1277157485,1280503844,57,61,68,1534512,3072776,1090046,69679810,62790,499301161,470436729,0
1789396495.2695174,156.285,12774043,297257,0,192,76,56,103390,838549,31404204,18348892,272,61523120,43581884,64771552,0,4351992,0,1,1,0,13434242,1277406798,1280753157,57,61,68,1534512,3072776,1087998,69679811,62790,499301161,470436729,0
1789396495.5198708,156.536,12774418,297282,0,192,76,56,103390,838549,31404264,18348892,272,61523120,43581884,64771552,0,4335536,0,1,1,0,13434242,1277656135,1281002494,57,61,68,1534512,3072776,1083884,69679813,62790,499301161,470436729,0
1789396495.7702177,156.786,12774793,297307,0,192,76,56,103390,838549,31404311,18348892,272,61523120,43581884,64771552,0,4327336,0,1,1,0,13434242,1277905462,1281251821,57,61,68,1534512,3072776,1081834,69679815,62790,499301161,470436729,0
1789396496.020569,157.036,12775168,297332,0,192,76,56,103390,838549,31404366,18332628,272,61522816,43597828,64771552,0,4311088,0,1,1,0,13434253,1278154180,1281500540,57,61,68,1534504,3072761,1077772,69679815,62790,499301161,470436729,0
1789396496.2709038,157.287,12775544,297356,0,192,76,56,103392,838549,31404427,18300128,272,61523296,43631624,64771552,0,4302944,0,1,1,0,13434272,1278394197,1281740875,57,61,68,1534526,3072805,1075736,69679815,62790,499301161,470436729,0
1789396496.5212507,157.537,12775919,297381,0,192,76,56,103392,838549,31404540,18283360,272,61524304,43649776,64771552,0,4286336,0,1,1,0,13434290,1278643059,1281989753,57,61,68,1534568,3072889,1071584,69679816,62790,499301161,470436729,0
1789396496.7715962,157.787,12776294,297406,0,192,76,56,103392,838549,31404591,18275168,272,61524264,43658016,64771552,0,4278144,0,1,1,0,13434298,1278892684,1282239378,57,61,68,1534573,3072898,1069536,69679817,62790,499301161,470436729,0
1789396497.0219476,158.038,12776669,297431,0,192,76,56,103392,838549,31404638,18275168,272,61524264,43658016,64771552,0,4262272,0,1,1,0,13434314,1279142864,1282489683,57,61,68,1534573,3072898,1065568,69679819,62790,499301161,470436729,0
1789396497.2722776,158.288,12777045,297456,0,192,76,56,103392,838549,31404681,18275168,272,61524264,43658016,64771552,0,4253568,0,1,1,0,13434314,1279392178,1282738998,57,61,68,1534573,3072898,1063392,69679819,62790,499301161,470436729,0
1789396497.5226216,158.538,12777420,297481,0,192,76,56,103392,838550,31404750,18275156,272,61524264,43658016,64771552,0,4237440,0,1,1,0,13434315,1279641516,1282988336,57,61,68,1534573,3072898,1059360,69679820,62790,499301161,470436821,0
1789396497.7729726,158.789,12777795,297506,0,192,76,56,103392,838550,31404788,18275156,272,61524264,43658016,64771552,0,4229912,0,1,1,0,13434315,1279891802,1283238622,57,61,68,1534573,3072898,1057478,69679820,62790,499301161,470436821,0
1789396498.0233214,159.039,12778170,297531,0,192,76,56,103392,838550,31404866,18275148,272,61524264,43658016,64771552,0,4212744,0,1,1,0,13434315,1280138222,1283485042,57,61,68,1534573,3072898,1053186,69679823,62790,499301161,470436849,0
1789396498.2736557,159.289,12778545,297557,0,192,76,56,103392,838550,31404921,18275148,272,61524264,43658016,64771552,0,4204764,0,1,1,0,13434315,1280387518,1283734338,57,61,68,1534573,3072898,1051191,69679823,62790,499301161,470436849,0
1789396498.5239835,159.54,12778920,297582,0,192,76,56,103392,838550,31404980,18275148,272,61524264,43658016,64771552,0,4188564,0,1,1,0,13434316,1280635836,1283982656,57,61,68,1534573,3072898,1047141,69679825,62790,499301161,470436849,0
1789396498.7743073,159.79,12779295,297607,0,192,76,56,103392,838550,31405031,18275148,272,61524812,43658564,64771552,0,4180236,0,1,1,0,13434316,1280885136,1284231956,57,61,68,1534586,3072925,1045059,69679825,62790,499301161,470436849,0
1789396499.0246265,160.04,12779671,297632,0,192,76,56,103392,838550,31405079,18275148,272,61524812,43658564,64771552,0,4163672,0,1,1,0,13434316,1281135444,1284482264,57,61,68,1534586,3072925,1040918,69679826,62790,499301161,470436849,0
1789396499.2749717,160.291,12780046,297657,0,192,76,56,103392,838550,31405118,18275148,272,61524812,43658564,64771552,0,4155692,0,1,1,0,13434316,1281384753,1284731573,57,61,68,1534586,3072925,1038923,69679827,62790,499301161,470436849,0
1789396499.5252957,160.541,12780421,297682,0,192,76,56,103392,838550,31405173,18275148,272,61524812,43658564,64771552,0,4139108,0,1,1,0,13434316,1281634065,1284980885,57,61,68,1534586,3072925,1034777,69679828,62790,499301161,470436849,0
1789396499.7756147,160.791,12780796,297707,0,192,76,56,103392,838550,31405212,18275148,272,61524812,43658564,64771552,0,4130884,0,1,1,0,13434317,1281883374,1285230194,57,61,68,1534586,3072925,1032721,69679828,62790,499301161,470436849,0
1789396500.0259504,161.042,12781171,297732,0,192,76,56,103393,838550,31405259,18275148,272,61524812,43658564,64771552,0,4114472,0,1,1,0,13434317,1282132675,1285479495,57,61,68,1534586,3072925,1028618,69679830,62790,499301161,470436849,0
1789396500.276269,161.292,12781547,297758,0,192,76,56,103393,838550,31405311,18275148,272,61524812,43658564,64771552,0,4106260,0,1,1,0,13434317,1282381973,1285728793,57,61,68,1534586,3072925,1026565,69679830,62790,499301161,470436849,0
1789396500.5265813,161.542,12781922,297783,0,192,76,56,103393,838550,31405418,18275168,324,61526788,43660540,64771552,0,4089848,0,1,1,0,13434330,1282631295,1285978135,57,61,81,1534636,3073024,1022462,69679830,62790,499301161,470436849,0
1789396500.7769852,161.793,12782297,297808,0,192,76,56,103393,838550,31405473,18275168,328,61526788,43660540,64771552,0,4081656,0,1,1,0,13434330,1282880698,1286227538,57,61,82,1534636,3073024,1020414,69679833,62790,499301161,470436849,0
1789396501.027397,162.043,12782672,297833,0,192,76,56,103393,838550,31405537,18275168,328,61526788,43660540,64771552,0,4065272,0,1,1,0,13434331,1283129095,1286475936,57,61,82,1534636,3073024,1016318,69679833,62790,499301161,470436849,0
1789396501.2777581,162.293,12783047,297858,0,192,76,56,103393,838550,31405574,18275168,328,61526788,43660540,64771552,0,4057080,0,1,1,0,13434331,1283378417,1286725258,57,61,82,1534636,3073024,1014270,69679835,62790,499301161,470436849,0
1789396501.5280776,162.544,12783419,297886,0,192,76,56,103393,838550,31405792,18275316,2236,61517676,43650744,64771552,0,4040696,0,1,1,0,13434350,1283603560,1286950468,57,61,559,1534408,3072569,1010174,69680484,62804,499301989,470436849,0
1789396501.7784336,162.794,12783795,297911,0,192,76,56,103393,838550,31405827,18275316,2236,61517676,43650744,64771552,0,4032504,0,1,1,0,13434350,1283853852,1287200760,57,61,559,1534408,3072569,1008126,69680485,62804,499301989,470436849,0
1789396502.0287898,163.044,12784170,297936,0,192,76,56,103393,838550,31405882,18275316,2236,61517676,43650744,64771552,0,4016120,0,1,1,0,13434351,1284102213,1287449121,57,61,559,1534408,3072569,1004030,69680486,62804,499301989,470436849,0
1789396502.2791138,163.295,12784545,297961,0,192,76,56,103393,838550,31405927,18275316,2236,61517676,43650744,64771552,0,4008224,0,1,1,0,13434351,1284352501,1287699409,57,61,559,1534408,3072569,1002056,69680487,62804,499301989,470436849,0
1789396502.5294282,163.545,12784920,297986,0,192,76,56,103393,838550,31406006,18275308,2236,61517676,43650744,64771552,0,3991660,0,1,1,0,13434351,1284601810,1287948718,57,61,559,1534408,3072569,997915,69680487,62804,499301989,470436929,0
1789396502.7797863,163.795,12785295,298011,0,192,76,56,103393,838550,31406046,18275308,2236,61517676,43650744,64771552,0,3983376,0,1,1,0,13434351,1284852121,1288199029,57,61,559,1534408,3072569,995844,69680489,62804,499301989,470436929,0
1789396503.030099,164.046,12785671,298036,0,192,76,56,103393,838550,31406099,18275308,2236,61517676,43650744,64771552,0,3967144,0,1,1,0,13434351,1285101423,1288448331,57,61,559,1534408,3072569,991786,69680489,62804,499301989,470436929,0
1789396503.2804396,164.296,12786046,298061,0,192,76,56,103393,838550,31406136,18275308,2236,61517676,43650744,64771552,0,3958864,0,1,1,0,13434351,1285351736,1288698644,57,61,559,1534408,3072569,989716,69680491,62804,499301989,470436929,0
1789396503.5307817,164.546,12786421,298086,0,192,76,56,103393,838550,31406199,18275308,2236,61517676,43650744,64771552,0,3942632,0,1,1,0,13434351,1285601057,1288947965,57,61,559,1534408,3072569,985658,69680491,62804,499301989,470436929,0
1789396503.7810988,164.797,12786796,298111,0,192,76,56,103394,838550,31406234,18275308,2236,61517676,43650744,64771552,0,3934392,0,1,1,0,13434351,1285851351,1289198259,57,61,559,1534408,3072569,983598,69680492,62804,499301989,470436929,0
1789396504.031417,165.047,12787172,298137,0,192,76,56,103394,838550,31406299,18275308,2236,61517676,43650744,64771552,0,3918212,0,1,1,0,13434352,1286099667,1289446575,57,61,559,1534408,3072569,979553,69680492,62804,499301989,470436929,0
1789396504.2817624,165.297,12787547,298162,0,192,76,56,103394,838550,31406342,18275308,2236,61517676,43650744,64771552,0,3909800,0,1,1,0,13434352,1286349982,1289696890,57,61,559,1534408,3072569,977450,69680494,62804,499301989,470436929,0
1789396504.5320947,165.548,12787922,298187,0,192,76,56,103394,838550,31406461,18275532,2300,61521784,43654660,64771552,0,3893240,0,1,1,0,13434368,1286598309,1289945236,57,61,575,1534511,3072774,973310,69680495,62804,499301989,470436929,0
1789396504.7824643,165.798,12788297,298212,0,192,76,56,103394,838551,31406533,18275532,2304,61521784,43654660,64771552,0,3885048,0,1,1,0,13434375,1286847518,1290194705,57,61,576,1534511,3072774,971262,69680499,62804,499301989,470436929,0
1789396505.03298,166.049,12788672,298237,0,192,76,56,103394,838551,31406588,18275532,2304,61522104,43654980,64771552,0,3868664,0,1,1,0,13434375,1287095884,1290443071,57,61,576,1534519,3072790,967166,69680500,62804,499301989,470436929,0
1789396505.2833195,166.299,12789048,298262,0,192,76,56,103394,838551,31406624,18275532,2304,61522360,43655236,64771552,0,3860472,0,1,1,0,13434375,1287346190,1290693377,57,61,576,1534525,3072802,965118,69680500,62804,499301989,470436929,0
1789396505.5336704,166.549,12789423,298287,0,192,76,56,103394,838551,31406685,18275532,2304,61522360,43655236,64771552,0,3844088,0,1,1,0,13434376,1287594567,1290941754,57,61,576,1534525,3072802,961022,69680502,62804,499301989,470436929,0
1789396505.7840314,166.8,12789798,298312,0,192,76,56,103394,838551,31406720,18275532,2304,61522360,43655236,64771552,0,3835896,0,1,1,0,13434376,1287844863,1291192050,57,61,576,1534525,3072802,958974,69680502,62804,499301989,470436929,0
1789396506.0343783,167.05,12790173,298338,0,192,76,56,103394,838551,31406778,18275532,2304,61522360,43655236,64771552,0,3819512,0,1,1,0,13434376,1288093208,1291440395,57,61,576,1534525,3072802,954878,69680504,62804,499301989,470436929,0
1789396506.284713,167.3,12790548,298363,0,192,76,56,103394,838551,31406835,18275532,2304,61525516,43658392,64771552,0,3811476,0,1,1,0,13434389,1288343223,1291690713,57,61,576,1534604,3072960,952869,69680504,62804,499301989,470436929,0
1789396506.5350661,167.551,12790924,298388,0,192,76,56,103394,838551,31406893,18275532,2304,61525516,43658392,64771552,0,3803400,0,1,1,0,13434389,1288592533,1291940023,57,61,576,1534604,3072960,950850,69680505,62804,499301989,470436929,0
1789396506.7853968,167.801,12791299,298413,0,192,76,56,103394,838551,31406944,18275532,2304,61525516,43658392,64771552,0,3786768,0,1,1,0,13434401,1288840865,1292188379,57,61,576,1534604,3072960,946692,69680505,62804,499301989,470436929,0
1789396507.0357869,168.051,12791674,298438,0,192,76,56,103394,838551,31406988,18275532,2304,61525516,43658392,64771552,0,3778944,0,1,1,0,13434401,1289091201,1292438715,57,61,576,1534604,3072960,944736,69680507,62804,499301989,470436929,0
1789396507.2861333,168.302,12792049,298463,0,192,76,56,103394,838551,31407025,18275532,2304,61525516,43658392,64771552,0,3762348,0,1,1,0,13434401,1289341509,1292689022,57,61,576,1534604,3072960,940587,69680508,62804,499301989,470436929,0
1789396507.536441,168.552,12792424,298488,0,192,76,56,103394,838551,31407088,18275532,2304,61525516,43658392,64771552,0,3745872,0,1,1,0,13434401,1289590841,1292938354,57,61,576,1534604,3072960,936468,69680510,62804,499301989,470437281,0
1789396507.7868252,168.803,12792800,298513,0,192,76,56,103394,838551,31407142,18275532,2368,61527012,43659888,64771552,0,3738128,0,1,1,0,13434401,1289840148,1293187662,57,61,592,1534641,3073035,934532,69680510,62804,499301989,470437353,0
1789396508.0371587,169.053,12793175,298539,0,192,76,56,103394,838551,31407202,18275532,2368,61527012,43659888,64771552,0,3722108,0,1,1,0,13434401,1290089458,1293436972,57,61,592,1534641,3073035,930527,69680512,62804,499301989,470437353,0
1789396508.2874954,169.303,12793550,298564,0,192,76,56,103394,838551,31407246,18275532,2368,61527012,43659888,64771552,0,3713596,0,1,1,0,13434411,1290339778,1293687314,57,61,592,1534641,3073035,928399,69680513,62804,499301989,470437353,0
1789396508.5378637,169.554,12793925,298589,0,192,76,56,103394,838551,31407362,18275532,1988,61528188,43661064,64771552,0,3696728,0,1,1,0,13434421,1290588104,1293935659,57,61,497,1534670,3073094,924182,69680515,62804,499301989,470437353,0
1789396508.7882135,169.804,12794300,298614,0,192,76,56,103394,838551,31407405,18275532,1988,61528188,43661064,64771552,0,3688536,0,1,1,0,13434422,1290837418,1294184973,57,61,497,1534670,3073094,922134,69680515,62804,499301989,470437353,0
1789396509.0385404,170.054,12794676,298639,0,192,76,56,103394,838551,31407462,18275532,1988,61529496,43662372,64771552,0,3671760,0,1,1,0,13434422,1291086751,1294434307,57,61,497,1534703,3073159,917940,69680515,62804,499301989,470437353,0
1789396509.2889051,170.305,12795051,298664,0,192,76,56,103394,838551,31407501,18275532,1988,61529496,43662372,64771552,0,3663176,0,1,1,0,13434422,1291336056,1294683611,57,61,497,1534703,3073159,915794,69680517,62804,499301989,470437353,0
1789396509.5392077,170.555,12795426,298689,0,192,76,56,103394,838551,31407550,18275532,1988,61529496,43662372,64771552,0,3654984,0,1,1,0,13434422,1291586364,1294933920,57,61,497,1534703,3073159,913746,69680517,62804,499301989,470437353,0
1789396509.7895477,170.805,12795801,298714,0,192,76,56,103394,838551,31407601,18275532,1988,61529752,43662628,64771552,0,3638216,0,1,1,0,13434422,1291835683,1295183238,57,61,497,1534709,3073172,909554,69680519,62804,499301989,470437353,0
1789396510.0398765,171.056,12796176,298739,0,192,76,56,103394,838551,31407654,18275532,1988,61531368,43664244,64771552,0,3629632,0,1,1,0,13434423,1292084968,1295432523,57,61,497,1534750,3073253,907408,69680519,62804,499301989,470437353,0
1789396510.2901988,171.306,12796552,298765,0,192,76,56,103394,838551,31407710,18275532,1988,61532016,43664892,64771552,0,3612992,0,1,1,0,13434423,1292334259,1295681815,57,61,497,1534766,3073285,903248,69680520,62804,499301989,470437353,0
1789396510.5404983,171.556,12796927,298790,0,192,76,56,103395,838551,31407770,18275532,1988,61532016,43664892,64771552,0,3604704,0,1,1,0,13434423,1292582573,1295930128,57,61,497,1534766,3073285,901176,69680520,62804,499301989,470437353,0
1789396510.7908664,171.807,12797302,298815,0,192,76,56,103395,838551,31407827,18275532,1988,61532016,43664892,64771552,0,3596216,0,1,1,0,13434424,1292831898,1296179454,57,61,497,1534766,3073285,899054,69680522,62804,499301989,470437353,0
1789396511.0412035,172.057,12797677,298840,0,192,76,56,103395,838551,31407874,18275532,1988,61532016,43664892,64771552,0,3579320,0,1,1,0,13434424,1293081219,1296428775,57,61,497,1534766,3073285,894830,69680523,62804,499301989,470437353,0
1789396511.2915387,172.307,12798052,298865,0,192,76,56,103395,838552,31407918,18275532,1988,61532016,43664892,64771552,0,3571300,0,1,1,0,13434424,1293331546,1296679102,57,61,497,1534766,3073285,892825,69680524,62804,499301989,470437353,0
1789396511.5418868,172.558,12798427,298890,0,192,76,56,103395,838552,31407976,18275532,1988,61532016,43664892,64771552,0,3554684,0,1,1,0,13434424,1293580850,1296928406,57,61,497,1534766,3073285,888671,69680524,62804,499301989,470437353,0
1789396511.792226,172.808,12798803,298915,0,192,76,56,103395,838552,31408025,18275532,1988,61532468,43665344,64771552,0,3546152,0,1,1,0,13434424,1293830188,1297177743,57,61,497,1534777,3073308,886538,69680525,62804,499301989,470437353,0
1789396512.0425992,173.058,12799178,298941,0,192,76,56,103395,838552,31408085,18275532,1988,61532468,43665344,64771552,0,3529176,0,1,1,0,13434424,1294079542,1297427098,57,61,497,1534777,3073308,882294,69680526,62804,499301989,470437353,0
1789396512.2929473,173.309,12799553,298966,0,192,76,56,103395,838552,31408145,18275532,1988,61532468,43665344,64771552,0,3512352,0,1,1,0,13434425,1294327865,1297675420,57,61,497,1534777,3073308,878088,69680527,62804,499301989,470437353,0
1789396512.5432765,173.559,12799928,298991,0,192,76,56,103395,838552,31408239,18275532,1988,61532708,43665584,64771552,0,3504024,0,1,1,0,13434432,1294578160,1297925725,57,61,497,1534783,3073320,876006,69680528,62804,499301989,470437353,0
1789396512.7936077,173.809,12800303,299016,0,192,76,56,103395,838552,31408293,18275532,1988,61532708,43665584,64771552,0,3495448,0,1,1,0,13434432,1294827484,1298175048,57,61,497,1534783,3073320,873862,69680529,62804,499301989,470437353,0
1789396513.0439558,174.06,12800678,299041,0,192,76,56,103395,838552,31408352,18275524,1988,61532708,43665584,64771552,0,3478676,0,1,1,0,13434432,1295075806,1298423371,57,61,497,1534783,3073320,869669,69680529,62804,499301989,470437461,0
1789396513.2942843,174.31,12801054,299066,0,192,76,56,103395,838552,31408404,18275524,1988,61532708,43665584,64771552,0,3470484,0,1,1,0,13434437,1295326056,1298673681,57,61,497,1534783,3073320,867621,69680530,62804,499301989,470437461,0
1789396513.5446014,174.56,12801429,299091,0,192,76,56,103395,838552,31408457,18275524,1988,61532708,43665584,64771552,0,3453704,0,1,1,0,13434438,1295575371,1298922996,57,61,497,1534783,3073320,863426,69680531,62804,499301989,470437461,0
1789396513.7949314,174.811,12801804,299116,0,192,76,56,103395,838552,31408504,18275524,1988,61532708,43665584,64771552,0,3445124,0,1,1,0,13434438,1295825673,1299173298,57,61,497,1534783,3073320,861281,69680532,62804,499301989,470437461,0
1789396514.0452762,175.061,12802179,299142,0,192,76,56,103395,838552,31408551,18275524,1988,61532708,43665584,64771552,0,3436932,0,1,1,0,13434438,1296074977,1299422602,57,61,497,1534783,3073320,859233,69680533,62804,499301989,470437461,0
1789396514.295591,175.311,12802555,299167,0,192,76,56,103395,838552,31408614,18275524,1988,61532708,43665584,64771552,0,3420256,0,1,1,0,13434438,1296323321,1299670946,57,61,497,1534783,3073320,855064,69680533,62804,499301989,470437461,0
1789396514.5459726,175.562,12802930,299192,0,192,76,56,103395,838552,31408680,18275524,1988,61532708,43665584,64771552,0,3403452,0,1,1,0,13434439,1296571670,1299919295,57,61,497,1534783,3073320,850863,69680535,62804,499301989,470437461,0
1789396514.7963347,175.812,12803305,299217,0,192,76,56,103395,838552,31408757,18275524,1988,61532708,43665584,64771552,0,3394832,0,1,1,0,13434446,1296820875,1300168704,57,61,497,1534783,3073320,848708,69680537,62804,499301989,470437461,0
1789396515.0468206,176.063,12803680,299242,0,192,76,56,103395,838552,31408801,18275524,1988,61532708,43665584,64771552,0,3386984,0,1,1,0,13434446,1297071238,1300419067,57,61,497,1534783,3073320,846746,69680538,62804,499301989,470437461,0
1789396515.297165,176.313,12804055,299267,0,192,76,56,103395,838552,31408850,18275524,1988,61532708,43665584,64771552,0,3370356,0,1,1,0,13434447,1297319572,1300667401,57,61,497,1534783,3073320,842589,69680539,62804,499301989,470437461,0
1789396515.5475094,176.563,12804431,299292,0,192,76,56,103395,838552,31408895,18275524,1988,61532708,43665584,64771552,0,3362088,0,1,1,0,13434447,1297569901,1300917730,57,61,497,1534783,3073320,840522,69680540,62804,499301989,470437461,0
1789396515.7978604,176.814,12804806,299318,0,192,76,56,103395,838552,31408946,18275524,1988,61532708,43665584,64771552,0,3345924,0,1,1,0,13434447,1297819212,1301167041,57,61,497,1534783,3073320,836481,69680540,62804,499301989,470437461,0
1789396516.0482273,177.064,12805181,299343,0,192,76,56,103395,838552,31408995,18275524,1988,61532708,43665584,64771552,0,3337508,0,1,1,0,13434459,1298069283,1301417393,57,61,497,1534783,3073320,834377,69680542,62804,499301989,470437461,0
1789396516.2985718,177.314,12805556,299368,0,192,76,56,103395,838552,31409055,18275524,1988,61532708,43665584,64771552,0,3321460,0,1,1,0,13434459,1298318624,1301666734,57,61,497,1534783,3073320,830365,69680542,62804,499301989,470437461,0
1789396516.5489388,177.565,12805931,299393,0,192,76,56,103395,838552,31409149,18275532,2052,61533076,43665952,64771552,0,3312884,0,1,1,0,13434477,1298568941,1301917076,57,61,513,1534792,3073338,828221,69680544,62804,499301989,470437461,0
1789396516.7993016,177.815,12806307,299418,0,192,76,56,103395,838552,31409202,18275532,2052,61533076,43665952,64771552,0,3296500,0,1,1,0,13434477,1298818257,1302166393,57,61,513,1534792,3073338,824125,69680544,62804,499301989,470437461,0
1789396517.049634,178.065,12806682,299443,0,192,76,56,103396,838552,31409247,18275532,2052,61533076,43665952,64771552,0,3288468,0,1,1,0,13434477,1299067582,1302415718,57,61,513,1534792,3073338,822117,69680545,62804,499301989,470437461,0
1789396517.2999969,178.316,12807057,299468,0,192,76,56,103396,838552,31409290,18275532,2052,61533076,43665952,64771552,0,3272016,0,1,1,0,13434477,1299316900,1302665036,57,61,513,1534792,3073338,818004,69680546,62804,499301989,470437461,0
1789396517.5503137,178.566,12807432,299493,0,192,76,56,103396,838552,31409336,18275532,2052,61533076,43665952,64771552,0,3263852,0,1,1,0,13434477,1299567197,1302915333,57,61,513,1534792,3073338,815963,69680546,62804,499301989,470437461,0
1789396517.8006353,178.816,12807808,299519,0,192,76,56,103396,838552,31409387,18275532,2052,61533076,43665952,64771552,0,3247388,0,1,1,0,13434478,1299815526,1303163662,57,61,513,1534792,3073338,811847,69680547,62804,499301989,470437461,0
1789396518.0509894,179.067,12808183,299544,0,192,76,56,103396,838552,31409430,18275532,2052,61532836,43665712,64771552,0,3239208,0,1,1,0,13434478,1300065837,1303413972,57,61,513,1534786,3073326,809802,69680548,62804,499301989,470437461,0
1789396518.3013077,179.317,12808558,299569,0,192,76,56,103396,838552,31409503,18275532,2084,61532836,43665712,64771552,0,3223124,0,1,1,0,13434478,1300315132,1303663268,57,61,521,1534786,3073326,805781,69680549,62804,499301989,470437537,0
1789396518.5516646,179.567,12808933,299594,0,192,76,56,103396,838553,31409546,18275532,2084,61532836,43665712,64771552,0,3215064,0,1,1,0,13434478,1300565466,1303913601,57,61,521,1534786,3073326,803766,69680550,62804,499301989,470437537,0
1789396518.8019924,179.818,12809308,299619,0,192,76,56,103396,838553,31409613,18275532,2084,61532836,43665712,64771552,0,3198684,0,1,1,0,13434508,1300813774,1304161942,57,61,521,1534786,3073326,799671,69680551,62804,499301989,470437537,0
1789396519.0523407,180.068,12809684,299644,0,192,76,56,103396,838553,31409669,18275532,2084,61532836,43665712,64771552,0,3190756,0,1,1,0,13434509,1301063080,1304411248,57,61,521,1534786,3073326,797689,69680551,62804,499301989,470437537,0
1789396519.3026605,180.318,12810059,299669,0,192,76,56,103396,838553,31409718,18275532,2084,61532836,43665712,64771552,0,3174336,0,1,1,0,13434509,1301311399,1304659568,57,61,521,1534786,3073326,793584,69680552,62804,499301989,470437537,0
1789396519.5529895,180.569,12810434,299694,0,192,76,56,103396,838553,31409763,18275532,2084,61532836,43665712,64771552,0,3165932,0,1,1,0,13434509,1301560700,1304908869,57,61,521,1534786,3073326,791483,69680553,62804,499301989,470437537,0
1789396519.803336,180.819,12810809,299720,0,192,76,56,103396,838553,31409818,18275532,2084,61532836,43665712,64771552,0,3149784,0,1,1,0,13434509,1301809054,1305157222,57,61,521,1534786,3073326,787446,69680555,62804,499301989,470437537,0
1789396520.053777,181.069,12811184,299745,0,192,76,56,103396,838553,31409872,18275532,2084,61532836,43665712,64771552,0,3141212,0,1,1,0,13434510,1302058404,1305406573,57,61,521,1534786,3073326,785303,69680556,62804,499301989,470437537,0
1789396520.3041034,181.32,12811559,299770,0,192,76,56,103396,838553,31409933,18275532,2084,61533092,43665968,64771552,0,3124468,0,1,1,0,13434510,1302306728,1305654897,57,61,521,1534793,3073339,781117,69680556,62804,499301989,470437537,0
1789396520.55445,181.57,12811935,299795,0,192,76,56,103396,838553,31410038,18275532,2084,61533548,43666424,64771552,0,3116276,0,1,1,0,13434527,1302556062,1305904252,57,61,521,1534804,3073362,779069,69680557,62804,499301989,470437537,0
1789396520.8048656,181.821,12812310,299820,0,192,76,56,103396,838553,31410109,18275532,2084,61533548,43666424,64771552,0,3099892,0,1,1,0,13434527,1302805396,1306153586,57,61,521,1534804,3073362,774973,69680558,62804,499301989,470437537,0
1789396521.0552356,182.071,12812685,299845,0,192,76,56,103396,838553,31410154,18275532,2084,61533548,43666424,64771552,0,3091700,0,1,1,0,13434527,1303054722,1306402912,57,61,521,1534804,3073362,772925,69680559,62804,499301989,470437537,0
1789396521.3055613,182.321,12813060,299871,0,192,76,56,103396,838553,31410200,18275532,2084,61533548,43666424,64771552,0,3075316,0,1,1,0,13434528,1303304039,1306652229,57,61,521,1534804,3073362,768829,69680560,62804,499301989,470437537,0
1789396521.5559027,182.572,12813435,299896,0,192,76,56,103396,838553,31410247,18275532,2084,61533548,43666424,64771552,0,3067124,0,1,1,0,13434528,1303553338,1306901528,57,61,521,1534804,3073362,766781,69680561,62804,499301989,470437537,0
1789396521.8062167,182.822,12813810,299921,0,192,76,56,103396,838553,31410294,18275532,2084,61533548,43666424,64771552,0,3050740,0,1,1,0,13434528,1303802631,1307150821,57,61,521,1534804,3073362,762685,69680561,62804,499301989,470437537,0
1789396522.05653,183.072,12814186,299946,0,192,76,56,103396,838553,31410347,18275532,2084,61533548,43666424,64771552,0,3042620,0,1,1,0,13434528,1304051952,1307400143,57,61,521,1534804,3073362,760655,69680562,62804,499301989,470437537,0
1789396522.3068802,183.323,12814561,299971,0,192,76,56,103396,838553,31410402,18275532,2084,61533548,43666424,64771552,0,3026280,0,1,1,0,13434540,1304302138,1307650439,57,61,521,1534804,3073362,756570,69680563,62804,499301989,470437537,0
1789396522.5572195,183.573,12814936,299996,0,192,76,56,103396,838553,31410454,18275532,2084,61533548,43666424,64771552,0,3017972,0,1,1,0,13434540,1304551479,1307899780,57,61,521,1534804,3073362,754493,69680565,62804,499301989,470437537,0
1789396522.8075614,183.823,12815312,300021,0,192,76,56,103396,838553,31410503,18275532,2084,61533548,43666424,64771552,0,3001716,0,1,1,0,13434570,1304801681,1308150102,57,61,521,1534804,3073362,750429,69680565,62804,499301989,470437537,0
1789396523.0579123,184.074,12815687,300046,0,192,76,56,103396,838553,31410550,18275532,2084,61533548,43666424,64771552,0,2993424,0,1,1,0,13434570,1305050989,1308399411,57,61,521,1534804,3073362,748356,69680566,62804,499301989,470437537,0
1789396523.3082454,184.324,12816062,300071,0,192,76,56,103396,838553,31410603,18275524,2084,61533548,43666424,64771552,0,2977316,0,1,1,0,13434571,1305299305,1308647727,57,61,521,1534804,3073362,744329,69680566,62804,499301989,470437605,0
1789396523.558554,184.574,12816437,300097,0,192,76,56,103397,838553,31410660,18275524,2084,61533548,43666424,64771552,0,2969508,0,1,1,0,13434571,1305548628,1308897049,57,61,521,1534804,3073362,742377,69680567,62804,499301989,470437605,0
1789396523.808918,184.825,12816812,300122,0,192,76,56,103397,838553,31410706,18275524,2084,61533548,43666424,64771552,0,2952776,0,1,1,0,13434571,1305798945,1309147367,57,61,521,1534804,3073362,738194,69680569,62804,499301989,470437605,0
1789396524.0592551,185.075,12817188,300147,0,192,76,56,103397,838553,31410757,18275524,2084,61533548,43666424,64771552,0,2944660,0,1,1,0,13434571,1306048258,1309396679,57,61,521,1534804,3073362,736165,69680569,62804,499301989,470437605,0
1789396524.3095725,185.325,12817563,300172,0,192,76,56,103397,838553,31410832,18275532,2136,61534908,43667784,64771552,0,2927860,0,1,1,0,13434571,1306297569,1309645990,57,61,534,1534838,3073430,731965,69680570,62804,499301989,470437605,0
1789396524.5599134,185.576,12817938,300197,0,192,76,56,103397,838553,31410901,18275532,2136,61534908,43667784,64771552,0,2919668,0,1,1,0,13434596,1306546685,1309895296,57,61,534,1534838,3073430,729917,69680571,62804,499301989,470437605,0
1789396524.8102686,185.826,12818313,300222,0,192,76,56,103397,838554,31410993,18275532,2136,61534908,43667784,64771552,0,2903284,0,1,1,0,13434602,1306793974,1310142760,57,61,534,1534838,3073430,725821,69680577,62804,499301989,470437605,0
1789396525.060791,186.076,12818688,300247,0,192,76,56,103397,838554,31411039,18275532,2136,61534908,43667784,64771552,0,2895092,0,1,1,0,13434602,1307043375,1310392162,57,61,534,1534838,3073430,723773,69680579,62804,499301989,470437605,0
1789396525.3111463,186.327,12819063,300272,0,192,76,56,103397,838554,31411086,18275532,2136,61534908,43667784,64771552,0,2878708,0,1,1,0,13434603,1307291704,1310640491,57,61,534,1534838,3073430,719677,69680580,62804,499301989,470437605,0
1789396525.5614698,186.577,12819439,300298,0,192,76,56,103397,838554,31411135,18275532,2136,61534908,43667784,64771552,0,2870516,0,1,1,0,13434603,1307541014,1310889800,57,61,534,1534838,3073430,717629,69680580,62804,499301989,470437605,0
1789396525.8118296,186.828,12819814,300323,0,192,76,56,103397,838554,31411176,18275532,2136,61534908,43667784,64771552,0,2862324,0,1,1,0,13434603,1307791326,1311140113,57,61,534,1534838,3073430,715581,69680581,62804,499301989,470437605,0
1789396526.0621705,187.078,12820189,300348,0,192,76,56,103397,838554,31411217,18275532,2136,61535164,43668040,64771552,0,2845940,0,1,1,0,13434616,1308041370,1311390440,57,61,534,1534845,3073442,711485,69680581,62804,499301989,470437605,0
1789396526.3125453,187.328,12820564,300373,0,192,76,56,103397,838554,31411293,18275532,2136,61535164,43668040,64771552,0,2829556,0,1,1,0,13434622,1308289723,1311638808,57,61,534,1534845,3073442,707389,69680584,62804,499301989,470437605,0
1789396526.562898,187.579,12820940,300398,0,192,76,56,103397,838554,31411340,18275532,2136,61535164,43668040,64771552,0,2821484,0,1,1,0,13434623,1308539036,1311888122,57,61,534,1534845,3073442,705371,69680584,62804,499301989,470437605,0
1789396526.8132315,187.829,12821315,300423,0,192,76,56,103397,838554,31411383,18275532,2136,61535164,43668040,64771552,0,2813292,0,1,1,0,13434623,1308788352,1312137437,57,61,534,1534845,3073442,703323,69680585,62804,499301989,470437605,0
1789396527.0635788,188.079,12821690,300448,0,192,76,56,103397,838554,31411449,18275532,2136,61535164,43668040,64771552,0,2797164,0,1,2,0,13434623,1309035754,1312384839,57,61,534,1534845,3073442,699291,69680585,62804,499301989,470437605,0
1789396527.3139386,188.33,12822065,300473,0,192,76,56,103397,838554,31411490,18275532,2136,61535164,43668040,64771552,0,2780880,0,1,1,0,13434623,1309285057,1312634143,57,61,534,1534845,3073442,695220,69680586,62804,499301989,470437605,0
1789396527.5642753,188.58,12822440,300498,0,192,76,56,103397,838554,31411533,18275532,2136,61535164,43668040,64771552,0,2772360,0,1,1,0,13434623,1309535363,1312884449,57,61,534,1534845,3073442,693090,69680586,62804,499301989,470437605,0
1789396527.8146143,188.83,12822815,300524,0,192,76,56,103397,838554,31411614,18275532,2136,61534924,43667800,64771552,0,2755828,0,1,1,0,13434624,1309783730,1313132816,57,61,534,1534839,3073430,688957,69680590,62804,499301989,470437605,0
1789396528.0649734,189.081,12823191,300549,0,192,76,56,103398,838554,31411670,18275532,2136,61534924,43667800,64771552,0,2747636,0,1,1,0,13434624,1310033039,1313382125,57,61,534,1534839,3073430,686909,69680591,62804,499301989,470437605,0
1789396528.31528,189.331,12823566,300574,0,192,76,56,103398,838554,31411753,18275532,2136,61536184,43669060,64771552,0,2731252,0,1,1,0,13434631,1310281330,1313630424,57,61,534,1534870,3073493,682813,69680591,62804,499301989,470437605,0
1789396528.5655992,189.581,12823941,300599,0,192,76,56,103398,838554,31411823,18275524,2116,61536256,43669060,64771552,0,2723076,0,1,1,0,13434631,1310530664,1313879758,57,61,529,1534872,3073497,680769,69680593,62804,499301989,470437693,0
1789396528.815952,189.832,12824316,300624,0,192,76,56,103398,838554,31411870,18275524,2116,61536256,43669060,64771552,0,2714868,0,1,1,0,13434631,1310779960,1314129054,57,61,529,1534872,3073497,678717,69680593,62804,499301989,470437693,0
1789396529.0662932,190.082,12824691,300649,0,192,76,56,103398,838554,31411923,18275524,2116,61536256,43669060,64771552,0,2698484,0,1,1,0,13434632,1311029277,1314378371,57,61,529,1534872,3073497,674621,69680596,62804,499301989,470437693,0
1789396529.3166113,190.332,12825066,300675,0,192,76,56,103398,838554,31411972,18275532,2176,61536256,43669060,64771552,0,2690292,0,1,1,0,13434641,1311278544,1314627684,57,61,544,1534872,3073497,672573,69680596,62804,499301989,470437693,0
1789396529.566956,190.583,12825442,300700,0,192,76,56,103398,838554,31412027,18275532,2176,61536256,43669060,64771552,0,2673908,0,1,1,0,13434641,1311527893,1314877033,57,61,544,1534872,3073497,668477,69680598,62804,499301989,470437693,0
1789396529.8173337,190.833,12825817,300725,0,192,76,56,103398,838554,31412088,18275532,2176,61536256,43669060,64771552,0,2665716,0,1,1,0,13434641,1311777209,1315126349,57,61,544,1534872,3073497,666429,69680599,62804,499301989,470437693,0
1789396530.0676723,191.083,12826192,300750,0,192,76,56,103398,838554,31412149,18275532,2176,61536256,43669060,64771552,0,2649332,0,1,1,0,13434651,1312025518,1315374675,57,61,544,1534872,3073497,662333,69680600,62804,499301989,470437693,0
1789396530.317992,191.334,12826567,300775,0,192,76,56,103398,838554,31412192,18275532,2176,61536256,43669060,64771552,0,2641140,0,1,1,0,13434651,1312274827,1315623983,57,61,544,1534872,3073497,660285,69680600,62804,499301989,470437693,0
1789396530.568348,191.584,12826942,300801,0,192,76,56,103398,838554,31412279,18275524,2176,61536256,43669060,64771552,0,2624756,0,1,1,0,13434651,1312521307,1315870464,57,61,544,1534872,3073497,656189,69680604,62804,499301989,470437729,0
1789396530.8188162,191.835,12827317,300826,0,192,76,56,103398,838554,31412320,18275524,2176,61536256,43669060,64771552,0,2616564,0,1,1,0,13434651,1312770684,1316119841,57,61,544,1534872,3073497,654141,69680604,62804,499301989,470437729,0
1789396531.0691772,192.085,12827692,300851,0,192,76,56,103398,838554,31412375,18275524,2176,61536256,43669060,64771552,0,2600180,0,1,1,0,13434651,1313020021,1316369178,57,61,544,1534872,3073497,650045,69680605,62804,499301989,470437729,0
1789396531.319528,192.335,12828068,300876,0,192,76,56,103398,838555,31412423,18275524,2176,61536256,43669060,64771552,0,2583820,0,1,1,0,13434652,1313269357,1316618514,57,61,544,1534872,3073497,645955,69680605,62804,499301989,470437729,0
1789396531.56988,192.586,12828443,300901,0,192,76,56,103398,838555,31412481,18275524,2176,61536256,43669060,64771552,0,2575900,0,1,1,0,13434652,1313518685,1316867843,57,61,544,1534872,3073497,643975,69680606,62804,499301989,470437729,0
1789396531.8202367,192.836,12828818,300926,0,192,76,56,103398,838555,31412524,18275524,2176,61536256,43669060,64771552,0,2567708,0,1,1,0,13434652,1313768005,1317117162,57,61,544,1534872,3073497,641927,69680607,62804,499301989,470437729,0
1789396532.070567,193.086,12829193,300952,0,192,76,56,103398,838555,31412587,18275524,2176,61536256,43669060,64771552,0,2551148,0,1,1,0,13434653,1314016360,1317365517,57,61,544,1534872,3073497,637787,69680607,62804,499301989,470437729,0
1789396532.3209157,193.337,12829568,300977,0,192,76,56,103398,838555,31412707,18275532,300,61537616,43670420,64771552,0,2542836,0,1,1,0,13434662,1314261787,1317610953,57,61,75,1534906,3073565,635709,69680608,62804,499301989,470439637,0
1789396532.571251,193.587,12829943,301002,0,192,76,56,103398,838555,31412762,18275532,300,61537616,43670420,64771552,0,2526452,0,1,1,0,13434662,1314511124,1317860291,57,61,75,1534906,3073565,631613,69680609,62804,499301989,470439637,0
1789396532.8215983,193.837,12830318,301027,0,192,76,56,103398,838555,31412805,18275532,300,61537616,43670420,64771552,0,2517872,0,1,1,0,13434662,1314760445,1318109612,57,61,75,1534906,3073565,629468,69680610,62804,499301989,470439637,0
1789396533.0719376,194.088,12830693,301052,0,192,76,56,103398,838555,31412860,18275532,300,61537616,43670420,64771552,0,2501100,0,1,1,0,13434663,1315008768,1318357935,57,61,75,1534906,3073565,625275,69680610,62804,499301989,470439637,0
1789396533.322263,194.338,12831069,301078,0,192,76,56,103398,838555,31412908,18275532,300,61537616,43670420,64771552,0,2492908,0,1,1,0,13434663,1315258070,1318607237,57,61,75,1534906,3073565,623227,69680612,62804,499301989,470439637,0
1789396533.5725813,194.588,12831444,301103,0,192,76,56,103399,838555,31412968,18275532,300,61537616,43670420,64771552,0,2476136,0,1,1,0,13434663,1315506407,1318855574,57,61,75,1534906,3073565,619034,69680612,62804,499301989,470439637,0
1789396533.8229456,194.839,12831819,301128,0,192,76,56,103399,838555,31413023,18275520,300,61537616,43670420,64771552,0,2467556,0,1,1,0,13434664,1315755715,1319104882,57,61,75,1534906,3073565,616889,69680614,62804,499301989,470439717,0
1789396534.0732641,195.089,12832194,301153,0,192,76,56,103399,838555,31413076,18275520,300,61537616,43670420,64771552,0,2450780,0,1,1,0,13434664,1316005021,1319354188,57,61,75,1534906,3073565,612695,69680614,62804,499301989,470439717,0
1789396534.3235965,195.339,12832569,301178,0,192,76,56,103399,838555,31413131,18275520,300,61537616,43670420,64771552,0,2442588,0,1,1,0,13434664,1316254338,1319603505,57,61,75,1534906,3073565,610647,69680615,62804,499301989,470439717,0
1789396534.5739262,195.59,12832944,301203,0,192,76,56,103399,838555,31413181,18275520,300,61537616,43670420,64771552,0,2434012,0,1,1,0,13434664,1316504626,1319853794,57,61,75,1534906,3073565,608503,69680615,62804,499301989,470439717,0
1789396534.8242748,195.84,12833319,301228,0,192,76,56,103399,838555,31413263,18275520,300,61537616,43670420,64771552,0,2417240,0,1,1,0,13434670,1316752775,1320102130,57,61,75,1534906,3073565,604310,69680618,62804,499301989,470439717,0
1789396535.0746288,196.09,12833694,301254,0,192,76,56,103399,838555,31413329,18275520,300,61537616,43670420,64771552,0,2409048,0,1,2,0,13434670,1317001188,1320350543,57,61,75,1534906,3073565,602262,69680619,62804,499301989,470439717,0
1789396535.3249676,196.341,12834070,301279,0,192,76,56,103399,838555,31413373,18275520,300,61537616,43670420,64771552,0,2392368,0,1,1,0,13434671,1317250483,1320599838,57,61,75,1534906,3073565,598092,69680620,62804,499301989,470439717,0
1789396535.575285,196.591,12834445,301304,0,192,76,56,103399,838555,31413420,18275520,300,61537616,43670420,64771552,0,2383728,0,1,1,0,13434671,1317499777,1320849132,57,61,75,1534906,3073565,595932,69680620,62804,499301989,470439717,0
1789396535.8256066,196.841,12834820,301329,0,192,76,56,103399,838555,31413476,18275520,300,61537616,43670420,64771552,0,2367384,0,1,1,0,13434671,1317749127,1321098482,57,61,75,1534906,3073565,591846,69680621,62804,499301989,470439717,0
1789396536.075983,197.092,12835195,301354,0,192,76,56,103399,838555,31413534,18275520,300,61537616,43670420,64771552,0,2359272,0,1,1,0,13434680,1317998171,1321347809,57,61,75,1534906,3073565,589818,69680621,62804,499301989,470439717,0
1789396536.3263352,197.342,12835570,301379,0,192,76,56,103399,838555,31413638,18275532,336,61537768,43670572,64771552,0,2341948,0,1,1,0,13434689,1318246509,1321596158,57,61,84,1534910,3073573,585487,69680623,62804,499301989,470439717,0
1789396536.5766735,197.592,12835945,301405,0,192,76,56,103399,838555,31413689,18275532,336,61537768,43670572,64771552,0,2333360,0,1,1,0,13434689,1318495811,1321845460,57,61,84,1534910,3073573,583340,69680624,62804,499301989,470439717,0
1789396536.8269908,197.843,12836321,301430,0,192,76,56,103399,838555,31413750,18275532,336,61537768,43670572,64771552,0,2316584,0,1,1,0,13434689,1318744128,1322093777,57,61,84,1534910,3073573,579146,69680624,62804,499301989,470439717,0
1789396537.0773165,198.093,12836696,301455,0,192,76,56,103399,838555,31413800,18275532,336,61537768,43670572,64771552,0,2308392,0,1,1,0,13434708,1318994370,1322344071,57,61,84,1534910,3073573,577098,69680626,62804,499301989,470439717,0
1789396537.327623,198.343,12837071,301480,0,192,76,56,103399,838555,31413853,18275532,336,61537768,43670572,64771552,0,2291616,0,1,1,0,13434709,1319242686,1322592388,57,61,84,1534910,3073573,572904,69680626,62804,499301989,470439717,0
1789396537.5779521,198.594,12837446,301505,0,192,76,56,103399,838555,31413898,18275532,336,61537768,43670572,64771552,0,2283032,0,1,1,0,13434709,1319491979,1322841680,57,61,84,1534910,3073573,570758,69680627,62804,499301989,470439717,0
1789396537.8282926,198.844,12837821,301530,0,192,76,56,103399,838555,31413957,18275532,336,61537768,43670572,64771552,0,2266256,0,1,1,0,13434709,1319740317,1323090019,57,61,84,1534910,3073573,566564,69680629,62804,499301989,470439717,0
1789396538.0786312,199.094,12838196,301555,0,192,76,56,103399,838555,31414009,18275532,336,61537768,43670572,64771552,0,2258064,0,1,1,0,13434709,1319990652,1323340353,57,61,84,1534910,3073573,564516,69680630,62804,499301989,470439717,0
1789396538.328981,199.345,12838572,301581,0,192,76,56,103399,838555,31414067,18275532,336,61537768,43670572,64771552,0,2241304,0,1,1,0,13434710,1320239937,1323589638,57,61,84,1534910,3073573,560326,69680630,62804,499301989,470439717,0
1789396538.5793016,199.595,12838947,301606,0,192,76,56,103399,838555,31414119,18275532,336,61537768,43670572,64771552,0,2232824,0,1,1,0,13434710,1320489252,1323838954,57,61,84,1534910,3073573,558206,69680631,62804,499301989,470439717,0
1789396538.8296347,199.845,12839322,301631,0,192,76,56,103400,838556,31414175,18275532,336,61537768,43670572,64771552,0,2224548,0,1,1,0,13434710,1320739555,1324089257,57,61,84,1534910,3073573,556137,69680631,62804,499301989,470439929,0
1789396539.0799875,200.096,12839697,301656,0,192,76,56,103400,838556,31414242,18275532,424,61537768,43670572,64771552,0,2207852,0,1,1,0,13434710,1320987907,1324337609,57,61,106,1534910,3073573,551963,69680634,62804,499301989,470440025,0
1789396539.3303134,200.346,12840072,301681,0,192,76,57,103400,838556,31414287,18275532,424,61537768,43670572,64771552,0,2199304,0,1,1,0,13434734,1321237151,1324586903,57,61,106,1534910,3073573,549826,69680634,62804,499301989,470440025,0
1789396539.5806298,200.596,12840447,301706,0,192,76,57,103400,838556,31414343,18275532,424,61537768,43670572,64771552,0,2182532,0,1,1,0,13434735,1321486478,1324836231,57,61,106,1534910,3073573,545633,69680635,62804,499301989,470440025,0
1789396539.8309762,200.847,12840823,301731,0,192,76,57,103400,838556,31414393,18275532,424,61537768,43670572,64771552,0,2174412,0,1,1,0,13434735,1321736762,1325086515,57,61,106,1534910,3073573,543603,69680635,62804,499301989,470440025,0
1789396540.0812936,201.097,12841198,301757,0,192,76,57,103400,838556,31414455,18275532,424,61537768,43670572,64771552,0,2165636,0,1,1,0,13434735,1321986075,1325335828,57,61,106,1534910,3073573,541409,69680636,62804,499301989,470440025,0
1789396540.3316226,201.347,12841573,301782,0,192,76,57,103400,838556,31414546,18275532,124,61538024,43670828,64771552,0,2148852,0,1,1,0,13434745,1322235381,1325585151,57,61,31,1534916,3073585,537213,69680637,62804,499301989,470440025,0
1789396540.581965,201.598,12841948,301807,0,192,76,57,103400,838556,31414608,18275532,124,61538024,43670828,64771552,0,2138364,0,1,1,0,13434745,1322484692,1325834462,57,61,31,1534916,3073585,534591,69680638,62804,499301989,470440025,0
1789396540.8322885,201.848,12842323,301832,0,192,76,57,103400,838556,31414664,18275532,124,61538024,43670828,64771552,0,2121980,0,1,1,0,13434745,1322733988,1326083757,57,61,31,1534916,3073585,530495,69680639,62804,499301989,470440025,0
1789396541.0826318,202.098,12842699,301857,0,192,76,57,103400,838556,31414699,18275532,124,61538024,43670828,64771552,0,2114312,0,1,1,0,13434745,1322984313,1326334083,57,61,31,1534916,3073585,528578,69680639,62804,499301989,470440025,0
1789396541.3329675,202.349,12843074,301882,0,192,76,57,103400,838556,31414756,18275532,124,61538024,43670828,64771552,0,2095628,0,1,1,0,13434746,1323232623,1326582392,57,61,31,1534916,3073585,523907,69680640,62804,499301989,470440025,0
1789396541.5833042,202.599,12843449,301907,0,192,76,57,103400,838556,31414807,18275532,124,61538024,43670828,64771552,0,2085136,0,1,1,0,13434746,1323481935,1326831705,57,61,31,1534916,3073585,521284,69680641,62804,499301989,470440025,0
1789396541.8336203,202.849,12843824,301932,0,192,76,57,103400,838556,31414862,18275532,124,61538024,43670828,64771552,0,2072348,0,1,1,0,13434746,1323731246,1327081016,57,61,31,1534916,3073585,518087,69680642,62804,499301989,470440025,0
1789396542.0839615,203.1,12844199,301957,0,192,76,57,103400,838556,31414911,18275532,124,61538024,43670828,64771552,0,2061856,0,1,1,0,13434746,1323980552,1327330322,57,61,31,1534916,3073585,515464,69680643,62804,499301989,470440025,0
1789396542.3342779,203.35,12844574,301983,0,192,76,57,103400,838556,31414981,18275532,124,61538024,43670828,64771552,0,2051616,0,1,1,0,13434747,1324228878,1327578648,57,61,31,1534916,3073585,512904,69680644,62804,499301989,470440025,0
1789396542.584606,203.6,12844950,302008,0,192,76,57,103400,838556,31415037,18275532,124,61538024,43670828,64771552,0,2041128,0,1,1,0,13434747,1324478212,1327827982,57,61,31,1534916,3073585,510282,69680644,62804,499301989,470440025,0
1789396542.8349671,203.851,12845325,302033,0,192,76,57,103400,838556,31415088,18275532,124,61538024,43670828,64771552,0,2030636,0,1,1,0,13434747,1324727511,1328077281,57,61,31,1534916,3073585,507659,69680645,62804,499301989,470440025,0
1789396543.085308,204.101,12845700,302058,0,192,76,57,103400,838556,31415155,18275532,124,61538024,43670828,64771552,0,2011832,0,1,1,0,13434747,1324975871,1328325641,57,61,31,1534916,3073585,502958,69680646,62804,499301989,470440025,0
1789396543.3356588,204.351,12846075,302083,0,192,76,57,103400,838556,31415206,18275532,124,61538024,43670828,64771552,0,2001288,0,1,1,0,13434747,1325226186,1328575957,57,61,31,1534916,3073585,500322,69680647,62804,499301989,470440025,0
1789396543.5859663,204.602,12846450,302108,0,192,76,57,103400,838556,31415253,18275532,124,61538024,43670828,64771552,0,1993312,0,1,1,0,13434748,1325475476,1328825246,57,61,31,1534916,3073585,498328,69680648,62804,499301989,470440025,0
1789396543.8362916,204.852,12846825,302133,0,192,76,57,103400,838556,31415299,18275532,124,61538024,43670828,64771552,0,1976948,0,1,1,0,13434748,1325725781,1329075551,57,61,31,1534916,3073585,494237,69680649,62804,499301989,470440025,0
1789396544.086633,205.102,12847200,302159,0,192,76,57,103400,838556,31415377,18275520,124,61538024,43670828,64771552,0,1960588,0,1,1,0,13434748,1325974121,1329323892,57,61,31,1534916,3073585,490147,69680649,62804,499301989,470440141,0
1789396544.3369806,205.353,12847576,302184,0,192,76,57,103400,838556,31415459,18275532,216,61538024,43670828,64771552,0,1952068,0,1,1,0,13434755,1326224425,1329574205,57,61,54,1534916,3073585,488017,69680651,62804,499301989,470440141,0
1789396544.5872989,205.603,12847951,302209,0,192,76,57,103400,838556,31415519,18275532,216,61538024,43670828,64771552,0,1935684,0,1,1,0,13434756,1326472736,1329822515,57,61,54,1534916,3073585,483921,69680651,62804,499301989,470440141,0
1789396544.8376184,205.853,12848326,302234,0,192,76,57,103401,838556,31415588,18275532,216,61538024,43670828,64771552,0,1927492,0,1,1,0,13434761,1326721850,1330071834,57,61,54,1534916,3073585,481873,69680651,62804,499301989,470440141,0
1789396545.0879636,206.104,12848701,302259,0,192,76,57,103401,838556,31415631,18275532,216,61538024,43670828,64771552,0,1919300,0,1,1,0,13434761,1326971151,1330321135,57,61,54,1534916,3073585,479825,69680653,62804,499301989,470440141,0
1789396545.3382704,206.354,12849076,302284,0,192,76,57,103401,838556,31415682,18275532,216,61538024,43670828,64771552,0,1902916,0,1,1,0,13434762,1327219452,1330569436,57,61,54,1534916,3073585,475729,69680653,62804,499301989,470440141,0
1789396545.5885887,206.604,12849451,302310,0,192,76,57,103401,838556,31415727,18275532,216,61538024,43670828,64771552,0,1894724,0,1,1,0,13434762,1327468775,1330818760,57,61,54,1534916,3073585,473681,69680655,62804,499301989,470440141,0
1789396545.8389153,206.855,12849826,302335,0,192,76,57,103401,838556,31415796,18275532,216,61538024,43670828,64771552,0,1878340,0,1,1,0,13434763,1327716099,1331066083,57,61,54,1534916,3073585,469585,69680655,62804,499301989,470440141,0
1789396546.0892339,207.105,12850202,302360,0,192,76,57,103401,838556,31415851,18275532,216,61538024,43670828,64771552,0,1870148,0,1,1,0,13434774,1327965132,1331315403,57,61,54,1534916,3073585,467537,69680656,62804,499301989,470440141,0
1789396546.3395708,207.355,12850577,302385,0,192,76,57,103401,838556,31415906,18275532,216,61538024,43670828,64771552,0,1853884,0,1,1,0,13434775,1328213464,1331563734,57,61,54,1534916,3073585,463471,69680656,62804,499301989,470440141,0
1789396546.5899105,207.606,12850952,302410,0,192,76,57,103401,838556,31415951,18275532,216,61538024,43670828,64771552,0,1845692,0,1,1,0,13434775,1328462765,1331813035,57,61,54,1534916,3073585,461423,69680657,62804,499301989,470440141,0
1789396546.8402457,207.856,12851327,302435,0,192,76,57,103401,838556,31416002,18275532,216,61538024,43670828,64771552,0,1829244,0,1,1,0,13434775,1328712070,1332062340,57,61,54,1534916,3073585,457311,69680659,62804,499301989,470440141,0
1789396547.090554,208.106,12851702,302460,0,192,76,57,103401,838556,31416050,18275532,216,61538024,43670828,64771552,0,1821028,0,1,1,0,13434775,1328961387,1332311657,57,61,54,1534916,3073585,455257,69680660,62804,499301989,470440141,0
1789396547.34089,208.357,12852077,302486,0,192,76,57,103401,838556,31416108,18275532,216,61538024,43670828,64771552,0,1804732,0,1,1,0,13434776,1329209700,1332559970,57,61,54,1534916,3073585,451183,69680660,62804,499301989,470440141,0
1789396547.5912182,208.607,12852452,302511,0,192,76,57,103401,838556,31416155,18275532,216,61538024,43670828,64771552,0,1796540,0,1,1,0,13434776,1329459006,1332809276,57,61,54,1534916,3073585,449135,69680661,62804,499301989,470440141,0
1789396547.8415306,208.857,12852828,302536,0,192,76,57,103401,838556,31416210,18275532,216,61538024,43670828,64771552,0,1780188,0,1,1,0,13434776,1329707326,1333057597,57,61,54,1534916,3073585,445047,69680661,62804,499301989,470440141,0
1789396548.0918822,209.108,12853203,302561,0,192,76,57,103401,838556,31416259,18275532,216,61538024,43670828,64771552,0,1771996,0,1,1,0,13434776,1329956660,1333306930,57,61,54,1534916,3073585,442999,69680663,62804,499301989,470440141,0
1789396548.3422198,209.358,12853578,302586,0,192,76,57,103401,838556,31416355,18275532,216,61538024,43670828,64771552,0,1755492,0,1,1,0,13434786,1330204971,1333555258,57,61,54,1534916,3073585,438873,69680664,62804,499301989,470440141,0
1789396548.5925395,209.608,12853953,302612,0,192,76,57,103401,838556,31416408,18275532,216,61538024,43670828,64771552,0,1747300,0,1,2,0,13434787,1330453327,1333803614,57,61,54,1534916,3073585,436825,69680665,62804,499301989,470440141,0
1789396548.842925,209.859,12854328,302637,0,192,76,57,103401,838556,31416458,18275532,216,61538024,43670828,64771552,0,1728616,0,1,1,0,13434787,1330702631,1334052919,57,61,54,1534916,3073585,432154,69680665,62804,499301989,470440141,0
1789396549.0932498,210.109,12854703,302662,0,192,76,57,103401,838556,31416519,18275532,216,61538024,43670828,64771552,0,1716076,0,1,1,0,13434788,1330951945,1334302233,57,61,54,1534916,3073585,429019,69680665,62804,499301989,470440141,0
1789396549.343576,210.359,12855078,302687,0,192,76,57,103401,838556,31416585,18275520,216,61538024,43670828,64771552,0,1705588,0,1,1,0,13434788,1331200283,1334550571,57,61,54,1534916,3073585,426397,69680666,62804,499301989,470440209,0
1789396549.5939245,210.61,12855454,302712,0,192,76,57,103401,838556,31416644,18275520,216,61538024,43670828,64771552,0,1695100,0,1,1,0,13434789,1331449615,1334799902,57,61,54,1534916,3073585,423775,69680667,62804,499301989,470440209,0
1789396549.8442755,210.86,12855829,302737,0,192,76,57,103401,838556,31416693,18275520,216,61538024,43670828,64771552,0,1684612,0,1,1,0,13434789,1331699934,1335050222,57,61,54,1534916,3073585,421153,69680670,62804,499301989,470440209,0
1789396550.094611,211.11,12856204,302762,0,192,76,57,103401,838556,31416748,18275520,216,61538024,43670828,64771552,0,1674120,0,1,1,0,13434789,1331949267,1335299555,57,61,54,1534916,3073585,418530,69680670,62804,499301989,470440209,0
1789396550.344971,211.361,12856579,302788,0,192,76,57,103401,838556,31416793,18275520,216,61538024,43670828,64771552,0,1663628,0,1,1,0,13434789,1332198561,1335548848,57,61,54,1534916,3073585,415907,69680671,62804,499301989,470440209,0
1789396550.5952833,211.611,12856954,302813,0,192,76,57,103401,838556,31416869,18275520,216,61538024,43670828,64771552,0,1642644,0,1,1,0,13434789,1332446882,1335797170,57,61,54,1534916,3073585,410661,69680671,62804,499301989,470440209,0
1789396550.8456266,211.861,12857330,302838,0,192,76,57,103401,838557,31416921,18267392,216,61538476,43679396,64771552,0,1634532,0,1,1,0,13434794,1332696500,1336046788,57,61,54,1534927,3073608,408633,69680673,62804,499301989,470440209,0
1789396551.09598,212.112,12857705,302863,0,192,76,57,103402,838557,31416983,18251152,216,61538452,43696020,64771552,0,1617852,0,1,1,0,13434809,1332945417,1336295705,57,61,54,1534937,3073627,404463,69680673,62804,499301989,470440209,0
1789396551.3463182,212.362,12858080,302888,0,192,76,57,103402,838557,31417032,18243028,216,61538448,43704544,64771552,0,1609708,0,1,1,0,13434816,1333195067,1336545354,57,61,54,1534947,3073647,402427,69680675,62804,499301989,470440209,0
1789396551.5966609,212.612,12858455,302913,0,192,76,57,103402,838557,31417098,18226384,216,61538492,43721232,64771552,0,1593448,0,1,1,0,13434828,1333443985,1336794272,57,61,54,1534958,3073669,398362,69680675,62804,499301989,470440209,0
1789396551.8469977,212.863,12858831,302937,0,192,76,57,103402,838557,31417143,18218260,216,61538900,43730168,64771552,0,1585284,0,1,1,0,13434844,1333693529,1337043817,57,61,54,1534968,3073690,396321,69680676,62804,499301989,470440209,0
1789396552.0973282,213.113,12859206,302962,0,192,76,57,103403,838557,31417211,18202020,216,61538916,43746828,64771552,0,1569012,0,1,1,0,13434859,1333942421,1337292709,57,61,54,1534979,3073711,392253,69680677,62804,499301989,470440209,0
1789396552.3476603,213.363,12859581,302987,0,192,76,57,103403,838557,31417302,18193612,244,61538560,43755356,64771552,0,1560476,0,1,1,0,13434872,1334192036,1337542339,57,61,61,1534983,3073720,390119,69680678,62804,499301989,470440209,0
1789396552.5979717,213.614,12859956,303012,0,192,76,57,103403,838557,31417367,18177228,244,61538580,43772200,64771552,0,1544092,0,1,1,0,13434886,1334440913,1337791217,57,61,61,1534995,3073743,386023,69680678,62804,499301989,470440209,0
1789396552.848306,213.864,12860332,303037,0,192,76,57,103403,838557,31417416,18169036,244,61538648,43780800,64771552,0,1535900,0,1,1,0,13434894,1334690462,1338040765,57,61,61,1535002,3073758,383975,69680680,62804,499301989,470440209,0
1789396553.0986295,214.114,12860707,303062,0,192,76,57,103403,838557,31417461,18160844,244,61538656,43789328,64771552,0,1527708,0,1,1,0,13434902,1334940095,1338290398,57,61,61,1535008,3073770,381927,69680680,62804,499301989,470440209,0
1789396553.3489742,214.365,12861082,303087,0,192,76,57,103404,838557,31417525,18144460,244,61538768,43806268,64771552,0,1511444,0,1,1,0,13434915,1335189064,1338539367,57,61,61,1535022,3073798,377861,69680681,62804,499301989,470440209,0
1789396553.5992904,214.615,12861457,303112,0,192,76,57,103404,838557,31417574,18136268,244,61538752,43814572,64771552,0,1503316,0,1,1,0,13434921,1335438689,1338788992,57,61,61,1535028,3073810,375829,69680682,62804,499301989,470440209,0
1789396553.8496022,214.865,12861833,303137,0,192,76,57,103404,838557,31417631,18119884,244,61538636,43831264,64771552,0,1487020,0,1,1,0,13434935,1335687669,1339037972,57,61,61,1535036,3073826,371755,69680682,62804,499301989,470440209,0
1789396554.0999527,215.116,12862208,303162,0,192,76,57,103404,838557,31417684,18111692,244,61538880,43840036,64771552,0,1478896,0,1,1,0,13435044,1335937204,1339287613,57,61,61,1535048,3073850,369724,69680683,62804,499301989,470440209,0
1789396554.3502738,215.366,12862583,303187,0,192,76,57,103405,838557,31417750,18095308,256,61538736,43856712,64771552,0,1462612,0,1,1,0,13435057,1336186109,1339536518,57,61,64,1535056,3073865,365653,69680684,62804,499301989,470440265,0
1789396554.6005926,215.616,12862959,303212,0,192,76,57,103405,838557,31417802,18087116,256,61538928,43865224,64771552,0,1454476,0,1,1,0,13435063,1336435792,1339786201,57,61,64,1535067,3073887,363619,69680687,62804,499301989,470440265,0
1789396554.8509614,215.867,12863334,303236,0,192,76,57,103405,838557,31417889,18070732,256,61538968,43882060,64771552,0,1438176,0,1,1,0,13435083,1336684439,1340035064,57,61,64,1535078,3073910,359544,69680687,62804,499301989,470440265,0
1789396555.1013193,216.117,12863709,303261,0,192,76,57,103405,838557,31417936,18062540,256,61538908,43890528,64771552,0,1430024,0,1,1,0,13435098,1336934055,1340284696,57,61,64,1535083,3073919,357506,69680688,62804,499301989,470440265,0
1789396555.3516657,216.367,12864084,303286,0,192,76,57,103406,838557,31417993,18046284,256,61538920,43907184,64771552,0,1413764,0,1,1,0,13435110,1337182987,1340533628,57,61,64,1535093,3073940,353441,69680688,62804,499301989,470440265,0
1789396555.6019754,216.618,12864460,303311,0,192,76,57,103406,838557,31418047,18038164,256,61539324,43915712,64771552,0,1405628,0,1,1,0,13435117,1337432605,1340783245,57,61,64,1535103,3073960,351407,69680689,62804,499301989,470440265,0
1789396555.8523054,216.868,12864835,303336,0,192,76,57,103406,838557,31418104,18021916,256,61539316,43932760,64771552,0,1389348,0,1,1,0,13435131,1337681500,1341032140,57,61,64,1535113,3073980,347337,69680690,62804,499301989,470440265,0
1789396556.1026275,217.118,12865210,303361,0,192,76,57,103406,838557,31418157,18013388,256,61539328,43940892,64771552,0,1381236,0,1,1,0,13435145,1337930859,1341281806,57,61,64,1535123,3074001,345309,69680691,62804,499301989,470440265,0
1789396556.3529932,217.369,12865585,303386,0,192,76,57,103407,838557,31418262,17997004,256,61539184,43958072,64771552,0,1363868,0,1,1,0,13435182,1338179755,1341530742,57,61,64,1535134,3074023,340967,69680692,62804,499301989,470440265,0
1789396556.6033304,217.619,12865961,303411,0,192,76,57,103407,838557,31418311,17988812,256,61539404,43966856,64771552,0,1355676,0,1,1,0,13435188,1338429414,1341780400,57,61,64,1535146,3074047,338919,69680693,62804,499301989,470440265,0
1789396556.8536904,217.869,12866336,303436,0,192,76,57,103407,838557,31418373,17972428,256,61539476,43983728,64771552,0,1339292,0,1,1,0,13435201,1338678371,1342029358,57,61,64,1535159,3074072,334823,69680694,62804,499301989,470440265,0
1789396557.1040235,218.12,12866711,303461,0,192,76,57,103407,838557,31418418,17964236,256,61539416,43991964,64771552,0,1331100,0,1,1,0,13435208,1338928026,1342279013,57,61,64,1535163,3074080,332775,69680694,62804,499301989,470440265,0
1789396557.3543506,218.37,12867086,303486,0,192,76,57,103408,838557,31418471,17947852,256,61539496,44008864,64771552,0,1314716,0,1,1,0,13435222,1339176960,1342527947,57,61,64,1535176,3074106,328679,69680696,62804,499301989,470440265,0
1789396557.6046634,218.62,12867462,303511,0,192,76,57,103408,838557,31418521,17939660,256,61539516,44017408,64771552,0,1306524,0,1,1,0,13435229,1339426606,1342777593,57,61,64,1535182,3074119,326631,69680696,62804,499301989,470440265,0
1789396557.8549922,218.871,12867837,303535,0,192,76,57,103408,838557,31418578,17923276,256,61539412,44034140,64771552,0,1290140,0,1,1,0,13435243,1339675538,1343026524,57,61,64,1535192,3074137,322535,69680697,62804,499301989,470440265,0
1789396558.1053348,219.121,12868212,303560,0,192,76,57,103408,838557,31418634,17915084,256,61539476,44042752,64771552,0,1281948,0,1,1,0,13435258,1339925177,1343276181,57,61,64,1535199,3074153,320487,69680698,62804,499301989,470440265,0
1789396558.355667,219.371,12868587,303585,0,192,76,57,103409,838557,31418693,17898836,256,61539476,44059404,64771552,0,1265696,0,1,1,0,13435270,1340174120,1343525124,57,61,64,1535209,3074173,316424,69680699,62804,499301989,470440265,0
1789396558.6059687,219.622,12868963,303610,0,192,76,57,103409,838557,31418744,17890716,256,61539916,44067964,64771552,0,1257564,0,1,1,0,13435278,1340423745,1343774750,57,61,64,1535220,3074195,314391,69680699,62804,499301989,470440265,0
1789396558.8563037,219.872,12869338,303635,0,192,76,57,103409,838557,31418799,17874476,256,61539948,44084640,64771552,0,1241280,0,1,1,0,13435291,1340672692,1344023696,57,61,64,1535231,3074217,310320,69680701,62804,499301989,470440265,0
1789396559.106623,220.122,12869713,303660,0,192,76,57,103409,838557,31418844,17865948,256,61539956,44093176,64771552,0,1233132,0,1,2,0,13435297,1340922314,1344273318,57,61,64,1535242,3074237,308283,69680701,62804,499301989,470440265,0
1789396559.3569813,220.373,12870089,303685,0,192,76,57,103410,838557,31418907,17849708,256,61539996,44110264,64771552,0,1216436,0,1,1,0,13435309,1341171274,1344522278,57,61,64,1535253,3074259,304109,69680703,62804,499301989,470440273,0
1789396559.6072948,220.623,12870464,303710,0,192,76,57,103410,838557,31418968,17841576,256,61539604,44118412,64771552,0,1208276,0,1,1,0,13435316,1341420911,1344771916,57,61,64,1535253,3074261,302069,69680704,62804,499301989,470440289,0
1789396559.857621,220.873,12870839,303735,0,192,76,57,103410,838557,31419027,17825332,256,61540036,44135492,64771552,0,1191984,0,1,1,0,13435330,1341669880,1345020885,57,61,64,1535274,3074302,297996,69680705,62804,499301989,470440289,0
1789396560.1079714,221.124,12871214,303760,0,192,76,57,103410,838557,31419104,17816780,252,61539876,44144100,64771552,0,1183644,0,1,1,0,13435341,1341919517,1345270531,57,61,63,1535277,3074309,295911,69680705,62804,499301989,470440289,0
1789396560.3583074,221.374,12871589,303785,0,192,76,57,103411,838557,31419195,17800396,252,61539920,44160960,64771552,0,1167260,0,1,1,0,13435368,1342168407,1345519439,57,61,63,1535290,3074334,291815,69680707,62804,499301989,470440289,0
1789396560.608618,221.624,12871965,303810,0,192,76,57,103411,838557,31419261,17792204,252,61539972,44169536,64771552,0,1159068,0,1,1,0,13435374,1342418026,1345769058,57,61,63,1535297,3074348,289767,69680707,62804,499301989,470440289,0
1789396560.858974,221.875,12872340,303834,0,192,76,57,103411,838557,31419314,17775820,252,61540016,44186204,64771552,0,1142684,0,1,1,0,13435389,1342666983,1346018015,57,61,63,1535309,3074373,285671,69680709,62804,499301989,470440289,0
1789396561.1093082,222.125,12872715,303859,0,192,76,57,103412,838557,31419386,17761116,252,61540344,44201964,64771552,0,1127980,0,1,1,0,13435411,1342912406,1346263454,57,61,63,1535323,3074401,281995,69680709,62804,499301989,470440289,0
1789396561.3596358,222.375,12873090,303884,0,192,76,57,103412,838557,31419439,17752984,252,61540368,44210100,64771552,0,1119828,0,1,1,0,13435418,1343161977,1346513025,57,61,63,1535334,3074422,279957,69680710,62804,499301989,470440309,0
1789396561.6099732,222.626,12873466,303909,0,192,76,57,103412,838557,31419492,17744456,252,61540400,44218660,64771552,0,1111700,0,1,1,0,13435425,1343411588,1346762636,57,61,63,1535335,3074424,277925,69680712,62804,499301989,470440309,0
1789396561.860317,222.876,12873841,303934,0,192,76,57,103412,838557,31419554,17728212,252,61540408,44235320,64771552,0,1095032,0,1,1,0,13435442,1343660462,1347011510,57,61,63,1535345,3074445,273758,69680713,62804,499301989,470440309,0
1789396562.1106772,223.126,12874216,303959,0,192,76,57,103413,838557,31419611,17720088,252,61540036,44243472,64771552,0,1086916,0,1,1,0,13435450,1343910155,1347261203,57,61,63,1535346,3074446,271729,69680715,62804,499301989,470440309,0
1789396562.3610165,223.377,12874591,303984,0,192,76,57,103413,838557,31419686,17703848,252,61540424,44260504,64771552,0,1070648,0,1,1,0,13435474,1344159050,1347510119,57,61,63,1535366,3074486,267662,69680715,62804,499301989,470440309,0
1789396562.6113322,223.627,12874964,304011,0,192,76,57,103413,838558,31419819,17695300,252,61536388,44264996,64771552,0,1062528,0,2,1,0,13435489,1344385939,1347737008,57,61,63,1535265,3074284,265632,69681310,62821,499302513,470440309,0
1789396562.8616915,223.877,12875326,304043,0,192,76,57,103416,838561,31420490,17681468,2680,61531176,44274200,64771552,0,1045772,0,2,1,0,13435578,1344557837,1347909125,57,61,670,1535154,3074061,261443,69684476,62862,499305881,470440325,0
1789396563.112138,224.128,12875676,304082,0,192,76,57,103417,838570,31421044,17678520,2680,61515920,44261060,64771552,0,1037580,0,2,1,0,13436792,1344755898,1348107288,57,61,670,1534777,3073307,259395,69687919,62898,499312333,470440325,0
1789396563.3625126,224.378,12876026,304120,0,192,76,57,103419,838580,31421591,17665204,2680,61504916,44263580,64771552,0,1021196,0,2,1,0,13437307,1344945972,1348297362,57,61,670,1534512,3072777,255299,69691080,62905,499315801,470440325,0
1789396563.6129162,224.629,12876383,304150,0,192,76,57,103424,838588,31422569,17659220,4076,61508764,44273320,64771552,0,1013000,0,1,1,0,13437448,1345094540,1348448744,57,61,1019,1534601,3072955,253250,69697836,62938,499318417,470440329,0
1789396563.8633866,224.879,12876758,304175,0,192,76,57,103424,838588,31422648,17642840,4076,61508384,44289720,64771552,0,996616,0,1,1,0,13437462,1345343512,1348697717,57,61,1019,1534602,3072957,249154,69697836,62938,499318417,470440329,0
1789396564.1137776,225.129,12877133,304200,0,192,76,57,103424,838588,31422709,17634648,4076,61508608,44298224,64771552,0,988424,0,1,1,0,13437475,1345593192,1348947408,57,61,1019,1534613,3072978,247106,69697837,62938,499318417,470440329,0
1789396564.3641188,225.38,12877508,304225,0,192,76,57,103424,838588,31422831,17619260,4320,61514912,44318992,64771552,0,972044,0,1,1,0,13437524,1345842089,1349196358,57,61,1080,1534775,3073302,243011,69697837,62938,499318417,470440329,0
1789396564.6144898,225.63,12877884,304250,0,192,76,57,103424,838588,31422882,17611068,4320,61515008,44327376,64771552,0,963928,0,1,1,0,13437530,1346091809,1349446079,57,61,1080,1534783,3073318,240982,69697839,62938,499318417,470440329,0
1789396564.8648891,225.881,12878259,304275,0,192,76,57,103425,838588,31422987,17594684,4384,61514836,44344028,64771552,0,947644,0,1,1,0,13437560,1346339647,1349694176,57,61,1096,1534789,3073332,236911,69697844,62938,499318417,470440413,0
1789396565.1153605,226.131,12878634,304300,0,192,76,57,103425,838588,31423044,17586492,4384,61516408,44354104,64771552,0,939516,0,1,1,0,13437576,1346589314,1349943859,57,61,1096,1534834,3073421,234879,69697845,62938,499318417,470440413,0
1789396565.3657117,226.381,12879009,304325,0,192,76,57,103425,838588,31423093,17570244,4384,61516400,44370740,64771552,0,923232,0,1,1,0,13437588,1346838275,1350192820,57,61,1096,1534844,3073441,230808,69697845,62938,499318417,470440413,0
1789396565.6160305,226.632,12879385,304350,0,192,76,57,103426,838588,31423161,17562120,4384,61516424,44378888,64771552,0,915072,0,1,1,0,13437596,1347087920,1350442465,57,61,1096,1534844,3073442,228768,69697846,62938,499318417,470440413,0
1789396565.8663805,226.882,12879760,304375,0,192,76,57,103426,838588,31423216,17545880,4384,61516844,44395952,64771552,0,898436,0,1,1,0,13437609,1347336931,1350691477,57,61,1096,1534865,3073483,224609,69697846,62938,499318417,470440413,0
1789396566.1167874,227.132,12880135,304400,0,192,76,57,103426,838589,31423271,17537352,4384,61519292,44406924,64771552,0,890300,0,1,1,0,13437627,1347586297,1350941173,57,61,1096,1534936,3073626,222575,69697848,62938,499318417,470440413,0
1789396566.3671327,227.383,12880511,304425,0,192,76,57,103426,838589,31423334,17521112,4384,61519312,44423996,64771552,0,874036,0,1,1,0,13437663,1347835183,1351190117,57,61,1096,1534947,3073647,218509,69697849,62938,499318417,470440413,0
1789396566.6174603,227.633,12880886,304450,0,192,76,57,103427,838589,31423393,17512988,4384,61518916,44432124,64771552,0,865912,0,1,1,0,13437670,1348084813,1351439747,57,61,1096,1534947,3073647,216478,69697849,62938,499318417,470440413,0
1789396566.8678222,227.884,12881261,304474,0,192,76,57,103427,838589,31423453,17496744,4384,61519024,44448884,64771552,0,849264,0,1,1,0,13437684,1348333782,1351688716,57,61,1096,1534960,3073673,212316,69697850,62938,499318417,470440413,0
1789396567.1181521,228.134,12881637,304499,0,192,76,57,103427,838589,31423506,17488216,4384,61519476,44457452,64771552,0,841136,0,1,1,0,13437689,1348583414,1351938348,57,61,1096,1534971,3073696,210284,69697850,62938,499318417,470440413,0
1789396567.368489,228.384,12882012,304524,0,192,76,57,103428,838589,31423557,17471976,4384,61519496,44474528,64771552,0,824848,0,1,1,0,13437704,1348832378,1352187312,57,61,1096,1534982,3073717,206212,69697852,62938,499318417,470440413,0
1789396567.618828,228.635,12882387,304549,0,192,76,57,103428,838589,31423626,17463852,4384,61519520,44483072,64771552,0,816708,0,1,1,0,13437711,1349082022,1352436956,57,61,1096,1534992,3073738,204177,69697853,62938,499318417,470440413,0
1789396567.8692157,228.885,12882762,304574,0,192,76,57,103428,838589,31423669,17455732,4384,61519128,44491208,64771552,0,808572,0,1,1,0,13437717,1349331692,1352686627,57,61,1096,1534993,3073739,202143,69697854,62938,499318417,470440413,0
1789396568.119556,229.135,12883138,304599,0,192,76,57,103428,838589,31423745,17439080,4384,61519548,44508276,64771552,0,791904,0,1,1,0,13437729,1349580698,1352935632,57,61,1096,1535013,3073780,197976,69697854,62938,499318417,470440413,0
1789396568.3699098,229.386,12883513,304624,0,192,76,57,103428,838589,31423832,17430844,4384,61522312,44519984,64771552,0,783628,0,1,1,0,13437752,1349830288,1353185260,57,61,1096,1535090,3073934,195907,69697855,62938,499318417,470440413,0
1789396568.6202471,229.636,12883888,304649,0,192,76,57,103429,838589,31423905,17414460,4384,61522324,44536824,64771552,0,767300,0,1,1,0,13437767,1350079266,1353434238,57,61,1096,1535102,3073957,191825,69697856,62938,499318417,470440413,0
1789396568.8705807,229.886,12884263,304674,0,192,76,57,103429,838589,31423948,17406268,4384,61522356,44545148,64771552,0,759180,0,1,1,0,13437772,1350328936,1353683908,57,61,1096,1535108,3073970,189795,69697858,62938,499318417,470440413,0
1789396569.1209254,230.137,12884639,304699,0,192,76,57,103429,838589,31424010,17389884,4384,61522052,44561660,64771552,0,742892,0,1,1,0,13437902,1350577764,1353932868,57,61,1096,1535112,3073977,185723,69697858,62938,499318417,470440413,0
1789396569.371249,230.387,12885014,304724,0,192,76,57,103429,838589,31424049,17381692,4384,61522352,44570508,64771552,0,734752,0,1,1,0,13437909,1350827403,1354182507,57,61,1096,1535125,3074004,183688,69697859,62938,499318417,470440413,0
1789396569.621566,230.637,12885389,304749,0,192,76,57,103430,838589,31424124,17365308,4384,61522392,44587368,64771552,0,718496,0,1,1,0,13437929,1351076383,1354431506,57,61,1096,1535138,3074029,179624,69697859,62938,499318417,470440677,0
1789396569.8719308,230.888,12885765,304773,0,192,76,57,103430,838589,31424173,17357116,4384,61522632,44596144,64771552,0,710388,0,1,1,0,13437936,1351326023,1354681147,57,61,1096,1535150,3074053,177597,69697861,62938,499318417,470440677,0
1789396570.1222646,231.138,12886140,304798,0,192,76,57,103430,838589,31424241,17340732,4392,61522600,44612936,64771552,0,694096,0,1,1,0,13438537,1351575000,1354930146,57,61,1098,1535160,3074074,173524,69697861,62938,499318417,470440693,0
1789396570.3726146,231.388,12886515,304823,0,192,76,57,103430,838589,31424297,17332540,4392,61522512,44621152,64771552,0,685520,0,1,1,0,13438553,1351824648,1355179807,57,61,1098,1535164,3074081,171380,69697862,62938,499318417,470440693,0
1789396570.6230004,231.639,12886890,304848,0,192,76,57,103431,838589,31424374,17316156,4392,61525360,44640816,64771552,0,669204,0,1,1,0,13438566,1352072723,1355427882,57,61,1098,1535246,3074246,167301,69697863,62938,499318417,470440693,0
1789396570.8734152,231.889,12887266,304873,0,192,76,57,103431,838589,31424423,17307964,4392,61525584,44649568,64771552,0,661068,0,1,1,0,13438576,1352322375,1355677534,57,61,1098,1535257,3074269,165267,69697863,62938,499318417,470440693,0
1789396571.1237905,232.139,12887641,304898,0,192,76,57,103431,838589,31424479,17291580,4392,61525520,44666332,64771552,0,644792,0,1,1,0,13439192,1352571389,1355926554,57,61,1098,1535267,3074288,161198,69697864,62938,499318417,470440693,0
1789396571.3741448,232.39,12888016,304923,0,192,76,57,103431,838589,31424526,17283388,4392,61525552,44674668,64771552,0,636648,0,1,1,0,13439200,1352821035,1356176200,57,61,1098,1535274,3074302,159162,69697865,62938,499318417,470440693,0
1789396571.624469,232.64,12888392,304948,0,192,76,57,103432,838589,31424600,17267004,4392,61525604,44691544,64771552,0,620000,0,1,1,0,13439213,1353069046,1356424210,57,61,1098,1535286,3074327,155000,69697867,62938,499318417,470440693,0
1789396571.874857,232.891,12888767,304973,0,192,76,57,103432,838589,31424647,17258812,4392,61525592,44700056,64771552,0,611864,0,1,1,0,13439220,1353318682,1356673847,57,61,1098,1535292,3074338,152966,69697867,62938,499318417,470440693,0
1789396572.1251938,233.141,12889142,304998,0,192,76,57,103432,838589,31424709,17242428,4392,61525548,44716828,64771552,0,595604,0,1,1,0,13439806,1353567655,1356922824,57,61,1098,1535302,3074358,148901,69697868,62938,499318417,470440693,0
1789396572.3755243,233.391,12889518,305023,0,192,76,57,103432,838589,31424802,17234236,4112,61528584,44728400,64771552,0,587020,0,1,1,0,13439820,1353817290,1357172476,57,61,1028,1535383,3074521,146755,69697868,62938,499318417,470440693,0
1789396572.625891,233.642,12889893,305048,0,192,76,57,103433,838589,31424863,17217852,4112,61528624,44745276,64771552,0,570636,0,1,1,0,13439833,1354066302,1357421488,57,61,1028,1535396,3074547,142659,69697870,62938,499318417,470440693,0
1789396572.8762271,233.892,12890268,305072,0,192,76,57,103433,838589,31424916,17211064,4112,61528644,44752288,64771552,0,563848,0,1,1,0,13439840,1354312689,1357667875,57,61,1028,1535401,3074557,140962,69697870,62938,499318417,470440693,0
1789396573.1265664,234.142,12890643,305097,0,192,76,57,103434,838589,31424980,17194680,4112,61528772,44769252,64771552,0,547464,0,1,1,0,13440403,1354561648,1357916838,57,61,1028,1535416,3074586,136866,69697872,62938,499318417,470440693,0
1789396573.3769042,234.393,12891019,305122,0,192,76,57,103434,838589,31425019,17186488,4112,61528992,44777772,64771552,0,539344,0,1,1,0,13440408,1354811275,1358166466,57,61,1028,1535427,3074608,134836,69697872,62938,499318417,470440693,0
1789396573.6272173,234.643,12891394,305147,0,192,76,57,103434,838589,31425086,17170104,4112,61528992,44794596,64771552,0,523064,0,1,1,0,13440422,1355060238,1358415429,57,61,1028,1535438,3074631,130766,69697873,62938,499318417,470440693,0
1789396573.8775668,234.893,12891769,305172,0,192,76,57,103434,838589,31425140,17157816,4112,61529044,44807284,64771552,0,510884,0,1,1,0,13440435,1355309556,1358664747,57,61,1028,1535447,3074649,127721,69697874,62938,499318417,470440693,0
1789396574.1279154,235.144,12892144,305197,0,192,76,57,103434,838589,31425212,17145528,4112,61528924,44819864,64771552,0,498648,0,1,1,0,13440453,1355558816,1358914016,57,61,1028,1535453,3074661,124662,69697875,62938,499318417,470440693,0
1789396574.3782396,235.394,12892520,305222,0,192,76,57,103435,838589,31425261,17137336,4112,61528972,44828200,64771552,0,490520,0,1,1,0,13440459,1355808455,1359163656,57,61,1028,1535460,3074674,122630,69697876,62938,499318417,470440693,0
1789396574.6285706,235.644,12892895,305247,0,192,76,57,103435,838589,31425328,17120952,4112,61529144,44845228,64771552,0,473848,0,1,1,0,13440473,1356057466,1359412666,57,61,1028,1535476,3074707,118462,69697876,62938,499318417,470440693,0
1789396574.8789384,235.895,12893270,305272,0,192,76,57,103435,838589,31425398,17112760,4112,61531308,44855908,64771552,0,465700,0,1,1,0,13440485,1356306823,1359662251,57,61,1028,1535536,3074826,116425,69697878,62938,499318417,470440693,0
1789396575.1292694,236.145,12893645,305297,0,192,76,57,103435,838589,31425463,17096376,4112,61531340,44872756,64771552,0,449384,0,1,1,0,13440516,1356555743,1359911205,57,61,1028,1535548,3074850,112346,69697879,62938,499318417,470440693,0
1789396575.379603,236.395,12894021,305322,0,192,76,57,103436,838590,31425513,17088184,4172,61531280,44880996,64771552,0,441228,0,1,1,0,13440521,1356805378,1360160840,57,61,1043,1535552,3074858,110307,69697880,62938,499318417,470440769,0
1789396575.6299448,236.646,12894396,305346,0,192,76,57,103436,838590,31425580,17071800,4172,61531504,44898036,64771552,0,424976,0,1,1,0,13440534,1357054357,1360409818,57,61,1043,1535569,3074892,106244,69697881,62938,499318417,470440769,0
1789396575.880306,236.896,12894771,305371,0,192,76,57,103436,838590,31425627,17063608,4172,61531484,44906564,64771552,0,416424,0,1,1,0,13440539,1357303985,1360659447,57,61,1043,1535574,3074904,104106,69697883,62938,499318417,470440769,0
1789396576.1306317,237.146,12895147,305396,0,192,76,57,103437,838590,31425687,17047224,4172,61531508,44923404,64771552,0,400152,0,1,1,0,13441191,1357552641,1360908426,57,61,1043,1535586,3074927,100038,69697883,62938,499318417,470440769,0
1789396576.3810143,237.397,12895522,305421,0,192,76,57,103437,838590,31425786,17039032,4176,61533284,44933716,64771552,0,391816,0,1,1,0,13441232,1357802140,1361158023,57,61,1044,1535636,3075028,97954,69697885,62938,499318417,470440769,0
1789396576.6313448,237.647,12895897,305446,0,192,76,57,103437,838590,31425850,17022648,4176,61533460,44950708,64771552,0,375432,0,1,1,0,13441247,1358051083,1361406966,57,61,1044,1535652,3075059,93858,69697885,62938,499318417,470440769,0
1789396576.8816633,237.897,12896272,305471,0,192,76,57,103437,838590,31425903,17014456,4176,61533556,44959108,64771552,0,367240,0,1,1,0,13441252,1358300708,1361656591,57,61,1044,1535660,3075076,91810,69697886,62938,499318417,470440769,0
1789396577.1319876,238.148,12896648,305496,0,192,76,57,103437,838590,31425958,16998072,4176,61533660,44976056,64771552,0,350856,0,1,1,0,13441273,1358549668,1361905562,57,61,1044,1535674,3075104,87714,69697887,62938,499318417,470440769,0
1789396577.3823168,238.398,12897023,305521,0,192,76,57,103438,838590,31426009,16985784,4176,61533840,44988916,64771552,0,338568,0,1,1,0,13441286,1358798940,1362154833,57,61,1044,1535687,3075130,84642,69697889,62938,499318417,470440769,0
1789396577.6326237,238.648,12897398,305546,0,192,76,57,103438,838590,31426073,16973496,4176,61533732,45001484,64771552,0,326280,0,1,1,0,13441300,1359048252,1362404146,57,61,1044,1535693,3075141,81570,69697889,62938,499318417,470440769,0
1789396577.882987,238.899,12897773,305571,0,192,76,57,103438,838590,31426121,16965304,4176,61533824,45009892,64771552,0,318088,0,1,1,0,13441305,1359297889,1362653782,57,61,1044,1535701,3075158,79522,69697891,62938,499318417,470440769,0
1789396578.133318,239.149,12898149,305596,0,192,76,57,103438,838590,31426186,16948984,4176,61534276,45026568,64771552,0,301772,0,1,1,0,13441324,1359546889,1362902799,57,61,1044,1535718,3075192,75443,69697891,62938,499318417,470440769,0
1789396578.383639,239.399,12898524,305621,0,192,76,57,103438,838590,31426239,16940868,4176,61533888,45035112,64771552,0,293624,0,1,1,0,13441331,1359796525,1363152435,57,61,1044,1535719,3075192,73406,69697892,62938,499318417,470440769,0
1789396578.6339862,239.65,12898899,305645,0,192,76,57,103438,838590,31426311,16924628,4176,61533972,45051840,64771552,0,277364,0,1,1,0,13441352,1360044469,1363400380,57,61,1044,1535731,3075217,69341,69697893,62938,499318417,470440769,0
1789396578.8843164,239.9,12899274,305670,0,192,76,57,103439,838590,31426364,16916500,4176,61534376,45060772,64771552,0,269208,0,1,1,0,13441357,1360294078,1363649988,57,61,1044,1535741,3075237,67302,69697893,62938,499318417,470440769,0
1789396579.1346767,240.15,12899650,305695,0,192,76,57,103439,838590,31426422,16899848,4176,61534396,45077440,64771552,0,252948,0,1,1,0,13441372,1360543114,1363899025,57,61,1044,1535751,3075258,63237,69697895,62938,499318417,470440769,0
1789396579.3849823,240.401,12900025,305720,0,192,76,57,103439,838590,31426471,16883608,4176,61534832,45094528,64771552,0,236272,0,1,1,0,13441386,1360792043,1364147954,57,61,1044,1535772,3075300,59068,69697895,62938,499318417,470440769,0
1789396579.6353102,240.651,12900400,305745,0,192,76,57,103439,838590,31426528,16875492,4176,61534432,45102656,64771552,0,228120,0,1,1,0,13441393,1361041703,1364397614,57,61,1044,1535773,3075301,57030,69697896,62938,499318417,470440769,0
1789396579.8856328,240.901,12900775,305770,0,192,76,57,103440,838590,31426589,16867368,4176,61534040,45111196,64771552,0,219992,0,1,1,0,13441401,1361291294,1364647204,57,61,1044,1535773,3075301,54998,69697896,62938,499318417,470440769,0
1789396580.1359873,241.152,12901151,305795,0,192,76,57,103440,838590,31426656,16850724,4176,61534040,45127840,64771552,0,203748,0,1,1,0,13441415,1361540261,1364896171,57,61,1044,1535783,3075322,50937,69697898,62938,499318417,470440769,0
1789396580.3863235,241.402,12901526,305820,0,192,76,57,103440,838590,31426752,16842424,4176,61536252,45138632,64771552,0,195208,0,1,1,0,13441442,1361789878,1365145816,57,61,1044,1535847,3075449,48802,69697899,62938,499318417,470440769,0
1789396580.6366794,241.652,12901901,305845,0,192,76,57,103441,838590,31426833,16826040,4176,61536260,45155456,64771552,0,178824,0,1,1,0,13441462,1362037875,1365393826,57,61,1044,1535858,3075472,44706,69697900,62938,499318417,470440785,0
1789396580.8870275,241.903,12902275,305870,0,192,76,57,103441,838590,31426886,16813752,4176,61536120,45167996,64771552,0,166536,0,1,1,0,13441476,1362286149,1365642101,57,61,1044,1535863,3075483,41634,69697900,62938,499318417,470440785,0
1789396581.1373727,242.153,12902651,305895,0,192,76,57,103441,838590,31426941,16801464,4176,61536164,45180724,64771552,0,154248,0,1,1,0,13441492,1362535443,1365891394,57,61,1044,1535873,3075502,38562,69697901,62938,499318417,470440785,0
1789396581.387701,242.403,12903026,305920,0,192,76,57,103441,838590,31426982,16793272,4176,61536340,45189204,64771552,0,146056,0,1,1,0,13441499,1362785068,1366141020,57,61,1044,1535883,3075522,36514,69697902,62938,499318417,470440785,0
1789396581.6380363,242.654,12903401,305944,0,192,76,57,103442,838590,31427050,16776888,4176,61536268,45205952,64771552,0,129672,0,1,1,0,13441511,1363034082,1366390034,57,61,1044,1535893,3075541,32418,69697904,62938,499318417,470440785,0
1789396581.8883786,242.904,12903777,305969,0,192,76,57,103442,838590,31427099,16768696,4176,61536472,45214688,64771552,0,121480,0,1,1,0,13441518,1363283699,1366639651,57,61,1044,1535904,3075563,30370,69697904,62938,499318417,470440785,0
1789396582.1386986,243.154,12904152,305994,0,192,76,57,103442,838590,31427179,16752312,4176,61537752,45232792,64771552,0,105124,0,1,1,0,13441632,1363532518,1366888570,57,61,1044,1535947,3075650,26281,69697905,62938,499318417,470440785,0
1789396582.3890307,243.405,12904527,306019,0,192,76,57,103442,838590,31427224,16744120,4176,61537808,45241372,64771552,0,96992,0,1,1,0,13441657,1363781981,1367138148,57,61,1044,1535954,3075664,24248,69697905,62938,499318417,470440785,0
1789396582.639349,243.655,12904902,306044,0,192,76,57,103442,838590,31427289,16727736,4176,61538008,45258392,64771552,0,80752,0,1,1,0,13441669,1364030963,1367387130,57,61,1044,1535970,3075697,20188,69697908,62938,499318417,470440785,0
1789396582.8897002,243.905,12905278,306069,0,192,76,57,103442,838590,31427335,16719544,4176,61537908,45266608,64771552,0,72608,0,1,1,0,13441675,1364280559,1367636726,57,61,1044,1535974,3075704,18152,69697909,62938,499318417,470440785,0
1789396583.1400294,244.156,12905653,306094,0,192,76,57,103443,838590,31427394,16703160,4176,61537960,45283484,64771552,0,55944,0,1,1,0,13441696,1364529516,1367885704,57,61,1044,1535987,3075729,13986,69697909,62938,499318417,470440785,0
1789396583.3903563,244.406,12906028,306119,0,192,76,57,103443,838590,31427450,16694968,4176,61538124,45292172,64771552,0,47816,0,1,1,0,13441708,1364779079,1368135267,57,61,1044,1535996,3075749,11954,69697910,62938,499318417,470440785,0
1789396583.6406705,244.656,12906403,306144,0,192,76,57,103443,838590,31427525,16678584,4176,61539284,45310164,64771552,0,31572,0,1,1,0,13441719,1365028045,1368384233,57,61,1044,1536037,3075830,7893,69697910,62938,499318417,470440785,0
1789396583.8910058,244.907,12906779,306169,0,192,76,57,103443,838590,31427575,16670392,4176,61539440,45318624,64771552,0,23456,0,1,1,0,13441733,1365277591,1368633869,57,61,1044,1536047,3075849,5864,69697911,62938,499318417,470440785,0
1789396584.1413362,245.157,12907154,306194,0,192,76,57,103444,838590,31427642,16654068,4176,61539808,45335268,64771552,0,6808,0,1,1,0,13441754,1365526529,1368882818,57,61,1044,1536062,3075880,1702,69697912,62938,499318417,470440785,0
1789396584.3916972,245.407,12907523,306199,0,192,76,57,103461,838597,31428355,14371360,4292,61561328,47654352,64771552,0,0,0,0,2,0,13447532,1365538406,1368894695,57,61,1073,1536953,3077664,0,69698491,62939,499318529,470440785,0
1789396584.6421945,245.658,12907897,306199,0,192,76,57,103487,838597,31428642,11044552,4292,61634608,51091624,64771552,0,0,0,0,2,0,13452020,1365538406,1368894695,57,61,1073,1539717,3083200,0,69698491,62939,499318529,470440785,0
1789396584.8926842,245.908,12908273,306199,0,192,76,57,103506,838602,31429074,8741872,4292,61696564,53510036,64771552,0,0,0,0,1,0,13455122,1365538406,1368894695,57,61,1073,1542606,3088984,0,69698800,62939,499318529,470440785,0
