t,t_rel,cpu_idle,cpu_iowait,cpu_irq,cpu_nice,cpu_softirq,cpu_steal,cpu_system,cpu_user,ctxt,mem_Cached,mem_Dirty,mem_MemAvailable,mem_MemFree,mem_MemTotal,mem_SwapCached,mem_Writeback,mem_WritebackTmp,procs_blocked,procs_running,psi_cpu_full_total,psi_cpu_some_total,psi_io_full_total,psi_io_some_total,psi_memory_full_total,psi_memory_some_total,vm_nr_dirty,vm_nr_dirty_background_threshold,vm_nr_dirty_threshold,vm_nr_writeback,vm_pgfault,vm_pgmajfault,vm_pgpgin,vm_pgpgout,vm_pswpout
1789565070.0686944,0.0,5959410,400524,0,111,62,90,75417,596151,22233113,117420,1220,63869740,64250124,64771556,0,0,0,1,2,0,10959571,2190302606,2203917131,32,32,305,1595123,3194147,0,56574781,55138,405042910,308633469,0
1789565070.3191159,0.25,5959649,400541,0,111,62,90,75418,596293,22233760,127228,1276,63856068,64230172,64771556,0,0,0,0,17,0,10960264,2190330414,2203944990,32,32,319,1594943,3193786,0,56577455,55211,405055102,308633469,0
1789565070.5696425,0.501,5960022,400558,0,111,62,90,75419,596303,22234463,136372,1276,63838660,64207860,64771556,0,0,0,1,1,0,10960922,2190429556,2204044151,32,32,319,1594631,3193161,0,56582440,55247,405065446,308633469,0
1789565070.820048,0.751,5960397,400581,0,111,62,90,75421,596304,22235193,163392,1308,63811044,64166292,64771556,0,0,0,1,1,0,10961626,2190593328,2204207922,32,32,327,1594290,3192478,0,56586669,55458,405093242,308633469,0
1789565071.0704105,1.002,5960762,400604,0,111,62,90,75422,596314,22237486,174008,1308,63797548,64147472,64771556,0,0,0,1,1,0,10962483,2190737358,2204352019,32,32,327,1594086,3192070,0,56589838,55547,405103714,308633469,0
1789565071.3207572,1.252,5961133,400627,0,111,62,90,75423,596321,22239144,180700,1308,63785504,64131892,64771556,0,0,0,1,1,0,10963653,2190923214,2204537888,32,32,327,1593867,3191632,0,56591894,55553,405110178,308633469,0
1789565071.5710628,1.502,5961499,400648,0,111,62,90,75424,596330,22240623,189112,1308,63764092,64106300,64771556,0,0,0,1,1,0,10964433,2191082222,2204696896,32,32,327,1593443,3190783,0,56597003,55553,405118562,308633469,0
1789565071.8213995,1.753,5961853,400657,0,111,62,90,75429,596363,22244225,192016,1308,63723648,64064376,64771556,0,0,0,1,1,0,10965149,2191102559,2204717261,32,32,327,1592470,3188835,0,56613182,55561,405121482,308633501,0
1789565072.0718346,2.003,5962211,400669,0,111,62,90,75431,596388,22246827,195512,1308,63697976,64036960,64771556,0,0,0,1,1,0,10965727,2191175452,2204790160,32,32,327,1591873,3187639,0,56620578,55562,405124958,308633501,0
1789565072.3222735,2.254,5962574,400681,0,111,62,90,75433,596412,22250020,198336,1308,63677152,64014728,64771556,0,0,0,0,3,0,10966348,2191258914,2204873622,32,32,327,1591389,3186669,0,56625247,55562,405127782,308633501,0
1789565072.5726914,2.504,5962936,400696,0,111,62,90,75436,596431,22253728,201716,1308,63649788,63985676,64771556,0,0,0,0,2,0,10967043,2191347718,2204962434,32,32,327,1590749,3185387,0,56632960,55570,405131186,308633501,0
1789565072.8231478,2.754,5963288,400706,0,111,62,90,75438,596465,22258150,204532,1308,63640400,63974864,64771556,0,0,0,0,2,0,10967719,2191399958,2205014674,32,32,327,1590549,3184987,0,56634845,55575,405133990,308633501,0
1789565073.0737765,3.005,5963646,400716,0,111,62,90,75439,596494,22262646,206808,1308,63631236,63964560,64771556,0,0,0,0,4,0,10968388,2191462410,2205077132,32,32,327,1590348,3184586,0,56636519,55578,405136350,308633501,0
1789565073.324246,3.256,5963991,400728,0,111,62,90,75444,596535,22268128,209216,1308,63656776,63988900,64771556,0,0,0,0,2,0,10968924,2191511015,2205125744,32,32,327,1591016,3185922,0,56641611,55581,405138726,308633505,0
1789565073.6129491,3.544,5964426,400753,0,111,62,90,75445,596537,22269086,237092,1308,63636284,63954080,64771556,0,0,0,1,1,0,10970044,2191754950,2205369686,32,32,327,1590862,3185614,0,56644644,55809,405167498,308633505,0
1789565073.8653696,3.797,5964801,400772,0,111,62,90,75447,596542,22269705,251144,1308,63619436,63930104,64771556,0,0,0,1,1,0,10970761,2191943769,2205558519,32,32,327,1590619,3185128,0,56648583,55917,405181614,308633505,0
1789565074.1156895,4.047,5965176,400789,0,111,62,90,75449,596549,22270230,263004,1308,63608172,63912864,64771556,0,0,0,0,2,0,10971576,2192113997,2205728778,32,32,327,1590487,3184864,0,56652722,56011,405193594,308633505,0
1789565074.3672848,4.299,5965545,400804,0,111,62,90,75451,596565,22271791,269392,1308,63589548,63890952,64771556,0,0,0,1,1,0,10972024,2192191256,2205806037,32,32,327,1590105,3184097,0,56656460,56023,405200162,308633505,0
1789565074.6176682,4.549,5965904,400817,0,111,62,90,75452,596591,22273409,272484,1308,63573372,63873228,64771556,0,0,0,1,1,0,10972582,2192275851,2205890632,32,32,327,1589739,3183366,0,56660716,56027,405203218,308633505,0
1789565074.8681142,4.799,5966231,400830,0,111,62,90,75455,596648,22274985,275288,1308,63518608,63816556,64771556,0,0,0,0,4,0,10973088,2192318736,2205933517,32,32,327,1588396,3180675,0,56679919,56027,405206110,308633505,0
1789565075.118754,5.05,5966586,400840,0,111,62,90,75457,596682,22277001,277960,1308,63490352,63785608,64771556,0,0,0,1,1,0,10974014,2192375808,2205990604,32,32,327,1587690,3179263,0,56687036,56027,405208690,308633505,0
1789565075.3692167,5.301,5966933,400851,0,111,62,90,75459,596718,22281584,281508,1308,63471368,63763068,64771556,0,0,0,0,2,0,10974559,2192427584,2206042381,32,32,327,1587216,3178314,0,56692848,56030,405212246,308633505,0
1789565075.6196551,5.551,5967289,400862,0,111,62,90,75461,596750,22282942,284188,1308,63459532,63748552,64771556,0,0,0,1,1,0,10974951,2192480095,2206094892,32,32,327,1586921,3177722,0,56695677,56031,405215154,308633505,0
1789565075.8701127,5.801,5967639,400872,0,111,62,90,75462,596787,22285299,287328,1312,63448368,63734308,64771556,0,0,0,1,1,0,10975336,2192531405,2206146202,32,32,328,1586642,3177164,0,56698839,56032,405218070,308633505,0
1789565076.1205456,6.052,5967995,400883,0,111,62,90,75464,596819,22286753,291092,1408,63433984,63716120,64771556,0,0,0,1,2,0,10976246,2192595450,2206210250,32,32,352,1586284,3176446,0,56703597,56032,405221734,308633505,0
1789565076.3709567,6.302,5968345,400888,0,111,62,90,75465,596862,22289710,292700,1408,63424440,63704972,64771556,0,0,0,0,2,0,10976587,2192618196,2206232996,32,32,352,1586045,3175969,0,56706736,56032,405223338,308633505,0
1789565076.621294,6.553,5968665,400889,0,111,62,90,75468,596939,22297334,293184,1408,63408760,63688792,64771556,0,0,0,0,5,0,10977049,2192622333,2206237133,32,32,352,1585654,3175185,0,56711695,56034,405223970,308633505,0
1789565076.8717546,6.803,5969002,400893,0,111,62,90,75471,596995,22302625,294496,1408,63404136,63682884,64771556,0,0,0,1,1,0,10977510,2192640858,2206255658,32,32,352,1585538,3174954,0,56713297,56034,405225134,308633505,0
1789565077.1221995,7.054,5969375,400907,0,111,62,90,75471,597007,22303834,298432,1408,63398284,63673080,64771556,0,0,0,0,2,0,10978761,2192772394,2206387200,32,32,352,1585392,3174661,0,56714638,56034,405229070,308633505,0
1789565077.3726232,7.304,5969746,400914,0,111,62,90,75472,597028,22304915,300384,1408,63382704,63655552,64771556,0,0,0,0,2,0,10979166,2192830461,2206445268,32,32,352,1585003,3173883,0,56718324,56034,405231034,308633505,0
1789565077.6230602,7.554,5970099,400924,0,111,62,90,75474,597062,22307551,303092,1408,63359908,63630036,64771556,0,0,0,1,3,0,10979547,2192886089,2206500896,32,32,352,1584434,3172743,0,56723515,56034,405233730,308633505,0
1789565077.8734856,7.805,5970472,400937,0,111,62,90,75475,597075,22308182,306552,1408,63335224,63601900,64771556,0,0,0,0,2,0,10980234,2193001244,2206616051,32,32,352,1583818,3171509,0,56728874,56034,405237198,308633505,0
1789565078.1238801,8.055,5970830,400943,0,111,62,90,75476,597109,22309835,307904,1408,63317820,63583148,64771556,0,0,0,1,2,0,10981165,2193035996,2206650803,32,32,352,1583384,3170639,0,56734193,56034,405238550,308633505,0
1789565078.3742979,8.306,5971194,400951,0,111,62,90,75478,597137,22310991,309836,1408,63291336,63554712,64771556,0,0,0,1,2,0,10981518,2193094135,2206708946,32,32,352,1582723,3169315,0,56740635,56034,405240486,308633505,0
1789565078.6247365,8.556,5971532,400960,0,111,62,90,75482,597187,22315261,312084,1408,63267932,63528464,64771556,0,0,0,0,3,0,10981963,2193129489,2206744300,32,32,352,1582138,3168145,0,56746874,56034,405243342,308633505,0
1789565078.8753548,8.807,5971861,400963,0,111,62,90,75485,597251,22319986,313588,1560,63226600,63485600,64771556,0,0,0,0,7,0,10982316,2193137763,2206752573,32,32,390,1581107,3166079,0,56760255,56034,405244694,308633505,0
1789565079.1260786,9.057,5972200,400973,0,111,62,90,75487,597300,22321946,315856,1564,63213620,63470384,64771556,0,0,0,1,1,0,10982548,2193160379,2206775189,32,32,391,1580783,3165431,0,56768037,56034,405246958,308633505,0
1789565079.3767092,9.308,5972556,400981,0,111,62,90,75489,597336,22324631,318172,1572,63190812,63445260,64771556,0,0,0,0,2,0,10982873,2193182167,2206796980,32,32,393,1580213,3164290,0,56777699,56034,405249286,308633505,0
1789565079.6271565,9.558,5972923,400989,0,111,63,90,75492,597358,22326724,320192,1572,63311232,63563664,64771556,0,0,0,0,2,0,10983315,2193236990,2206851803,32,32,393,1583219,3170310,0,56783221,56034,405251298,308633505,0
1789565079.8775043,9.809,5973293,400996,0,111,63,90,75494,597378,22327723,322328,1572,63285136,63535452,64771556,0,0,0,0,2,0,10983763,2193298643,2206913456,32,32,393,1582568,3169005,0,56789698,56034,405253422,308633505,0
1789565080.1278646,10.059,5973635,401004,0,111,63,90,75496,597426,22331551,324744,1576,63258764,63506644,64771556,0,0,0,1,3,0,10985395,2193334846,2206949659,32,32,394,1581909,3167687,0,56796547,56035,405255890,308633505,0
1789565080.378301,10.31,5973958,401007,0,111,63,90,75499,597495,22337054,325808,1628,63241552,63488340,64771556,0,0,0,0,2,0,10985727,2193346259,2206961073,32,32,407,1581480,3166827,0,56802182,56035,405257066,308633565,0
1789565080.628787,10.56,5974236,401010,0,111,63,90,75504,597610,22347421,326968,1636,63218860,63464456,64771556,0,0,0,0,5,0,10986204,2193349050,2206963863,32,32,409,1580913,3165692,0,56809424,56035,405258566,308633565,0
1789565080.8795362,10.811,5974518,401023,0,111,63,90,75514,597707,22357813,455232,1636,63136032,63253124,64771556,0,0,0,0,13,0,10986777,2193366806,2206981619,32,32,409,1578846,3161552,0,56830235,56035,405386286,308633565,0
1789565081.1302023,11.062,5974752,401036,0,111,63,90,75532,597841,22366900,732116,150988,62971980,62811452,64771556,0,0,0,0,5,0,10987382,2193378524,2206993492,32,32,37747,1574732,3153315,0,56864680,56035,405513790,308633565,0
1789565081.3806937,11.312,5975023,401048,0,111,63,90,75571,597916,22376879,1125184,416596,62663476,62106632,64771556,0,0,0,0,9,0,10988022,2193399903,2207014871,32,32,104149,1566949,3137729,0,56899062,56035,405641310,308633565,0
1789565081.6314006,11.563,5975273,401065,0,111,63,90,75599,598021,22384024,1395948,535992,62581468,61752076,64771556,0,0,0,2,4,0,10988678,2193418402,2207033435,33,33,133998,1564856,3133538,0,56912398,56038,405793474,308633565,0
1789565081.8820207,11.813,5975527,401090,0,111,63,90,75624,598115,22391001,1903664,812616,62602960,61262608,64771556,0,0,0,0,6,0,10989149,2193442886,2207057944,33,33,203256,1565323,3134475,0,56929291,56038,406023922,308633565,0
1789565082.132483,12.064,5975772,401103,0,111,63,90,75666,598212,22400289,2264172,974688,62331508,60628140,64771556,0,0,0,2,6,0,10990420,2193458772,2207073886,33,33,243672,1558474,3120760,0,56957757,56038,406222690,308633565,0
1789565082.383001,12.314,5976041,401120,0,111,63,90,75699,598293,22405869,2741236,1243048,62271888,60088304,64771556,0,0,0,1,5,0,10990925,2193485312,2207100425,33,33,310762,1556883,3117574,0,56965120,56038,406431262,308633565,0
1789565082.6336734,12.565,5976295,401143,0,111,63,90,75730,598383,22413732,3135128,1417172,62257596,59677756,64771556,0,0,0,1,4,0,10991579,2193514204,2207129340,33,33,354293,1556491,3116789,0,56976960,56038,406650702,308633565,0
1789565082.8841758,12.815,5976580,401156,0,111,63,90,75772,598441,22419088,3584616,1670304,62047704,59014996,64771556,0,0,0,1,4,0,10992227,2193541457,2207156593,33,33,417576,1551180,3106154,0,56988169,56038,406848026,308633565,0
1789565083.1346428,13.066,5976856,401170,0,111,63,90,75798,598523,22426073,4177980,1971268,62207392,58577604,64771556,0,0,0,0,7,0,10992865,2193570415,2207185560,33,33,492713,1555051,3113904,0,57005801,56038,407139582,308633565,0
1789565083.3851318,13.316,5977129,401181,0,111,63,90,75845,598593,22434208,4619160,2180168,61993764,57919508,64771556,0,0,0,0,3,0,10993706,2193589920,2207205066,33,33,545042,1549646,3103082,0,57024322,56038,407371682,308633565,0
1789565083.6356714,13.567,5977408,401192,0,111,63,90,75879,598665,22438937,5111508,2458488,61965960,57395412,64771556,0,0,0,0,6,0,10994303,2193612207,2207227353,33,33,614622,1548854,3101495,0,57030768,56038,407585870,308633565,0
1789565083.8862007,13.818,5977675,401204,0,111,63,90,75910,598750,22446434,5663840,2733264,61949664,56822692,64771556,0,0,0,1,5,0,10994933,2193632229,2207247454,33,33,683316,1548343,3100473,0,57057147,56038,407863658,308633565,0
1789565084.1369374,14.068,5977946,401212,0,111,63,90,75953,598828,22451232,6141236,2982712,61780060,56172132,64771556,0,0,0,0,6,0,10995736,2193646549,2207261780,33,33,745678,1544022,3091820,0,57068853,56038,408091142,308633565,0
1789565084.3874092,14.319,5978209,401221,0,111,63,90,75992,598916,22456878,6696104,3280876,61700384,55533196,64771556,0,0,0,1,6,0,10996305,2193663631,2207278861,33,33,820219,1541923,3087617,0,57085567,56038,408348326,308633565,0
1789565084.6378841,14.569,5978477,401230,0,111,63,90,76030,599002,22463235,7251152,3558376,62026792,55300548,64771556,0,0,0,0,5,0,10996939,2193681643,2207296874,33,33,889594,1549984,3103759,0,57100887,56038,408625842,308633565,0
1789565084.8883555,14.82,5978749,401238,0,111,63,90,76075,599076,22469423,7724912,3809524,61850920,54647624,64771556,0,0,0,1,6,0,10997638,2193696596,2207311828,33,33,952482,1545509,3094798,0,57119007,56038,408849158,308633565,0
1789565085.1388516,15.07,5979006,401250,0,111,63,90,76108,599174,22475242,8251380,4100052,61818196,54083768,64771556,0,0,0,0,9,0,10998241,2193717563,2207332803,33,33,1025013,1544566,3092908,0,57134747,56038,409084018,308633565,0
1789565085.3894463,15.321,5979265,401264,0,111,63,90,76152,599256,22483224,8759444,2599732,61805216,53558872,64771556,0,1753088,0,1,6,0,10998959,2193743289,2207358530,33,33,649613,1544146,3092068,438592,57146222,56038,409339990,310386909,0
1789565085.6399522,15.571,5979552,401318,0,111,63,90,76180,599288,22486046,9085480,200596,61889520,53313920,64771556,0,4337444,0,4,1,0,11001128,2193845433,2207465830,33,33,50149,1546173,3096126,1084361,57146327,56038,409466542,312988037,0
1789565085.8903883,15.822,5979849,401418,0,111,63,90,76180,599291,22486408,9085568,200596,61889608,53313920,64771556,0,4329252,0,4,1,0,11001140,2194088965,2207709611,33,33,50149,1546175,3096130,1082313,57146623,56039,409466634,312988037,0
1789565086.140761,16.072,5980149,401518,0,111,63,90,76180,599291,22486477,9085568,200596,61897672,53321984,64771556,0,4321060,0,4,1,0,11001144,2194338950,2207959664,33,33,50149,1546376,3096534,1080265,57146624,56039,409466634,312988037,0
1789565086.3910723,16.322,5980449,401618,0,111,63,90,76180,599291,22486534,9085568,200596,61897928,53322240,64771556,0,4300580,0,4,1,0,11001148,2194588909,2208209682,33,33,50149,1546382,3096546,1075145,57146625,56039,409466634,312988037,0
1789565086.6413739,16.573,5980749,401719,0,111,63,90,76180,599291,22486577,9085568,200596,61897928,53322240,64771556,0,4292388,0,4,1,0,11001150,2194838877,2208459704,33,33,50149,1546382,3096546,1073097,57146627,56039,409466634,312988037,0
1789565086.8916762,16.823,5981049,401819,0,111,63,90,76180,599291,22486645,9085568,200596,61897928,53322240,64771556,0,4276004,0,4,1,0,11001152,2195088606,2208709489,33,33,50149,1546382,3096546,1069001,57146627,56039,409466634,312988037,0
1789565087.1419916,17.073,5981350,401919,0,111,63,90,76180,599291,22486716,9085568,200596,61906116,53330428,64771556,0,4267812,0,4,1,0,11001156,2195338813,2208959754,33,33,50149,1546587,3096956,1066953,57146628,56039,409466634,312988037,0
1789565087.3922818,17.324,5981650,402019,0,111,63,90,76180,599291,22486771,9085568,200596,61906116,53330428,64771556,0,4251428,0,4,1,0,11001159,2195588769,2209209765,33,33,50149,1546587,3096956,1062857,57146628,56039,409466634,312988037,0
1789565087.6425767,17.574,5981950,402119,0,111,63,90,76180,599291,22486815,9085568,200596,61906116,53330428,64771556,0,4247332,0,4,1,0,11001161,2195838979,2209460026,33,33,50149,1546587,3096956,1061833,57146630,56039,409466634,312988037,0
1789565087.8928628,17.824,5982250,402219,0,111,63,90,76180,599291,22486870,9085568,200596,61906116,53330428,64771556,0,4230948,0,4,1,0,11001164,2196088934,2209710048,33,33,50149,1546587,3096956,1057737,57146630,56039,409466634,312988037,0
1789565088.143167,18.074,5982550,402319,0,111,63,90,76180,599291,22486935,9085568,200596,61914784,53339096,64771556,0,4222756,0,4,1,0,11001189,2196339125,2209960321,33,33,50149,1546803,3097389,1055689,57146632,56039,409466634,312988037,0
1789565088.3934648,18.325,5982850,402419,0,111,63,90,76180,599291,22486987,9085568,200596,61914784,53339096,64771556,0,4206372,0,4,1,0,11001193,2196589329,2210210583,33,33,50149,1546803,3097389,1051593,57146632,56039,409466634,312988037,0
1789565088.6437714,18.575,5983151,402520,0,111,63,90,76180,599291,22487036,9085568,200596,61914784,53339096,64771556,0,4194084,0,4,1,0,11001195,2196839305,2210460616,33,33,50149,1546803,3097389,1048521,57146633,56039,409466634,312988037,0
1789565088.8940828,18.825,5983448,402622,0,111,63,90,76180,599292,22487194,9086204,200596,61915564,53338872,64771556,0,4185892,0,4,1,0,11001199,2197082789,2210704155,33,33,50149,1546823,3097428,1046473,57147313,56058,409467666,312988037,0
1789565089.144415,19.076,5983734,402731,0,111,63,90,76182,599294,22487965,9089272,202636,61926536,53345616,64771556,0,4169508,0,4,2,0,11001297,2197305521,2210928324,33,33,50659,1547094,3097972,1042377,57150606,56111,409471850,312988037,0
1789565089.3947945,19.326,5984009,402846,0,111,63,90,76184,599302,22488594,9094748,202636,61913152,53325736,64771556,0,4161316,0,5,1,0,11001467,2197537321,2211160222,33,33,50659,1546755,3097291,1040329,57154289,56150,409478290,312988037,0
1789565089.6451426,19.576,5984284,402958,0,111,63,90,76185,599313,22489119,9098052,202636,61903452,53312336,64771556,0,4144396,0,4,2,0,11001912,2197761599,2211384779,33,33,50659,1546507,3096795,1035843,57157182,56156,409481562,312988037,0
1789565089.8955045,19.827,5984577,403061,0,111,63,90,76188,599314,22489932,9100276,203668,61904376,53310484,64771556,0,4132612,0,4,1,0,11001975,2197993383,2211620406,33,33,50917,1546529,3096839,1033153,57162232,56189,409484282,312988041,0
1789565090.1458886,20.077,5984877,403161,0,111,63,90,76188,599314,22490004,9100276,203668,61911892,53318000,64771556,0,4124420,0,4,1,0,11001980,2198243366,2211870480,33,33,50917,1546716,3097215,1031105,57162235,56189,409484282,312988041,0
1789565090.3962123,20.328,5985178,403261,0,111,63,90,76188,599314,22490055,9100276,203668,61911892,53318000,64771556,0,4108036,0,4,1,0,11001986,2198493561,2212120760,33,33,50917,1546716,3097215,1027009,57162235,56189,409484282,312988041,0
1789565090.646525,20.578,5985478,403361,0,111,63,90,76188,599314,22490123,9100276,203808,61918152,53324256,64771556,0,4091652,0,4,1,0,11001988,2198743545,2212370802,33,33,50952,1546872,3097527,1022913,57162236,56189,409484282,312988509,0
1789565090.8968408,20.828,5985778,403461,0,111,63,90,76188,599314,22490201,9100276,203808,61920952,53327056,64771556,0,4087556,0,4,1,0,11001993,2198993760,2212621086,33,33,50952,1546942,3097667,1021889,57162237,56189,409484282,312988509,0
1789565091.1471598,21.078,5986076,403562,0,111,63,90,76189,599314,22490491,9100508,61084,61924508,53330224,64771556,0,4213896,0,4,1,0,11001998,2199239828,2212867213,33,33,15271,1547030,3097842,1053474,57162238,56189,409484382,313131233,0
1789565091.3974657,21.329,5986377,403662,0,111,63,90,76189,599314,22490547,9100508,61084,61924508,53330224,64771556,0,4205704,0,4,1,0,11002001,2199490039,2213117483,33,33,15271,1547030,3097842,1051426,57162239,56189,409484382,313131233,0
1789565091.647768,21.579,5986677,403762,0,111,63,90,76189,599314,22490598,9100508,61084,61924508,53330224,64771556,0,4189320,0,4,1,0,11002003,2199740007,2213367508,33,33,15271,1547030,3097842,1047330,57162240,56189,409484382,313131233,0
1789565091.8980699,21.829,5986977,403862,0,111,63,90,76189,599314,22490651,9100508,61084,61924508,53330224,64771556,0,4177032,0,4,1,0,11002005,2199989967,2213617519,33,33,15271,1547030,3097842,1044258,57162240,56189,409484382,313131233,0
1789565092.1483614,22.08,5987277,403962,0,111,63,90,76189,599314,22490715,9100508,61084,61936820,53342536,64771556,0,4168840,0,4,1,0,11002008,2200240173,2213867780,33,33,15271,1547337,3098458,1042210,57162242,56189,409484382,313131233,0
1789565092.398651,22.33,5987577,404062,0,111,63,90,76190,599314,22490768,9100508,61084,61944360,53350076,64771556,0,4152456,0,4,1,0,11002012,2200490341,2214118043,33,33,15271,1547525,3098835,1038114,57162242,56189,409484382,313131233,0
1789565092.6489735,22.58,5987877,404162,0,111,63,90,76190,599314,22490817,9100508,61084,61944360,53350076,64771556,0,4144264,0,4,1,0,11002014,2200740557,2214368313,33,33,15271,1547525,3098835,1036066,57162244,56189,409484382,313131233,0
1789565092.899264,22.831,5988178,404262,0,111,63,90,76190,599314,22490870,9100508,61084,61944712,53350428,64771556,0,4127880,0,4,1,0,11002016,2200990768,2214618575,33,33,15271,1547534,3098852,1031970,57162244,56189,409484382,313131233,0
1789565093.1495671,23.081,5988478,404363,0,111,63,90,76190,599314,22490967,9100508,61084,61960656,53366372,64771556,0,4115592,0,4,1,0,11002025,2201240919,2214868896,33,33,15271,1547932,3099649,1028898,57162245,56189,409484382,313131233,0
1789565093.3999445,23.331,5988778,404463,0,111,63,90,76190,599314,22491066,9100508,61084,61962280,53367996,64771556,0,4107400,0,4,1,0,11002036,2201490902,2215118957,33,33,15271,1547973,3099731,1026850,57162245,56189,409484382,313131233,0
1789565093.6502633,23.582,5989078,404563,0,111,63,90,76190,599314,22491111,9100508,61084,61962280,53367996,64771556,0,4091016,0,4,1,0,11002039,2201741114,2215369239,33,33,15271,1547973,3099731,1022754,57162248,56189,409484382,313131233,0
1789565093.9005647,23.832,5989378,404663,0,111,63,90,76190,599315,22491165,9100508,61084,61962280,53367996,64771556,0,4082824,0,4,1,0,11002041,2201991078,2215619255,33,33,15271,1547973,3099731,1020706,57162248,56189,409484382,313131233,0
1789565094.1508691,24.082,5989678,404763,0,111,63,90,76190,599315,22491267,9100508,61084,61981036,53386752,64771556,0,4062312,0,4,1,0,11002052,2202241214,2215869563,33,33,15271,1548441,3100668,1015578,57162252,56189,409484382,313131233,0
1789565094.4012003,24.333,5989978,404863,0,111,63,90,76190,599315,22491326,9100508,61084,61987204,53392920,64771556,0,4054120,0,4,1,0,11002056,2202491156,2216119590,33,33,15271,1548595,3100976,1013530,57162253,56189,409484382,313131233,0
1789565094.651497,24.583,5990279,404963,0,111,63,90,76190,599315,22491377,9100508,61084,61987204,53392920,64771556,0,4037736,0,4,1,0,11002059,2202741110,2216369607,33,33,15271,1548595,3100976,1009434,57162254,56189,409484382,313131233,0
1789565094.901794,24.833,5990579,405063,0,111,63,90,76190,599315,22491442,9100508,61084,61987204,53392920,64771556,0,4029544,0,4,1,0,11002062,2202991320,2216619895,33,33,15271,1548595,3100976,1007386,57162256,56189,409484382,313131233,0
1789565095.1521125,25.083,5990879,405164,0,111,63,90,76190,599315,22491526,9100508,61084,62016700,53422416,64771556,0,4017248,0,4,1,0,11002067,2203241213,2216869920,33,33,15271,1549331,3102451,1004312,57162259,56189,409484382,313131233,0
1789565095.4024086,25.334,5991179,405264,0,111,63,90,76190,599315,22491581,9100508,61084,62016448,53422164,64771556,0,4009056,0,4,1,0,11002071,2203491164,2217119926,33,33,15271,1549325,3102438,1002264,57162259,56189,409484382,313131233,0
1789565095.6526897,25.584,5991479,405364,0,111,63,90,76190,599315,22491636,9100508,61208,62016500,53422164,64771556,0,3992672,0,4,1,0,11002073,2203741378,2217370195,33,33,15302,1549326,3102441,998168,57162260,56189,409484382,313131597,0
1789565095.9029884,25.834,5991779,405464,0,111,63,90,76190,599316,22491732,9100508,61208,62022316,53427980,64771556,0,3984480,0,4,1,0,11002076,2203991078,2217619957,33,33,15302,1549471,3102731,996120,57162262,56189,409484382,313131597,0
1789565096.1532788,26.085,5992079,405564,0,111,63,90,76190,599316,22491808,9100508,61208,62047548,53453212,64771556,0,3968096,0,4,1,0,11002080,2204241202,2217870231,33,33,15302,1550101,3103993,992024,57162263,56189,409484382,313131597,0
1789565096.4035885,26.335,5992379,405664,0,111,63,90,76190,599316,22491866,9100508,61208,62053228,53458868,64771556,0,3955808,0,4,1,0,11002084,2204491143,2218120251,33,33,15302,1550243,3104277,988952,57162265,56189,409484382,313131597,0
1789565096.6538944,26.585,5992679,405764,0,111,63,90,76190,599316,22491907,9100508,61208,62053228,53458868,64771556,0,3947616,0,4,1,0,11002087,2204741354,2218370531,33,33,15302,1550243,3104277,986904,57162266,56189,409484382,313131597,0
1789565096.9041817,26.835,5992980,405865,0,111,63,90,76190,599316,22491970,9100508,61208,62054564,53460204,64771556,0,3931232,0,4,1,0,11002089,2204991309,2218620536,33,33,15302,1550276,3104343,982808,57162266,56189,409484382,313131597,0
1789565097.1544628,27.086,5993280,405965,0,111,63,90,76190,599316,22492053,9100508,61208,62081780,53487420,64771556,0,3923040,0,4,1,0,11002094,2205241465,2218870807,33,33,15302,1550956,3105704,980760,57162267,56189,409484382,313131597,0
1789565097.4047658,27.336,5993580,406065,0,111,63,90,76190,599316,22492152,9100508,61208,62081432,53487072,64771556,0,3910752,0,4,1,0,11002106,2205491421,2219120835,33,33,15302,1550947,3105686,977688,57162268,56189,409484382,313131597,0
1789565097.655071,27.586,5993880,406165,0,111,63,90,76190,599316,22492210,9100508,61208,62081180,53486820,64771556,0,3894368,0,4,1,0,11002108,2205741636,2219371106,33,33,15302,1550941,3105674,973592,57162271,56189,409484382,313131597,0
1789565097.905368,27.837,5994180,406265,0,111,63,90,76190,599316,22492258,9100508,61208,62081180,53486820,64771556,0,3886176,0,4,1,0,11002110,2205991843,2219621364,33,33,15302,1550941,3105674,971544,57162271,56189,409484382,313131597,0
1789565098.1556556,28.087,5994480,406365,0,111,63,90,76191,599316,22492337,9100508,61208,62094768,53500408,64771556,0,3869792,0,4,1,0,11002115,2206241756,2219871387,33,33,15302,1551280,3106353,967448,57162272,56189,409484382,313131597,0
1789565098.40598,28.337,5994780,406465,0,111,63,90,76191,599316,22492398,9100508,61208,62104952,53510588,64771556,0,3857480,0,4,1,0,11002119,2206491703,2220121415,33,33,15302,1551534,3106862,964370,57162275,56189,409484382,313131597,0
1789565098.6562889,28.588,5995080,406565,0,111,63,90,76191,599316,22492442,9100508,61208,62104952,53510588,64771556,0,3849288,0,4,1,0,11002121,2206741923,2220371691,33,33,15302,1551534,3106862,962322,57162277,56189,409484382,313131597,0
1789565098.9065857,28.838,5995381,406666,0,111,63,90,76191,599316,22492503,9100508,61208,62110520,53516156,64771556,0,3832904,0,4,1,0,11002124,2206991892,2220621735,33,33,15302,1551673,3107141,958226,57162277,56189,409484382,313131597,0
1789565099.1569312,29.088,5995681,406766,0,111,63,90,76191,599316,22492570,9100508,61208,62132112,53537748,64771556,0,3824712,0,4,1,0,11002128,2207242071,2220872042,33,33,15302,1552212,3108220,956178,57162280,56189,409484382,313131597,0
1789565099.4072454,29.339,5995981,406866,0,111,63,90,76191,599316,22492623,9100508,61208,62131788,53537424,64771556,0,3808328,0,4,1,0,11002131,2207492032,2221122061,33,33,15302,1552204,3108204,952082,57162280,56189,409484382,313131597,0
1789565099.657548,29.589,5996281,406966,0,111,63,90,76191,599316,22492670,9100508,61208,62131788,53537424,64771556,0,3796040,0,4,1,0,11002133,2207742259,2221372345,33,33,15302,1552204,3108204,949010,57162281,56189,409484382,313131597,0
1789565099.907853,29.839,5996581,407066,0,111,63,90,76191,599316,22492723,9100508,61208,62131788,53537424,64771556,0,3787848,0,4,1,0,11002135,2207992472,2221622611,33,33,15302,1552204,3108204,946962,57162282,56189,409484382,313131597,0
1789565100.1581495,30.089,5996881,407166,0,111,63,90,76191,599316,22492799,9100508,61208,62146224,53551860,64771556,0,3771464,0,4,1,0,11002143,2208242652,2221872897,33,33,15302,1552564,3108925,942866,57162283,56189,409484382,313131597,0
1789565100.4084647,30.34,5997182,407266,0,111,63,90,76191,599316,22492844,9100508,61208,62150792,53556428,64771556,0,3763272,0,4,1,0,11002147,2208492857,2222123190,33,33,15302,1552678,3109154,940818,57162283,56189,409484382,313131597,0
1789565100.6587832,30.59,5997482,407366,0,111,63,90,76191,599316,22492891,9100508,61208,62150472,53556108,64771556,0,3750984,0,4,1,0,11002149,2208742831,2222373220,33,33,15302,1552670,3109138,937746,57162285,56189,409484382,313131597,0
1789565100.9090827,30.84,5997782,407467,0,111,63,90,76191,599316,22492964,9100508,61208,62151080,53556716,64771556,0,3734600,0,4,1,0,11002151,2208992789,2222623228,33,33,15302,1552686,3109168,933650,57162285,56189,409484382,313131633,0
1789565101.1593924,31.091,5998081,407567,0,111,63,90,76191,599316,22493123,9100520,61584,62171772,53577328,64771556,0,3726408,0,4,1,0,11002160,2209240651,2222871362,33,33,15396,1553202,3110202,931602,57162910,56189,409484406,313131737,0
1789565101.4097867,31.341,5998379,407669,0,111,63,90,76191,599316,22493496,9100520,56952,62175380,53580932,64771556,0,3718216,0,4,1,0,11002181,2209485768,2223116582,33,33,14238,1553292,3110382,929554,57162910,56189,409484406,313136369,0
1789565101.660151,31.591,5998679,407770,0,111,63,90,76191,599316,22493554,9100520,56952,62175380,53580932,64771556,0,3701832,0,4,1,0,11002184,2209735744,2223366632,33,33,14238,1553292,3110382,925458,57162911,56189,409484406,313136369,0
1789565101.9104683,31.842,5998979,407870,0,111,63,90,76191,599316,22493606,9100520,56952,62175380,53580932,64771556,0,3689536,0,4,1,0,11002186,2209985955,2223616896,33,33,14238,1553292,3110382,922384,57162912,56189,409484406,313136369,0
1789565102.1607552,32.092,5999279,407970,0,111,63,90,76191,599316,22493671,9100520,56952,62189320,53594872,64771556,0,3681344,0,4,1,0,11002190,2210236162,2223867177,33,33,14238,1553640,3111079,920336,57162913,56189,409484406,313136369,0
1789565102.4110727,32.342,5999580,408070,0,111,63,90,76191,599316,22493725,9100520,56952,62192828,53598380,64771556,0,3664960,0,4,1,0,11002194,2210486358,2224117454,33,33,14238,1553727,3111254,916240,57162914,56189,409484406,313136369,0
1789565102.6613758,32.593,5999880,408170,0,111,63,90,76191,599316,22493778,9100520,56952,62192828,53598380,64771556,0,3648576,0,4,1,0,11002196,2210736073,2224367222,33,33,14238,1553727,3111254,912144,57162915,56189,409484406,313136369,0
1789565102.91167,32.843,6000180,408270,0,111,63,90,76191,599316,22493825,9100520,56952,62192828,53598380,64771556,0,3644456,0,4,1,0,11002198,2210986282,2224617483,33,33,14238,1553727,3111254,911114,57162915,56189,409484406,313136369,0
1789565103.1619701,33.093,6000480,408370,0,111,63,90,76191,599316,22493908,9100520,56952,62199188,53604740,64771556,0,3628072,0,4,1,0,11002203,2211236229,2224867501,33,33,14238,1553886,3111572,907018,57162916,56189,409484406,313136369,0
1789565103.4122674,33.344,6000780,408471,0,111,63,90,76191,599316,22493962,9100520,56952,62198892,53604444,64771556,0,3620068,0,4,1,0,11002207,2211486433,2225117760,33,33,14238,1553879,3111557,905017,57162918,56189,409484406,313136369,0
1789565103.662551,33.594,6001080,408571,0,111,63,90,76191,599316,22494026,9100520,56952,62201900,53607452,64771556,0,3603496,0,4,1,0,11002209,2211736390,2225367778,33,33,14238,1553954,3111708,900874,57162919,56189,409484406,313136369,0
1789565103.912846,33.844,6001380,408671,0,111,63,90,76191,599316,22494089,9100520,56952,62201900,53607452,64771556,0,3591208,0,4,1,0,11002212,2211986337,2225617790,33,33,14238,1553954,3111708,897802,57162919,56189,409484406,313136369,0
1789565104.163135,34.094,6001680,408771,0,111,63,90,76191,599316,22494154,9100520,56952,62206868,53612420,64771556,0,3574824,0,4,1,0,11002215,2212236288,2225867806,33,33,14238,1554078,3111956,893706,57162920,56189,409484406,313136369,0
1789565104.4134254,34.345,6001981,408871,0,111,63,90,76191,599317,22494199,9100520,56952,62210084,53615636,64771556,0,3566632,0,4,1,0,11002220,2212486483,2226118064,33,33,14238,1554158,3112117,891658,57162920,56189,409484406,313136369,0
1789565104.6637242,34.595,6002281,408971,0,111,63,90,76191,599317,22494244,9100520,56952,62210084,53615636,64771556,0,3558440,0,4,1,0,11002222,2212736458,2226368112,33,33,14238,1554158,3112117,889610,57162923,56189,409484406,313136369,0
1789565104.9140332,34.845,6002581,409071,0,111,63,90,76192,599317,22494303,9100520,56952,62210084,53615636,64771556,0,3542056,0,4,1,0,11002225,2212986650,2226618370,33,33,14238,1554158,3112117,885514,57162923,56189,409484406,313136369,0
1789565105.1643236,35.096,6002881,409172,0,111,63,90,76192,599317,22494384,9100520,56952,62216216,53621768,64771556,0,3529928,0,4,1,0,11002231,2213236608,2226868403,33,33,14238,1554311,3112423,882482,57162924,56189,409484406,313136369,0
1789565105.4146385,35.346,6003181,409272,0,111,63,90,76192,599317,22494478,9100520,56952,62219284,53624836,64771556,0,3521724,0,4,1,0,11002244,2213486545,2227118421,33,33,14238,1554388,3112577,880431,57162924,56189,409484406,313136369,0
1789565105.6649446,35.596,6003481,409372,0,111,63,90,76192,599317,22494528,9100520,56952,62219284,53624836,64771556,0,3505528,0,4,1,0,11002246,2213736771,2227368703,33,33,14238,1554388,3112577,876382,57162924,56189,409484406,313136369,0
1789565105.9152412,35.847,6003781,409472,0,111,63,90,76192,599318,22494611,9100520,56952,62219032,53624584,64771556,0,3497112,0,4,1,0,11002249,2213985979,2227617974,33,33,14238,1554382,3112564,874278,57162933,56189,409484406,313136369,0
1789565106.165533,36.097,6004081,409572,0,111,63,90,76192,599318,22494691,9100508,56952,62222144,53627696,64771556,0,3476604,0,4,1,0,11002251,2214235935,2227867991,33,33,14238,1554459,3112720,869151,57162934,56189,409484406,313136413,0
1789565106.4158254,36.347,6004381,409672,0,111,63,90,76192,599318,22494754,9100516,56608,62224920,53630460,64771556,0,3468412,0,4,1,0,11002263,2214486011,2228118253,33,33,14152,1554529,3112858,867103,57162936,56189,409484410,313136761,0
1789565106.6661167,36.597,6004681,409772,0,111,63,90,76192,599318,22494807,9100516,56608,62224920,53630460,64771556,0,3452028,0,4,1,0,11002269,2214735826,2228368258,33,33,14152,1554529,3112858,863007,57162936,56189,409484410,313136761,0
1789565106.9163942,36.848,6004982,409872,0,111,63,90,76192,599318,22494852,9100516,56608,62224920,53630460,64771556,0,3443836,0,4,1,0,11002275,2214985941,2228618509,33,33,14152,1554529,3112858,860959,57162937,56189,409484410,313136761,0
1789565107.166673,37.098,6005282,409972,0,111,63,90,76192,599318,22494917,9100516,56608,62227684,53633224,64771556,0,3431532,0,4,1,0,11002286,2215236015,2228868766,33,33,14152,1554598,3112997,857883,57162937,56189,409484410,313136761,0
1789565107.4169853,37.348,6005582,410073,0,111,63,90,76192,599318,22494979,9100516,56608,62227416,53632956,64771556,0,3423340,0,4,1,0,11002296,2215485910,2229118792,33,33,14152,1554591,3112983,855835,57162940,56189,409484410,313136761,0
1789565107.667278,37.599,6005882,410173,0,111,63,90,76192,599318,22495026,9100516,56608,62227416,53632956,64771556,0,3406956,0,4,1,0,11002302,2215735978,2229369058,33,33,14152,1554591,3112983,851739,57162940,56189,409484410,313136761,0
1789565107.917568,37.849,6006183,410273,0,111,63,90,76192,599318,22495075,9100516,56608,62227416,53632956,64771556,0,3398764,0,4,1,0,11002307,2215985875,2229619075,33,33,14152,1554591,3112983,849691,57162941,56189,409484410,313136761,0
1789565108.1678634,38.099,6006483,410373,0,111,63,90,76192,599318,22495143,9100516,56608,62232548,53638088,64771556,0,3382380,0,4,1,0,11002318,2216235911,2229869345,33,33,14152,1554719,3113240,845595,57162941,56189,409484410,313136761,0
1789565108.4181752,38.349,6006783,410473,0,111,63,90,76192,599318,22495189,9100516,56608,62232268,53637808,64771556,0,3370092,0,4,1,0,11002326,2216486005,2230119624,33,33,14152,1554712,3113226,842523,57162943,56189,409484410,313136761,0
1789565108.668469,38.6,6007083,410573,0,111,63,90,76192,599318,22495238,9100516,56608,62232268,53637808,64771556,0,3361900,0,4,1,0,11002332,2216736128,2230369890,33,33,14152,1554712,3113226,840475,57162943,56189,409484410,313136761,0
1789565108.9187584,38.85,6007383,410673,0,111,63,90,76192,599318,22495289,9100516,56608,62232268,53637808,64771556,0,3345516,0,4,1,0,11002338,2216985942,2230619913,33,33,14152,1554712,3113226,836379,57162945,56189,409484410,313136761,0
1789565109.1690571,39.1,6007684,410773,0,111,63,90,76192,599318,22495360,9100516,56608,62233924,53639464,64771556,0,3337324,0,4,1,0,11002346,2217236056,2230870175,33,33,14152,1554753,3113308,834331,57162945,56189,409484410,313136761,0
1789565109.419352,39.351,6007984,410873,0,111,63,90,76192,599318,22495471,9100528,56608,62241544,53647040,64771556,0,3316744,0,4,1,0,11002366,2217485761,2231120197,33,33,14152,1554944,3113689,829186,57162946,56189,409484410,313136761,0
1789565109.6696632,39.601,6008284,410973,0,111,63,90,76192,599318,22495512,9100528,56608,62241544,53647040,64771556,0,3308552,0,4,1,0,11002370,2217735885,2231370467,33,33,14152,1554944,3113689,827138,57162947,56189,409484410,313136761,0
1789565109.9199655,39.851,6008584,411073,0,111,63,90,76192,599318,22495566,9100528,56608,62241544,53647040,64771556,0,3300360,0,4,1,0,11002377,2217985751,2231620469,33,33,14152,1554944,3113689,825090,57162948,56189,409484410,313136761,0
1789565110.1702416,40.102,6008885,411173,0,111,63,90,76192,599318,22495629,9100528,56608,62242608,53648104,64771556,0,3283976,0,4,1,0,11002385,2218235777,2231870725,33,33,14152,1554970,3113743,820994,57162949,56189,409484410,313136761,0
1789565110.4205267,40.352,6009185,411273,0,111,63,90,76192,599318,22495677,9100528,56608,62242320,53647816,64771556,0,3271664,0,4,1,0,11002393,2218485854,2232120976,33,33,14152,1554963,3113728,817916,57162950,56189,409484410,313136761,0
1789565110.6708186,40.602,6009485,411374,0,111,63,90,76192,599318,22495726,9100528,56608,62242320,53647816,64771556,0,3263472,0,4,1,0,11002402,2218735746,2232370994,33,33,14152,1554963,3113728,815868,57162950,56189,409484410,313136761,0
1789565110.9211063,40.852,6009785,411474,0,111,63,90,76192,599318,22495785,9100528,56608,62242320,53647816,64771556,0,3247088,0,4,1,0,11002409,2218985549,2232621002,33,33,14152,1554963,3113728,811772,57162951,56189,409484410,313136761,0
1789565111.1714025,41.103,6010085,411574,0,111,63,90,76192,599318,22495882,9100528,56608,62243264,53648760,64771556,0,3238896,0,4,1,0,11002421,2219235410,2232871021,33,33,14152,1554986,3113775,809724,57162952,56189,409484410,313136813,0
1789565111.4216907,41.353,6010386,411674,0,111,63,90,76192,599318,22495947,9100536,55648,62245048,53650536,64771556,0,3222664,0,4,1,0,11002432,2219485437,2233121303,33,33,13912,1555031,3113864,805666,57162953,56189,409484410,313137801,0
1789565111.6720068,41.603,6010686,411774,0,111,63,90,76192,599318,22496002,9100536,55648,62245048,53650536,64771556,0,3210300,0,4,1,0,11002437,2219735573,2233371563,33,33,13912,1555031,3113864,802575,57162955,56189,409484410,313137801,0
1789565111.9223008,41.854,6010986,411874,0,111,63,90,76192,599318,22496046,9100536,55648,62245048,53650536,64771556,0,3202108,0,4,1,0,11002443,2219985696,2233621831,33,33,13912,1555031,3113864,800527,57162956,56189,409484410,313137801,0
1789565112.1725905,42.104,6011286,411974,0,111,63,90,76192,599318,22496112,9100536,55648,62246956,53652444,64771556,0,3185724,0,4,1,0,11002453,2220235724,2233872086,33,33,13912,1555079,3113960,796431,57162956,56189,409484410,313137801,0
1789565112.422906,42.354,6011587,412074,0,111,63,90,76192,599318,22496156,9100536,55648,62246692,53652180,64771556,0,3177532,0,4,1,0,11002459,2220485860,2234122369,33,33,13912,1555072,3113947,794383,57162958,56189,409484410,313137801,0
1789565112.6731865,42.604,6011887,412174,0,111,63,90,76192,599318,22496205,9100536,55648,62246692,53652180,64771556,0,3165244,0,4,1,0,11002465,2220735943,2234372620,33,33,13912,1555072,3113947,791311,57162958,56189,409484410,313137801,0
1789565112.9234676,42.855,6012187,412274,0,111,63,90,76192,599318,22496260,9100536,55648,62246692,53652180,64771556,0,3148860,0,4,1,0,11002471,2220985745,2234622623,33,33,13912,1555072,3113947,787215,57162960,56189,409484410,313137801,0
1789565113.1737478,43.105,6012487,412374,0,111,63,90,76193,599318,22496329,9100536,55648,62249208,53654696,64771556,0,3140668,0,4,1,0,11002483,2221235867,2234872905,33,33,13912,1555135,3114072,785167,57162960,56189,409484410,313137801,0
1789565113.4240708,43.355,6012788,412474,0,111,63,91,76193,599318,22496436,9100536,55608,62253532,53659020,64771556,0,3124200,0,4,1,0,11002501,2221485651,2235122942,33,33,13902,1555243,3114289,781050,57162962,56189,409484410,313137801,0
1789565113.6743772,43.606,6013088,412574,0,111,63,91,76193,599318,22496489,9100536,55608,62253532,53659020,64771556,0,3111904,0,4,1,0,11002508,2221735724,2235373199,33,33,13902,1555243,3114289,777976,57162962,56189,409484410,313137801,0
1789565113.9246614,43.856,6013388,412674,0,111,63,91,76193,599318,22496574,9100536,55612,62253532,53659020,64771556,0,3095520,0,4,1,0,11002516,2221985254,2235622965,33,33,13903,1555243,3114289,773880,57162968,56189,409484410,313137801,0
1789565114.1749775,44.106,6013688,412775,0,111,63,91,76193,599318,22496632,9100536,55612,62253768,53659256,64771556,0,3087328,0,4,1,0,11002524,2222235370,2235873224,33,33,13903,1555249,3114300,771832,57162969,56189,409484410,313137801,0
1789565114.4252667,44.357,6013988,412875,0,111,63,91,76193,599319,22496707,9100536,55612,62255336,53660824,64771556,0,3070944,0,4,1,0,11002532,2222485162,2236123237,33,33,13903,1555288,3114379,767736,57162971,56189,409484410,313137801,0
1789565114.6755688,44.607,6014288,412975,0,111,63,91,76193,599319,22496751,9100536,55612,62255336,53660824,64771556,0,3062752,0,4,1,0,11002538,2222735291,2236373504,33,33,13903,1555288,3114379,765688,57162972,56189,409484410,313137801,0
1789565114.9258485,44.857,6014588,413075,0,111,63,91,76193,599319,22496802,9100536,55612,62255336,53660824,64771556,0,3050456,0,4,1,0,11002545,2222985363,2236623755,33,33,13903,1555288,3114379,762614,57162973,56189,409484410,313137801,0
1789565115.1761239,45.107,6014889,413175,0,111,63,91,76193,599319,22496867,9100536,55612,62255592,53661080,64771556,0,3042264,0,4,1,0,11002552,2223235231,2236873754,33,33,13903,1555294,3114392,760566,57162973,56189,409484410,313137801,0
1789565115.4264,45.358,6015189,413275,0,111,63,91,76193,599319,22496918,9100536,55612,62255592,53661080,64771556,0,3025880,0,4,1,0,11002563,2223485271,2237124012,33,33,13903,1555294,3114392,756470,57162974,56189,409484410,313137801,0
1789565115.676685,45.608,6015489,413375,0,111,63,91,76193,599319,22496969,9100536,55612,62255592,53661080,64771556,0,3017688,0,4,1,0,11002570,2223735159,2237374030,33,33,13903,1555294,3114392,754422,57162975,56189,409484410,313137801,0
1789565115.926988,45.858,6015789,413475,0,111,63,91,76193,599319,22497068,9100536,55612,62259564,53665052,64771556,0,3005384,0,4,1,0,11002580,2223984494,2237623553,33,33,13903,1555393,3114590,751346,57162984,56189,409484410,313137801,0
1789565116.1772797,46.109,6016089,413575,0,111,63,91,76193,599319,22497131,9100536,55612,62259564,53665052,64771556,0,2989000,0,4,1,0,11002586,2224234620,2237873808,33,33,13903,1555393,3114590,747250,57162985,56189,409484410,313137801,0
1789565116.4275632,46.359,6016389,413675,0,111,63,91,76193,599319,22497188,9100524,55612,62260940,53666428,64771556,0,2980808,0,4,1,0,11002591,2224484823,2238124072,33,33,13903,1555428,3114659,745202,57162985,56189,409484410,313137845,0
1789565116.6778557,46.609,6016689,413775,0,111,63,91,76194,599319,22497247,9100524,2664,62260268,53665756,64771556,0,3025564,0,4,1,0,11002594,2224733290,2238372593,33,33,666,1555411,3114625,756391,57162986,56189,409484410,313190793,0
1789565116.928139,46.859,6016989,413875,0,111,63,91,76194,599319,22497298,9100524,2664,62260268,53665756,64771556,0,3005084,0,4,1,0,11002597,2224983483,2238622850,33,33,666,1555411,3114625,751271,57162986,56189,409484410,313190793,0
1789565117.1784616,47.11,6017289,413976,0,111,63,91,76194,599319,22497374,9100524,2664,62260248,53665736,64771556,0,2996892,0,4,1,0,11002625,2225233434,2238872900,33,33,666,1555410,3114624,749223,57162988,56189,409484410,313190793,0
1789565117.4287872,47.36,6017589,414076,0,111,63,91,76194,599319,22497470,9100536,2700,62263480,53668968,64771556,0,2988700,0,4,1,0,11002635,2225483658,2239123199,33,33,675,1555491,3114786,747175,57162989,56189,409484410,313190793,0
1789565117.6790953,47.61,6017890,414176,0,111,63,91,76194,599319,22497524,9100536,2700,62263480,53668968,64771556,0,2972316,0,4,1,0,11002638,2225733860,2239373465,33,33,675,1555491,3114786,743079,57162990,56189,409484410,313190793,0
1789565117.9293914,47.861,6018190,414276,0,111,63,91,76194,599319,22497567,9100536,2700,62263480,53668968,64771556,0,2964124,0,4,1,0,11002640,2225984075,2239623734,33,33,675,1555491,3114786,741031,57162990,56189,409484410,313190793,0
1789565118.179703,48.111,6018490,414376,0,111,63,91,76194,599320,22497639,9100536,2700,62263480,53668968,64771556,0,2943636,0,4,1,0,11002645,2226234052,2239873777,33,33,675,1555491,3114786,735909,57162991,56189,409484410,313190793,0
1789565118.4300127,48.361,6018790,414476,0,111,63,91,76194,599320,22497687,9100536,2700,62264680,53670168,64771556,0,2935444,0,4,1,0,11002649,2226484267,2240124058,33,33,675,1555521,3114846,733861,57162991,56189,409484410,313190793,0
1789565118.6803448,48.612,6019091,414576,0,111,63,91,76194,599320,22497736,9100536,2700,62264428,53669916,64771556,0,2927252,0,4,1,0,11002657,2226734471,2240374360,33,33,675,1555515,3114833,731813,57162994,56189,409484410,313190793,0
1789565118.9306564,48.862,6019391,414676,0,111,63,91,76194,599320,22497785,9100536,2700,62264428,53669916,64771556,0,2910868,0,4,1,0,11002659,2226984686,2240624629,33,33,675,1555515,3114833,727717,57162994,56189,409484410,313190793,0
1789565119.180973,49.112,6019691,414777,0,111,63,91,76194,599320,22497855,9100536,2700,62264904,53670392,64771556,0,2898564,0,4,1,0,11002668,2227234880,2240874901,33,33,675,1555527,3114857,724641,57162995,56189,409484410,313190793,0
1789565119.4312692,49.363,6019991,414877,0,111,63,91,76194,599320,22497902,9100536,2700,62264904,53670392,64771556,0,2890372,0,4,1,0,11002671,2227485082,2241125157,33,33,675,1555527,3114857,722593,57162995,56189,409484410,313190793,0
1789565119.6815486,49.613,6020291,414977,0,111,63,91,76194,599320,22497958,9100536,2700,62264904,53670392,64771556,0,2873988,0,4,1,0,11002673,2227735296,2241375424,33,33,675,1555527,3114857,718497,57162996,56189,409484410,313190793,0
1789565119.9318578,49.863,6020592,415077,0,111,63,91,76194,599320,22498009,9100536,2700,62264652,53670140,64771556,0,2865796,0,4,1,0,11002675,2227985268,2241625452,33,33,675,1555520,3114844,716449,57162998,56189,409484410,313190793,0
1789565120.1821458,50.113,6020892,415177,0,111,63,91,76194,599320,22498072,9100536,2700,62264892,53670380,64771556,0,2849412,0,4,1,0,11002679,2228235469,2241875708,33,33,675,1555526,3114856,712353,57162999,56189,409484410,313190793,0
1789565120.4324331,50.364,6021190,415277,0,111,63,91,76194,599321,22498160,9100536,2700,62262452,53667940,64771556,0,2837116,0,4,1,0,11002684,2228481255,2242121552,33,33,675,1555465,3114734,709279,57163704,56189,409484410,313190793,0
1789565120.6827376,50.614,6021485,415376,0,111,63,91,76198,599323,22499052,9100600,6412,62260912,53666288,64771556,0,2828924,0,4,1,0,11002748,2228718618,2242362053,33,33,1603,1555427,3114657,707231,57169978,56190,409484410,313190793,0
1789565120.9331326,50.864,6021786,415476,0,111,63,91,76198,599323,22499114,9100600,6412,62260912,53666288,64771556,0,2812540,0,4,1,0,11002752,2228968603,2242612112,33,33,1603,1555427,3114657,703135,57169978,56190,409484410,313190793,0
1789565121.1834714,51.115,6022086,415576,0,111,63,91,76198,599323,22499183,9100600,6412,62264728,53670104,64771556,0,2804348,0,4,1,0,11002759,2229218819,2242862422,33,33,1603,1555522,3114848,701087,57169980,56190,409484410,313190793,0
1789565121.433791,51.365,6022386,415676,0,111,63,91,76198,599323,22499263,9100592,6412,62264476,53669852,64771556,0,2792172,0,4,1,0,11002770,2229469023,2243112709,33,33,1603,1555516,3114836,698043,57169981,56190,409484410,313190793,0
1789565121.6841042,51.615,6022686,415776,0,111,63,91,76198,599323,22499318,9100588,6592,62264480,53669852,64771556,0,2776032,0,4,1,0,11002773,2229718977,2243362725,33,33,1648,1555516,3114836,694008,57169982,56190,409484410,313191013,0
1789565121.934393,51.866,6022986,415877,0,111,63,91,76198,599323,22499373,9100588,6592,62264480,53669852,64771556,0,2767864,0,4,1,0,11002774,2229968931,2243612728,33,33,1648,1555516,3114836,691966,57169982,56190,409484410,313191013,0
1789565122.184669,52.116,6023286,415977,0,111,63,91,76198,599323,22499447,9100588,6592,62266132,53671504,64771556,0,2751132,0,4,1,0,11002778,2230219147,2243863010,33,33,1648,1555557,3114918,687783,57169982,56190,409484410,313191013,0
1789565122.4350102,52.366,6023587,416077,0,111,63,91,76198,599323,22499502,9100588,6592,62266612,53671984,64771556,0,2738980,0,4,1,0,11002783,2230469131,2244113066,33,33,1648,1555569,3114942,684745,57169984,56190,409484410,313191013,0
1789565122.685323,52.617,6023887,416177,0,111,63,91,76198,599323,22499562,9100588,6592,62266612,53671984,64771556,0,2730708,0,4,1,0,11002787,2230719341,2244363335,33,33,1648,1555569,3114942,682677,57169985,56190,409484410,313191013,0
1789565122.9356177,52.867,6024187,416277,0,111,63,91,76198,599323,22499615,9100588,6592,62266612,53671984,64771556,0,2714576,0,4,1,0,11002789,2230969298,2244613344,33,33,1648,1555569,3114942,678644,57169986,56190,409484410,313191013,0
1789565123.1859198,53.117,6024487,416377,0,111,63,91,76198,599323,22499678,9100588,6592,62267080,53672452,64771556,0,2706324,0,4,1,0,11002793,2231219263,2244863369,33,33,1648,1555581,3114966,676581,57169986,56190,409484410,313191013,0
1789565123.4362059,53.368,6024787,416478,0,111,63,91,76198,599323,22499736,9100588,6592,62266828,53672200,64771556,0,2689972,0,4,1,0,11002798,2231469213,2245113375,33,33,1648,1555575,3114953,672493,57169987,56190,409484410,313191013,0
1789565123.6865027,53.618,6025087,416578,0,111,63,91,76198,599323,22499785,9100588,6592,62266828,53672200,64771556,0,2677800,0,4,1,0,11002799,2231719425,2245363639,33,33,1648,1555575,3114953,669450,57169988,56190,409484410,313191013,0
1789565123.936787,53.868,6025387,416678,0,111,63,91,76198,599324,22499851,9100600,6592,62268008,53673368,64771556,0,2669156,0,4,1,0,11002802,2231969637,2245613921,33,33,1648,1555604,3115012,667289,57169993,56190,409484410,313191013,0
1789565124.187095,54.118,6025688,416778,0,111,63,91,76198,599324,22499908,9100600,6592,62268244,53673604,64771556,0,2652772,0,4,1,0,11002806,2232219844,2245864186,33,33,1648,1555610,3115024,663193,57169994,56190,409484410,313191013,0
1789565124.4373894,54.369,6025988,416878,0,111,63,91,76198,599324,22499963,9100600,6592,62268384,53673744,64771556,0,2636388,0,4,1,0,11002810,2232469793,2246114193,33,33,1648,1555613,3115031,659097,57169996,56190,409484410,313191013,0
1789565124.6876793,54.619,6026288,416978,0,111,63,91,76198,599324,22500007,9100600,6592,62268384,53673744,64771556,0,2632284,0,4,1,0,11002811,2232719998,2246364448,33,33,1648,1555613,3115031,658071,57169996,56190,409484410,313191013,0
1789565124.9379768,54.869,6026588,417078,0,111,63,91,76198,599324,22500063,9100600,6592,62268384,53673744,64771556,0,2615900,0,4,1,0,11002814,2232970191,2246614707,33,33,1648,1555613,3115031,653975,57169997,56190,409484410,313191013,0
1789565125.1882708,55.12,6026888,417178,0,111,63,91,76198,599324,22500134,9100600,6592,62277356,53682716,64771556,0,2607924,0,4,1,0,11002818,2233220402,2246864976,33,33,1648,1555837,3115479,651981,57169998,56190,409484410,313191013,0
1789565125.4385552,55.37,6027188,417279,0,111,63,91,76198,599324,22500234,9100600,6592,62279084,53684444,64771556,0,2591552,0,4,1,0,11002829,2233470348,2247114990,33,33,1648,1555881,3115566,647888,57170000,56190,409484410,313191013,0
1789565125.688846,55.62,6027489,417379,0,111,63,91,76198,599324,22500277,9100600,6592,62278832,53684192,64771556,0,2579124,0,4,1,0,11002831,2233720551,2247365241,33,33,1648,1555874,3115553,644781,57170000,56190,409484410,313191013,0
1789565125.939123,55.87,6027787,417479,0,111,63,91,76198,599326,22500393,9100600,6592,62279088,53684444,64771556,0,2562740,0,4,1,0,11002837,2233966296,2247611076,33,33,1648,1555881,3115566,640685,57170018,56190,409484410,313191013,0
1789565126.1894095,56.121,6028087,417579,0,111,63,91,76198,599326,22500444,9100600,6592,62279328,53684684,64771556,0,2554596,0,4,1,0,11002840,2234216493,2247861327,33,33,1648,1555887,3115578,638649,57170018,56190,409484410,313191013,0
1789565126.4397066,56.371,6028387,417679,0,111,63,91,76198,599326,22500501,9100600,6592,62279076,53684432,64771556,0,2538336,0,4,1,0,11002844,2234466480,2248111380,33,33,1648,1555880,3115565,634584,57170020,56190,409484410,313191013,0
1789565126.690018,56.621,6028687,417779,0,111,63,91,76198,599326,22500540,9100600,6592,62279112,53684432,64771556,0,2529916,0,4,1,0,11002845,2234716687,2248361637,33,33,1648,1555881,3115567,632479,57170020,56190,409484410,313191013,0
1789565126.9403002,56.872,6028987,417879,0,111,63,91,76198,599326,22500606,9100588,6592,62282052,53687372,64771556,0,2518028,0,4,1,0,11002847,2234966891,2248611892,33,33,1648,1555955,3115714,629507,57170022,56190,409484410,313191065,0
1789565127.190579,57.122,6029287,417979,0,111,63,91,76198,599326,22500680,9100588,6592,62282288,53687608,64771556,0,2509968,0,4,1,0,11002852,2235216832,2248861890,33,33,1648,1555961,3115726,627492,57170022,56190,409484410,313191065,0
1789565127.4408557,57.372,6029588,418079,0,111,63,91,76199,599326,22500731,9100588,6592,62282288,53687608,64771556,0,2493496,0,4,1,0,11002856,2235467018,2249112144,33,33,1648,1555961,3115726,623374,57170022,56190,409484410,313191065,0
1789565127.6911483,57.622,6029888,418180,0,111,63,91,76199,599326,22500776,9100588,6592,62282036,53687356,64771556,0,2485284,0,4,1,0,11002858,2235716980,2249362157,33,33,1648,1555954,3115713,621321,57170024,56190,409484410,313191065,0
1789565127.9414265,57.873,6030188,418280,0,111,63,91,76199,599326,22500864,9100588,6592,62282440,53687760,64771556,0,2465364,0,4,1,0,11002862,2235966924,2249612178,33,33,1648,1555964,3115733,616341,57170024,56190,409484410,313191065,0
1789565128.1917431,58.123,6030488,418380,0,111,63,91,76199,599326,22500967,9100588,6592,62282680,53688000,64771556,0,2455500,0,4,1,0,11002865,2236217149,2249862466,33,33,1648,1555970,3115745,613875,57170026,56190,409484410,313191065,0
1789565128.4420538,58.373,6030788,418480,0,111,63,91,76199,599326,22501088,9100588,6592,62282428,53687748,64771556,0,2440692,0,4,1,0,11002868,2236467122,2250112500,33,33,1648,1555964,3115733,610173,57170027,56190,409484410,313191065,0
1789565128.692372,58.624,6031089,418580,0,111,63,91,76199,599326,22501179,9100588,6592,62282832,53688152,64771556,0,2431232,0,4,1,0,11002870,2236717342,2250362775,33,33,1648,1555974,3115753,607808,57170028,56190,409484410,313191065,0
1789565128.9426713,58.874,6031389,418680,0,111,63,91,76199,599326,22501318,9100612,7028,62283272,53688568,64771556,0,2416424,0,4,1,0,11002874,2236967192,2250612704,33,33,1757,1555985,3115775,604106,57170037,56190,409484410,313191065,0
1789565129.193009,59.124,6031689,418780,0,111,63,91,76199,599326,22501423,9100336,7088,62288600,53694184,64771556,0,2411372,0,4,1,0,11002881,2237217397,2250862978,33,33,1772,1556118,3116041,602843,57170038,56190,409484410,313191065,0
1789565129.4433088,59.375,6031989,418880,0,111,63,91,76199,599326,22501521,9100336,7088,62290280,53695864,64771556,0,2394988,0,4,1,0,11002893,2237467334,2251113000,33,33,1772,1556160,3116125,598747,57170038,56190,409484410,313191065,0
1789565129.6936233,59.625,6032289,418980,0,111,63,91,76199,599326,22501572,9100336,7088,62290028,53695612,64771556,0,2386796,0,4,1,0,11002895,2237717310,2251363031,33,33,1772,1556154,3116113,596699,57170040,56190,409484410,313191065,0
1789565129.943945,59.875,6032589,419081,0,111,63,91,76199,599326,22501625,9100336,7088,62290028,53695612,64771556,0,2370412,0,4,1,0,11002898,2237967522,2251613314,33,33,1772,1556154,3116113,592603,57170040,56190,409484410,313191065,0
1789565130.194255,60.126,6032890,419181,0,111,63,91,76199,599326,22501700,9100336,7088,62292336,53697920,64771556,0,2357220,0,4,1,0,11002902,2238217484,2251863336,33,33,1772,1556211,3116228,589305,57170042,56190,409484410,313191065,0
1789565130.4445362,60.376,6033190,419281,0,111,63,91,76199,599326,22501831,9100336,7088,62292336,53697920,64771556,0,2342844,0,4,1,0,11002907,2238467421,2252113342,33,33,1772,1556211,3116228,585711,57170042,56190,409484410,313191065,0
1789565130.6948364,60.626,6033490,419381,0,111,63,91,76199,599326,22501923,9100336,7088,62292084,53697668,64771556,0,2332972,0,4,1,0,11002910,2238717637,2252363611,33,33,1772,1556205,3116216,583243,57170043,56190,409484410,313191065,0
1789565130.945126,60.876,6033790,419481,0,111,63,91,76199,599326,22502077,9100424,7556,62291792,53697284,64771556,0,2318576,0,4,1,0,11002952,2238967473,2252613516,33,33,1889,1556198,3116201,579644,57170053,56190,409484410,313191065,0
1789565131.1954207,61.127,6034090,419581,0,111,63,91,76199,599326,22502190,9100424,7556,62295072,53700564,64771556,0,2308712,0,4,1,0,11002957,2239217668,2252863771,33,33,1889,1556280,3116365,577178,57170054,56190,409484410,313191065,0
1789565131.4457147,61.377,6034390,419681,0,111,63,91,76200,599326,22502335,9100108,7552,62294572,53700312,64771556,0,2293916,0,4,1,0,11002963,2239467619,2253113799,33,33,1888,1556267,3116340,573479,57170055,56190,409484410,313191065,0
1789565131.696023,61.627,6034691,419781,0,111,63,91,76200,599326,22502443,9100108,7552,62294572,53700312,64771556,0,2284064,0,4,1,0,11002965,2239717834,2253364067,33,33,1888,1556267,3116340,571016,57170056,56190,409484410,313191065,0
1789565131.946315,61.878,6034991,419881,0,111,63,91,76200,599326,22502615,9100212,8036,62294284,53699928,64771556,0,2269712,0,4,1,0,11002971,2239967681,2253613971,33,33,2009,1556260,3116325,567428,57170067,56190,409484410,313191117,0
1789565132.196599,62.128,6035291,419982,0,111,63,91,76200,599326,22502714,9100200,8036,62296120,53701764,64771556,0,2259784,0,4,1,0,11002976,2240217388,2253863738,33,33,2009,1556306,3116417,564946,57170068,56190,409484410,313191357,0
1789565132.4469113,62.378,6035590,420082,0,111,63,91,76200,599327,22502878,9100192,5464,62296124,53701768,64771556,0,2245064,0,4,1,0,11002984,2240466607,2254113044,33,33,1366,1556306,3116417,561266,57170069,56190,409484410,313194185,0
1789565132.6972196,62.629,6035890,420182,0,111,63,91,76200,599327,22502983,9099876,5460,62295876,53701768,64771556,0,2235084,0,4,1,0,11002987,2240716813,2254363305,33,33,1365,1556300,3116405,558771,57170070,56190,409484410,313194185,0
1789565132.9475114,62.879,6036191,420282,0,111,63,91,76200,599327,22503133,9099876,5460,62296324,53702216,64771556,0,2220248,0,4,1,0,11002989,2240967026,2254613569,33,33,1365,1556311,3116427,555062,57170071,56190,409484410,313194185,0
1789565133.1977959,63.129,6036491,420382,0,111,63,91,76200,599327,22503261,9099896,5332,62298060,53703948,64771556,0,2214464,0,4,1,0,11002995,2241217233,2254863840,33,33,1333,1556354,3116514,553616,57170071,56190,409484410,313194185,0
1789565133.448098,63.379,6036791,420482,0,111,63,91,76200,599327,22503350,9099896,5332,62299904,53705792,64771556,0,2202176,0,4,1,0,11003007,2241467410,2255114106,33,33,1333,1556400,3116606,550544,57170072,56190,409484410,313194185,0
1789565133.6983895,63.63,6037091,420582,0,111,63,91,76200,599327,22503397,9099896,5332,62299904,53705792,64771556,0,2193984,0,4,1,0,11003013,2241717589,2255364364,33,33,1333,1556400,3116606,548496,57170072,56190,409484410,313194185,0
1789565133.9486854,63.88,6037391,420683,0,111,63,91,76200,599327,22503470,9099896,5332,62299904,53705792,64771556,0,2177600,0,4,1,0,11003016,2241967556,2255614397,33,33,1333,1556400,3116606,544400,57170075,56190,409484410,313194185,0
1789565134.1989858,64.13,6037691,420783,0,111,63,91,76200,599327,22503541,9099896,5332,62300780,53706668,64771556,0,2164392,0,4,1,0,11003022,2242217741,2255864657,33,33,1333,1556422,3116650,541098,57170075,56190,409484410,313194185,0
1789565134.4492807,64.381,6037991,420883,0,111,63,91,76200,599327,22503599,9099896,5332,62300528,53706416,64771556,0,2152104,0,4,1,0,11003025,2242467693,2256114663,33,33,1333,1556416,3116638,538026,57170076,56190,409484410,313194185,0
1789565134.6995654,64.631,6038292,420983,0,111,63,91,76200,599327,22503653,9099896,5332,62300528,53706416,64771556,0,2143912,0,4,1,0,11003027,2242717657,2256364679,33,33,1333,1556416,3116638,535978,57170076,56190,409484410,313194185,0
1789565134.9498596,64.881,6038592,421083,0,111,63,91,76200,599327,22503707,9099896,5332,62300528,53706416,64771556,0,2127528,0,4,1,0,11003029,2242967859,2256614930,33,33,1333,1556416,3116638,531882,57170077,56190,409484410,313194185,0
1789565135.20014,65.131,6038892,421183,0,111,63,91,76200,599327,22503787,9099896,5332,62301236,53707124,64771556,0,2114320,0,4,1,0,11003034,2243218058,2256865189,33,33,1333,1556434,3116673,528580,57170079,56190,409484410,313194185,0
1789565135.4504504,65.382,6039192,421283,0,111,63,91,76200,599327,22503844,9099896,5332,62300984,53706872,64771556,0,2102032,0,4,1,0,11003038,2243468022,2257115210,33,33,1333,1556427,3116660,525508,57170082,56190,409484410,313194185,0
1789565135.7007377,65.632,6039492,421384,0,111,63,91,76200,599327,22503888,9099896,5332,62301360,53707248,64771556,0,2093840,0,4,1,0,11003039,2243718239,2257365482,33,33,1333,1556437,3116679,523460,57170082,56190,409484410,313194185,0
1789565135.9510434,65.882,6039792,421484,0,111,63,91,76200,599328,22503969,9099896,5332,62301360,53707248,64771556,0,2077456,0,4,1,0,11003042,2243967691,2257614995,33,33,1333,1556437,3116679,519364,57170095,56190,409484410,313194185,0
1789565136.2013297,66.133,6040092,421584,0,111,63,91,76200,599328,22504034,9099896,5332,62301596,53707484,64771556,0,2064644,0,4,1,0,11003045,2244217645,2257865005,33,33,1333,1556443,3116691,516161,57170095,56190,409484410,313194185,0
1789565136.4516168,66.383,6040392,421684,0,111,63,91,76201,599328,22504083,9099896,5332,62301596,53707484,64771556,0,2052168,0,4,1,0,11003049,2244467848,2258115275,33,33,1333,1556443,3116691,513042,57170096,56190,409484410,313194185,0
1789565136.7019494,66.633,6040692,421784,0,111,63,91,76201,599328,22504127,9099896,5332,62301344,53707232,64771556,0,2043852,0,4,1,0,11003051,2244718081,2258365567,33,33,1333,1556436,3116678,510963,57170098,56190,409484410,313194185,0
1789565136.9522293,66.884,6040993,421884,0,111,63,91,76201,599328,22504179,9099896,5332,62302608,53708496,64771556,0,2035968,0,4,1,0,11003053,2244968292,2258615830,33,33,1333,1556468,3116742,508992,57170099,56190,409484410,313194185,0
1789565137.2025223,67.134,6041293,421984,0,111,63,91,76201,599328,22504267,9099888,5324,62302840,53708728,64771556,0,2019192,0,4,1,0,11003059,2245218239,2258865839,33,33,1331,1556474,3116753,504798,57170101,56190,409484410,313194281,0
1789565137.4528165,67.384,6041593,422084,0,111,63,91,76201,599328,22504360,9099888,5324,62302840,53708728,64771556,0,2010080,0,4,1,0,11003072,2245468201,2259115870,33,33,1331,1556474,3116753,502520,57170103,56190,409484410,313194281,0
1789565137.703116,67.634,6041893,422185,0,111,63,91,76201,599328,22504411,9099888,5324,62302588,53708476,64771556,0,1994080,0,4,1,0,11003074,2245718405,2259366126,33,33,1331,1556467,3116741,498520,57170103,56190,409484410,313194281,0
1789565137.9534001,67.885,6042193,422285,0,111,63,91,76201,599328,22504459,9099888,5324,62302588,53708476,64771556,0,1985808,0,4,1,0,11003076,2245968613,2259616385,33,33,1331,1556467,3116741,496452,57170104,56190,409484410,313194281,0
1789565138.20369,68.135,6042493,422385,0,111,63,91,76201,599328,22504529,9099888,5324,62302824,53708712,64771556,0,1969512,0,4,1,0,11003080,2246218827,2259866671,33,33,1331,1556473,3116752,492378,57170105,56190,409484410,313194281,0
1789565138.4539995,68.385,6042794,422485,0,111,63,91,76201,599328,22504578,9099888,5324,62302824,53708712,64771556,0,1960164,0,4,1,0,11003083,2246469042,2260116944,33,33,1331,1556473,3116752,490041,57170105,56190,409484410,313194281,0
1789565138.704303,68.636,6043094,422585,0,111,63,91,76201,599328,22504622,9099888,5324,62302572,53708460,64771556,0,1943808,0,4,1,0,11003085,2246719262,2260367218,33,33,1331,1556467,3116740,485952,57170106,56190,409484410,313194281,0
1789565138.9546204,68.886,6043394,422685,0,111,63,91,76201,599328,22504669,9099888,5324,62302572,53708460,64771556,0,1935508,0,4,1,0,11003087,2246969490,2260617504,33,33,1331,1556467,3116740,483877,57170107,56190,409484410,313194281,0
1789565139.2049322,69.136,6043694,422785,0,111,63,91,76201,599328,22504727,9099888,5324,62302812,53708700,64771556,0,1919400,0,4,1,0,11003090,2247219709,2260867784,33,33,1331,1556473,3116752,479850,57170108,56190,409484410,313194281,0
1789565139.4552197,69.387,6043994,422885,0,111,63,91,76201,599328,22504779,9099888,5324,62302560,53708448,64771556,0,1910192,0,4,1,0,11003093,2247469910,2261118039,33,33,1331,1556467,3116739,477548,57170109,56190,409484410,313194281,0
1789565139.7055027,69.637,6044295,422986,0,111,63,91,76201,599328,22504832,9099888,5324,62302560,53708448,64771556,0,1893584,0,4,1,0,11003096,2247719867,2261368050,33,33,1331,1556467,3116739,473396,57170110,56190,409484410,313194281,0
1789565139.9557931,69.887,6044595,423086,0,111,63,91,76201,599328,22504881,9099888,5324,62302560,53708448,64771556,0,1885484,0,4,1,0,11003098,2247970081,2261618317,33,33,1331,1556467,3116739,471371,57170110,56190,409484410,313194281,0
1789565140.2061017,70.137,6044895,423186,0,111,63,91,76201,599328,22504938,9099888,5324,62302796,53708684,64771556,0,1868988,0,4,1,0,11003102,2248220041,2261868336,33,33,1331,1556472,3116751,467247,57170112,56190,409484410,313194281,0
1789565140.4563854,70.388,6045195,423286,0,111,63,91,76201,599328,22504983,9099888,5324,62302796,53708684,64771556,0,1860056,0,4,1,0,11003105,2248470241,2262118588,33,33,1331,1556472,3116751,465014,57170112,56190,409484410,313194281,0
1789565140.706681,70.638,6045495,423386,0,111,63,91,76201,599328,22505033,9099888,5324,62302544,53708432,64771556,0,1851808,0,4,1,0,11003108,2248720475,2262368881,33,33,1331,1556466,3116738,462952,57170114,56190,409484410,313194281,0
1789565140.9569907,70.888,6045795,423486,0,111,63,91,76201,599328,22505145,9099888,5324,62303648,53709536,64771556,0,1835300,0,4,1,0,11003109,2248970427,2262618882,33,33,1331,1556494,3116794,458825,57170124,56190,409484410,313194281,0
1789565141.2072723,71.139,6046096,423586,0,111,63,91,76201,599328,22505220,9099896,5344,62304352,53710240,64771556,0,1827096,0,4,1,0,11003113,2249220627,2262869137,33,33,1336,1556511,3116829,456774,57170125,56190,409484410,313194281,0
1789565141.4575512,71.389,6046396,423686,0,111,63,91,76201,599328,22505309,9099896,5344,62308400,53714288,64771556,0,1809792,0,4,1,0,11003123,2249470824,2263119398,33,33,1336,1556612,3117031,452448,57170125,56190,409484410,313194281,0
1789565141.7078562,71.639,6046696,423786,0,111,63,91,76201,599328,22505363,9099896,5344,62308148,53714036,64771556,0,1801600,0,4,1,0,11003126,2249720792,2263369424,33,33,1336,1556606,3117019,450400,57170127,56190,409484410,313194281,0
1789565141.9581487,71.889,6046996,423887,0,111,63,91,76201,599328,22505419,9099896,5344,62308148,53714036,64771556,0,1785216,0,4,1,0,11003128,2249971013,2263619700,33,33,1336,1556606,3117019,446304,57170127,56190,409484410,313194281,0
1789565142.2084563,72.14,6047296,423987,0,111,63,91,76202,599328,22505488,9099896,5344,62308388,53714276,64771556,0,1777148,0,4,1,0,11003133,2250220970,2263869732,33,33,1336,1556612,3117031,444287,57170129,56190,409484410,313194281,0
1789565142.458765,72.39,6047596,424087,0,111,63,91,76202,599329,22505549,9099884,5344,62308136,53714024,64771556,0,1760100,0,4,1,0,11003137,2250471192,2264120016,33,33,1336,1556606,3117018,440025,57170129,56190,409484410,313194329,0
1789565142.7090757,72.64,6047897,424187,0,111,63,91,76202,599329,22505594,9099884,5344,62308136,53714024,64771556,0,1752048,0,4,1,0,11003139,2250721408,2264370286,33,33,1336,1556606,3117018,438012,57170129,56190,409484410,313194329,0
1789565142.9593782,72.891,6048197,424287,0,111,63,91,76202,599329,22505654,9099884,5344,62308136,53714024,64771556,0,1735612,0,4,1,0,11003141,2250971371,2264620301,33,33,1336,1556606,3117018,433903,57170131,56190,409484410,313194329,0
1789565143.2096527,73.141,6048497,424387,0,111,63,91,76202,599329,22505720,9099884,5344,62308376,53714264,64771556,0,1727700,0,4,1,0,11003145,2251221568,2264870556,33,33,1336,1556612,3117030,431925,57170131,56190,409484410,313194329,0
1789565143.4599557,73.391,6048797,424487,0,111,63,91,76202,599329,22505765,9099884,5344,62308124,53714012,64771556,0,1714168,0,4,1,0,11003148,2251471773,2265120815,33,33,1336,1556605,3117017,428542,57170133,56190,409484410,313194329,0
1789565143.7102458,73.642,6049097,424587,0,111,63,91,76202,599329,22505822,9099884,5344,62308124,53714012,64771556,0,1702188,0,4,1,0,11003150,2251721984,2265371077,33,33,1336,1556605,3117017,425547,57170133,56190,409484410,313194329,0
1789565143.9605331,73.892,6049397,424688,0,111,63,91,76202,599329,22505912,9099896,5352,62308480,53714368,64771556,0,1685072,0,4,1,0,11003153,2251971936,2265621094,33,33,1338,1556614,3117035,421268,57170136,56190,409484410,313194329,0
1789565144.210852,74.142,6049697,424788,0,111,63,91,76202,599329,22505970,9099896,5352,62308716,53714604,64771556,0,1676880,0,4,1,0,11003156,2252222159,2265871380,33,33,1338,1556620,3117047,419220,57170137,56190,409484410,313194329,0
1789565144.4611473,74.392,6049998,424888,0,111,63,91,76202,599329,22506025,9099896,5352,62308464,53714352,64771556,0,1659576,0,4,1,0,11003160,2252472112,2266121387,33,33,1338,1556614,3117034,414894,57170138,56190,409484410,313194329,0
1789565144.7114305,74.643,6050298,424988,0,111,63,91,76202,599329,22506068,9099896,5352,62308464,53714352,64771556,0,1651384,0,4,1,0,11003162,2252722319,2266371645,33,33,1338,1556614,3117034,412846,57170138,56190,409484410,313194329,0
1789565144.9617233,74.893,6050598,425088,0,111,63,91,76202,599329,22506121,9099896,5352,62308464,53714352,64771556,0,1635000,0,4,1,0,11003164,2252972291,2266621672,33,33,1338,1556614,3117034,408750,57170140,56190,409484410,313194329,0
1789565145.2120247,75.143,6050898,425188,0,111,63,91,76202,599329,22506201,9099896,5352,62308704,53714592,64771556,0,1626808,0,4,1,0,11003169,2253222243,2266871680,33,33,1338,1556620,3117046,406702,57170140,56190,409484410,313194329,0
1789565145.4623256,75.394,6051198,425288,0,111,63,91,76202,599329,22506299,9099896,5352,62314400,53720288,64771556,0,1613600,0,4,1,0,11003179,2253472441,2267121944,33,33,1338,1556762,3117331,403400,57170142,56190,409484410,313194329,0
1789565145.712608,75.644,6051498,425389,0,111,63,91,76202,599329,22506372,9099896,5352,62313996,53719884,64771556,0,1601312,0,4,1,0,11003181,2253722398,2267371952,33,33,1338,1556752,3117311,400328,57170147,56190,409484410,313194329,0
1789565145.962911,75.894,6051798,425489,0,111,63,91,76202,599329,22506479,9099896,5352,62313996,53719884,64771556,0,1593120,0,4,1,0,11003184,2253972112,2267621731,33,33,1338,1556752,3117311,398280,57170156,56190,409484410,313194329,0
1789565146.2131965,76.145,6052098,425589,0,111,63,91,76202,599329,22506537,9099896,5352,62314236,53720124,64771556,0,1576952,0,4,1,0,11003188,2254222302,2267871992,33,33,1338,1556758,3117323,394238,57170157,56190,409484410,313194329,0
1789565146.4634829,76.395,6052398,425689,0,111,63,91,76202,599329,22506586,9099896,5352,62313984,53719872,64771556,0,1563616,0,4,1,0,11003192,2254472504,2268122248,33,33,1338,1556752,3117310,390904,57170158,56190,409484410,313194329,0
1789565146.7137682,76.645,6052699,425789,0,111,63,91,76202,599330,22506636,9099896,5352,62313984,53719872,64771556,0,1551416,0,4,1,0,11003194,2254722722,2268372520,33,33,1338,1556752,3117310,387854,57170158,56190,409484410,313194329,0
1789565146.9640799,76.895,6052999,425889,0,111,63,91,76202,599330,22506689,9099896,5352,62313984,53719872,64771556,0,1543048,0,4,1,0,11003196,2254972692,2268622544,33,33,1338,1556752,3117310,385762,57170160,56190,409484410,313194329,0
1789565147.2143633,77.146,6053299,425989,0,111,63,91,76202,599330,22506752,9099896,5352,62314220,53720108,64771556,0,1526748,0,4,1,0,11003201,2255222891,2268872802,33,33,1338,1556758,3117322,381687,57170160,56190,409484410,313194329,0
1789565147.4646523,77.396,6053599,426089,0,111,63,91,76202,599330,22506817,9099884,4544,62314220,53720108,64771556,0,1514620,0,4,1,0,11003207,2255472848,2269122836,33,33,1136,1556758,3117322,378655,57170161,56190,409484410,313195513,0
1789565147.7149825,77.646,6053899,426190,0,111,63,91,76202,599330,22506862,9099884,4544,62313968,53719856,64771556,0,1510380,0,4,1,0,11003210,2255723045,2269373098,33,33,1136,1556751,3117309,377595,57170163,56190,409484410,313195513,0
1789565147.9652693,77.897,6054199,426290,0,111,63,91,76202,599330,22506922,9099884,4544,62313968,53719856,64771556,0,1494160,0,4,1,0,11003212,2255973004,2269623108,33,33,1136,1556751,3117309,373540,57170163,56190,409484410,313195513,0
1789565148.2155566,78.147,6054500,426390,0,111,63,91,76202,599330,22506977,9099884,4544,62314204,53720092,64771556,0,1486092,0,4,1,0,11003219,2256223202,2269873366,33,33,1136,1556757,3117321,371523,57170164,56190,409484410,313195513,0
1789565148.4658468,78.397,6054800,426490,0,111,63,91,76202,599330,22507030,9099884,4544,62314204,53720092,64771556,0,1469736,0,4,1,0,11003223,2256473165,2270123387,33,33,1136,1556757,3117321,367434,57170164,56190,409484410,313195513,0
1789565148.716151,78.647,6055100,426590,0,111,63,91,76202,599330,22507077,9099884,4544,62313952,53719840,64771556,0,1460644,0,4,1,0,11003225,2256723380,2270373654,33,33,1136,1556751,3117309,365161,57170165,56190,409484410,313195513,0
1789565148.966445,78.898,6055400,426690,0,111,63,91,76203,599330,22507129,9099884,4544,62313952,53719840,64771556,0,1444160,0,4,1,0,11003226,2256973593,2270623921,33,33,1136,1556751,3117309,361040,57170165,56190,409484410,313195513,0
1789565149.2167478,79.148,6055700,426790,0,111,63,91,76203,599330,22507211,9099896,4212,62314692,53720564,64771556,0,1435552,0,4,1,0,11003231,2257223568,2270873960,33,33,1053,1556769,3117346,358888,57170168,56190,409484410,313195513,0
1789565149.467052,79.398,6056000,426890,0,111,63,91,76203,599330,22507300,9099896,4212,62319744,53725616,64771556,0,1419168,0,4,1,0,11003242,2257473747,2271124215,33,33,1053,1556896,3117598,354792,57170168,56190,409484410,313195513,0
1789565149.7173462,79.649,6056301,426991,0,111,63,91,76203,599330,22507353,9099896,4212,62319492,53725364,64771556,0,1410056,0,4,1,0,11003243,2257723704,2271374224,33,33,1053,1556889,3117586,352514,57170169,56190,409484410,313195513,0
1789565149.967629,79.899,6056601,427091,0,111,63,91,76203,599330,22507402,9099896,4212,62319492,53725364,64771556,0,1393672,0,4,1,0,11003245,2257973911,2271624481,33,33,1053,1556889,3117586,348418,57170169,56190,409484410,313195513,0
1789565150.2179317,80.149,6056901,427191,0,111,63,91,76203,599330,22507461,9099896,4212,62319732,53725604,64771556,0,1385596,0,4,1,0,11003249,2258224125,2271874755,33,33,1053,1556895,3117598,346399,57170171,56190,409484410,313195513,0
1789565150.4682198,80.4,6057201,427291,0,111,63,91,76203,599330,22507523,9099896,4212,62319480,53725352,64771556,0,1369180,0,4,1,0,11003252,2258474081,2272124766,33,33,1053,1556889,3117585,342295,57170172,56190,409484410,313195513,0
1789565150.7185183,80.65,6057501,427391,0,111,63,91,76203,599330,22507573,9099896,4212,62319480,53725352,64771556,0,1360240,0,4,1,0,11003254,2258724304,2272375044,33,33,1053,1556889,3117585,340060,57170174,56190,409484410,313195513,0
1789565150.968818,80.9,6057801,427491,0,111,63,91,76203,599330,22507630,9099896,4212,62319480,53725352,64771556,0,1343688,0,4,1,0,11003258,2258974266,2272625058,33,33,1053,1556889,3117585,335922,57170174,56190,409484410,313195513,0
1789565151.2190988,81.15,6058099,427591,0,111,63,91,76203,599331,22507746,9099896,4212,62321716,53727588,64771556,0,1335524,0,4,2,0,11003275,2259219813,2272870664,33,33,1053,1556945,3117697,333881,57171040,56190,409484410,313195513,0
1789565151.469415,81.401,6058376,427691,0,111,63,91,76209,599351,22508274,9099900,7048,62303988,53709860,64771556,0,1319044,0,4,2,0,11003347,2259420556,2273073238,33,33,1762,1556502,3116811,329761,57181962,56190,409484410,313195525,0
1789565151.7198381,81.651,6058673,427790,0,111,63,91,76210,599352,22508837,9099904,7848,62307680,53713476,64771556,0,1309912,0,4,1,0,11003377,2259663634,2273317968,33,33,1962,1556594,3116995,327478,57185670,56190,409484410,313195525,0
1789565151.97023,81.902,6058973,427890,0,111,63,91,76211,599352,22508894,9099904,7848,62307680,53713476,64771556,0,1293528,0,4,1,0,11003382,2259913856,2273568289,33,33,1962,1556594,3116995,323382,57185673,56190,409484410,313195525,0
1789565152.2205572,82.152,6059273,427990,0,111,63,91,76211,599352,22508950,9099904,7848,62308160,53713956,64771556,0,1285336,0,4,1,0,11003387,2260164071,2273818572,33,33,1962,1556606,3117019,321334,57185673,56190,409484410,313195525,0
1789565152.4708602,82.402,6059574,428090,0,111,63,91,76211,599352,22509001,9099904,6312,62306564,53712360,64771556,0,1278680,0,4,1,0,11003390,2260414026,2274068584,33,33,1578,1556567,3116939,319670,57185674,56190,409484410,313197061,0
1789565152.7211473,82.652,6059874,428190,0,111,63,91,76211,599352,22509057,9099904,6316,62306564,53712360,64771556,0,1261376,0,4,1,0,11003391,2260663983,2274318591,33,33,1579,1556567,3116939,315344,57185674,56190,409484410,313197101,0
1789565152.971438,82.903,6060173,428291,0,111,63,91,76211,599352,22509142,9099904,4716,62306564,53712360,64771556,0,1253184,0,4,1,0,11003393,2260913471,2274568136,33,33,1179,1556567,3116939,313296,57185675,56190,409484410,313198701,0
1789565153.2217684,83.153,6060474,428391,0,111,63,91,76211,599352,22509223,9099904,4716,62306800,53712596,64771556,0,1236800,0,4,1,0,11003397,2261163456,2274818189,33,33,1179,1556572,3116951,309200,57185677,56190,409484410,313198701,0
1789565153.4720898,83.403,6060774,428491,0,111,63,91,76211,599352,22509326,9099904,4716,62308344,53714140,64771556,0,1228608,0,4,1,0,11003411,2261413392,2275068209,33,33,1179,1556611,3117028,307152,57185678,56190,409484410,313198701,0
1789565153.7223916,83.654,6061074,428591,0,111,63,91,76211,599352,22509386,9099904,4716,62308344,53714140,64771556,0,1211304,0,4,1,0,11003413,2261663617,2275318490,33,33,1179,1556611,3117028,302826,57185678,56190,409484410,313198701,0
1789565153.9727058,83.904,6061374,428692,0,111,63,91,76211,599352,22509445,9099904,4716,62308344,53714140,64771556,0,1203112,0,4,1,0,11003416,2261913840,2275568784,33,33,1179,1556611,3117028,300778,57185679,56190,409484410,313198701,0
1789565154.223027,84.154,6061674,428792,0,111,63,91,76211,599352,22509506,9099904,4716,62308588,53714384,64771556,0,1186728,0,4,1,0,11003420,2262164053,2275819059,33,33,1179,1556617,3117041,296682,57185679,56190,409484410,313198701,0
1789565154.4733636,84.405,6061974,428892,0,111,63,91,76211,599352,22509549,9099904,4716,62308336,53714132,64771556,0,1178536,0,4,1,0,11003424,2262414295,2276069369,33,33,1179,1556611,3117028,294634,57185681,56190,409484410,313198701,0
1789565154.7236736,84.655,6062275,428992,0,111,63,91,76211,599352,22509600,9099904,4716,62308336,53714132,64771556,0,1165328,0,4,1,0,11003425,2262664509,2276319637,33,33,1179,1556611,3117028,291332,57185682,56190,409484410,313198701,0
1789565154.9739773,84.905,6062575,429092,0,111,63,91,76211,599352,22509655,9099904,4716,62308336,53714132,64771556,0,1153040,0,4,1,0,11003427,2262914725,2276569905,33,33,1179,1556611,3117028,288260,57185683,56190,409484410,313198701,0
1789565155.2242785,85.156,6062875,429192,0,111,63,91,76211,599352,22509720,9099904,4716,62308908,53714704,64771556,0,1136656,0,4,1,0,11003433,2263164687,2276819932,33,33,1179,1556625,3117057,284164,57185683,56190,409484410,313198701,0
1789565155.4745805,85.406,6063175,429292,0,111,63,91,76211,599352,22509773,9099904,4716,62308908,53714704,64771556,0,1128464,0,4,1,0,11003437,2263414909,2277070215,33,33,1179,1556625,3117057,282116,57185684,56190,409484410,313198701,0
1789565155.724921,85.656,6063475,429392,0,111,63,91,76211,599352,22509824,9099904,4716,62308656,53714452,64771556,0,1115256,0,4,1,0,11003439,2263665144,2277320509,33,33,1179,1556619,3117044,278814,57185685,56190,409484410,313198701,0
1789565155.975206,85.907,6063775,429492,0,111,63,91,76212,599353,22509911,9099904,4716,62313244,53719040,64771556,0,1102968,0,4,1,0,11003442,2263915104,2277570532,33,33,1179,1556733,3117273,275742,57185690,56190,409484410,313198701,0
1789565156.225507,86.157,6064075,429593,0,111,63,91,76212,599353,22509967,9099904,4716,62313480,53719276,64771556,0,1094884,0,4,1,0,11003446,2264165315,2277820806,33,33,1179,1556739,3117285,273721,57185691,56190,409484410,313198701,0
1789565156.4758294,86.407,6064376,429693,0,111,63,91,76212,599353,22510017,9099904,4716,62313480,53719276,64771556,0,1078416,0,4,1,0,11003454,2264415543,2278071097,33,33,1179,1556739,3117285,269604,57185691,56190,409484410,313198701,0
1789565156.7261255,86.657,6064676,429793,0,111,63,91,76212,599353,22510074,9099904,4716,62314892,53720688,64771556,0,1061088,0,4,1,0,11003455,2264665496,2278321099,33,33,1179,1556774,3117356,265272,57185692,56190,409484410,313198701,0
1789565156.9764063,86.908,6064976,429893,0,111,63,91,76212,599353,22510117,9099904,4716,62314892,53720688,64771556,0,1053024,0,4,1,0,11003457,2264915700,2278571353,33,33,1179,1556774,3117356,263256,57185693,56190,409484410,313198701,0
1789565157.2267063,87.158,6065276,429993,0,111,63,91,76212,599353,22510210,9099904,4716,62315176,53720972,64771556,0,1036524,0,4,1,0,11003462,2265165683,2278821402,33,33,1179,1556782,3117370,259131,57185695,56190,409484410,313198701,0
1789565157.477023,87.408,6065576,430093,0,111,63,91,76212,599353,22510293,9099904,4716,62321776,53727572,64771556,0,1028520,0,4,1,0,11003473,2265415871,2279071667,33,33,1179,1556946,3117700,257130,57185696,56190,409484410,313198701,0
1789565157.727318,87.659,6065876,430193,0,111,63,91,76212,599353,22510359,9099892,4716,62321776,53727572,64771556,0,1020328,0,4,1,0,11003474,2265666081,2279321930,33,33,1179,1556946,3117700,255082,57185697,56190,409484410,313198745,0
1789565157.977618,87.909,6066177,430293,0,111,63,91,76212,599353,22510412,9099892,4716,62321776,53727572,64771556,0,1003024,0,4,1,0,11003477,2265916053,2279571954,33,33,1179,1556946,3117700,250756,57185697,56190,409484410,313198745,0
1789565158.2279344,88.159,6066477,430394,0,111,63,91,76212,599353,22510477,9099904,4728,62322016,53727812,64771556,0,994632,0,4,1,0,11003480,2266166270,2279822233,33,33,1182,1556952,3117712,248658,57185698,56190,409484410,313198745,0
1789565158.4782405,88.41,6066777,430494,0,111,63,91,76212,599353,22510536,9099904,4728,62321764,53727560,64771556,0,978248,0,4,1,0,11003484,2266416244,2280072268,33,33,1182,1556946,3117699,244562,57185699,56190,409484410,313198745,0
1789565158.7285383,88.66,6067077,430594,0,111,63,91,76212,599353,22510581,9099904,4728,62321764,53727560,64771556,0,970056,0,4,1,0,11003486,2266666463,2280322541,33,33,1182,1556946,3117699,242514,57185701,56190,409484410,313198745,0
1789565158.978833,88.91,6067377,430694,0,111,63,91,76212,599353,22510632,9099904,4728,62321764,53727560,64771556,0,960944,0,4,1,0,11003488,2266916672,2280572801,33,33,1182,1556946,3117699,240236,57185701,56190,409484410,313198745,0
1789565159.2291188,89.16,6067678,430794,0,111,63,91,76212,599353,22510695,9099904,4728,62322004,53727800,64771556,0,944760,0,4,1,0,11003492,2267166877,2280823065,33,33,1182,1556952,3117711,236190,57185702,56190,409484410,313198745,0
1789565159.4794202,89.411,6067978,430894,0,111,63,91,76212,599353,22510750,9099904,4728,62323280,53729076,64771556,0,936548,0,4,1,0,11003497,2267417084,2281073337,33,33,1182,1556984,3117775,234137,57185703,56190,409484410,313198745,0
1789565159.7297103,89.661,6068278,430994,0,111,63,91,76212,599353,22510809,9099904,4728,62323280,53729076,64771556,0,920040,0,4,1,0,11003499,2267666820,2281323132,33,33,1182,1556984,3117775,230010,57185704,56190,409484410,313198745,0
1789565159.9800313,89.911,6068578,431094,0,111,63,91,76212,599353,22510852,9099904,4728,62323280,53729076,64771556,0,910872,0,4,1,0,11003501,2267917025,2281573388,33,33,1182,1556984,3117775,227718,57185704,56190,409484410,313198745,0
1789565160.2303145,90.162,6068878,431194,0,111,63,91,76212,599353,22510914,9099904,4728,62323516,53729312,64771556,0,894604,0,4,1,0,11003505,2268167231,2281823652,33,33,1182,1556990,3117787,223651,57185705,56190,409484410,313198745,0
1789565160.4806192,90.412,6069179,431295,0,111,63,91,76212,599353,22510959,9099904,4728,62323264,53729060,64771556,0,886696,0,4,1,0,11003509,2268417449,2282073928,33,33,1182,1556983,3117774,221674,57185706,56190,409484410,313198745,0
1789565160.7309546,90.662,6069479,431395,0,111,63,91,76212,599353,22511011,9099904,4728,62323264,53729060,64771556,0,869940,0,4,1,0,11003512,2268667692,2282324234,33,33,1182,1556983,3117774,217485,57185707,56190,409484410,313198745,0
1789565160.9812465,90.913,6069779,431495,0,111,63,91,76212,599353,22511056,9099904,4728,62323264,53729060,64771556,0,861056,0,4,1,0,11003513,2268917899,2282574492,33,33,1182,1556983,3117774,215264,57185708,56190,409484410,313198745,0
1789565161.2315328,91.163,6070079,431595,0,111,63,91,76212,599353,22511127,9099904,4728,62323504,53729300,64771556,0,844416,0,4,1,0,11003517,2269168110,2282824763,33,33,1182,1556989,3117786,211104,57185710,56190,409484410,313198745,0
1789565161.4818323,91.413,6070379,431695,0,111,63,91,76212,599353,22511217,9099904,4728,62329056,53734852,64771556,0,836224,0,4,1,0,11003527,2269418060,2283074786,33,33,1182,1557128,3118064,209056,57185712,56190,409484410,313198745,0
1789565161.732138,91.663,6070680,431795,0,111,63,91,76212,599353,22511268,9099904,4728,62329056,53734852,64771556,0,828416,0,4,1,0,11003529,2269668270,2283325066,33,33,1182,1557128,3118064,207104,57185712,56190,409484410,313198745,0
1789565161.9824622,91.914,6070980,431895,0,111,63,91,76212,599353,22511315,9099904,4728,62329056,53734852,64771556,0,810736,0,4,1,0,11003531,2269918488,2283575338,33,33,1182,1557128,3118064,202684,57185713,56190,409484410,313198745,0
1789565162.23275,92.164,6071280,431995,0,111,63,91,76212,599353,22511382,9099904,4728,62329292,53735088,64771556,0,802716,0,4,1,0,11003534,2270168451,2283825362,33,33,1182,1557134,3118075,200679,57185714,56190,409484410,313198745,0
1789565162.4830563,92.414,6071580,432095,0,111,63,91,76212,599353,22511427,9099904,4728,62329040,53734836,64771556,0,786668,0,4,1,0,11003538,2270418657,2284075624,33,33,1182,1557128,3118063,196667,57185715,56190,409484410,313198745,0
1789565162.7333438,92.665,6071880,432196,0,111,63,91,76212,599353,22511491,9099904,3344,62329040,53734836,64771556,0,779524,0,4,1,0,11003541,2270668603,2284325634,33,33,836,1557128,3118063,194881,57185716,56190,409484410,313200193,0
1789565162.9836464,92.915,6072180,432296,0,111,63,91,76212,599353,22511542,9099892,3344,62329040,53734836,64771556,0,762228,0,4,1,0,11003543,2270918810,2284575893,33,33,836,1557128,3118063,190557,57185718,56190,409484410,313200245,0
1789565163.2339463,93.165,6072480,432396,0,111,63,91,76212,599353,22511635,9099884,3344,62329276,53735072,64771556,0,746048,0,4,1,0,11003548,2271168271,2284825430,33,33,836,1557133,3118075,186512,57185718,56190,409484410,313200317,0
1789565163.4842637,93.416,6072780,432496,0,111,63,91,76212,599353,22511678,9099884,3344,62329024,53734820,64771556,0,737892,0,4,1,0,11003552,2271418487,2285075705,33,33,836,1557127,3118062,184473,57185720,56190,409484410,313200317,0
1789565163.7345502,93.666,6073081,432596,0,111,63,91,76212,599353,22511735,9099884,3344,62329024,53734820,64771556,0,721848,0,4,1,0,11003554,2271668444,2285325712,33,33,836,1557127,3118062,180462,57185720,56190,409484410,313200317,0
1789565163.9848332,93.916,6073381,432697,0,111,63,91,76212,599353,22511822,9099904,3284,62329024,53734820,64771556,0,712032,0,4,1,0,11003556,2271918646,2285575976,33,33,821,1557127,3118062,178008,57185721,56190,409484410,313200317,0
1789565164.2351258,94.166,6073681,432797,0,111,63,91,76212,599353,22511879,9099904,3284,62329264,53735060,64771556,0,703840,0,4,1,0,11003561,2272168850,2285826240,33,33,821,1557133,3118074,175960,57185722,56190,409484410,313200317,0
1789565164.4854136,94.417,6073981,432897,0,111,63,91,76212,599353,22511928,9099904,3284,62329012,53734808,64771556,0,687456,0,4,1,0,11003564,2272418805,2286076249,33,33,821,1557127,3118061,171864,57185723,56190,409484410,313200317,0
1789565164.7357218,94.667,6074281,432997,0,111,63,91,76212,599353,22511975,9099904,3284,62329012,53734808,64771556,0,679264,0,4,1,0,11003566,2272669035,2286326538,33,33,821,1557127,3118061,169816,57185724,56190,409484410,313200317,0
1789565164.9860144,94.917,6074581,433097,0,111,63,91,76212,599353,22512024,9099904,3284,62329012,53734808,64771556,0,661960,0,4,1,0,11003568,2272918990,2286576542,33,33,821,1557127,3118061,165490,57185725,56190,409484410,313200317,0
1789565165.2362938,95.168,6074882,433197,0,111,63,91,76212,599353,22512100,9099904,3284,62329248,53735044,64771556,0,653932,0,4,1,0,11003571,2273169190,2286826798,33,33,821,1557133,3118073,163483,57185725,56190,409484410,313200317,0
1789565165.4865787,95.418,6075182,433297,0,111,63,91,76212,599353,22512197,9099904,3284,62334328,53740124,64771556,0,637508,0,4,1,0,11003581,2273419141,2287076816,33,33,821,1557260,3118327,159377,57185725,56190,409484410,313200317,0
1789565165.7368946,95.668,6075482,433397,0,111,63,91,76213,599353,22512248,9099904,3284,62334076,53739872,64771556,0,629592,0,4,1,0,11003583,2273669111,2287326841,33,33,821,1557253,3118315,157398,57185727,56190,409484410,313200317,0
1789565165.987186,95.918,6075782,433498,0,111,63,91,76213,599353,22512333,9099904,3284,62334076,53739872,64771556,0,616328,0,4,1,0,11003587,2273919294,2287577119,33,33,821,1557253,3118315,154082,57185731,56190,409484410,313200317,0
1789565166.237483,96.169,6076082,433598,0,111,63,91,76213,599353,22512398,9099904,3284,62334312,53740108,64771556,0,604016,0,4,1,0,11003591,2274169250,2287827134,33,33,821,1557259,3118326,151004,57185732,56190,409484410,313200317,0
1789565166.4877772,96.419,6076382,433698,0,111,63,91,76213,599354,22512447,9099904,3284,62334312,53740108,64771556,0,595748,0,4,1,0,11003595,2274419468,2288077413,33,33,821,1557259,3118326,148937,57185732,56190,409484410,313200317,0
1789565166.7380939,96.669,6076682,433798,0,111,63,91,76213,599354,22512506,9099904,3284,62334060,53739856,64771556,0,579232,0,4,1,0,11003597,2274669426,2288327421,33,33,821,1557253,3118314,144808,57185733,56190,409484410,313200317,0
1789565166.9883764,96.92,6076982,433898,0,111,63,91,76213,599354,22512549,9099904,3284,62334060,53739856,64771556,0,566272,0,4,1,0,11003599,2274919638,2288577684,33,33,821,1557253,3118314,141568,57185733,56190,409484410,313200317,0
1789565167.2386825,97.17,6077283,433998,0,111,63,91,76213,599354,22512621,9099904,3284,62334296,53740092,64771556,0,554276,0,4,1,0,11003606,2275169867,2288827987,33,33,821,1557259,3118326,138569,57185736,56190,409484410,313200317,0
1789565167.4890056,97.42,6077583,434098,0,111,63,91,76213,599354,22512668,9099904,3284,62334296,53740092,64771556,0,545824,0,4,1,0,11003609,2275419827,2289078004,33,33,821,1557259,3118326,136456,57185736,56190,409484410,313200317,0
1789565167.7393062,97.671,6077883,434199,0,111,63,91,76213,599354,22512730,9099904,3284,62334044,53739840,64771556,0,529700,0,4,1,0,11003611,2275670040,2289328268,33,33,821,1557253,3118313,132425,57185737,56190,409484410,313200333,0
1789565167.9896004,97.921,6078183,434299,0,111,63,91,76213,599354,22512787,9099892,3284,62334044,53739840,64771556,0,516192,0,4,1,0,11003614,2275920001,2289578281,33,33,821,1557253,3118313,129048,57185738,56190,409484410,313200385,0
1789565168.2399049,98.171,6078483,434399,0,111,63,91,76213,599354,22512846,9099892,3284,62334288,53740084,64771556,0,504128,0,4,1,0,11003618,2276170213,2289828553,33,33,821,1557259,3118325,126032,57185739,56190,409484410,313200385,0
1789565168.4901967,98.422,6078783,434499,0,111,63,91,76213,599354,22512897,9099892,3284,62334036,53739832,64771556,0,495772,0,4,1,0,11003621,2276420177,2290078574,33,33,821,1557252,3118313,123943,57185740,56190,409484410,313200385,0
1789565168.740502,98.672,6079084,434599,0,111,63,91,76213,599354,22512946,9099892,3284,62334036,53739832,64771556,0,479456,0,4,1,0,11003623,2276670402,2290328856,33,33,821,1557252,3118313,119864,57185742,56190,409484410,313200385,0
1789565168.990792,98.922,6079384,434699,0,111,63,91,76213,599354,22512996,9099892,3284,62334036,53739832,64771556,0,471384,0,4,1,0,11003625,2276920373,2290578882,33,33,821,1557252,3118313,117846,57185742,56190,409484410,313200385,0
1789565169.2410955,99.172,6079684,434799,0,111,63,91,76213,599354,22513077,9099904,3284,62334548,53740344,64771556,0,461672,0,4,1,0,11003631,2277170573,2290829145,33,33,821,1557265,3118338,115418,57185743,56190,409484410,313200385,0
1789565169.4913871,99.423,6079984,434899,0,111,63,91,76213,599354,22513160,9099904,3284,62338324,53744120,64771556,0,445288,0,4,1,0,11003643,2277420751,2291079404,33,33,821,1557359,3118527,111322,57185743,56190,409484410,313200385,0
1789565169.741673,99.673,6080284,435000,0,111,63,91,76213,599354,22513220,9099904,3284,62338324,53744120,64771556,0,428904,0,4,1,0,11003645,2277670709,2291329413,33,33,821,1557359,3118527,107226,57185744,56190,409484410,313200385,0
1789565169.9919853,99.923,6080584,435100,0,111,63,91,76213,599354,22513264,9099904,3284,62338324,53744120,64771556,0,420712,0,4,1,0,11003646,2277920923,2291579679,33,33,821,1557359,3118527,105178,57185746,56190,409484410,313200385,0
1789565170.2422678,100.174,6080884,435200,0,111,63,91,76213,599354,22513344,9099904,3284,62342304,53748100,64771556,0,403768,0,4,1,0,11003653,2278170866,2291829697,33,33,821,1557459,3118726,100942,57185746,56190,409484410,313200385,0
1789565170.4925632,100.424,6081185,435300,0,111,63,91,76213,599354,22513389,9099904,3284,62342052,53747848,64771556,0,395268,0,4,1,0,11003656,2278420825,2292079712,33,33,821,1557452,3118713,98817,57185748,56190,409484410,313200385,0
1789565170.742858,100.674,6081485,435400,0,111,63,91,76213,599354,22513437,9099904,3284,62342052,53747848,64771556,0,387096,0,4,1,0,11003658,2278671043,2292329985,33,33,821,1557452,3118713,96774,57185748,56190,409484410,313200385,0
1789565170.993154,100.924,6081785,435500,0,111,63,91,76213,599354,22513488,9099904,3284,62342052,53747848,64771556,0,370876,0,4,1,0,11003660,2278921247,2292580239,33,33,821,1557452,3118713,92719,57185749,56190,409484410,313200385,0
1789565171.2434366,101.175,6082085,435600,0,111,63,91,76213,599354,22513551,9099904,3284,62342292,53748088,64771556,0,361528,0,4,1,0,11003666,2279171445,2292830498,33,33,821,1557458,3118725,90382,57185750,56190,409484410,313200385,0
1789565171.493723,101.425,6082385,435700,0,111,63,91,76213,599354,22513605,9099904,3284,62342040,53747836,64771556,0,345144,0,4,1,0,11003669,2279421406,2293080517,33,33,821,1557452,3118713,86286,57185751,56190,409484410,313200385,0
1789565171.744019,101.675,6082686,435801,0,111,63,91,76213,599354,22513652,9099904,3284,62342040,53747836,64771556,0,337208,0,4,1,0,11003671,2279671607,2293330766,33,33,821,1557452,3118713,84302,57185751,56190,409484410,313200385,0
1789565171.9943054,101.926,6082986,435901,0,111,63,91,76213,599354,22513702,9099904,3284,62342040,53747836,64771556,0,320584,0,4,1,0,11003673,2279921808,2293581016,33,33,821,1557452,3118713,80146,57185752,56190,409484410,313200385,0
1789565172.244579,102.176,6083286,436001,0,111,63,91,76213,599354,22513755,9099904,3284,62342280,53748076,64771556,0,311472,0,4,1,0,11003677,2280172010,2293831274,33,33,821,1557458,3118725,77868,57185752,56190,409484410,313200385,0
1789565172.4949012,102.426,6083586,436101,0,111,63,91,76214,599354,22513816,9099904,3284,62342028,53747824,64771556,0,303356,0,4,1,0,11003680,2280421984,2294081311,33,33,821,1557452,3118712,75839,57185754,56190,409484410,313200385,0
1789565172.7451894,102.676,6083886,436201,0,111,63,91,76214,599354,22513868,9099904,3284,62342028,53747824,64771556,0,287064,0,4,1,0,11003683,2280671938,2294331314,33,33,821,1557452,3118712,71766,57185755,56190,409484410,313200385,0
1789565172.9954686,102.927,6084186,436301,0,111,63,91,76214,599354,22513919,9099904,3284,62342028,53747824,64771556,0,278720,0,4,1,0,11003686,2280921889,2294581316,33,33,821,1557452,3118712,69680,57185756,56190,409484410,313200385,0
1789565173.2457418,103.177,6084486,436401,0,111,63,91,76214,599354,22514000,9099896,3284,62342520,53748316,64771556,0,261384,0,4,1,0,11003692,2281171826,2294831340,33,33,821,1557464,3118737,65346,57185756,56190,409484410,313200409,0
1789565173.4960468,103.427,6084787,436502,0,111,63,91,76214,599354,22514089,9099896,3284,62342888,53748684,64771556,0,253192,0,4,1,0,11003702,2281421773,2295081351,33,33,821,1557473,3118755,63298,57185757,56190,409484410,313200409,0
1789565173.7463505,103.678,6085087,436602,0,111,63,91,76214,599354,22514154,9099896,3284,62342636,53748432,64771556,0,236808,0,4,1,0,11003704,2281671997,2295331631,33,33,821,1557467,3118743,59202,57185758,56190,409484410,313200409,0
1789565173.9966438,103.928,6085387,436702,0,111,63,91,76214,599355,22514225,9099896,3288,62342636,53748432,64771556,0,228616,0,4,1,0,11003707,2281921957,2295581655,33,33,822,1557467,3118743,57154,57185762,56190,409484410,313200409,0
1789565174.2469687,104.178,6085687,436802,0,111,63,91,76214,599355,22514326,9099896,3288,62342872,53748668,64771556,0,207740,0,4,1,0,11003712,2282172146,2295831930,33,33,822,1557473,3118754,51935,57185762,56190,409484410,313200409,0
1789565174.497272,104.429,6085987,436902,0,111,63,91,76214,599355,22514431,9099764,3848,62342128,53748056,64771556,0,197868,0,4,1,0,11003717,2282422249,2296082101,33,33,962,1557454,3118717,49467,57185773,56190,409484410,313200409,0
1789565174.7476141,104.679,6086287,437002,0,111,63,91,76214,599355,22514530,9099764,3848,62342128,53748056,64771556,0,183640,0,4,1,0,11003719,2282672470,2296332377,33,33,962,1557454,3118717,45910,57185773,56190,409484410,313200409,0
1789565174.9979408,104.929,6086588,437102,0,111,63,91,76214,599355,22514614,9099764,3848,62342128,53748056,64771556,0,173856,0,4,1,0,11003723,2282922710,2296582680,33,33,962,1557454,3118717,43464,57185774,56190,409484410,313200409,0
1789565175.2482352,105.18,6086888,437202,0,111,63,91,76214,599355,22514731,9099764,3848,62342860,53748788,64771556,0,159208,0,4,1,0,11003729,2283172910,2296832953,33,33,962,1557473,3118754,39802,57185775,56190,409484410,313200409,0
1789565175.4985375,105.43,6087188,437302,0,111,63,91,76214,599355,22514812,9099764,3848,62342860,53748788,64771556,0,149364,0,4,1,0,11003733,2283423118,2297083217,33,33,962,1557473,3118754,37341,57185777,56190,409484410,313200409,0
1789565175.7488277,105.68,6087488,437402,0,111,63,91,76214,599355,22514933,9099764,3848,62344364,53750292,64771556,0,134696,0,4,1,0,11003735,2283673074,2297333222,33,33,962,1557510,3118829,33674,57185778,56190,409484410,313200409,0
1789565175.9991074,105.93,6087788,437503,0,111,63,91,76214,599355,22515072,9099772,3852,62344348,53750276,64771556,0,124624,0,4,1,0,11003737,2283923271,2297583479,33,33,963,1557510,3118828,31156,57185781,56190,409484410,313200409,0
1789565176.2494204,106.181,6088088,437603,0,111,63,91,76214,599355,22515357,9099772,4256,62343944,53749872,64771556,0,110032,0,4,1,0,11003742,2284173376,2297833646,33,33,1064,1557500,3118808,27508,57185793,56190,409484410,313200409,0
1789565176.4997294,106.431,6088388,437703,0,111,63,91,76214,599355,22515575,9099772,4256,62347340,53753268,64771556,0,100232,0,4,1,0,11003747,2284423597,2298083930,33,33,1064,1557584,3118978,25058,57185793,56190,409484410,313200409,0
1789565176.750031,106.681,6088688,437803,0,111,63,91,76214,599355,22515847,9099772,4256,62347756,53753684,64771556,0,86000,0,4,1,0,11003768,2284673223,2298333937,33,33,1064,1557595,3118998,21500,57185795,56190,409484410,313200409,0
1789565177.000313,106.932,6088988,437903,0,111,63,91,76214,599355,22516029,9099772,4256,62348588,53754516,64771556,0,76252,0,4,1,0,11003785,2284923208,2298584197,33,33,1064,1557616,3119040,19063,57185795,56190,409484410,313200409,0
1789565177.2506175,107.182,6089288,438003,0,111,63,91,76214,599355,22516328,9099772,4256,62348588,53754516,64771556,0,61536,0,4,1,0,11003807,2285172864,2298834230,33,33,1064,1557616,3119040,15384,57185796,56190,409484410,313200409,0
1789565177.5009377,107.432,6089589,438103,0,111,63,91,76214,599355,22516564,9099628,4912,62351512,53757648,64771556,0,51376,0,4,1,0,11003827,2285400629,2299062096,33,33,1228,1557689,3119186,12844,57185806,56190,409484410,313200409,0
1789565177.7512376,107.683,6089889,438203,0,111,63,91,76214,599355,22516819,9099628,4912,62351512,53757648,64771556,0,36852,0,4,1,0,11003847,2285650292,2299312125,33,33,1228,1557689,3119186,9213,57185808,56190,409484410,313200409,0
1789565178.001531,107.933,6090189,438303,0,111,63,91,76214,599355,22517005,9099628,4756,62351512,53757648,64771556,0,27276,0,4,1,0,11003862,2285900037,2299562142,33,33,1189,1557689,3119186,6819,57185808,56190,409484410,313200565,0
1789565178.2518315,108.183,6090489,438403,0,111,63,91,76214,599355,22517231,9099616,5160,62351272,53757408,64771556,0,12580,0,4,1,0,11003882,2286149601,2299812030,33,33,1290,1557683,3119174,3145,57185821,56190,409484410,313200869,0
1789565178.5021539,108.433,6090788,438495,0,111,63,91,76221,599357,22517899,9120552,107168,62329644,53714904,64771556,0,2768,0,4,1,0,11003982,2286378045,2300041257,33,33,26792,1557143,3118093,692,57189472,56190,409506166,313201005,0
1789565178.7525914,108.684,6091066,438521,0,111,63,91,76258,599418,22523605,9528320,566344,62488828,53464560,64771556,0,104,0,2,3,0,11004757,2286422518,2300085743,33,33,141586,1561071,3125959,26,57196803,56190,409760638,313201005,0
1789565179.0031004,108.934,6091363,438532,0,111,63,91,76302,599466,22527610,9957572,855404,62187244,52729700,64771556,0,104,0,1,5,0,11005642,2286449734,2300112959,33,33,213851,1553420,3110638,26,57213806,56190,409900390,313201005,0
1789565179.2535598,109.185,6091642,438557,0,111,63,91,76329,599534,22533758,10468096,1110888,62239260,52267200,64771556,0,0,0,0,5,0,11006407,2286494935,2300158353,33,33,277722,1554644,3113090,0,57236992,56190,410156038,313201005,0
1789565179.5042048,109.436,6091922,438573,0,111,63,91,76370,599596,22539109,10941212,1329200,62022452,51573984,64771556,0,0,0,1,4,0,11007322,2286525483,2300188901,33,33,332300,1549139,3102067,0,57251130,56190,410410810,313201005,0
1789565179.754666,109.686,6092203,438586,0,111,63,91,76401,599670,22544216,11486184,1620756,61995604,50997872,64771556,0,0,0,0,8,0,11008650,2286548526,2300211947,33,33,405189,1548372,3100531,0,57268553,56190,410663842,313201005,0
1789565180.0051332,109.936,6092491,438600,0,111,63,91,76437,599731,22549580,11989888,1885888,62122968,50617744,64771556,0,0,0,1,4,0,11009400,2286577645,2300241068,33,33,471472,1551457,3106708,0,57284561,56190,410902718,313201005,0
1789565180.2556267,110.187,6092786,438612,0,111,63,91,76479,599780,22553612,12474180,2129024,61980280,49987428,64771556,0,0,0,1,5,0,11010412,2286605163,2300268588,33,33,532256,1547822,3099430,0,57292539,56190,411144214,313201005,0
1789565180.5063698,110.438,6093067,438621,0,111,63,91,76513,599858,22559773,13055588,2457040,61987772,49408732,64771556,0,0,0,0,6,0,11011016,2286622701,2300286127,33,33,614260,1547880,3099545,0,57304805,56190,411397118,313201005,0
1789565180.7570553,110.688,6093355,438635,0,111,63,91,76550,599919,22566017,13628544,2727356,61961440,48805200,64771556,0,0,0,1,4,0,11011806,2286655182,2300318608,33,33,681839,1547116,3098016,0,57316107,56190,411699774,313201005,0
1789565181.0075254,110.939,6093621,438652,0,111,63,91,76593,599991,22571564,14085440,2995008,61973632,48356320,64771556,0,0,0,1,8,0,11012747,2286682593,2300346019,33,33,748752,1547317,3098417,0,57334263,56190,411889390,313201005,0
1789565181.2580147,111.189,6093907,438675,0,111,63,91,76627,600045,22577522,14757816,3395140,62082204,47788432,64771556,0,0,0,0,5,0,11014220,2286735863,2300399293,33,33,848887,1549909,3103608,0,57341173,56190,412161222,313201005,0
1789565181.5084891,111.44,6094178,438703,0,111,63,91,76655,600119,22585389,15260856,3610508,62272760,47471548,64771556,0,0,0,0,5,0,11014952,2286784073,2300447515,33,33,902728,1554562,3112925,0,57344028,56190,412449022,313201005,0
1789565181.7589674,111.69,6094462,438723,0,111,63,91,76696,600172,22590899,15729652,3852828,62425488,47149612,64771556,0,0,0,2,3,0,11015571,2286818193,2300481686,33,33,963207,1558238,3120286,0,57351490,56190,412676286,313201005,0
1789565182.0094337,111.941,6094756,438744,0,111,63,91,76735,600217,22595596,16268692,4177520,62440800,46614912,64771556,0,0,0,2,5,0,11016341,2286866907,2300530400,33,33,1044278,1558343,3120497,0,57358659,56190,412889774,313201005,0
1789565182.2599142,112.191,6095027,438773,0,111,63,91,76760,600290,22602697,16798380,4429108,62563140,46201968,64771556,0,0,0,0,9,0,11017332,2286918303,2300581890,33,33,1107277,1561257,3126332,0,57370325,56190,413168610,313201005,0
1789565182.510363,112.442,6095301,438795,0,111,63,91,76801,600352,22608236,17247056,4642192,62655092,45838916,64771556,0,0,0,1,4,0,11018491,2286953665,2300617271,33,33,1160752,1563408,3130640,0,57380131,56190,413404722,313201005,0
1789565182.7608624,112.692,6095586,438814,0,111,63,91,76841,600408,22613966,17700704,4885704,62637380,45357488,64771556,0,0,0,0,3,0,11019019,2286983961,2300647622,33,33,1221426,1562694,3129210,0,57392979,56190,413614882,313201013,0
1789565183.0113358,112.943,6095921,438816,0,111,63,91,76850,600461,22620190,17770348,4925340,62633584,45283508,64771556,0,0,0,0,10,0,11019468,2286989760,2300653421,33,33,1231335,1562596,3129014,0,57396515,56190,413644890,313201013,0
1789565183.2619624,113.193,6096160,438816,0,111,63,91,76858,600614,22623173,17770348,4925340,62508056,45157976,64771556,0,0,0,0,6,0,11020485,2286989760,2300653421,33,33,1231335,1559463,3122739,0,57420618,56190,413644890,313201013,0
1789565183.5124342,113.444,6096381,438816,0,111,63,91,76863,600788,22626178,17770348,4925340,62501896,45151816,64771556,0,0,0,0,5,0,11021067,2286989760,2300653421,33,33,1231335,1559309,3122431,0,57422955,56190,413644890,313201013,0
1789565183.762937,113.694,6096658,438817,0,111,63,91,76867,600907,22628458,17770348,4922076,62501644,45151564,64771556,0,0,0,0,8,0,11021284,2286989866,2300653526,33,33,1230519,1559303,3122419,0,57423592,56190,413644890,313204277,0
1789565184.013426,113.945,6096943,438817,0,111,63,91,76874,601016,22630821,17770444,4922172,62501512,45151340,64771556,0,0,0,0,6,0,11021353,2286989866,2300653526,33,33,1230543,1559300,3122412,0,57423713,56190,413644890,313204277,0
1789565184.2639267,114.195,6097231,438817,0,111,63,91,76877,601124,22631842,17770444,4922892,62501516,45151340,64771556,0,0,0,0,5,0,11021656,2286989868,2300653529,33,33,1230723,1559300,3122412,0,57423802,56190,413644890,313205005,0
1789565184.5144074,114.446,6097515,438817,0,111,63,91,76883,601235,22633592,17770540,4922988,62499788,45149512,64771556,0,0,0,0,5,0,11021736,2286989868,2300653529,33,33,1230747,1559256,3122326,0,57424381,56190,413644890,313205005,0
1789565184.765117,114.696,6097799,438817,0,111,63,91,76887,601347,22634990,17770540,4922988,62499284,45149008,64771556,0,0,0,0,5,0,11021769,2286989868,2300653529,33,33,1230747,1559244,3122301,0,57424462,56190,413644890,313205005,0
1789565185.015742,114.947,6098088,438817,0,111,63,91,76892,601454,22636941,17770540,4922988,62498024,45147748,64771556,0,0,0,0,6,0,11021812,2286989868,2300653529,33,33,1230747,1559212,3122238,0,57424616,56190,413644890,313205005,0
1789565185.2662463,115.198,6098375,438817,0,111,63,91,76899,601561,22637996,17770636,4923084,62504676,45154308,64771556,0,0,0,0,5,0,11021921,2286989868,2300653529,33,33,1230771,1559379,3122570,0,57424660,56190,413644890,313205005,0
1789565185.5167136,115.448,6098651,438817,0,111,63,91,76906,601679,22640085,17770636,4923084,62504180,45153804,64771556,0,0,0,0,5,0,11022006,2286989868,2300653529,33,33,1230771,1559366,3122545,0,57425545,56190,413644890,313205005,0
1789565185.7672162,115.699,6098945,438817,0,111,63,91,76910,601781,22640695,17770732,4923180,62503804,45153336,64771556,0,0,0,0,5,0,11022029,2286989868,2300653529,33,33,1230795,1559357,3122527,0,57426012,56190,413644890,313205005,0
1789565186.0176907,115.949,6099239,438817,0,111,63,91,76915,601883,22641523,17770732,4923180,62503452,45152984,64771556,0,0,0,0,5,0,11022043,2286989868,2300653529,33,33,1230795,1559348,3122509,0,57426018,56190,413644890,313205005,0
1789565186.26818,116.199,6099529,438817,0,111,63,91,76919,601988,22642344,17770828,4923276,62513472,45162912,64771556,0,0,0,0,6,0,11022182,2286989868,2300653529,33,33,1230819,1559598,3123010,0,57426027,56190,413644890,313205005,0
1789565186.5186696,116.45,6099811,438817,0,111,63,91,76925,602101,22643452,17770828,4923276,62511964,45161400,64771556,0,0,0,0,5,0,11022218,2286989868,2300653529,33,33,1230819,1559560,3122934,0,57426568,56190,413644890,313205005,0
1789565186.7693348,116.701,6100101,438817,0,111,63,91,76930,602208,22644407,17770924,4923372,62511996,45161336,64771556,0,0,0,0,5,0,11022236,2286989868,2300653529,33,33,1230843,1559561,3122936,0,57426582,56190,413644890,313205005,0
1789565187.0200534,116.951,6100380,438817,0,111,63,91,76935,602323,22645320,17770924,4923372,62511996,45161336,64771556,0,0,0,0,5,0,11022257,2286989868,2300653529,33,33,1230843,1559561,3122936,0,57426658,56190,413644890,313205005,0
1789565187.2707274,117.202,6100656,438817,0,111,63,91,76939,602444,22646050,17770924,4923372,62521000,45170340,64771556,0,0,0,0,5,0,11022380,2286989868,2300653529,33,33,1230843,1559786,3123386,0,57426706,56190,413644890,313205005,0
1789565187.5213456,117.453,6100939,438817,0,111,63,91,76943,602556,22647616,17771020,4923468,62517852,45167092,64771556,0,0,0,0,6,0,11022452,2286989868,2300653529,33,33,1230867,1559707,3123229,0,57427757,56190,413644890,313205005,0
1789565187.7720065,117.703,6101228,438817,0,111,63,91,76948,602663,22648221,17771020,4923468,62516340,45165580,64771556,0,0,0,0,6,0,11022474,2286989868,2300653529,33,33,1230867,1559670,3123153,0,57428329,56190,413644890,313205005,0
1789565188.0226886,117.954,6101524,438817,0,111,63,91,76952,602764,22648734,17771116,4923564,62517580,45166728,64771556,0,0,0,0,7,0,11022494,2286989868,2300653529,33,33,1230891,1559701,3123215,0,57428333,56190,413644890,313205005,0
1789565188.2734094,118.205,6101817,438817,0,111,63,91,76957,602865,22649741,17771116,4923564,62524624,45173772,64771556,0,0,0,0,5,0,11022580,2286989868,2300653529,33,33,1230891,1559876,3123567,0,57428376,56190,413644890,313205005,0
1789565188.524154,118.455,6102114,438817,0,111,63,91,76963,602963,22650601,17771212,4923660,62523964,45173016,64771556,0,0,0,0,5,0,11022605,2286989868,2300653529,33,33,1230915,1559860,3123534,0,57428917,56190,413644890,313205005,0
1789565188.7747855,118.706,6102408,438817,0,111,63,91,76967,603065,22651030,17771212,4923660,62523964,45173016,64771556,0,0,0,0,5,0,11022617,2286989868,2300653529,33,33,1230915,1559860,3123534,0,57428923,56190,413644890,313205005,0
1789565189.0254886,118.957,6102706,438817,0,111,63,91,76973,603162,22651503,17771308,4923756,62523396,45172352,64771556,0,0,0,0,5,0,11022625,2286989868,2300653529,33,33,1230939,1559846,3123506,0,57428930,56190,413644890,313205005,0
1789565189.2762008,119.208,6102999,438817,0,111,63,91,76979,603263,22652103,17771308,4923756,62531112,45180068,64771556,0,0,0,0,5,0,11022711,2286989868,2300653529,33,33,1230939,1560038,3123892,0,57428945,56190,413644890,313205005,0
1789565189.526672,119.458,6103279,438817,0,111,63,91,76984,603380,22653933,17771404,4923852,62528212,45177072,64771556,0,0,0,0,6,0,11022828,2286989868,2300653529,33,33,1230963,1559966,3123747,0,57429942,56190,413644890,313205005,0
1789565189.7771578,119.708,6103562,438817,0,111,63,91,76991,603490,22655041,17771404,4923852,62527456,45176316,64771556,0,0,0,0,5,0,11022882,2286989868,2300653529,33,33,1230963,1559947,3123709,0,57430629,56190,413644890,313205005,0
1789565190.02763,119.959,6103858,438817,0,111,63,91,76995,603590,22655566,17771500,4923948,62527232,45176000,64771556,0,0,0,0,5,0,11022895,2286989868,2300653529,33,33,1230987,1559942,3123698,0,57430676,56190,413644890,313205005,0
1789565190.2781217,120.209,6104157,438817,0,111,63,92,76999,603688,22655913,17771500,4923948,62532740,45181508,64771556,0,0,0,0,5,0,11022921,2286989868,2300653529,33,33,1230987,1560079,3123973,0,57430687,56190,413644890,313205005,0
1789565190.5286129,120.46,6104450,438817,0,111,63,92,77005,603789,22656618,17771500,4923948,62531840,45180600,64771556,0,0,0,0,5,0,11022943,2286989868,2300653529,33,33,1230987,1560057,3123928,0,57431307,56190,413644890,313205005,0
1789565190.779119,120.71,6104737,438817,0,111,63,92,77013,603895,22657036,17771596,4924044,62531368,45180036,64771556,0,0,0,0,5,0,11022963,2286990245,2300653905,33,33,1231011,1560045,3123904,0,57431331,56191,413644902,313205005,0
1789565191.02982,120.961,6105042,438817,0,111,63,92,77016,603988,22657254,17771596,4924044,62532492,45181160,64771556,0,0,0,0,4,0,11022969,2286990245,2300653905,33,33,1231011,1560073,3123961,0,57431333,56191,413644902,313205005,0
1789565191.280291,121.212,6105414,438817,0,111,63,92,77017,604017,22657857,17771608,4924044,62533376,45182028,64771556,0,0,0,0,2,0,11023921,2286990245,2300653905,33,33,1231011,1560095,3124005,0,57432399,56191,413644902,313205005,0
1789565191.5307586,121.462,6105783,438817,0,111,63,92,77022,604043,22658321,17940336,5092772,62530584,45007728,64771556,0,0,0,0,5,0,11023938,2286990245,2300653905,33,33,1273193,1559956,3123726,0,57432414,56191,413644902,313205005,0
1789565191.7812748,121.713,6106151,438817,0,111,63,92,77028,604070,22658647,17940336,5092772,62520892,44998036,64771556,0,0,0,0,2,0,11023967,2286990245,2300653905,33,33,1273193,1559714,3123241,0,57433831,56191,413644902,313205005,0
1789565192.0317428,121.963,6106527,438817,0,111,63,92,77040,604082,22658754,17940336,5092772,62270816,44747960,64771556,0,0,0,0,2,0,11023979,2286990245,2300653905,33,33,1273193,1553471,3110741,0,57495462,56191,413644902,313205005,0
1789565192.2821426,122.213,6106902,438817,0,111,63,92,77047,604101,22658928,17940336,5092772,62143332,44620468,64771556,0,0,0,0,2,0,11024089,2286990245,2300653905,33,33,1273193,1550289,3104368,0,57528359,56191,413644902,313205005,0
1789565192.5325656,122.464,6107278,438817,0,111,63,92,77047,604126,22658963,17940336,5092772,62143332,44620468,64771556,0,0,0,0,2,0,11024089,2286990245,2300653905,33,33,1273193,1550289,3104368,0,57528359,56191,413644902,313205005,0
1789565192.7829387,122.714,6107653,438817,0,111,63,92,77047,604151,22659002,17940336,5092772,62147540,44624676,64771556,0,0,0,0,2,0,11024091,2286990245,2300653905,33,33,1273193,1550394,3104578,0,57528360,56191,413644902,313205005,0
1789565193.0332797,122.965,6108028,438817,0,111,63,92,77047,604176,22659039,17940336,5092772,62147540,44624676,64771556,0,0,0,0,2,0,11024091,2286990245,2300653905,33,33,1273193,1550394,3104578,0,57528361,56191,413644902,313205005,0
1789565193.2836175,123.215,6108404,438817,0,111,63,92,77047,604201,22659098,17940336,5092772,62148412,44625548,64771556,0,0,0,0,3,0,11024196,2286990245,2300653905,33,33,1273193,1550415,3104622,0,57528363,56191,413644902,313205005,0
1789565193.5340078,123.465,6108778,438817,0,111,63,92,77048,604226,22659254,17940344,4786008,62148436,44625548,64771556,0,299648,0,0,2,0,11024262,2286990298,2300654276,33,33,1196502,1550416,3104623,74912,57528363,56191,413644902,313511769,0
1789565193.7843485,123.716,6109153,438817,0,111,63,92,77049,604251,22659310,17940344,4786008,62148436,44625548,64771556,0,283264,0,0,2,0,11026634,2286990298,2300654755,33,33,1196502,1550416,3104623,70816,57528364,56191,413644902,313511769,0
1789565194.0346818,123.966,6109528,438817,0,111,63,92,77049,604277,22659381,17940344,4785972,62148436,44625548,64771556,0,275044,0,0,2,0,11026763,2286990298,2300654755,33,33,1196493,1550416,3104623,68761,57528365,56191,413644902,313511777,0
1789565194.2851434,124.216,6109904,438817,0,111,63,92,77049,604302,22659440,17940344,4785972,62150356,44627468,64771556,0,266852,0,0,2,0,11026900,2286990298,2300654755,33,33,1196493,1550464,3104719,66713,57528367,56191,413644902,313511777,0
1789565194.5354877,124.467,6110279,438817,0,111,63,92,77049,604327,22659505,17940344,4785972,62150356,44627468,64771556,0,250508,0,0,2,0,11027100,2286990298,2300655279,33,33,1196493,1550464,3104719,62627,57528367,56191,413644902,313511777,0
1789565194.7858362,124.717,6110654,438817,0,111,63,92,77049,604352,22659559,17940344,4785972,62153784,44630896,64771556,0,242308,0,0,2,0,11028035,2286990298,2300655443,33,33,1196493,1550549,3104890,60577,57528369,56191,413644902,313511777,0
1789565195.0361493,124.967,6111030,438817,0,111,63,92,77049,604377,22659611,17940344,4785972,62153784,44630896,64771556,0,225920,0,0,2,0,11028225,2286990298,2300655895,33,33,1196493,1550549,3104890,56480,57528369,56191,413644902,313511777,0
1789565195.286457,125.218,6111405,438817,0,111,63,92,77049,604402,22659675,17940344,4785972,62153932,44631044,64771556,0,218072,0,0,2,0,11028467,2286990298,2300655895,33,33,1196493,1550553,3104898,54518,57528370,56191,413644902,313511777,0
1789565195.5368223,125.468,6111778,438817,0,111,63,92,77052,604426,22659773,18038328,4883956,62157252,44533956,64771556,0,201324,0,0,2,0,11028660,2286990298,2300656317,33,33,1220989,1550576,3104943,50331,57528374,56191,413644902,313511777,0
1789565195.7872562,125.719,6112154,438817,0,111,63,92,77059,604444,22659830,18268560,5114196,62154648,44294696,64771556,0,184804,0,0,2,0,11031217,2286990298,2300656758,33,33,1278549,1550350,3104491,46201,57528375,56191,413644902,313511865,0
1789565196.0376182,125.969,6112529,438817,0,111,63,92,77067,604462,22659911,18498432,5344068,62151500,44055200,64771556,0,176460,0,0,2,0,11031442,2286990298,2300657253,33,33,1336017,1550110,3104010,44115,57528376,56191,413644902,313511865,0
1789565196.2880695,126.219,6112904,438817,0,111,63,92,77073,604481,22659962,18623304,5468940,62149400,43924584,64771556,0,168328,0,0,2,0,11031626,2286990298,2300657253,33,33,1367235,1549967,3103723,42082,57528377,56191,413644902,313511865,0
1789565196.538433,126.47,6113280,438817,0,111,63,92,77079,604500,22660041,18623688,5469344,62149504,43924232,64771556,0,151752,0,0,2,0,11033650,2286990298,2300657490,33,33,1367336,1549967,3103724,37938,57528378,56191,413644902,313511865,0
1789565196.7887707,126.72,6113655,438817,0,111,63,92,77083,604521,22660123,18623688,5469344,62153604,43928332,64771556,0,143560,0,0,2,0,11033817,2286990298,2300657490,33,33,1367336,1550069,3103929,35890,57528378,56191,413644902,313511865,0
1789565197.0391417,126.97,6114030,438817,0,111,63,92,77083,604546,22660180,18623688,5469344,62153604,43928332,64771556,0,127176,0,0,2,0,11034132,2286990298,2300657700,33,33,1367336,1550069,3103929,31794,57528380,56191,413644902,313511865,0
1789565197.2894735,127.221,6114406,438817,0,111,63,92,77083,604571,22660239,18623688,5469344,62153604,43928332,64771556,0,118984,0,0,2,0,11034318,2286990298,2300657700,33,33,1367336,1550069,3103929,29746,57528380,56191,413644902,313511865,0
1789565197.539866,127.471,6114780,438817,0,111,63,92,77083,604598,22660671,18623688,5469344,62153200,43927904,64771556,0,102600,0,0,2,0,11034658,2286990298,2300657923,33,33,1367336,1550059,3103909,25650,57528947,56191,413644902,313511865,0
1789565197.7902985,127.722,6115155,438817,0,111,63,92,77083,604623,22660719,18623688,5469344,62153200,43927904,64771556,0,94408,0,0,2,0,11035296,2286990298,2300658451,33,33,1367336,1550059,3103909,23602,57528947,56191,413644902,313511865,0
1789565198.040644,127.972,6115531,438817,0,111,63,92,77083,604648,22660776,18623688,5469344,62153200,43927904,64771556,0,78024,0,0,2,0,11036975,2286990298,2300658751,33,33,1367336,1550059,3103909,19506,57528948,56191,413644902,313511865,0
1789565198.2910244,128.222,6115906,438817,0,111,63,92,77083,604673,22660835,18623688,5469344,62153200,43927904,64771556,0,69832,0,0,2,0,11037685,2286990298,2300659220,33,33,1367336,1550059,3103909,17458,57528949,56191,413644902,313511865,0
1789565198.5413685,128.473,6116281,438817,0,111,63,92,77083,604698,22660919,18623680,5469332,62155912,43930616,64771556,0,53464,0,0,2,0,11037881,2286990315,2300659750,33,33,1367333,1550127,3104044,13366,57528952,56191,413644902,313511921,0
1789565198.7917087,128.723,6116657,438817,0,111,63,92,77083,604723,22660960,18623680,5469332,62155912,43930616,64771556,0,45272,0,0,2,0,11037943,2286990315,2300659750,33,33,1367333,1550127,3104044,11318,57528952,56191,413644902,313511921,0
1789565199.0420504,128.973,6117032,438817,0,111,63,92,77083,604748,22661018,18623680,5469336,62155912,43930616,64771556,0,28888,0,0,2,0,11038450,2286990315,2300660113,33,33,1367334,1550127,3104044,7222,57528954,56191,413644902,313511921,0
1789565199.2923653,129.224,6117407,438817,0,111,63,92,77083,604773,22661083,18623680,5469336,62155912,43930616,64771556,0,20696,0,0,2,0,11040184,2286990315,2300660918,33,33,1367334,1550127,3104044,5174,57528954,56191,413644902,313511921,0
1789565199.5427017,129.474,6117783,438817,0,111,63,92,77083,604798,22661146,18623680,5469336,62155912,43930616,64771556,0,7232,0,0,2,0,11041955,2286990315,2300660918,33,33,1367334,1550127,3104044,1808,57528956,56191,413644902,313511921,0
1789565199.793041,129.724,6118158,438817,0,111,63,92,77083,604823,22661196,18623680,5469336,62155912,43930616,64771556,0,16,0,0,2,0,11042057,2286990315,2300661445,33,33,1367334,1550127,3104044,4,57528956,56191,413644902,313511921,0
1789565200.0433629,129.975,6118534,438817,0,111,63,92,77087,604844,22661243,18730760,5576420,62152832,43817628,64771556,0,16,0,0,2,0,11042071,2286990315,2300661445,33,33,1394105,1549979,3103749,4,57528959,56191,413644902,313511921,0
1789565200.293784,130.225,6118909,438817,0,111,63,92,77094,604862,22661290,18958576,5804236,62143604,43574116,64771556,0,16,0,0,3,0,11042081,2286990315,2300661445,33,33,1451163,1549588,3102965,4,57528960,56191,413644902,313511921,0
1789565200.544147,130.475,6119285,438817,0,111,63,92,77102,604880,22661338,19187480,6033164,62144208,43339716,64771556,0,16,0,0,2,0,11042108,2286990315,2300661445,33,33,1508291,1549450,3102689,4,57528961,56191,413644902,313511921,0
1789565200.7944894,130.726,6119660,438817,0,111,63,92,77108,604899,22661374,19306968,6152652,62152964,43225340,64771556,0,16,0,0,2,0,11042108,2286990315,2300661445,33,33,1538163,1549578,3102945,4,57528963,56191,413644902,313511921,0
1789565201.044821,130.976,6120035,438817,0,111,63,92,77113,604919,22661411,19306968,6152652,62152964,43225340,64771556,0,16,0,0,2,0,11042108,2286990315,2300661445,33,33,1538163,1549578,3102945,4,57528963,56191,413644902,313511921,0
1789565201.2951705,131.226,6120410,438817,0,111,63,92,77116,604942,22661476,19306960,6152652,62152460,43224836,64771556,0,16,0,0,2,0,11042121,2286990315,2300661445,33,33,1538163,1549565,3102920,4,57528966,56191,413644902,313511973,0
1789565201.545617,131.477,6120786,438817,0,111,63,92,77116,604967,22661557,19306960,6152652,62153344,43225720,64771556,0,0,0,0,2,0,11042129,2286990315,2300661445,33,33,1538163,1549587,3102964,0,57528967,56191,413644902,313511973,0
1789565201.7960062,131.727,6121161,438817,0,111,63,92,77116,604992,22661592,19306960,6152652,62153344,43225720,64771556,0,0,0,0,2,0,11042140,2286990315,2300661445,33,33,1538163,1549587,3102964,0,57528968,56191,413644902,313511973,0
1789565202.0463383,131.978,6121537,438817,0,111,63,92,77116,605017,22661636,19307024,6152716,62153072,43225392,64771556,0,0,0,0,2,0,11042247,2286990315,2300661445,33,33,1538179,1549580,3102950,0,57528969,56191,413644902,313511973,0
1789565202.2966824,132.228,6121911,438817,0,111,63,92,77116,605043,22661939,19307032,6152720,62155240,43227552,64771556,0,0,0,0,2,0,11042268,2286990315,2300661445,33,33,1538180,1549635,3103059,0,57529235,56191,413644902,313511973,0
1789565202.547134,132.478,6122286,438817,0,111,63,92,77116,605068,22661976,19307032,6152720,62155240,43227552,64771556,0,0,0,0,2,0,11042268,2286990315,2300661445,33,33,1538180,1549635,3103059,0,57529235,56191,413644902,313511973,0
1789565202.7974901,132.729,6122662,438817,0,111,63,92,77116,605093,22662007,19307032,6152720,62155240,43227552,64771556,0,0,0,0,2,0,11042268,2286990315,2300661445,33,33,1538180,1549635,3103059,0,57529236,56191,413644902,313511973,0
1789565203.0478222,132.979,6123037,438817,0,111,63,92,77116,605118,22662044,19307032,6152720,62155240,43227552,64771556,0,0,0,0,2,0,11042268,2286990315,2300661445,33,33,1538180,1549635,3103059,0,57529236,56191,413644902,313511973,0
1789565203.298162,133.229,6123413,438817,0,111,63,92,77116,605143,22662111,19307032,6152720,62157128,43229440,64771556,0,0,0,0,2,0,11043900,2286990315,2300661445,33,33,1538180,1549682,3103153,0,57529238,56191,413644902,313511973,0
1789565203.5484993,133.48,6123788,438817,0,111,63,92,77116,605168,22662162,19307032,6152720,62155428,43227740,64771556,0,0,0,0,2,0,11043900,2286990315,2300661445,33,33,1538180,1549639,3103068,0,57529454,56191,413644902,313511973,0
1789565203.7988193,133.73,6124163,438817,0,111,63,92,77116,605193,22662205,19307032,6152720,62155428,43227740,64771556,0,0,0,0,2,0,11043912,2286990315,2300661445,33,33,1538180,1549639,3103068,0,57529455,56191,413644902,313511973,0
1789565204.0491428,133.98,6124539,438817,0,111,63,92,77116,605218,22662264,19307032,6152720,62155280,43227592,64771556,0,0,0,0,2,0,11044014,2286990315,2300661445,33,33,1538180,1549636,3103061,0,57529456,56191,413644902,313511973,0
1789565204.2995262,134.231,6124914,438817,0,111,63,92,77116,605243,22662309,19307032,6152720,62156928,43229240,64771556,0,0,0,0,2,0,11044014,2286990315,2300661445,33,33,1538180,1549677,3103143,0,57529457,56191,413644902,313511973,0
1789565204.5498662,134.481,6125283,438817,0,111,63,92,77125,605266,22662397,19422752,5039336,62147476,43101200,64771556,0,1229144,0,0,2,0,11044018,2286990315,2300661445,33,33,1259834,1549370,3102529,307286,57529458,56191,413644902,314741181,0
1789565204.8001785,134.731,6125659,438817,0,111,63,92,77135,605281,22662467,19651840,5268424,62138408,42856348,64771556,0,1214708,0,0,2,0,11046199,2286990694,2300662045,33,33,1317106,1548976,3101741,303677,57529459,56191,413644902,314741181,0
1789565205.0505018,134.982,6126034,438817,0,111,63,92,77141,605300,22662523,19880424,5497008,62136948,42620144,64771556,0,1204712,0,0,2,0,11046955,2286990698,2300662049,33,33,1374354,1548796,3101380,301178,57529460,56191,413644902,314741181,0
1789565205.3008513,135.232,6126390,438817,0,111,63,92,77146,605338,22663182,19990456,5606856,62107040,42476840,64771556,0,1196392,0,0,2,0,11047047,2286990698,2300662049,33,33,1401714,1547955,3099696,299098,57534673,56191,413644902,314741181,0
1789565205.5513132,135.483,6126710,438817,0,111,63,92,77149,605414,22664116,19990456,5606856,62065456,42435256,64771556,0,1180000,0,0,2,0,11047149,2286990698,2300662049,33,33,1401714,1546917,3097617,295000,57544517,56191,413644902,314741181,0
1789565205.8018286,135.733,6127078,438817,0,111,63,92,77154,605442,22664908,19990456,5606856,62041216,42411016,64771556,0,1163616,0,0,2,0,11048920,2286990698,2300662778,33,33,1401714,1546312,3096406,290904,57550279,56191,413644902,314741181,0
1789565206.0524256,135.984,6127446,438817,0,111,63,92,77157,605471,22665689,19990456,5606856,62016976,42386776,64771556,0,1155424,0,0,2,0,11049102,2286990698,2300663152,33,33,1401714,1545707,3095194,288856,57556074,56191,413644902,314741181,0
1789565206.3029084,136.234,6127815,438817,0,111,63,92,77160,605497,22666533,19990456,5606856,62014968,42384736,64771556,0,1147232,0,0,3,0,11049356,2286990698,2300663152,33,33,1401714,1545657,3095094,286808,57557105,56191,413644902,314741181,0
1789565206.5533586,136.485,6128185,438817,0,111,63,92,77164,605524,22667140,19990456,5606856,62014968,42384736,64771556,0,1130848,0,0,2,0,11049550,2286990698,2300663152,33,33,1401714,1545657,3095094,282712,57557107,56191,413644902,314741181,0
1789565206.8038435,136.735,6128555,438817,0,111,63,92,77167,605552,22667716,19990456,5606856,62014968,42384736,64771556,0,1122656,0,0,2,0,11050092,2286990698,2300663555,33,33,1401714,1545657,3095094,280664,57557147,56191,413644902,314741181,0
1789565207.0542998,136.986,6128924,438817,0,111,63,92,77170,605579,22668292,19990456,5606856,61991940,42361708,64771556,0,1106248,0,0,2,0,11050286,2286990698,2300663555,33,33,1401714,1545082,3093943,276562,57562902,56191,413644902,314741181,0
1789565207.3047204,137.236,6129294,438817,0,111,63,92,77175,605606,22668887,19990456,5606856,61967948,42337716,64771556,0,1098056,0,0,2,0,11051671,2286990698,2300663936,33,33,1401714,1544483,3092743,274514,57568848,56191,413644902,314741181,0
1789565207.5552003,137.487,6129662,438826,0,111,63,92,77178,605626,22669346,19846304,5462704,61982216,42498824,64771556,0,1081664,0,1,1,0,11052254,2287017260,2300690498,33,33,1365676,1544907,3093591,270416,57572514,56191,413644902,314741181,0
1789565207.8056386,137.737,6130037,438852,0,111,63,92,77178,605626,22669397,19846304,5462704,61982216,42498824,64771556,0,1073472,0,1,1,0,11052254,2287266585,2300939823,33,33,1365676,1544907,3093591,268368,57572515,56191,413644902,314741181,0
1789565208.0559838,137.987,6130412,438877,0,111,63,92,77178,605626,22669454,19846304,5462704,61984412,42501020,64771556,0,1057088,0,1,1,0,11052254,2287516880,2301190118,33,33,1365676,1544961,3093701,264272,57572516,56191,413644902,314741181,0
1789565208.306307,138.238,6130788,438902,0,111,63,92,77178,605626,22669512,19846304,5462704,61984680,42501288,64771556,0,1048932,0,1,1,0,11052254,2287766180,2301439418,33,33,1365676,1544968,3093714,262233,57572516,56191,413644902,314741181,0
1789565208.5566251,138.488,6131163,438927,0,111,63,92,77178,605626,22669557,19846304,5462704,61984680,42501288,64771556,0,1032548,0,1,1,0,11052254,2288016468,2301689706,33,33,1365676,1544968,3093714,258137,57572518,56191,413644902,314741181,0
1789565208.8069456,138.738,6131538,438952,0,111,63,92,77178,605626,22669604,19846304,5462704,61984680,42501288,64771556,0,1024356,0,1,1,0,11052255,2288265770,2301939008,33,33,1365676,1544968,3093714,256089,57572518,56191,413644902,314741181,0
1789565209.057254,138.989,6131913,438977,0,111,63,92,77178,605626,22669643,19846304,5462704,61984680,42501288,64771556,0,1007948,0,1,1,0,11052255,2288516059,2302189297,33,33,1365676,1544968,3093714,251987,57572519,56191,413644902,314741181,0
1789565209.3075678,139.239,6132289,439002,0,111,63,92,77178,605626,22669716,19846304,5462704,61985800,42502408,64771556,0,999720,0,1,1,0,11052255,2288765342,2302438580,33,33,1365676,1544996,3093770,249930,57572520,56191,413644902,314741181,0
1789565209.5578942,139.489,6132664,439027,0,111,63,92,77178,605626,22669818,19846304,5462744,61985808,42502408,64771556,0,983328,0,1,1,0,11052264,2289013645,2302686897,33,33,1365686,1544996,3093770,245832,57572520,56191,413644902,314741349,0
1789565209.8082137,139.74,6133030,439052,0,111,63,92,77187,605626,22669919,19846192,3556116,61976480,42493080,64771556,0,2881764,0,1,1,0,11052268,2289196654,2302869908,33,33,889029,1544763,3093304,720441,57572522,56191,413644910,316648129,0
1789565210.0585234,139.99,6133405,439077,0,111,63,92,77187,605626,22670014,19846432,3555964,61976480,42492840,64771556,0,2865532,0,1,1,0,11052268,2289445944,2303119199,33,33,888991,1544763,3093304,716383,57572522,56191,413644910,316648129,0
1789565210.3088372,140.24,6133780,439102,0,111,63,92,77187,605626,22670062,19846432,3555964,61976480,42492840,64771556,0,2857340,0,1,1,0,11052268,2289696221,2303369475,33,33,888991,1544763,3093304,714335,57572523,56191,413644910,316648129,0
1789565210.5591373,140.49,6134156,439127,0,111,63,92,77187,605626,22670110,19846432,3555964,61976480,42492840,64771556,0,2840948,0,1,1,0,11052268,2289946481,2303619735,33,33,888991,1544763,3093304,710237,57572525,56191,413644910,316648129,0
1789565210.8094294,140.741,6134531,439153,0,111,63,92,77187,605626,22670151,19846432,3555964,61976480,42492840,64771556,0,2832756,0,1,1,0,11052268,2290195757,2303869011,33,33,888991,1544763,3093304,708189,57572526,56191,413644910,316648129,0
1789565211.0597491,140.991,6134906,439178,0,111,63,92,77187,605626,22670204,19846432,3555964,61976480,42492840,64771556,0,2816356,0,1,2,0,11052268,2290446060,2304119315,33,33,888991,1544763,3093304,704089,57572527,56191,413644910,316648129,0
1789565211.3100839,141.241,6135281,439203,0,111,63,92,77187,605626,22670264,19846432,3555964,61976480,42492840,64771556,0,2799972,0,1,1,0,11052268,2290695348,2304368602,33,33,888991,1544763,3093304,699993,57572528,56191,413644910,316648129,0
1789565211.5603886,141.492,6135657,439228,0,111,63,92,77187,605626,22670301,19846432,3555964,61976480,42492840,64771556,0,2791772,0,1,1,0,11052268,2290945603,2304618858,33,33,888991,1544763,3093304,697943,57572528,56191,413644910,316648129,0
1789565211.8106773,141.742,6136032,439253,0,111,63,92,77187,605626,22670344,19846432,3555964,61976480,42492840,64771556,0,2783580,0,1,1,0,11052268,2291195887,2304869141,33,33,888991,1544763,3093304,695895,57572530,56191,413644910,316648129,0
1789565212.0609896,141.992,6136407,439278,0,111,63,92,77187,605626,22670389,19846432,3555964,61976480,42492840,64771556,0,2767196,0,1,1,0,11052268,2291446146,2305119401,33,33,888991,1544763,3093304,691799,57572530,56191,413644910,316648129,0
1789565212.3112907,142.243,6136782,439303,0,111,63,92,77187,605626,22670448,19846432,3555964,61976480,42492840,64771556,0,2750812,0,1,1,0,11052269,2291695433,2305368687,33,33,888991,1544763,3093304,687703,57572532,56191,413644910,316648129,0
1789565212.5615854,142.493,6137158,439328,0,111,63,92,77187,605626,22670503,19846432,3555964,61976480,42492840,64771556,0,2742612,0,1,1,0,11052276,2291945692,2305618966,33,33,888991,1544763,3093304,685653,57572532,56191,413644910,316648129,0
1789565212.8119092,142.743,6137533,439353,0,111,63,92,77187,605626,22670543,19846432,3555964,61976480,42492840,64771556,0,2734420,0,2,1,0,11052276,2292195995,2305869269,33,33,888991,1544763,3093304,683605,57572533,56191,413644910,316648129,0
1789565213.062242,142.994,6137902,439378,0,111,63,92,77189,605630,22670948,19846436,3558096,61970188,42486544,64771556,0,2718020,0,1,2,0,11052385,2292401187,2306074462,33,33,889524,1544606,3092990,679505,57576645,56191,413644910,316648129,0
1789565213.3126163,143.244,6138254,439403,0,111,63,92,77194,605649,22671439,19846444,3558404,61943652,42459992,64771556,0,2701824,0,1,1,0,11052481,2292532738,2306206013,33,33,889601,1543943,3091662,675456,57587111,56191,413644914,316648133,0
1789565213.56304,143.494,6138628,439429,0,111,63,92,77194,605649,22671796,19846440,3559516,61942348,42458652,64771556,0,2693444,0,1,1,0,11052491,2292774383,2306447668,33,33,889879,1543910,3091596,673361,57587989,56191,413644914,316648133,0
1789565213.8134046,143.745,6139003,439454,0,111,63,92,77194,605649,22671849,19846440,3557992,61942348,42458652,64771556,0,2678584,0,1,1,0,11052491,2293023687,2306696972,33,33,889498,1543910,3091596,669646,57587990,56191,413644914,316649657,0
1789565214.063736,143.995,6139378,439479,0,111,63,92,77195,605649,22671921,19846440,3557992,61942348,42458652,64771556,0,2668916,0,1,1,0,11052497,2293273631,2306947300,33,33,889498,1543910,3091596,667229,57587997,56191,413644914,316649657,0
1789565214.3140862,144.245,6139753,439504,0,111,63,92,77195,605649,22671982,19846440,3557992,61948756,42465060,64771556,0,2660668,0,1,1,0,11052497,2293523917,2307197587,33,33,889498,1544070,3091916,665167,57587997,56191,413644914,316649657,0
1789565214.564395,144.496,6140129,439529,0,111,63,92,77195,605650,22672042,19846440,3556208,61948756,42465060,64771556,0,2644660,0,1,1,0,11052497,2293774190,2307447859,33,33,889052,1544070,3091916,661165,57587999,56191,413644914,316651773,0
1789565214.8146896,144.746,6140504,439554,0,111,63,92,77195,605650,22672095,19846440,3556208,61948756,42465060,64771556,0,2636468,0,1,1,0,11052497,2294024484,2307698153,33,33,889052,1544070,3091916,659117,57587999,56191,413644914,316651773,0
1789565215.0650403,144.996,6140871,439579,0,111,63,92,77203,605650,22672214,19846544,1905468,61948792,42464868,64771556,0,4269524,0,1,1,0,11053008,2294211868,2307885537,33,33,476367,1544071,3091918,1067381,57588001,56191,413644914,318302501,0
1789565215.3153596,145.247,6141246,439604,0,111,63,92,77203,605650,22672284,19846544,1905468,61952480,42468556,64771556,0,4261712,0,1,1,0,11053008,2294462147,2308135817,33,33,476367,1544163,3092102,1065428,57588001,56191,413644914,318302501,0
1789565215.5656703,145.497,6141621,439629,0,111,63,92,77203,605650,22672334,19846544,1905468,61952480,42468556,64771556,0,4244964,0,1,1,0,11053009,2294711421,2308385090,33,33,476367,1544163,3092102,1061241,57588003,56191,413644914,318302501,0
1789565215.8159924,145.747,6141996,439654,0,111,63,92,77203,605650,22672405,19846544,1905468,61952480,42468556,64771556,0,4236760,0,1,1,0,11053014,2294960568,2308634405,33,33,476367,1544163,3092102,1059190,57588020,56191,413644914,318302501,0
1789565216.0663376,145.998,6142371,439679,0,111,63,92,77203,605650,22672452,19846544,1905468,61952480,42468556,64771556,0,4220392,0,1,1,0,11053014,2295209857,2308883694,33,33,476367,1544163,3092102,1055098,57588022,56191,413644914,318302501,0
1789565216.316656,146.248,6142747,439705,0,111,63,92,77203,605650,22672524,19846544,1905468,61955720,42471796,64771556,0,4212172,0,1,1,0,11053014,2295459162,2309132999,33,33,476367,1544244,3092264,1053043,57588023,56191,413644914,318302501,0
1789565216.5669868,146.498,6143122,439730,0,111,63,92,77203,605650,22672576,19846544,1905468,61955848,42471924,64771556,0,4195780,0,1,1,0,11053014,2295707460,2309381298,33,33,476367,1544247,3092270,1048945,57588024,56191,413644914,318302501,0
1789565216.817287,146.749,6143497,439755,0,111,63,92,77203,605650,22672620,19846544,1905468,61955848,42471924,64771556,0,4187588,0,1,1,0,11053014,2295956736,2309630574,33,33,476367,1544247,3092270,1046897,57588024,56191,413644914,318302501,0
1789565217.0675824,146.999,6143872,439780,0,111,63,92,77203,605650,22672675,19846544,1905468,61955848,42471924,64771556,0,4179396,0,1,1,0,11053015,2296206010,2309879848,33,33,476367,1544247,3092270,1044849,57588025,56191,413644914,318302501,0
1789565217.3178988,147.249,6144247,439805,0,111,63,92,77203,605650,22672746,19846540,1905468,61958680,42474756,64771556,0,4163116,0,1,1,0,11053015,2296454332,2310128169,33,33,476367,1544318,3092412,1040779,57588026,56191,413644914,318302501,0
1789565217.5682333,147.5,6144623,439830,0,111,63,92,77203,605650,22672827,19846544,1905468,61958952,42475028,64771556,0,4154804,0,1,1,0,11053022,2296703630,2310377475,33,33,476367,1544325,3092426,1038701,57588027,56191,413644914,318302501,0
1789565217.8185403,147.75,6144998,439856,0,111,63,92,77203,605650,22672885,19846544,1905468,61958952,42475028,64771556,0,4138420,0,1,1,0,11053022,2296951921,2310625767,33,33,476367,1544325,3092426,1034605,57588028,56191,413644914,318302501,0
1789565218.068838,148.0,6145373,439881,0,111,63,92,77203,605650,22672933,19846544,1905468,61962572,42478648,64771556,0,4130228,0,1,1,0,11053022,2297201211,2310875057,33,33,476367,1544415,3092606,1032557,57588028,56191,413644914,318302501,0
1789565218.3191516,148.25,6145748,439906,0,111,63,92,77203,605650,22672994,19846544,1905468,61962572,42478648,64771556,0,4113836,0,1,1,0,11053023,2297449506,2311123352,33,33,476367,1544415,3092606,1028459,57588029,56191,413644914,318302501,0
1789565218.5694528,148.501,6146123,439931,0,111,63,92,77203,605650,22673047,19846544,1905468,61962572,42478648,64771556,0,4097444,0,1,1,0,11053023,2297698816,2311372662,33,33,476367,1544415,3092606,1024361,57588030,56191,413644914,318302501,0
1789565218.8197882,148.751,6146498,439956,0,111,63,92,77203,605650,22673090,19846544,1905468,61962572,42478648,64771556,0,4089252,0,1,1,0,11053023,2297948115,2311621961,33,33,476367,1544415,3092606,1022313,57588033,56191,413644914,318302501,0
1789565219.0701027,149.001,6146874,439981,0,111,63,92,77204,605650,22673137,19846544,1905468,61965160,42481236,64771556,0,4081060,0,1,1,0,11053023,2298198374,2311872220,33,33,476367,1544480,3092736,1020265,57588033,56191,413644914,318302501,0
1789565219.3203967,149.252,6147249,440007,0,111,63,92,77204,605650,22673217,19846544,1905468,61965496,42481572,64771556,0,4064660,0,1,1,0,11053023,2298446666,2312120512,33,33,476367,1544488,3092753,1016165,57588034,56191,413644914,318302501,0
1789565219.5706925,149.502,6147624,440032,0,111,63,92,77204,605650,22673267,19846544,1905468,61965496,42481572,64771556,0,4056468,0,1,1,0,11053023,2298695946,2312369792,33,33,476367,1544488,3092753,1014117,57588034,56191,413644914,318302501,0
1789565219.8209968,149.752,6147999,440057,0,111,63,92,77204,605650,22673318,19846544,1905656,61965496,42481572,64771556,0,4040124,0,1,1,0,11053024,2298945210,2312619056,33,33,476414,1544488,3092753,1010031,57588035,56191,413644914,318302701,0
1789565220.0712783,150.003,6148374,440082,0,111,63,92,77204,605650,22673357,19846544,1905656,61965496,42481572,64771556,0,4032236,0,1,1,0,11053024,2299195469,2312869316,33,33,476414,1544488,3092753,1008059,57588036,56191,413644914,318302701,0
1789565220.3215675,150.253,6148749,440108,0,111,63,92,77204,605650,22673471,19846552,1905656,61967240,42483200,64771556,0,4015508,0,1,1,0,11053029,2299438209,2313112055,33,33,476414,1544531,3092840,1003877,57588039,56191,413645098,318302701,0
1789565220.571862,150.503,6149124,440133,0,111,63,92,77204,605650,22673520,19846552,1905656,61967240,42483200,64771556,0,4007316,0,1,1,0,11053029,2299687473,2313361319,33,33,476414,1544531,3092840,1001829,57588039,56191,413645098,318302701,0
1789565220.8221478,150.753,6149499,440158,0,111,63,92,77204,605650,22673567,19846552,1905656,61967240,42483200,64771556,0,3990916,0,1,1,0,11053035,2299936750,2313610611,33,33,476414,1544531,3092840,997729,57588040,56191,413645098,318302701,0
1789565221.0724623,151.004,6149874,440183,0,111,63,92,77204,605650,22673637,19846552,1905656,61970424,42486384,64771556,0,3982724,0,1,1,0,11053036,2300185033,2313858894,33,33,476414,1544611,3092999,995681,57588041,56191,413645098,318302701,0
1789565221.3227713,151.254,6150249,440208,0,111,63,92,77204,605650,22673700,19846552,1905656,61972144,42488104,64771556,0,3966444,0,1,1,0,11053036,2300433358,2314107219,33,33,476414,1544654,3093085,991611,57588043,56191,413645098,318302701,0
1789565221.573095,151.504,6150624,440233,0,111,63,92,77204,605650,22673777,19846552,1905656,61972144,42488104,64771556,0,3958252,0,1,1,0,11053041,2300682634,2314356501,33,33,476414,1544654,3093085,989563,57588045,56191,413645098,318302701,0
1789565221.8233979,151.755,6150999,440259,0,111,63,92,77204,605650,22673829,19846552,1905656,61972144,42488104,64771556,0,3941868,0,1,1,0,11053041,2300930946,2314604814,33,33,476414,1544654,3093085,985467,57588045,56191,413645098,318302701,0
1789565222.07371,152.005,6151375,440284,0,111,63,92,77204,605650,22673880,19846552,1905656,61974288,42490248,64771556,0,3933556,0,1,1,0,11053042,2301180237,2314854104,33,33,476414,1544707,3093192,983389,57588046,56191,413645098,318302701,0
1789565222.3240254,152.255,6151750,440309,0,111,63,92,77204,605650,22673960,19846552,1905656,61974288,42490248,64771556,0,3917164,0,1,1,0,11053042,2301428541,2315102408,33,33,476414,1544707,3093192,979291,57588046,56191,413645098,318302701,0
1789565222.5743434,152.506,6152125,440334,0,111,63,92,77204,605650,22673999,19846552,1905656,61974288,42490248,64771556,0,3908972,0,1,1,0,11053042,2301677827,2315351695,33,33,476414,1544707,3093192,977243,57588048,56191,413645098,318302701,0
1789565222.8246365,152.756,6152500,440359,0,111,63,92,77204,605650,22674048,19846552,1905656,61974288,42490248,64771556,0,3892708,0,1,1,0,11053042,2301926129,2315599997,33,33,476414,1544707,3093192,973177,57588048,56191,413645098,318302701,0
1789565223.0749547,153.006,6152875,440385,0,111,63,92,77204,605650,22674092,19846552,1905656,61974288,42490248,64771556,0,3884516,0,1,1,0,11053043,2302175400,2315849268,33,33,476414,1544707,3093192,971129,57588050,56191,413645098,318302701,0
1789565223.325243,153.257,6153250,440410,0,111,63,92,77204,605650,22674173,19846552,1905656,61974524,42490484,64771556,0,3867988,0,1,1,0,11053043,2302423683,2316097551,33,33,476414,1544713,3093204,966997,57588050,56191,413645098,318302701,0
1789565223.5755413,153.507,6153625,440435,0,111,63,92,77204,605650,22674218,19846552,1905656,61974524,42490484,64771556,0,3859796,0,1,1,0,11053043,2302672946,2316346814,33,33,476414,1544713,3093204,964949,57588051,56191,413645098,318302701,0
1789565223.8258345,153.757,6154001,440460,0,111,63,92,77204,605650,22674284,19846552,1905656,61976028,42491988,64771556,0,3843472,0,1,1,0,11053043,2302922221,2316596089,33,33,476414,1544751,3093279,960868,57588052,56191,413645098,318302701,0
1789565224.076129,154.007,6154376,440485,0,111,63,92,77204,605651,22674360,19846552,1905656,61976380,42492340,64771556,0,3835212,0,1,1,0,11053043,2303171520,2316845388,33,33,476414,1544760,3093297,958803,57588056,56191,413645098,318302701,0
1789565224.3264554,154.258,6154751,440510,0,111,63,92,77204,605651,22674417,19846552,1905656,61976380,42492340,64771556,0,3818828,0,1,1,0,11053044,2303419830,2317093698,33,33,476414,1544760,3093297,954707,57588057,56191,413645098,318302701,0
1789565224.576767,154.508,6155126,440536,0,111,63,92,77204,605651,22674460,19846552,1905656,61976380,42492340,64771556,0,3810636,0,1,1,0,11053044,2303669116,2317342984,33,33,476414,1544760,3093297,952659,57588058,56191,413645098,318302701,0
1789565224.827067,154.758,6155501,440561,0,111,63,92,77204,605651,22674516,19846540,1905656,61976380,42492340,64771556,0,3794252,0,1,1,0,11053044,2303918381,2317592249,33,33,476414,1544760,3093297,948563,57588058,56191,413645098,318302757,0
1789565225.077347,155.009,6155876,440586,0,111,63,92,77204,605651,22674585,19846552,1905656,61976380,42492340,64771556,0,3786060,0,1,1,0,11053044,2304167652,2317841520,33,33,476414,1544760,3093297,946515,57588059,56191,413645098,318302757,0
1789565225.3276656,155.259,6156252,440611,0,111,63,92,77204,605651,22674641,19846552,1905656,61976380,42492340,64771556,0,3769772,0,1,1,0,11053044,2304416970,2318090838,33,33,476414,1544760,3093297,942443,57588060,56191,413645098,318302757,0
1789565225.5779858,155.509,6156627,440636,0,111,63,92,77204,605651,22674722,19846552,1905656,61977696,42493656,64771556,0,3761580,0,1,1,0,11053050,2304666238,2318340113,33,33,476414,1544793,3093363,940395,57588061,56191,413645098,318302757,0
1789565225.8282845,155.76,6157002,440661,0,111,63,92,77204,605651,22674818,19846552,1905656,61977696,42493656,64771556,0,3745124,0,1,1,0,11053057,2304913906,2318589413,33,33,476414,1544793,3093363,936281,57588074,56191,413645098,318302757,0
1789565226.078615,156.01,6157377,440686,0,111,63,92,77204,605651,22674872,19846552,1905656,61977696,42493656,64771556,0,3737232,0,1,1,0,11053057,2305163199,2318838706,33,33,476414,1544793,3093363,934308,57588074,56191,413645098,318302757,0
1789565226.328939,156.26,6157752,440711,0,111,63,92,77204,605651,22674943,19846552,1905656,61977456,42493416,64771556,0,3720492,0,1,1,0,11053064,2305411517,2319087034,33,33,476414,1544787,3093351,930123,57588075,56191,413645098,318302757,0
1789565226.5792596,156.511,6158127,440737,0,111,63,92,77204,605651,22674985,19846552,1905656,61977456,42493416,64771556,0,3712300,0,1,1,0,11053064,2305660808,2319336325,33,33,476414,1544787,3093351,928075,57588077,56191,413645098,318302757,0
1789565226.8295567,156.761,6158502,440762,0,111,63,92,77204,605651,22675036,19846552,1905656,61977456,42493416,64771556,0,3695916,0,1,1,0,11053064,2305909107,2319584625,33,33,476414,1544787,3093351,923979,57588078,56191,413645098,318302757,0
1789565227.0798595,157.011,6158878,440787,0,111,63,92,77204,605651,22675085,19846552,1905656,61977456,42493416,64771556,0,3687724,0,1,1,0,11053064,2306158384,2319833902,33,33,476414,1544787,3093351,921931,57588079,56191,413645098,318302757,0
1789565227.3301544,157.261,6159253,440812,0,111,63,92,77204,605651,22675161,19846552,1905656,61977456,42493416,64771556,0,3671436,0,1,1,0,11053065,2306406687,2320082204,33,33,476414,1544787,3093351,917859,57588080,56191,413645098,318302757,0
1789565227.580462,157.512,6159628,440837,0,111,63,92,77204,605651,22675204,19846552,1905656,61977456,42493416,64771556,0,3663244,0,1,1,0,11053065,2306655958,2320331475,33,33,476414,1544787,3093351,915811,57588080,56191,413645098,318302757,0
1789565227.8307683,157.762,6160003,440862,0,111,63,92,77205,605651,22675262,19838360,1905656,61977636,42501824,64771556,0,3646756,0,1,1,0,11053078,2306904475,2320580005,33,33,476414,1544792,3093362,911689,57588082,56191,413645098,318302757,0
1789565228.0810692,158.012,6160378,440887,0,111,63,92,77205,605651,22675305,19830168,1905656,61977552,42509904,64771556,0,3638916,0,1,1,0,11053084,2307153988,2320829518,33,33,476414,1544790,3093358,909729,57588082,56191,413645098,318302757,0
1789565228.3313694,158.263,6160753,440908,0,111,63,92,77210,605651,22675414,19179592,1271464,62005148,43205816,64771556,0,3622156,0,1,1,0,11058594,2307345785,2321021321,33,33,317866,1545921,3095623,905539,57588083,56191,413645098,318302757,0
1789565228.5816925,158.513,6161129,440933,0,111,63,92,77210,605651,22675455,19171400,1271464,62005200,43214272,64771556,0,3613964,0,1,1,0,11058603,2307595399,2321271004,33,33,317866,1545929,3095638,903491,57588084,56191,413645098,318302757,0
1789565228.8320217,158.763,6161504,440958,0,111,63,92,77210,605651,22675502,19163208,1271464,62005244,43222680,64771556,0,3597900,0,1,1,0,11058609,2307845051,2321520656,33,33,317866,1545935,3095650,899475,57588085,56191,413645098,318302757,0
1789565229.0823348,159.014,6161879,440983,0,111,63,92,77210,605651,22675552,19163208,1271464,62005244,43222680,64771556,0,3589388,0,1,1,0,11058621,2308095289,2321770939,33,33,317866,1545935,3095650,897347,57588086,56191,413645098,318302757,0
1789565229.3326287,159.264,6162255,441008,0,111,63,92,77210,605651,22675619,19163200,1271448,62005312,43222680,64771556,0,3573368,0,1,1,0,11058628,2308344559,2322020220,33,33,317862,1545937,3095654,893342,57588088,56191,413645098,318302833,0
1789565229.5829437,159.514,6162630,441033,0,111,63,92,77210,605651,22675718,19163200,1271448,62006464,43223832,64771556,0,3565176,0,1,1,0,11058633,2308594835,2322270504,33,33,317862,1545965,3095711,891294,57588088,56191,413645098,318302833,0
1789565229.8332372,159.765,6163005,441058,0,111,63,92,77210,605651,22675759,19163200,1271448,62006464,43223832,64771556,0,3550424,0,1,1,0,11058633,2308845104,2322520773,33,33,317862,1545965,3095711,887606,57588090,56191,413645098,318302833,0
1789565230.0835302,160.015,6163380,441083,0,111,63,92,77210,605651,22675820,19163208,1271504,62006748,43224084,64771556,0,3541868,0,1,1,0,11058637,2309095357,2322771032,33,33,317876,1545972,3095725,885467,57588090,56191,413645098,318302913,0
1789565230.333836,160.265,6163752,441108,0,111,63,92,77214,605651,22675980,19163184,637656,62006336,43223672,64771556,0,4158128,0,1,1,0,11058643,2309318012,2322993694,33,33,159414,1545962,3095705,1039532,57588091,56191,413645102,318937105,0
1789565230.5841384,160.515,6164128,441133,0,111,63,92,77214,605651,22676025,19163184,637656,62006336,43223672,64771556,0,4141740,0,1,1,0,11058643,2309567282,2323242964,33,33,159414,1545962,3095705,1035435,57588092,56191,413645102,318937105,0
1789565230.834433,160.766,6164503,441158,0,111,63,92,77214,605651,22676064,19163184,637656,62006336,43223672,64771556,0,4133764,0,1,1,0,11058643,2309817558,2323493241,33,33,159414,1545962,3095705,1033441,57588092,56191,413645102,318937105,0
1789565231.084733,161.016,6164878,441183,0,111,63,92,77214,605651,22676105,19163184,637656,62006336,43223672,64771556,0,4125360,0,1,1,0,11058649,2310067835,2323743525,33,33,159414,1545962,3095705,1031340,57588093,56191,413645102,318937105,0
1789565231.335046,161.266,6165253,441208,0,111,63,92,77214,605651,22676176,19163256,637312,62006140,43223404,64771556,0,4108976,0,1,1,0,11058653,2310317110,2323992808,33,33,159328,1545957,3095695,1027244,57588094,56191,413645102,318937105,0
1789565231.585351,161.517,6165629,441233,0,111,63,92,77214,605651,22676214,19163256,637312,62006140,43223404,64771556,0,4101000,0,1,1,0,11058653,2310567377,2324243075,33,33,159328,1545957,3095695,1025250,57588095,56191,413645102,318937105,0
1789565231.8356683,161.767,6166004,441258,0,111,63,92,77214,605652,22676261,19163256,637312,62006140,43223404,64771556,0,4084632,0,1,1,0,11058653,2310816706,2324492404,33,33,159328,1545957,3095695,1021158,57588096,56191,413645102,318937105,0
1789565232.0860038,162.017,6166379,441283,0,111,63,92,77214,605652,22676306,19163256,637312,62006140,43223404,64771556,0,4076092,0,1,1,0,11058653,2311066977,2324742674,33,33,159328,1545957,3095695,1019023,57588098,56191,413645102,318937105,0
1789565232.336301,162.268,6166754,441309,0,111,63,92,77214,605652,22676353,19163256,637312,62006140,43223404,64771556,0,4067900,0,1,1,0,11058657,2311316240,2324991945,33,33,159328,1545957,3095695,1016975,57588098,56191,413645102,318937105,0
1789565232.586596,162.518,6167130,441334,0,111,63,92,77214,605652,22676392,19163256,637312,62006140,43223404,64771556,0,4051516,0,1,1,0,11058657,2311566501,2325242206,33,33,159328,1545957,3095695,1012879,57588100,56191,413645102,318937105,0
1789565232.8368967,162.768,6167505,441359,0,111,63,92,77214,605652,22676440,19163256,637312,62006140,43223404,64771556,0,4043324,0,1,1,0,11058657,2311815780,2325491485,33,33,159328,1545957,3095695,1010831,57588100,56191,413645102,318937105,0
1789565233.0871952,163.019,6167880,441384,0,111,63,92,77214,605652,22676488,19163256,637312,62006140,43223404,64771556,0,4026940,0,1,1,0,11058665,2312066033,2325741762,33,33,159328,1545957,3095695,1006735,57588102,56191,413645102,318937105,0
1789565233.3374858,163.269,6168255,441409,0,111,63,92,77214,605652,22676541,19163256,637312,62006140,43223404,64771556,0,4010744,0,1,1,0,11058669,2312315305,2325991041,33,33,159328,1545957,3095695,1002686,57588102,56191,413645102,318937105,0
1789565233.5877843,163.519,6168631,441434,0,111,63,92,77214,605652,22676612,19163256,637312,62006624,43223888,64771556,0,4002648,0,1,1,0,11058674,2312565570,2326241312,33,33,159328,1545969,3095719,1000662,57588103,56191,413645102,318937105,0
1789565233.838084,163.769,6169006,441459,0,111,63,92,77214,605652,22676659,19163256,637312,62006624,43223888,64771556,0,3994300,0,1,1,0,11058674,2312814832,2326490574,33,33,159328,1545969,3095719,998575,57588103,56191,413645102,318937105,0
1789565234.0883758,164.02,6169381,441484,0,111,63,92,77214,605652,22676715,19163256,637316,62006624,43223888,64771556,0,3978172,0,1,1,0,11058680,2313064716,2326740872,33,33,159329,1545969,3095719,994543,57588111,56191,413645102,318937105,0
1789565234.338725,164.27,6169756,441509,0,111,63,92,77214,605652,22676783,19163256,637316,62006372,43223636,64771556,0,3961404,0,1,1,0,11058688,2313315013,2326991185,33,33,159329,1545963,3095707,990351,57588112,56191,413645102,318937105,0
1789565234.589052,164.52,6170131,441534,0,111,63,92,77214,605652,22676844,19163256,637316,62006372,43223636,64771556,0,3953212,0,1,1,0,11058688,2313565314,2327241487,33,33,159329,1545963,3095707,988303,57588112,56191,413645102,318937105,0
1789565234.8393807,164.771,6170507,441559,0,111,63,92,77214,605652,22676884,19163256,637316,62006372,43223636,64771556,0,3945020,0,1,1,0,11058688,2313815584,2327491757,33,33,159329,1545963,3095707,986255,57588113,56191,413645102,318937105,0
1789565235.0896676,165.021,6170882,441584,0,111,63,92,77214,605652,22676933,19163256,637316,62006372,43223636,64771556,0,3928636,0,1,1,0,11058694,2314065835,2327742016,33,33,159329,1545963,3095707,982159,57588113,56191,413645102,318937105,0
1789565235.339978,165.271,6171255,441609,0,111,63,92,77216,605652,22677018,19163236,146116,62005956,43223220,64771556,0,4411772,0,1,3,0,11058700,2314292545,2327968731,33,33,36217,1545953,3095686,1103255,57588115,56191,413645102,319428749,0
1789565235.5903249,165.522,6171629,441635,0,111,63,92,77217,605652,22677070,19163232,3468,62005956,43223220,64771556,0,4538536,0,1,1,0,11058700,2314536031,2328212218,33,33,867,1545953,3095686,1134634,57588116,56191,413645102,319571421,0
1789565235.840632,165.772,6172004,441660,0,111,63,92,77217,605652,22677139,19163232,3468,62005956,43223220,64771556,0,4521948,0,1,1,0,11058704,2314785212,2328461519,33,33,867,1545953,3095686,1130487,57588129,56191,413645102,319571421,0
1789565236.0909703,166.022,6172380,441685,0,111,63,92,77217,605652,22677190,19163288,3208,62005748,43222964,64771556,0,4513676,0,1,1,0,11058708,2315035476,2328711789,33,33,802,1545948,3095675,1128419,57588130,56191,413645102,319571421,0
1789565236.3412697,166.273,6172755,441710,0,111,63,92,77217,605652,22677245,19163288,3208,62005748,43222964,64771556,0,4497292,0,1,1,0,11058713,2315284743,2328961064,33,33,802,1545948,3095675,1124323,57588132,56191,413645102,319571421,0
1789565236.5915658,166.523,6173130,441735,0,111,63,92,77217,605652,22677283,19163288,3208,62005748,43222964,64771556,0,4489424,0,1,1,0,11058718,2315534995,2329211329,33,33,802,1545948,3095675,1122356,57588132,56191,413645102,319571421,0
1789565236.8418624,166.773,6173506,441760,0,111,63,92,77217,605652,22677318,19163288,3208,62005748,43222964,64771556,0,4481048,0,1,1,0,11058718,2315785255,2329461589,33,33,802,1545948,3095675,1120262,57588134,56191,413645102,319571421,0
1789565237.0921602,167.023,6173881,441785,0,111,63,92,77217,605652,22677389,19163288,3208,62005748,43222964,64771556,0,4464524,0,1,1,0,11058729,2316034496,2329710869,33,33,802,1545948,3095675,1116131,57588135,56191,413645102,319571421,0
1789565237.3424547,167.274,6174256,441810,0,111,63,92,77217,605652,22677439,19163288,3208,62005748,43222964,64771556,0,4456332,0,1,2,0,11058732,2316284758,2329961137,33,33,802,1545948,3095675,1114083,57588136,56191,413645102,319571421,0
1789565237.592744,167.524,6174631,441835,0,111,63,92,77217,605652,22677508,19163288,3208,62005748,43222964,64771556,0,4439948,0,1,1,0,11058746,2316534965,2330211417,33,33,802,1545948,3095675,1109987,57588136,56191,413645102,319571421,0
1789565237.8430521,167.774,6175006,441860,0,111,63,92,77217,605652,22677560,19163288,3208,62005748,43222964,64771556,0,4423564,0,1,1,0,11058746,2316784245,2330460697,33,33,802,1545948,3095675,1105891,57588137,56191,413645102,319571421,0
1789565238.093355,168.025,6175382,441885,0,111,63,92,77217,605652,22677605,19163288,3208,62005748,43222964,64771556,0,4415640,0,1,1,0,11058746,2317034517,2330710970,33,33,802,1545948,3095675,1103910,57588137,56191,413645102,319571421,0
1789565238.343677,168.275,6175757,441910,0,111,63,92,77217,605652,22677668,19163288,3208,62005508,43222724,64771556,0,4398988,0,1,1,0,11058765,2317283831,2330960309,33,33,802,1545942,3095663,1099747,57588140,56191,413645102,319571421,0
1789565238.5940273,168.525,6176132,441935,0,111,63,92,77217,605652,22677699,19163288,3208,62005508,43222724,64771556,0,4391056,0,1,1,0,11058765,2317534128,2331210606,33,33,802,1545942,3095663,1097764,57588141,56191,413645102,319571421,0
1789565238.8443437,168.776,6176508,441960,0,111,63,92,77217,605652,22677742,19163288,3208,62005508,43222724,64771556,0,4382712,0,1,1,0,11058765,2317784419,2331460897,33,33,802,1545942,3095663,1095678,57588141,56191,413645102,319571421,0
1789565239.0946639,169.026,6176883,441986,0,111,63,92,77218,605652,22677803,19163288,3208,62005508,43222724,64771556,0,4366220,0,1,2,0,11058766,2318033731,2331710209,33,33,802,1545942,3095663,1091555,57588142,56191,413645102,319571421,0
1789565239.344999,169.276,6177258,442011,0,111,63,92,77218,605652,22677861,19163288,3208,62005268,43222484,64771556,0,4358068,0,1,1,0,11058793,2318283849,2331960486,33,33,802,1545936,3095651,1089517,57588143,56191,413645102,319571421,0
1789565239.5953066,169.527,6177633,442036,0,111,63,92,77218,605652,22677900,19163288,3208,62005268,43222484,64771556,0,4341756,0,1,1,0,11058793,2318534118,2332210755,33,33,802,1545936,3095651,1085439,57588145,56191,413645102,319571421,0
1789565239.845606,169.777,6178009,442061,0,111,63,92,77218,605652,22677945,19163288,3208,62005268,43222484,64771556,0,4333632,0,1,1,0,11058793,2318784409,2332461045,33,33,802,1545936,3095651,1083408,57588145,56191,413645102,319571421,0
1789565240.095941,170.027,6178384,442086,0,111,63,92,77218,605652,22677992,19163288,3208,62005268,43222484,64771556,0,4317200,0,1,1,0,11058793,2319033718,2332710355,33,33,802,1545936,3095651,1079300,57588146,56191,413645102,319571421,0
1789565240.3462694,170.278,6178759,442111,0,111,63,92,77218,605652,22678039,19163288,3208,62005268,43222484,64771556,0,4308876,0,1,1,0,11058797,2319284011,2332960656,33,33,802,1545936,3095651,1077219,57588147,56191,413645102,319571421,0
1789565240.5965958,170.528,6179134,442136,0,111,63,92,77218,605652,22678101,19163276,3208,62005268,43222484,64771556,0,4292816,0,1,1,0,11058798,2319532325,2333208970,33,33,802,1545936,3095651,1073204,57588148,56191,413645102,319571533,0
1789565240.8469272,170.778,6179510,442161,0,111,63,92,77218,605653,22678138,19163276,3208,62005268,43222484,64771556,0,4284428,0,1,1,0,11058798,2319782632,2333459277,33,33,802,1545936,3095651,1071107,57588148,56191,413645102,319571533,0
1789565241.0972419,171.029,6179885,442186,0,111,63,92,77218,605653,22678196,19163288,3232,62005268,43222484,64771556,0,4267916,0,1,1,0,11058806,2320032828,2333709550,33,33,808,1545936,3095651,1066979,57588150,56191,413645102,319571533,0
1789565241.3475387,171.279,6180260,442211,0,111,63,92,77218,605653,22678262,19163288,3232,62005268,43222484,64771556,0,4259724,0,1,1,0,11058810,2320282089,2333958820,33,33,808,1545936,3095651,1064931,57588150,56191,413645102,319571533,0
1789565241.5978348,171.529,6180635,442236,0,111,63,92,77218,605653,22678333,19163288,3232,62005268,43222484,64771556,0,4243344,0,1,1,0,11058816,2320530377,2334207114,33,33,808,1545936,3095651,1060836,57588151,56191,413645102,319571533,0
1789565241.8481457,171.779,6181011,442262,0,111,63,92,77218,605653,22678376,19163288,3232,62005268,43222484,64771556,0,4235372,0,1,1,0,11058816,2320779668,2334456405,33,33,808,1545936,3095651,1058843,57588152,56191,413645102,319571533,0
1789565242.0984447,172.03,6181386,442287,0,111,63,92,77218,605653,22678440,19163288,3232,62005268,43222484,64771556,0,4218884,0,1,1,0,11058816,2321027982,2334704719,33,33,808,1545936,3095651,1054721,57588153,56191,413645102,319571533,0
1789565242.348778,172.28,6181761,442312,0,111,63,92,77218,605653,22678493,19163288,3232,62005520,43222736,64771556,0,4210572,0,1,1,0,11058821,2321277283,2334954027,33,33,808,1545942,3095664,1052643,57588155,56191,413645102,319571533,0
1789565242.5990963,172.53,6182136,442337,0,111,63,92,77218,605653,22678541,19163288,3232,62005520,43222736,64771556,0,4194188,0,1,1,0,11058821,2321525586,2335202330,33,33,808,1545942,3095664,1048547,57588156,56191,413645102,319571533,0
1789565242.849394,172.781,6182511,442362,0,111,63,92,77218,605653,22678588,19163288,3232,62005116,43222332,64771556,0,4185996,0,1,1,0,11058821,2321774857,2335451601,33,33,808,1545932,3095644,1046499,57588159,56191,413645102,319571533,0
1789565243.0997105,173.031,6182886,442388,0,111,63,92,77218,605653,22678655,19163288,3232,62005116,43222332,64771556,0,4169732,0,1,2,0,11058821,2322023209,2335699953,33,33,808,1545932,3095644,1042433,57588160,56191,413645102,319571533,0
1789565243.3500483,173.281,6183262,442413,0,111,63,92,77218,605653,22678713,19163288,3232,62004764,43221980,64771556,0,4161420,0,1,1,0,11058832,2322272469,2335949234,33,33,808,1545923,3095626,1040355,57588161,56191,413645102,319571533,0
1789565243.600355,173.532,6183637,442438,0,111,63,92,77218,605653,22678799,19163288,3232,62004764,43221980,64771556,0,4145036,0,1,1,0,11058841,2322520611,2336197538,33,33,808,1545923,3095626,1036259,57588162,56191,413645102,319571533,0
1789565243.8506641,173.782,6184012,442463,0,111,63,92,77218,605653,22678843,19163288,3232,62004764,43221980,64771556,0,4136844,0,1,1,0,11058841,2322769893,2336446819,33,33,808,1545923,3095626,1034211,57588164,56191,413645102,319571533,0
1789565244.1009958,174.032,6184381,442488,0,111,63,92,77221,605656,22679516,19163292,3508,62000576,43217716,64771556,0,4120772,0,1,1,0,11058949,2322973424,2336651434,33,33,877,1545818,3095417,1030193,57594180,56191,413645106,319571549,0
1789565244.3513882,174.283,6184754,442513,0,111,63,92,77222,605657,22679852,19163288,4532,62001088,43218220,64771556,0,4112268,0,1,1,0,11058969,2323214787,2336893287,33,33,1133,1545831,3095442,1028067,57595082,56191,413645106,319571549,0
1789565244.6017437,174.533,6185130,442538,0,111,63,92,77222,605657,22679901,19163288,4532,62001088,43218220,64771556,0,4096124,0,1,1,0,11058975,2323464069,2337142606,33,33,1133,1545831,3095442,1024031,57595082,56191,413645106,319571549,0
1789565244.8520846,174.783,6185505,442563,0,111,63,92,77222,605657,22679942,19163288,4532,62001088,43218220,64771556,0,4087708,0,1,1,0,11058975,2323713376,2337391913,33,33,1133,1545831,3095442,1021927,57595083,56191,413645106,319571549,0
1789565245.1024182,175.034,6185879,442589,0,111,63,92,77222,605657,22680082,19163288,1396,62001768,43218900,64771556,0,4071568,0,1,1,0,11059013,2323955062,2337633734,33,33,349,1545848,3095476,1017892,57595084,56191,413645106,319574685,0
1789565245.352739,175.284,6186254,442614,0,111,63,92,77222,605657,22680165,19163288,1396,62002012,43219144,64771556,0,4063376,0,1,1,0,11059018,2324204353,2337883037,33,33,349,1545854,3095488,1015844,57595085,56191,413645106,319574685,0
1789565245.6030753,175.534,6186630,442639,0,111,63,92,77222,605657,22680235,19163288,1396,62002012,43219144,64771556,0,4047136,0,1,1,0,11059035,2324454532,2338133322,33,33,349,1545854,3095488,1011784,57595086,56191,413645106,319574745,0
1789565245.8533854,175.785,6187005,442664,0,111,63,92,77222,605657,22680296,19163288,1396,62002012,43219144,64771556,0,4038972,0,1,1,0,11059035,2324703858,2338382648,33,33,349,1545854,3095488,1009743,57595098,56191,413645106,319574745,0
1789565246.1037502,176.035,6187380,442690,0,111,63,92,77222,605657,22680365,19163288,1396,62002012,43219144,64771556,0,4022156,0,1,1,0,11059039,2324952179,2338630976,33,33,349,1545854,3095488,1005539,57595098,56191,413645106,319574745,0
1789565246.3540745,176.285,6187755,442715,0,111,63,92,77222,605657,22680421,19163288,1396,62002012,43219144,64771556,0,4013964,0,1,1,0,11059043,2325201466,2338880271,33,33,349,1545854,3095488,1003491,57595099,56191,413645106,319574745,0
1789565246.6043897,176.536,6188130,442740,0,111,63,92,77222,605657,22680477,19163288,1396,62002012,43219144,64771556,0,4005772,0,2,1,0,11059043,2325449767,2339128572,33,33,349,1545854,3095488,1001443,57595100,56191,413645106,319574745,0
1789565246.8546858,176.786,6188506,442765,0,111,63,92,77222,605657,22680524,19163288,1396,62002012,43219144,64771556,0,3989508,0,1,1,0,11059043,2325699067,2339377872,33,33,349,1545854,3095488,997377,57595101,56191,413645106,319574745,0
1789565247.1050215,177.036,6188881,442790,0,111,63,92,77222,605657,22680583,19163288,1396,62002476,43219608,64771556,0,3981196,0,1,1,0,11059050,2325948348,2339627162,33,33,349,1545866,3095511,995299,57595102,56191,413645106,319574745,0
1789565247.355321,177.287,6189256,442815,0,111,63,92,77222,605657,22680656,19163288,1396,62002476,43219608,64771556,0,3965036,0,1,1,0,11059054,2326196658,2339875480,33,33,349,1545866,3095511,991259,57595102,56191,413645106,319574745,0
1789565247.6056552,177.537,6189631,442841,0,111,63,92,77222,605657,22680702,19163288,1396,62002476,43219608,64771556,0,3956740,0,1,1,0,11059054,2326445029,2340123851,33,33,349,1545866,3095511,989185,57595103,56191,413645106,319574745,0
1789565247.8560534,177.787,6190006,442866,0,111,63,92,77222,605657,22680745,19163288,1396,62002476,43219608,64771556,0,3940524,0,1,1,0,11059055,2326694338,2340373160,33,33,349,1545866,3095511,985131,57595104,56191,413645106,319574745,0
1789565248.1063712,178.038,6190381,442891,0,111,63,92,77222,605657,22680797,19163288,1396,62002476,43219608,64771556,0,3932044,0,1,1,0,11059055,2326943624,2340622446,33,33,349,1545866,3095511,983011,57595105,56191,413645106,319574745,0
1789565248.3566856,178.288,6190757,442916,0,111,63,92,77222,605657,22680860,19163288,1396,62002476,43219608,64771556,0,3915660,0,1,1,0,11059059,2327191963,2340870793,33,33,349,1545866,3095511,978915,57595106,56191,413645106,319574745,0
1789565248.607019,178.538,6191132,442941,0,111,63,92,77222,605657,22680895,19163288,1396,62002476,43219608,64771556,0,3907468,0,1,1,0,11059059,2327441252,2341120081,33,33,349,1545866,3095511,976867,57595107,56191,413645106,319574745,0
1789565248.8573291,178.789,6191507,442966,0,111,63,92,77222,605657,22680947,19163288,1396,62002476,43219608,64771556,0,3891084,0,1,1,0,11059059,2327689562,2341368392,33,33,349,1545866,3095511,972771,57595107,56191,413645106,319574745,0
1789565249.107643,179.039,6191882,442992,0,111,63,92,77222,605658,22681008,19163288,1396,62002236,43219368,64771556,0,3882892,0,1,1,0,11059073,2327938807,2341617676,33,33,349,1545860,3095499,970723,57595108,56191,413645106,319574745,0
1789565249.3579736,179.289,6192257,443017,0,111,63,92,77222,605658,22681118,19163288,1396,62002236,43219368,64771556,0,3866628,0,1,1,0,11059097,2328187987,2341866960,33,33,349,1545860,3095499,966657,57595110,56191,413645106,319574745,0
1789565249.6082964,179.54,6192633,443042,0,111,63,92,77222,605658,22681153,19163284,1396,62002236,43219368,64771556,0,3858436,0,1,1,0,11059097,2328437277,2342116251,33,33,349,1545860,3095499,964609,57595112,56191,413645106,319574745,0
1789565249.8585925,179.79,6193008,443067,0,111,63,92,77222,605658,22681208,19163284,1396,62002236,43219368,64771556,0,3842172,0,1,1,0,11059097,2328685568,2342364542,33,33,349,1545860,3095499,960543,57595112,56191,413645106,319574745,0
1789565250.108988,180.04,6193383,443092,0,111,63,92,77222,605658,22681266,19163288,1396,62002236,43219368,64771556,0,3825548,0,1,1,0,11059097,2328934883,2342613856,33,33,349,1545860,3095499,956387,57595114,56191,413645106,319574745,0
1789565250.3593292,180.291,6193758,443117,0,111,63,92,77222,605658,22681338,19163288,1396,62002236,43219368,64771556,0,3817356,0,1,1,0,11059102,2329185183,2342864165,33,33,349,1545860,3095499,954339,57595116,56191,413645106,319574745,0
1789565250.6096716,180.541,6194134,443142,0,111,63,92,77222,605658,22681373,19163288,1396,62002236,43219368,64771556,0,3809164,0,1,1,0,11059102,2329434531,2343113513,33,33,349,1545860,3095499,952291,57595117,56191,413645106,319574745,0
1789565250.8600512,180.791,6194509,443168,0,111,63,92,77222,605658,22681438,19163276,1068,62002236,43219368,64771556,0,3792780,0,1,1,0,11059102,2329682854,2343361836,33,33,267,1545860,3095499,948195,57595119,56191,413645106,319575085,0
1789565251.1103623,181.042,6194884,443193,0,111,63,92,77222,605658,22681544,19163288,1112,62002376,43219508,64771556,0,3784588,0,1,1,0,11059102,2329932139,2343611121,33,33,278,1545863,3095506,946147,57595123,56191,413645106,319575085,0
1789565251.3606734,181.292,6195259,443218,0,111,63,92,77222,605658,22681612,19163288,1112,62002376,43219508,64771556,0,3768324,0,1,1,0,11059109,2330180452,2343859446,33,33,278,1545863,3095506,942081,57595124,56191,413645106,319575085,0
1789565251.6110055,181.542,6195634,443243,0,111,63,92,77222,605658,22681649,19163288,1112,62002376,43219508,64771556,0,3760132,0,1,1,0,11059109,2330429734,2344108728,33,33,278,1545863,3095506,940033,57595124,56191,413645106,319575085,0
1789565251.8613155,181.793,6196009,443268,0,111,63,92,77222,605658,22681714,19163288,1112,62002376,43219508,64771556,0,3743748,0,1,1,0,11059110,2330678030,2344357024,33,33,278,1545863,3095506,935937,57595125,56191,413645106,319575085,0
1789565252.1116385,182.043,6196384,443294,0,111,63,92,77223,605658,22681769,19163288,1112,62002376,43219508,64771556,0,3727244,0,1,1,0,11059110,2330926349,2344605343,33,33,278,1545863,3095506,931811,57595126,56191,413645106,319575085,0
1789565252.3619807,182.293,6196760,443319,0,111,63,92,77223,605658,22681824,19163288,1112,62002376,43219508,64771556,0,3719052,0,1,1,0,11059114,2331175634,2344854637,33,33,278,1545863,3095506,929763,57595128,56191,413645106,319575085,0
1789565252.612288,182.544,6197135,443344,0,111,63,92,77223,605658,22681883,19163288,1112,62002376,43219508,64771556,0,3710860,0,1,1,0,11059126,2331425843,2345104931,33,33,278,1545863,3095506,927715,57595128,56191,413645106,319575085,0
1789565252.862611,182.794,6197510,443369,0,111,63,92,77223,605658,22681940,19163288,1112,62002376,43219508,64771556,0,3694476,0,1,1,0,11059126,2331673186,2345352274,33,33,278,1545863,3095506,923619,57595129,56191,413645106,319575085,0
1789565253.1129541,183.044,6197885,443394,0,111,63,92,77223,605658,22682005,19146904,1112,62003216,43237128,64771556,0,3678460,0,1,1,0,11059149,2331922144,2345601277,33,33,278,1545896,3095572,919615,57595129,56191,413645106,319575085,0
1789565253.3632798,183.295,6198261,443418,0,111,63,92,77224,605658,22682100,19114136,1112,62003360,43271088,64771556,0,3670204,0,1,1,0,11059168,2332163241,2345842395,33,33,278,1545922,3095624,917551,57595131,56191,413645106,319575085,0
1789565253.6136239,183.545,6198636,443443,0,111,63,92,77225,605658,22682160,19097752,1112,62003464,43287964,64771556,0,3653724,0,1,1,0,11059179,2332412294,2346091448,33,33,278,1545936,3095651,913431,57595133,56191,413645106,319575085,0
1789565253.8639581,183.795,6199011,443468,0,111,63,92,77225,605658,22682205,19089560,1112,62003520,43296380,64771556,0,3645484,0,1,1,0,11059185,2332661987,2346341142,33,33,278,1545942,3095665,911371,57595133,56191,413645106,319575085,0
1789565254.114293,184.046,6199387,443493,0,111,63,92,77225,605658,22682262,19089560,1112,62003776,43296636,64771556,0,3628940,0,1,1,0,11059193,2332911891,2346591457,33,33,278,1545949,3095677,907235,57595137,56191,413645106,319575085,0
1789565254.3646464,184.296,6199762,443518,0,111,63,92,77225,605658,22682315,19089560,1112,62003776,43296636,64771556,0,3621100,0,1,1,0,11059206,2333162137,2346841784,33,33,278,1545949,3095677,905275,57595137,56191,413645106,319575085,0
1789565254.6149962,184.546,6200137,443543,0,111,63,92,77225,605658,22682349,19089560,1112,62003776,43296636,64771556,0,3614232,0,1,1,0,11059206,2333412415,2347092061,33,33,278,1545949,3095677,903558,57595138,56191,413645106,319575085,0
1789565254.8653147,184.797,6200513,443568,0,111,63,92,77225,605658,22682399,19089560,1112,62003776,43296636,64771556,0,3596536,0,1,1,0,11059206,2333662703,2347342349,33,33,278,1545949,3095677,899134,57595140,56191,413645106,319575085,0
1789565255.1156218,185.047,6200888,443593,0,111,63,92,77225,605658,22682451,19089560,1112,62004144,43297004,64771556,0,3587980,0,1,1,0,11059206,2333912989,2347592635,33,33,278,1545958,3095696,896995,57595141,56191,413645106,319575085,0
1789565255.3659549,185.297,6201263,443618,0,111,63,92,77225,605658,22682521,19089560,1112,62004144,43297004,64771556,0,3571704,0,1,1,0,11059211,2334163288,2347842943,33,33,278,1545958,3095696,892926,57595143,56191,413645106,319575085,0
1789565255.616281,185.548,6201638,443643,0,111,63,92,77225,605658,22682566,19089560,1112,62004144,43297004,64771556,0,3555548,0,1,1,0,11059211,2334412574,2348092229,33,33,278,1545958,3095696,888887,57595144,56191,413645106,319575085,0
1789565255.8665922,185.798,6202014,443668,0,111,63,92,77225,605658,22682629,19089560,1112,62004144,43297004,64771556,0,3547068,0,1,1,0,11059216,2334662782,2348342536,33,33,278,1545958,3095696,886767,57595155,56191,413645106,319575085,0
1789565256.1169744,186.048,6202388,443693,0,111,63,92,77225,605658,22682716,19089560,1184,62003892,43296752,64771556,0,3538828,0,1,1,0,11059216,2334910165,2348589920,33,33,296,1545951,3095683,884707,57595157,56191,413645106,319575181,0
1789565256.367296,186.299,6202764,443718,0,111,63,93,77225,605658,22682765,19089560,1184,62003892,43296752,64771556,0,3522444,0,1,1,0,11059226,2335160392,2348840212,33,33,296,1545951,3095683,880611,57595158,56191,413645106,319575181,0
1789565256.6176193,186.549,6203139,443744,0,111,63,93,77225,605658,22682802,19089560,1184,62003892,43296752,64771556,0,3514252,0,1,1,0,11059231,2335409639,2349089496,33,33,296,1545951,3095683,878563,57595159,56191,413645106,319575181,0
1789565256.8679338,186.799,6203514,443769,0,111,63,93,77225,605658,22682845,19089560,1184,62003892,43296752,64771556,0,3497868,0,1,1,0,11059235,2335659882,2349339788,33,33,296,1545951,3095683,874467,57595159,56191,413645106,319575181,0
1789565257.1182349,187.05,6203890,443794,0,111,63,93,77225,605658,22682902,19089560,1184,62003892,43296752,64771556,0,3489676,0,1,1,0,11059244,2335910115,2349590059,33,33,296,1545951,3095683,872419,57595160,56191,413645106,319575181,0
1789565257.3685496,187.3,6204265,443819,0,111,63,93,77226,605658,22682990,19089560,1184,62003892,43296752,64771556,0,3473472,0,1,1,0,11059255,2336160390,2349840351,33,33,296,1545951,3095683,868368,57595161,56191,413645106,319575181,0
1789565257.6188624,187.55,6204640,443844,0,111,63,93,77226,605658,22683033,19089560,1184,62003892,43296752,64771556,0,3457140,0,1,1,0,11059255,2336409676,2350089638,33,33,296,1545951,3095683,864285,57595163,56191,413645106,319575181,0
1789565257.8691597,187.8,6205015,443869,0,111,63,93,77226,605658,22683078,19089560,1184,62003892,43296752,64771556,0,3449100,0,1,1,0,11059256,2336658948,2350338910,33,33,296,1545951,3095683,862275,57595164,56191,413645106,319575181,0
1789565258.1194525,188.051,6205390,443894,0,111,63,93,77226,605658,22683131,19089560,1184,62003652,43296512,64771556,0,3432332,0,1,1,0,11059261,2336908227,2350588197,33,33,296,1545945,3095671,858083,57595164,56191,413645106,319575181,0
1789565258.369768,188.301,6205766,443919,0,111,63,93,77226,605659,22683178,19089560,1184,62003652,43296512,64771556,0,3424140,0,1,1,0,11059270,2337157508,2350837493,33,33,296,1545945,3095671,856035,57595165,56191,413645106,319575181,0
1789565258.620089,188.551,6206141,443944,0,111,63,93,77226,605659,22683224,19089560,1184,62003652,43296512,64771556,0,3407756,0,1,1,0,11059270,2337406823,2351086808,33,33,296,1545945,3095671,851939,57595165,56191,413645106,319575181,0
1789565258.8704433,188.802,6206516,443969,0,111,63,93,77226,605659,22683267,19089560,1184,62003652,43296512,64771556,0,3399564,0,1,1,0,11059270,2337657135,2351337119,33,33,296,1545945,3095671,849891,57595167,56191,413645106,319575181,0
1789565259.1207683,189.052,6206892,443994,0,111,63,93,77226,605659,22683304,19089560,1184,62003652,43296512,64771556,0,3391372,0,1,1,0,11059270,2337907435,2351587420,33,33,296,1545945,3095671,847843,57595168,56191,413645106,319575181,0
1789565259.3711007,189.302,6207267,444019,0,111,63,93,77226,605659,22683368,19089560,1184,62003652,43296512,64771556,0,3375028,0,1,1,0,11059286,2338157622,2351837703,33,33,296,1545945,3095671,843757,57595169,56191,413645106,319575181,0
1789565259.6214054,189.553,6207642,444044,0,111,63,93,77226,605659,22683409,19089560,1184,62003652,43296512,64771556,0,3367168,0,1,1,0,11059286,2338407895,2352087976,33,33,296,1545945,3095671,841792,57595170,56191,413645106,319575181,0
1789565259.8717291,189.803,6208017,444070,0,111,63,93,77226,605659,22683461,19089560,1184,62003652,43296512,64771556,0,3350640,0,1,1,0,11059286,2338657216,2352337297,33,33,296,1545945,3095671,837660,57595171,56191,413645106,319575181,0
1789565260.1220818,190.053,6208392,444095,0,111,63,93,77226,605659,22683523,19089560,1168,62003664,43296512,64771556,0,3342220,0,1,1,0,11059294,2338905494,2352585622,33,33,292,1545946,3095672,835555,57595173,56191,413645106,319575265,0
1789565260.3724,190.304,6208768,444120,0,111,63,93,77226,605659,22683577,19089560,1168,62003664,43296512,64771556,0,3325836,0,1,1,0,11059301,2339155788,2352835927,33,33,292,1545946,3095672,831459,57595175,56191,413645106,319575265,0
1789565260.6227381,190.554,6209143,444145,0,111,63,93,77226,605659,22683620,19089560,1168,62003664,43296512,64771556,0,3311116,0,1,1,0,11059301,2339405123,2353085262,33,33,292,1545946,3095672,827779,57595176,56191,413645106,319575265,0
1789565260.8730931,190.804,6209518,444170,0,111,63,93,77226,605659,22683662,19089560,1168,62003664,43296512,64771556,0,3301260,0,1,1,0,11059301,2339655412,2353335551,33,33,292,1545946,3095672,825315,57595178,56191,413645106,319575265,0
1789565261.1234097,191.055,6209894,444195,0,111,63,93,77226,605659,22683714,19089560,1168,62003664,43296512,64771556,0,3293068,0,1,1,0,11059315,2339905657,2353585834,33,33,292,1545946,3095672,823267,57595178,56191,413645106,319575265,0
1789565261.3737175,191.305,6210269,444220,0,111,63,93,77226,605659,22683813,19089552,1168,62003664,43296512,64771556,0,3276700,0,1,1,0,11059328,2340154966,2353835161,33,33,292,1545946,3095672,819175,57595179,56191,413645106,319575345,0
1789565261.6240702,191.555,6210644,444245,0,111,63,93,77226,605659,22683848,19089552,1168,62003664,43296512,64771556,0,3268508,0,1,1,0,11059328,2340405263,2354085457,33,33,292,1545946,3095672,817127,57595179,56191,413645106,319575345,0
1789565261.8743944,191.806,6211019,444270,0,111,63,93,77226,605659,22683894,19089552,1168,62003664,43296512,64771556,0,3252268,0,1,1,0,11059328,2340655566,2354335761,33,33,292,1545946,3095672,813067,57595181,56191,413645106,319575345,0
1789565262.1247337,192.056,6211394,444295,0,111,63,93,77227,605659,22683962,19089560,1220,62003652,43296500,64771556,0,3243916,0,1,1,0,11059328,2340905898,2354586093,33,33,305,1545945,3095671,810979,57595182,56191,413645106,319575345,0
1789565262.3751054,192.306,6211769,444320,0,111,63,93,77227,605659,22684018,19089560,1220,62003652,43296500,64771556,0,3227532,0,1,1,0,11059333,2341155221,2354835424,33,33,305,1545945,3095671,806883,57595182,56191,413645106,319575345,0
1789565262.6254547,192.557,6212144,444345,0,111,63,93,77227,605659,22684055,19089560,1220,62003652,43296500,64771556,0,3219612,0,1,1,0,11059333,2341405522,2355085725,33,33,305,1545945,3095671,804903,57595183,56191,413645106,319575345,0
1789565262.875778,192.807,6212520,444371,0,111,63,93,77227,605659,22684098,19089560,1220,62003652,43296500,64771556,0,3211532,0,1,1,0,11059333,2341654827,2355335031,33,33,305,1545945,3095671,802883,57595183,56191,413645106,319575345,0
1789565263.1260998,193.057,6212895,444396,0,111,63,93,77227,605659,22684150,19089560,1220,62003412,43296260,64771556,0,3194764,0,1,1,0,11059333,2341905104,2355585308,33,33,305,1545939,3095659,798691,57595185,56191,413645106,319575345,0
1789565263.376404,193.308,6213270,444421,0,111,63,93,77227,605659,22684207,19089560,1220,62003412,43296260,64771556,0,3178380,0,1,1,0,11059337,2342154369,2355834580,33,33,305,1545939,3095659,794595,57595185,56191,413645106,319575345,0
1789565263.626712,193.558,6213645,444446,0,111,63,93,77227,605659,22684241,19089560,1220,62003412,43296260,64771556,0,3170188,0,1,1,0,11059337,2342404658,2356084869,33,33,305,1545939,3095659,792547,57595187,56191,413645106,319575345,0
1789565263.877014,193.808,6214021,444471,0,111,63,93,77227,605659,22684289,19089560,1220,62003412,43296260,64771556,0,3161996,0,1,1,0,11059342,2342654874,2356335127,33,33,305,1545939,3095659,790499,57595187,56191,413645106,319575345,0
1789565264.1273117,194.059,6214396,444496,0,111,63,93,77227,605659,22684345,19089560,1220,62003160,43296008,64771556,0,3145676,0,1,1,0,11059353,2342904771,2356585422,33,33,305,1545933,3095647,786419,57595192,56191,413645106,319575345,0
1789565264.3776445,194.309,6214771,444521,0,111,63,93,77227,605659,22684388,19089560,1220,62003160,43296008,64771556,0,3137808,0,1,1,0,11059357,2343155048,2356835708,33,33,305,1545933,3095647,784452,57595192,56191,413645106,319575345,0
1789565264.6279705,194.559,6215146,444546,0,111,63,93,77227,605659,22684433,19089560,1220,62003160,43296008,64771556,0,3121312,0,1,1,0,11059357,2343404324,2357084984,33,33,305,1545933,3095647,780328,57595194,56191,413645106,319575345,0
1789565264.878277,194.81,6215522,444571,0,111,63,93,77227,605659,22684475,19089560,1220,62003160,43296008,64771556,0,3113168,0,1,1,0,11059357,2343654596,2357335256,33,33,305,1545933,3095647,778292,57595195,56191,413645106,319575345,0
1789565265.128563,195.06,6215897,444596,0,111,63,93,77227,605659,22684536,19089560,1220,62003160,43296008,64771556,0,3096460,0,1,1,0,11059370,2343903828,2357584524,33,33,305,1545933,3095647,774115,57595196,56191,413645106,319575345,0
1789565265.37885,195.31,6216272,444621,0,111,63,93,77227,605659,22684625,19089560,1220,62003160,43296008,64771556,0,3088268,0,1,1,0,11059381,2344153084,2357833795,33,33,305,1545933,3095647,772067,57595196,56191,413645106,319575345,0
1789565265.6291401,195.56,6216647,444646,0,111,63,93,77227,605659,22684670,19089560,1220,62003160,43296008,64771556,0,3071884,0,1,1,0,11059381,2344402351,2358083062,33,33,305,1545933,3095647,767971,57595197,56191,413645106,319575345,0
1789565265.8794343,195.811,6217022,444671,0,111,63,93,77227,605659,22684737,19089560,1220,62003160,43296008,64771556,0,3063692,0,1,1,0,11059385,2344652554,2358333359,33,33,305,1545933,3095647,765923,57595211,56191,413645106,319575345,0
1789565266.1297765,196.061,6217398,444697,0,111,63,93,77227,605659,22684798,19089560,1224,62003160,43296008,64771556,0,3047308,0,1,1,0,11059385,2344902854,2358583659,33,33,306,1545933,3095647,761827,57595213,56191,413645106,319575345,0
1789565266.3800917,196.311,6217773,444722,0,111,63,93,77227,605659,22684843,19089560,1224,62003160,43296008,64771556,0,3039116,0,1,1,0,11059389,2345153125,2358833937,33,33,306,1545933,3095647,759779,57595213,56191,413645106,319575345,0
1789565266.6303945,196.562,6218148,444747,0,111,63,93,77228,605659,22684893,19089552,1224,62003160,43296008,64771556,0,3022552,0,1,1,0,11059389,2345401416,2359082228,33,33,306,1545933,3095647,755638,57595213,56191,413645106,319575425,0
1789565266.880696,196.812,6218523,444772,0,111,63,93,77228,605659,22684940,19089552,1224,62003160,43296008,64771556,0,3007504,0,1,1,0,11059389,2345651711,2359332523,33,33,306,1545933,3095647,751876,57595214,56191,413645106,319575425,0
1789565267.1310217,197.062,6218899,444797,0,111,63,93,77228,605659,22684993,19089560,1224,62003160,43296008,64771556,0,2997624,0,1,1,0,11059389,2345901992,2359582805,33,33,306,1545933,3095647,749406,57595214,56191,413645106,319575425,0
1789565267.3813438,197.313,6219274,444822,0,111,63,93,77228,605659,22685053,19089560,1224,62003160,43296008,64771556,0,2987784,0,1,1,0,11059398,2346151218,2359832099,33,33,306,1545933,3095647,746946,57595217,56191,413645106,319575425,0
1789565267.6316454,197.563,6219649,444847,0,111,63,93,77228,605660,22685097,19089560,1224,62003160,43296008,64771556,0,2972488,0,1,1,0,11059398,2346401501,2360082383,33,33,306,1545933,3095647,743122,57595217,56191,413645106,319575425,0
1789565267.881984,197.813,6220025,444872,0,111,63,93,77228,605660,22685145,19089560,1224,62003160,43296008,64771556,0,2964640,0,1,1,0,11059398,2346651772,2360332654,33,33,306,1545933,3095647,741160,57595219,56191,413645106,319575425,0
1789565268.1322742,198.064,6220400,444897,0,111,63,93,77228,605660,22685197,19089560,1224,62003160,43296008,64771556,0,2947816,0,1,1,0,11059398,2346902036,2360582917,33,33,306,1545933,3095647,736954,57595219,56191,413645106,319575425,0
1789565268.3825712,198.314,6220775,444922,0,111,63,93,77228,605660,22685251,19089560,1224,62003160,43296008,64771556,0,2939624,0,1,1,0,11059407,2347151292,2360832189,33,33,306,1545933,3095647,734906,57595220,56191,413645106,319575425,0
1789565268.6328819,198.564,6221150,444947,0,111,63,93,77228,605660,22685289,19089560,1224,62003160,43296008,64771556,0,2923240,0,1,1,0,11059407,2347401587,2361082484,33,33,306,1545933,3095647,730810,57595221,56191,413645106,319575425,0
1789565268.8832047,198.815,6221526,444972,0,111,63,93,77228,605660,22685334,19089560,1224,62003160,43296008,64771556,0,2910032,0,1,1,0,11059407,2347650871,2361331768,33,33,306,1545933,3095647,727508,57595224,56191,413645106,319575425,0
1789565269.1334968,199.065,6221901,444997,0,111,63,93,77228,605660,22685393,19089560,1224,62003160,43296008,64771556,0,2902200,0,1,1,0,11059413,2347901117,2361582041,33,33,306,1545933,3095647,725550,57595225,56191,413645106,319575425,0
1789565269.3838131,199.315,6222276,445023,0,111,63,93,77228,605660,22685480,19089560,1224,62003160,43296008,64771556,0,2885816,0,1,1,0,11059427,2348150377,2361831319,33,33,306,1545933,3095647,721454,57595226,56191,413645106,319575425,0
1789565269.634096,199.565,6222651,445048,0,111,63,93,77228,605660,22685518,19089560,1224,62003160,43296008,64771556,0,2877712,0,1,1,0,11059427,2348400632,2362081574,33,33,306,1545933,3095647,719428,57595226,56191,413645106,319575425,0
1789565269.8843732,199.816,6223027,445073,0,111,63,93,77228,605660,22685563,19089560,1224,62003160,43296008,64771556,0,2861540,0,1,1,0,11059427,2348650888,2362331830,33,33,306,1545933,3095647,715385,57595227,56191,413645106,319575425,0
1789565270.1346717,200.066,6223402,445098,0,111,63,93,77228,605660,22685614,19089560,1224,62003160,43296008,64771556,0,2852688,0,1,1,0,11059427,2348901159,2362582102,33,33,306,1545933,3095647,713172,57595229,56191,413645106,319575425,0
1789565270.3849764,200.316,6223777,445123,0,111,63,93,77228,605660,22685660,19089560,1224,62003412,43296260,64771556,0,2836304,0,1,1,0,11059431,2349151415,2362832363,33,33,306,1545939,3095659,709076,57595230,56191,413645106,319575425,0
1789565270.6352642,200.567,6224152,445148,0,111,63,93,77228,605660,22685691,19089560,1224,62003412,43296260,64771556,0,2828112,0,1,1,0,11059431,2349401668,2363082617,33,33,306,1545939,3095659,707028,57595230,56191,413645106,319575425,0
1789565270.885542,200.817,6224528,445173,0,111,63,93,77228,605660,22685746,19089560,1224,62003412,43296260,64771556,0,2811728,0,1,1,0,11059431,2349651942,2363332891,33,33,306,1545939,3095659,702932,57595230,56191,413645106,319575425,0
1789565271.1358492,201.067,6224903,445198,0,111,63,93,77228,605660,22685791,19089560,1224,62003412,43296260,64771556,0,2803536,0,1,1,0,11059431,2349902205,2363583153,33,33,306,1545939,3095659,700884,57595231,56191,413645106,319575425,0
1789565271.386151,201.317,6225278,445223,0,111,63,93,77228,605660,22685837,19089560,1224,62003412,43296260,64771556,0,2795344,0,1,1,0,11059434,2350152483,2363833437,33,33,306,1545939,3095659,698836,57595232,56191,413645106,319575425,0
1789565271.6364508,201.568,6225653,445248,0,111,63,93,77228,605660,22685890,19089548,1224,62003412,43296260,64771556,0,2778960,0,1,1,0,11059434,2350401750,2364082704,33,33,306,1545939,3095659,694740,57595234,56191,413645106,319575553,0
1789565271.8867357,201.818,6226029,445273,0,111,63,93,77228,605660,22685934,19089548,1224,62003412,43296260,64771556,0,2762576,0,1,1,0,11059434,2350652020,2364332973,33,33,306,1545939,3095659,690644,57595234,56191,413645106,319575553,0
1789565272.1370358,202.068,6226404,445298,0,111,63,93,77228,605660,22685992,19089560,1256,62003412,43296260,64771556,0,2754384,0,1,1,0,11059434,2350901282,2364582236,33,33,314,1545939,3095659,688596,57595235,56191,413645106,319575553,0
1789565272.3873208,202.319,6226779,445323,0,111,63,93,77228,605660,22686035,19089560,1256,62003412,43296260,64771556,0,2746272,0,1,1,0,11059446,2351151487,2364832500,33,33,314,1545939,3095659,686568,57595235,56191,413645106,319575553,0
1789565272.6376228,202.569,6227154,445348,0,111,63,93,77228,605660,22686076,19089560,1256,62003412,43296260,64771556,0,2729860,0,1,1,0,11059446,2351400762,2365081775,33,33,314,1545939,3095659,682465,57595237,56191,413645106,319575553,0
1789565272.8879318,202.819,6227530,445373,0,111,63,93,77228,605660,22686120,19089560,1256,62003412,43296260,64771556,0,2721648,0,1,1,0,11059446,2351650044,2365331057,33,33,314,1545939,3095659,680412,57595238,56191,413645106,319575553,0
1789565273.1382182,203.07,6227905,445399,0,111,63,93,77229,605660,22686186,19089560,1256,62003412,43296260,64771556,0,2705232,0,1,1,0,11059454,2351899291,2365580328,33,33,314,1545939,3095659,676308,57595239,56191,413645106,319575553,0
1789565273.388506,203.32,6228280,445424,0,111,63,93,77229,605660,22686270,19089560,1256,62003412,43296260,64771556,0,2697240,0,1,1,0,11059466,2352149539,2365830592,33,33,314,1545939,3095659,674310,57595239,56191,413645106,319575553,0
1789565273.638814,203.57,6228655,445449,0,111,63,93,77229,605660,22686308,19089560,1256,62003412,43296260,64771556,0,2680704,0,1,1,0,11059466,2352398811,2366079864,33,33,314,1545939,3095659,670176,57595240,56191,413645106,319575553,0
1789565273.8890898,203.82,6229030,445474,0,111,63,93,77229,605660,22686345,19089560,1256,62003412,43296260,64771556,0,2672612,0,1,1,0,11059466,2352649072,2366330125,33,33,314,1545939,3095659,668153,57595240,56191,413645106,319575553,0
1789565274.1394002,204.071,6229406,445499,0,111,63,93,77229,605660,22686420,19089560,1256,62003668,43296516,64771556,0,2656080,0,1,1,0,11059477,2352897030,2366578455,33,33,314,1545946,3095672,664020,57595246,56191,413645106,319575553,0
1789565274.389726,204.321,6229781,445524,0,111,63,93,77229,605660,22686459,19089560,1256,62003416,43296264,64771556,0,2647888,0,1,1,0,11059481,2353147309,2366828742,33,33,314,1545940,3095659,661972,57595247,56191,413645106,319575553,0
1789565274.6400373,204.571,6230156,445549,0,111,63,93,77229,605660,22686509,19089560,1256,62003416,43296264,64771556,0,2631504,0,1,1,0,11059481,2353395601,2367077035,33,33,314,1545940,3095659,657876,57595248,56191,413645106,319575553,0
1789565274.890326,204.822,6230530,445573,0,111,63,93,77229,605662,22686592,19089560,1248,62000396,43293236,64771556,0,2623312,0,1,1,0,11059510,2353628303,2367320484,33,33,312,1545864,3095508,655828,57595950,56191,413645106,319575561,0
1789565275.1406267,205.072,6230884,445598,0,111,63,93,77232,605680,22687052,19089572,3840,61981144,43273920,64771556,0,2606928,0,1,2,0,11059994,2353764106,2367457114,33,33,960,1545384,3094546,651732,57605626,56191,413645106,319575561,0
1789565275.3910315,205.322,6231253,445622,0,111,63,93,77235,605684,22687700,19089572,4808,62002628,43295380,64771556,0,2598736,0,1,1,0,11060326,2353960221,2367659700,33,33,1202,1545919,3095619,649684,57610718,56191,413645106,319575565,0
1789565275.6414099,205.573,6231628,445648,0,111,63,93,77235,605684,22687753,19089572,4808,62002628,43295380,64771556,0,2582352,0,1,1,0,11060332,2354208525,2367908032,33,33,1202,1545919,3095619,645588,57610719,56191,413645106,319575565,0
1789565275.8917487,205.823,6232003,445673,0,111,63,93,77235,605684,22687833,19089572,3096,62002628,43295380,64771556,0,2574544,0,1,1,0,11060339,2354456747,2368156374,33,33,774,1545919,3095619,643636,57610730,56191,413645106,319577277,0
1789565276.1420937,206.073,6232378,445698,0,111,63,93,77235,605684,22687910,19089568,3132,62003752,43296504,64771556,0,2558052,0,1,1,0,11060347,2354705027,2368404671,33,33,783,1545948,3095675,639513,57610730,56191,413645106,319577277,0
1789565276.3923936,206.324,6232753,445723,0,111,63,93,77235,605684,22687958,19089568,3132,62003752,43296504,64771556,0,2549880,0,1,1,0,11060347,2354954302,2368653946,33,33,783,1545948,3095675,637470,57610731,56191,413645106,319577277,0
1789565276.6426985,206.574,6233128,445748,0,111,63,93,77235,605685,22688006,19089568,3132,62003752,43296504,64771556,0,2533320,0,1,1,0,11060348,2355202609,2368902253,33,33,783,1545948,3095675,633330,57610732,56191,413645106,319577277,0
1789565276.8930027,206.824,6233503,445774,0,111,63,93,77235,605685,22688079,19089568,3164,62003752,43296504,64771556,0,2516840,0,1,1,0,11060355,2355451784,2369151522,33,33,791,1545948,3095675,629210,57610733,56191,413645106,319577345,0
1789565277.1432953,207.075,6233879,445799,0,111,63,93,77235,605685,22688153,19089568,3164,62004304,43297056,64771556,0,2508624,0,1,1,0,11060371,2355702007,2369401785,33,33,791,1545961,3095703,627156,57610734,56191,413645106,319577345,0
1789565277.3935964,207.325,6234254,445824,0,111,63,93,77235,605685,22688246,19089568,3164,62004472,43297224,64771556,0,2500432,0,1,1,0,11060377,2355951282,2369651066,33,33,791,1545965,3095711,625108,57610735,56191,413645106,319577345,0
1789565277.643915,207.575,6234629,445849,0,111,63,93,77235,605685,22688295,19089568,3164,62004472,43297224,64771556,0,2484048,0,1,1,0,11060377,2356199595,2369899379,33,33,791,1545965,3095711,621012,57610735,56191,413645106,319577345,0
1789565277.894218,207.826,6235004,445874,0,111,63,93,77235,605685,22688338,19089568,3164,62004472,43297224,64771556,0,2475856,0,1,1,0,11060377,2356448882,2370148666,33,33,791,1545965,3095711,618964,57610737,56191,413645106,319577345,0
1789565278.144514,208.076,6235379,445899,0,111,63,93,77235,605685,22688414,19089568,3164,62004232,43296984,64771556,0,2459472,0,1,1,0,11060383,2356696181,2370395974,33,33,791,1545959,3095699,614868,57610737,56191,413645106,319577345,0
1789565278.3947997,208.326,6235755,445924,0,111,63,93,77235,605685,22688456,19089568,3164,62004232,43296984,64771556,0,2451280,0,1,1,0,11060383,2356945474,2370645267,33,33,791,1545959,3095699,612820,57610739,56191,413645106,319577345,0
1789565278.6451192,208.576,6236130,445950,0,111,63,93,77235,605685,22688507,19089568,3164,62004232,43296984,64771556,0,2434896,0,1,1,0,11060383,2357193781,2370893574,33,33,791,1545959,3095699,608724,57610739,56191,413645106,319577345,0
1789565278.8954413,208.827,6236505,445975,0,111,63,93,77235,605685,22688554,19089568,3164,62004232,43296984,64771556,0,2426716,0,1,1,0,11060383,2357443094,2371142887,33,33,791,1545959,3095699,606679,57610740,56191,413645106,319577345,0
1789565279.145785,209.077,6236880,446000,0,111,63,93,77235,605685,22688623,19089568,3164,62004484,43297236,64771556,0,2410320,0,1,1,0,11060389,2357691411,2371391214,33,33,791,1545966,3095712,602580,57610741,56191,413645106,319577345,0
1789565279.3960953,209.327,6237255,446025,0,111,63,93,77235,605685,22688677,19089568,3164,62004484,43297236,64771556,0,2402128,0,1,1,0,11060389,2357940712,2371640515,33,33,791,1545966,3095712,600532,57610742,56191,413645106,319577345,0
1789565279.646423,209.578,6237630,446050,0,111,63,93,77235,605685,22688731,19089568,3164,62004484,43297236,64771556,0,2385744,0,1,1,0,11060389,2358189017,2371888820,33,33,791,1545966,3095712,596436,57610743,56191,413645106,319577345,0
1789565279.8967445,209.828,6238006,446075,0,111,63,93,77235,605685,22688774,19089568,3164,62004484,43297236,64771556,0,2377552,0,1,1,0,11060389,2358438345,2372138148,33,33,791,1545966,3095712,594388,57610744,56191,413645106,319577345,0
1789565280.1470878,210.078,6238381,446101,0,111,63,93,77235,605685,22688841,19089568,3164,62004484,43297236,64771556,0,2361516,0,1,1,0,11060394,2358686635,2372386446,33,33,791,1545966,3095712,590379,57610745,56191,413645106,319577345,0
1789565280.3973799,210.329,6238756,446126,0,111,63,93,77235,605685,22688892,19089568,3164,62004484,43297236,64771556,0,2353328,0,1,1,0,11060417,2358936811,2372636724,33,33,791,1545966,3095712,588332,57610745,56191,413645106,319577345,0
1789565280.6477096,210.579,6239131,446151,0,111,63,93,77235,605685,22688948,19089568,3164,62004484,43297236,64771556,0,2337064,0,1,1,0,11060417,2359185144,2372885057,33,33,791,1545966,3095712,584266,57610748,56191,413645106,319577345,0
1789565280.8980317,210.829,6239506,446176,0,111,63,93,77235,605685,22689002,19089568,3164,62004484,43297236,64771556,0,2328872,0,1,1,0,11060417,2359434440,2373134353,33,33,791,1545966,3095712,582218,57610748,56191,413645106,319577345,0
1789565281.1483536,211.08,6239881,446201,0,111,63,93,77235,605685,22689079,19089568,3164,62004640,43297392,64771556,0,2312016,0,1,1,0,11060432,2359682697,2373382649,33,33,791,1545970,3095720,578004,57610750,56191,413645106,319577345,0
1789565281.398655,211.33,6240257,446226,0,111,63,93,77235,605685,22689156,19089568,3164,62005992,43298744,64771556,0,2303824,0,1,1,0,11060439,2359931963,2373631924,33,33,791,1546003,3095787,575956,57610750,56191,413645106,319577345,0
1789565281.648988,211.58,6240632,446252,0,111,63,93,77235,605685,22689203,19089568,3164,62005992,43298744,64771556,0,2287440,0,1,1,0,11060439,2360180254,2373880215,33,33,791,1546003,3095787,571860,57610751,56191,413645106,319577345,0
1789565281.8992977,211.831,6241007,446277,0,111,63,93,77235,605685,22689246,19089568,3164,62005992,43298744,64771556,0,2279248,0,1,1,0,11060439,2360429545,2374129506,33,33,791,1546003,3095787,569812,57610752,56191,413645106,319577345,0
1789565282.1496012,212.081,6241382,446302,0,111,63,93,77235,605685,22689328,19089556,2936,62006596,43299348,64771556,0,2262984,0,1,1,0,11060457,2360677829,2374377810,33,33,734,1546019,3095818,565746,57610753,56191,413645106,319577597,0
1789565282.3999238,212.331,6241757,446327,0,111,63,93,77235,605685,22689378,19089556,2936,62006596,43299348,64771556,0,2254792,0,1,1,0,11060464,2360927110,2374627103,33,33,734,1546019,3095818,563698,57610753,56191,413645106,319577597,0
1789565282.650216,212.582,6242132,446352,0,111,63,93,77236,605685,22689427,19089556,2936,62006596,43299348,64771556,0,2238344,0,1,1,0,11060464,2361174408,2374874401,33,33,734,1546019,3095818,559586,57610755,56191,413645106,319577597,0
1789565282.9004986,212.832,6242508,446377,0,111,63,93,77236,605685,22689467,19089556,2936,62006596,43299348,64771556,0,2230488,0,1,1,0,11060464,2361424664,2375124656,33,33,734,1546019,3095818,557622,57610755,56191,413645106,319577597,0
1789565283.1507926,213.082,6242883,446403,0,111,63,93,77236,605685,22689539,19089568,2980,62006596,43299348,64771556,0,2213712,0,1,1,0,11060468,2361672957,2375372955,33,33,745,1546019,3095818,553428,57610757,56191,413645106,319577597,0
1789565283.4010866,213.332,6243258,446428,0,111,63,93,77236,605685,22689580,19089568,2980,62006596,43299348,64771556,0,2205520,0,1,1,0,11060468,2361922221,2375622219,33,33,745,1546019,3095818,551380,57610757,56191,413645106,319577597,0
1789565283.6513674,213.583,6243633,446453,0,111,63,93,77236,605685,22689640,19089568,2980,62006596,43299348,64771556,0,2189136,0,1,1,0,11060468,2362170505,2375870503,33,33,745,1546019,3095818,547284,57610757,56191,413645106,319577597,0
1789565283.901656,213.833,6244008,446478,0,111,63,93,77236,605685,22689681,19089568,2980,62006596,43299348,64771556,0,2180944,0,1,1,0,11060468,2362419766,2376119764,33,33,745,1546019,3095818,545236,57610759,56191,413645106,319577597,0
1789565284.1519616,214.083,6244383,446503,0,111,63,93,77236,605686,22689764,19089568,2980,62007076,43299828,64771556,0,2164652,0,1,1,0,11060482,2362667682,2376368084,33,33,745,1546030,3095841,541163,57610762,56191,413645106,319577597,0
1789565284.402307,214.334,6244758,446528,0,111,63,93,77236,605686,22689802,19089568,2980,62007076,43299828,64771556,0,2156412,0,1,1,0,11060482,2362917972,2376618374,33,33,745,1546030,3095841,539103,57610764,56191,413645106,319577597,0
1789565284.6526077,214.584,6245134,446554,0,111,63,93,77236,605686,22689857,19089564,2980,62007076,43299828,64771556,0,2140456,0,1,1,0,11060482,2363166256,2376866658,33,33,745,1546030,3095841,535114,57610764,56191,413645106,319577597,0
1789565284.9029136,214.834,6245509,446579,0,111,63,93,77236,605686,22689892,19089564,2980,62007076,43299828,64771556,0,2132256,0,1,1,0,11060482,2363416527,2377116929,33,33,745,1546030,3095841,533064,57610765,56191,413645106,319577597,0
1789565285.1531959,215.085,6245884,446604,0,111,63,93,77236,605686,22689967,19089568,2980,62007076,43299828,64771556,0,2115408,0,1,1,0,11060499,2363664767,2377365212,33,33,745,1546030,3095841,528852,57610765,56191,413645106,319577597,0
1789565285.4034982,215.335,6246259,446629,0,111,63,93,77236,605686,22690053,19089568,2980,62008260,43301012,64771556,0,2107216,0,1,1,0,11060505,2363914037,2377614489,33,33,745,1546060,3095901,526804,57610767,56191,413645106,319577597,0
1789565285.6537893,215.585,6246634,446654,0,111,63,93,77236,605686,22690100,19089568,2980,62008260,43301012,64771556,0,2090832,0,1,1,0,11060505,2364164326,2377864778,33,33,745,1546060,3095901,522708,57610769,56191,413645106,319577597,0
1789565285.9041216,215.835,6247010,446679,0,111,63,93,77236,605686,22690163,19089568,2980,62008260,43301012,64771556,0,2082640,0,1,1,0,11060505,2364414618,2378115071,33,33,745,1546060,3095901,520660,57610781,56191,413645106,319577597,0
1789565286.1544385,216.086,6247385,446704,0,111,63,93,77236,605686,22690222,19089568,2980,62008260,43301012,64771556,0,2066384,0,1,1,0,11060510,2364664881,2378365341,33,33,745,1546060,3095901,516596,57610781,56191,413645106,319577597,0
1789565286.404736,216.336,6247760,446729,0,111,63,93,77236,605686,22690261,19089568,2980,62008260,43301012,64771556,0,2058208,0,1,1,0,11060510,2364915171,2378615631,33,33,745,1546060,3095901,514552,57610782,56191,413645106,319577597,0
1789565286.6550488,216.586,6248135,446754,0,111,63,93,77236,605686,22690298,19089568,2980,62008260,43301012,64771556,0,2050132,0,1,1,0,11060510,2365164441,2378864901,33,33,745,1546060,3095901,512533,57610782,56191,413645106,319577597,0
1789565286.9053364,216.837,6248511,446779,0,111,63,93,77236,605686,22690340,19089568,2980,62008260,43301012,64771556,0,2033860,0,1,1,0,11060510,2365414700,2379115160,33,33,745,1546060,3095901,508465,57610784,56191,413645106,319577597,0
1789565287.155624,217.087,6248886,446804,0,111,63,93,77236,605686,22690405,19089568,2980,62008260,43301012,64771556,0,2017104,0,1,1,0,11060586,2365664872,2379365417,33,33,745,1546060,3095901,504276,57610784,56191,413645106,319577597,0
1789565287.4059289,217.337,6249261,446829,0,111,63,93,77237,605686,22690460,19089556,2980,62008260,43301012,64771556,0,2008912,0,1,1,0,11060586,2365915162,2379615706,33,33,745,1546060,3095901,502228,57610785,56191,413645106,319577665,0
1789565287.6562233,217.588,6249636,446855,0,111,63,93,77237,605686,22690508,19089556,2980,62008260,43301012,64771556,0,1992528,0,1,1,0,11060586,2366164425,2379864969,33,33,745,1546060,3095901,498132,57610785,56191,413645106,319577665,0
1789565287.9065146,217.838,6250011,446880,0,111,63,93,77237,605686,22690545,19089556,2980,62008260,43301012,64771556,0,1984336,0,1,1,0,11060586,2366414699,2380115243,33,33,745,1546060,3095901,496084,57610787,56191,413645106,319577665,0
1789565288.1568182,218.088,6250387,446905,0,111,63,93,77237,605686,22690617,19089568,3024,62008260,43301012,64771556,0,1968116,0,1,1,0,11060592,2366663970,2380364522,33,33,756,1546060,3095901,492029,57610789,56191,413645106,319577665,0
1789565288.407109,218.338,6250762,446930,0,111,63,93,77237,605686,22690652,19089568,3024,62008260,43301012,64771556,0,1959884,0,1,1,0,11060592,2366914242,2380614793,33,33,756,1546060,3095901,489971,57610789,56191,413645106,319577665,0
1789565288.657405,218.589,6251137,446955,0,111,63,93,77237,605686,22690697,19089568,3024,62008260,43301012,64771556,0,1943512,0,1,1,0,11060592,2367163513,2380864065,33,33,756,1546060,3095901,485878,57610790,56191,413645106,319577665,0
1789565288.907709,218.839,6251512,446980,0,111,63,93,77237,605686,22690740,19089568,3024,62008260,43301012,64771556,0,1935548,0,1,1,0,11060592,2367413801,2381114352,33,33,756,1546060,3095901,483887,57610790,56191,413645106,319577665,0
1789565289.1580265,219.089,6251888,447005,0,111,63,93,77237,605686,22690812,19089568,3024,62008260,43301012,64771556,0,1919016,0,1,1,0,11060610,2367664028,2381364624,33,33,756,1546060,3095901,479754,57610792,56191,413645106,319577665,0
1789565289.408322,219.34,6252263,447030,0,111,63,93,77237,605686,22690884,19089568,3024,62008980,43301732,64771556,0,1910644,0,1,1,0,11060619,2367914286,2381614895,33,33,756,1546078,3095937,477661,57610792,56191,413645106,319577665,0
1789565289.65862,219.59,6252638,447055,0,111,63,93,77237,605686,22690929,19089568,3024,62008980,43301732,64771556,0,1894400,0,1,1,0,11060619,2368163556,2381864165,33,33,756,1546078,3095937,473600,57610794,56191,413645106,319577665,0
1789565289.9089272,219.84,6253013,447080,0,111,63,93,77237,605686,22690970,19089568,3024,62008980,43301732,64771556,0,1886104,0,1,1,0,11060619,2368412835,2382113445,33,33,756,1546078,3095937,471526,57610794,56191,413645106,319577665,0
1789565290.159214,220.091,6253388,447105,0,111,63,93,77237,605686,22691028,19089568,3024,62008980,43301732,64771556,0,1869648,0,1,1,0,11060624,2368662097,2382362715,33,33,756,1546078,3095937,467412,57610795,56191,413645106,319577665,0
1789565290.409511,220.341,6253764,447130,0,111,63,93,77237,605686,22691065,19089568,3024,62008980,43301732,64771556,0,1861456,0,1,1,0,11060624,2368912372,2382612990,33,33,756,1546078,3095937,465364,57610795,56191,413645106,319577665,0
1789565290.6598227,220.591,6254139,447155,0,111,63,93,77237,605686,22691109,19089568,2976,62008984,43301732,64771556,0,1853288,0,1,1,0,11060624,2369162641,2382863259,33,33,744,1546078,3095937,463322,57610799,56191,413645106,319577689,0
1789565290.91011,220.841,6254514,447181,0,111,63,93,77237,605686,22691166,19089568,2976,62008984,43301732,64771556,0,1836904,0,1,1,0,11060625,2369410925,2383111542,33,33,744,1546078,3095937,459226,57610799,56191,413645106,319577689,0
1789565291.1604116,221.092,6254889,447206,0,111,63,93,77237,605686,22691221,19089568,2976,62008732,43301480,64771556,0,1828688,0,1,1,0,11060632,2369660182,2383360811,33,33,744,1546072,3095924,457172,57610801,56191,413645106,319577689,0
1789565291.4106994,221.342,6255264,447231,0,111,63,93,77237,605686,22691284,19089568,2976,62008732,43301480,64771556,0,1812968,0,1,1,0,11060632,2369908488,2383609117,33,33,744,1546072,3095924,453242,57610801,56191,413645106,319577689,0
1789565291.6610038,221.592,6255640,447256,0,111,63,93,77237,605686,22691323,19089568,2976,62008732,43301480,64771556,0,1804776,0,1,1,0,11060632,2370157765,2383858395,33,33,744,1546072,3095924,451194,57610802,56191,413645106,319577689,0
1789565291.9113083,221.843,6256015,447281,0,111,63,93,77237,605686,22691374,19089568,2976,62008732,43301480,64771556,0,1789056,0,1,1,0,11060632,2370407037,2384107666,33,33,744,1546072,3095924,447264,57610803,56191,413645106,319577689,0
1789565292.1615949,222.093,6256390,447307,0,111,63,93,77237,605686,22691445,19089568,2976,62008732,43301480,64771556,0,1772768,0,1,1,0,11060642,2370655325,2384355970,33,33,744,1546072,3095924,443192,57610803,56191,413645106,319577689,0
1789565292.411917,222.343,6256765,447332,0,111,63,93,77237,605686,22691481,19089568,2976,62008732,43301480,64771556,0,1765196,0,1,1,0,11060642,2370905602,2384606247,33,33,744,1546072,3095924,441299,57610806,56191,413645106,319577689,0
1789565292.6622071,222.594,6257140,447357,0,111,63,93,77237,605686,22691538,19089556,2976,62008732,43301480,64771556,0,1749144,0,1,1,0,11060642,2371153888,2384854534,33,33,744,1546072,3095924,437286,57610806,56191,413645106,319577761,0
1789565292.9124968,222.844,6257515,447382,0,111,63,93,77237,605686,22691583,19089556,2976,62008732,43301480,64771556,0,1741496,0,1,1,0,11060642,2371403149,2385103795,33,33,744,1546072,3095924,435374,57610807,56191,413645106,319577761,0
1789565293.1627858,223.094,6257890,447407,0,111,63,93,77237,605686,22691661,19089568,3020,62008732,43301480,64771556,0,1724848,0,1,1,0,11060655,2371651416,2385352099,33,33,755,1546072,3095924,431212,57610808,56191,413645106,319577761,0
1789565293.4130895,223.344,6258266,447432,0,111,63,93,77237,605686,22691737,19089568,3020,62008732,43301480,64771556,0,1717320,0,1,1,0,11060660,2371901668,2385602358,33,33,755,1546072,3095924,429330,57610810,56191,413645106,319577761,0
1789565293.6633747,223.595,6258641,447457,0,111,63,93,77237,605686,22691786,19089568,3020,62008732,43301480,64771556,0,1700936,0,1,1,0,11060660,2372149947,2385850637,33,33,755,1546072,3095924,425234,57610811,56191,413645106,319577761,0
1789565293.9136662,223.845,6259016,447482,0,111,63,93,77237,605687,22691834,19089568,3020,62008732,43301480,64771556,0,1693408,0,1,1,0,11060667,2372399904,2386100934,33,33,755,1546072,3095924,423352,57610816,56191,413645106,319577761,0
1789565294.1639993,224.095,6259391,447508,0,111,63,93,77237,605687,22691903,19089568,3020,62008732,43301480,64771556,0,1677052,0,1,1,0,11060675,2372648189,2386349234,33,33,755,1546072,3095924,419263,57610816,56191,413645106,319577761,0
1789565294.4143167,224.346,6259766,447533,0,111,63,93,77237,605687,22691952,19089568,3020,62008732,43301480,64771556,0,1669600,0,1,1,0,11060675,2372898467,2386599511,33,33,755,1546072,3095924,417400,57610818,56191,413645106,319577761,0
1789565294.6646078,224.596,6260141,447558,0,111,63,93,77237,605687,22692010,19089568,3020,62008732,43301480,64771556,0,1653260,0,1,1,0,11060676,2373145777,2386846822,33,33,755,1546072,3095924,413315,57610818,56191,413645106,319577761,0
1789565294.9149175,224.846,6260517,447583,0,111,63,93,77237,605687,22692048,19089568,3020,62008732,43301480,64771556,0,1645876,0,1,1,0,11060676,2373396060,2387097105,33,33,755,1546072,3095924,411469,57610819,56191,413645106,319577761,0
1789565295.1652064,225.097,6260892,447608,0,111,63,93,77237,605687,22692116,19089568,3020,62008732,43301480,64771556,0,1629200,0,1,1,0,11060681,2373645314,2387346368,33,33,755,1546072,3095924,407300,57610820,56191,413645106,319577761,0
1789565295.4154892,225.347,6261267,447633,0,111,63,93,77237,605687,22692160,19089568,3020,62008732,43301480,64771556,0,1621672,0,1,1,0,11060681,2373895577,2387596631,33,33,755,1546072,3095924,405418,57610821,56191,413645106,319577761,0
1789565295.6657872,225.597,6261642,447659,0,111,63,93,77238,605687,22692216,19089568,3020,62008732,43301480,64771556,0,1605288,0,1,1,0,11060681,2374143884,2387844937,33,33,755,1546072,3095924,401322,57610822,56191,413645106,319577761,0
1789565295.9160903,225.847,6262017,447684,0,111,63,93,77238,605687,22692295,19089568,3056,62008732,43301480,64771556,0,1597760,0,2,1,0,11060685,2374393068,2388094229,33,33,764,1546072,3095924,399440,57610834,56191,413645106,319577805,0
1789565296.1664016,226.098,6262392,447709,0,111,63,93,77238,605687,22692367,19089568,3060,62008732,43301480,64771556,0,1581376,0,1,1,0,11060689,2374642334,2388343502,33,33,765,1546072,3095924,395344,57610834,56191,413645106,319577805,0
1789565296.4166882,226.348,6262768,447734,0,111,63,93,77238,605687,22692424,19089568,3060,62008732,43301480,64771556,0,1565656,0,1,1,0,11060701,2374891545,2388592801,33,33,765,1546072,3095924,391414,57610835,56191,413645106,319577805,0
1789565296.667006,226.598,6263143,447759,0,111,63,93,77238,605687,22692467,19089568,3060,62008732,43301480,64771556,0,1557464,0,1,1,0,11060701,2375140810,2388842065,33,33,765,1546072,3095924,389366,57610837,56191,413645106,319577805,0
1789565296.9172876,226.849,6263518,447784,0,111,63,93,77238,605687,22692518,19089568,3060,62008732,43301480,64771556,0,1541744,0,1,1,0,11060702,2375389085,2389090341,33,33,765,1546072,3095924,385436,57610837,56191,413645106,319577805,0
1789565297.1675801,227.099,6263893,447810,0,111,63,93,77238,605687,22692589,19089568,3060,62008732,43301480,64771556,0,1533552,0,1,1,0,11060713,2375638338,2389339630,33,33,765,1546072,3095924,383388,57610839,56191,413645106,319577805,0
1789565297.417909,227.349,6264268,447835,0,111,63,93,77238,605687,22692671,19089568,3060,62008732,43301480,64771556,0,1517832,0,1,1,0,11060724,2375887621,2389588929,33,33,765,1546072,3095924,379458,57610839,56191,413645106,319577805,0
1789565297.6682084,227.6,6264644,447860,0,111,63,93,77238,605687,22692723,19089568,3060,62008732,43301480,64771556,0,1509640,0,1,1,0,11060744,2376137795,2389839178,33,33,765,1546072,3095924,377410,57610840,56191,413645106,319577805,0
1789565297.9184842,227.85,6265019,447885,0,111,63,93,77238,605687,22692786,19089556,3060,62008732,43301480,64771556,0,1493920,0,1,1,0,11060744,2376387061,2390088443,33,33,765,1546072,3095924,373480,57610841,56191,413645106,319577861,0
1789565298.1687772,228.1,6265394,447910,0,111,63,93,77238,605687,22692840,19089568,3064,62008732,43301480,64771556,0,1485728,0,1,1,0,11060747,2376636333,2390337722,33,33,766,1546072,3095924,371432,57610842,56191,413645106,319577861,0
1789565298.4190822,228.35,6265769,447935,0,111,63,93,77238,605687,22692886,19089568,3064,62008732,43301480,64771556,0,1470008,0,1,1,0,11060748,2376885607,2390586995,33,33,766,1546072,3095924,367502,57610843,56191,413645106,319577861,0
1789565298.6693876,228.601,6266144,447960,0,111,63,93,77238,605687,22692937,19089568,3064,62008732,43301480,64771556,0,1461816,0,1,1,0,11060751,2377134748,2390836316,33,33,766,1546072,3095924,365454,57610844,56191,413645106,319577861,0
1789565298.9197476,228.851,6266519,447985,0,111,63,93,77238,605687,22692984,19089568,3064,62008732,43301480,64771556,0,1446096,0,1,1,0,11060761,2377383788,2391085625,33,33,766,1546072,3095924,361524,57610844,56191,413645106,319577861,0
1789565299.1700723,229.101,6266895,448011,0,111,63,93,77238,605687,22693060,19089568,3064,62008732,43301480,64771556,0,1430716,0,1,1,0,11060775,2377632837,2391334911,33,33,766,1546072,3095924,357679,57610846,56191,413645106,319577861,0
1789565299.4203715,229.352,6267270,448036,0,111,63,93,77238,605687,22693105,19089568,3064,62008732,43301480,64771556,0,1422304,0,1,1,0,11060787,2377881891,2391584180,33,33,766,1546072,3095924,355576,57610846,56191,413645106,319577861,0
1789565299.6706655,229.602,6267645,448061,0,111,63,93,77238,605687,22693151,19089568,3064,62008732,43301480,64771556,0,1406728,0,1,1,0,11060794,2378130954,2391833452,33,33,766,1546072,3095924,351682,57610848,56191,413645106,319577861,0
1789565299.9209669,229.852,6268020,448086,0,111,63,93,77238,605687,22693198,19089568,3064,62008732,43301480,64771556,0,1398656,0,1,1,0,11060802,2378380017,2392082721,33,33,766,1546072,3095924,349664,57610848,56191,413645106,319577861,0
1789565300.171257,230.103,6268396,448111,0,111,63,93,77238,605687,22693264,19089568,3064,62008732,43301480,64771556,0,1382552,0,1,1,0,11060896,2378629913,2392332996,33,33,766,1546072,3095924,345638,57610849,56191,413645106,319577861,0
1789565300.4215608,230.353,6268771,448136,0,111,63,93,77238,605687,22693302,19089568,3064,62008732,43301480,64771556,0,1374360,0,1,1,0,11060903,2378879968,2392583255,33,33,766,1546072,3095924,343590,57610849,56191,413645106,319577861,0
1789565300.6718442,230.603,6269146,448161,0,111,63,93,77238,605687,22693357,19089568,3064,62008732,43301480,64771556,0,1358640,0,1,1,0,11060929,2379129929,2392833513,33,33,766,1546072,3095924,339660,57610850,56191,413645106,319577861,0
1789565300.9221394,230.853,6269521,448186,0,111,63,93,77238,605687,22693396,19089568,3064,62008732,43301480,64771556,0,1350448,0,1,1,0,11060936,2379379984,2393083771,33,33,766,1546072,3095924,337612,57610852,56191,413645106,319577861,0
1789565301.172417,231.104,6269897,448211,0,111,63,93,77238,605687,22693461,19089568,3064,62008732,43301480,64771556,0,1334992,0,1,1,0,11060965,2379629921,2393334032,33,33,766,1546072,3095924,333748,57610852,56191,413645106,319577861,0
1789565301.422707,231.354,6270272,448236,0,111,63,93,77238,605687,22693554,19089568,3064,62008732,43301480,64771556,0,1322676,0,1,1,0,11060990,2379878917,2393583316,33,33,766,1546072,3095924,330669,57610853,56191,413645106,319577861,0
1789565301.673008,231.604,6270647,448261,0,111,63,93,77238,605687,22693596,19089568,3064,62008732,43301480,64771556,0,1312844,0,1,1,0,11060997,2380128973,2393833565,33,33,766,1546072,3095924,328211,57610853,56191,413645106,319577861,0
1789565301.9232838,231.855,6271022,448286,0,111,63,93,77238,605687,22693647,19089568,3064,62008732,43301480,64771556,0,1297844,0,1,1,0,11061004,2380378036,2394082821,33,33,766,1546072,3095924,324461,57610854,56191,413645106,319577861,0
1789565302.173559,232.105,6271398,448311,0,111,63,93,77238,605687,22693702,19089568,3064,62008732,43301480,64771556,0,1287372,0,1,1,0,11061020,2380628077,2394333083,33,33,766,1546072,3095924,321843,57610855,56191,413645106,319577861,0
1789565302.4238622,232.355,6271773,448336,0,111,63,93,77238,605687,22693754,19089568,3064,62008732,43301480,64771556,0,1274164,0,1,1,0,11061028,2380876170,2394581376,33,33,766,1546072,3095924,318541,57610857,56191,413645106,319577861,0
1789565302.6741376,232.605,6272148,448361,0,111,63,93,77238,605687,22693801,19081696,3064,62011092,43311688,64771556,0,1260192,0,1,1,0,11061039,2381125525,2394830939,33,33,766,1546131,3096042,315048,57610857,56191,413645106,319577861,0
1789565302.9244359,232.856,6272523,448386,0,111,63,93,77238,605687,22693867,19073432,3068,62010976,43320240,64771556,0,1252000,0,1,1,0,11061051,2381374965,2395080587,33,33,767,1546138,3096057,313000,57610859,56191,413645106,319577861,0
1789565303.1747253,233.106,6272899,448411,0,111,63,93,77239,605688,22693943,19056800,3072,62010796,43337080,64771556,0,1235616,0,1,1,0,11061081,2381623737,2395329616,33,33,768,1546146,3096073,308904,57610859,56191,413645106,319577973,0
1789565303.425055,233.356,6273274,448436,0,111,63,93,77239,605688,22693986,19048608,3072,62010812,43345768,64771556,0,1227424,0,1,1,0,11061096,2381873157,2395579268,33,33,768,1546153,3096086,306856,57610861,56191,413645106,319577973,0
1789565303.6753528,233.607,6273649,448461,0,111,63,93,77239,605688,22694043,19032224,3072,62010872,43362584,64771556,0,1211040,0,1,1,0,11061111,2382121960,2395828289,33,33,768,1546165,3096111,302760,57610863,56191,413645106,319577973,0
1789565303.9256492,233.857,6274025,448486,0,111,63,93,77239,605688,22694098,19024032,3072,62010912,43371000,64771556,0,1202848,0,1,1,0,11061126,2382370986,2396077965,33,33,768,1546172,3096124,300712,57610868,56191,413645106,319577973,0
1789565304.1760042,234.107,6274400,448511,0,111,63,93,77240,605688,22694169,19007984,3072,62011148,43387476,64771556,0,1186464,0,1,1,0,11061154,2382619754,2396326988,33,33,768,1546183,3096147,296616,57610868,56191,413645106,319577973,0
1789565304.4263186,234.358,6274775,448536,0,111,63,93,77240,605688,22694222,18999712,3072,62011032,43396028,64771556,0,1178272,0,1,1,0,11061171,2382869162,2396576627,33,33,768,1546190,3096162,294568,57610869,56191,413645106,319577973,0
1789565304.6766238,234.608,6275151,448560,0,111,63,93,77240,605688,22694273,18983168,3072,62011152,43413096,64771556,0,1161888,0,1,1,0,11061187,2383117959,2396825654,33,33,768,1546203,3096188,290472,57610869,56191,413645106,319577973,0
1789565304.9269679,234.858,6275526,448585,0,111,63,93,77240,605688,22694316,18974896,3072,62011432,43421648,64771556,0,1153696,0,1,1,0,11061198,2383367375,2397075306,33,33,768,1546210,3096202,288424,57610871,56191,413645106,319577973,0
1789565305.1772752,235.109,6275901,448610,0,111,63,93,77241,605688,22694391,18958496,3072,62011136,43438560,64771556,0,1137312,0,1,1,0,11061233,2383616122,2397324334,33,33,768,1546223,3096227,284328,57610872,56191,413645106,319577973,0
1789565305.4275792,235.359,6276277,448635,0,111,63,93,77241,605688,22694473,18950304,3072,62011112,43446948,64771556,0,1129120,0,1,1,0,11061250,2383865534,2397573975,33,33,768,1546228,3096238,282280,57610872,56191,413645106,319577973,0
1789565305.6778963,235.609,6276652,448660,0,111,63,93,77241,605688,22694518,18942112,3072,62011168,43455388,64771556,0,1120928,0,1,1,0,11061262,2384114973,2397823637,33,33,768,1546235,3096252,280232,57610873,56191,413645106,319577973,0
1789565305.928199,235.86,6277023,448685,0,111,63,93,77243,605690,22694968,18925728,3492,62009168,43470404,64771556,0,1104544,0,1,2,0,11061308,2384330173,2398039863,33,33,873,1546197,3096174,276136,57614169,56191,413645106,319577973,0
1789565306.1786048,236.11,6277395,448710,0,111,63,93,77246,605691,22695532,18917536,5128,62010172,43479724,64771556,0,1096352,0,1,1,0,11061343,2384555733,2398266174,33,33,1282,1546227,3096236,274088,57617811,56191,413645106,319577981,0
1789565306.4289856,236.36,6277770,448735,0,111,63,93,77246,605691,22695597,18901152,5128,62010292,43496624,64771556,0,1080200,0,1,1,0,11061361,2384804491,2398515214,33,33,1282,1546242,3096265,270050,57617812,56191,413645106,319577981,0
1789565306.6793115,236.611,6278145,448760,0,111,63,93,77246,605691,22695669,18892960,1704,62010328,43505036,64771556,0,1071840,0,1,1,0,11061376,2385047290,2398758273,33,33,426,1546248,3096278,267960,57617813,56191,413645106,319581553,0
1789565306.9296193,236.861,6278520,448785,0,111,63,93,77246,605692,22695724,18876576,1704,62010388,43521876,64771556,0,1055456,0,1,1,0,11061394,2385296102,2399007309,33,33,426,1546261,3096304,263864,57617813,56191,413645106,319581553,0
1789565307.1799445,237.111,6278895,448810,0,111,63,93,77246,605692,22695799,18868384,1556,62010476,43530600,64771556,0,1047200,0,1,1,0,11061414,2385545509,2399256970,33,33,389,1546269,3096319,261800,57617814,56191,413645106,319581553,0
1789565307.4302576,237.362,6279270,448835,0,111,63,93,77247,605692,22695858,18852000,1556,62010520,43547408,64771556,0,1031088,0,1,1,0,11061434,2385794308,2399506013,33,33,389,1546282,3096344,257772,57617815,56191,413645106,319581553,0
1789565307.6805656,237.612,6279646,448860,0,111,63,93,77247,605692,22695899,18843808,1556,62010472,43555752,64771556,0,1022824,0,1,1,0,11061446,2386043741,2399755658,33,33,389,1546286,3096354,255706,57617817,56191,413645106,319581553,0
1789565307.9308565,237.862,6280021,448885,0,111,63,93,77247,605692,22695961,18827424,1556,62010552,43572604,64771556,0,1006336,0,1,1,0,11061465,2386292543,2400004684,33,33,389,1546300,3096380,251584,57617817,56191,413645106,319581553,0
1789565308.1811643,238.112,6280396,448910,0,111,63,93,77247,605692,22696026,18819232,1556,62010316,43580760,64771556,0,998048,0,1,1,0,11061492,2386541956,2400254352,33,33,389,1546299,3096380,249512,57617818,56191,413645106,319581553,0
1789565308.4314718,238.363,6280772,448934,0,111,63,93,77247,605692,22696077,18802848,1556,62010668,43598136,64771556,0,981664,0,1,1,0,11061514,2386790695,2400503375,33,33,389,1546319,3096420,245416,57617818,56191,413645106,319581553,0
1789565308.681774,238.613,6281147,448959,0,111,63,93,77248,605692,22696126,18794648,1556,62010508,43606364,64771556,0,973472,0,1,1,0,11061525,2387040133,2400753036,33,33,389,1546322,3096424,243368,57617819,56191,413645106,319581569,0
1789565308.9320886,238.863,6281522,448984,0,111,63,93,77248,605692,22696185,18778264,1556,62010524,43623148,64771556,0,957088,0,1,1,0,11061545,2387288932,2401002071,33,33,389,1546333,3096448,239272,57617821,56191,413645106,319581569,0
1789565309.182395,239.114,6281898,449009,0,111,63,93,77248,605692,22696259,18770080,1556,62010752,43631772,64771556,0,948896,0,1,1,0,11061583,2387538236,2401251724,33,33,389,1546345,3096470,237224,57617821,56191,413645106,319581569,0
1789565309.4327135,239.364,6282273,449034,0,111,63,93,77248,605692,22696354,18753952,1556,62010916,43648460,64771556,0,932816,0,1,1,0,11061613,2387786970,2401500772,33,33,389,1546359,3096499,233204,57617822,56191,413645106,319581569,0
1789565309.6830375,239.614,6282648,449059,0,111,63,93,77249,605692,22696397,18745680,1556,62011172,43656988,64771556,0,924576,0,1,1,0,11061626,2388036392,2401750411,33,33,389,1546365,3096512,231144,57617823,56191,413645106,319581569,0
1789565309.9333384,239.865,6283024,449084,0,111,63,93,77249,605692,22696454,18729152,1556,62010912,43673668,64771556,0,908040,0,1,1,0,11061647,2388285189,2401999448,33,33,389,1546369,3096519,227010,57617824,56191,413645106,319581569,0
1789565310.183685,240.115,6283399,449109,0,111,63,93,77249,605692,22696517,18720928,1556,62011232,43682824,64771556,0,899744,0,1,1,0,11061734,2388534517,2402249151,33,33,389,1546391,3096563,224936,57617825,56191,413645106,319581569,0
1789565310.434037,240.365,6283775,449134,0,111,63,93,77249,605692,22696573,18704544,1556,62011444,43699804,64771556,0,883360,0,1,1,0,11061753,2388783299,2402498175,33,33,389,1546407,3096596,220840,57617827,56191,413645106,319581569,0
1789565310.6843617,240.616,6284150,449159,0,111,63,93,77250,605692,22696618,18696352,1556,62011480,43708236,64771556,0,875168,0,1,1,0,11061771,2389032629,2402747822,33,33,389,1546414,3096610,218792,57617827,56191,413645106,319581569,0
1789565310.9346714,240.866,6284525,449183,0,111,63,93,77250,605692,22696675,18679968,1556,62011564,43725340,64771556,0,858784,0,1,1,0,11061789,2389281340,2402996828,33,33,389,1546428,3096637,214696,57617828,56191,413645106,319581569,0
1789565311.1849875,241.116,6284901,449208,0,111,63,93,77250,605692,22696740,18671776,1556,62011620,43733784,64771556,0,850592,0,1,1,0,11061815,2389530674,2403246457,33,33,389,1546435,3096651,212648,57617828,56191,413645106,319581569,0
1789565311.4353144,241.367,6285276,449233,0,111,63,93,77250,605692,22696795,18655648,1556,62011756,43750444,64771556,0,834512,0,1,1,0,11061832,2389779485,2403495508,33,33,389,1546448,3096678,208628,57617830,56191,413645106,319581569,0
1789565311.6856217,241.617,6285651,449258,0,111,63,93,77251,605692,22696847,18647376,1556,62011640,43758600,64771556,0,826272,0,1,1,0,11061844,2390028883,2403745123,33,33,389,1546445,3096672,206568,57617832,56191,413645106,319581569,0
1789565311.9359417,241.867,6286027,449283,0,111,63,93,77251,605692,22696900,18630832,1556,62011812,43775304,64771556,0,810208,0,1,1,0,11061868,2390277493,2403994080,33,33,389,1546460,3096701,202552,57617833,56191,413645106,319581569,0
1789565312.1862385,242.118,6286402,449308,0,111,63,93,77251,605692,22696969,18622624,1556,62011488,43784228,64771556,0,801440,0,1,1,0,11061951,2390525839,2404242722,33,33,389,1546466,3096713,200360,57617833,56191,413645106,319581569,0
1789565312.4365363,242.368,6286777,449333,0,111,63,93,77251,605692,22697018,18606240,1556,62011648,43801156,64771556,0,785056,0,1,1,0,11061967,2390774659,2404491755,33,33,389,1546481,3096743,196264,57617834,56191,413645106,319581569,0
1789565312.6868412,242.618,6287153,449358,0,111,63,93,77251,605692,22697062,18598048,1556,62011776,43809664,64771556,0,776864,0,1,1,0,11061988,2391023976,2404741401,33,33,389,1546490,3096761,194216,57617835,56191,413645106,319581569,0
1789565312.93714,242.868,6287528,449383,0,111,63,93,77252,605692,22697115,18581664,1556,62011848,43826520,64771556,0,760480,0,1,1,0,11062001,2391272802,2404990446,33,33,389,1546503,3096788,190120,57617836,56191,413645106,319581569,0
1789565313.1874511,243.119,6287903,449407,0,111,63,93,77252,605692,22697183,18573472,1416,62011868,43834932,64771556,0,752288,0,1,1,0,11062035,2391522160,2405240092,33,33,354,1546509,3096800,188072,57617837,56191,413645106,319581689,0
1789565313.4377544,243.369,6288279,449432,0,111,63,93,77252,605692,22697268,18557088,1416,62011760,43851844,64771556,0,735904,0,1,1,0,11062062,2391770955,2405489146,33,33,354,1546518,3096818,183976,57617837,56191,413645106,319581689,0
1789565313.6880789,243.619,6288654,449457,0,111,63,93,77252,605692,22697309,18548896,1416,62011844,43860308,64771556,0,727712,0,1,1,0,11062073,2392020377,2405738787,33,33,354,1546526,3096833,181928,57617840,56191,413645106,319581689,0
1789565313.9383843,243.87,6289029,449482,0,111,63,93,77252,605692,22697381,18532504,1416,62012312,43877560,64771556,0,711328,0,1,1,0,11062094,2392268796,2405987853,33,33,354,1546549,3096880,177832,57617844,56191,413645106,319581705,0
1789565314.1887207,244.12,6289405,449507,0,111,63,93,77253,605692,22697452,18516464,1424,62012592,43894080,64771556,0,695272,0,1,1,0,11062118,2392517550,2406236876,33,33,356,1546562,3096905,173818,57617845,56191,413645106,319581705,0
1789565314.439046,244.37,6289780,449532,0,111,63,93,77253,605692,22697493,18508200,1424,62012464,43902628,64771556,0,686968,0,1,1,0,11062129,2392766989,2406486533,33,33,356,1546569,3096919,171742,57617846,56191,413645106,319581705,0
1789565314.6893435,244.621,6290155,449557,0,111,63,93,77253,605692,22697546,18491664,1424,62012636,43919732,64771556,0,670504,0,1,1,0,11062140,2393015778,2406735535,33,33,356,1546583,3096948,167626,57617847,56191,413645106,319581705,0
1789565314.9396422,244.871,6290531,449582,0,111,63,93,77253,605693,22697591,18483392,1424,62012516,43927884,64771556,0,662256,0,1,1,0,11062151,2393265213,2406985178,33,33,356,1546580,3096942,165564,57617847,56191,413645106,319581705,0
1789565315.1899514,245.121,6290906,449607,0,111,63,93,77254,605693,22697681,18467328,1424,62012752,43944812,64771556,0,645792,0,1,1,0,11062171,2393513990,2407234196,33,33,356,1546600,3096982,161448,57617848,56191,413645106,319581705,0
1789565315.4402668,245.372,6291281,449631,0,111,63,93,77254,605693,22697732,18458784,1424,62012508,43953488,64771556,0,637952,0,1,1,0,11062190,2393763409,2407483851,33,33,356,1546605,3096992,159488,57617848,56191,413645106,319581705,0
1789565315.6905744,245.622,6291656,449655,0,111,63,93,77255,605693,22697789,18398032,1424,62012584,44016140,64771556,0,626400,0,1,1,0,11062208,2394002788,2407723461,33,33,356,1546649,3097080,156600,57617849,56191,413645106,319581705,0
1789565315.9409158,245.872,6292032,449680,0,111,63,93,77255,605693,22697864,18389840,1424,62012664,44024608,64771556,0,618160,0,1,1,0,11062230,2394252071,2407973104,33,33,356,1546657,3097096,154540,57617860,56191,413645106,319581705,0
1789565316.191257,246.123,6292407,449705,0,111,63,93,77256,605693,22697933,18373808,1424,62013004,44041172,64771556,0,601424,0,1,1,0,11062256,2394500858,2408222156,33,33,356,1546671,3097124,150356,57617862,56191,413645106,319581705,0
1789565316.4415653,246.373,6292782,449730,0,111,63,93,77256,605693,22697987,18365536,1424,62012892,44049736,64771556,0,593616,0,1,1,0,11062265,2394750295,2408471815,33,33,356,1546678,3097138,148404,57617862,56191,413645106,319581705,0
1789565316.6918857,246.623,6293158,449755,0,111,63,93,77256,605693,22698036,18348992,1424,62013040,44066416,64771556,0,577120,0,1,1,0,11062284,2394999002,2408720820,33,33,356,1546692,3097166,144280,57617863,56191,413645106,319581705,0
1789565316.9421887,246.873,6293533,449780,0,111,63,93,77256,605693,22698085,18340728,1424,62013308,44075372,64771556,0,568928,0,1,1,0,11062301,2395248383,2408970469,33,33,356,1546699,3097179,142232,57617863,56191,413645106,319581705,0
1789565317.1924841,247.124,6293908,449805,0,111,63,93,77256,605693,22698166,18324304,1424,62012680,44091968,64771556,0,552616,0,1,1,0,11062332,2395497048,2409219462,33,33,356,1546703,3097188,138154,57617864,56191,413645106,319581705,0
1789565317.4428134,247.374,6294284,449830,0,111,63,93,77257,605693,22698243,18316112,1424,62012904,44100572,64771556,0,544368,0,1,1,0,11062348,2395746480,2409469135,33,33,356,1546714,3097210,136092,57617866,56191,413645106,319581705,0
1789565317.6931057,247.624,6294659,449854,0,111,63,93,77257,605693,22698295,18299728,1424,62012992,44117444,64771556,0,527872,0,1,1,0,11062366,2395995297,2409718175,33,33,356,1546728,3097238,131968,57617866,56191,413645106,319581705,0
1789565317.943409,247.875,6295034,449879,0,111,63,93,77257,605693,22698342,18291536,1424,62012820,44125656,64771556,0,519640,0,1,1,0,11062381,2396244724,2409967822,33,33,356,1546729,3097240,129910,57617867,56191,413645106,319581705,0
1789565318.193703,248.125,6295410,449904,0,111,63,93,77257,605693,22698407,18275152,1424,62012852,44142696,64771556,0,503120,0,1,1,0,11062483,2396493436,2410216867,33,33,356,1546741,3097264,125780,57617867,56191,413645106,319581705,0
1789565318.4440312,248.375,6295785,449929,0,111,63,93,77257,605693,22698450,18266960,1424,62012880,44151096,64771556,0,494928,0,1,1,0,11062493,2396742875,2410466523,33,33,356,1546747,3097276,123732,57617868,56191,413645106,319581705,0
1789565318.6943414,248.626,6296160,449954,0,111,63,93,77258,605693,22698499,18250576,1424,62013040,44168040,64771556,0,478544,0,1,1,0,11062509,2396991683,2410715564,33,33,356,1546763,3097308,119636,57617871,56191,413645106,319581705,0
1789565318.9446456,248.876,6296536,449979,0,111,63,93,77258,605693,22698549,18242384,1424,62013056,44176452,64771556,0,470352,0,1,1,0,11062522,2397241105,2410965196,33,33,356,1546769,3097320,117588,57617873,56191,413645106,319581705,0
1789565319.194953,249.126,6296911,450004,0,111,63,93,77258,605693,22698631,18226320,1500,62013200,44192816,64771556,0,453968,0,1,1,0,11062550,2397489882,2411214215,33,33,375,1546778,3097338,113492,57617873,56191,413645106,319581797,0
1789565319.445253,249.377,6297286,450029,0,111,63,93,77258,605693,22698682,18218056,1500,62012668,44201360,64771556,0,445776,0,1,1,0,11062566,2397739295,2411463843,33,33,375,1546775,3097332,111444,57617874,56191,413645106,319581797,0
1789565319.6955426,249.627,6297662,450054,0,111,63,93,77259,605693,22698733,18201520,1500,62013196,44218420,64771556,0,429720,0,1,1,0,11062586,2397988044,2411712866,33,33,375,1546798,3097378,107430,57617874,56191,413645106,319581797,0
1789565319.9458504,249.877,6298037,450079,0,111,63,93,77259,605693,22698782,18193248,1500,62013080,44226576,64771556,0,421488,0,1,1,0,11062605,2398237405,2411962517,33,33,375,1546795,3097372,105372,57617876,56191,413645106,319581797,0
1789565320.1961544,250.127,6298412,450104,0,111,63,93,77259,605693,22698866,18176848,1500,62013088,44243828,64771556,0,404816,0,1,1,0,11062696,2398486029,2412211493,33,33,375,1546815,3097413,101204,57617877,56191,413645106,319581797,0
1789565320.446467,250.378,6298787,450128,0,111,63,93,77260,605693,22698911,18168656,1500,62012980,44252080,64771556,0,396624,0,1,1,0,11062711,2398735418,2412461141,33,33,375,1546818,3097418,99156,57617878,56191,413645106,319581797,0
1789565320.696761,250.628,6299163,450153,0,111,63,93,77260,605693,22698968,18152272,1500,62013024,44269156,64771556,0,380240,0,1,1,0,11062726,2398984246,2412710194,33,33,375,1546830,3097443,95060,57617878,56191,413645106,319581797,0
1789565320.9470685,250.878,6299538,450178,0,111,63,93,77260,605693,22699015,18144080,1500,62013032,44277556,64771556,0,372048,0,1,1,0,11062739,2399233673,2412959836,33,33,375,1546836,3097455,93012,57617879,56191,413645106,319581797,0
1789565321.1973732,251.129,6299913,450203,0,111,63,93,77260,605693,22699090,18127696,1500,62013176,44294488,64771556,0,355664,0,1,1,0,11062774,2399482431,2413208870,33,33,375,1546851,3097485,88916,57617879,56191,413645106,319581797,0
1789565321.447693,251.379,6300289,450228,0,111,63,93,77260,605693,22699172,18119504,1488,62013224,44302900,64771556,0,347472,0,1,1,0,11062797,2399731831,2413458540,33,33,372,1546858,3097498,86868,57617883,56191,413645106,319581809,0
1789565321.6980069,251.629,6300664,450253,0,111,63,93,77261,605693,22699225,18103120,1488,62013320,44319804,64771556,0,331088,0,1,1,0,11062813,2399980660,2413707582,33,33,372,1546873,3097528,82772,57617883,56191,413645106,319581809,0
1789565321.9483023,251.88,6301039,450278,0,111,63,93,77261,605693,22699274,18094928,1488,62013552,44328680,64771556,0,322896,0,1,1,0,11062830,2400230066,2413957213,33,33,372,1546884,3097551,80724,57617883,56191,413645106,319581809,0
1789565322.198597,252.13,6301415,450303,0,111,63,93,77261,605693,22699335,18078880,1492,62013896,44345256,64771556,0,306512,0,1,1,0,11062847,2400478867,2414206240,33,33,373,1546899,3097580,76628,57617884,56191,413645106,319581809,0
1789565322.4489095,252.38,6301790,450328,0,111,63,93,77261,605694,22699378,18070352,1492,62013672,44353952,64771556,0,298320,0,1,1,0,11062858,2400728295,2414455896,33,33,373,1546904,3097591,74580,57617884,56191,413645106,319581809,0
1789565322.6992116,252.631,6302165,450353,0,111,63,93,77261,605694,22699424,18062160,1492,62013768,44362440,64771556,0,290128,0,1,1,0,11062870,2400977729,2414705550,33,33,373,1546912,3097607,72532,57617886,56191,413645106,319581809,0
1789565322.9495137,252.881,6302541,450377,0,111,63,93,77262,605694,22699477,18045776,1492,62013844,44379296,64771556,0,273744,0,1,1,0,11062888,2401226542,2414954599,33,33,373,1546926,3097634,68436,57617887,56191,413645106,319581809,0
1789565323.19984,253.131,6302916,450402,0,111,63,93,77262,605694,22699536,18037584,1492,62013872,44387952,64771556,0,265552,0,1,1,0,11062915,2401475951,2415204253,33,33,373,1546932,3097647,66388,57617888,56191,413645106,319581809,0
1789565323.4501386,253.381,6303291,450427,0,111,63,93,77262,605694,22699595,18021200,1492,62013940,44404796,64771556,0,249472,0,1,1,0,11062932,2401724761,2415453282,33,33,373,1546945,3097673,62368,57617888,56191,413645106,319581809,0
1789565323.7004356,253.632,6303667,450452,0,111,63,93,77262,605694,22699638,18013008,1492,62013784,44413032,64771556,0,241248,0,1,1,0,11062942,2401974200,2415702925,33,33,373,1546947,3097677,60312,57617889,56191,413645106,319581809,0
1789565323.9507408,253.882,6304042,450477,0,111,63,93,77262,605694,22699716,17996624,1492,62013856,44429880,64771556,0,224736,0,1,1,0,11062962,2402222592,2415952004,33,33,373,1546960,3097703,56184,57617894,56191,413645106,319581809,0
1789565324.201093,254.132,6304417,450502,0,111,63,93,77263,605694,22699777,17988432,1496,62013968,44438372,64771556,0,216400,0,1,1,0,11062986,2402471983,2416201651,33,33,374,1546969,3097720,54100,57617896,56191,413645106,319581809,0
1789565324.4514043,254.383,6304792,450527,0,111,63,93,77263,605694,22699836,17972296,1496,62013708,44455044,64771556,0,200016,0,1,1,0,11063004,2402720779,2416450678,33,33,374,1546972,3097728,50004,57617896,56191,413645106,319581825,0
1789565324.7017133,254.633,6305168,450552,0,111,63,93,77263,605694,22699877,17964024,1496,62014416,44463608,64771556,0,191824,0,1,1,0,11063017,2402970201,2416700330,33,33,374,1546990,3097763,47956,57617897,56191,413645106,319581825,0
1789565324.9520228,254.883,6305543,450577,0,111,63,93,77263,605694,22699934,17947480,1496,62014152,44480292,64771556,0,175440,0,1,1,0,11063039,2403218950,2416949352,33,33,374,1546994,3097770,43860,57617897,56191,413645106,319581825,0
1789565325.2023394,255.134,6305918,450602,0,111,63,93,77264,605694,22700006,17939280,1496,62014064,44489040,64771556,0,167248,0,1,1,0,11063064,2403468316,2417199004,33,33,374,1547005,3097794,41812,57617899,56191,413645106,319581825,0
1789565325.4526408,255.384,6306294,450626,0,111,63,93,77264,605694,22700097,17922896,1496,62014096,44505848,64771556,0,151152,0,1,1,0,11063094,2403716998,2417447991,33,33,374,1547018,3097818,37788,57617899,56191,413645106,319581825,0
1789565325.702961,255.634,6306669,450651,0,111,63,93,77264,605694,22700138,17914704,1496,62014212,44514604,64771556,0,142912,0,1,1,0,11063107,2403966419,2417697629,33,33,374,1547026,3097835,35728,57617901,56191,413645106,319581825,0
1789565325.953258,255.885,6307044,450676,0,111,63,93,77264,605694,22700219,17898320,1496,62014260,44531444,64771556,0,126432,0,1,1,0,11063123,2404215248,2417946672,33,33,374,1547039,3097861,31608,57617912,56191,413645106,319581825,0
1789565326.2035537,256.135,6307420,450701,0,111,63,93,77265,605694,22700286,17890128,1496,62014072,44539636,64771556,0,118096,0,1,1,0,11063222,2404464517,2418196319,33,33,374,1547040,3097863,29524,57617912,56191,413645106,319581825,0
1789565326.453867,256.385,6307795,450726,0,111,63,93,77265,605694,22700342,17873744,1460,62014184,44556508,64771556,0,101724,0,1,1,0,11063242,2404713202,2418445302,33,33,365,1547054,3097891,25431,57617913,56191,413645106,319581837,0
1789565326.7041783,256.635,6308170,450751,0,111,63,93,77265,605694,22700385,17865552,1460,62014396,44565112,64771556,0,93532,0,1,1,0,11063255,2404962625,2418694956,33,33,365,1547065,3097913,23383,57617914,56191,413645106,319581837,0
1789565326.9544818,256.886,6308546,450776,0,111,63,93,77265,605694,22700442,17849168,1460,62014316,44582068,64771556,0,77148,0,1,1,0,11063275,2405211437,2418943995,33,33,365,1547075,3097932,19287,57617916,56191,413645106,319581837,0
1789565327.2047782,257.136,6308921,450801,0,111,63,93,77266,605694,22700515,17840976,1460,62014104,44590240,64771556,0,68944,0,1,1,0,11063362,2405460782,2419193650,33,33,365,1547075,3097933,17236,57617916,56191,413645106,319581837,0
1789565327.4550989,257.386,6309295,450826,0,111,63,93,77266,605694,22700645,17824568,432,62014500,44607400,64771556,0,52220,0,1,1,0,11063385,2405703752,2419436923,33,33,108,1547096,3097976,13055,57617919,56191,413645106,319583269,0
1789565327.7053986,257.637,6309671,450851,0,111,63,93,77266,605694,22700698,17816376,432,62014364,44615640,64771556,0,44028,0,1,1,0,11063397,2405953173,2419686556,33,33,108,1547098,3097979,11007,57617919,56191,413645106,319583269,0
1789565327.9557092,257.887,6310046,450876,0,111,63,93,77266,605694,22700753,17799992,432,62014520,44632580,64771556,0,27644,0,1,1,0,11063416,2406201980,2419935619,33,33,108,1547114,3098010,6911,57617921,56191,413645106,319583269,0
1789565328.206024,258.137,6310421,450901,0,111,63,93,77267,605694,22700812,17791824,128,62014836,44641488,64771556,0,19792,0,1,1,0,11063441,2406451321,2420185248,33,33,32,1547127,3098038,4948,57617921,56191,413645106,319583269,0
1789565328.4563408,258.388,6310786,450921,0,111,63,93,77271,605705,22701412,17440776,128,62015892,44996876,64771556,0,0,0,0,3,0,11063622,2406574563,2420308538,33,33,32,1547237,3098258,0,57620534,56192,413645218,319583269,0
1789565328.7067502,258.638,6311150,450921,0,111,63,93,77296,605716,22701697,13890844,128,62036236,48608696,64771556,0,0,0,0,2,0,11073058,2406574563,2420308538,33,33,32,1548759,3101305,0,57620563,56192,413645218,319583269,0
1789565328.9571986,258.889,6311525,450921,0,111,63,93,77321,605716,22701988,10369264,128,62108360,52249352,64771556,0,0,0,0,2,0,11078798,2406574563,2420308538,33,33,32,1551758,3107311,0,57620567,56192,413645218,319583269,0
1789565329.2075782,259.139,6311912,450921,0,111,63,93,77333,605717,22702408,8713756,240,62155476,53996696,64771556,0,0,0,0,1,0,11083071,2406574563,2420308538,33,33,60,1554046,3111892,0,57620972,56192,413645218,319583269,0
1789565329.457955,259.389,6312312,450921,0,111,63,93,77333,605717,22702621,8713756,240,62155476,53996696,64771556,0,0,0,0,1,0,11083110,2406574563,2420308538,33,33,60,1554046,3111892,0,57620986,56192,413645218,319583269,0
