t,t_rel,cpu_idle,cpu_iowait,cpu_irq,cpu_nice,cpu_softirq,cpu_steal,cpu_system,cpu_user,ctxt,mem_Cached,mem_Dirty,mem_MemAvailable,mem_MemFree,mem_MemTotal,mem_SwapCached,mem_Writeback,mem_WritebackTmp,procs_blocked,procs_running,psi_cpu_full_total,psi_cpu_some_total,psi_io_full_total,psi_io_some_total,psi_memory_full_total,psi_memory_some_total,vm_nr_dirty,vm_nr_dirty_background_threshold,vm_nr_dirty_threshold,vm_nr_writeback,vm_pgfault,vm_pgmajfault,vm_pgpgin,vm_pgpgout,vm_pswpout
1789394799.2532208,0.0,10486836,77924,0,192,65,52,80382,657703,24822743,145328,1796,63858076,64225416,64771552,0,256,0,1,1,0,11673206,269938669,271042622,40,44,449,1595208,3194316,64,54789068,48479,378927193,376316713,0
1789394799.5036623,0.25,10487086,77941,0,192,65,52,80383,657835,24823351,154984,1796,63843024,64204456,64771552,0,256,0,0,17,0,11673531,269967473,271071493,40,44,449,1594990,3193880,64,54791685,48549,378939181,376316713,0
1789394799.754257,0.501,10487448,77957,0,192,65,52,80385,657856,24824003,161400,1796,63826016,64183668,64771552,0,256,0,0,2,0,11674115,270047242,271151333,40,44,449,1594660,3193219,64,54796482,48578,378947017,376316713,0
1789394800.0047362,0.752,10487823,77979,0,192,65,52,80387,657856,24824733,189648,1828,63798584,64141760,64771552,0,256,0,1,1,0,11674816,270187926,271292017,40,44,457,1594336,3192571,64,54800707,48770,378975993,376316713,0
1789394800.255137,1.002,10488187,78003,0,192,65,52,80389,657866,24826850,199788,1828,63781944,64120024,64771552,0,0,0,1,1,0,11675658,270322701,271426871,40,44,457,1594048,3191994,0,54803751,48888,378986125,376316713,0
1789394800.5056176,1.252,10488557,78024,0,192,65,52,80390,657872,24828568,207660,1828,63771732,64105876,64771552,0,0,0,1,1,0,11676631,270497396,271601570,40,44,457,1593891,3191680,0,54805987,48894,378993869,376316713,0
1789394800.756096,1.503,10488924,78046,0,192,65,52,80391,657881,24829739,216048,1828,63749824,64079780,64771552,0,0,0,1,1,0,11677558,270662228,271766420,40,44,457,1593449,3190794,0,54811060,48894,379002261,376316713,0
1789394801.0065625,1.753,10489283,78057,0,192,65,52,80395,657906,24833270,219400,1828,63756336,64084536,64771552,0,0,0,0,2,0,11678101,270720899,271825092,40,44,457,1593650,3191198,0,54823258,48902,379005605,376316745,0
1789394801.2570488,2.004,10489635,78068,0,192,65,52,80398,657938,24835883,222228,1828,63720520,64047336,64771552,0,0,0,1,1,0,11679810,270782834,271887033,40,44,457,1592796,3189487,0,54833635,48903,379008497,376316745,0
1789394801.5075166,2.254,10490003,78080,0,192,65,52,80399,657959,24838177,225236,1828,63700252,64025536,64771552,0,0,0,1,1,0,11680641,270870384,271974603,40,44,457,1592329,3188552,0,54838313,48903,379011473,376316745,0
1789394801.7579882,2.505,10490363,78092,0,192,65,52,80400,657984,24841268,228156,1828,63681548,64005376,64771552,0,0,0,0,2,0,11681241,270946685,272050913,40,44,457,1591898,3187688,0,54842293,48903,379014381,376316745,0
1789394802.0083704,2.755,10490719,78105,0,192,65,52,80403,658011,24844167,231404,1828,63658716,63980884,64771552,0,0,0,0,3,0,11681848,271017046,272121287,40,44,457,1591369,3186630,0,54848978,48913,379017633,376316745,0
1789394802.258858,3.006,10491068,78111,0,192,65,52,80404,658053,24850922,233044,1828,63649416,63970744,64771552,0,0,0,0,3,0,11682964,271048149,272152404,40,44,457,1591158,3186206,0,54852115,48918,379019293,376316745,0
1789394802.5093524,3.256,10491423,78124,0,192,65,52,80405,658086,24853921,235896,1828,63641932,63961832,64771552,0,0,0,1,5,0,11683484,271120401,272224656,40,44,457,1591007,3185904,0,54854037,48919,379022121,376316745,0
1789394802.7602844,3.507,10491790,78131,0,192,65,52,80408,658107,24858207,236928,1828,63678872,63998256,64771552,0,0,0,1,1,0,11683771,271135362,272239657,40,44,457,1591942,3187776,0,54858951,48922,379023533,376316749,0
1789394803.0274534,3.774,10492193,78155,0,192,65,52,80410,658108,24858891,264468,1828,63659360,63964668,64771552,0,0,0,1,1,0,11685143,271378048,272482440,40,44,457,1591806,3187505,0,54860878,49150,379051829,376316749,0
1789394803.2828577,4.03,10492573,78173,0,192,65,52,80411,658114,24859512,278368,1828,63644616,63940944,64771552,0,0,0,1,1,0,11685934,271561483,272665887,40,44,457,1591569,3187030,0,54864740,49258,379065977,376316749,0
1789394803.5346067,4.281,10492956,78189,0,192,65,52,80412,658122,24860047,289724,1828,63635248,63920528,64771552,0,0,0,1,1,0,11686838,271725879,272830308,40,44,457,1591335,3186562,0,54868624,49352,379077373,376316749,0
1789394803.7886567,4.535,10493326,78204,0,192,65,52,80415,658135,24861403,296396,1828,63623256,63901244,64771552,0,0,0,1,2,0,11687565,271826767,272931196,40,44,457,1591036,3185963,0,54872290,49364,379084225,376316749,0
1789394804.0391185,4.786,10493685,78217,0,192,65,52,80417,658161,24862587,299828,1828,63606188,63880704,64771552,0,0,0,0,2,0,11688121,271909643,273014088,40,44,457,1590610,3185109,0,54876196,49368,379087317,376316749,0
1789394804.2895782,5.036,10494024,78228,0,192,65,52,80420,658208,24864360,302064,1828,63567184,63839460,64771552,0,0,0,1,4,0,11688490,271953508,273057953,40,44,457,1589636,3183160,0,54889971,49368,379089545,376316749,0
1789394804.5400674,5.287,10494360,78238,0,192,65,52,80423,658259,24865890,304504,1828,63526464,63796312,64771552,0,0,0,0,3,0,11688784,271992445,273096890,40,44,457,1588620,3181124,0,54901810,49368,379091993,376316749,0
1789394804.7905385,5.537,10494726,78248,0,192,65,52,80424,658281,24867778,307936,1828,63502408,63768800,64771552,0,0,0,0,10,0,11689275,272056018,273160474,40,44,457,1588019,3179922,0,54907911,49368,379095433,376316749,0
1789394805.0410936,5.788,10495066,78258,0,192,65,52,80426,658330,24870153,310424,1828,63494820,63758704,64771552,0,0,0,0,2,0,11689631,272093885,273198342,40,44,457,1587830,3179542,0,54911141,49371,379097989,376316749,0
1789394805.2915695,6.038,10495423,78266,0,192,65,52,80427,658363,24871793,312656,1928,63483200,63744912,64771552,0,0,0,0,3,0,11691132,272135543,273240000,40,44,482,1587542,3178967,0,54913783,49372,379100081,376316749,0
1789394805.5420513,6.289,10495787,78278,0,192,65,52,80429,658386,24873502,316148,1928,63469320,63727548,64771552,0,0,0,0,2,0,11691705,272219601,273324067,40,44,482,1587193,3178268,0,54918098,49373,379103649,376316749,0
1789394805.792501,6.539,10496141,78287,0,192,65,52,80429,658421,24874464,319468,1928,63461272,63716112,64771552,0,0,0,0,3,0,11692044,272274034,273378500,40,44,482,1586992,3177865,0,54921794,49373,379106861,376316749,0
1789394806.0429375,6.79,10496496,78289,0,192,65,52,80430,658464,24877688,320412,1928,63450556,63704432,64771552,0,0,0,0,3,0,11693306,272284913,273389380,40,44,482,1586725,3177330,0,54924244,49373,379107801,376316749,0
1789394806.2933924,7.04,10496801,78291,0,192,65,52,80434,658552,24881806,320932,1928,63415796,63669152,64771552,0,0,0,0,6,0,11693920,272288422,273392888,40,44,482,1585857,3175592,0,54934759,49375,379108321,376316749,0
1789394806.5439079,7.291,10497127,78294,0,192,65,52,80436,658620,24886762,321544,1928,63399668,63652456,64771552,0,0,0,0,6,0,11694267,272298119,273402585,40,44,482,1585455,3174786,0,54937184,49377,379109025,376316749,0
1789394806.7945805,7.541,10497499,78307,0,192,65,52,80437,658633,24888061,325692,1928,63395640,63644284,64771552,0,0,0,0,2,0,11695016,272418657,273523134,40,44,482,1585354,3174585,0,54938334,49378,379113081,376316749,0
1789394807.0450695,7.792,10497870,78315,0,192,65,52,80438,658654,24889123,327844,1928,63388028,63634520,64771552,0,0,0,0,2,0,11695471,272485084,273589561,40,44,482,1585164,3174204,0,54940196,49378,379115413,376316749,0
1789394807.295545,8.042,10498230,78322,0,192,65,52,80439,658686,24891719,329596,1928,63385716,63630468,64771552,0,0,0,0,3,0,11696707,272528720,273633197,40,44,482,1585106,3174089,0,54941717,49378,379116985,376316749,0
1789394807.5460207,8.293,10498593,78333,0,192,65,52,80440,658711,24892456,333104,1928,63372464,63613680,64771552,0,0,0,1,1,0,11697194,272606702,273711179,40,44,482,1584775,3173426,0,54944788,49378,379120509,376316749,0
1789394807.7964818,8.543,10498964,78343,0,192,65,52,80441,658729,24893642,335416,1928,63367224,63606136,64771552,0,0,0,0,2,0,11697722,272686681,273791158,40,44,482,1584645,3173164,0,54946125,49378,379122929,376316749,0
1789394808.0469673,8.794,10499314,78349,0,192,65,52,80442,658772,24896018,336924,1928,63359944,63597328,64771552,0,0,0,0,2,0,11698162,272706962,273811445,40,44,482,1584463,3172800,0,54948974,49378,379124401,376316749,0
1789394808.2974417,9.044,10499681,78357,0,192,65,52,80443,658795,24897046,338604,1928,63354092,63589516,64771552,0,0,0,0,4,0,11700116,272773206,273877701,40,44,482,1584317,3172508,0,54950452,49378,379126297,376316749,0
1789394808.5479007,9.295,10500018,78362,0,192,65,52,80447,658849,24902269,340252,1928,63348632,63581968,64771552,0,0,0,0,2,0,11700580,272792630,273897125,40,44,482,1584181,3172235,0,54952267,49378,379128425,376316749,0
1789394808.7983785,9.545,10500330,78365,0,192,65,52,80449,658931,24906967,341548,2084,63331224,63563304,64771552,0,0,0,1,3,0,11700825,272795178,273899675,40,44,521,1583746,3171365,0,54957252,49378,379129525,376316749,0
1789394809.0488877,9.796,10500665,78374,0,192,65,52,80449,658987,24908906,343708,2084,63322520,63552420,64771552,0,0,0,0,2,0,11701146,272817342,273921878,40,44,521,1583529,3170930,0,54960192,49378,379131681,376316749,0
1789394809.2996206,10.046,10501035,78382,0,192,65,52,80451,659008,24909992,345968,2092,63315592,63543224,64771552,0,0,0,0,2,0,11701669,272854243,273958792,40,44,523,1583356,3170583,0,54961841,49378,379133989,376316749,0
1789394809.5501113,10.297,10501397,78388,0,192,65,52,80453,659039,24912531,347584,2092,63307796,63533800,64771552,0,0,0,1,1,0,11702058,272890711,273995260,40,44,523,1583161,3170194,0,54963798,49378,379135565,376316749,0
1789394809.8005748,10.547,10501767,78395,0,192,65,52,80453,659061,24913555,349568,2092,63302280,63526252,64771552,0,0,0,0,2,0,11702501,272951169,274055730,40,44,523,1583023,3169918,0,54965252,49378,379137573,376316749,0
1789394810.0510206,10.798,10502125,78402,0,192,65,52,80455,659095,24915977,352020,2092,63293692,63515236,64771552,0,0,0,1,1,0,11702758,272973462,274078024,40,44,523,1582809,3169489,0,54967168,49379,379139985,376316749,0
1789394810.3015103,11.048,10502452,78408,0,192,65,52,80457,659158,24920098,353340,2148,63277908,63498112,64771552,0,0,0,0,4,0,11703514,272991217,274095780,40,44,537,1582415,3168700,0,54970517,49379,379141317,376316809,0
1789394810.5519977,11.299,10502741,78409,0,192,65,52,80460,659265,24928908,353996,2156,63269996,63489556,64771552,0,0,0,0,9,0,11703998,272992697,274097259,40,44,539,1582217,3168304,0,54973196,49379,379141953,376316809,0
1789394810.8024716,11.549,10503019,78426,0,192,65,52,80472,659356,24939078,510672,2156,63147940,63210788,64771552,0,0,0,0,6,0,11704619,273011254,274115824,40,44,539,1579171,3162203,0,55007455,49379,379298629,376316809,0
1789394811.0529487,11.8,10503277,78428,0,192,65,52,80484,659481,24946355,511484,2156,63026204,63087916,64771552,0,0,0,0,7,0,11705428,273014355,274118925,40,44,539,1576081,3156016,0,55041306,49379,379299509,376316809,0
1789394811.3034399,12.05,10503551,78434,0,192,65,52,80502,659582,24953718,675628,115260,62792984,62689624,64771552,0,0,0,2,3,0,11705751,273021961,274126533,40,44,28815,1570286,3144411,0,55090494,49379,379351829,376316809,0
1789394811.5539572,12.301,10503823,78443,0,192,65,52,80516,659683,24959310,924176,258912,62696684,62343044,64771552,0,0,0,0,5,0,11706086,273036795,274141371,40,44,64728,1567839,3139512,0,55108826,49379,379455445,376316809,0
1789394811.8044515,12.551,10504114,78458,0,192,65,52,80528,659765,24963069,1218504,397232,62642108,61992496,64771552,0,0,0,0,5,0,11706542,273070442,274175018,40,44,99308,1566436,3136702,0,55124463,49379,379611381,376316809,0
1789394812.054952,12.802,10504362,78474,0,192,65,52,80565,659860,24971118,1422100,444968,62332188,61478140,64771552,0,0,0,0,10,0,11708014,273083062,274187640,40,44,111242,1558676,3121163,0,55133875,49379,379767333,376316809,0
1789394812.3056808,13.052,10504629,78486,0,192,65,52,80576,659971,24973635,1640436,558140,62270676,61196812,64771552,0,0,0,1,6,0,11708276,273106048,274210626,40,44,139535,1557105,3118018,0,55146529,49379,379873009,376316809,0
1789394812.556268,13.303,10504908,78494,0,192,65,52,80594,660062,24979302,1892628,708744,62182412,60854512,64771552,0,0,0,3,2,0,11708634,273118373,274222994,40,44,177186,1554855,3113511,0,55173227,49379,379975093,376316809,0
1789394812.8067749,13.554,10505204,78505,0,192,65,52,80614,660134,24982687,2156936,867912,62089604,60495432,64771552,0,0,0,0,5,0,11709018,273146605,274251230,40,44,216978,1552490,3108776,0,55185883,49379,380079205,376316809,0
1789394813.0572386,13.804,10505469,78519,0,192,65,52,80648,660219,24988070,2381060,936100,61966808,60147876,64771552,0,0,0,1,4,0,11709467,273170970,274275627,40,44,234025,1549409,3102606,0,55193056,49379,380235157,376316809,0
1789394813.3076901,14.054,10505759,78535,0,192,65,52,80671,660291,24994868,2667744,1065132,61957736,59850400,64771552,0,0,0,1,7,0,11709987,273205047,274309704,40,44,266283,1549140,3102068,0,55223665,49379,380392925,376316809,0
1789394813.558186,14.305,10506042,78544,0,192,65,52,80685,660384,24998609,2978488,1221656,61965788,59545436,64771552,0,0,0,0,14,0,11710351,273224874,274329531,40,44,305414,1549284,3102356,0,55231970,49379,380547013,376316809,0
1789394813.8088033,14.556,10506309,78545,0,192,65,52,80722,660478,25002099,3146112,1350272,61727496,59138068,64771552,0,0,0,0,8,0,11710757,273226591,274331256,40,44,337568,1543287,3090348,0,55244158,49379,380586021,376316809,0
1789394814.0592847,14.806,10506571,78556,0,192,65,52,80745,660583,25008735,3406736,1454984,61713624,58862044,64771552,0,0,0,0,5,0,11711232,273245097,274349769,40,44,363746,1542915,3089603,0,55268952,49379,380741933,376316809,0
1789394814.3097963,15.057,10506865,78566,0,192,65,52,80757,660668,25012023,3735692,1610784,61796556,58613780,64771552,0,0,0,0,5,0,11711677,273268793,274373466,40,44,402696,1544929,3093636,0,55269358,49379,380915285,376316809,0
1789394814.5602946,15.307,10507146,78570,0,192,65,52,80779,660758,25016532,4016296,1752400,61735820,58270272,64771552,0,0,0,0,5,0,11711974,273274520,274379193,40,44,438100,1543359,3090492,0,55284036,49379,381053805,376316809,0
1789394814.8107953,15.558,10507427,78575,0,192,65,52,80808,660843,25020011,4282704,1862808,61620208,57886948,64771552,0,0,0,0,5,0,11712379,273287011,274391683,40,44,465702,1540440,3084647,0,55290032,49379,381209741,376316809,0
1789394815.0612984,15.808,10507707,78589,0,192,65,52,80842,660919,25026736,4577936,146012,61624752,57593672,64771552,0,1851648,0,0,5,0,11713350,273312369,274417091,40,44,36604,1540504,3084775,462912,55317307,49380,381365897,378176649,0
1789394815.3118067,16.059,10508002,78609,0,192,65,52,80853,660993,25028905,4846324,297632,61673040,57371104,64771552,0,1843456,0,1,6,0,11714141,273357431,274462198,40,44,74408,1541637,3087044,460864,55317864,49380,381482849,378176649,0
1789394815.5621824,16.309,10508298,78686,0,192,65,52,80856,661017,25029060,4911684,363696,61670416,57302000,64771552,0,1827072,0,4,1,0,11714153,273542785,274647568,40,44,90924,1541544,3086857,456768,55317908,49380,381482849,378177437,0
1789394815.812567,16.559,10508598,78787,0,192,65,52,80856,661017,25029107,4911684,363696,61670416,57302000,64771552,0,1818880,0,4,1,0,11714160,273793111,274897925,40,44,90924,1541544,3086857,454720,55317910,49380,381482849,378177437,0
1789394816.0629337,16.81,10508898,78887,0,192,65,52,80856,661017,25029196,4911684,363696,61675772,57307356,64771552,0,1806592,0,4,1,0,11714192,274043042,275147983,40,44,90924,1541678,3087125,451648,55317910,49380,381482849,378177437,0
1789394816.3132765,17.06,10509199,78987,0,192,65,52,80856,661017,25029271,4911684,363696,61675772,57307356,64771552,0,1790208,0,4,1,0,11714201,274293315,275398269,40,44,90924,1541678,3087125,447552,55317911,49380,381482849,378177437,0
1789394816.5635903,17.31,10509499,79087,0,192,65,52,80856,661017,25029338,4911684,363696,61683836,57315420,64771552,0,1782016,0,4,1,0,11714201,274543620,275648575,40,44,90924,1541879,3087528,445504,55317911,49380,381482849,378177437,0
1789394816.8139477,17.561,10509799,79187,0,192,65,52,80856,661017,25029388,4911684,363696,61683836,57315420,64771552,0,1765632,0,4,1,0,11714204,274793948,275898910,40,44,90924,1541879,3087528,441408,55317913,49380,381482849,378177437,0
1789394817.064311,17.811,10510099,79287,0,192,65,52,80856,661017,25029457,4911684,363696,61691976,57323560,64771552,0,1753344,0,4,1,0,11714213,275044226,276149223,40,44,90924,1542082,3087935,438336,55317913,49380,381482849,378177437,0
1789394817.3146696,18.061,10510397,79387,0,192,65,52,80857,661018,25029763,4911744,363696,61691456,57322980,64771552,0,1745152,0,4,1,0,11714225,275290166,276395372,40,44,90924,1542069,3087909,436288,55318016,49380,381482909,378177437,0
1789394817.5650127,18.312,10510697,79488,0,192,65,52,80857,661018,25029820,4911744,363696,61691456,57322980,64771552,0,1728768,0,4,1,0,11714225,275540473,276645678,40,44,90924,1542069,3087909,432192,55318016,49380,381482909,378177437,0
1789394817.815356,18.562,10510998,79588,0,192,65,52,80857,661018,25029870,4911744,363696,61691456,57322980,64771552,0,1720576,0,4,1,0,11714229,275790513,276895731,40,44,90924,1542069,3087909,430144,55318017,49380,381482909,378177437,0
1789394818.0656857,18.812,10511298,79688,0,192,65,52,80857,661018,25029939,4911744,363696,61699604,57331128,64771552,0,1704192,0,4,1,0,11714231,276040560,277145781,40,44,90924,1542272,3088316,426048,55318018,49380,381482909,378177437,0
1789394818.3160093,19.063,10511598,79788,0,192,65,52,80857,661018,25029990,4911744,363696,61699604,57331128,64771552,0,1691904,0,4,1,0,11714234,276290838,277396074,40,44,90924,1542272,3088316,422976,55318020,49380,381482909,378177437,0
1789394818.5663223,19.313,10511898,79888,0,192,65,52,80857,661018,25030042,4911744,363696,61699604,57331128,64771552,0,1683712,0,4,1,0,11714236,276541133,277646373,40,44,90924,1542272,3088316,420928,55318021,49380,381482909,378177437,0
1789394818.8166788,19.563,10512198,79989,0,192,65,52,80857,661018,25030100,4911744,363696,61699604,57331128,64771552,0,1667328,0,4,1,0,11714240,276791192,277896441,40,44,90924,1542272,3088316,416832,55318022,49380,381482909,378177437,0
1789394819.0670023,19.814,10512498,80089,0,192,65,52,80857,661018,25030170,4911744,363696,61706860,57338384,64771552,0,1650944,0,4,1,0,11714243,277041036,278146289,40,44,90924,1542454,3088679,412736,55318022,49380,381482909,378177437,0
1789394819.3174086,20.064,10512798,80189,0,192,65,52,80857,661018,25030225,4911744,363696,61706860,57338384,64771552,0,1646816,0,4,1,0,11714247,277291390,278396651,40,44,90924,1542454,3088679,411704,55318024,49380,381482909,378177437,0
1789394819.567822,20.315,10513099,80289,0,192,65,52,80857,661018,25030292,4911744,363696,61706860,57338384,64771552,0,1630432,0,4,1,0,11714249,277541278,278646544,40,44,90924,1542454,3088679,407608,55318024,49380,381482909,378177437,0
1789394819.8182392,20.565,10513399,80389,0,192,65,52,80857,661018,25030339,4911744,363696,61706860,57338384,64771552,0,1622240,0,4,1,0,11714254,277791639,278896915,40,44,90924,1542454,3088679,405560,55318025,49380,381482909,378177437,0
1789394820.0686705,20.815,10513699,80490,0,192,65,52,80857,661019,25030438,4911744,363964,61712956,57344480,64771552,0,1605856,0,4,2,0,11714262,278041930,279147304,40,44,90991,1542606,3088984,401464,55318047,49380,381482909,378177437,0
1789394820.3190503,21.066,10513999,80590,0,192,65,52,80857,661019,25030532,4911744,363964,61721020,57352544,64771552,0,1593568,0,4,1,0,11714274,278292210,279397603,40,44,90991,1542807,3089387,398392,55318048,49380,381482909,378177437,0
1789394820.5693657,21.316,10514299,80690,0,192,65,52,80857,661019,25030598,4911752,296788,61720176,57351688,64771552,0,1652572,0,4,1,0,11714281,278541477,279646890,40,44,74197,1542786,3089345,413143,55318049,49380,381482913,378244801,0
1789394820.8196812,21.566,10514599,80790,0,192,65,52,80858,661019,25030651,4911748,296788,61720176,57351688,64771552,0,1636440,0,4,1,0,11714287,278791752,279897177,40,44,74197,1542786,3089345,409110,55318050,49380,381482913,378244801,0
1789394821.0699937,21.817,10514899,80890,0,192,65,52,80858,661019,25030717,4911752,296788,61727704,57359216,64771552,0,1627996,0,4,1,0,11714290,279042026,280147457,40,44,74197,1542974,3089721,406999,55318050,49380,381482913,378244801,0
1789394821.3203263,22.067,10515199,80990,0,192,65,52,80858,661019,25030775,4911752,296788,61726860,57358372,64771552,0,1619804,0,4,1,0,11714294,279291844,280397281,40,44,74197,1542953,3089679,404951,55318052,49380,381482921,378244801,0
1789394821.5706773,22.317,10515499,81091,0,192,65,52,80858,661019,25030835,4911752,296788,61726860,57358372,64771552,0,1599324,0,4,1,0,11714294,279541899,280647335,40,44,74197,1542953,3089679,399831,55318052,49380,381482921,378244801,0
1789394821.8210218,22.568,10515799,81191,0,192,65,52,80858,661019,25030880,4911752,296788,61726860,57358372,64771552,0,1591132,0,4,1,0,11714302,279792182,280897647,40,44,74197,1542953,3089679,397783,55318054,49380,381482921,378244801,0
1789394822.071343,22.818,10516100,81291,0,192,65,52,80858,661019,25030945,4911752,296788,61739648,57371160,64771552,0,1582940,0,4,1,0,11714310,280042452,281147930,40,44,74197,1543272,3090318,395735,55318054,49380,381482921,378244801,0
1789394822.3216646,23.068,10516400,81391,0,192,65,52,80858,661019,25031031,4911752,296788,61747712,57379224,64771552,0,1566556,0,4,1,0,11714318,280292720,281398237,40,44,74197,1543473,3090721,391639,55318055,49380,381482921,378244801,0
1789394822.572004,23.319,10516700,81491,0,192,65,52,80858,661019,25031091,4911752,296788,61747712,57379224,64771552,0,1554260,0,4,1,0,11714318,280543047,281648564,40,44,74197,1543473,3090721,388565,55318056,49380,381482921,378244801,0
1789394822.822371,23.569,10517000,81591,0,192,65,52,80858,661019,25031143,4911752,296788,61746888,57378392,64771552,0,1537876,0,4,1,0,11714321,280793118,281898642,40,44,74197,1543453,3090680,384469,55318058,49380,381482921,378244801,0
1789394823.0727053,23.819,10517300,81691,0,192,65,52,80858,661019,25031202,4911752,296788,61758544,57390048,64771552,0,1529684,0,4,1,0,11714327,281043406,282148937,40,44,74197,1543744,3091263,382421,55318059,49380,381482921,378244801,0
1789394823.3230305,24.07,10517600,81792,0,192,65,52,80858,661019,25031254,4911752,296788,61758052,57389556,64771552,0,1513300,0,4,1,0,11714331,281293692,282399231,40,44,74197,1543732,3091238,378325,55318059,49380,381482921,378244801,0
1789394823.573345,24.32,10517900,81892,0,192,65,52,80858,661019,25031316,4911752,296788,61758052,57389556,64771552,0,1500988,0,4,1,0,11714333,281543977,282649520,40,44,74197,1543732,3091238,375247,55318060,49380,381482921,378244801,0
1789394823.8236694,24.57,10518201,81992,0,192,65,52,80858,661019,25031372,4911752,296788,61758052,57389556,64771552,0,1492796,0,4,1,0,11714338,281794011,282899564,40,44,74197,1543732,3091238,373199,55318060,49380,381482921,378244801,0
1789394824.0739958,24.821,10518501,82092,0,192,65,52,80858,661019,25031467,4911752,296788,61776272,57407776,64771552,0,1476412,0,4,1,0,11714345,282044106,283149669,40,44,74197,1544186,3092149,369103,55318062,49380,381482921,378244801,0
1789394824.3243852,25.071,10518801,82192,0,192,65,52,80858,661019,25031562,4911752,296788,61779516,57411020,64771552,0,1468220,0,4,1,0,11714359,282294149,283399735,40,44,74197,1544267,3092311,367055,55318063,49380,381482921,378244801,0
1789394824.5747094,25.321,10519101,82292,0,192,65,52,80858,661019,25031611,4911752,296788,61779516,57411020,64771552,0,1460028,0,4,1,0,11714359,282544444,283650030,40,44,74197,1544267,3092311,365007,55318064,49380,381482921,378244801,0
1789394824.8250387,25.572,10519401,82393,0,192,65,52,80858,661019,25031681,4911752,296788,61779264,57410768,64771552,0,1439540,0,4,1,0,11714362,282793995,283899587,40,44,74197,1544261,3092298,359885,55318067,49380,381482921,378244801,0
1789394825.0753868,25.822,10519701,82493,0,192,65,52,80858,661019,25031783,4911752,296788,61796468,57427972,64771552,0,1431348,0,4,1,0,11714366,283044388,284149987,40,44,74197,1544691,3093158,357837,55318069,49380,381482921,378244801,0
1789394825.325843,26.073,10520001,82593,0,192,65,52,80858,661019,25031846,4911752,296788,61802528,57434032,64771552,0,1414964,0,4,1,0,11714373,283294661,284400302,40,44,74197,1544842,3093461,353741,55318069,49380,381482921,378244801,0
1789394825.57618,26.323,10520301,82693,0,192,65,52,80858,661019,25031893,4911752,296788,61802528,57434032,64771552,0,1406772,0,4,1,0,11714375,283544957,284650602,40,44,74197,1544842,3093461,351693,55318072,49380,381482921,378244801,0
1789394825.8265047,26.573,10520601,82793,0,192,65,52,80858,661019,25031969,4911752,296796,61802196,57433700,64771552,0,1394484,0,4,1,0,11714383,283795282,284900947,40,44,74199,1544834,3093445,348621,55318073,49380,381482921,378244897,0
1789394826.0768833,26.824,10520901,82893,0,192,65,52,80858,661019,25032036,4911752,296796,61810044,57441548,64771552,0,1386292,0,4,1,0,11714392,284045267,285151022,40,44,74199,1545029,3093837,346573,55318074,49380,381482921,378244897,0
1789394826.327241,27.074,10521202,82994,0,192,65,52,80858,661019,25032091,4911752,296796,61810044,57441548,64771552,0,1369908,0,4,1,0,11714396,284295562,285401324,40,44,74199,1545029,3093837,342477,55318074,49380,381482921,378244897,0
1789394826.5775623,27.324,10521502,83094,0,192,65,52,80858,661019,25032142,4911752,296796,61826376,57457880,64771552,0,1361716,0,4,1,0,11714396,284545886,285651648,40,44,74199,1545437,3094653,340429,55318076,49380,381482921,378244897,0
1789394826.8279104,27.575,10521802,83194,0,192,65,52,80858,661019,25032196,4911752,296796,61826632,57458136,64771552,0,1341236,0,4,1,0,11714401,284795944,285901717,40,44,74199,1545444,3094666,335309,55318076,49380,381482921,378244897,0
1789394827.0782523,27.825,10522102,83294,0,192,65,52,80858,661019,25032279,4911752,296796,61833480,57464984,64771552,0,1333044,0,4,1,0,11714411,285046244,286152033,40,44,74199,1545614,3095008,333261,55318078,49380,381482921,378244897,0
1789394827.328588,28.075,10522402,83394,0,192,65,52,80858,661020,25032414,4911752,296796,61841396,57472900,64771552,0,1324852,0,4,1,0,11714415,285295785,286401588,40,44,74199,1545812,3095404,331213,55318087,49380,381482921,378244897,0
1789394827.5789227,28.326,10522702,83494,0,192,65,52,80858,661020,25032473,4911752,296796,61841396,57472900,64771552,0,1308468,0,4,1,0,11714415,285545838,286651641,40,44,74199,1545812,3095404,327117,55318088,49380,381482921,378244897,0
1789394827.8292584,28.576,10523002,83594,0,192,65,52,80858,661020,25032526,4911752,296796,61841396,57472900,64771552,0,1300276,0,4,1,0,11714420,285796131,286901949,40,44,74199,1545812,3095404,325069,55318089,49380,381482921,378244897,0
1789394828.0795894,28.826,10523302,83695,0,192,65,52,80858,661020,25032606,4911752,296796,61863676,57495180,64771552,0,1287964,0,4,2,0,11714423,286046462,287152285,40,44,74199,1546368,3096518,321991,55318092,49380,381482921,378244897,0
1789394828.3299584,29.077,10523602,83795,0,192,65,52,80858,661020,25032706,4911752,296796,61871028,57502532,64771552,0,1271580,0,4,1,0,11714439,286296755,287402609,40,44,74199,1546552,3096885,317895,55318093,49380,381482921,378244897,0
1789394828.5803158,29.327,10523902,83895,0,192,65,52,80858,661020,25032756,4911752,296796,61871028,57502532,64771552,0,1263388,0,4,1,0,11714439,286547050,287652904,40,44,74199,1546552,3096885,315847,55318094,49380,381482921,378244897,0
1789394828.8306365,29.577,10524202,83995,0,192,65,52,80859,661020,25032800,4911752,296796,61871028,57502532,64771552,0,1247004,0,4,1,0,11714443,286797356,287903232,40,44,74199,1546552,3096885,311751,55318094,49380,381482921,378244897,0
1789394829.0810041,29.828,10524502,84095,0,192,65,52,80859,661020,25032873,4911752,296796,61890868,57522372,64771552,0,1234708,0,4,1,0,11714446,287047414,288153294,40,44,74199,1547047,3097877,308677,55318096,49380,381482921,378244897,0
1789394829.3313236,30.078,10524803,84195,0,192,65,52,80859,661021,25032943,4911752,296796,61890868,57522372,64771552,0,1226516,0,4,1,0,11714459,287297680,288403613,40,44,74199,1547047,3097877,306629,55318096,49380,381482921,378244897,0
1789394829.5816777,30.328,10525103,84296,0,192,65,52,80859,661021,25032992,4911752,296796,61890868,57522372,64771552,0,1210132,0,4,1,0,11714459,287547986,288653918,40,44,74199,1547047,3097877,302533,55318097,49380,381482921,378244897,0
1789394829.8320165,30.579,10525403,84396,0,192,65,52,80859,661021,25033047,4911752,296796,61890868,57522372,64771552,0,1201940,0,4,1,0,11714461,287798276,288904214,40,44,74199,1547047,3097877,300485,55318098,49380,381482921,378244897,0
1789394830.0823295,30.829,10525703,84496,0,192,65,52,80859,661021,25033102,4911752,296796,61896568,57528072,64771552,0,1185556,0,4,1,0,11714461,288048562,289154500,40,44,74199,1547189,3098162,296389,55318099,49380,381482921,378244897,0
1789394830.33267,31.079,10526003,84597,0,192,65,52,80859,661021,25033281,4911752,294816,61916200,57547624,64771552,0,1170412,0,4,1,0,11714471,288297427,289403390,40,44,73704,1547679,3099143,292603,55318100,49380,381482921,378247057,0
1789394830.5830374,31.33,10526303,84697,0,192,65,52,80859,661021,25033439,4911724,295124,61915788,57547240,64771552,0,1155900,0,4,1,0,11714474,288547438,289653403,40,44,73781,1547669,3099123,288975,55318110,49380,381482921,378247057,0
1789394830.8334668,31.58,10526603,84797,0,192,65,52,80859,661021,25033562,4911472,295120,61915540,57547240,64771552,0,1146000,0,4,1,0,11714480,288797808,289903785,40,44,73780,1547663,3099110,286500,55318110,49380,381482921,378247057,0
1789394831.083898,31.831,10526903,84897,0,192,65,52,80859,661021,25033713,4911472,295124,61920284,57551952,64771552,0,1131464,0,4,1,0,11714485,289047373,290153375,40,44,73781,1547781,3099348,282866,55318112,49380,381482921,378247205,0
1789394831.3342352,32.081,10527203,84997,0,192,65,52,80859,661021,25033780,4911472,295124,61920284,57551952,64771552,0,1121668,0,4,1,0,11714489,289297410,290403420,40,44,73781,1547781,3099348,280417,55318112,49380,381482921,378247205,0
1789394831.58457,32.331,10527503,85098,0,192,65,52,80859,661021,25033837,4911472,295124,61931420,57563088,64771552,0,1113476,0,4,1,0,11714491,289547719,290653734,40,44,73781,1548059,3099904,278369,55318114,49380,381482921,378247205,0
1789394831.8349214,32.582,10527803,85198,0,192,65,52,80859,661021,25033884,4911472,295124,61931420,57563088,64771552,0,1105284,0,4,1,0,11714494,289798041,290904061,40,44,73781,1548059,3099904,276321,55318114,49380,381482921,378247205,0
1789394832.0852764,32.832,10528103,85298,0,192,65,52,80859,661021,25033956,4911472,295124,61951696,57583364,64771552,0,1088900,0,4,1,0,11714497,290048102,291154127,40,44,73781,1548566,3100918,272225,55318115,49380,381482921,378247205,0
1789394832.3356254,33.082,10528403,85398,0,192,65,52,80859,661021,25034084,4911472,295124,61957516,57589184,64771552,0,1072768,0,4,1,0,11714508,290298164,291404206,40,44,73781,1548711,3101209,268192,55318115,49380,381482921,378247205,0
1789394832.585972,33.333,10528704,85498,0,192,65,52,80859,661021,25034133,4911472,295124,61957516,57589184,64771552,0,1064576,0,4,1,0,11714508,290548467,291654509,40,44,73781,1548711,3101209,266144,55318118,49380,381482921,378247205,0
1789394832.8363037,33.583,10529004,85598,0,192,65,52,80859,661021,25034188,4911472,295124,61957516,57589184,64771552,0,1048192,0,4,1,0,11714511,290798500,291904548,40,44,73781,1548711,3101209,262048,55318118,49380,381482921,378247205,0
1789394833.0866187,33.833,10529304,85698,0,192,65,52,80860,661021,25034251,4911472,295124,61965180,57596848,64771552,0,1040000,0,4,1,0,11714515,291048792,292154847,40,44,73781,1548902,3101592,260000,55318119,49380,381482921,378247205,0
1789394833.3369436,34.084,10529604,85799,0,192,65,52,80860,661021,25034302,4911472,295124,61965180,57596848,64771552,0,1031808,0,4,1,0,11714517,291298825,292404883,40,44,73781,1548902,3101592,257952,55318119,49380,381482921,378247205,0
1789394833.587267,34.334,10529904,85899,0,192,65,52,80860,661021,25034478,4911300,295120,61970748,57602432,64771552,0,1009068,0,4,1,0,11714519,291548604,292654663,40,44,73780,1549041,3101870,252267,55318120,49380,381482921,378247205,0
1789394833.8375988,34.584,10530204,85999,0,192,65,52,80860,661021,25034652,4911300,295120,61970748,57602432,64771552,0,999320,0,4,1,0,11714522,291798737,292904802,40,44,73780,1549041,3101870,249830,55318122,49380,381482921,378247205,0
1789394834.0880399,34.835,10530504,86099,0,192,65,52,80860,661021,25034937,4911268,295256,61973236,57604952,64771552,0,985092,0,4,1,0,11714534,292048480,293154561,40,44,73814,1549103,3101995,246273,55318133,49380,381482921,378247205,0
1789394834.3384619,35.085,10530804,86200,0,192,65,52,80860,661021,25035119,4911268,295256,61973236,57604952,64771552,0,975320,0,4,1,0,11714537,292298873,293404959,40,44,73814,1549103,3101995,243830,55318133,49380,381482921,378247205,0
1789394834.5888858,35.336,10531104,86298,0,192,65,52,80862,661021,25035417,4911140,301916,61959460,57591304,64771552,0,960300,0,4,1,0,11714552,292544430,293650534,40,44,75479,1548759,3101306,240075,55318631,49380,381482921,378247205,0
1789394834.8393013,35.586,10531404,86398,0,192,65,52,80862,661021,25035608,4911048,302540,61957704,57589640,64771552,0,950924,0,4,1,0,11714561,292793808,293899922,40,44,75635,1548716,3101218,237731,55318677,49380,381482921,378247205,0
1789394835.0897255,35.837,10531704,86494,0,192,65,52,80866,661022,25035962,4910956,317328,61929096,57561124,64771552,0,935852,0,3,2,0,11714639,293033943,294140091,40,44,79332,1548001,3099788,233963,55319775,49380,381482921,378247205,0
1789394835.3401651,36.087,10531983,86555,0,192,65,52,80882,661067,25039485,5016544,376760,61909648,57435868,64771552,0,928588,0,2,3,0,11715104,293158536,294266971,40,44,94190,1547511,3098805,232147,55329097,49380,381560897,378247361,0
1789394835.590631,36.337,10532281,86611,0,192,65,52,80887,661108,25041160,5173056,454984,62073688,57442360,64771552,0,912204,0,2,3,0,11715669,293292431,294401857,40,44,113746,1551580,3106955,228051,55329307,49380,381638865,378247361,0
1789394835.841103,36.588,10532578,86667,0,192,65,52,80893,661149,25042807,5331340,535728,62088984,57298224,64771552,0,904012,0,2,3,0,11717110,293429812,294540164,40,44,133932,1551944,3107682,226003,55329900,49380,381716833,378247361,0
1789394836.0915701,36.838,10532875,86719,0,192,65,52,80911,661182,25044545,5460204,588476,61974308,57053688,64771552,0,887628,0,3,2,0,11718914,293553735,294671326,40,44,147119,1549045,3101878,221907,55333994,49380,381792989,378247985,0
1789394836.34207,37.089,10533186,86751,0,192,65,52,80922,661230,25047983,5607736,656100,61966544,56897352,64771552,0,879436,0,2,3,0,11719434,293643916,294820932,40,44,164025,1548826,3101440,219859,55345410,49380,381872769,378247985,0
1789394836.5925844,37.339,10533510,86782,0,192,65,52,80926,661271,25049498,5765312,735708,61989740,56761844,64771552,0,867148,0,2,3,0,11720352,293744302,294993119,40,44,183927,1549376,3102541,216787,55345467,49380,381950737,378247985,0
1789394836.8431015,37.59,10533833,86811,0,192,65,52,80943,661303,25050758,5867356,798552,61875644,56544820,64771552,0,858956,0,2,4,0,11721633,293836595,295166886,40,44,199638,1546507,3096796,214739,55349500,49380,381989873,378247985,0
1789394837.0935926,37.84,10534153,86844,0,192,65,52,80949,661344,25052562,6030508,865768,61935588,56440636,64771552,0,842572,0,2,3,0,11722228,293934756,295328435,40,44,216442,1547979,3099744,210643,55349515,49380,382086257,378247985,0
1789394837.344099,38.091,10534477,86876,0,192,65,52,80954,661384,25054167,6196144,943536,61983928,56322060,64771552,0,834380,0,3,2,0,11722593,294038584,295501025,40,44,235884,1549154,3102096,208595,55349529,49380,382174381,378247985,0
1789394837.594596,38.341,10534799,86905,0,192,65,52,80971,661418,25055875,6315720,1013228,61877984,56095520,64771552,0,822092,0,2,4,0,11723129,294125832,295665553,40,44,253307,1546484,3096749,205523,55363170,49380,382223625,378247985,0
1789394837.8450754,38.592,10535083,86957,0,192,65,52,80981,661471,25058423,6448292,1067976,62168672,56253028,64771552,0,805708,0,2,3,0,11723477,294237613,295786467,40,44,266994,1553735,3111270,201427,55364404,49380,382301593,378247985,0
1789394838.0955472,38.842,10535381,87012,0,192,65,52,80987,661512,25059856,6607120,1148692,62193592,56118168,64771552,0,797516,0,2,3,0,11724876,294371461,295920800,40,44,287173,1554323,3112447,199379,55364408,49380,382379561,378247985,0
1789394838.3459544,39.093,10535679,87066,0,192,65,52,80998,661550,25060965,6728332,1225216,62116700,55918576,64771552,0,781132,0,3,2,0,11725463,294498616,296048940,40,44,306304,1552367,3108530,195283,55366430,49380,382424505,378247985,0
1789394838.596441,39.343,10535972,87121,0,192,65,52,81012,661586,25063849,6853100,1270960,62066552,55743024,64771552,0,768844,0,3,2,0,11728143,294626673,296179014,40,44,317740,1551103,3105998,192211,55375254,49380,382503785,378247985,0
1789394838.8471391,39.594,10536273,87179,0,192,65,52,81017,661625,25065328,7020684,1347896,62098724,55606372,64771552,0,760652,0,3,2,0,11728896,294770393,296322889,40,44,336974,1551872,3107538,190163,55376017,49380,382593689,378247985,0
1789394839.0977082,39.844,10536573,87233,0,192,65,52,81025,661662,25066416,7164492,1433176,62107412,55470092,64771552,0,744268,0,2,3,0,11729490,294904518,296457368,40,44,358294,1552058,3107911,186067,55376826,49380,382652449,378247985,0
1789394839.3481486,40.095,10536851,87287,0,192,65,52,81040,661716,25068077,7291832,1482432,62029512,55264108,64771552,0,736076,0,2,4,0,11730184,295014522,296568580,40,44,370608,1550096,3103983,184019,55380305,49380,382730417,378247985,0
1789394839.598588,40.345,10537120,87342,0,192,65,52,81049,661781,25072196,7440740,1553488,62066948,55151676,64771552,0,719692,0,2,4,0,11731811,295119958,296676261,40,44,388372,1551007,3105806,179923,55393858,49380,382808385,378247985,0
1789394839.8490565,40.596,10537415,87398,0,192,65,52,81056,661824,25073637,7596744,1631320,62101420,55028864,64771552,0,707404,0,2,3,0,11732573,295250325,296807221,40,44,407830,1551835,3107465,176851,55394255,49380,382886353,378247985,0
1789394840.0994465,40.846,10537707,87453,0,192,65,52,81073,661860,25075542,7722644,1685492,61991632,54792372,64771552,0,699212,0,3,2,0,11732869,295375402,296933670,40,44,421373,1549074,3101937,174803,55399208,49380,382958413,378247985,0
1789394840.3502169,41.097,10538003,87509,0,192,65,52,81082,661899,25079066,7873500,1752208,61987792,54636728,64771552,0,682828,0,2,3,0,11733645,295507712,297070197,40,44,438052,1548955,3101698,170707,55416151,49380,383042289,378247985,0
1789394840.6006951,41.347,10538303,87563,0,192,65,52,81088,661939,25080398,8034640,1834868,62019608,54506144,64771552,0,674636,0,2,3,0,11734109,295644914,297207705,40,44,458717,1549718,3103226,168659,55416155,49380,383120261,378248137,0
1789394840.851139,41.598,10538591,87617,0,192,65,52,81104,661980,25081405,8143216,1898188,61882948,54259816,64771552,0,662348,0,3,3,0,11734372,295764912,297328348,40,44,474547,1546267,3096314,165587,55420179,49380,383166005,378248137,0
1789394841.1015913,41.848,10538886,87675,0,192,65,52,81109,662022,25083071,8306880,1964432,61947208,54160092,64771552,0,646352,0,3,2,0,11736164,295903326,297467250,40,44,491164,1547884,3099552,161588,55420192,49380,383263121,378249009,0
1789394841.352053,42.099,10539168,87730,0,192,65,52,81120,662075,25086901,8454052,2038208,61961716,54025768,64771552,0,637772,0,3,2,0,11736673,296019292,297585603,40,44,509552,1548197,3100179,159443,55432115,49380,383336565,378249009,0
1789394841.60254,42.349,10539461,87782,0,192,65,52,81134,662115,25087763,8569416,2119340,61999492,53946940,64771552,0,621388,0,3,3,0,11737109,296142828,297709643,40,44,529835,1549109,3102005,155347,55435493,49380,383370365,378249009,0
1789394841.8530025,42.6,10539759,87840,0,192,65,52,81143,662150,25089464,8718432,2171060,62004640,53802476,64771552,0,609100,0,3,2,0,11738137,296278734,297845913,40,44,542765,1549222,3102233,152275,55436718,49380,383467769,378249009,0
1789394842.1034396,42.85,10540059,87895,0,192,65,52,81149,662190,25090913,8881280,2250000,62040816,53674544,64771552,0,600908,0,2,2,0,11739544,296414976,297982483,40,44,562601,1550104,3103998,150227,55441061,49380,383551589,378249009,0
1789394842.3538747,43.101,10540355,87947,0,192,65,52,81162,662228,25093550,9009020,2341112,61976080,53480864,64771552,0,584524,0,2,3,0,11740066,296540931,298109862,40,44,585278,1548448,3100682,146131,55454236,49380,383588069,378249009,0
1789394842.6043332,43.351,10540651,88003,0,192,65,52,81175,662262,25095013,9132500,2387076,61932468,53313112,64771552,0,576332,0,2,4,0,11740802,296676549,298245994,40,44,596769,1547343,3098469,144083,55456653,49380,383666061,378249009,0
1789394842.8548124,43.602,10540950,88060,0,192,65,52,81180,662302,25096620,9307172,2463608,61992792,53197440,64771552,0,559948,0,2,3,0,11742116,296811317,298381124,40,44,615902,1548828,3101444,139987,55456668,49380,383764365,378249009,0
1789394843.1052866,43.852,10541245,88114,0,192,65,52,81191,662342,25099581,9448832,2547020,61972540,53034344,64771552,0,552476,0,2,4,0,11742758,296940965,298511250,40,44,636755,1548280,3100347,137785,55468922,49380,383821973,378249009,0
1789394843.3557982,44.103,10541522,88167,0,192,65,52,81209,662393,25101667,9571064,2591440,62383980,53322996,64771552,0,539468,0,2,3,0,11743241,297048091,298619818,40,44,647860,1558537,3120886,134867,55472639,49380,383899941,378249009,0
1789394843.6062973,44.353,10541827,88208,0,192,65,52,81219,662437,25104596,9724888,2667140,62394192,53178232,64771552,0,523084,0,2,3,0,11744411,297156005,298761284,40,44,666785,1558764,3121339,130771,55486013,49380,383977909,378249009,0
1789394843.8568242,44.604,10542133,88257,0,192,65,52,81224,662477,25105958,9881020,2745304,62445584,53072272,64771552,0,514892,0,2,3,0,11745433,297285118,298908756,40,44,686326,1560016,3123847,128723,55486025,49380,384055877,378249009,0
1789394844.107283,44.854,10542418,88312,0,192,65,52,81244,662518,25108823,10001812,2788404,62310148,52815360,64771552,0,502604,0,2,3,0,11746167,297399654,299025825,40,44,697101,1556618,3117043,125651,55502608,49380,384133845,378249009,0
1789394844.3577793,45.105,10542707,88367,0,192,65,52,81250,662568,25110684,10157724,2866072,62368436,52716956,64771552,0,494412,0,2,3,0,11747371,297523252,299151996,40,44,716620,1558064,3119937,123603,55502692,49380,384211813,378249009,0
1789394844.608268,45.355,10543003,88423,0,192,65,52,81257,662606,25113623,10312516,2943036,62363816,52556132,64771552,0,478028,0,2,3,0,11748059,297657890,299287420,40,44,735759,1557903,3119616,119507,55514475,49380,384289781,378249009,0
1789394844.8587177,45.605,10543302,88478,0,192,65,52,81275,662635,25115131,10442856,3004504,62208996,52270292,64771552,0,469836,0,3,2,0,11748381,297794200,299424395,40,44,751126,1554011,3111822,117459,55519172,49380,384358641,378249009,0
1789394845.10921,45.856,10543588,88530,0,192,65,52,81284,662687,25118906,10578148,3065028,62223912,52148776,64771552,0,449356,0,2,3,0,11749064,297907965,299544487,40,44,766257,1554365,3112531,112339,55531450,49380,384433665,378249009,0
1789394845.359921,46.107,10543897,88578,0,192,65,52,81288,662726,25120433,10744676,3141976,62242048,51999180,64771552,0,441164,0,3,2,0,11749623,298038877,299694133,40,44,785494,1554775,3113352,110291,55531578,49380,384522769,378249009,0
1789394845.6104133,46.357,10544204,88619,0,192,65,52,81304,662762,25120877,10837268,3226344,62122676,51786032,64771552,0,424780,0,3,3,0,11750491,298149363,299828665,40,44,806586,1551778,3107351,106195,55535072,49380,384531341,378249009,0
1789394845.8608801,46.608,10544500,88677,0,192,65,52,81312,662800,25122886,10991608,3281696,62132228,51640600,64771552,0,416588,0,2,3,0,11751013,298283489,299963300,40,44,820424,1552001,3107796,104147,55540419,49380,384630377,378249009,0
1789394846.1113458,46.858,10544798,88734,0,192,65,52,81321,662836,25124422,11153816,3068804,62150204,51494984,64771552,0,695980,0,2,4,0,11751671,298415146,300095161,40,44,767073,1552416,3108628,174251,55544147,49380,384718149,378538321,0
1789394846.3617487,47.109,10545088,88779,0,192,65,52,81335,662889,25127733,11278428,3094888,62110112,51329220,64771552,0,742528,0,2,3,0,11752510,298518603,300221596,40,44,773722,1551389,3106572,185632,55559321,49380,384757661,378595877,0
1789394846.6122472,47.359,10545412,88811,0,192,65,52,81350,662919,25129287,11402320,3140812,62058348,51152992,64771552,0,726144,0,2,3,0,11752892,298614393,300388165,40,44,785203,1550083,3103956,181536,55563174,49380,384835629,378595877,0
1789394846.862677,47.609,10545737,88842,0,192,65,52,81355,662958,25130587,11560232,3220884,62122260,51057584,64771552,0,717952,0,2,3,0,11754116,298717117,300563045,40,44,805221,1551643,3107080,179488,55563174,49380,384913597,378595877,0
1789394847.1130528,47.86,10546058,88874,0,192,65,52,81364,662995,25133729,11714116,3296672,62148028,50928556,64771552,0,701568,0,2,3,0,11755036,298811679,300724943,40,44,824168,1552263,3108322,175392,55574458,49380,384991565,378595877,0
1789394847.3635197,48.11,10546372,88905,0,192,65,52,81385,663027,25136642,11845836,3350424,62005024,50652896,64771552,0,689280,0,2,3,0,11755439,298897830,300873791,40,44,837606,1548670,3101127,172320,55587004,49380,385069533,378595877,0
1789394847.614034,48.361,10546685,88936,0,192,65,52,81391,663078,25138768,12000428,3427048,62047768,50539904,64771552,0,681088,0,2,3,0,11756713,298984662,301022584,40,44,856762,1549709,3103207,170272,55587581,49380,385147501,378595877,0
1789394847.8644996,48.611,10547010,88968,0,192,65,52,81396,663116,25140059,12157596,3506272,62107736,50441596,64771552,0,664704,0,2,3,0,11758558,299087387,301197875,40,44,876568,1551178,3106149,166176,55587721,49380,385225445,378595877,0
1789394848.1148846,48.862,10547332,88999,0,192,65,52,81414,663144,25141776,12281588,3552296,61970256,50179312,64771552,0,648320,0,2,3,0,11759178,299184831,301365534,40,44,888074,1547726,3099237,162080,55592296,49380,385303413,378595877,0
1789394848.365347,49.112,10547639,89045,0,192,65,52,81423,663182,25145011,12436816,3629672,61946924,49999792,64771552,0,640128,0,2,3,0,11760314,299305901,301517901,40,44,907418,1547120,3098023,160032,55604989,49380,385381381,378595877,0
1789394848.615802,49.363,10547953,89085,0,192,65,52,81428,663223,25146286,12595116,3709912,61971548,49864832,64771552,0,627840,0,2,3,0,11762042,299416900,301675039,40,44,927478,1547702,3099189,156960,55604993,49380,385459349,378595877,0
1789394848.8661575,49.613,10548268,89121,0,192,65,52,81445,663255,25147628,12722492,3765588,61845324,49610604,64771552,0,619648,0,2,3,0,11762250,299510869,301827000,40,44,941397,1544525,3092827,154912,55608964,49380,385531025,378595877,0
1789394849.1166334,49.863,10548587,89154,0,192,65,52,81455,663290,25150869,12861148,3826660,61733444,49358896,64771552,0,603264,0,2,3,0,11762768,299605625,301983821,40,44,956665,1541713,3087197,150816,55638459,49380,385608737,378595877,0
1789394849.3671293,50.114,10548897,89186,0,192,65,52,81462,663340,25153055,13015396,3899248,61812096,49282060,64771552,0,595072,0,3,2,0,11763598,299689975,302129235,40,44,974812,1543646,3091066,148768,55639701,49380,385690801,378595877,0
1789394849.6175797,50.364,10549218,89211,0,192,65,52,81478,663378,25153348,13106700,3987568,61678096,49055740,64771552,0,574592,0,2,4,0,11765693,299770075,302288515,40,44,996892,1540275,3084317,143648,55643336,49380,385693253,378595877,0
1789394849.8679333,50.615,10549539,89244,0,192,65,52,81484,663419,25154952,13256388,4042832,61711252,48938380,64771552,0,566400,0,2,3,0,11766124,299867360,302451302,40,44,1010708,1541082,3085933,141600,55643911,49380,385787957,378595877,0
1789394850.1182787,50.865,10549846,89293,0,192,65,52,81491,663456,25156736,13446368,4117800,61711112,48746876,64771552,0,550016,0,2,3,0,11767282,299992932,302594957,40,44,1029450,1541044,3085857,137504,55652148,49380,385902709,378595877,0
1789394850.3686879,51.115,10550143,89344,0,192,65,52,81507,663493,25159161,13562568,4209532,61636088,48554576,64771552,0,541824,0,2,3,0,11767731,300117893,302721412,40,44,1052282,1539145,3082054,135456,55666253,49380,385927157,378595877,0
1789394850.6191204,51.366,10550442,89401,0,192,65,52,81518,663526,25160641,13689496,4258492,61577448,48368352,64771552,0,529536,0,2,3,0,11768216,300253233,302857001,40,44,1064623,1537665,3079090,132384,55668791,49380,386005149,378595877,0
1789394850.8695538,51.616,10550740,89458,0,192,65,52,81524,663564,25162160,13852200,4335700,61636488,48263360,64771552,0,521344,0,2,4,0,11768413,300388678,302992553,40,44,1083925,1539106,3081975,130336,55668791,49380,386090877,378595877,0
1789394851.1199338,51.867,10551037,89514,0,192,65,52,81531,663604,25163349,14008032,4421400,61683712,48153580,64771552,0,504960,0,2,3,0,11769020,300524179,303128291,40,44,1105350,1540255,3084277,126240,55669260,49380,386161061,378596621,0
1789394851.370294,52.117,10551322,89566,0,192,65,52,81552,663647,25165649,14132444,4467664,61791400,48136264,64771552,0,496768,0,2,3,0,11769484,300636792,303242266,40,44,1116916,1542929,3089631,124192,55683600,49380,386239029,378596621,0
1789394851.6208022,52.368,10551622,89623,0,192,65,52,81558,663686,25166940,14289996,4547472,61892044,48078024,64771552,0,480384,0,2,3,0,11770183,300776769,303382409,40,44,1136868,1545408,3094596,120096,55683615,49380,386316997,378596621,0
1789394851.8711655,52.618,10551921,89679,0,192,65,52,81564,663724,25168245,14447756,4627112,61922104,47949176,64771552,0,468096,0,2,3,0,11771431,300915654,303521426,40,44,1156778,1546130,3096040,117024,55683617,49380,386394965,378596621,0
1789394852.1215355,52.868,10552218,89735,0,192,65,52,81582,663752,25170230,14568476,4669972,61757376,47663148,64771552,0,459904,0,2,4,0,11772216,301048522,303654964,40,44,1167493,1542003,3087777,114976,55700178,49380,386472933,378596621,0
1789394852.3719988,53.119,10552518,89792,0,192,65,52,81586,663792,25171618,14727756,4751308,61817708,47563068,64771552,0,443520,0,2,3,0,11772524,301189455,303796020,40,44,1187827,1543481,3090737,110880,55700184,49380,386550901,378596621,0
1789394852.62237,53.369,10552817,89848,0,192,65,52,81591,663832,25173313,14885396,4831004,61880980,47467500,64771552,0,435328,0,2,3,0,11773500,301323041,303930551,40,44,1207751,1545031,3093839,108832,55700238,49380,386628869,378596621,0
1789394852.8728771,53.62,10553103,89903,0,192,65,52,81608,663872,25176714,15009932,4878088,61749368,47210552,64771552,0,413616,0,2,6,0,11774453,301441825,304050910,40,44,1219623,1541731,3087233,103404,55705316,49380,386706837,378596621,0
1789394853.1233513,53.87,10553400,89960,0,192,65,52,81614,663913,25178104,15163816,4953876,61785352,47091904,64771552,0,405220,0,2,3,0,11774822,301574771,304184049,40,44,1238469,1542601,3088974,101305,55706688,49380,386784805,378596621,0
1789394853.3737822,54.121,10553700,90016,0,192,65,52,81619,663952,25179414,15322656,5034524,61823952,46970672,64771552,0,396820,0,2,3,0,11775574,301715888,304325338,40,44,1258631,1543530,3090834,99205,55707157,49380,386862773,378596621,0
1789394853.6241395,54.371,10553995,90069,0,192,65,52,81637,663987,25180728,15432804,5099864,61684804,46720276,64771552,0,384216,0,2,4,0,11776540,301842053,304452724,40,44,1275070,1540029,3083823,96054,55711126,49380,386907565,378596621,0
1789394853.8745978,54.621,10554286,90126,0,192,65,52,81644,664034,25183653,15585872,5173712,61740412,46621560,64771552,0,371608,0,2,3,0,11777344,301964328,304576972,40,44,1293428,1541395,3086559,92902,55717367,49380,386987205,378596621,0
1789394854.1250794,54.872,10554568,90181,0,192,65,52,81651,664088,25185233,15713720,5248924,61801996,46554056,64771552,0,354820,0,2,4,0,11778071,302078968,304691988,40,44,1312231,1542901,3089575,88705,55718889,49380,387039477,378596621,0
1789394854.3755682,55.122,10554846,90235,0,192,65,52,81668,664139,25188369,15831992,5312380,62101564,46734116,64771552,0,340112,0,2,7,0,11778710,302190706,304805708,40,44,1328095,1550349,3104488,85028,55722486,49380,387094653,378596621,0
1789394854.6260445,55.373,10555128,90291,0,192,65,52,81678,664191,25191736,15971872,5379612,62263724,46754856,64771552,0,330192,0,3,6,0,11779418,302307579,304926018,40,44,1344903,1554367,3112535,82548,55724077,49380,387167277,378596621,0
1789394854.876553,55.623,10555415,90348,0,192,65,52,81688,664237,25194435,16114548,5449576,62348068,46696428,64771552,0,315544,0,3,2,0,11780325,302429155,305048315,40,44,1362460,1556459,3116725,78886,55725441,49380,387240029,378596621,0
1789394855.1270332,55.874,10555698,90404,0,192,65,52,81696,664288,25197449,16271884,5535320,62477736,46667660,64771552,0,306060,0,2,3,0,11780860,302543059,305163619,40,44,1383830,1559671,3123156,76515,55728305,49380,387312453,378596621,0
1789394855.3775046,56.124,10555991,90462,0,192,65,52,81704,664328,25199799,16408580,5601960,62508740,46560424,64771552,0,291088,0,2,3,0,11781854,302673012,305294295,40,44,1400490,1560406,3124628,72772,55731519,49380,387382149,378596621,0
1789394855.6280088,56.375,10556276,90518,0,192,65,52,81715,664376,25202779,16520532,5644516,62554520,46492400,64771552,0,281388,0,2,4,0,11782272,302794260,305417143,40,44,1411129,1561503,3126825,70347,55733934,49380,387451845,378596621,0
1789394855.8784642,56.625,10556558,90573,0,192,65,52,81726,664427,25206300,16655212,5716536,62543036,46344064,64771552,0,266776,0,2,3,0,11784001,302911466,305536589,40,44,1429134,1561161,3126139,66694,55737641,49380,387518637,378597193,0
1789394856.1289625,56.876,10556902,90623,0,192,65,52,81730,664430,25206760,16661056,5720660,62554352,46348816,64771552,0,256980,0,2,1,0,11784109,303135742,305761610,40,44,1430165,1561427,3126671,64245,55738474,49380,387521541,378597193,0
1789394856.3794246,57.126,10557252,90673,0,192,65,52,81730,664430,25207027,16660968,5725440,62560036,46354588,64771552,0,242372,0,2,1,0,11784184,303383963,306010309,40,44,1431360,1561568,3126955,60593,55738562,49380,387521541,378597193,0
1789394856.6299086,57.377,10557603,90722,0,192,65,52,81731,664430,25207182,16660996,5726968,62558976,46353500,64771552,0,232624,0,2,1,0,11784247,303633439,306260103,40,44,1431742,1561542,3126903,58156,55738590,49380,387521541,378597193,0
1789394856.8803115,57.627,10557941,90745,0,192,65,52,81744,664454,25210452,16659740,5932316,62509996,46305784,64771552,0,221516,0,0,7,0,11784499,303712627,306339455,40,44,1483079,1560319,3124454,55379,55742860,49380,387521541,378597193,0
1789394857.1308298,57.878,10558155,90746,0,192,65,52,81753,664630,25217382,16659884,5932344,62403672,46199276,64771552,0,213204,0,0,9,0,11784948,303712839,306339672,40,44,1483086,1557665,3119139,53301,55765464,49380,387521657,378597193,0
1789394857.381532,58.128,10558398,90746,0,192,65,52,81754,664786,25218809,16659884,5932344,62395260,46190864,64771552,0,205012,0,0,6,0,11785009,303712839,306339672,40,44,1483086,1557455,3118719,51253,55767156,49380,387521657,378597193,0
1789394857.632063,58.379,10558659,90746,0,192,65,52,81758,664921,25221944,16659884,5932344,62392096,46187700,64771552,0,188628,0,0,5,0,11785548,303712839,306339747,40,44,1483086,1557376,3118561,47157,55768554,49380,387521657,378597193,0
1789394857.882698,58.629,10558937,90746,0,192,65,52,81764,665036,25223723,16659884,5932344,62337412,46133016,64771552,0,180436,0,0,5,0,11785666,303712839,306339747,40,44,1483086,1556011,3115827,45109,55781648,49380,387521657,378597193,0
1789394858.1333268,58.88,10559227,90746,0,192,65,52,81768,665144,25224814,16659884,5932344,62340960,46136564,64771552,0,164052,0,0,5,0,11785777,303712839,306339747,40,44,1483086,1556100,3116004,41013,55783706,49380,387521657,378597193,0
1789394858.3840232,59.131,10559519,90746,0,192,65,52,81774,665245,25226089,16659980,5932440,62269916,46065424,64771552,0,155860,0,0,5,0,11785803,303712839,306339747,40,44,1483110,1554326,3112453,38965,55800296,49380,387521657,378597193,0
1789394858.6346579,59.381,10559803,90746,0,192,65,52,81778,665357,25227793,16659980,5932440,62233096,46028604,64771552,0,139476,0,0,5,0,11785918,303712839,306339855,40,44,1483110,1553407,3110612,34869,55807350,49380,387521657,378597193,0
1789394858.8852844,59.632,10560096,90746,0,192,65,52,81782,665461,25228329,16659980,5932440,62195832,45991340,64771552,0,131284,0,0,6,0,11785962,303712839,306339855,40,44,1483110,1552477,3108750,32821,55816400,49380,387521657,378597193,0
1789394859.135996,59.883,10560382,90746,0,192,65,52,81784,665574,25229647,16660076,5932536,62213176,46008596,64771552,0,114900,0,0,6,0,11786067,303712839,306339955,40,44,1483134,1552910,3109617,28725,55816579,49380,387521657,378597193,0
1789394859.3866696,60.133,10560675,90746,0,192,65,52,81786,665679,25230374,16660076,5932536,62212168,46007588,64771552,0,106708,0,0,5,0,11786123,303712839,306339955,40,44,1483134,1552885,3109566,26677,55816741,49380,387521657,378597193,0
1789394859.6373377,60.384,10560967,90746,0,192,65,52,81788,665785,25230980,16660076,5932536,62212168,46007588,64771552,0,90324,0,0,5,0,11786203,303712839,306340078,40,44,1483134,1552885,3109566,22581,55816756,49380,387521657,378597193,0
1789394859.8878403,60.635,10561260,90746,0,192,65,52,81791,665890,25231519,16660076,5932536,62212168,46007588,64771552,0,82132,0,0,5,0,11786263,303712839,306340103,40,44,1483134,1552885,3109566,20533,55816804,49380,387521657,378597193,0
1789394860.1383379,60.885,10561541,90746,0,192,65,52,81796,666005,25233600,16660172,5932632,62232896,46028220,64771552,0,65748,0,0,5,0,11786408,303712839,306340103,40,44,1483158,1553402,3110602,16437,55820224,49380,387521657,378597193,0
1789394860.388881,61.136,10561822,90746,0,192,65,52,81799,666121,25234865,16660172,5932632,62231488,46026812,64771552,0,57556,0,0,6,0,11786866,303712839,306340216,40,44,1483158,1553367,3110532,14389,55820327,49380,387521657,378597193,0
1789394860.6396031,61.386,10562106,90746,0,192,65,52,81799,666238,25235850,16660172,5932632,62231236,46026560,64771552,0,41172,0,0,5,0,11787248,303712839,306340323,40,44,1483158,1553361,3110520,10293,55820378,49380,387521657,378597193,0
1789394860.8900902,61.637,10562396,90746,0,192,65,52,81803,666344,25236424,16660172,5932632,62231236,46026560,64771552,0,32980,0,0,5,0,11787781,303712839,306340383,40,44,1483158,1553361,3110520,8245,55820440,49380,387521657,378597193,0
1789394861.1405764,61.887,10562687,90746,0,192,65,52,81806,666450,25237282,16660268,5932672,62259504,46054732,64771552,0,16596,0,0,5,0,11788170,303712840,306340384,40,44,1483168,1554066,3111933,4149,55820962,49380,387521657,378597913,0
1789394861.391067,62.138,10562984,90746,0,192,65,52,81809,666550,25237866,16660268,5932672,62259252,46054480,64771552,0,4204,0,0,5,0,11788314,303712840,306340495,40,44,1483168,1554060,3111920,1051,55820977,49380,387521657,378597913,0
1789394861.6415455,62.388,10563277,90746,0,192,65,52,81812,666654,25238294,16660268,5932672,62259000,46054228,64771552,0,0,0,0,5,0,11788341,303712840,306340495,40,44,1483168,1554054,3111907,0,55821004,49380,387521657,378597913,0
1789394861.8920782,62.639,10563559,90746,0,192,65,52,81814,666770,25239795,16660364,5932768,62258852,46053976,64771552,0,0,0,0,6,0,11788413,303712840,306340495,40,44,1483192,1554050,3111900,0,55821945,49380,387521657,378597913,0
1789394862.1428077,62.89,10563852,90746,0,192,65,52,81816,666876,25240135,16660364,5932768,62281872,46076996,64771552,0,0,0,0,6,0,11788597,303712840,306340495,40,44,1483192,1554625,3113051,0,55821957,49380,387521657,378597913,0
1789394862.393533,63.14,10564135,90746,0,192,65,52,81819,666991,25240363,16660364,5932768,62282100,46077224,64771552,0,0,0,0,6,0,11788617,303712840,306340495,40,44,1483192,1554630,3113062,0,55821979,49380,387521657,378597913,0
1789394862.6441615,63.391,10564421,90746,0,192,65,52,81822,667104,25241456,16660364,5932768,62280544,46075660,64771552,0,0,0,0,8,0,11788662,303712840,306340495,40,44,1483192,1554591,3112984,0,55822544,49380,387521657,378597913,0
1789394862.8949032,63.642,10564705,90746,0,192,65,52,81824,667218,25242188,16660460,5932864,62280568,46075596,64771552,0,0,0,0,5,0,11788680,303712840,306340495,40,44,1483216,1554592,3112986,0,55822588,49380,387521657,378597913,0
1789394863.145399,63.892,10565003,90746,0,192,65,52,81826,667319,25242475,16660460,5932864,62307184,46102212,64771552,0,0,0,0,5,0,11788720,303712840,306340495,40,44,1483216,1555256,3114316,0,55822595,49380,387521657,378597913,0
1789394863.395935,64.143,10565276,90746,0,192,65,52,81830,667442,25242888,16660460,5932864,62299484,46094512,64771552,0,0,0,0,5,0,11788756,303712840,306340495,40,44,1483216,1555064,3113931,0,55823346,49380,387521657,378597913,0
1789394863.6465871,64.393,10565559,90746,0,192,65,52,81832,667556,25244597,16660460,5932864,62277380,46072400,64771552,0,0,0,0,5,0,11788824,303712840,306340495,40,44,1483216,1554512,3112826,0,55826950,49380,387521657,378597913,0
1789394863.897323,64.644,10565853,90746,0,192,65,52,81834,667660,25244745,16660556,5932960,62276468,46071400,64771552,0,0,0,0,6,0,11788832,303712840,306340495,40,44,1483240,1554490,3112781,0,55826951,49380,387521657,378597913,0
1789394864.147945,64.895,10566146,90746,0,192,65,52,81836,667766,25245060,16660556,5932960,62295976,46090908,64771552,0,0,0,0,5,0,11788896,303712840,306340495,40,44,1483240,1554977,3113756,0,55826967,49380,387521657,378597913,0
1789394864.398609,65.145,10566428,90746,0,192,65,52,81839,667880,25245976,16660556,5932960,62293608,46088532,64771552,0,0,0,0,6,0,11788951,303712840,306340495,40,44,1483240,1554918,3113637,0,55827899,49380,387521657,378597913,0
1789394864.6493647,65.396,10566722,90746,0,192,65,52,81842,667985,25246218,16660556,5932960,62293356,46088280,64771552,0,0,0,0,5,0,11788958,303712840,306340495,40,44,1483240,1554911,3113625,0,55827922,49380,387521657,378597913,0
1789394864.9000165,65.647,10567018,90746,0,192,65,52,81845,668085,25246517,16660652,5933056,62293132,46087968,64771552,0,0,0,0,5,0,11788962,303712840,306340495,40,44,1483264,1554906,3113614,0,55827931,49380,387521657,378597913,0
1789394865.150638,65.897,10567310,90746,0,192,65,52,81848,668191,25246933,16660652,5933056,62327480,46122316,64771552,0,0,0,0,5,0,11789597,303712840,306340495,40,44,1483264,1555763,3115331,0,55827945,49380,387521657,378597913,0
1789394865.401327,66.148,10567589,90746,0,192,65,52,81850,668309,25248747,16660652,5933056,62325508,46120336,64771552,0,0,0,0,5,0,11789671,303712840,306340495,40,44,1483264,1555714,3115232,0,55829137,49380,387521657,378597913,0
1789394865.651965,66.399,10567886,90746,0,192,65,52,81853,668410,25249253,16660748,5933176,62325496,46120236,64771552,0,0,0,0,5,0,11789680,303712844,306340499,40,44,1483294,1555714,3115231,0,55829139,49380,387521657,378597945,0
1789394865.9026036,66.649,10568185,90746,0,192,65,52,81855,668510,25249520,16660748,5933176,62325496,46120236,64771552,0,0,0,0,7,0,11789687,303712844,306340499,40,44,1483294,1555714,3115231,0,55829146,49380,387521657,378597945,0
1789394866.1531427,66.9,10568479,90746,0,192,65,52,81858,668611,25250353,16660756,5931888,62346780,46141492,64771552,0,0,0,0,6,0,11789762,303712858,306340513,40,44,1482972,1556245,3116295,0,55829498,49380,387521661,378599241,0
1789394866.4036195,67.15,10568776,90746,0,192,65,52,81861,668713,25250615,16660756,5931896,62346524,46141236,64771552,0,0,0,0,5,0,11789776,303712858,306340513,40,44,1482974,1556239,3116283,0,55829505,49380,387521661,378599241,0
1789394866.6541173,67.401,10569071,90746,0,192,65,52,81864,668814,25250981,16660868,5710576,62346068,46140668,64771552,0,221404,0,0,5,0,11789785,303712860,306340516,40,44,1427644,1556227,3116260,55351,55829511,49380,387521669,378820697,0
1789394866.9046218,67.651,10569369,90746,0,192,65,52,81868,668914,25251642,16660868,5710576,62345016,46139608,64771552,0,205020,0,0,4,0,11789957,303712889,306340550,40,44,1427644,1556201,3116207,51255,55830410,49380,387521669,378820697,0
1789394867.1552258,67.902,10569654,90746,0,192,65,52,81870,669024,25252721,16660868,5710576,62364832,46159416,64771552,0,196828,0,0,5,0,11790081,303712889,306340550,40,44,1427644,1556696,3117198,49207,55831078,49380,387521669,378820697,0
1789394867.4057162,68.152,10569947,90746,0,192,65,52,81873,669130,25253240,16660964,5710672,62364384,46158880,64771552,0,188628,0,0,5,0,11790580,303712889,306340761,40,44,1427668,1556684,3117175,47157,55831088,49380,387521669,378820697,0
1789394867.6562173,68.403,10570245,90746,0,192,65,52,81876,669230,25253600,16660964,5710672,62364256,46158752,64771552,0,172236,0,0,5,0,11791119,303712889,306340859,40,44,1427668,1556681,3117169,43059,55831092,49380,387521669,378820697,0
1789394867.9067073,68.653,10570534,90746,0,192,65,52,81878,669339,25254527,16660964,5710672,62363520,46158016,64771552,0,164044,0,0,5,0,11791166,303712889,306340859,40,44,1427668,1556663,3117132,41011,55831517,49380,387521669,378820697,0
1789394868.1572318,68.904,10570830,90746,0,192,65,52,81880,669440,25255210,16660964,5710672,62384244,46178740,64771552,0,147660,0,0,5,0,11791307,303712889,306340859,40,44,1427668,1557180,3118168,36915,55831543,49380,387521669,378820697,0
1789394868.407711,69.154,10571121,90746,0,192,65,52,81884,669546,25256221,16661060,5710768,62382952,46177352,64771552,0,131276,0,0,5,0,11791663,303712889,306341084,40,44,1427692,1557148,3118103,32819,55831817,49380,387521669,378820697,0
1789394868.6582124,69.405,10571416,90746,0,192,65,52,81887,669648,25256839,16661060,5710768,62382448,46176848,64771552,0,123084,0,0,5,0,11791862,303712889,306341238,40,44,1427692,1557135,3118078,30771,55831918,49380,387521669,378820697,0
1789394868.908698,69.655,10571701,90746,0,192,65,52,81890,669762,25258185,16661060,5710768,62375932,46170324,64771552,0,114892,0,0,6,0,11791942,303712889,306341238,40,44,1427692,1556973,3117753,28723,55833158,49380,387521669,378820697,0
1789394869.1595302,69.906,10572000,90746,0,192,65,52,81893,669861,25258521,16661156,5710864,62389612,46183916,64771552,0,98556,0,0,5,0,11792038,303712889,306341361,40,44,1427716,1557314,3118436,24639,55833162,49380,387521669,378820697,0
1789394869.4102795,70.157,10572299,90746,0,192,65,52,81898,669958,25258814,16661156,5710864,62365796,46160100,64771552,0,82180,0,0,5,0,11792113,303712889,306341361,40,44,1427716,1556720,3117246,20545,55839369,49380,387521669,378820697,0
1789394869.660924,70.408,10572585,90746,0,192,65,52,81900,670069,25259546,16661156,5710864,62361292,46155596,64771552,0,73996,0,0,5,0,11792175,303713253,306341725,40,44,1427716,1556607,3117021,18499,55839823,49381,387521681,378820697,0
1789394869.9115295,70.658,10572896,90746,0,192,65,52,81902,670157,25259658,16661156,5710864,62360776,46155080,64771552,0,65892,0,0,3,0,11792505,303713253,306341814,40,44,1427716,1556594,3116995,16473,55839823,49381,387521681,378820697,0
1789394870.162163,70.909,10573266,90746,0,192,65,52,81902,670188,25259730,16661156,5710864,62365876,46160180,64771552,0,49704,0,0,2,0,11792750,303713253,306341814,40,44,1427716,1556722,3117250,12426,55839824,49381,387521681,378820697,0
1789394870.412623,71.159,10573638,90746,0,192,65,52,81904,670213,25259976,16715696,5765392,62362668,46102432,64771552,0,32972,0,0,2,0,11792973,303713265,306341982,40,44,1441348,1556642,3117090,8243,55839832,49381,387521681,378820697,0
1789394870.6629972,71.41,10574014,90746,0,192,65,52,81906,670236,25260027,16778756,5828452,62367288,46042376,64771552,0,24780,0,0,2,0,11793116,303713265,306341982,40,44,1457214,1556717,3117240,6195,55839833,49381,387521681,378820697,0
1789394870.913357,71.66,10574389,90746,0,192,65,52,81908,670259,25260080,16800752,5850448,62366004,46018288,64771552,0,12388,0,0,2,0,11796390,303713265,306342757,40,44,1462612,1556664,3117135,3097,55839834,49381,387521681,378820697,0
1789394871.1637034,71.91,10574764,90746,0,192,65,52,81911,670282,25260141,16800976,5850672,62371448,46023412,64771552,0,0,0,0,2,0,11796728,303713265,306342757,40,44,1462668,1556798,3117402,0,55839851,49381,387521681,378820697,0
1789394871.414032,72.161,10575139,90746,0,192,65,52,81919,670300,25260316,16800976,5850672,62190184,45842148,64771552,0,0,0,0,2,0,11796767,303713265,306342757,40,44,1462668,1552273,3108341,0,55883040,49381,387521681,378820697,0
1789394871.664378,72.411,10575514,90746,0,192,65,52,81923,670322,25260430,16800976,5850672,62117464,45769428,64771552,0,0,0,0,2,0,11796805,303713265,306342757,40,44,1462668,1550457,3104706,0,55901832,49381,387521681,378820697,0
1789394871.9147735,72.662,10575881,90747,0,192,65,52,81931,670347,25260577,16801072,4300844,62117832,45769596,64771552,0,1541656,0,0,2,0,11799242,303713507,306343072,40,44,1075211,1550466,3104724,385414,55901833,49381,387521729,380370633,0
1789394872.1651535,72.912,10576256,90747,0,192,65,52,81931,670372,25260644,16801072,4300844,62123132,45774896,64771552,0,1533464,0,0,2,0,11800432,303713507,306343276,40,44,1075211,1550599,3104989,383366,55901835,49381,387521729,380370633,0
1789394872.4154813,73.162,10576632,90747,0,192,65,52,81931,670397,25260735,16801072,4300844,62129452,45781216,64771552,0,1517072,0,0,2,0,11800695,303713507,306343276,40,44,1075211,1550757,3105305,379268,55901835,49381,387521729,380370633,0
1789394872.6658275,73.413,10577007,90747,0,192,65,52,81931,670422,25260786,16801072,4300844,62129452,45781216,64771552,0,1508880,0,0,2,0,11800903,303713507,306343276,40,44,1075211,1550757,3105305,377220,55901835,49381,387521729,380370633,0
1789394872.916159,73.663,10577382,90747,0,192,65,52,81931,670447,25260842,16801072,4300844,62129452,45781216,64771552,0,1492488,0,0,2,0,11801246,303713507,306343503,40,44,1075211,1550757,3105305,373122,55901836,49381,387521729,380370633,0
1789394873.1664886,73.913,10577757,90747,0,192,65,52,81931,670473,25261261,16801072,4300844,62136032,45787780,64771552,0,1484296,0,0,2,0,11803177,303713507,306343842,40,44,1075211,1550921,3105634,371074,55902398,49381,387521729,380370633,0
1789394873.4169931,74.164,10578132,90747,0,192,65,52,81931,670498,25261314,16801072,4300844,62136032,45787780,64771552,0,1467904,0,0,2,0,11804725,303713507,306344110,40,44,1075211,1550921,3105634,366976,55902401,49381,387521729,380370633,0
1789394873.6673357,74.414,10578508,90747,0,192,65,52,81931,670523,25261359,16801072,4300844,62136032,45787780,64771552,0,1459712,0,0,2,0,11804865,303713507,306344110,40,44,1075211,1550921,3105634,364928,55902401,49381,387521729,380370633,0
1789394873.9176726,74.664,10578883,90747,0,192,65,52,81931,670548,25261412,16801072,4300844,62136032,45787780,64771552,0,1443320,0,0,2,0,11805274,303713507,306344165,40,44,1075211,1550921,3105634,360830,55902402,49381,387521729,380370633,0
1789394874.1680024,74.915,10579258,90747,0,192,65,52,81932,670573,25261472,16801072,4300844,62138960,45790708,64771552,0,1435128,0,0,2,0,11805623,303713507,306344165,40,44,1075211,1550994,3105780,358782,55902402,49381,387521729,380370633,0
1789394874.4183311,75.165,10579633,90747,0,192,65,52,81932,670598,25261535,16801072,4300844,62141948,45793696,64771552,0,1418736,0,0,2,0,11806856,303713507,306344366,40,44,1075211,1551068,3105930,354684,55902403,49381,387521729,380370633,0
1789394874.6686974,75.415,10579998,90747,0,192,65,52,81932,670634,25261788,16801072,4300844,62126992,45778740,64771552,0,1410544,0,0,9,0,11807391,303713507,306344721,40,44,1075211,1550695,3105182,352636,55905175,49381,387521729,380370633,0
1789394874.9191873,75.666,10580349,90747,0,192,65,52,81933,670682,25262088,16801072,4300844,62119556,45771304,64771552,0,1394152,0,0,2,0,11807427,303713508,306344722,40,44,1075211,1550510,3104811,348538,55906852,49381,387521729,380370633,0
1789394875.1696715,75.916,10580719,90747,0,192,65,52,81934,670713,25262394,16801072,4300844,62120812,45772560,64771552,0,1386008,0,0,2,0,11808479,303713508,306345057,40,44,1075211,1550541,3104873,346502,55906858,49381,387521729,380370633,0
1789394875.4201655,76.167,10581046,90750,0,192,65,52,81942,670774,25268600,16269460,3990524,62125560,46314328,64771552,0,1369612,0,1,3,0,11809801,303718234,306349866,40,44,997631,1550793,3105378,342403,55910553,49382,387521841,380370633,0
1789394875.670677,76.417,10581398,90775,0,192,65,52,81942,670797,25268730,16269460,3990524,62117884,46306652,64771552,0,1361420,0,1,1,0,11809869,303849378,306481018,40,44,997631,1550601,3104994,340355,55912194,49382,387521841,380370633,0
1789394875.9211323,76.668,10581773,90800,0,192,65,52,81942,670797,25268865,16269460,3990524,62117884,46306652,64771552,0,1345028,0,1,1,0,11809870,304097829,306729470,40,44,997631,1550601,3104994,336257,55912196,49382,387521841,380370633,0
1789394876.1716151,76.918,10582148,90825,0,192,65,52,81942,670797,25269043,16269388,3990452,62138004,46326932,64771552,0,1336792,0,1,1,0,11809882,304345277,306976946,40,44,997613,1551107,3106006,334198,55912199,49382,387521841,380370633,0
1789394876.4220717,77.169,10582523,90850,0,192,65,52,81942,670797,25269223,16269388,3990452,62139372,46328300,64771552,0,1320512,0,1,1,0,11809901,304594404,307226372,40,44,997613,1551141,3106075,330128,55912200,49382,387521841,380370633,0
1789394876.6725256,77.419,10582899,90875,0,192,65,52,81943,670797,25269361,16269388,3990452,62139120,46328048,64771552,0,1312260,0,1,1,0,11809927,304843763,307475823,40,44,997613,1551134,3106062,328065,55912202,49382,387521841,380370633,0
1789394876.9230144,77.67,10583266,90901,0,192,65,52,81950,670797,25269650,16269308,2661560,62134216,46323144,64771552,0,2624380,0,1,1,0,11810050,305033945,307666966,40,44,665390,1551012,3105817,656095,55912262,49382,387521889,381700285,0
1789394877.1735106,77.92,10583641,90926,0,192,65,52,81950,670797,25269787,16269308,2661560,62140720,46329648,64771552,0,2616112,0,1,1,0,11810070,305283983,307917412,40,44,665390,1551174,3106142,654028,55912262,49382,387521889,381700285,0
1789394877.4240062,78.171,10584016,90951,0,192,65,52,81950,670798,25270111,16269484,2661192,62136252,46325004,64771552,0,2599700,0,1,1,0,11810079,305530482,308163923,40,44,665298,1551063,3105919,649925,55912311,49382,387521889,381700285,0
1789394877.6744702,78.421,10584391,90976,0,192,65,52,81950,670798,25270153,16269484,2661192,62136252,46325004,64771552,0,2591508,0,1,1,0,11810079,305780890,308414332,40,44,665298,1551063,3105919,647877,55912312,49382,387521889,381700285,0
1789394877.924904,78.672,10584767,91001,0,192,65,52,81950,670798,25270203,16269484,2661192,62136252,46325004,64771552,0,2575116,0,1,1,0,11810085,306030664,308664106,40,44,665298,1551063,3105919,643779,55912312,49382,387521889,381700285,0
1789394878.175324,78.922,10585142,91026,0,192,65,52,81950,670798,25270252,16269484,2661192,62139228,46327980,64771552,0,2566924,0,1,1,0,11810095,306281004,308914468,40,44,665298,1551137,3106067,641731,55912313,49382,387521889,381700285,0
1789394878.4257648,79.173,10585517,91051,0,192,65,52,81950,670798,25270320,16269484,2661192,62143476,46332228,64771552,0,2550532,0,1,1,0,11810095,306531432,309164896,40,44,665298,1551243,3106280,637633,55912314,49382,387521889,381700285,0
1789394878.6761885,79.423,10585893,91076,0,192,65,52,81950,670798,25270359,16269484,2661192,62143476,46332228,64771552,0,2542340,0,1,1,0,11810095,306781804,309415268,40,44,665298,1551243,3106280,635585,55912315,49382,387521889,381700285,0
1789394878.9265924,79.673,10586268,91101,0,192,65,52,81950,670798,25270416,16269484,2661192,62143476,46332228,64771552,0,2525948,0,1,1,0,11810095,307031232,309664695,40,44,665298,1551243,3106280,631487,55912316,49382,387521889,381700285,0
1789394879.177035,79.924,10586643,91126,0,192,65,52,81950,670798,25270471,16269484,2661192,62147796,46336548,64771552,0,2517864,0,1,1,0,11810095,307280610,309914074,40,44,665298,1551351,3106496,629466,55912317,49382,387521889,381700285,0
1789394879.4274418,80.174,10587019,91152,0,192,65,52,81950,670798,25270518,16269484,2661192,62147796,46336548,64771552,0,2501400,0,1,1,0,11810096,307529988,310163452,40,44,665298,1551351,3106496,625350,55912318,49382,387521889,381700285,0
1789394879.677879,80.425,10587394,91177,0,192,65,52,81950,670798,25270557,16269484,2661192,62147796,46336548,64771552,0,2493436,0,1,1,0,11810096,307780336,310413800,40,44,665298,1551351,3106496,623359,55912319,49382,387521889,381700285,0
1789394879.928279,80.675,10587769,91202,0,192,65,52,81950,670798,25270656,16269484,2661192,62149776,46338528,64771552,0,2476872,0,1,1,0,11810126,308029589,310663224,40,44,665298,1551401,3106595,619218,55912320,49382,387521889,381700285,0
1789394880.1787596,80.926,10588144,91227,0,192,65,52,81950,670798,25270724,16269480,2661192,62153244,46342000,64771552,0,2468604,0,1,1,0,11810132,308280012,310913657,40,44,665298,1551487,3106768,617151,55912322,49382,387521889,381700285,0
1789394880.4291794,81.176,10588520,91252,0,192,65,52,81950,670798,25270808,16269480,2661192,62156572,46345328,64771552,0,2452220,0,1,1,0,11810138,308530384,311164037,40,44,665298,1551570,3106934,613055,55912322,49382,387521889,381700285,0
1789394880.6795912,81.426,10588895,91277,0,192,65,52,81950,670798,25270851,16269480,2661192,62156572,46345328,64771552,0,2444028,0,1,1,0,11810148,308779717,311413433,40,44,665298,1551570,3106934,611007,55912323,49382,387521889,381700285,0
1789394880.9300098,81.677,10589271,91302,0,192,65,52,81950,670798,25270892,16269480,2661192,62156572,46345328,64771552,0,2427644,0,1,1,0,11810148,309030103,311663819,40,44,665298,1551570,3106934,606911,55912323,49382,387521889,381700285,0
1789394881.180457,81.927,10589646,91327,0,192,65,52,81950,670799,25270945,16269480,2661192,62159156,46347912,64771552,0,2419596,0,1,1,0,11810148,309279525,311913241,40,44,665298,1551635,3107064,604899,55912325,49382,387521889,381700285,0
1789394881.4308867,82.178,10590021,91352,0,192,65,52,81950,670799,25270999,16269480,2661192,62159156,46347912,64771552,0,2403176,0,1,1,0,11810148,309529918,312163634,40,44,665298,1551635,3107064,600794,55912325,49382,387521889,381700285,0
1789394881.6812985,82.428,10590396,91377,0,192,65,52,81950,670799,25271040,16269480,2661192,62159156,46347912,64771552,0,2394984,0,1,2,0,11810148,309779242,312412958,40,44,665298,1551635,3107064,598746,55912327,49382,387521889,381700285,0
1789394881.9316175,82.678,10590771,91402,0,192,65,52,81951,670799,25271100,16269480,2587932,62159876,46348632,64771552,0,2452088,0,1,2,0,11810148,310025602,312659317,40,44,646983,1551653,3107100,613022,55912327,49382,387521889,381774265,0
1789394882.1819618,82.929,10591139,91428,0,192,65,52,81958,670799,25271357,16269384,1222472,62160272,46349028,64771552,0,3809724,0,1,1,0,11810177,310219066,312852802,40,44,305618,1551663,3107119,952431,55912327,49382,387521933,383139689,0
1789394882.4323063,83.179,10591514,91453,0,192,65,52,81958,670799,25271438,16269568,1222252,62165624,46354196,64771552,0,3801276,0,1,1,0,11810188,310469327,313103101,40,44,305563,1551796,3107387,950319,55912329,49382,387521933,383139689,0
1789394882.6826282,83.429,10591890,91478,0,192,65,52,81958,670799,25271484,16269568,1222252,62165624,46354196,64771552,0,3784892,0,1,1,0,11810189,310718661,313352435,40,44,305563,1551796,3107387,946223,55912329,49382,387521933,383139689,0
1789394882.9329782,83.68,10592265,91503,0,192,65,52,81958,670799,25271519,16269568,1222252,62165624,46354196,64771552,0,3776700,0,1,1,0,11810189,310968953,313602728,40,44,305563,1551796,3107387,944175,55912331,49382,387521933,383139689,0
1789394883.1833053,83.93,10592640,91528,0,192,65,52,81958,670799,25271573,16269568,1222252,62166816,46355388,64771552,0,3760316,0,1,1,0,11810189,311218274,313852048,40,44,305563,1551826,3107446,940079,55912331,49382,387521933,383139689,0
1789394883.4336665,84.18,10593015,91553,0,192,65,52,81958,670799,25271618,16269568,1222252,62166816,46355388,64771552,0,3743932,0,1,1,0,11810189,311468584,314102358,40,44,305563,1551826,3107446,935983,55912332,49382,387521933,383139689,0
1789394883.6839974,84.431,10593391,91578,0,192,65,52,81958,670799,25271666,16269568,1222252,62166816,46355388,64771552,0,3735740,0,1,1,0,11810189,311718887,314352661,40,44,305563,1551826,3107446,933935,55912333,49382,387521933,383139689,0
1789394883.9343271,84.681,10593766,91603,0,192,65,52,81959,670799,25271710,16269568,1222252,62166816,46355388,64771552,0,3719356,0,1,1,0,11810189,311969200,314602975,40,44,305563,1551826,3107446,929839,55912334,49382,387521933,383139689,0
1789394884.1846752,84.931,10594141,91628,0,192,65,52,81959,670799,25271769,16269568,1222252,62167976,46356548,64771552,0,3711248,0,1,1,0,11810189,312219523,314853298,40,44,305563,1551855,3107504,927812,55912334,49382,387521933,383139689,0
1789394884.4350123,85.182,10594516,91653,0,192,65,52,81959,670799,25271876,16269568,1222252,62171440,46360012,64771552,0,3694908,0,1,1,0,11810210,312467667,315101625,40,44,305563,1551941,3107678,923727,55912336,49382,387521933,383139689,0
1789394884.6853313,85.432,10594891,91678,0,192,65,52,81959,670799,25271914,16269568,1222252,62171440,46360012,64771552,0,3686692,0,1,1,0,11810210,312717953,315351911,40,44,305563,1551941,3107678,921673,55912336,49382,387521933,383139689,0
1789394884.935676,85.682,10595267,91703,0,192,65,52,81959,670799,25271951,16269568,1222252,62171440,46360012,64771552,0,3670520,0,1,1,0,11810210,312968275,315602233,40,44,305563,1551941,3107678,917630,55912338,49382,387521933,383139689,0
1789394885.1859856,85.933,10595642,91728,0,192,65,52,81959,670799,25271999,16269568,1222252,62171440,46360012,64771552,0,3662128,0,1,1,0,11810210,313218571,315852529,40,44,305563,1551941,3107678,915532,55912338,49382,387521933,383139689,0
1789394885.4363072,86.183,10596017,91753,0,192,65,52,81959,670799,25272046,16269568,1222252,62171440,46360012,64771552,0,3646028,0,1,1,0,11810210,313467867,316101825,40,44,305563,1551941,3107678,911507,55912339,49382,387521933,383139689,0
1789394885.6866288,86.433,10596392,91778,0,192,65,52,81959,670799,25272083,16269564,1222252,62171440,46360012,64771552,0,3637592,0,1,1,0,11810210,313718183,316352141,40,44,305563,1551941,3107678,909398,55912340,49382,387521933,383139689,0
1789394885.9369693,86.684,10596768,91803,0,192,65,52,81959,670799,25272122,16269560,1222252,62171440,46360012,64771552,0,3621220,0,1,1,0,11810210,313968475,316602433,40,44,305563,1551941,3107678,905305,55912341,49382,387521933,383139689,0
1789394886.1873043,86.934,10597143,91829,0,192,65,52,81959,670799,25272180,16269560,1222252,62172768,46361340,64771552,0,3613156,0,1,1,0,11810210,314218846,316852804,40,44,305563,1551974,3107744,903289,55912341,49382,387521933,383139689,0
1789394886.4377625,87.185,10597518,91854,0,192,65,52,81959,670799,25272226,16269560,1222252,62172768,46361340,64771552,0,3605056,0,1,1,0,11810210,314469271,317103229,40,44,305563,1551974,3107744,901264,55912343,49382,387521933,383139689,0
1789394886.688184,87.435,10597894,91879,0,192,65,52,81959,670799,25272269,16269560,1222252,62172768,46361340,64771552,0,3588656,0,1,1,0,11810210,314719651,317353609,40,44,305563,1551974,3107744,897164,55912343,49382,387521933,383139689,0
1789394886.9386115,87.685,10598269,91904,0,192,65,52,81959,670799,25272322,16269560,1222388,62172796,46361368,64771552,0,3572328,0,1,1,0,11810210,314969071,317603029,40,44,305597,1551975,3107745,893082,55912344,49382,387521933,383139913,0
1789394887.1890576,87.936,10598638,91929,0,192,65,52,81966,670799,25272442,16269504,1332,62172708,46361280,64771552,0,4785084,0,1,1,0,11810957,315167367,317801367,40,44,333,1551973,3107741,1196271,55912346,49382,387521973,384361405,0
1789394887.4395287,88.186,10599013,91954,0,192,65,52,81966,670799,25272519,16269648,896,62172496,46360932,64771552,0,4768816,0,1,1,0,11810981,315416733,318050811,40,44,224,1551968,3107730,1192204,55912346,49382,387521973,384361405,0
1789394887.6899948,88.437,10599389,91979,0,192,65,52,81966,670799,25272562,16269648,896,62172496,46360932,64771552,0,4760884,0,1,1,0,11811000,315666650,318301159,40,44,224,1551968,3107730,1190221,55912348,49382,387521973,384361405,0
1789394887.9403458,88.687,10599764,92004,0,192,65,52,81966,670799,25272603,16269648,896,62172496,46360932,64771552,0,4752588,0,1,1,0,11811019,315915575,318550475,40,44,224,1551968,3107730,1188147,55912348,49382,387521973,384361405,0
1789394888.190683,88.937,10600139,92029,0,192,65,52,81966,670799,25272662,16269648,896,62173728,46362164,64771552,0,4736304,0,1,1,0,11811046,316165121,318800776,40,44,224,1551998,3107792,1184076,55912349,49382,387521973,384361405,0
1789394888.441005,89.188,10600515,92054,0,192,65,52,81966,670799,25272741,16269648,896,62174288,46362724,64771552,0,4719780,0,1,1,0,11811076,316414562,319051067,40,44,224,1552012,3107820,1179945,55912349,49382,387521973,384361405,0
1789394888.6913385,89.438,10600890,92079,0,192,65,52,81966,670799,25272779,16269648,896,62174288,46362724,64771552,0,4711592,0,1,1,0,11811109,316664358,319301370,40,44,224,1552012,3107820,1177898,55912352,49382,387521973,384361405,0
1789394888.9416752,89.688,10601265,92104,0,192,65,52,81966,670799,25272825,16269648,896,62174288,46362724,64771552,0,4695396,0,1,1,0,11811131,316912918,319550692,40,44,224,1552012,3107820,1173849,55912352,49382,387521973,384361405,0
1789394889.1920104,89.939,10601641,92129,0,192,65,52,81966,670799,25272872,16269648,896,62174288,46362724,64771552,0,4687152,0,1,1,0,11811165,317162724,319801000,40,44,224,1552012,3107820,1171788,55912353,49382,387521973,384361405,0
1789394889.4423263,90.189,10602016,92154,0,192,65,52,81966,670799,25272928,16269648,896,62174288,46362724,64771552,0,4670524,0,1,1,0,11811180,317411296,320050297,40,44,224,1552012,3107820,1167631,55912353,49382,387521973,384361405,0
1789394889.6926684,90.439,10602391,92179,0,192,65,52,81966,670799,25272965,16269648,896,62174288,46362724,64771552,0,4662536,0,1,1,0,11811199,317661211,320300612,40,44,224,1552012,3107820,1165634,55912354,49382,387521973,384361405,0
1789394889.943003,90.69,10602766,92204,0,192,65,52,81966,670799,25273013,16269648,896,62174288,46362724,64771552,0,4645940,0,1,1,0,11811235,317909792,320549925,40,44,224,1552012,3107820,1161485,55912356,49382,387521973,384361405,0
1789394890.1933262,90.94,10603142,92229,0,192,65,52,81966,670799,25273062,16269648,896,62174288,46362724,64771552,0,4638116,0,1,1,0,11811254,318158760,320799246,40,44,224,1552012,3107820,1159529,55912357,49382,387521973,384361405,0
1789394890.4436567,91.19,10603517,92254,0,192,65,52,81966,670799,25273111,16269648,896,62174288,46362724,64771552,0,4621716,0,1,1,0,11811278,318407266,321048536,40,44,224,1552012,3107820,1155429,55912357,49382,387521973,384361405,0
1789394890.6939678,91.441,10603892,92279,0,192,65,52,81966,670799,25273146,16269648,896,62174288,46362724,64771552,0,4613360,0,1,1,0,11811299,318657164,321298844,40,44,224,1552012,3107820,1153340,55912358,49382,387521973,384361405,0
1789394890.9443154,91.691,10604268,92304,0,192,65,52,81966,670799,25273191,16269648,896,62174288,46362724,64771552,0,4597112,0,1,1,0,11811321,318905749,321548149,40,44,224,1552012,3107820,1149278,55912358,49382,387521973,384361405,0
1789394891.1946652,91.941,10604643,92329,0,192,65,52,81966,670799,25273238,16269648,896,62174288,46362724,64771552,0,4588592,0,1,1,0,11811366,319155650,321798478,40,44,224,1552012,3107820,1147148,55912358,49382,387521973,384361405,0
1789394891.4449918,92.192,10605018,92354,0,192,65,52,81966,670799,25273289,16269648,896,62174288,46362724,64771552,0,4572492,0,1,1,0,11811405,319404167,322047779,40,44,224,1552012,3107820,1143123,55912361,49382,387521973,384361405,0
1789394891.695319,92.442,10605394,92379,0,192,65,52,81966,670799,25273334,16269648,896,62174288,46362724,64771552,0,4564652,0,1,1,0,11811420,319654434,322298093,40,44,224,1552012,3107820,1141163,55912362,49382,387521973,384361405,0
1789394891.9456758,92.692,10605769,92404,0,192,65,52,81967,670799,25273374,16269648,896,62174288,46362724,64771552,0,4556316,0,1,1,0,11811420,319904748,322548407,40,44,224,1552012,3107820,1139079,55912363,49382,387521973,384361405,0
1789394892.1960115,92.943,10606144,92429,0,192,65,52,81967,670799,25273454,16269640,896,62175392,46363828,64771552,0,4539440,0,1,1,0,11811430,320154049,322797723,40,44,224,1552040,3107875,1134860,55912363,49382,387521973,384361617,0
1789394892.4463477,93.193,10606519,92454,0,192,65,52,81967,670799,25273542,16269640,896,62175420,46363856,64771552,0,4531248,0,1,1,0,11811480,320403875,323048013,40,44,224,1552041,3107877,1132812,55912364,49382,387521973,384361617,0
1789394892.696688,93.443,10606895,92479,0,192,65,52,81967,670799,25273582,16269640,896,62175420,46363856,64771552,0,4514864,0,1,1,0,11811505,320653320,323298355,40,44,224,1552041,3107877,1128716,55912365,49382,387521973,384361617,0
1789394892.9470396,93.694,10607270,92504,0,192,65,52,81967,670799,25273619,16269640,896,62175420,46363856,64771552,0,4506672,0,1,1,0,11811527,320903144,323548649,40,44,224,1552041,3107877,1126668,55912367,49382,387521973,384361617,0
1789394893.1973608,93.944,10607645,92529,0,192,65,52,81967,670799,25273672,16269640,896,62175420,46363856,64771552,0,4490288,0,1,1,0,11811555,321151727,323797954,40,44,224,1552041,3107877,1122572,55912367,49382,387521973,384361617,0
1789394893.4476874,94.194,10608021,92554,0,192,65,52,81967,670799,25273715,16269640,896,62175420,46363856,64771552,0,4482096,0,1,1,0,11811576,321401580,324048255,40,44,224,1552041,3107877,1120524,55912368,49382,387521973,384361617,0
1789394893.6980135,94.445,10608396,92579,0,192,65,52,81967,670799,25273757,16269640,896,62175420,46363856,64771552,0,4465712,0,1,1,0,11811632,321650992,324298545,40,44,224,1552041,3107877,1116428,55912368,49382,387521973,384361617,0
1789394893.94835,94.695,10608771,92604,0,192,65,52,81967,670799,25273796,16269640,896,62175420,46363856,64771552,0,4457520,0,1,1,0,11811650,321900904,324548873,40,44,224,1552041,3107877,1114380,55912370,49382,387521973,384361617,0
1789394894.1986926,94.945,10609147,92629,0,192,65,52,81967,670799,25273844,16269640,896,62175420,46363856,64771552,0,4441300,0,1,1,0,11811682,322150514,324799188,40,44,224,1552041,3107877,1110325,55912370,49382,387521973,384361617,0
1789394894.449021,95.196,10609522,92654,0,192,65,52,81967,670799,25273887,16269640,896,62175420,46363856,64771552,0,4433268,0,1,1,0,11811699,322400431,325049468,40,44,224,1552041,3107877,1108317,55912372,49382,387521973,384361617,0
1789394894.6993315,95.446,10609897,92679,0,192,65,52,81967,670799,25273928,16269640,896,62175420,46363856,64771552,0,4416796,0,1,1,0,11811738,322649849,325299750,40,44,224,1552041,3107877,1104199,55912372,49382,387521973,384361617,0
1789394894.9496636,95.696,10610272,92704,0,192,65,52,81967,670799,25273977,16269640,896,62175420,46363856,64771552,0,4408700,0,1,1,0,11811768,322898784,325549068,40,44,224,1552041,3107877,1102175,55912373,49382,387521973,384361617,0
1789394895.1999912,95.947,10610648,92729,0,192,65,52,81967,670799,25274022,16269640,896,62175420,46363856,64771552,0,4392092,0,1,1,0,11811801,323147343,325798387,40,44,224,1552041,3107877,1098023,55912374,49382,387521973,384361617,0
1789394895.450305,96.197,10611023,92754,0,192,65,52,81967,670799,25274067,16269640,896,62175420,46363856,64771552,0,4384128,0,1,1,0,11811831,323397172,326048679,40,44,224,1552041,3107877,1096032,55912374,49382,387521973,384361617,0
1789394895.7006314,96.447,10611398,92779,0,192,65,52,81968,670799,25274111,16269640,896,62175420,46363856,64771552,0,4367624,0,1,1,0,11811861,323646692,326298986,40,44,224,1552041,3107877,1091906,55912375,49382,387521973,384361617,0
1789394895.9509757,96.698,10611774,92804,0,192,65,52,81968,670799,25274148,16269640,896,62175420,46363856,64771552,0,4359308,0,1,1,0,11811878,323896604,326549304,40,44,224,1552041,3107877,1089827,55912376,49382,387521973,384361617,0
1789394896.201319,96.948,10612149,92829,0,192,65,52,81968,670799,25274219,16269648,1008,62175204,46363640,64771552,0,4342832,0,1,1,0,11811917,324146171,326799632,40,44,252,1552035,3107866,1085708,55912377,49382,387521973,384361617,0
1789394896.4516847,97.198,10612524,92854,0,192,65,52,81968,670799,25274298,16269648,984,62175384,46363808,64771552,0,4334640,0,1,1,0,11811948,324396006,327049947,40,44,246,1552040,3107875,1083660,55912378,49382,387521973,384361629,0
1789394896.7020116,97.449,10612900,92879,0,192,65,52,81968,670799,25274345,16269648,984,62175384,46363808,64771552,0,4318256,0,1,1,0,11811998,324645400,327300245,40,44,246,1552040,3107875,1079564,55912379,49382,387521973,384361629,0
1789394896.9523385,97.699,10613275,92904,0,192,65,52,81968,670799,25274394,16269648,500,62175132,46363556,64771552,0,4310084,0,1,1,0,11812042,324894090,327549545,40,44,125,1552033,3107862,1077521,55912380,49382,387521973,384362169,0
1789394897.2026749,97.949,10613650,92929,0,192,65,52,81968,670799,25274451,16269648,500,62175132,46363556,64771552,0,4293984,0,1,1,0,11812091,325142607,327798864,40,44,125,1552033,3107862,1073496,55912382,49382,387521973,384362169,0
1789394897.4529986,98.2,10614025,92954,0,192,65,52,81968,670799,25274522,16269648,504,62175116,46363540,64771552,0,4285488,0,1,1,0,11812117,325391815,328048159,40,44,126,1552033,3107861,1071372,55912382,49382,387521973,384362169,0
1789394897.7033215,98.45,10614400,92980,0,192,65,52,81968,670799,25274573,16269648,504,62174864,46363288,64771552,0,4269104,0,1,1,0,11812117,325641110,328297454,40,44,126,1552027,3107849,1067276,55912383,49382,387521973,384362253,0
1789394897.9536777,98.7,10614776,93005,0,192,65,52,81968,670799,25274610,16269648,504,62174864,46363288,64771552,0,4260912,0,1,1,0,11812117,325891439,328547783,40,44,126,1552027,3107849,1065228,55912384,49382,387521973,384362253,0
1789394898.203989,98.951,10615151,93030,0,192,65,52,81969,670799,25274657,16269648,504,62174624,46363048,64771552,0,4244528,0,1,1,0,11812117,326141736,328798080,40,44,126,1552021,3107837,1061132,55912385,49382,387521973,384362253,0
1789394898.454308,99.201,10615526,93055,0,192,65,52,81969,670799,25274696,16269648,504,62174624,46363048,64771552,0,4236336,0,1,1,0,11812117,326392015,329048359,40,44,126,1552021,3107837,1059084,55912385,49382,387521973,384362253,0
1789394898.7046175,99.451,10615901,93080,0,192,65,52,81969,670800,25274750,16269648,504,62174624,46363048,64771552,0,4228144,0,1,1,0,11812129,326640242,329296703,40,44,126,1552021,3107837,1057036,55912387,49382,387521973,384362253,0
1789394898.9549701,99.702,10616277,93105,0,192,65,52,81969,670800,25274793,16269648,504,62175120,46363544,64771552,0,4211760,0,1,1,0,11812136,326890502,329546999,40,44,126,1552033,3107862,1052940,55912387,49382,387521973,384362253,0
1789394899.2053006,99.952,10616652,93130,0,192,65,52,81969,670800,25274840,16269648,504,62175152,46363576,64771552,0,4203568,0,1,1,0,11812136,327139822,329796319,40,44,126,1552034,3107863,1050892,55912389,49382,387521973,384362253,0
1789394899.4556286,100.202,10617027,93155,0,192,65,52,81969,670800,25274893,16269648,504,62175152,46363576,64771552,0,4187184,0,1,1,0,11812136,327389135,330045632,40,44,126,1552034,3107863,1046796,55912389,49382,387521973,384362253,0
1789394899.705968,100.453,10617402,93180,0,192,65,52,81969,670800,25274935,16269648,504,62175152,46363576,64771552,0,4178992,0,1,1,0,11812136,327639459,330295956,40,44,126,1552034,3107863,1044748,55912391,49382,387521973,384362253,0
1789394899.9563174,100.703,10617778,93205,0,192,65,52,81969,670800,25274977,16269648,504,62175408,46363832,64771552,0,4162608,0,1,1,0,11812136,327889758,330546255,40,44,126,1552040,3107876,1040652,55912391,49382,387521973,384362253,0
1789394900.2066727,100.953,10618153,93230,0,192,65,52,81969,670800,25275034,16269648,504,62175412,46363836,64771552,0,4150428,0,1,1,0,11812136,328140090,330796587,40,44,126,1552040,3107876,1037607,55912392,49382,387521973,384362253,0
1789394900.4570065,101.204,10618528,93255,0,192,65,52,81969,670800,25275128,16269648,504,62175412,46363836,64771552,0,4138036,0,1,1,0,11812160,328390271,331046882,40,44,126,1552040,3107876,1034509,55912393,49382,387521973,384362253,0
1789394900.7073302,101.454,10618903,93280,0,192,65,52,81969,670800,25275167,16269648,504,62175412,46363836,64771552,0,4125808,0,1,1,0,11812160,328640572,331297182,40,44,126,1552040,3107876,1031452,55912393,49382,387521973,384362253,0
1789394900.9576762,101.704,10619279,93305,0,192,65,52,81969,670800,25275211,16269648,504,62175412,46363836,64771552,0,4113088,0,1,1,0,11812160,328890898,331547509,40,44,126,1552040,3107876,1028272,55912394,49382,387521973,384362253,0
1789394901.2080092,101.955,10619654,93330,0,192,65,52,81969,670800,25275259,16269648,504,62175652,46364076,64771552,0,4100860,0,1,1,0,11812160,329141203,331797814,40,44,126,1552046,3107888,1025215,55912394,49382,387521973,384362253,0
1789394901.4583333,102.205,10620029,93356,0,192,65,52,81969,670800,25275312,16269648,504,62175652,46364076,64771552,0,4088608,0,1,1,0,11812161,329390513,332047124,40,44,126,1552046,3107888,1022152,55912395,49382,387521973,384362253,0
1789394901.708681,102.455,10620404,93381,0,192,65,52,81969,670800,25275355,16269648,504,62175652,46364076,64771552,0,4076080,0,1,1,0,11812161,329640819,332297430,40,44,126,1552046,3107888,1019020,55912397,49382,387521973,384362253,0
1789394901.9590003,102.706,10620780,93406,0,192,65,52,81969,670800,25275412,16269648,504,62175652,46364076,64771552,0,4063832,0,1,1,0,11812176,329889908,332546724,40,44,126,1552046,3107888,1015958,55912398,49382,387521973,384362253,0
1789394902.2093096,102.956,10621155,93431,0,192,65,52,81969,670800,25275460,16269648,504,62175652,46364076,64771552,0,4051588,0,1,1,0,11812229,330139516,332797014,40,44,126,1552046,3107888,1012897,55912398,49382,387521973,384362253,0
1789394902.459636,103.206,10621530,93456,0,192,65,52,81969,670800,25275528,16269648,504,62175652,46364076,64771552,0,4038696,0,1,1,0,11812272,330389409,333047318,40,44,126,1552046,3107888,1009674,55912399,49382,387521973,384362253,0
1789394902.7099662,103.457,10621905,93481,0,192,65,52,81969,670800,25275574,16269648,504,62175652,46364076,64771552,0,4026304,0,1,1,0,11812272,330638700,333296609,40,44,126,1552046,3107888,1006576,55912399,49382,387521973,384362253,0
1789394902.960292,103.707,10622281,93506,0,192,65,52,81969,670800,25275625,16269636,504,62175652,46364076,64771552,0,4013908,0,1,1,0,11812272,330889000,333546909,40,44,126,1552046,3107888,1003477,55912401,49382,387521973,384362345,0
1789394903.2106085,103.957,10622656,93531,0,192,65,52,81969,670800,25275672,16269636,504,62175652,46364076,64771552,0,4001520,0,1,1,0,11812272,331138312,333796221,40,44,126,1552046,3107888,1000380,55912402,49382,387521973,384362345,0
1789394903.4609406,104.208,10623031,93556,0,192,65,52,81969,670800,25275720,16269636,504,62175652,46364076,64771552,0,3989252,0,1,1,0,11812272,331388592,334046501,40,44,126,1552046,3107888,997313,55912403,49382,387521973,384362345,0
1789394903.711249,104.458,10623406,93581,0,192,65,52,81969,670800,25275761,16269636,504,62175652,46364076,64771552,0,3980992,0,1,1,0,11812272,331638875,334296784,40,44,126,1552046,3107888,995248,55912403,49382,387521973,384362345,0
1789394903.961558,104.708,10623782,93606,0,192,65,52,81969,670800,25275802,16269636,504,62175652,46364076,64771552,0,3964656,0,1,1,0,11812272,331889195,334547104,40,44,126,1552046,3107888,991164,55912404,49382,387521973,384362345,0
1789394904.2119162,104.959,10624157,93631,0,192,65,52,81969,670800,25275866,16269648,504,62175640,46364064,64771552,0,3956360,0,1,1,0,11812272,332139508,334797417,40,44,126,1552046,3107888,989090,55912405,49382,387521973,384362345,0
1789394904.462248,105.209,10624532,93656,0,192,65,52,81969,670800,25275945,16269648,504,62175640,46364064,64771552,0,3939960,0,1,1,0,11812282,332389795,335047720,40,44,126,1552046,3107888,984990,55912408,49382,387521973,384362345,0
1789394904.7125652,105.459,10624907,93681,0,192,65,52,81969,670800,25275989,16269648,504,62175640,46364064,64771552,0,3931768,0,1,1,0,11812282,332639100,335297024,40,44,126,1552046,3107888,982942,55912408,49382,387521973,384362345,0
1789394904.9628909,105.71,10625282,93706,0,192,65,52,81969,670800,25276028,16269648,504,62175640,46364064,64771552,0,3915384,0,1,1,0,11812282,332889392,335547317,40,44,126,1552046,3107888,978846,55912408,49382,387521973,384362345,0
1789394905.2132046,105.96,10625658,93731,0,192,65,52,81969,670800,25276074,16269648,504,62175896,46364320,64771552,0,3907264,0,1,1,0,11812282,333139675,335797599,40,44,126,1552053,3107900,976816,55912409,49382,387521973,384362345,0
1789394905.4635248,106.21,10626033,93756,0,192,65,52,81970,670800,25276117,16269648,504,62175896,46364320,64771552,0,3890884,0,1,1,0,11812282,333389993,336047918,40,44,126,1552053,3107900,972721,55912410,49382,387521973,384362345,0
1789394905.713862,106.461,10626408,93782,0,192,65,52,81970,670800,25276166,16269648,504,62175896,46364320,64771552,0,3874768,0,1,1,0,11812283,333639287,336297211,40,44,126,1552053,3107900,968692,55912411,49382,387521973,384362345,0
1789394905.9641736,106.711,10626783,93807,0,192,65,52,81970,670800,25276206,16269648,504,62175896,46364320,64771552,0,3866564,0,1,1,0,11812283,333889571,336547495,40,44,126,1552053,3107900,966641,55912412,49382,387521973,384362345,0
1789394906.214501,106.961,10627159,93832,0,192,65,52,81970,670800,25276260,16269648,504,62175896,46364320,64771552,0,3849856,0,1,1,0,11812283,334138955,336796880,40,44,126,1552053,3107900,962464,55912413,49382,387521973,384362345,0
1789394906.4649131,107.212,10627534,93857,0,192,65,52,81970,670800,25276304,16269648,504,62175896,46364320,64771552,0,3841960,0,1,1,0,11812283,334389257,337047181,40,44,126,1552053,3107900,960490,55912413,49382,387521973,384362345,0
1789394906.7152383,107.462,10627909,93882,0,192,65,52,81970,670800,25276351,16269648,504,62175896,46364320,64771552,0,3825508,0,1,1,0,11812283,334638549,337296474,40,44,126,1552053,3107900,956377,55912414,49382,387521973,384362345,0
1789394906.965568,107.712,10628284,93907,0,192,65,52,81970,670800,25276386,16269648,504,62175896,46364320,64771552,0,3817296,0,1,1,0,11812283,334888876,337546800,40,44,126,1552053,3107900,954324,55912415,49382,387521973,384362345,0
1789394907.2159078,107.963,10628660,93932,0,192,65,52,81970,670800,25276434,16269648,504,62175896,46364320,64771552,0,3808992,0,1,1,0,11812290,335139153,337797088,40,44,126,1552053,3107900,952248,55912416,49382,387521973,384362345,0
1789394907.4662225,108.213,10629035,93957,0,192,65,52,81970,670800,25276491,16269648,504,62175896,46364320,64771552,0,3792464,0,1,1,0,11812302,335388409,338046367,40,44,126,1552053,3107900,948116,55912417,49382,387521973,384362345,0
1789394907.7165258,108.463,10629410,93982,0,192,65,52,81970,670800,25276536,16269648,504,62175896,46364320,64771552,0,3784372,0,1,1,0,11812337,335638302,338296681,40,44,126,1552053,3107900,946093,55912418,49382,387521973,384362345,0
1789394907.9668584,108.714,10629786,94007,0,192,65,52,81970,670800,25276589,16269648,504,62175884,46364308,64771552,0,3768252,0,1,1,0,11812366,335887811,338546962,40,44,126,1552052,3107900,942063,55912418,49382,387521973,384362433,0
1789394908.217192,108.964,10630161,94032,0,192,65,52,81970,670800,25276639,16269648,504,62175884,46364308,64771552,0,3759812,0,1,1,0,11812381,336137770,338797293,40,44,126,1552052,3107900,939953,55912420,49382,387521973,384362433,0
1789394908.4675329,109.214,10630536,94057,0,192,65,52,81970,670801,25276717,16269648,504,62175884,46364308,64771552,0,3743644,0,1,1,0,11812430,336387195,339047620,40,44,126,1552052,3107900,935911,55912420,49382,387521973,384362433,0
1789394908.71789,109.465,10630911,94082,0,192,65,52,81970,670801,25276758,16261712,504,62178248,46374600,64771552,0,3735228,0,1,1,0,11812450,336524816,339185344,40,44,126,1552111,3108018,933807,55912422,49382,387521973,384362433,0
1789394908.9682167,109.715,10631287,94107,0,192,65,52,81970,670801,25276813,16245200,504,62183088,46395460,64771552,0,3718772,0,1,1,0,11812464,336773816,339434344,40,44,126,1552232,3108260,929693,55912423,49382,387521973,384362433,0
1789394909.2185311,109.965,10631662,94132,0,192,65,52,81971,670801,25276852,16245200,504,62183088,46395460,64771552,0,3710528,0,1,2,0,11812464,337024147,339684675,40,44,126,1552232,3108260,927632,55912423,49382,387521973,384362433,0
1789394909.4688935,110.216,10632037,94157,0,192,65,52,81971,670801,25276895,16245200,504,62183088,46395460,64771552,0,3702568,0,1,1,0,11812464,337274452,339934980,40,44,126,1552232,3108260,925642,55912425,49382,387521973,384362433,0
1789394909.7192178,110.466,10632412,94182,0,192,65,52,81971,670801,25276941,16245200,504,62183088,46395460,64771552,0,3686196,0,1,1,0,11812464,337524742,340185270,40,44,126,1552232,3108260,921549,55912425,49382,387521973,384362433,0
1789394909.9695354,110.716,10632788,94207,0,192,65,52,81971,670801,25276992,16245200,504,62183088,46395460,64771552,0,3669836,0,1,1,0,11812464,337774078,340434606,40,44,126,1552232,3108260,917459,55912426,49382,387521973,384362433,0
1789394910.2198944,110.967,10633163,94232,0,192,65,52,81971,670801,25277041,16245200,504,62183088,46395460,64771552,0,3661588,0,1,1,0,11812464,338023386,340683914,40,44,126,1552232,3108260,915397,55912426,49382,387521973,384362433,0
1789394910.4702158,111.217,10633538,94257,0,192,65,52,81971,670801,25277090,16245200,504,62183088,46395460,64771552,0,3645248,0,1,1,0,11812465,338272678,340933206,40,44,126,1552232,3108260,911312,55912428,49382,387521973,384362433,0
1789394910.7205389,111.467,10633913,94282,0,192,65,52,81971,670801,25277125,16245200,504,62183088,46395460,64771552,0,3637028,0,1,1,0,11812465,338522997,341183526,40,44,126,1552232,3108260,909257,55912429,49382,387521973,384362433,0
1789394910.9708767,111.718,10634288,94307,0,192,65,52,81971,670801,25277177,16245200,504,62183088,46395460,64771552,0,3620476,0,1,1,0,11812465,338772289,341432818,40,44,126,1552232,3108260,905119,55912430,49382,387521973,384362433,0
1789394911.2211971,111.968,10634664,94332,0,192,65,52,81971,670801,25277212,16245200,504,62183088,46395460,64771552,0,3612484,0,1,1,0,11812465,339022581,341683109,40,44,126,1552232,3108260,903121,55912430,49382,387521973,384362433,0
1789394911.471509,112.218,10635039,94358,0,192,65,52,81971,670801,25277258,16245200,504,62183088,46395460,64771552,0,3595968,0,1,1,0,11812465,339272859,341933388,40,44,126,1552232,3108260,898992,55912431,49382,387521973,384362433,0
1789394911.7218435,112.469,10635414,94383,0,192,65,52,81971,670801,25277295,16245200,504,62183088,46395460,64771552,0,3587920,0,1,1,0,11812465,339523158,342183687,40,44,126,1552232,3108260,896980,55912432,49382,387521973,384362433,0
1789394911.9721766,112.719,10635789,94408,0,192,65,52,81971,670801,25277346,16245200,504,62183088,46395460,64771552,0,3571312,0,1,1,0,11812465,339772480,342433008,40,44,126,1552232,3108260,892828,55912434,49382,387521973,384362433,0
1789394912.22251,112.969,10636165,94433,0,192,65,52,81971,670801,25277408,16245072,504,62182996,46395532,64771552,0,3563432,0,1,1,0,11812471,340022792,342683330,40,44,126,1552232,3108260,890858,55912434,49382,387521973,384362433,0
1789394912.4728503,113.22,10636540,94458,0,192,65,52,81971,670801,25277491,16245072,504,62182996,46395532,64771552,0,3554916,0,1,1,0,11812477,340273071,342933618,40,44,126,1552232,3108260,888729,55912435,49382,387521973,384362433,0
1789394912.723162,113.47,10636915,94483,0,192,65,52,81971,670801,25277535,16245072,100,62182996,46395532,64771552,0,3538680,0,1,1,0,11812477,340523355,343183902,40,44,25,1552232,3108260,884670,55912435,49382,387521973,384362853,0
1789394912.9734783,113.72,10637290,94508,0,192,65,52,81971,670801,25277582,16245072,100,62182996,46395532,64771552,0,3530352,0,1,1,0,11812477,340772665,343433211,40,44,25,1552232,3108260,882588,55912436,49382,387521973,384362853,0
1789394913.2238183,113.971,10637666,94533,0,192,65,52,81971,670801,25277627,16245072,100,62182996,46395532,64771552,0,3513904,0,1,1,0,11812478,341021959,343682506,40,44,25,1552232,3108260,878476,55912437,49382,387521973,384362853,0
1789394913.4741466,114.221,10638041,94558,0,192,65,52,81971,670801,25277677,16245064,100,62182996,46395532,64771552,0,3506032,0,1,1,0,11812478,341272262,343932808,40,44,25,1552232,3108260,876508,55912438,49382,387521973,384362925,0
1789394913.724461,114.471,10638416,94583,0,192,65,52,81971,670801,25277714,16245064,100,62182996,46395532,64771552,0,3489548,0,1,1,0,11812478,341522564,344183111,40,44,25,1552232,3108260,872387,55912440,49382,387521973,384362925,0
1789394913.9748204,114.722,10638791,94608,0,192,65,52,81971,670801,25277755,16245064,100,62182996,46395532,64771552,0,3481248,0,1,1,0,11812478,341772868,344433415,40,44,25,1552232,3108260,870312,55912440,49382,387521973,384362925,0
1789394914.2251399,114.972,10639167,94633,0,192,65,52,81972,670801,25277796,16245064,100,62182996,46395532,64771552,0,3464996,0,1,1,0,11812478,342023160,344683707,40,44,25,1552232,3108260,866249,55912441,49382,387521973,384362925,0
1789394914.4754522,115.222,10639542,94658,0,192,65,52,81972,670801,25277839,16245064,100,62182996,46395532,64771552,0,3456560,0,1,1,0,11812478,342273450,344933997,40,44,25,1552232,3108260,864140,55912441,49382,387521973,384362925,0
1789394914.7257946,115.473,10639917,94683,0,192,65,52,81972,670801,25277894,16236872,100,62183032,46404116,64771552,0,3440564,0,1,1,0,11812887,342522123,345182675,40,44,25,1552234,3108263,860141,55912443,49382,387521973,384362925,0
1789394914.9761188,115.723,10640292,94708,0,192,65,52,81972,670801,25277954,16228680,100,62183112,46412592,64771552,0,3432380,0,1,1,0,11812894,342770875,345431427,40,44,25,1552236,3108269,858095,55912443,49382,387521973,384362925,0
1789394915.2264493,115.973,10640667,94733,0,192,65,52,81972,670801,25278002,16220488,100,62182820,46418968,64771552,0,3415896,0,1,1,0,11812900,343020614,345681166,40,44,25,1552230,3108255,853974,55912444,49382,387521973,384362925,0
1789394915.4767916,116.224,10641043,94758,0,192,65,52,81972,670801,25278043,16220488,100,62182820,46418968,64771552,0,3407568,0,1,1,0,11812900,343270915,345931467,40,44,25,1552230,3108255,851892,55912444,49382,387521973,384362925,0
1789394915.7271206,116.474,10641418,94783,0,192,65,52,81972,670801,25278082,16220488,100,62182820,46418968,64771552,0,3391280,0,1,1,0,11812900,343521212,346181764,40,44,25,1552230,3108255,847820,55912446,49382,387521973,384362925,0
1789394915.9774396,116.724,10641793,94808,0,192,65,52,81972,670802,25278143,16220488,104,62182568,46418716,64771552,0,3382924,0,1,1,0,11812923,343771150,346432084,40,44,26,1552223,3108243,845731,55912456,49382,387521973,384362925,0
1789394916.2278104,116.975,10642168,94834,0,192,65,52,81972,670802,25278206,16220496,96,62182816,46418964,64771552,0,3366448,0,1,1,0,11812923,344020500,346681434,40,44,24,1552230,3108255,841612,55912458,49382,387521973,384362925,0
1789394916.4781475,117.225,10642544,94859,0,192,65,52,81972,670802,25278292,16220496,96,62182816,46418964,64771552,0,3358256,0,1,1,0,11812934,344270779,346931735,40,44,24,1552230,3108255,839564,55912458,49382,387521973,384362925,0
1789394916.7284677,117.475,10642919,94884,0,192,65,52,81972,670802,25278341,16220496,96,62182816,46418964,64771552,0,3341872,0,1,1,0,11812934,344520078,347181034,40,44,24,1552230,3108255,835468,55912459,49382,387521973,384362925,0
1789394916.9788244,117.726,10643294,94909,0,192,65,52,81972,670802,25278383,16220496,96,62182816,46418964,64771552,0,3333680,0,1,1,0,11812934,344770402,347431358,40,44,24,1552230,3108255,833420,55912460,49382,387521973,384362925,0
1789394917.2291555,117.976,10643669,94934,0,192,65,52,81972,670802,25278431,16220496,96,62182816,46418964,64771552,0,3317588,0,1,1,0,11812934,345020698,347681654,40,44,24,1552230,3108255,829397,55912462,49382,387521973,384362925,0
1789394917.4794712,118.226,10644045,94959,0,192,65,52,81972,670802,25278486,16220496,96,62183104,46419252,64771552,0,3309104,0,1,1,0,11812934,345270975,347931931,40,44,24,1552237,3108269,827276,55912462,49382,387521973,384362925,0
1789394917.7298005,118.477,10644419,94984,0,192,65,52,81972,670802,25278579,16220496,96,62183448,46419596,64771552,0,3292720,0,1,1,0,11812935,345518334,348179290,40,44,24,1552245,3108287,823180,55912464,49382,387521973,384362925,0
1789394917.980144,118.727,10644795,95009,0,192,65,52,81972,670802,25278622,16220496,96,62183448,46419596,64771552,0,3284784,0,1,1,0,11812935,345768644,348429600,40,44,24,1552245,3108287,821196,55912465,49382,387521973,384362925,0
1789394918.2304835,118.977,10645170,95034,0,192,65,52,81972,670802,25278675,16220496,96,62183448,46419596,64771552,0,3268268,0,1,1,0,11812935,346018969,348679924,40,44,24,1552245,3108287,817067,55912466,49382,387521973,384362925,0
1789394918.480831,119.228,10645545,95059,0,192,65,52,81972,670802,25278718,16220496,96,62183448,46419596,64771552,0,3259988,0,1,1,0,11812935,346269250,348930206,40,44,24,1552245,3108287,814997,55912467,49382,387521973,384362925,0
1789394918.7311394,119.478,10645920,95084,0,192,65,52,81973,670802,25278768,16220496,100,62183196,46419344,64771552,0,3243872,0,1,1,0,11812935,346517553,349178509,40,44,25,1552239,3108274,810968,55912467,49382,387521973,384363001,0
1789394918.9814599,119.728,10646296,95109,0,192,65,52,81973,670802,25278807,16220496,100,62183196,46419344,64771552,0,3235572,0,1,1,0,11812935,346767850,349428806,40,44,25,1552239,3108274,808893,55912468,49382,387521973,384363001,0
1789394919.231808,119.979,10646671,95134,0,192,65,52,81973,670802,25278851,16220496,100,62183196,46419344,64771552,0,3219372,0,1,1,0,11812935,347018193,349679149,40,44,25,1552239,3108274,804843,55912468,49382,387521973,384363001,0
1789394919.4821737,120.229,10647046,95160,0,192,65,52,81973,670802,25278901,16220496,100,62183196,46419344,64771552,0,3210804,0,1,1,0,11812935,347267503,349928459,40,44,25,1552239,3108274,802701,55912471,49382,387521973,384363001,0
1789394919.7324798,120.479,10647421,95185,0,192,65,52,81973,670802,25278945,16220496,100,62183196,46419344,64771552,0,3194632,0,1,1,0,11812935,347517784,350178740,40,44,25,1552239,3108274,798658,55912471,49382,387521973,384363001,0
1789394919.982824,120.73,10647797,95210,0,192,65,52,81973,670802,25278984,16220496,100,62183196,46419344,64771552,0,3186376,0,1,1,0,11812935,347768099,350429055,40,44,25,1552239,3108274,796594,55912472,49382,387521973,384363001,0
1789394920.2331548,120.98,10648172,95235,0,192,65,52,81973,670802,25279044,16220496,104,62183872,46420020,64771552,0,3169840,0,1,1,0,11812935,348018402,350679358,40,44,26,1552256,3108308,792460,55912472,49382,387521973,384363001,0
1789394920.483482,121.23,10648547,95260,0,192,65,52,81973,670802,25279125,16220496,104,62183880,46420028,64771552,0,3161648,0,1,1,0,11812942,348267695,350928664,40,44,26,1552256,3108308,790412,55912473,49382,387521973,384363001,0
1789394920.7338436,121.481,10648922,95285,0,192,65,52,81973,670802,25279178,16212304,104,62180664,46425980,64771552,0,3145264,0,1,1,0,11812948,348517372,351178341,40,44,26,1552176,3108147,786316,55912473,49382,387521973,384363001,0
1789394920.9841707,121.731,10649297,95310,0,192,65,52,81973,670802,25279239,16204112,104,62184288,46437648,64771552,0,3137072,0,1,1,0,11812963,348765931,351426972,40,44,26,1552266,3108329,784268,55912476,49382,387521973,384363001,0
1789394921.2345014,121.981,10649673,95335,0,192,65,52,81973,670802,25279286,16195920,104,62184592,46446400,64771552,0,3120688,0,1,2,0,11812969,349015695,351676735,40,44,26,1552274,3108344,780172,55912476,49382,387521973,384363001,0
1789394921.4848428,122.232,10650048,95360,0,192,65,52,81973,670802,25279324,16195920,104,62184592,46446400,64771552,0,3112496,0,1,1,0,11812969,349265981,351927022,40,44,26,1552274,3108344,778124,55912477,49382,387521973,384363001,0
1789394921.7351649,122.482,10650423,95385,0,192,65,52,81974,670802,25279363,16195920,104,62184592,46446400,64771552,0,3096112,0,1,1,0,11812969,349516270,352177311,40,44,26,1552274,3108344,774028,55912477,49382,387521973,384363001,0
1789394921.9854789,122.732,10650798,95410,0,192,65,52,81974,670803,25279419,16195920,104,62184592,46446400,64771552,0,3087920,0,1,1,0,11812970,349764586,352425627,40,44,26,1552274,3108344,771980,55912477,49382,387521973,384363001,0
1789394922.2358367,122.983,10651174,95435,0,192,65,52,81974,670803,25279467,16195920,104,62184592,46446400,64771552,0,3071536,0,1,1,0,11812970,350014896,352675937,40,44,26,1552274,3108344,767884,55912479,49382,387521973,384363001,0
1789394922.4861574,123.233,10651549,95460,0,192,65,52,81974,670803,25279512,16195920,104,62184592,46446400,64771552,0,3063344,0,1,1,0,11812970,350265202,352926243,40,44,26,1552274,3108344,765836,55912480,49382,387521973,384363001,0
1789394922.736493,123.483,10651924,95485,0,192,65,52,81974,670803,25279569,16195920,104,62184440,46446616,64771552,0,3046960,0,1,1,0,11812975,350514494,353175544,40,44,26,1552274,3108345,761740,55912481,49382,387521973,384363001,0
1789394922.9868453,123.734,10652299,95510,0,192,65,52,81974,670803,25279610,16195920,104,62184440,46446616,64771552,0,3038768,0,1,1,0,11812975,350764796,353425846,40,44,26,1552274,3108345,759692,55912481,49382,387521973,384363001,0
1789394923.237175,123.984,10652674,95535,0,192,65,52,81974,670803,25279660,16195920,104,62184440,46446616,64771552,0,3022488,0,1,1,0,11812975,351014092,353675142,40,44,26,1552274,3108345,755622,55912482,49382,387521973,384363001,0
1789394923.487495,124.234,10653050,95561,0,192,65,52,81974,670803,25279700,16195920,104,62184440,46446616,64771552,0,3014320,0,1,1,0,11812975,351264396,353925446,40,44,26,1552274,3108345,753580,55912483,49382,387521973,384363001,0
1789394923.7378328,124.485,10653425,95586,0,192,65,52,81974,670803,25279741,16195920,104,62184440,46446616,64771552,0,2997920,0,1,1,0,11812975,351514678,354175728,40,44,26,1552274,3108345,749480,55912484,49382,387521973,384363001,0
1789394923.9881606,124.735,10653800,95611,0,192,65,52,81974,670803,25279798,16195920,104,62184440,46446616,64771552,0,2989752,0,1,1,0,11812976,351763005,354424055,40,44,26,1552274,3108345,747438,55912485,49382,387521973,384363073,0
1789394924.2384903,124.985,10654175,95636,0,192,65,52,81974,670803,25279847,16195920,104,62184440,46446616,64771552,0,2973460,0,1,1,0,11812976,352013312,354674362,40,44,26,1552274,3108345,743365,55912486,49382,387521973,384363073,0
1789394924.4888437,125.236,10654551,95661,0,192,65,52,81974,670803,25279929,16195920,104,62184440,46446616,64771552,0,2965040,0,1,1,0,11812985,352263581,354924647,40,44,26,1552274,3108345,741260,55912486,49382,387521973,384363073,0
1789394924.7391691,125.486,10654926,95686,0,192,65,52,81974,670803,25279974,16195920,104,62184440,46446616,64771552,0,2948656,0,1,1,0,11812986,352512896,355173961,40,44,26,1552274,3108345,737164,55912488,49382,387521973,384363073,0
1789394924.9894955,125.736,10655301,95711,0,192,65,52,81974,670803,25280016,16195920,104,62184440,46446616,64771552,0,2940464,0,1,1,0,11812986,352763193,355424259,40,44,26,1552274,3108345,735116,55912488,49382,387521973,384363073,0
1789394925.239833,125.987,10655676,95736,0,192,65,52,81974,670803,25280057,16195920,104,62184440,46446616,64771552,0,2932272,0,1,1,0,11812986,353012490,355673556,40,44,26,1552274,3108345,733068,55912489,49382,387521973,384363073,0
1789394925.490154,126.237,10656052,95761,0,192,65,52,81975,670803,25280098,16195920,104,62184440,46446616,64771552,0,2915888,0,1,1,0,11812986,353262789,355923855,40,44,26,1552274,3108345,728972,55912490,49382,387521973,384363073,0
1789394925.740477,126.487,10656427,95786,0,192,65,52,81975,670803,25280142,16195920,104,62184440,46446616,64771552,0,2907696,0,1,1,0,11812986,353512098,356173163,40,44,26,1552274,3108345,726924,55912491,49382,387521973,384363073,0
1789394925.990833,126.738,10656802,95811,0,192,65,52,81975,670803,25280189,16195920,104,62184440,46446616,64771552,0,2891312,0,1,1,0,11812986,353762395,356423461,40,44,26,1552274,3108345,722828,55912491,49382,387521973,384363073,0
1789394926.2411692,126.988,10657177,95837,0,192,65,52,81975,670803,25280246,16195920,104,62184440,46446616,64771552,0,2875076,0,1,1,0,11812986,354011732,356672797,40,44,26,1552274,3108345,718769,55912492,49382,387521973,384363073,0
1789394926.4915142,127.238,10657553,95862,0,192,65,52,81975,670803,25280285,16195920,104,62184440,46446616,64771552,0,2866992,0,1,1,0,11812986,354262056,356923121,40,44,26,1552274,3108345,716748,55912493,49382,387521973,384363073,0
1789394926.7418597,127.489,10657928,95887,0,192,65,52,81975,670803,25280340,16187824,104,62184540,46454708,64771552,0,2850472,0,1,1,0,11812995,354510670,357171736,40,44,26,1552277,3108350,712618,55912493,49382,387521973,384363073,0
1789394926.9921834,127.739,10658303,95912,0,192,65,52,81975,670803,25280403,16179536,104,62183916,46461656,64771552,0,2842404,0,1,1,0,11813000,354758400,357419466,40,44,26,1552261,3108318,710601,55912495,49382,387521973,384363085,0
1789394927.242503,127.989,10658678,95937,0,192,65,52,81975,670803,25280452,16171344,104,62184360,46470912,64771552,0,2825876,0,1,1,0,11813005,355007053,357668118,40,44,26,1552272,3108341,706469,55912495,49382,387521973,384363085,0
1789394927.4928715,128.24,10659053,95962,0,192,65,52,81975,670803,25280489,16171344,104,62184360,46470912,64771552,0,2817648,0,1,1,0,11813005,355257366,357918432,40,44,26,1552272,3108341,704412,55912497,49382,387521973,384363085,0
1789394927.7431936,128.49,10659428,95987,0,192,65,52,81975,670803,25280560,16171344,72,62183552,46470432,64771552,0,2809392,0,1,1,0,11813010,355507645,358168719,40,44,18,1552257,3108310,702348,55912498,49382,387521973,384363121,0
1789394927.9935224,128.74,10659804,96012,0,192,65,52,81975,670803,25280608,16171344,72,62183552,46470432,64771552,0,2797000,0,1,1,0,11813010,355757957,358419031,40,44,18,1552257,3108310,699250,55912499,49382,387521973,384363121,0
1789394928.2438571,128.991,10660179,96037,0,192,65,52,81975,670803,25280676,16171344,72,62183800,46470680,64771552,0,2776420,0,1,1,0,11813011,356006265,358667340,40,44,18,1552264,3108323,694105,55912499,49382,387521973,384363121,0
1789394928.494175,129.241,10660554,96062,0,192,65,52,81975,670803,25280749,16171344,72,62183800,46470680,64771552,0,2772220,0,1,1,0,11813017,356256544,358917632,40,44,18,1552264,3108323,693055,55912501,49382,387521973,384363121,0
1789394928.7445166,129.491,10660929,96087,0,192,65,52,81975,670803,25280794,16171344,72,62186628,46473508,64771552,0,2759828,0,1,1,0,11813017,356505883,359166971,40,44,18,1552334,3108464,689957,55912502,49382,387521973,384363121,0
1789394928.9948587,129.742,10661305,96112,0,192,65,52,81975,670803,25280843,16171344,72,62186628,46473508,64771552,0,2747432,0,1,1,0,11813017,356756178,359417265,40,44,18,1552334,3108464,686858,55912503,49382,387521973,384363121,0
1789394929.2451768,129.992,10661680,96137,0,192,65,52,81976,670803,25280909,16171344,72,62186628,46473508,64771552,0,2726880,0,1,1,0,11813017,357005475,359666562,40,44,18,1552334,3108464,681720,55912503,49382,387521973,384363197,0
1789394929.4954906,130.242,10662055,96162,0,192,65,52,81976,670803,25280953,16171344,72,62186628,46473508,64771552,0,2722728,0,1,1,0,11813017,357255762,359916850,40,44,18,1552334,3108464,680682,55912504,49382,387521973,384363197,0
1789394929.7458353,130.493,10662430,96188,0,192,65,52,81976,670803,25281004,16171344,72,62186628,46473508,64771552,0,2702148,0,1,1,0,11813018,357505079,360166167,40,44,18,1552334,3108464,675537,55912505,49382,387521973,384363197,0
1789394929.9961689,130.743,10662805,96213,0,192,65,52,81976,670803,25281069,16171344,72,62186628,46473508,64771552,0,2689716,0,1,1,0,11813035,357754308,360415500,40,44,18,1552334,3108464,672429,55912507,49382,387521973,384363197,0
1789394930.2465227,130.993,10663181,96238,0,192,65,52,81976,670803,25281115,16171344,72,62186628,46473508,64771552,0,2685624,0,1,1,0,11813035,358004636,360665828,40,44,18,1552334,3108464,671406,55912509,49382,387521973,384363197,0
1789394930.4968698,131.244,10663556,96262,0,192,65,52,81977,670803,25281179,16048600,72,62187088,46598312,64771552,0,2673372,0,1,1,0,11813044,358243422,360904614,40,44,18,1552376,3108548,668343,55912510,49382,387521973,384363197,0
1789394930.7472074,131.494,10663931,96287,0,192,65,52,81977,670803,25281218,16048600,72,62187088,46598312,64771552,0,2660764,0,1,1,0,11813044,358493716,361154908,40,44,18,1552376,3108548,665191,55912511,49382,387521973,384363197,0
1789394930.9975398,131.744,10664306,96312,0,192,65,52,81977,670803,25281266,16048600,72,62187088,46598312,64771552,0,2644480,0,1,1,0,11813044,358744051,361405243,40,44,18,1552376,3108548,661120,55912511,49382,387521973,384363197,0
1789394931.2478862,131.995,10664682,96337,0,192,65,52,81977,670803,25281303,16048600,72,62187088,46598312,64771552,0,2636096,0,1,1,0,11813054,358994262,361655528,40,44,18,1552376,3108548,659024,55912512,49382,387521973,384363197,0
1789394931.4982083,132.245,10665057,96362,0,192,65,52,81977,670803,25281348,16048600,72,62187088,46598312,64771552,0,2619768,0,1,1,0,11813054,359244568,361905835,40,44,18,1552376,3108548,654942,55912513,49382,387521973,384363197,0
1789394931.748533,132.495,10665432,96387,0,192,65,52,81977,670804,25281394,16048600,72,62187088,46598312,64771552,0,2611560,0,1,1,0,11813054,359494874,362156140,40,44,18,1552376,3108548,652890,55912514,49382,387521973,384363197,0
1789394931.9988794,132.746,10665807,96412,0,192,65,52,81977,670804,25281449,16048600,72,62187088,46598312,64771552,0,2595196,0,1,1,0,11813054,359744174,362405440,40,44,18,1552376,3108548,648799,55912514,49382,387521973,384363197,0
1789394932.2491975,132.996,10666183,96437,0,192,65,52,81977,670804,25281508,16048236,72,62186636,46598548,64771552,0,2586916,0,1,1,0,11813059,359994458,362655732,40,44,18,1552373,3108541,646729,55912515,49382,387521973,384363197,0
1789394932.4995186,133.246,10666558,96462,0,192,65,52,81977,670804,25281587,16048236,72,62186636,46598548,64771552,0,2570532,0,1,1,0,11813066,360243763,362905051,40,44,18,1552373,3108541,642633,55912516,49382,387521973,384363197,0
1789394932.7498486,133.497,10666933,96487,0,192,65,52,81977,670804,25281638,16048236,72,62186636,46598548,64771552,0,2562324,0,1,1,0,11813066,360494045,363155333,40,44,18,1552373,3108541,640581,55912517,49382,387521973,384363197,0
1789394933.0001514,133.747,10667308,96513,0,192,65,52,81977,670804,25281699,16048236,72,62186636,46598548,64771552,0,2545940,0,1,1,0,11813066,360744331,363405619,40,44,18,1552373,3108541,636485,55912518,49382,387521973,384363197,0
1789394933.2504764,133.997,10667683,96538,0,192,65,52,81977,670804,25281742,16048236,72,62186636,46598548,64771552,0,2537916,0,1,1,0,11813066,360994633,363655921,40,44,18,1552373,3108541,634479,55912519,49382,387521973,384363197,0
1789394933.500817,134.248,10668059,96563,0,192,65,52,81978,670804,25281788,16048236,72,62186636,46598548,64771552,0,2521572,0,1,1,0,11813066,361244905,363906193,40,44,18,1552373,3108541,630393,55912519,49382,387521973,384363197,0
1789394933.7511303,134.498,10668434,96588,0,192,65,52,81978,670804,25281829,16048236,72,62186636,46598548,64771552,0,2513304,0,1,1,0,11813066,361495204,364156492,40,44,18,1552373,3108541,628326,55912521,49382,387521973,384363197,0
1789394934.001436,134.748,10668809,96613,0,192,65,52,81978,670804,25281877,16048236,72,62186636,46598548,64771552,0,2497048,0,1,1,0,11813066,361745486,364406774,40,44,18,1552373,3108541,624262,55912521,49382,387521973,384363197,0
1789394934.25177,134.999,10669184,96638,0,192,65,52,81978,670804,25281922,16048236,72,62186636,46598548,64771552,0,2488620,0,1,1,0,11813066,361995799,364657087,40,44,18,1552373,3108541,622155,55912522,49382,387521973,384363197,0
1789394934.502081,135.249,10669559,96663,0,192,65,52,81978,670804,25281992,16032044,72,62186696,46614816,64771552,0,2472256,0,1,1,0,11813103,362243795,364905088,40,44,18,1552375,3108546,618064,55912523,49382,387521973,384363365,0
1789394934.752398,135.499,10669935,96688,0,192,65,52,81978,670804,25282037,16023648,72,62186696,46623188,64771552,0,2464024,0,1,1,0,11813111,362493467,365154760,40,44,18,1552375,3108546,616006,55912523,49382,387521973,384363365,0
1789394935.002746,135.75,10670310,96713,0,192,65,52,81978,670804,25282087,16023648,72,62186696,46623188,64771552,0,2447608,0,1,1,0,11813111,362743796,365405089,40,44,18,1552375,3108546,611902,55912525,49382,387521973,384363365,0
1789394935.2530744,136.0,10670685,96738,0,192,65,52,81978,670804,25282128,16023648,72,62186696,46623188,64771552,0,2439704,0,1,1,0,11813111,362993098,365654391,40,44,18,1552375,3108546,609926,55912525,49382,387521973,384363365,0
1789394935.5033882,136.25,10671060,96763,0,192,65,52,81978,670804,25282172,16023648,72,62186696,46623188,64771552,0,2431300,0,1,1,0,11813111,363243376,365904669,40,44,18,1552375,3108546,607825,55912526,49382,387521973,384363365,0
1789394935.7536867,136.5,10671436,96788,0,192,65,52,81978,670804,25282215,16023648,72,62186696,46623188,64771552,0,2414928,0,1,1,0,11813111,363493668,366154961,40,44,18,1552375,3108546,603732,55912526,49382,387521973,384363365,0
1789394936.0040212,136.751,10671811,96813,0,192,65,52,81978,670804,25282257,16023648,72,62186696,46623188,64771552,0,2406728,0,1,1,0,11813111,363743966,366405259,40,44,18,1552375,3108546,601682,55912528,49382,387521973,384363365,0
1789394936.2543714,137.001,10672186,96838,0,192,65,52,81978,670804,25282318,16023660,196,62186808,46623188,64771552,0,2390228,0,1,1,0,11813111,363994303,366655596,40,44,49,1552378,3108552,597557,55912529,49382,387521973,384363365,0
1789394936.504772,137.252,10672561,96863,0,192,65,52,81978,670804,25282393,16023660,196,62186808,46623188,64771552,0,2382036,0,1,1,0,11813121,364244626,366905934,40,44,49,1552378,3108552,595509,55912530,49382,387521973,384363365,0
1789394936.755105,137.502,10672937,96888,0,192,65,52,81978,670804,25282441,16023660,196,62186808,46623188,64771552,0,2365652,0,1,1,0,11813121,364493935,367155244,40,44,49,1552378,3108552,591413,55912530,49382,387521973,384363365,0
1789394937.0054476,137.752,10673312,96913,0,192,65,52,81978,670804,25282486,16023660,196,62186808,46623188,64771552,0,2357460,0,1,1,0,11813121,364744237,367405546,40,44,49,1552378,3108552,589365,55912531,49382,387521973,384363365,0
1789394937.255791,138.003,10673687,96939,0,192,65,52,81979,670804,25282537,16023660,196,62186808,46623188,64771552,0,2341076,0,1,1,0,11813121,364993557,367654865,40,44,49,1552378,3108552,585269,55912531,49382,387521973,384363365,0
1789394937.5061045,138.253,10674062,96964,0,192,65,52,81979,670804,25282574,16023660,196,62186808,46623188,64771552,0,2332884,0,1,1,0,11813121,365243865,367905173,40,44,49,1552378,3108552,583221,55912533,49382,387521973,384363365,0
1789394937.756444,138.503,10674437,96989,0,192,65,52,81979,670804,25282629,16023660,196,62186808,46623188,64771552,0,2316500,0,1,1,0,11813121,365493170,368154479,40,44,49,1552378,3108552,579125,55912534,49382,387521973,384363365,0
1789394938.0067906,138.754,10674813,97014,0,192,65,52,81979,670804,25282671,16023660,196,62186808,46623188,64771552,0,2308476,0,1,1,0,11813121,365743490,368404799,40,44,49,1552378,3108552,577119,55912535,49382,387521973,384363365,0
1789394938.2571023,139.004,10675188,97039,0,192,65,52,81979,670804,25282732,16023660,196,62187064,46623444,64771552,0,2291924,0,1,1,0,11813122,365992781,368654090,40,44,49,1552384,3108564,572981,55912535,49382,387521973,384363365,0
1789394938.5074153,139.254,10675563,97064,0,192,65,52,81979,670804,25282767,16023660,196,62187064,46623444,64771552,0,2283732,0,1,1,0,11813122,366243081,368904390,40,44,49,1552384,3108564,570933,55912536,49382,387521973,384363365,0
1789394938.7577631,139.505,10675938,97089,0,192,65,52,81979,670804,25282808,16023660,196,62187064,46623444,64771552,0,2267348,0,1,1,0,11813122,366493389,369154698,40,44,49,1552384,3108564,566837,55912536,49382,387521973,384363365,0
1789394939.0080912,139.755,10676314,97114,0,192,65,52,81979,670804,25282853,16023660,196,62187064,46623444,64771552,0,2250964,0,1,1,0,11813122,366742714,369404022,40,44,49,1552384,3108564,562741,55912537,49382,387521973,384363365,0
1789394939.2584178,140.005,10676689,97139,0,192,65,52,81979,670804,25282903,16023660,196,62187064,46623444,64771552,0,2242792,0,1,1,0,11813122,366992015,369653324,40,44,49,1552384,3108564,560698,55912539,49382,387521973,384363365,0
1789394939.5087647,140.256,10677064,97164,0,192,65,52,81979,670804,25282940,16023660,196,62187064,46623444,64771552,0,2234804,0,1,1,0,11813122,367242330,369903639,40,44,49,1552384,3108564,558701,55912539,49382,387521973,384363365,0
1789394939.7590716,140.506,10677439,97189,0,192,65,52,81979,670804,25283000,16023660,224,62187064,46623444,64771552,0,2218248,0,1,1,0,11813122,367492615,370153924,40,44,56,1552384,3108564,554562,55912540,49382,387521973,384363441,0
1789394940.0093982,140.756,10677815,97214,0,192,65,52,81979,670804,25283049,16023660,224,62187064,46623444,64771552,0,2210016,0,1,1,0,11813122,367742911,370404220,40,44,56,1552384,3108564,552504,55912540,49382,387521973,384363441,0
1789394940.2597473,141.007,10678190,97239,0,192,65,52,81979,670804,25283107,16023660,224,62187064,46623444,64771552,0,2193620,0,1,1,0,11813122,367993240,370654549,40,44,56,1552384,3108564,548405,55912542,49382,387521973,384363441,0
1789394940.5100706,141.257,10678565,97264,0,192,65,52,81980,670804,25283180,16023660,224,62187064,46623444,64771552,0,2185428,0,1,1,0,11813135,368243524,370904848,40,44,56,1552384,3108564,546357,55912542,49382,387521973,384363441,0
1789394940.7603934,141.507,10678940,97289,0,192,65,52,81980,670804,25283221,16023660,224,62187064,46623444,64771552,0,2169044,0,1,1,0,11813135,368493808,371155132,40,44,56,1552384,3108564,542261,55912544,49382,387521973,384363441,0
1789394941.0107052,141.757,10679315,97314,0,192,65,52,81980,670804,25283284,16007276,224,62187208,46639520,64771552,0,2152872,0,1,1,0,11813148,368741836,371403160,40,44,56,1552388,3108572,538218,55912544,49382,387521973,384363441,0
1789394941.261019,142.008,10679690,97340,0,192,65,52,81980,670804,25283342,15999084,224,62186992,46647464,64771552,0,2144772,0,1,1,0,11813154,368990544,371651868,40,44,56,1552382,3108561,536193,55912545,49382,387521973,384363441,0
1789394941.5113332,142.258,10680065,97365,0,192,65,52,81980,670804,25283415,15999076,224,62187396,46647868,64771552,0,2136560,0,1,1,0,11813154,369236924,371898248,40,44,56,1552392,3108581,534140,55912548,49382,387521973,384363469,0
1789394941.7616603,142.508,10680440,97390,0,192,65,52,81980,670804,25283463,15999076,224,62187396,46647868,64771552,0,2119988,0,1,1,0,11813154,369487230,372148554,40,44,56,1552392,3108581,529997,55912549,49382,387521973,384363469,0
1789394942.0119853,142.759,10680816,97415,0,192,65,52,81980,670804,25283514,15999076,224,62187396,46647868,64771552,0,2103792,0,1,1,0,11813154,369736531,372397855,40,44,56,1552392,3108581,525948,55912549,49382,387521973,384363469,0
1789394942.2623024,143.009,10681191,97440,0,192,65,52,81980,670804,25283555,15999076,224,62187396,46647868,64771552,0,2095328,0,1,1,0,11813154,369986825,372648149,40,44,56,1552392,3108581,523832,55912551,49382,387521973,384363469,0
1789394942.512626,143.259,10681565,97465,0,192,65,52,81980,670804,25283620,15999084,236,62187940,46648456,64771552,0,2079188,0,1,1,0,11813725,370234627,372896523,40,44,59,1552406,3108608,519797,55912551,49382,387521973,384363469,0
1789394942.7630348,143.51,10681941,97490,0,192,65,52,81980,670804,25283663,15999084,236,62187940,46648456,64771552,0,2071068,0,1,1,0,11813732,370484966,373146878,40,44,59,1552406,3108608,517767,55912554,49382,387521973,384363469,0
1789394943.013401,143.76,10682316,97515,0,192,65,52,81980,670804,25283713,15999084,236,62187940,46648456,64771552,0,2062772,0,1,1,0,11813732,370734310,373396222,40,44,59,1552406,3108608,515693,55912554,49382,387521973,384363469,0
1789394943.2637932,144.011,10682691,97540,0,192,65,52,81981,670804,25283762,15999084,236,62187940,46648456,64771552,0,2046772,0,1,1,0,11813732,370983654,373645566,40,44,59,1552406,3108608,511693,55912554,49382,387521973,384363469,0
1789394943.5141087,144.261,10683066,97565,0,192,65,52,81981,670804,25283807,15999084,236,62187940,46648456,64771552,0,2038572,0,1,1,0,11813732,371233956,373895869,40,44,59,1552406,3108608,509643,55912555,49382,387521973,384363469,0
1789394943.7644465,144.511,10683442,97591,0,192,65,52,81981,670804,25283852,15999084,236,62187940,46648456,64771552,0,2021888,0,1,1,0,11813732,371484250,374146163,40,44,59,1552406,3108608,505472,55912556,49382,387521973,384363469,0
1789394944.0147898,144.762,10683817,97616,0,192,65,52,81981,670804,25283896,15999084,236,62187940,46648456,64771552,0,2013848,0,1,1,0,11813732,371734564,374396476,40,44,59,1552406,3108608,503462,55912557,49382,387521973,384363469,0
1789394944.2651167,145.012,10684192,97641,0,192,65,52,81981,670804,25283964,15999084,236,62187940,46648456,64771552,0,1997012,0,1,1,0,11813732,371984868,374646780,40,44,59,1552406,3108608,499253,55912558,49382,387521973,384363469,0
1789394944.5154326,145.262,10684567,97666,0,192,65,52,81981,670804,25284044,15999084,16,62187940,46648456,64771552,0,1988820,0,1,1,0,11813748,372235126,374897061,40,44,4,1552406,3108608,497205,55912559,49382,387521973,384363621,0
1789394944.7657616,145.513,10684943,97691,0,192,65,52,81981,670804,25284093,15999076,16,62187940,46648456,64771552,0,1972436,0,1,1,0,11813748,372485438,375147373,40,44,4,1552406,3108608,493109,55912559,49382,387521973,384363697,0
1789394945.0160944,145.763,10685318,97716,0,192,65,52,81981,670804,25284133,15999076,16,62187940,46648456,64771552,0,1964244,0,1,1,0,11813748,372735737,375397671,40,44,4,1552406,3108608,491061,55912560,49382,387521973,384363697,0
1789394945.266407,146.013,10685693,97741,0,192,65,52,81981,670804,25284180,15999076,16,62187940,46648456,64771552,0,1948248,0,1,1,0,11813748,372986037,375647972,40,44,4,1552406,3108608,487062,55912561,49382,387521973,384363697,0
1789394945.5167673,146.264,10686068,97766,0,192,65,52,81981,670804,25284230,15999076,16,62187940,46648456,64771552,0,1931552,0,1,1,0,11813749,373235355,375897289,40,44,4,1552406,3108608,482888,55912563,49382,387521973,384363697,0
1789394945.7670755,146.514,10686444,97791,0,192,65,52,81981,670804,25284269,15999076,16,62187940,46648456,64771552,0,1923320,0,1,1,0,11813749,373485638,376147573,40,44,4,1552406,3108608,480830,55912563,49382,387521973,384363697,0
1789394946.0173888,146.764,10686819,97816,0,192,65,52,81981,670804,25284309,15999076,16,62187940,46648456,64771552,0,1915460,0,1,1,0,11813749,373735927,376397861,40,44,4,1552406,3108608,478865,55912564,49382,387521973,384363697,0
1789394946.2677062,147.014,10687194,97841,0,192,65,52,81981,670804,25284361,15999076,16,62187940,46648456,64771552,0,1899024,0,1,1,0,11813749,373986233,376648168,40,44,4,1552406,3108608,474756,55912564,49382,387521973,384363697,0
1789394946.5180423,147.265,10687569,97866,0,192,65,52,81981,670804,25284410,15999076,16,62187940,46648456,64771552,0,1890656,0,1,1,0,11813749,374236552,376898487,40,44,4,1552406,3108608,472664,55912565,49382,387521973,384363697,0
1789394946.768407,147.515,10687945,97891,0,192,65,52,81981,670804,25284453,15999076,16,62187940,46648456,64771552,0,1874368,0,1,1,0,11813749,374486924,377148858,40,44,4,1552406,3108608,468592,55912567,49382,387521973,384363697,0
1789394947.018834,147.766,10688320,97916,0,192,65,52,81981,670804,25284488,15999076,16,62187940,46648456,64771552,0,1866080,0,1,1,0,11813749,374737312,377399246,40,44,4,1552406,3108608,466520,55912568,49382,387521973,384363697,0
1789394947.2692237,148.016,10688695,97941,0,192,65,52,81981,670804,25284529,15999076,16,62187940,46648456,64771552,0,1849968,0,1,1,0,11813749,374987674,377649609,40,44,4,1552406,3108608,462492,55912568,49382,387521973,384363697,0
1789394947.5196111,148.266,10689071,97966,0,192,65,52,81982,670805,25284590,15982692,16,62187392,46663608,64771552,0,1833396,0,1,1,0,11813759,375235777,377897712,40,44,4,1552392,3108581,458349,55912568,49382,387521973,384363697,0
1789394947.7700236,148.517,10689446,97991,0,192,65,52,81982,670805,25284660,15974508,84,62187704,46672896,64771552,0,1824980,0,1,1,0,11813776,375485433,378147394,40,44,21,1552400,3108597,456245,55912570,49382,387521973,384363697,0
1789394948.0204296,148.767,10689821,98016,0,192,65,52,81982,670805,25284704,15974508,84,62187704,46672896,64771552,0,1816788,0,1,1,0,11813776,375735820,378397781,40,44,21,1552400,3108597,454197,55912571,49382,387521973,384363697,0
1789394948.2708657,149.018,10690197,98041,0,192,65,52,81982,670805,25284757,15974508,84,62187704,46672896,64771552,0,1800404,0,1,1,0,11813776,375986136,378648097,40,44,21,1552400,3108597,450101,55912573,49382,387521973,384363697,0
1789394948.521182,149.268,10690572,98066,0,192,65,52,81982,670805,25284833,15974508,84,62187704,46672896,64771552,0,1792212,0,1,1,0,11813787,376236405,378898379,40,44,21,1552400,3108597,448053,55912573,49382,387521973,384363697,0
1789394948.7714942,149.518,10690947,98092,0,192,65,52,81982,670805,25284874,15974508,84,62187704,46672896,64771552,0,1775828,0,1,1,0,11813787,376486685,379148659,40,44,21,1552400,3108597,443957,55912574,49382,387521973,384363697,0
1789394949.0218284,149.769,10691322,98117,0,192,65,52,81982,670805,25284922,15974508,84,62187704,46672896,64771552,0,1767636,0,1,1,0,11813787,376736988,379398962,40,44,21,1552400,3108597,441909,55912574,49382,387521973,384363697,0
1789394949.2721655,150.019,10691697,98142,0,192,65,52,81982,670805,25284973,15974508,84,62187704,46672896,64771552,0,1751576,0,1,1,0,11813794,376986274,379648260,40,44,21,1552400,3108597,437894,55912575,49382,387521973,384363697,0
1789394949.522479,150.269,10692073,98167,0,192,65,52,81982,670805,25285053,15974508,84,62187704,46672896,64771552,0,1743060,0,1,1,0,11813806,377235763,379898551,40,44,21,1552400,3108597,435765,55912575,49382,387521973,384363697,0
1789394949.7728286,150.52,10692448,98192,0,192,65,52,81982,670805,25285097,15974508,84,62187704,46672896,64771552,0,1726676,0,1,1,0,11813806,377486057,380148846,40,44,21,1552400,3108597,431669,55912577,49382,387521973,384363697,0
1789394950.0231566,150.77,10692823,98217,0,192,65,52,81982,670805,25285136,15974508,84,62187704,46672896,64771552,0,1718484,0,1,1,0,11813806,377736351,380399140,40,44,21,1552400,3108597,429621,55912577,49382,387521973,384363697,0
1789394950.2734742,151.02,10693198,98242,0,192,65,52,81982,670805,25285200,15974508,92,62187704,46672896,64771552,0,1702092,0,1,1,0,11813806,377985704,380648493,40,44,23,1552400,3108597,425523,55912578,49382,387521973,384363769,0
1789394950.523868,151.271,10693573,98267,0,192,65,52,81982,670805,25285241,15974508,92,62187704,46672896,64771552,0,1693900,0,1,1,0,11813806,378236010,380898799,40,44,23,1552400,3108597,423475,55912579,49382,387521973,384363769,0
1789394950.7741826,151.521,10693949,98292,0,192,65,52,81982,670805,25285292,15974508,92,62187704,46672896,64771552,0,1677516,0,1,1,0,11813806,378485322,381148111,40,44,23,1552400,3108597,419379,55912580,49382,387521973,384363769,0
1789394951.0245094,151.771,10694324,98317,0,192,65,52,81983,670805,25285331,15974508,92,62187704,46672896,64771552,0,1669324,0,1,1,0,11813806,378735636,381398424,40,44,23,1552400,3108597,417331,55912580,49382,387521973,384363769,0
1789394951.274856,152.022,10694699,98342,0,192,65,52,81983,670805,25285383,15974508,92,62187704,46672896,64771552,0,1653336,0,1,1,0,11813806,378985933,381648722,40,44,23,1552400,3108597,413334,55912583,49382,387521973,384363769,0
1789394951.525176,152.272,10695074,98367,0,192,65,52,81983,670805,25285431,15974508,92,62187704,46672896,64771552,0,1644820,0,1,1,0,11813806,379235221,381898010,40,44,23,1552400,3108597,411205,55912583,49382,387521973,384363769,0
1789394951.7755177,152.522,10695450,98392,0,192,65,52,81983,670805,25285479,15974508,92,62187704,46672896,64771552,0,1628464,0,1,1,0,11813806,379485639,382148428,40,44,23,1552400,3108597,407116,55912584,49382,387521973,384363769,0
1789394952.025966,152.773,10695825,98417,0,192,65,52,81983,670805,25285518,15974508,92,62187704,46672896,64771552,0,1620428,0,1,1,0,11813806,379736022,382398811,40,44,23,1552400,3108597,405107,55912585,49382,387521973,384363769,0
1789394952.2763746,153.023,10696200,98442,0,192,65,52,81983,670805,25285578,15974508,92,62187704,46672896,64771552,0,1603788,0,1,1,0,11813806,379986401,382649190,40,44,23,1552400,3108597,400947,55912585,49382,387521973,384363769,0
1789394952.5268002,153.274,10696576,98468,0,192,65,52,81983,670805,25285651,15974508,92,62187704,46672896,64771552,0,1595596,0,1,1,0,11813812,380236760,382899557,40,44,23,1552400,3108597,398899,55912586,49382,387521973,384363769,0
1789394952.777189,153.524,10696951,98493,0,192,65,52,81983,670805,25285707,15974508,92,62187704,46672896,64771552,0,1579212,0,1,1,0,11813813,380486146,383148943,40,44,23,1552400,3108597,394803,55912587,49382,387521973,384363769,0
1789394953.027607,153.774,10697326,98518,0,192,65,52,81983,670805,25285744,15974508,92,62187704,46672896,64771552,0,1571020,0,1,1,0,11813813,380736530,383399327,40,44,23,1552400,3108597,392755,55912589,49382,387521973,384363769,0
1789394953.2780097,154.025,10697702,98543,0,192,65,52,81983,670805,25285803,15974508,92,62187704,46672896,64771552,0,1554760,0,1,1,0,11813813,380984918,383647715,40,44,23,1552400,3108597,388690,55912589,49382,387521973,384363769,0
1789394953.5284195,154.275,10698077,98568,0,192,65,52,81983,670805,25285844,15974508,92,62187704,46672896,64771552,0,1546516,0,1,1,0,11813813,381234260,383897057,40,44,23,1552400,3108597,386629,55912590,49382,387521973,384363769,0
1789394953.7787993,154.526,10698452,98593,0,192,65,52,81984,670805,25285883,15974508,92,62187704,46672896,64771552,0,1538316,0,1,1,0,11813813,381484606,384147403,40,44,23,1552400,3108597,384579,55912590,49382,387521973,384363769,0
1789394954.029169,154.776,10698827,98618,0,192,65,52,81984,670805,25285939,15966316,92,62188040,46681268,64771552,0,1522076,0,1,1,0,11813820,381732343,384395140,40,44,23,1552409,3108614,380519,55912591,49382,387521973,384363769,0
1789394954.279566,155.026,10699203,98643,0,192,65,52,81984,670805,25285993,15958380,92,62187840,46689516,64771552,0,1513936,0,1,1,0,11813826,381982009,384644806,40,44,23,1552404,3108604,378484,55912592,49382,387521973,384363769,0
1789394954.5299623,155.277,10699578,98668,0,192,65,52,81984,670805,25286043,15949932,92,62187684,46697296,64771552,0,1497516,0,1,1,0,11813834,382231723,384894519,40,44,23,1552400,3108596,374379,55912594,49382,387521973,384363769,0
1789394954.7803595,155.527,10699953,98693,0,192,65,52,81984,670805,25286082,15949932,92,62187684,46697296,64771552,0,1489212,0,1,1,0,11813834,382482062,385144859,40,44,23,1552400,3108596,372303,55912594,49382,387521973,384363769,0
1789394955.030721,155.778,10700329,98718,0,192,65,52,81984,670805,25286126,15949932,92,62187684,46697296,64771552,0,1472876,0,1,1,0,11813834,382731436,385394232,40,44,23,1552400,3108596,368219,55912595,49382,387521973,384363769,0
1789394955.2811244,156.028,10700704,98743,0,192,65,52,81984,670805,25286180,15949924,92,62187684,46697296,64771552,0,1464588,0,1,1,0,11813834,382980787,385643584,40,44,23,1552400,3108596,366147,55912595,49382,387521973,384363841,0
1789394955.531506,156.278,10701079,98768,0,192,65,52,81985,670805,25286225,15949924,92,62187684,46697296,64771552,0,1448448,0,1,1,0,11813835,383229205,385892002,40,44,23,1552400,3108596,362112,55912597,49382,387521973,384363841,0
1789394955.781944,156.529,10701455,98794,0,192,65,52,81985,670805,25286269,15949924,92,62187684,46697296,64771552,0,1440164,0,1,1,0,11813835,383479558,386142355,40,44,23,1552400,3108596,360041,55912599,49382,387521973,384363841,0
1789394956.032342,156.779,10701830,98819,0,192,65,52,81985,670805,25286309,15949924,92,62187684,46697296,64771552,0,1423676,0,1,2,0,11813835,383728945,386391742,40,44,23,1552400,3108596,355919,55912599,49382,387521973,384363841,0
1789394956.282751,157.03,10702205,98844,0,192,65,52,81985,670806,25286367,15949932,92,62187708,46697552,64771552,0,1415372,0,1,1,0,11813839,383979281,386642085,40,44,23,1552402,3108601,353843,55912600,49382,387521973,384363841,0
1789394956.5331175,157.28,10702581,98869,0,192,65,52,81985,670806,25286449,15949932,92,62187708,46697552,64771552,0,1398988,0,1,1,0,11813846,384228651,386891464,40,44,23,1552402,3108601,349747,55912600,49382,387521973,384363841,0
1789394956.7835217,157.53,10702956,98894,0,192,65,52,81985,670806,25286495,15949932,92,62187708,46697552,64771552,0,1390796,0,1,1,0,11813846,384479017,387141830,40,44,23,1552402,3108601,347699,55912601,49382,387521973,384363841,0
1789394957.0339305,157.781,10703331,98919,0,192,65,52,81985,670806,25286542,15949932,92,62187708,46697552,64771552,0,1374412,0,1,1,0,11813846,384728393,387391207,40,44,23,1552402,3108601,343603,55912602,49382,387521973,384363841,0
1789394957.2843277,158.031,10703706,98944,0,192,65,52,81985,670806,25286585,15949932,92,62187708,46697552,64771552,0,1362064,0,1,1,0,11813846,384978705,387641518,40,44,23,1552402,3108601,340516,55912604,49382,387521973,384363841,0
1789394957.5346642,158.281,10704082,98969,0,192,65,52,81985,670806,25286632,15949932,92,62187708,46697552,64771552,0,1349660,0,1,1,0,11813847,385228004,387890818,40,44,23,1552402,3108601,337415,55912604,49382,387521973,384363841,0
1789394957.7849715,158.532,10704457,98994,0,192,65,52,81985,670806,25286688,15949932,92,62187708,46697552,64771552,0,1337232,0,1,1,0,11813847,385478287,388141100,40,44,23,1552402,3108601,334308,55912605,49382,387521973,384363841,0
1789394958.0352888,158.782,10704832,99019,0,192,65,52,81985,670806,25286735,15949932,92,62187708,46697552,64771552,0,1320636,0,1,1,0,11813847,385727591,388390404,40,44,23,1552402,3108601,330159,55912605,49382,387521973,384363841,0
1789394958.2856233,159.032,10705207,99044,0,192,65,52,81985,670806,25286794,15949932,88,62187708,46697552,64771552,0,1312444,0,1,1,0,11813847,385976914,388639728,40,44,22,1552402,3108601,328111,55912608,49382,387521973,384363845,0
1789394958.5359557,159.283,10705582,99069,0,192,65,52,81985,670806,25286840,15949932,88,62187708,46697552,64771552,0,1295856,0,1,1,0,11813847,386227203,388890017,40,44,22,1552402,3108601,323964,55912608,49382,387521973,384363845,0
1789394958.7862663,159.533,10705958,99094,0,192,65,52,81985,670806,25286895,15941740,88,62187760,46706012,64771552,0,1287664,0,1,1,0,11814267,386476825,389139643,40,44,22,1552407,3108609,321916,55912610,49382,387521973,384363845,0
1789394959.0365944,159.783,10706333,99118,0,192,65,52,81986,670806,25286948,15826836,88,62187692,46821468,64771552,0,1275396,0,1,1,0,11814274,386717303,389380122,40,44,22,1552414,3108624,318849,55912610,49382,387521973,384363845,0
1789394959.2869534,160.034,10706708,99144,0,192,65,52,81986,670806,25286999,15826836,88,62187692,46821468,64771552,0,1263184,0,1,1,0,11814274,386966673,389629492,40,44,22,1552414,3108624,315796,55912611,49382,387521973,384363845,0
1789394959.5373678,160.284,10707084,99169,0,192,65,52,81986,670806,25287046,15826836,88,62187692,46821468,64771552,0,1250684,0,1,1,0,11814274,387216057,389878876,40,44,22,1552414,3108624,312671,55912612,49382,387521973,384363845,0
1789394959.787788,160.535,10707459,99194,0,192,65,52,81986,670806,25287094,15826836,88,62187692,46821468,64771552,0,1238344,0,1,1,0,11814274,387466449,390129268,40,44,22,1552414,3108624,309586,55912613,49382,387521973,384363845,0
1789394960.0381775,160.785,10707834,99219,0,192,65,52,81986,670806,25287162,15826836,92,62187692,46821468,64771552,0,1225700,0,1,1,0,11814274,387716814,390379632,40,44,23,1552414,3108624,306425,55912613,49382,387521973,384363845,0
1789394960.2885833,161.035,10708210,99244,0,192,65,52,81986,670806,25287212,15826836,92,62187692,46821468,64771552,0,1214436,0,1,1,0,11814274,387967203,390630022,40,44,23,1552414,3108624,303609,55912614,49382,387521973,384363845,0
1789394960.539001,161.286,10708585,99269,0,192,65,52,81986,670806,25287300,15826824,92,62187692,46821468,64771552,0,1206244,0,1,1,0,11814284,388217537,390880372,40,44,23,1552414,3108624,301561,55912615,49382,387521973,384364037,0
1789394960.7893772,161.536,10708960,99294,0,192,65,52,81986,670806,25287345,15826824,92,62187692,46821468,64771552,0,1188724,0,1,1,0,11814284,388466916,391129752,40,44,23,1552414,3108624,297181,55912615,49382,387521973,384364037,0
1789394961.0398161,161.787,10709336,99319,0,192,65,52,81986,670806,25287389,15826824,92,62187692,46821468,64771552,0,1180532,0,1,1,0,11814284,388717295,391380131,40,44,23,1552414,3108624,295133,55912617,49382,387521973,384364037,0
1789394961.290196,162.037,10709711,99344,0,192,65,52,81986,670806,25287437,15826824,92,62187692,46821468,64771552,0,1164204,0,1,1,0,11814285,388966676,391629512,40,44,23,1552414,3108624,291051,55912617,49382,387521973,384364037,0
1789394961.540604,162.287,10710086,99369,0,192,65,52,81987,670806,25287477,15826824,92,62187692,46821468,64771552,0,1155984,0,1,1,0,11814285,389217039,391879874,40,44,23,1552414,3108624,288996,55912618,49382,387521973,384364037,0
1789394961.790998,162.538,10710461,99394,0,192,65,52,81987,670806,25287523,15826824,92,62187692,46821468,64771552,0,1140320,0,1,1,0,11814285,389467411,392130247,40,44,23,1552414,3108624,285080,55912618,49382,387521973,384364037,0
1789394962.041409,162.788,10710837,99419,0,192,65,52,81987,670806,25287572,15826824,92,62187692,46821468,64771552,0,1132296,0,1,1,0,11814285,389717773,392380609,40,44,23,1552414,3108624,283074,55912620,49382,387521973,384364037,0
1789394962.2918444,163.039,10711212,99445,0,192,65,52,81987,670806,25287615,15826824,92,62187692,46821468,64771552,0,1123160,0,1,1,0,11814285,389968166,392631001,40,44,23,1552414,3108624,280790,55912621,49382,387521973,384364037,0
1789394962.5422366,163.289,10711588,99470,0,192,65,52,81987,670806,25287664,15826824,92,62187692,46821468,64771552,0,1106960,0,1,1,0,11814286,390217605,392880440,40,44,23,1552414,3108624,276740,55912622,49382,387521973,384364037,0
1789394962.7926803,163.539,10711963,99495,0,192,65,52,81987,670806,25287717,15826836,200,62187948,46821724,64771552,0,1098460,0,1,1,0,11814286,390467968,393130803,40,44,50,1552420,3108637,274615,55912622,49382,387521973,384364037,0
1789394963.043053,163.79,10712338,99520,0,192,65,52,81987,670806,25287759,15826836,200,62187948,46821724,64771552,0,1082076,0,1,1,0,11814286,390718356,393381191,40,44,50,1552420,3108637,270519,55912623,49382,387521973,384364037,0
1789394963.2934802,164.04,10712714,99545,0,192,65,52,81987,670807,25287804,15826836,200,62187708,46821484,64771552,0,1073872,0,1,1,0,11814286,390968746,393631582,40,44,50,1552414,3108625,268468,55912623,49382,387521973,384364037,0
1789394963.5439122,164.291,10713089,99570,0,192,65,52,81987,670807,25287861,15826836,200,62187708,46821484,64771552,0,1057488,0,1,1,0,11814286,391217163,393879999,40,44,50,1552414,3108625,264372,55912626,49382,387521973,384364037,0
1789394963.7943122,164.541,10713464,99595,0,192,65,52,81987,670807,25287922,15826836,200,62187708,46821484,64771552,0,1049288,0,1,1,0,11814286,391466520,394129356,40,44,50,1552414,3108625,262322,55912626,49382,387521973,384364037,0
1789394964.044691,164.791,10713839,99620,0,192,65,52,81987,670807,25287991,15826836,200,62187708,46821484,64771552,0,1033160,0,1,1,0,11814286,391714921,394377757,40,44,50,1552414,3108625,258290,55912627,49382,387521973,384364037,0
1789394964.2951012,165.042,10714215,99646,0,192,65,52,81987,670807,25288041,15826836,200,62187708,46821484,64771552,0,1016844,0,1,1,0,11814287,391964282,394627118,40,44,50,1552414,3108625,254211,55912627,49382,387521973,384364037,0
1789394964.5454824,165.292,10714590,99671,0,192,65,52,81987,670807,25288132,15826836,200,62187708,46821484,64771552,0,1008312,0,1,1,0,11814293,392213305,394876148,40,44,50,1552414,3108625,252078,55912627,49382,387521973,384364037,0
1789394964.7958975,165.543,10714965,99696,0,192,65,52,81987,670807,25288173,15826836,200,62187708,46821484,64771552,0,1000112,0,1,1,0,11814293,392463665,395126509,40,44,50,1552414,3108625,250028,55912629,49382,387521973,384364037,0
1789394965.0462785,165.793,10715340,99721,0,192,65,52,81987,670807,25288227,15826836,200,62187708,46821484,64771552,0,983728,0,1,1,0,11814294,392712055,395374898,40,44,50,1552414,3108625,245932,55912630,49382,387521973,384364037,0
1789394965.296688,166.043,10715716,99746,0,192,65,52,81987,670807,25288289,15826836,200,62187708,46821484,64771552,0,975576,0,1,1,0,11814294,392961409,395624252,40,44,50,1552414,3108625,243894,55912631,49382,387521973,384364037,0
1789394965.5470526,166.294,10716091,99771,0,192,65,52,81987,670807,25288344,15826836,200,62187708,46821484,64771552,0,959196,0,1,1,0,11814295,393209781,395872625,40,44,50,1552414,3108625,239799,55912631,49382,387521973,384364037,0
1789394965.7974508,166.544,10716466,99796,0,192,65,52,81987,670807,25288401,15826824,200,62187708,46821484,64771552,0,950984,0,1,1,0,11814295,393459118,396121962,40,44,50,1552414,3108625,237746,55912632,49382,387521973,384364109,0
1789394966.0478363,166.795,10716841,99821,0,192,65,52,81988,670807,25288464,15810560,200,62183948,46834200,64771552,0,934592,0,1,1,0,11814308,393706161,396369005,40,44,50,1552326,3108448,233648,55912632,49382,387521973,384364109,0
1789394966.2982225,167.045,10717217,99846,0,192,65,52,81988,670807,25288530,15802368,200,62184164,46842608,64771552,0,926424,0,1,1,0,11814313,393954831,396617675,40,44,50,1552331,3108458,231606,55912634,49382,387521973,384364109,0
1789394966.5485616,167.295,10717592,99871,0,192,65,52,81988,670807,25288571,15802368,200,62184164,46842608,64771552,0,910040,0,1,1,0,11814313,394205147,396867991,40,44,50,1552331,3108458,227510,55912635,49382,387521973,384364109,0
1789394966.7989097,167.546,10717967,99896,0,192,65,52,81988,670807,25288618,15802368,200,62184164,46842608,64771552,0,901812,0,1,1,0,11814313,394454452,397117296,40,44,50,1552331,3108458,225453,55912636,49382,387521973,384364109,0
1789394967.0492435,167.796,10718342,99922,0,192,65,52,81988,670807,25288669,15802368,200,62184164,46842608,64771552,0,885476,0,1,1,0,11814313,394704785,397367629,40,44,50,1552331,3108458,221369,55912636,49382,387521973,384364109,0
1789394967.2996032,168.046,10718718,99947,0,192,65,52,81988,670807,25288721,15802368,200,62184164,46842608,64771552,0,877564,0,1,1,0,11814314,394954144,397616988,40,44,50,1552331,3108458,219391,55912637,49382,387521973,384364109,0
1789394967.5500112,168.297,10719093,99972,0,192,65,52,81988,670807,25288777,15802368,200,62184164,46842608,64771552,0,861252,0,1,1,0,11814314,395202553,397865397,40,44,50,1552331,3108458,215313,55912638,49382,387521973,384364109,0
1789394967.800408,168.547,10719468,99997,0,192,65,52,81988,670807,25288848,15802260,232,62184280,46842856,64771552,0,844416,0,1,1,0,11814320,395450955,398113809,40,44,58,1552337,3108471,211104,55912640,49382,387521973,384364109,0
1789394968.05087,168.798,10719843,100022,0,192,65,52,81988,670807,25288905,15802260,232,62184280,46842856,64771552,0,836224,0,1,1,0,11814320,395700342,398363196,40,44,58,1552337,3108471,209056,55912641,49382,387521973,384364109,0
1789394968.3012652,169.048,10720219,100047,0,192,65,52,81988,670807,25288950,15802260,232,62184536,46843112,64771552,0,828008,0,1,1,0,11814321,395949678,398612532,40,44,58,1552344,3108484,207002,55912643,49382,387521973,384364109,0
1789394968.5516095,169.298,10720594,100072,0,192,65,52,81988,670807,25289032,15802260,232,62184536,46843112,64771552,0,812760,0,1,1,0,11814327,396199998,398862859,40,44,58,1552344,3108484,203190,55912643,49382,387521973,384364109,0
1789394968.8019574,169.549,10720969,100098,0,192,65,52,81988,670807,25289072,15802260,232,62184536,46843112,64771552,0,803432,0,1,1,0,11814327,396450348,399113210,40,44,58,1552344,3108484,200858,55912643,49382,387521973,384364109,0
1789394969.0523632,169.799,10721344,100123,0,192,65,52,81988,670807,25289129,15802260,232,62184536,46843112,64771552,0,787048,0,1,1,0,11814327,396699726,399362588,40,44,58,1552344,3108484,196762,55912644,49382,387521973,384364109,0
1789394969.302796,170.05,10721720,100148,0,192,65,52,81988,670807,25289172,15802260,232,62184536,46843112,64771552,0,770664,0,1,1,0,11814327,396949144,399612006,40,44,58,1552344,3108484,192666,55912644,49382,387521973,384364109,0
1789394969.553223,170.3,10722095,100173,0,192,65,52,81989,670807,25289221,15802260,232,62184536,46843112,64771552,0,762472,0,1,1,0,11814327,397199500,399862362,40,44,58,1552344,3108484,190618,55912647,49382,387521973,384364109,0
1789394969.8035815,170.55,10722470,100198,0,192,65,52,81989,670807,25289262,15802260,232,62184536,46843112,64771552,0,754280,0,1,1,0,11814327,397448856,400111718,40,44,58,1552344,3108484,188570,55912647,49382,387521973,384364109,0
1789394970.0539885,170.801,10722846,100223,0,192,65,52,81989,670807,25289313,15802260,232,62184536,46843112,64771552,0,738664,0,1,1,0,11814327,397699242,400362104,40,44,58,1552344,3108484,184666,55912648,49382,387521973,384364109,0
1789394970.3044178,171.051,10723221,100248,0,192,65,52,81989,670807,25289358,15802260,232,62184536,46843112,64771552,0,721512,0,1,1,0,11814327,397949631,400612493,40,44,58,1552344,3108484,180378,55912648,49382,387521973,384364109,0
1789394970.5548606,171.302,10723596,100273,0,192,65,52,81989,670807,25289399,15802260,232,62184536,46843112,64771552,0,713320,0,1,1,0,11814327,398199982,400862844,40,44,58,1552344,3108484,178330,55912649,49382,387521973,384364109,0
1789394970.8052306,171.552,10723972,100298,0,192,65,52,81989,670807,25289442,15802260,232,62184536,46843112,64771552,0,705128,0,1,1,0,11814328,398449327,401112189,40,44,58,1552344,3108484,176282,55912649,49382,387521973,384364109,0
1789394971.055637,171.802,10724347,100323,0,192,65,52,81989,670807,25289502,15802260,260,62184536,46843112,64771552,0,688900,0,1,1,0,11814328,398699762,401362624,40,44,65,1552344,3108484,172225,55912652,49382,387521973,384364201,0
1789394971.3060842,172.053,10724722,100348,0,192,65,52,81989,670807,25289545,15802260,260,62184536,46843112,64771552,0,680912,0,1,1,0,11814328,398949122,401611984,40,44,65,1552344,3108484,170228,55912652,49382,387521973,384364201,0
1789394971.5564647,172.303,10725098,100374,0,192,65,52,81989,670807,25289610,15802260,260,62184536,46843112,64771552,0,664288,0,1,1,0,11814328,399197533,401860395,40,44,65,1552344,3108484,166072,55912653,49382,387521973,384364201,0
1789394971.806898,172.554,10725473,100399,0,192,65,52,81989,670807,25289649,15802260,260,62184536,46843112,64771552,0,656096,0,1,1,0,11814329,399446889,402109751,40,44,65,1552344,3108484,164024,55912653,49382,387521973,384364201,0
1789394972.057266,172.804,10725848,100424,0,192,65,52,81989,670807,25289728,15802260,248,62184536,46843112,64771552,0,639600,0,1,1,0,11814329,399695306,402358169,40,44,62,1552344,3108484,159900,55912654,49382,387521973,384364209,0
1789394972.3076787,173.054,10726223,100449,0,192,65,52,81989,670807,25289792,15802260,248,62184536,46843112,64771552,0,623216,0,1,1,0,11814331,399943803,402606667,40,44,62,1552344,3108484,155804,55912655,49382,387521973,384364209,0
1789394972.5580814,173.305,10726599,100474,0,192,65,52,81989,670807,25289861,15802260,248,62185240,46843816,64771552,0,615024,0,1,1,0,11814341,400194153,402857031,40,44,62,1552361,3108519,153756,55912658,49382,387521973,384364209,0
1789394972.8084736,173.555,10726974,100499,0,192,65,52,81989,670807,25289901,15802260,248,62185240,46843816,64771552,0,606832,0,1,1,0,11814341,400444488,403107367,40,44,62,1552361,3108519,151708,55912658,49382,387521973,384364209,0
1789394973.0588558,173.806,10727349,100525,0,192,65,52,81989,670807,25289958,15802260,248,62185240,46843816,64771552,0,590448,0,1,1,0,11814341,400692867,403355746,40,44,62,1552361,3108519,147612,55912658,49382,387521973,384364209,0
1789394973.3092544,174.056,10727724,100550,0,192,65,52,81989,670807,25289991,15802260,248,62185240,46843816,64771552,0,582280,0,1,1,0,11814341,400943200,403606079,40,44,62,1552361,3108519,145570,55912659,49382,387521973,384364209,0
1789394973.5596333,174.306,10728100,100575,0,192,65,52,81989,670807,25290062,15802260,248,62185240,46843816,64771552,0,565928,0,1,1,0,11814342,401191638,403854517,40,44,62,1552361,3108519,141482,55912660,49382,387521973,384364209,0
1789394973.810049,174.557,10728475,100600,0,192,65,52,81989,670807,25290099,15802260,248,62185240,46843816,64771552,0,557776,0,1,1,0,11814342,401441975,404104854,40,44,62,1552361,3108519,139444,55912661,49382,387521973,384364209,0
1789394974.0604,174.807,10728850,100625,0,192,65,52,81990,670807,25290168,15785996,248,62185220,46860384,64771552,0,541404,0,1,1,0,11814355,401688958,404351837,40,44,62,1552366,3108528,135351,55912662,49382,387521973,384364209,0
1789394974.310762,175.058,10729225,100650,0,192,65,52,81990,670808,25290217,15777804,248,62185428,46868784,64771552,0,533212,0,1,1,0,11814361,401938616,404601495,40,44,62,1552371,3108538,133303,55912663,49382,387521973,384364209,0
1789394974.5610673,175.308,10729600,100675,0,192,65,52,81990,670808,25290270,15777804,248,62185428,46868784,64771552,0,517116,0,1,1,0,11814361,402186925,404849804,40,44,62,1552371,3108538,129279,55912663,49382,387521973,384364209,0
1789394974.8114123,175.558,10729976,100700,0,192,65,52,81990,670808,25290314,15777804,248,62185428,46868784,64771552,0,508892,0,1,1,0,11814362,402436234,405099113,40,44,62,1552371,3108538,127223,55912665,49382,387521973,384364209,0
1789394975.0617461,175.809,10730351,100726,0,192,65,52,81990,670808,25290367,15777804,248,62185428,46868784,64771552,0,492520,0,1,1,0,11814362,402684595,405347474,40,44,62,1552371,3108538,123130,55912665,49382,387521973,384364209,0
1789394975.3121023,176.059,10730726,100751,0,192,65,52,81990,670808,25290404,15777804,248,62185428,46868784,64771552,0,484328,0,1,1,0,11814363,402933897,405596776,40,44,62,1552371,3108538,121082,55912666,49382,387521973,384364209,0
1789394975.562411,176.309,10731101,100776,0,192,65,52,81990,670808,25290472,15777800,248,62185428,46868784,64771552,0,467992,0,1,1,0,11814363,403182208,405845088,40,44,62,1552371,3108538,116998,55912667,49382,387521973,384364209,0
1789394975.8127205,176.559,10731476,100801,0,192,65,52,81990,670808,25290511,15777800,248,62185428,46868784,64771552,0,459808,0,1,1,0,11814364,403431508,406094388,40,44,62,1552371,3108538,114952,55912668,49382,387521973,384364417,0
1789394976.0630426,176.81,10731851,100826,0,192,65,52,81990,670808,25290622,15777672,8,62185276,46868712,64771552,0,442984,0,1,1,0,11814368,403679869,406342756,40,44,2,1552370,3108536,110746,55912672,49382,387521973,384364465,0
1789394976.3134427,177.06,10732226,100851,0,192,65,52,81990,670808,25290717,15777672,8,62185532,46868968,64771552,0,434792,0,1,1,0,11814384,403928133,406591125,40,44,2,1552376,3108549,108698,55912674,49382,387521973,384364465,0
1789394976.5638041,177.311,10732601,100876,0,192,65,52,81990,670808,25290778,15777672,8,62185532,46868968,64771552,0,419544,0,1,1,0,11814389,404178436,406841435,40,44,2,1552376,3108549,104886,55912674,49382,387521973,384364465,0
1789394976.8141305,177.561,10732977,100902,0,192,65,52,81990,670808,25290841,15777672,8,62185532,46868968,64771552,0,410200,0,1,1,0,11814395,404428544,407091758,40,44,2,1552376,3108549,102550,55912675,49382,387521973,384364465,0
1789394977.0644674,177.811,10733352,100927,0,192,65,52,81990,670808,25290893,15777672,8,62185532,46868968,64771552,0,393888,0,1,2,0,11814395,404678834,407342047,40,44,2,1552376,3108549,98472,55912676,49382,387521973,384364465,0
1789394977.3148105,178.062,10733727,100952,0,192,65,52,81990,670808,25290934,15777672,8,62185532,46868968,64771552,0,385640,0,1,1,0,11814395,404929154,407592367,40,44,2,1552376,3108549,96410,55912676,49382,387521973,384364465,0
1789394977.5651317,178.312,10734102,100977,0,192,65,52,81990,670808,25290997,15777684,44,62185532,46868968,64771552,0,369240,0,1,1,0,11814395,405179443,407842656,40,44,11,1552376,3108549,92310,55912678,49382,387521973,384364465,0
1789394977.8154385,178.562,10734478,101002,0,192,65,52,81990,670808,25291034,15777684,44,62185532,46868968,64771552,0,361048,0,1,1,0,11814395,405429736,408092949,40,44,11,1552376,3108549,90262,55912678,49382,387521973,384364465,0
1789394978.065779,178.813,10734853,101027,0,192,65,52,81990,670808,25291092,15777684,44,62185532,46868968,64771552,0,345432,0,1,1,0,11814395,405680053,408343266,40,44,11,1552376,3108549,86358,55912679,49382,387521973,384364465,0
1789394978.3161001,179.063,10735228,101052,0,192,65,52,81990,670808,25291129,15777684,44,62185532,46868968,64771552,0,336472,0,1,1,0,11814395,405930335,408593548,40,44,11,1552376,3108549,84118,55912679,49382,387521973,384364465,0
1789394978.56641,179.313,10735603,101077,0,192,65,52,81990,670808,25291180,15777684,44,62185532,46868968,64771552,0,320088,0,1,1,0,11814395,406180625,408843839,40,44,11,1552376,3108549,80022,55912681,49382,387521973,384364465,0
1789394978.81677,179.564,10735978,101102,0,192,65,52,81990,670808,25291236,15777684,44,62185532,46868968,64771552,0,312196,0,1,1,0,11814395,406430992,409094205,40,44,11,1552376,3108549,78049,55912682,49382,387521973,384364465,0
1789394979.0671537,179.814,10736354,101127,0,192,65,52,81990,670808,25291275,15777684,44,62185532,46868968,64771552,0,303868,0,1,1,0,11814395,406681337,409344550,40,44,11,1552376,3108549,75967,55912683,49382,387521973,384364465,0
1789394979.3175366,180.064,10736729,101152,0,192,65,52,81991,670808,25291431,15777724,44,62184912,46867988,64771552,0,284684,0,1,1,0,11814467,406925560,409591060,40,44,11,1552361,3108518,71171,55912697,49382,387522293,384364581,0
1789394979.5679579,180.315,10737104,101177,0,192,65,52,81991,670808,25291482,15777724,44,62184912,46867988,64771552,0,276492,0,1,1,0,11814467,407174907,409840408,40,44,11,1552361,3108518,69123,55912698,49382,387522293,384364581,0
1789394979.8183398,180.565,10737479,101203,0,192,65,52,81991,670808,25291537,15777724,44,62184912,46867988,64771552,0,257476,0,1,1,0,11814467,407424290,410089790,40,44,11,1552361,3108518,64369,55912698,49382,387522293,384364581,0
1789394980.0687847,180.816,10737855,101225,0,192,65,52,81993,670808,25291620,15479160,44,62190616,47173384,64771552,0,246952,0,1,1,0,11817752,407651037,410316538,40,44,11,1552529,3108854,61738,55912701,49382,387522293,384364581,0
1789394980.3191807,181.066,10738230,101250,0,192,65,52,81993,670808,25291693,15479160,44,62190616,47173384,64771552,0,239072,0,1,1,0,11817760,407901360,410566874,40,44,11,1552529,3108854,59768,55912701,49382,387522293,384364581,0
1789394980.5695481,181.316,10738605,101275,0,192,65,52,81993,670808,25291743,15479160,44,62190616,47173384,64771552,0,223840,0,1,1,0,11817760,408151754,410817269,40,44,11,1552529,3108854,55960,55912702,49382,387522293,384364581,0
1789394980.8199751,181.567,10738980,101300,0,192,65,52,81993,670808,25291786,15479160,44,62190616,47173384,64771552,0,214368,0,1,1,0,11817760,408402112,411067626,40,44,11,1552529,3108854,53592,55912702,49382,387522293,384364581,0
1789394981.0704463,181.817,10739356,101326,0,192,65,52,81993,670809,25291838,15479160,44,62190616,47173384,64771552,0,198064,0,1,1,0,11817760,408651525,411317040,40,44,11,1552529,3108854,49516,55912703,49382,387522293,384364581,0
1789394981.3208926,182.068,10739731,101351,0,192,65,52,81993,670809,25291879,15479160,44,62190616,47173384,64771552,0,190004,0,1,1,0,11817760,408901876,411567391,40,44,11,1552529,3108854,47501,55912704,49382,387522293,384364581,0
1789394981.5712783,182.318,10740106,101376,0,192,65,52,81993,670809,25291944,15479148,44,62190616,47173384,64771552,0,181856,0,1,1,0,11817760,409150272,411815787,40,44,11,1552529,3108854,45464,55912706,49382,387522293,384364797,0
1789394981.8216865,182.568,10740481,101401,0,192,65,52,81993,670809,25292027,15479176,256,62190616,47173384,64771552,0,165216,0,1,1,0,11817760,409400648,412066163,40,44,64,1552529,3108854,41304,55912709,49382,387522293,384364797,0
1789394982.072092,182.819,10740857,101426,0,192,65,52,81994,670809,25292072,15479176,256,62190616,47173384,64771552,0,149600,0,1,1,0,11817760,409651040,412316555,40,44,64,1552529,3108854,37400,55912709,49382,387522293,384364797,0
1789394982.3225117,183.069,10741232,101451,0,192,65,52,81994,670809,25292116,15479176,256,62190616,47173384,64771552,0,140640,0,1,1,0,11817760,409901435,412566950,40,44,64,1552529,3108854,35160,55912710,49382,387522293,384364797,0
1789394982.5729423,183.32,10741608,101476,0,192,65,52,81994,670809,25292163,15479176,256,62190616,47173384,64771552,0,124256,0,1,1,0,11817760,410151810,412817324,40,44,64,1552529,3108854,31064,55912710,49382,387522293,384364797,0
1789394982.823366,183.57,10741983,101501,0,192,65,52,81994,670809,25292198,15479176,256,62190616,47173384,64771552,0,116064,0,1,1,0,11817760,410402186,413067701,40,44,64,1552529,3108854,29016,55912712,49382,387522293,384364797,0
1789394983.073765,183.821,10742358,101526,0,192,65,52,81994,670809,25292248,15479176,256,62190616,47173384,64771552,0,99680,0,1,1,0,11817760,410652568,413318083,40,44,64,1552529,3108854,24920,55912713,49382,387522293,384364797,0
1789394983.3241773,184.071,10742734,101551,0,192,65,52,81994,670809,25292287,15479176,256,62190616,47173384,64771552,0,91488,0,1,1,0,11817761,410901974,413567489,40,44,64,1552529,3108854,22872,55912713,49382,387522293,384364797,0
1789394983.5745995,184.321,10743109,101576,0,192,65,52,81994,670809,25292335,15479176,256,62190616,47173384,64771552,0,83296,0,1,1,0,11817761,411152365,413817880,40,44,64,1552529,3108854,20824,55912714,49382,387522293,384364797,0
1789394983.8250282,184.572,10743484,101601,0,192,65,52,81994,670809,25292388,15479176,256,62190616,47173384,64771552,0,65416,0,1,1,0,11817761,411400778,414066292,40,44,64,1552529,3108854,16354,55912714,49382,387522293,384364797,0
1789394984.0754693,184.822,10743860,101626,0,192,65,52,81994,670809,25292451,15479176,256,62190872,47173640,64771552,0,53016,0,1,1,0,11817761,411651205,414316720,40,44,64,1552535,3108867,13254,55912716,49382,387522293,384364797,0
1789394984.32592,185.073,10744235,101651,0,192,65,52,81994,670809,25292533,15479176,256,62190872,47173640,64771552,0,36424,0,1,1,0,11817771,411901578,414567109,40,44,64,1552535,3108867,9106,55912716,49382,387522293,384364797,0
1789394984.576343,185.323,10744610,101677,0,192,65,52,81994,670809,25292584,15479176,256,62190872,47173640,64771552,0,29000,0,1,1,0,11817771,412151928,414817459,40,44,64,1552535,3108867,7250,55912718,49382,387522293,384364797,0
1789394984.8267376,185.574,10744986,101695,0,192,65,52,82001,670809,25292691,14680624,256,62202244,47988012,64771552,0,12396,0,1,1,0,11821291,412327819,414993394,40,44,64,1552930,3109658,3099,55912718,49382,387522293,384364797,0
1789394985.0771472,185.824,10745361,101720,0,192,65,52,82001,670809,25292746,14672688,256,62202860,47996052,64771552,0,4332,0,1,1,0,11821298,412577539,415243113,40,44,64,1552946,3109689,1083,55912719,49382,387522293,384364797,0
1789394985.3275254,186.074,10745736,101723,0,192,65,52,82023,670809,25292955,11810364,256,62247952,50931048,64771552,0,56,0,0,2,0,11826846,412582788,415248363,40,44,64,1554747,3113297,14,55912721,49382,387522293,384364797,0
1789394985.5778992,186.325,10746110,101723,0,192,65,52,82048,670810,25293334,8736308,260,62336992,54159540,64771552,0,0,0,0,3,0,11835291,412582788,415248363,40,44,65,1558603,3121017,0,55912877,49382,387522293,384364797,0
1789394985.8283148,186.575,10746508,101723,0,192,65,52,82048,670812,25293460,8736308,260,62335960,54158412,64771552,0,0,0,0,1,0,11835313,412582788,415248363,40,44,65,1558577,3120965,0,55913033,49382,387522293,384364797,0
