t,t_rel,cpu_idle,cpu_iowait,cpu_irq,cpu_nice,cpu_softirq,cpu_steal,cpu_system,cpu_user,ctxt,mem_Cached,mem_Dirty,mem_MemAvailable,mem_MemFree,mem_MemTotal,mem_SwapCached,mem_Writeback,mem_WritebackTmp,procs_blocked,procs_running,psi_cpu_full_total,psi_cpu_some_total,psi_io_full_total,psi_io_some_total,psi_memory_full_total,psi_memory_some_total,vm_nr_dirty,vm_nr_dirty_background_threshold,vm_nr_dirty_threshold,vm_nr_writeback,vm_pgfault,vm_pgmajfault,vm_pgpgin,vm_pgpgout,vm_pswpout
1789651304.8732297,0.0,4825010,279207,0,224,61,49,46010,354688,13283311,145492,596,63853792,64220076,64771540,0,0,0,1,1,0,6779159,1746151450,1748969075,12,12,149,1595076,3194053,0,34855692,35446,236008898,245777933,0
1789651305.1240947,0.251,4825248,279225,0,224,61,49,46011,354832,13284021,154760,1120,63837436,64198168,64771540,0,0,0,1,1,0,6781116,1746172803,1748990480,12,12,280,1594828,3193556,0,34858366,35519,236021370,245777933,0
1789651305.3747394,0.502,4825623,279242,0,224,61,49,46013,354839,13284712,164588,1120,63821812,64177024,64771540,0,0,0,1,1,0,6781856,1746277844,1749095523,12,12,280,1594576,3193051,0,34863426,35557,236032518,245777933,0
1789651305.6251354,0.752,4825998,279264,0,224,61,49,46015,354840,13285396,191172,1152,63795532,64137420,64771540,0,0,0,1,1,0,6782594,1746449765,1749267451,12,12,288,1594252,3192403,0,34867583,35767,236059370,245777933,0
1789651305.8754957,1.002,4826363,279288,0,224,61,49,46016,354848,13287607,201492,1152,63778256,64114748,64771540,0,0,0,0,2,0,6783310,1746594595,1749412299,12,12,288,1593956,3191809,0,34870732,35855,236069682,245777933,0
1789651306.1258266,1.253,4826733,279310,0,224,61,49,46018,354853,13289303,207744,1152,63766880,64100188,64771540,0,0,0,1,1,0,6784202,1746778586,1749596302,12,12,288,1593751,3191400,0,34872775,35861,236076234,245777933,0
1789651306.3761172,1.503,4827100,279332,0,224,61,49,46019,354863,13290681,216156,1152,63745224,64074316,64771540,0,0,0,1,2,0,6784989,1746940424,1749758156,12,12,288,1593316,3190528,0,34877868,35861,236084570,245777933,0
1789651306.6264591,1.753,4827454,279341,0,224,61,49,46023,354895,13294329,218924,1152,63737556,64065268,64771540,0,0,0,1,2,0,6785529,1746997793,1749815529,12,12,288,1593159,3190214,0,34893971,35869,236087550,245777965,0
1789651306.8768797,2.004,4827812,279354,0,224,61,49,46026,354920,13296888,222576,1152,63710960,64036844,64771540,0,0,0,0,2,0,6786323,1747072841,1749890604,12,12,288,1592541,3188976,0,34901706,35870,236091066,245777965,0
1789651307.1272933,2.254,4828176,279366,0,224,61,49,46028,354941,13300154,225420,1152,63690856,64015320,64771540,0,0,0,0,4,0,6787386,1747157445,1749975213,12,12,288,1592074,3188042,0,34906675,35870,236093910,245777965,0
1789651307.3777022,2.504,4828537,279380,0,224,61,49,46030,354960,13303934,228404,1152,63664088,63987228,64771540,0,0,0,1,1,0,6787906,1747211884,1750029659,12,12,288,1591439,3186770,0,34914266,35878,236097294,245777965,0
1789651307.6281142,2.755,4828889,279391,0,224,61,49,46032,354994,13308339,231236,1152,63655056,63976576,64771540,0,0,0,1,1,0,6788922,1747266482,1750084258,12,12,288,1591254,3186399,0,34916858,35883,236100138,245777965,0
1789651307.8786435,3.005,4829249,279402,0,224,61,49,46034,355021,13312480,233672,1152,63647468,63967776,64771540,0,0,0,1,1,0,6789530,1747337312,1750155087,12,12,288,1591095,3186081,0,34918503,35886,236102638,245777965,0
1789651308.1290677,3.256,4829594,279413,0,224,61,49,46037,355061,13317464,236540,1152,63686088,64004924,64771540,0,0,0,0,3,0,6790667,1747377905,1750195680,12,12,288,1592096,3188085,0,34923273,35889,236104886,245777969,0
1789651308.413128,3.54,4830023,279438,0,224,61,49,46038,355063,13318407,264120,1152,63663628,63968300,64771540,0,0,0,1,1,0,6791387,1747515045,1750332826,12,12,288,1591892,3187676,0,34926212,36117,236133634,245777969,0
1789651308.6655524,3.792,4830398,279457,0,224,61,49,46039,355067,13319032,278424,1152,63647824,63943328,64771540,0,0,0,1,1,0,6792341,1747704918,1750522712,12,12,288,1591627,3187146,0,34930155,36225,236147754,245777969,0
1789651308.9158535,4.043,4830773,279474,0,224,61,49,46040,355073,13319553,290320,1152,63638340,63921828,64771540,0,0,0,1,1,0,6793423,1747875942,1750693746,12,12,288,1591390,3186672,0,34934336,36319,236159758,245777969,0
1789651309.1661706,4.293,4831141,279488,0,224,61,49,46042,355089,13321317,296716,1152,63622676,63899564,64771540,0,0,0,0,2,0,6794108,1747969495,1750787324,12,12,288,1590999,3185889,0,34938169,36331,236166326,245777969,0
1789651309.4165924,4.543,4831500,279502,0,224,61,49,46043,355115,13323100,299704,1152,63610304,63884204,64771540,0,0,0,1,1,0,6794653,1748053949,1750871799,12,12,288,1590691,3185271,0,34941839,36335,236169350,245777969,0
1789651309.6670167,4.794,4831828,279515,0,224,61,49,46046,355171,13324744,302548,1152,63530000,63801040,64771540,0,0,0,0,4,0,6794991,1748098692,1750916542,12,12,288,1588686,3181257,0,34961467,36335,236172170,245777969,0
1789651309.917682,5.044,4832182,279525,0,224,61,49,46047,355204,13326576,305080,1152,63506532,63775036,64771540,0,0,0,0,2,0,6795396,1748154178,1750972028,12,12,288,1588100,3180084,0,34968182,36335,236174742,245777969,0
1789651310.1681287,5.295,4832533,279536,0,224,61,49,46050,355241,13331246,308564,1152,63484872,63749864,64771540,0,0,0,0,3,0,6795949,1748210183,1751028044,12,12,288,1587559,3179001,0,34974046,36338,236178182,245777969,0
1789651310.4185858,5.545,4832889,279547,0,224,61,49,46052,355272,13332615,311448,1152,63475640,63737776,64771540,0,0,0,0,2,0,6796377,1748265721,1751083582,12,12,288,1587329,3178539,0,34976635,36339,236181190,245777969,0
1789651310.6690183,5.796,4833239,279557,0,224,61,49,46053,355310,13334595,314428,1252,63461928,63721052,64771540,0,0,0,1,1,0,6796772,1748312546,1751130407,12,12,313,1586987,3177854,0,34980300,36340,236183978,245777969,0
1789651310.9194608,6.046,4833600,279568,0,224,61,49,46055,355335,13336080,318144,1252,63451056,63706468,64771540,0,0,0,0,3,0,6797257,1748386835,1751204702,12,12,313,1586715,3177310,0,34983489,36340,236187670,245777969,0
1789651311.1698315,6.297,4833954,279573,0,224,61,49,46056,355376,13338101,319928,1252,63440648,63694268,64771540,0,0,0,0,4,0,6798327,1748412917,1751230788,12,12,313,1586455,3176790,0,34987563,36340,236189466,245777969,0
1789651311.420181,6.547,4834265,279574,0,224,61,49,46058,355461,13344465,320548,1252,63427260,63680256,64771540,0,0,0,0,5,0,6798824,1748415777,1751233647,12,12,313,1586121,3176121,0,34993483,36342,236190106,245777969,0
1789651311.6706386,6.797,4834591,279578,0,224,61,49,46059,355528,13350125,321304,1252,63409760,63662048,64771540,0,0,0,1,3,0,6799281,1748426770,1751244641,12,12,313,1585684,3175246,0,34997832,36344,236190822,245777969,0
1789651311.92107,7.048,4834964,279592,0,224,61,49,46060,355540,13351170,325664,1252,63405420,63653372,64771540,0,0,0,1,1,0,6799796,1748506086,1751323984,12,12,313,1585576,3175029,0,34999086,36345,236195194,245777969,0
1789651312.171498,7.298,4835334,279599,0,224,61,49,46062,355560,13352408,327628,1252,63395496,63641468,64771540,0,0,0,0,2,0,6800283,1748568165,1751386063,12,12,313,1585328,3174533,0,35002257,36345,236197142,245777969,0
1789651312.4219072,7.549,4835688,279608,0,224,61,49,46065,355596,13355335,329816,1252,63375328,63619116,64771540,0,0,0,0,4,0,6800671,1748615119,1751433032,12,12,313,1584825,3173525,0,35007011,36345,236199330,245777969,0
1789651312.6723073,7.799,4836055,279620,0,224,61,49,46066,355615,13355958,333340,1252,63354288,63594556,64771540,0,0,0,0,2,0,6801303,1748717048,1751534961,12,12,313,1584300,3172473,0,35012541,36345,236202946,245777969,0
1789651312.9226918,8.049,4836422,279627,0,224,61,49,46067,355641,13357013,334956,1252,63332816,63571416,64771540,0,0,0,0,5,0,6801645,1748762686,1751580599,12,12,313,1583764,3171400,0,35017527,36345,236204610,245777969,0
1789651313.1731014,8.3,4836774,279635,0,224,61,49,46069,355677,13358901,337080,1252,63305096,63541564,64771540,0,0,0,0,2,0,6802198,1748808780,1751626693,12,12,313,1583072,3170014,0,35024348,36345,236206602,245777969,0
1789651313.4235406,8.55,4837123,279643,0,224,61,49,46071,355718,13362462,338968,1252,63280528,63514712,64771540,0,0,0,0,2,0,6802623,1748847560,1751665488,12,12,313,1582458,3168786,0,35030160,36345,236208886,245777969,0
1789651313.6739807,8.801,4837455,279648,0,224,61,49,46073,355779,13367729,340532,1256,63239092,63471704,64771540,0,0,0,0,4,0,6803019,1748860691,1751678618,12,12,314,1581424,3166715,0,35039445,36345,236210446,245777969,0
1789651313.9246204,9.051,4837767,279654,0,224,61,49,46076,355857,13370279,342308,1408,63185568,63416436,64771540,0,0,0,0,3,0,6803222,1748867609,1751685537,12,12,352,1580088,3164039,0,35054784,36345,236212070,245777969,0
1789651314.1750774,9.302,4838126,279665,0,224,61,49,46079,355884,13372545,345208,1408,63154268,63382264,64771540,0,0,0,0,2,0,6804300,1748917839,1751735777,12,12,352,1579306,3162475,0,35064078,36345,236214974,245777969,0
1789651314.4255402,9.552,4838492,279670,0,224,61,49,46082,355910,13375080,346732,1416,63268452,63494900,64771540,0,0,0,1,2,0,6804693,1748949080,1751767019,12,12,354,1582157,3168182,0,35070437,36345,236216502,245777969,0
1789651314.6759362,9.803,4838859,279678,0,224,61,49,46083,355931,13376072,348732,1416,63245516,63469964,64771540,0,0,0,1,1,0,6805169,1749011966,1751829911,12,12,354,1581584,3167036,0,35076200,36345,236218510,245777969,0
1789651314.9262826,10.053,4839217,279687,0,224,61,49,46085,355963,13378399,351752,1416,63220048,63441516,64771540,0,0,0,1,2,0,6805967,1749066142,1751884093,12,12,354,1580948,3165763,0,35082631,36346,236221518,245777969,0
1789651315.1766934,10.303,4839543,279691,0,224,61,49,46087,356027,13384526,352908,1420,63196360,63416608,64771540,0,0,0,0,5,0,6806342,1749081681,1751899632,12,12,355,1580357,3164579,0,35088294,36346,236222666,245777969,0
1789651315.4271266,10.554,4839817,279693,0,224,61,49,46091,356143,13393444,353840,1480,63173784,63393100,64771540,0,0,0,1,3,0,6806810,1749083622,1751901573,12,12,370,1579794,3163450,0,35094956,36346,236223590,245778029,0
1789651315.6776164,10.804,4840127,279710,0,224,61,49,46099,356206,13401789,482436,1480,63113788,63204440,64771540,0,0,0,0,12,0,6807463,1749110022,1751927973,12,12,370,1578286,3160431,0,35110052,36346,236352318,245778029,0
1789651315.9283006,11.055,4840363,279715,0,224,61,49,46117,356344,13413469,643148,122328,62918632,62847264,64771540,0,0,0,0,10,0,6808077,1749114959,1751932914,12,12,30582,1573398,3150644,0,35152363,36346,236392254,245778029,0
1789651316.1789603,11.306,4840639,279740,0,224,61,49,46139,356420,13420868,1098932,362648,62765408,62235644,64771540,0,0,0,0,5,0,6808827,1749147777,1751965740,12,12,90662,1569499,3142836,0,35181884,36346,236607454,245778029,0
1789651316.429464,11.556,4840876,279754,0,224,61,49,46176,356531,13430317,1298980,435112,62599332,61868312,64771540,0,0,0,0,6,0,6810398,1749161368,1751979364,12,12,108778,1565333,3134493,0,35190600,36346,236734974,245778029,0
1789651316.680133,11.807,4841127,279779,0,224,61,49,46203,356625,13438674,1768340,672780,62569416,61365316,64771540,0,0,0,4,2,0,6810936,1749194637,1752012658,12,12,168195,1564503,3132832,0,35231790,36365,236968022,245778029,0
1789651316.9306302,12.057,4841359,279803,0,224,61,49,46247,356720,13445849,2113224,865236,62289380,60737944,64771540,0,0,0,1,10,0,6811423,1749213532,1752031713,12,12,216309,1557461,3118731,0,35249066,36421,237122086,245778029,0
1789651317.1811135,12.308,4841601,279836,0,224,61,49,46276,356815,13453171,2681700,1173596,62248140,60122696,64771540,0,0,0,1,6,0,6812075,1749260329,1752078546,12,12,293399,1556322,3116451,0,35265838,36455,237383250,245778029,0
1789651317.4318302,12.559,4841823,279857,0,224,61,49,46319,356926,13459947,3117036,1390900,62072068,59508436,64771540,0,0,0,0,6,0,6812959,1749280034,1752098394,12,12,347829,1551845,3107485,0,35276437,36465,237601642,245778029,0
1789651317.6822965,12.809,4842076,279871,0,224,61,49,46369,357010,13467818,3606280,1665608,61913308,58855904,64771540,0,0,0,0,7,0,6813721,1749294709,1752113153,12,12,416506,1547810,3099404,0,35303481,36497,237817574,245778033,0
1789651317.932757,13.06,4842362,279883,0,224,61,49,46396,357082,13474723,4225388,1979292,62116404,58435336,64771540,0,0,0,0,5,0,6814396,1749318183,1752136628,12,12,494823,1552766,3109328,0,35315453,36497,238123102,245778033,0
1789651318.183232,13.31,4842629,279890,0,224,61,49,46440,357162,13482972,4671596,2202084,61937064,57806812,64771540,0,0,0,0,4,0,6815102,1749330718,1752149166,12,12,550521,1548205,3100196,0,35341337,36497,238346490,245778033,0
1789651318.433811,13.561,4842913,279898,0,224,61,49,46480,357227,13489394,5193300,2497544,61842008,57185584,64771540,0,0,0,0,8,0,6815695,1749347616,1752166068,12,12,624386,1545721,3095221,0,35359875,36497,238572998,245778033,0
1789651318.6845126,13.811,4843175,279916,0,224,61,49,46508,357319,13495893,5747360,2767680,61900980,56686956,64771540,0,0,0,0,7,0,6816319,1749376673,1752195125,12,12,691920,1547105,3097992,0,35373309,36497,238856098,245778033,0
1789651318.9352689,14.062,4843437,279931,0,224,61,49,46551,357398,13502387,6203652,2977956,61676764,56002972,64771540,0,0,0,0,15,0,6817873,1749404323,1752222792,12,12,744489,1541400,3086570,0,35398451,36497,239102650,245778033,0
1789651319.1861587,14.313,4843706,279951,0,224,61,49,46580,357482,13506863,6718204,3260536,61724664,55532324,64771540,0,0,0,0,7,0,6818535,1749441912,1752260402,12,12,815134,1542517,3088805,0,35404712,36497,239334238,245778033,0
1789651319.4369075,14.564,4843981,279967,0,224,61,49,46613,357557,13512515,7265164,3548360,61735460,54991760,64771540,0,0,0,1,5,0,6819093,1749470672,1752289163,12,12,887090,1542686,3089145,0,35415685,36497,239594430,245778033,0
1789651319.6876025,14.814,4844256,279976,0,224,61,49,46660,357623,13518192,7744832,3815624,61688476,54461452,64771540,0,0,0,1,7,0,6819935,1749486853,1752305488,12,12,954010,1541401,3086571,0,35435480,36497,239805842,245778033,0
1789651319.9382992,15.065,4844529,279993,0,224,61,49,46697,357695,13524508,8257420,4067572,61623168,53879728,64771540,0,0,0,2,4,0,6820572,1749521608,1752340243,12,12,1016893,1539685,3083136,0,35457810,36497,240066962,245778033,0
1789651320.1887817,15.316,4844805,280006,0,224,61,49,46732,357768,13531882,8795068,4349564,61585192,53299956,64771540,0,0,0,0,6,0,6821125,1749540541,1752359182,12,12,1087391,1538634,3081031,0,35474457,36497,240322394,245778033,0
1789651320.4394581,15.566,4845090,280021,0,224,61,49,46772,357828,13536717,9306568,4067788,61618392,52817620,64771540,0,565056,0,0,6,0,6821732,1749567749,1752386399,12,12,1016947,1539363,3082490,141264,35481560,36497,240550982,246343893,0
1789651320.6899297,15.817,4845361,280057,0,224,61,49,46815,357876,13541981,9761252,323460,61615816,52356620,64771540,0,4531972,0,3,2,0,6822547,1749637424,1752456086,12,12,80865,1539208,3082181,1132993,35500511,36497,240776850,250318745,0
1789651320.940406,16.067,4845652,280115,0,224,61,49,46837,357904,13545003,10002428,453508,61539044,52036796,64771540,0,4515588,0,3,2,0,6824066,1749772128,1752591546,12,12,113377,1537245,3078249,1128897,35512867,36498,240887630,250318745,0
1789651321.1908636,16.318,4845943,280174,0,224,61,49,46850,357942,13548053,10296408,610748,61618832,51820272,64771540,0,4507396,0,2,3,0,6824443,1749905713,1752732303,12,12,152788,1539179,3082121,1126849,35515790,36498,241023718,250318745,0
1789651321.4413383,16.568,4846238,280235,0,224,61,49,46867,357970,13550856,10557768,734600,61587884,51526164,64771540,0,4486916,0,3,2,0,6825752,1750041775,1752868681,12,12,183650,1538374,3080509,1121729,35518355,36498,241162138,250318745,0
1789651321.6918216,16.819,4846523,280291,0,224,61,49,46887,358008,13553721,10825864,871300,61473700,51141816,64771540,0,4478724,0,2,3,0,6826034,1750160786,1752988346,12,12,217825,1535459,3074673,1119681,35526616,36498,241293418,250318745,0
1789651321.9423037,17.069,4846819,280351,0,224,61,49,46903,358036,13555849,11107412,1039196,61525204,50909480,64771540,0,4462340,0,2,4,0,6828147,1750305869,1753133566,12,12,259799,1536688,3077133,1115585,35528907,36498,241406410,250318745,0
1789651322.192992,17.32,4847112,280414,0,224,61,49,46918,358065,13558593,11390696,1163580,61550760,50649828,64771540,0,4454148,0,2,3,0,6829717,1750454949,1753282754,12,12,290895,1537278,3078315,1113537,35530668,36498,241565638,250318745,0
1789651322.4434838,17.57,4847400,280470,0,224,61,49,46938,358102,13561785,11611768,1284548,61454100,50330284,64771540,0,4437764,0,4,1,0,6830306,1750574419,1753409603,12,12,321137,1534820,3073392,1109441,35541001,36498,241666194,250318745,0
1789651322.6939397,17.821,4847698,280530,0,224,61,49,46954,358126,13563840,11900284,1449952,61763116,50348616,64771540,0,4433668,0,2,3,0,6832139,1750715461,1753550721,12,12,362488,1542479,3088731,1108417,35542692,36498,241788770,250318745,0
1789651322.9443884,18.071,4847995,280590,0,224,61,49,46971,358154,13567616,12193280,1583432,61768852,50059124,64771540,0,4417284,0,2,3,0,6832969,1750851220,1753687759,12,12,395858,1542567,3088906,1104321,35551487,36498,241948150,250318745,0
1789651323.1948555,18.322,4848292,280650,0,224,61,49,46989,358178,13570099,12428640,1707220,61701708,49755004,64771540,0,4409092,0,3,2,0,6833847,1750992375,1753829310,12,12,426805,1540850,3085469,1102273,35555245,36498,242059722,250318745,0
1789651323.4452999,18.572,4848590,280709,0,224,61,49,47007,358206,13572931,12708128,1875180,61720952,49492376,64771540,0,4392708,0,2,4,0,6834960,1751134062,1753972861,12,12,468795,1541252,3086273,1098177,35559868,36498,242171282,250318745,0
1789651323.6957645,18.823,4848879,280768,0,224,61,49,47022,358243,13576633,12983292,1990968,61967792,49462236,64771540,0,4380420,0,2,3,0,6835855,1751265642,1754112264,12,12,497742,1547388,3098560,1095105,35561513,36498,242330638,250318745,0
1789651323.9462318,19.073,4849174,280826,0,224,61,49,47041,358271,13579735,13204764,2111776,61851256,49122416,64771540,0,4372228,0,3,2,0,6836446,1751400913,1754250124,12,12,527944,1544444,3092664,1093057,35567727,36498,242431842,250318745,0
1789651324.196728,19.323,4849474,280887,0,224,61,49,47055,358295,13581918,13496332,2280896,61938584,48916008,64771540,0,4355844,0,2,3,0,6837521,1751547355,1754396721,12,12,570224,1546560,3096901,1088961,35569217,36498,242553770,250318745,0
1789651324.4471788,19.574,4849756,280945,0,224,61,49,47073,358337,13586055,13752460,2406508,62025984,48745180,64771540,0,4347652,0,4,2,0,6838719,1751664477,1754522754,12,12,601627,1548689,3101165,1086913,35574745,36498,242684798,250318745,0
1789651324.6979003,19.825,4850042,281004,0,224,61,49,47095,358368,13589090,14006348,2548096,62047676,48511184,64771540,0,4331268,0,2,4,0,6839229,1751791567,1754650907,12,12,637024,1549185,3102159,1082817,35583986,36498,242796874,250318745,0
1789651324.9484017,20.075,4850320,281062,0,224,61,49,47114,358416,13592511,14359744,2771672,62109356,48215792,64771540,0,4318948,0,2,5,0,6840872,1751909592,1754775678,12,12,692918,1550633,3105059,1079737,35589856,36498,242926406,250318745,0
1789651325.1988692,20.326,4850615,281126,0,224,61,49,47126,358443,13596740,14617308,2859848,62135684,47983520,64771540,0,4310756,0,2,6,0,6841840,1752059708,1754927683,12,12,714962,1551265,3106323,1077689,35596146,36498,243095794,250318745,0
1789651325.4493313,20.576,4850902,281183,0,224,61,49,47146,358479,13600450,14872996,2996244,62209400,47799700,64771540,0,4294372,0,2,3,0,6843258,1752182589,1755058033,12,12,749061,1553059,3109916,1073593,35603755,36498,243215362,250319465,0
1789651325.6997979,20.827,4851185,281240,0,224,61,49,47164,358521,13603922,15133276,3136900,62259920,47587668,64771540,0,4286180,0,2,3,0,6844077,1752299731,1755183367,12,12,784225,1554262,3112325,1071545,35607400,36498,243334958,250319465,0
1789651325.9502482,21.077,4851475,281297,0,224,61,49,47182,358556,13607425,15491072,3365188,62295968,47260692,64771540,0,4273892,0,2,3,0,6845805,1752430649,1755323065,12,12,841297,1555033,3113868,1068473,35613999,36498,243464874,250319465,0
1789651326.200723,21.327,4851766,281359,0,224,61,49,47193,358590,13611338,15746956,3383224,62316640,47023776,64771540,0,4326232,0,2,6,0,6846468,1752567702,1755464324,12,12,845806,1555506,3114816,1081558,35618906,36498,243633854,250388189,0
1789651326.4511802,21.578,4852059,281418,0,224,61,49,47213,358617,13614273,16008896,3519352,62296044,46737188,64771540,0,4318040,0,3,2,0,6847787,1752699293,1755601754,12,12,879838,1554891,3113585,1079510,35625472,36498,243759642,250388189,0
1789651326.7016535,21.828,4852347,281475,0,224,61,49,47232,358652,13617701,16261296,3648336,62313416,46498108,64771540,0,4301656,0,2,3,0,6848178,1752821954,1755733776,12,12,912084,1555224,3114251,1075414,35632594,36498,243882954,250388189,0
1789651326.952116,22.079,4852644,281536,0,224,61,49,47252,358674,13620690,16529272,3796592,62412148,46322472,64771540,0,4289368,0,3,3,0,6848619,1752963091,1755876401,12,12,949148,1557529,3118866,1072342,35641404,36498,244002578,250388189,0
1789651327.2025938,22.329,4852933,281597,0,224,61,49,47262,358711,13624597,16867888,3969872,62437004,46005836,64771540,0,4281176,0,3,2,0,6849403,1753089604,1756011336,12,12,992468,1558077,3119965,1070294,35648242,36498,244168498,250388189,0
1789651327.4530532,22.58,4853215,281654,0,224,61,49,47280,358754,13628110,17116508,4100032,62440236,45756632,64771540,0,4264792,0,4,2,0,6850540,1753208681,1756138200,12,12,1025008,1558063,3119936,1066198,35652864,36498,244286830,250388189,0
1789651327.703531,22.83,4853505,281716,0,224,61,49,47299,358781,13631292,17380676,4230256,62461184,45509348,64771540,0,4256600,0,2,3,0,6850864,1753338704,1756268465,12,12,1057564,1558483,3120777,1064150,35661299,36498,244420518,250388189,0
1789651327.9539864,23.081,4853793,281773,0,224,61,49,47317,358816,13634972,17838732,4567936,62441704,45022036,64771540,0,4240216,0,2,3,0,6851396,1753460409,1756398079,12,12,1141678,1557856,3119522,1060054,35667222,36498,244540638,250388189,0
1789651328.2044654,23.331,4854112,281829,0,224,61,49,47326,358831,13636649,17868520,4527980,62450880,45002772,64771540,0,4227928,0,2,2,0,6851730,1753625784,1756563803,12,12,1131893,1558027,3119864,1056982,35668554,36498,244610386,250388189,0
1789651328.454901,23.582,4854462,281879,0,224,61,49,47326,358831,13636759,17798460,4457920,62450976,45073828,64771540,0,4219736,0,2,1,0,6851777,1753872423,1756810666,12,12,1114480,1558041,3119893,1054934,35668556,36498,244610386,250388189,0
1789651328.7052355,23.832,4854812,281929,0,224,61,49,47326,358831,13636812,17798460,4457920,62450976,45073828,64771540,0,4203352,0,2,1,0,6851818,1754122498,1757060973,12,12,1114480,1558041,3119893,1050838,35668557,36498,244610386,250388189,0
1789651328.9555666,24.082,4855162,281979,0,224,61,49,47326,358831,13636893,17798460,4457920,62450976,45073828,64771540,0,4195160,0,2,1,0,6851863,1754372577,1757311266,12,12,1114480,1558041,3119893,1048790,35668557,36498,244610386,250388189,0
1789651329.2058876,24.333,4855512,282030,0,224,61,49,47326,358831,13636975,17798700,4458156,62450948,45073380,64771540,0,4182840,0,3,1,0,6851901,1754622677,1757561551,12,12,1114539,1558036,3119881,1045710,35668558,36498,244610386,250388189,0
1789651329.4562018,24.583,4855863,282080,0,224,61,49,47326,358831,13637032,17798700,4458156,62459012,45081444,64771540,0,4166456,0,2,1,0,6851941,1754872783,1757811841,12,12,1114539,1558237,3120284,1041614,35668558,36498,244610386,250388189,0
1789651329.7065268,24.833,4856213,282130,0,224,61,49,47326,358831,13637076,17798700,4458156,62459012,45081444,64771540,0,4158264,0,2,1,0,6851978,1755122883,1758062122,12,12,1114539,1558237,3120284,1039566,35668561,36498,244610386,250388189,0
1789651329.956842,25.084,4856563,282180,0,224,61,49,47326,358832,13637146,17798700,4458156,62459012,45081444,64771540,0,4150072,0,2,1,0,6852027,1755372910,1758312408,12,12,1114539,1558237,3120284,1037518,35668563,36498,244610386,250388189,0
1789651330.2071495,25.334,4856913,282230,0,224,61,49,47326,358832,13637211,17798696,4458156,62459268,45081700,64771540,0,4129940,0,2,1,0,6852065,1755623015,1758562696,12,12,1114539,1558243,3120297,1032485,35668564,36498,244610386,250388189,0
1789651330.45746,25.584,4857264,282280,0,224,61,49,47326,358832,13637274,17798700,4458172,62459268,45081700,64771540,0,4121400,0,2,1,0,6852105,1755872613,1758812464,12,12,1114543,1558243,3120297,1030350,35668564,36498,244610386,250388557,0
1789651330.707756,25.835,4857614,282330,0,224,61,49,47326,358832,13637323,17798700,4458172,62459268,45081700,64771540,0,4113208,0,2,1,0,6852142,1756122719,1759062728,12,12,1114543,1558243,3120297,1028302,35668566,36498,244610386,250388557,0
1789651330.958044,26.085,4857964,282380,0,224,61,49,47326,358832,13637425,17798700,4458172,62459268,45081700,64771540,0,4096824,0,2,1,0,6852198,1756371740,1759312012,12,12,1114543,1558243,3120297,1024206,35668567,36498,244610386,250388557,0
1789651331.208385,26.335,4858314,282430,0,224,61,49,47327,358832,13637481,17798700,4458172,62467092,45089524,64771540,0,4088632,0,2,1,0,6852245,1756621820,1759562314,12,12,1114543,1558439,3120688,1022158,35668570,36498,244610386,250388557,0
1789651331.4586918,26.585,4858665,282480,0,224,61,49,47327,358832,13637537,17798700,4458172,62467092,45089524,64771540,0,4076344,0,2,1,0,6852289,1756871883,1759812597,12,12,1114543,1558439,3120688,1019086,35668570,36498,244610386,250388557,0
1789651331.7090018,26.836,4859015,282530,0,224,61,49,47327,358832,13637582,17798700,4458172,62467092,45089524,64771540,0,4059960,0,2,1,0,6852326,1757121938,1760062884,12,12,1114543,1558439,3120688,1014990,35668571,36498,244610386,250388557,0
1789651331.9593349,27.086,4859365,282580,0,224,61,49,47327,358832,13637634,17798700,4458172,62467092,45089524,64771540,0,4043576,0,2,1,0,6852371,1757372030,1760313179,12,12,1114543,1558439,3120688,1010894,35668571,36498,244610386,250388557,0
1789651332.20964,27.336,4859716,282630,0,224,61,49,47327,358832,13637685,17798700,4458172,62474916,45097348,64771540,0,4035384,0,2,1,0,6852412,1757622094,1760563458,12,12,1114543,1558634,3121079,1008846,35668573,36498,244610386,250388557,0
1789651332.4599476,27.587,4860066,282680,0,224,61,49,47327,358832,13637854,17798700,4458172,62474916,45097348,64771540,0,4023088,0,2,1,0,6852469,1757870443,1760812764,12,12,1114543,1558634,3121079,1005772,35668574,36498,244610386,250388557,0
1789651332.7102702,27.837,4860416,282730,0,224,61,49,47327,358832,13637905,17798700,4458172,62474916,45097348,64771540,0,4014896,0,2,1,0,6852511,1758120476,1761063055,12,12,1114543,1558634,3121079,1003724,35668575,36498,244610386,250388557,0
1789651332.9606278,28.087,4860767,282780,0,224,61,49,47327,358832,13637958,17798700,4458172,62474916,45097348,64771540,0,3998512,0,2,1,0,6852559,1758370536,1761313352,12,12,1114543,1558634,3121079,999628,35668575,36498,244610386,250388557,0
1789651333.2109385,28.338,4861117,282830,0,224,61,49,47327,358832,13638025,17798700,4458172,62482980,45105412,64771540,0,3990320,0,2,1,0,6852601,1758620610,1761563638,12,12,1114543,1558835,3121482,997580,35668576,36498,244610386,250388557,0
1789651333.4612658,28.588,4861467,282880,0,224,61,49,47327,358832,13638088,17798700,4458172,62482980,45105412,64771540,0,3969816,0,2,1,0,6852643,1758870631,1761813928,12,12,1114543,1558835,3121482,992454,35668580,36498,244610386,250388557,0
1789651333.7115653,28.838,4861818,282930,0,224,61,49,47327,358832,13638136,17798700,4458172,62482980,45105412,64771540,0,3961624,0,2,1,0,6852678,1759120739,1762064193,12,12,1114543,1558835,3121482,990406,35668580,36498,244610386,250388557,0
1789651333.9618564,29.089,4862168,282980,0,224,61,49,47327,358832,13638195,17798700,4458172,62482980,45105412,64771540,0,3945240,0,2,1,0,6852724,1759370309,1762313959,12,12,1114543,1558835,3121482,986310,35668582,36498,244610386,250388557,0
1789651334.2121491,29.339,4862518,283030,0,224,61,49,47327,358833,13638246,17798700,4458172,62494156,45116588,64771540,0,3937048,0,2,1,0,6852761,1759620426,1762564249,12,12,1114543,1559114,3122041,984262,35668582,36498,244610386,250388557,0
1789651334.4624708,29.589,4862868,283080,0,224,61,49,47327,358833,13638314,17798700,4458172,62495340,45117772,64771540,0,3920664,0,2,1,0,6852800,1759870034,1762814027,12,12,1114543,1559144,3122100,980166,35668583,36498,244610386,250388557,0
1789651334.7127886,29.84,4863219,283130,0,224,61,49,47327,358833,13638365,17798700,4458172,62495340,45117772,64771540,0,3908376,0,2,1,0,6852836,1760119654,1763063821,12,12,1114543,1559144,3122100,977094,35668584,36498,244610386,250388557,0
1789651334.9630964,30.09,4863569,283180,0,224,61,49,47327,358833,13638423,17798700,4458172,62495340,45117772,64771540,0,3900184,0,2,1,0,6852881,1760369735,1763314098,12,12,1114543,1559144,3122100,975046,35668585,36498,244610386,250388557,0
1789651335.2134156,30.34,4863919,283230,0,224,61,49,47327,358833,13638480,17798700,4458172,62505940,45128372,64771540,0,3891992,0,2,1,0,6852916,1760619347,1763563884,12,12,1114543,1559408,3122630,972998,35668586,36498,244610386,250388557,0
1789651335.463729,30.59,4864269,283280,0,224,61,49,47327,358833,13638543,17798688,4458172,62508044,45130476,64771540,0,3875608,0,2,1,0,6852955,1760868436,1763813170,12,12,1114543,1559461,3122735,968902,35668587,36498,244610386,250388661,0
1789651335.714028,30.841,4864619,283330,0,224,61,49,47327,358833,13638604,17798688,4458172,62507792,45130224,64771540,0,3863312,0,2,1,0,6852990,1761118046,1764062944,12,12,1114543,1559455,3122723,965828,35668587,36498,244610386,250388709,0
1789651335.9643471,31.091,4864968,283382,0,224,61,49,47327,358833,13638835,17798688,4454188,62507800,45130224,64771540,0,3855152,0,2,1,0,6853056,1761361134,1764306277,443,443,1113547,1559455,3122723,963788,35668589,36498,244610386,250392693,0
1789651336.21467,31.341,4865318,283432,0,224,61,49,47327,358833,13638893,17798688,4454188,62518100,45140524,64771540,0,3838768,0,2,1,0,6853091,1761611249,1764556569,443,443,1113547,1559712,3123238,959692,35668589,36498,244610386,250392693,0
1789651336.4649827,31.592,4865669,283482,0,224,61,49,47327,358833,13638990,17798700,4454280,62519728,45142152,64771540,0,3830544,0,2,1,0,6853130,1761861355,1764806841,443,443,1113570,1559753,3123319,957636,35668590,36498,244610386,250392693,0
1789651336.7152824,31.842,4866019,283532,0,224,61,49,47327,358833,13639036,17798700,4454280,62519728,45142152,64771540,0,3814160,0,2,1,0,6853163,1762111450,1765057110,443,443,1113570,1559753,3123319,953540,35668591,36498,244610386,250392693,0
1789651336.9655747,32.092,4866369,283582,0,224,61,49,47327,358833,13639095,17798700,4454280,62519728,45142152,64771540,0,3801864,0,2,1,0,6853204,1762361524,1765307369,443,443,1113570,1559753,3123319,950466,35668592,36498,244610386,250392693,0
1789651337.2158673,32.343,4866719,283632,0,224,61,49,47327,358833,13639164,17798700,4454280,62529768,45152192,64771540,0,3793672,0,2,1,0,6853268,1762611117,1765557152,443,443,1113570,1560003,3123821,948418,35668593,36498,244610386,250392693,0
1789651337.4661808,32.593,4867070,283682,0,224,61,49,47327,358833,13639259,17798700,4454280,62531088,45153512,64771540,0,3777288,0,2,1,0,6853304,1762861201,1765807449,443,443,1113570,1560036,3123887,944322,35668595,36498,244610386,250392693,0
1789651337.7165077,32.843,4867420,283732,0,224,61,49,47327,358833,13639311,17798700,4454280,62531088,45153512,64771540,0,3760904,0,2,1,0,6853335,1763110823,1766057227,443,443,1113570,1560036,3123887,940226,35668595,36498,244610386,250392693,0
1789651337.966811,33.094,4867770,283782,0,224,61,49,47327,358833,13639362,17798700,4454280,62531088,45153512,64771540,0,3756792,0,2,1,0,6853372,1763360922,1766307487,443,443,1113570,1560036,3123887,939198,35668597,36498,244610386,250392693,0
1789651338.2170994,33.344,4868120,283832,0,224,61,49,47327,358833,13639427,17798700,4454280,62540708,45163132,64771540,0,3740408,0,2,1,0,6853409,1763610993,1766557756,443,443,1113570,1560276,3124368,935102,35668598,36498,244610386,250392693,0
1789651338.4674153,33.594,4868471,283882,0,224,61,49,47327,358833,13639476,17798700,4454280,62542116,45164540,64771540,0,3732216,0,2,1,0,6853439,1763861109,1766808017,443,443,1113570,1560312,3124439,933054,35668599,36498,244610386,250392693,0
1789651338.7176998,33.844,4868821,283932,0,224,61,49,47327,358833,13639530,17798700,4454280,62542116,45164540,64771540,0,3715832,0,2,1,0,6853476,1764111169,1767058278,443,443,1113570,1560312,3124439,928958,35668599,36498,244610386,250392693,0
1789651338.9679976,34.095,4869171,283982,0,224,61,49,47327,358833,13639585,17798700,4454280,62542116,45164540,64771540,0,3703544,0,2,1,0,6853519,1764361216,1767308547,443,443,1113570,1560312,3124439,925886,35668600,36498,244610386,250392693,0
1789651339.2182953,34.345,4869522,284032,0,224,61,49,47327,358833,13639647,17798700,4454280,62551524,45173948,64771540,0,3695352,0,2,1,0,6853557,1764611302,1767558818,443,443,1113570,1560546,3124909,923838,35668601,36498,244610386,250392693,0
1789651339.468604,34.595,4869872,284082,0,224,61,49,47327,358833,13639702,17798700,4454280,62552756,45175180,64771540,0,3678968,0,2,1,0,6853596,1764861377,1767809087,443,443,1113570,1560577,3124970,919742,35668603,36498,244610386,250392693,0
1789651339.7188935,34.846,4870222,284132,0,224,61,49,47327,358833,13639751,17798700,4454280,62552756,45175180,64771540,0,3670776,0,2,1,0,6853631,1765111473,1768059349,443,443,1113570,1560577,3124970,917694,35668603,36498,244610386,250392693,0
1789651339.969182,35.096,4870573,284182,0,224,61,49,47327,358833,13639798,17798700,4454280,62552756,45175180,64771540,0,3654392,0,2,1,0,6853669,1765361535,1768309627,443,443,1113570,1560577,3124970,913598,35668604,36498,244610386,250392693,0
1789651340.219487,35.346,4870923,284232,0,224,61,49,47327,358833,13639869,17798700,4454280,62569936,45192360,64771540,0,3642096,0,2,1,0,6853705,1765611143,1768559391,443,443,1113570,1561006,3125829,910524,35668604,36498,244610386,250392693,0
1789651340.469783,35.597,4871273,284282,0,224,61,49,47327,358833,13639964,17798700,4454280,62570976,45193400,64771540,0,3633904,0,2,1,0,6853752,1765861221,1768809657,443,443,1113570,1561032,3125881,908476,35668606,36498,244610386,250392693,0
1789651340.7200773,35.847,4871623,284333,0,224,61,49,47327,358833,13640022,17798700,4454280,62571232,45193656,64771540,0,3617520,0,2,1,0,6853786,1766110810,1769059426,443,443,1113570,1561038,3125894,904380,35668607,36498,244610386,250392733,0
1789651340.9703877,36.097,4871973,284383,0,224,61,49,47327,358833,13640096,17798708,4453744,62571020,45193404,64771540,0,3609328,0,2,1,0,6853825,1766360885,1769309703,443,443,1113436,1561033,3125883,902332,35668612,36498,244610386,250393273,0
1789651341.220674,36.347,4872324,284433,0,224,61,49,47328,358833,13640176,17798708,4453744,62588408,45210792,64771540,0,3588848,0,2,1,0,6853868,1766610930,1769559969,443,443,1113436,1561467,3126753,897212,35668612,36498,244610386,250393273,0
1789651341.4709718,36.598,4872674,284483,0,224,61,49,47328,358833,13640225,17798708,4453744,62588408,45210792,64771540,0,3580656,0,2,1,0,6853898,1766861044,1769810230,443,443,1113436,1561467,3126753,895164,35668613,36498,244610386,250393273,0
1789651341.7212644,36.848,4873024,284533,0,224,61,49,47328,358833,13640278,17798708,4453744,62588408,45210792,64771540,0,3564272,0,2,1,0,6853934,1767110644,1770060007,443,443,1113436,1561467,3126753,891068,35668614,36498,244610386,250393273,0
1789651341.9715672,37.098,4873375,284583,0,224,61,49,47328,358833,13640323,17798708,4453744,62588664,45211048,64771540,0,3556080,0,2,1,0,6853964,1767360757,1770310276,443,443,1113436,1561474,3126765,889020,35668615,36498,244610386,250393273,0
1789651342.2218852,37.349,4873725,284633,0,224,61,49,47328,358833,13640390,17798708,4453744,62597476,45219860,64771540,0,3543768,0,2,1,0,6854010,1767610814,1770560570,443,443,1113436,1561694,3127206,885942,35668616,36498,244610386,250393273,0
1789651342.472208,37.599,4874075,284683,0,224,61,49,47328,358833,13640439,17798708,4453744,62597732,45220116,64771540,0,3535576,0,2,1,0,6854041,1767860943,1770810863,443,443,1113436,1561700,3127219,883894,35668617,36498,244610386,250393273,0
1789651342.722528,37.849,4874426,284733,0,224,61,49,47328,358833,13640486,17798708,4453744,62597732,45220116,64771540,0,3519192,0,2,1,0,6854076,1768111042,1771061138,443,443,1113436,1561700,3127219,879798,35668617,36498,244610386,250393273,0
1789651342.9728417,38.1,4874776,284783,0,224,61,49,47328,358833,13640541,17798708,4453744,62597732,45220116,64771540,0,3511000,0,2,1,0,6854115,1768361102,1771311427,443,443,1113436,1561700,3127219,877750,35668619,36498,244610386,250393273,0
1789651343.2231596,38.35,4875126,284833,0,224,61,49,47328,358833,13640612,17798708,4453744,62613212,45235596,64771540,0,3494616,0,2,1,0,6854152,1768610709,1771561222,443,443,1113436,1562086,3127992,873654,35668620,36498,244610386,250393273,0
1789651343.4734743,38.6,4875477,284883,0,224,61,49,47328,358833,13640670,17798708,4453744,62613212,45235596,64771540,0,3482328,0,2,1,0,6854189,1768860779,1771811490,443,443,1113436,1562086,3127992,870582,35668621,36498,244610386,250393273,0
1789651343.723767,38.851,4875827,284933,0,224,61,49,47328,358833,13640715,17798708,4453744,62613212,45235596,64771540,0,3474136,0,2,1,0,6854224,1769110878,1772061748,443,443,1113436,1562086,3127992,868534,35668622,36498,244610386,250393273,0
1789651343.974055,39.101,4876177,284983,0,224,61,49,47328,358833,13640774,17798708,4453744,62613212,45235596,64771540,0,3457752,0,2,1,0,6854262,1769360911,1772312016,443,443,1113436,1562086,3127992,864438,35668623,36498,244610386,250393273,0
1789651344.2243645,39.351,4876528,285033,0,224,61,49,47328,358833,13640827,17798708,4453744,62620412,45242796,64771540,0,3449560,0,2,1,0,6854301,1769611005,1772562304,443,443,1113436,1562266,3128352,862390,35668624,36498,244610386,250393273,0
1789651344.474669,39.601,4876878,285083,0,224,61,49,47328,358833,13640923,17798708,4453744,62626716,45249100,64771540,0,3437264,0,2,1,0,6854337,1769861111,1772812574,443,443,1113436,1562423,3128667,859316,35668626,36498,244610386,250393273,0
1789651344.7249584,39.852,4877228,285133,0,224,61,49,47328,358833,13640986,17798708,4453744,62626716,45249100,64771540,0,3429072,0,2,1,0,6854370,1770110726,1773062330,443,443,1113436,1562423,3128667,857268,35668626,36498,244610386,250393273,0
1789651344.9752386,40.102,4877578,285183,0,224,61,49,47328,358833,13641041,17798708,4453744,62626716,45249100,64771540,0,3412688,0,2,1,0,6854401,1770360339,1773312097,443,443,1113436,1562423,3128667,853172,35668628,36498,244610386,250393273,0
1789651345.2255328,40.352,4877928,285233,0,224,61,49,47328,358834,13641110,17798708,4453744,62633708,45256092,64771540,0,3404496,0,2,1,0,6854441,1770610358,1773562364,443,443,1113436,1562598,3129017,851124,35668628,36498,244610386,250393273,0
1789651345.47583,40.603,4878279,285283,0,224,61,49,47328,358834,13641164,17798708,4453744,62633708,45256092,64771540,0,3384008,0,2,1,0,6854473,1770860439,1773812631,443,443,1113436,1562598,3129017,846002,35668630,36498,244610386,250393273,0
1789651345.726125,40.853,4878629,285333,0,224,61,49,47328,358834,13641211,17798708,4453744,62633708,45256092,64771540,0,3375816,0,2,1,0,6854508,1771110544,1774062888,443,443,1113436,1562598,3129017,843954,35668630,36498,244610386,250393273,0
1789651345.9764311,41.103,4878979,285383,0,224,61,49,47328,358834,13641279,17798708,4453744,62633708,45256092,64771540,0,3359432,0,2,1,0,6854544,1771360139,1774312659,443,443,1113436,1562598,3129017,839858,35668632,36498,244610386,250393313,0
1789651346.2267227,41.353,4879329,285433,0,224,61,49,47328,358834,13641362,17798716,4452832,62645240,45267600,64771540,0,3351240,0,2,1,0,6854584,1771609231,1774561935,443,443,1113208,1562886,3129593,837810,35668632,36498,244610390,250394225,0
1789651346.4770179,41.604,4879680,285483,0,224,61,49,47328,358834,13641427,17798716,4452832,62645240,45267600,64771540,0,3334856,0,2,1,0,6854616,1771858836,1774811725,443,443,1113208,1562886,3129593,833714,35668632,36498,244610390,250394225,0
1789651346.72736,41.854,4880030,285533,0,224,61,49,47328,358834,13641472,17798716,4452832,62645240,45267600,64771540,0,3330744,0,2,1,0,6854652,1772108964,1775062025,443,443,1113208,1562886,3129593,832686,35668633,36498,244610390,250394225,0
1789651346.9776661,42.104,4880380,285583,0,224,61,49,47328,358834,13641530,17798716,4452832,62645240,45267600,64771540,0,3314360,0,2,1,0,6854686,1772359075,1775312303,443,443,1113208,1562886,3129593,828590,35668634,36498,244610390,250394225,0
1789651347.2279785,42.355,4880731,285634,0,224,61,49,47328,358834,13641595,17798716,4452832,62650068,45272428,64771540,0,3306168,0,2,1,0,6854725,1772608668,1775562084,443,443,1113208,1563006,3129835,826542,35668636,36498,244610390,250394225,0
1789651347.4782743,42.605,4881081,285684,0,224,61,49,47328,358834,13641692,17798716,4452836,62657892,45280252,64771540,0,3289784,0,2,1,0,6854758,1772858265,1775811861,443,443,1113209,1563202,3130226,822446,35668640,36498,244610390,250394225,0
1789651347.7285793,42.855,4881431,285734,0,224,61,49,47328,358834,13641743,17798716,4452836,62657892,45280252,64771540,0,3277496,0,2,1,0,6854796,1773108340,1776062133,443,443,1113209,1563202,3130226,819374,35668641,36498,244610390,250394225,0
1789651347.9788754,43.106,4881781,285784,0,224,61,49,47328,358834,13641790,17798716,4452836,62657892,45280252,64771540,0,3269304,0,2,1,0,6854828,1773358451,1776312406,443,443,1113209,1563202,3130226,817326,35668642,36498,244610390,250394225,0
1789651348.2291815,43.356,4882132,285834,0,224,61,49,47329,358834,13641855,17798716,4452836,62667044,45289404,64771540,0,3252920,0,2,1,0,6854868,1773608525,1776562702,443,443,1113209,1563430,3130683,813230,35668645,36498,244610390,250394225,0
1789651348.4795082,43.606,4882476,285883,0,224,61,49,47331,358837,13642559,17798716,4454200,62658852,45281192,64771540,0,3244728,0,2,1,0,6854929,1773833158,1776788628,443,443,1113550,1563226,3130274,811182,35674813,36498,244610390,250394225,0
1789651348.7298613,43.857,4882824,285933,0,224,61,49,47332,358837,13642908,17798712,4456320,62658248,45280588,64771540,0,3228344,0,2,1,0,6854975,1774078310,1777034010,443,443,1114080,1563211,3130244,807086,35675721,36499,244610390,250394225,0
1789651348.9801815,44.107,4883175,285983,0,224,61,49,47332,358837,13642968,17798712,4456320,62658248,45280588,64771540,0,3216040,0,2,1,0,6855018,1774327916,1777283804,443,443,1114080,1563211,3130244,804010,35675721,36499,244610390,250394225,0
1789651349.2305021,44.357,4883525,286033,0,224,61,49,47332,358837,13643051,17798780,4456328,62662732,45284992,64771540,0,3199656,0,2,1,0,6855052,1774577535,1777533598,443,443,1114082,1563321,3130464,799914,35675722,36499,244610390,250394225,0
1789651349.4808443,44.608,4883875,286084,0,224,61,49,47332,358837,13643094,17798780,4456328,62662732,45284992,64771540,0,3191464,0,2,1,0,6855081,1774827647,1777783890,443,443,1114082,1563321,3130464,797866,35675724,36499,244610390,250394225,0
1789651349.7311468,44.858,4884225,286134,0,224,61,49,47332,358838,13643146,17798780,4456328,62662988,45285248,64771540,0,3183272,0,2,1,0,6855112,1775077271,1778033671,443,443,1114082,1563327,3130477,795818,35675725,36499,244610390,250394225,0
1789651349.9814513,45.108,4884576,286184,0,224,61,49,47332,358838,13643195,17798780,4456328,62662988,45285248,64771540,0,3170984,0,2,1,0,6855150,1775327330,1778283936,443,443,1114082,1563327,3130477,792746,35675725,36499,244610390,250394225,0
1789651350.2317517,45.359,4884926,286234,0,224,61,49,47332,358838,13643274,17798780,4456328,62684280,45306540,64771540,0,3154600,0,2,1,0,6855195,1775577395,1778534209,443,443,1114082,1563859,3131541,788650,35675726,36499,244610390,250394225,0
1789651350.4820485,45.609,4885276,286284,0,224,61,49,47332,358838,13643335,17798780,4456328,62684672,45306932,64771540,0,3146408,0,2,1,0,6855229,1775827501,1778784466,443,443,1114082,1563868,3131561,786602,35675726,36499,244610390,250394225,0
1789651350.7323675,45.859,4885626,286334,0,224,61,49,47332,358838,13643388,17798780,4456328,62684928,45307188,64771540,0,3130024,0,2,1,0,6855268,1776077125,1779034257,443,443,1114082,1563875,3131574,782506,35675729,36499,244610390,250394225,0
1789651350.9826572,46.109,4885977,286384,0,224,61,49,47332,358838,13643471,17798780,4456328,62684928,45307188,64771540,0,3117720,0,2,1,0,6855303,1776327214,1779284529,443,443,1114082,1563875,3131574,779430,35675730,36499,244610390,250394225,0
1789651351.232964,46.36,4886327,286434,0,224,61,49,47332,358838,13643538,17798780,4456328,62689304,45311564,64771540,0,3109528,0,2,1,0,6855338,1776576815,1779534308,443,443,1114082,1563984,3131793,777382,35675731,36499,244610390,250394225,0
1789651351.4832668,46.61,4886677,286484,0,224,61,49,47332,358838,13643591,17798780,4456364,62689304,45311564,64771540,0,3093292,0,2,1,0,6855373,1776826913,1779784578,443,443,1114091,1563984,3131793,773323,35675731,36499,244610390,250394273,0
1789651351.733565,46.86,4887024,286534,0,224,61,49,47335,358838,13643676,17798752,3794960,62687244,45309504,64771540,0,3746356,0,2,1,0,6855417,1777061932,1780019834,443,443,948740,1563933,3131690,936589,35675732,36499,244610398,251055829,0
1789651351.9839118,47.111,4887375,286584,0,224,61,49,47335,358838,13643725,17798752,3794960,62687244,45309504,64771540,0,3730208,0,2,1,0,6855451,1777312055,1780270134,443,443,948740,1563933,3131690,932552,35675733,36499,244610398,251055829,0
1789651352.2342458,47.361,4887725,286634,0,224,61,49,47336,358838,13643790,17798752,3794960,62690028,45312288,64771540,0,3718216,0,2,1,0,6855484,1777561691,1780519949,443,443,948740,1564002,3131829,929554,35675735,36499,244610398,251055829,0
1789651352.4845753,47.611,4888075,286684,0,224,61,49,47336,358838,13643897,17798820,3794808,62702928,45325120,64771540,0,3709636,0,2,1,0,6855526,1777811299,1780769732,443,443,948702,1564324,3132474,927409,35675735,36499,244610398,251055829,0
1789651352.7348835,47.862,4888425,286734,0,224,61,49,47336,358838,13643949,17798820,3794808,62702928,45325120,64771540,0,3693252,0,2,1,0,6855562,1778061392,1781020013,443,443,948702,1564324,3132474,923313,35675736,36499,244610398,251055829,0
1789651352.9851902,48.112,4888776,286784,0,224,61,49,47336,358838,13644006,17798820,3794808,62702928,45325120,64771540,0,3685060,0,2,1,0,6855600,1778311457,1781270302,443,443,948702,1564324,3132474,921265,35675736,36499,244610398,251055829,0
1789651353.2355127,48.362,4889126,286834,0,224,61,49,47336,358838,13644079,17798820,3794808,62703808,45326000,64771540,0,3664572,0,2,1,0,6855635,1778561061,1781520087,443,443,948702,1564346,3132518,916143,35675738,36499,244610398,251055829,0
1789651353.4858246,48.613,4889476,286884,0,224,61,49,47336,358838,13644129,17798820,3794808,62705968,45328160,64771540,0,3656380,0,2,1,0,6855665,1778811180,1781770356,443,443,948702,1564400,3132626,914095,35675739,36499,244610398,251055829,0
1789651353.7361126,48.863,4889827,286934,0,224,61,49,47336,358838,13644188,17798820,3794808,62705968,45328160,64771540,0,3639996,0,2,1,0,6855700,1779060806,1782020140,443,443,948702,1564400,3132626,909999,35675740,36499,244610398,251055829,0
1789651353.9864337,49.113,4890177,286984,0,224,61,49,47336,358838,13644233,17798820,3794808,62705968,45328160,64771540,0,3631804,0,2,1,0,6855740,1779310907,1782270411,443,443,948702,1564400,3132626,907951,35675740,36499,244610398,251055829,0
1789651354.2367296,49.363,4890527,287034,0,224,61,49,47336,358838,13644288,17798820,3794808,62706880,45329072,64771540,0,3619516,0,2,1,0,6855775,1779561019,1782520685,443,443,948702,1564423,3132671,904879,35675740,36499,244610398,251055829,0
1789651354.4870372,49.614,4890878,287084,0,224,61,49,47336,358838,13644340,17798820,3794808,62706880,45329072,64771540,0,3611324,0,2,1,0,6855809,1779811138,1782770958,443,443,948702,1564423,3132671,902831,35675742,36499,244610398,251055829,0
1789651354.7373588,49.864,4891228,287134,0,224,61,49,47336,358838,13644387,17798820,3794808,62706880,45329072,64771540,0,3594940,0,2,1,0,6855841,1780061269,1783021259,443,443,948702,1564423,3132671,898735,35675743,36499,244610398,251055829,0
1789651354.9876592,50.114,4891578,287184,0,224,61,49,47336,358838,13644455,17798820,3794808,62706880,45329072,64771540,0,3586748,0,2,1,0,6855873,1780310882,1783271031,443,443,948702,1564423,3132671,896687,35675744,36499,244610398,251055829,0
1789651355.237959,50.365,4891928,287234,0,224,61,49,47336,358838,13644513,17798820,3794808,62708908,45331100,64771540,0,3570364,0,2,1,0,6855915,1780560920,1783521305,443,443,948702,1564473,3132772,892591,35675744,36499,244610398,251055829,0
1789651355.4882662,50.615,4892279,287285,0,224,61,49,47336,358838,13644566,17798820,3794808,62708908,45331100,64771540,0,3558060,0,2,1,0,6855947,1780810541,1783771081,443,443,948702,1564473,3132772,889515,35675745,36499,244610398,251055829,0
1789651355.7385652,50.865,4892629,287335,0,224,61,49,47336,358838,13644618,17798820,3794808,62708908,45331100,64771540,0,3549868,0,2,1,0,6855979,1781060636,1784021360,443,443,948702,1564473,3132772,887467,35675746,36499,244610398,251055829,0
1789651355.988883,51.116,4892979,287385,0,224,61,49,47336,358838,13644677,17798820,3794808,62708908,45331100,64771540,0,3533484,0,2,1,0,6856015,1781310248,1784271140,443,443,948702,1564473,3132772,883371,35675748,36499,244610398,251055829,0
1789651356.2391808,51.366,4893330,287435,0,224,61,49,47336,358838,13644730,17798820,3794808,62710588,45332780,64771540,0,3525572,0,2,1,0,6856050,1781560369,1784521428,443,443,948702,1564515,3132856,881393,35675748,36499,244610398,251055829,0
1789651356.4895039,51.616,4893680,287485,0,224,61,49,47336,358838,13644826,17798820,3794808,62723476,45345668,64771540,0,3513284,0,2,1,0,6856094,1781810439,1784771696,443,443,948702,1564837,3133501,878321,35675750,36499,244610398,251055829,0
1789651356.7398036,51.867,4894030,287535,0,224,61,49,47336,358838,13644885,17798820,3795000,62723476,45345668,64771540,0,3496688,0,2,1,0,6856127,1782060058,1785021471,443,443,948750,1564837,3133501,874172,35675750,36499,244610398,251056061,0
1789651356.9901168,52.117,4894366,287585,0,224,61,49,47350,358838,13645042,17798692,862460,62720152,45342344,64771540,0,6420968,0,2,1,0,6856940,1782255474,1785217198,443,443,215615,1564754,3133335,1605242,35675752,36499,244610402,253988601,0
1789651357.2405398,52.367,4894717,287635,0,224,61,49,47350,358838,13645105,17799012,862460,62722596,45344468,64771540,0,6404584,0,2,1,0,6856975,1782505610,1785467525,443,443,215615,1564815,3133457,1601146,35675753,36499,244610402,253988601,0
1789651357.4908772,52.618,4895067,287685,0,224,61,49,47350,358838,13645192,17799012,862464,62722092,45343964,64771540,0,6392280,0,2,1,0,6857006,1782753759,1785715841,443,443,215616,1564803,3133432,1598070,35675776,36499,244610402,253988601,0
1789651357.7411983,52.868,4895417,287735,0,224,61,49,47350,358839,13645239,17799012,862464,62722092,45343964,64771540,0,6384088,0,2,1,0,6857040,1783003886,1785966136,443,443,215616,1564803,3133432,1596022,35675776,36499,244610402,253988601,0
1789651357.9915204,53.118,4895767,287785,0,224,61,49,47350,358839,13645294,17799012,862464,62722092,45343964,64771540,0,6367704,0,2,1,0,6857072,1783253501,1786215917,443,443,215616,1564803,3133432,1591926,35675777,36499,244610402,253988601,0
1789651358.2418242,53.369,4896117,287835,0,224,61,49,47350,358839,13645350,17799012,862464,62723388,45345260,64771540,0,6359512,0,2,1,0,6857106,1783503120,1786465693,443,443,215616,1564835,3133496,1589878,35675778,36499,244610402,253988601,0
1789651358.49213,53.619,4896468,287885,0,224,61,49,47350,358839,13645407,17799012,862464,62723388,45345260,64771540,0,6343128,0,2,1,0,6857137,1783752751,1786715485,443,443,215616,1564835,3133496,1585782,35675780,36499,244610402,253988601,0
1789651358.7424405,53.869,4896818,287935,0,224,61,49,47350,358839,13645454,17799012,862464,62723388,45345260,64771540,0,6330840,0,2,1,0,6857171,1784002840,1786965747,443,443,215616,1564835,3133496,1582710,35675780,36499,244610402,253988601,0
1789651358.9927342,54.12,4897168,287985,0,224,61,49,47350,358839,13645506,17799012,862464,62723388,45345260,64771540,0,6322648,0,2,1,0,6857209,1784252928,1787216029,443,443,215616,1564835,3133496,1580662,35675781,36499,244610402,253988601,0
1789651359.2430453,54.37,4897519,288035,0,224,61,49,47350,358839,13645571,17799012,862464,62724620,45346492,64771540,0,6306520,0,2,1,0,6857250,1784502352,1787465808,443,443,215616,1564866,3133558,1576630,35675781,36499,244610402,253988601,0
1789651359.4933689,54.62,4897869,288085,0,224,61,49,47350,358839,13645616,17799012,862464,62724620,45346492,64771540,0,6298444,0,2,1,0,6857291,1784752312,1787716105,443,443,215616,1564866,3133558,1574611,35675781,36499,244610402,253988601,0
1789651359.7436707,54.87,4898219,288135,0,224,61,49,47350,358839,13645667,17799012,862464,62724620,45346492,64771540,0,6286104,0,2,1,0,6857328,1785001718,1787965872,443,443,215616,1564866,3133558,1571526,35675783,36499,244610402,253988601,0
1789651359.9939766,55.121,4898570,288185,0,224,61,49,47350,358839,13645716,17799012,862464,62724620,45346492,64771540,0,6277640,0,2,1,0,6857371,1785251696,1788216160,443,443,215616,1564866,3133558,1569410,35675784,36499,244610402,253988601,0
1789651360.2442796,55.371,4898920,288235,0,224,61,49,47350,358839,13645783,17799012,862464,62731856,45353728,64771540,0,6261224,0,2,1,0,6857414,1785501017,1788465934,443,443,215616,1565046,3133920,1565306,35675785,36499,244610402,253988601,0
1789651360.4945774,55.621,4899270,288286,0,224,61,49,47350,358839,13645888,17799012,862464,62738032,45359904,64771540,0,6253000,0,2,2,0,6857461,1785750481,1788715714,443,443,215616,1565200,3134228,1563019,35675785,36499,244610402,253988601,0
1789651360.7448843,55.872,4899620,288335,0,224,61,49,47350,358839,13645943,17799012,862464,62738032,45359904,64771540,0,6232536,0,2,1,0,6857498,1786000554,1788965980,443,443,215616,1565200,3134228,1558134,35675786,36499,244610402,253988601,0
1789651360.9951768,56.122,4899971,288386,0,224,61,49,47350,358839,13646004,17799012,862464,62738032,45359904,64771540,0,6224392,0,2,1,0,6857535,1786250648,1789216257,443,443,215616,1565200,3134228,1556098,35675787,36499,244610402,253988601,0
1789651361.2454963,56.372,4900321,288435,0,224,61,49,47350,358839,13646075,17799012,862464,62738032,45359904,64771540,0,6216216,0,2,1,0,6857576,1786500722,1789466535,443,443,215616,1565200,3134228,1554054,35675789,36499,244610402,253988601,0
1789651361.4957979,56.623,4900671,288485,0,224,61,49,47350,358839,13646121,17799012,862464,62738032,45359904,64771540,0,6199928,0,2,1,0,6857610,1786750786,1789716800,443,443,215616,1565200,3134228,1549982,35675789,36499,244610402,253988601,0
1789651361.746091,56.873,4901022,288536,0,224,61,49,47350,358839,13646166,17799012,862464,62738032,45359904,64771540,0,6191736,0,2,1,0,6857643,1787000894,1789967057,443,443,215616,1565200,3134228,1547934,35675790,36499,244610402,253988601,0
1789651361.9963887,57.123,4901372,288586,0,224,61,49,47350,358839,13646224,17799004,862464,62738032,45359904,64771540,0,6179432,0,2,1,0,6857686,1787250978,1790217336,443,443,215616,1565200,3134228,1544858,35675790,36499,244610402,253988873,0
1789651362.2466815,57.373,4901722,288635,0,224,61,49,47351,358839,13646293,17799004,862464,62738032,45359904,64771540,0,6163048,0,2,1,0,6857762,1787501003,1790467615,443,443,215616,1565200,3134228,1540762,35675792,36499,244610402,253988873,0
1789651362.497007,57.624,4902068,288686,0,224,61,49,47354,358839,13646491,17799060,5332,62744228,45365912,64771540,0,7011988,0,2,1,0,6857804,1787732687,1790699494,443,443,1333,1565355,3134538,1752997,35675794,36499,244610406,254846005,0
1789651362.7473133,57.874,4902419,288736,0,224,61,49,47354,358839,13646550,17799060,5332,62744228,45365912,64771540,0,6995604,0,2,1,0,6857836,1787982299,1790949263,443,443,1333,1565355,3134538,1748901,35675795,36499,244610406,254846005,0
1789651362.997599,58.124,4902769,288786,0,224,61,49,47354,358839,13646601,17799060,5332,62744228,45365912,64771540,0,6983316,0,2,1,0,6857878,1788232388,1791199519,443,443,1333,1565355,3134538,1745829,35675795,36499,244610406,254846005,0
1789651363.2478838,58.375,4903119,288836,0,224,61,49,47354,358839,13646665,17799060,5332,62744228,45365912,64771540,0,6966932,0,2,1,0,6857916,1788481978,1791449293,443,443,1333,1565355,3134538,1741733,35675797,36499,244610406,254846005,0
1789651363.4981847,58.625,4903469,288886,0,224,61,49,47355,358839,13646709,17799060,5332,62744228,45365912,64771540,0,6958740,0,2,1,0,6857946,1788732081,1791699568,443,443,1333,1565355,3134538,1739685,35675798,36499,244610406,254846005,0
1789651363.7484884,58.875,4903820,288936,0,224,61,49,47355,358839,13646764,17799060,5332,62744228,45365912,64771540,0,6942492,0,2,1,0,6857982,1788981692,1791949329,443,443,1333,1565355,3134538,1735623,35675799,36499,244610406,254846005,0
1789651363.9987688,59.126,4904170,288986,0,224,61,49,47355,358839,13646809,17799060,5332,62744228,45365912,64771540,0,6934300,0,2,1,0,6858014,1789231795,1792199583,443,443,1333,1565355,3134538,1733575,35675799,36499,244610406,254846005,0
1789651364.2490516,59.376,4904520,289036,0,224,61,49,47355,358839,13646874,17799060,5332,62744228,45365912,64771540,0,6921996,0,2,1,0,6858051,1789481389,1792449349,443,443,1333,1565355,3134538,1730499,35675800,36499,244610406,254846005,0
1789651364.4993625,59.626,4904870,289086,0,224,61,49,47355,358839,13646976,17799068,5540,62753408,45375092,64771540,0,6913492,0,2,1,0,6858095,1789730970,1792699131,443,443,1385,1565584,3134997,1728373,35675800,36499,244610406,254846005,0
1789651364.749656,59.876,4905221,289136,0,224,61,49,47355,358839,13647041,17799068,5540,62753408,45375092,64771540,0,6897108,0,2,1,0,6858134,1789980560,1792948894,443,443,1385,1565584,3134997,1724277,35675802,36499,244610406,254846005,0
1789651364.9999526,60.127,4905571,289186,0,224,61,49,47355,358839,13647088,17799068,5540,62753408,45375092,64771540,0,6888916,0,2,1,0,6858173,1790230643,1793199168,443,443,1385,1565584,3134997,1722229,35675803,36499,244610406,254846005,0
1789651365.2502427,60.377,4905921,289236,0,224,61,49,47355,358839,13647159,17799068,5540,62753408,45375092,64771540,0,6868428,0,2,1,0,6858205,1790480269,1793448952,443,443,1385,1565584,3134997,1717107,35675803,36499,244610406,254846005,0
1789651365.5005507,60.627,4906271,289286,0,224,61,49,47355,358839,13647198,17799068,5540,62753408,45375092,64771540,0,6860236,0,2,1,0,6858236,1790730364,1793699208,443,443,1385,1565584,3134997,1715059,35675804,36499,244610406,254846005,0
1789651365.7508345,60.878,4906622,289336,0,224,61,49,47355,358839,13647256,17799068,5540,62753408,45375092,64771540,0,6852044,0,2,1,0,6858283,1790980426,1793949470,443,443,1385,1565584,3134997,1713011,35675804,36499,244610406,254846005,0
1789651366.0011249,61.128,4906972,289386,0,224,61,49,47355,358839,13647313,17799068,5540,62753408,45375092,64771540,0,6835660,0,2,1,0,6858320,1791230510,1794199730,443,443,1385,1565584,3134997,1708915,35675806,36499,244610406,254846005,0
1789651366.2514336,61.378,4907322,289436,0,224,61,49,47355,358839,13647393,17799068,5540,62753408,45375092,64771540,0,6819180,0,2,1,0,6858356,1791480599,1794450003,443,443,1385,1565584,3134997,1704795,35675807,36499,244610406,254846005,0
1789651366.5017257,61.628,4907672,289487,0,224,61,49,47355,358839,13647517,17799084,6076,62753036,45374708,64771540,0,6804712,0,2,1,0,6858454,1791729520,1794699128,443,443,1519,1565575,3134978,1701178,35675816,36499,244610406,254846061,0
1789651366.752012,61.879,4908023,289537,0,224,61,49,47355,358839,13647618,17799084,6076,62753036,45374708,64771540,0,6794884,0,2,1,0,6858486,1791979630,1794949384,443,443,1519,1565575,3134978,1698721,35675818,36499,244610406,254846061,0
1789651367.0022953,62.129,4908373,289587,0,224,61,49,47355,358839,13647730,17798704,6152,62752784,45374708,64771540,0,6780112,0,2,1,0,6858528,1792228218,1795198129,443,443,1538,1565569,3134966,1695028,35675819,36499,244610406,254846249,0
1789651367.252582,62.379,4908723,289637,0,224,61,49,47355,358839,13647827,17798704,6152,62752784,45374708,64771540,0,6770256,0,2,1,0,6858563,1792478305,1795448393,443,443,1538,1565569,3134966,1692564,35675821,36499,244610406,254846249,0
1789651367.5028853,62.63,4909073,289687,0,224,61,49,47355,358840,13647987,17798704,6152,62753668,45375592,64771540,0,6755636,0,2,1,0,6858597,1792726928,1795697167,443,443,1538,1565591,3135010,1688909,35675828,36499,244610406,254846249,0
1789651367.7531688,62.88,4909423,289737,0,224,61,49,47355,358840,13648088,17798704,6152,62753668,45375592,64771540,0,6745824,0,2,1,0,6858633,1792976997,1795947440,443,443,1538,1565591,3135010,1686456,35675828,36499,244610406,254846249,0
1789651368.0034738,63.13,4909773,289787,0,224,61,49,47355,358840,13648209,17798704,6152,62753668,45375592,64771540,0,6731188,0,2,1,0,6858669,1793227054,1796197699,443,443,1538,1565591,3135010,1682797,35675829,36499,244610406,254846249,0
1789651368.2537575,63.381,4910124,289837,0,224,61,49,47355,358840,13648319,17798704,6152,62753668,45375592,64771540,0,6721724,0,2,1,0,6858705,1793477135,1796447960,443,443,1538,1565591,3135010,1680431,35675829,36499,244610406,254846249,0
1789651368.5040548,63.631,4910474,289887,0,224,61,49,47356,358840,13648494,17798792,6620,62760476,45382332,64771540,0,6706924,0,2,1,0,6858748,1793727032,1796698061,443,443,1655,1565761,3135350,1676731,35675839,36499,244610406,254846249,0
1789651368.7544096,63.881,4910824,289937,0,224,61,49,47356,358840,13648601,17798792,6620,62760476,45382332,64771540,0,6697064,0,2,1,0,6858784,1793977117,1796948363,443,443,1655,1565761,3135350,1674266,35675840,36499,244610406,254846249,0
1789651369.004709,64.131,4911173,289988,0,224,61,49,47356,358840,13648845,17798484,3340,62761248,45383340,64771540,0,6682364,0,2,1,0,6858823,1794219111,1797190586,443,443,835,1565780,3135389,1670591,35675843,36499,244610406,254849781,0
1789651369.2550173,64.382,4911523,290038,0,224,61,49,47356,358840,13648973,17798508,3136,62762564,45384608,64771540,0,6676488,0,2,1,0,6858861,1794469211,1797440859,443,443,784,1565813,3135455,1669122,35675844,36499,244610406,254849781,0
1789651369.5053282,64.632,4911873,290088,0,224,61,49,47356,358840,13649016,17798508,3136,62762564,45384608,64771540,0,6668296,0,2,1,0,6858900,1794718809,1797690640,443,443,784,1565813,3135455,1667074,35675845,36499,244610406,254849781,0
1789651369.7556176,64.882,4912223,290138,0,224,61,49,47356,358840,13649067,17798508,3136,62762564,45384608,64771540,0,6651912,0,2,1,0,6858934,1794968885,1797940901,443,443,784,1565813,3135455,1662978,35675846,36499,244610406,254849781,0
1789651370.0059056,65.133,4912574,290189,0,224,61,49,47356,358840,13649126,17798508,3136,62762312,45384356,64771540,0,6643720,0,2,1,0,6858970,1795218476,1798190673,443,443,784,1565807,3135442,1660930,35675848,36499,244610406,254849781,0
1789651370.2562103,65.383,4912924,290239,0,224,61,49,47356,358840,13649197,17798504,3136,62766400,45388428,64771540,0,6627488,0,2,1,0,6859007,1795468576,1798440956,443,443,784,1565909,3135646,1656872,35675849,36499,244610406,254849781,0
1789651370.5065181,65.633,4913274,290289,0,224,61,49,47356,358840,13649241,17798500,3136,62766400,45388428,64771540,0,6619232,0,2,1,0,6859040,1795718672,1798691223,443,443,784,1565909,3135646,1654808,35675849,36499,244610406,254849781,0
1789651370.7568169,65.884,4913624,290339,0,224,61,49,47356,358840,13649292,17798500,3136,62766400,45388428,64771540,0,6602848,0,2,1,0,6859082,1795968744,1798941491,443,443,784,1565909,3135646,1650712,35675850,36499,244610406,254849781,0
1789651371.0071027,66.134,4913975,290389,0,224,61,49,47356,358840,13649361,17798500,3136,62766400,45388428,64771540,0,6586464,0,2,1,0,6859117,1796217853,1799190760,443,443,784,1565909,3135646,1646616,35675851,36499,244610406,254849781,0
1789651371.2574105,66.384,4914325,290439,0,224,61,49,47356,358840,13649423,17798500,3136,62769760,45391788,64771540,0,6578228,0,2,1,0,6859157,1796467915,1799441034,443,443,784,1565992,3135814,1644557,35675852,36499,244610406,254849781,0
1789651371.5077245,66.634,4914675,290489,0,224,61,49,47357,358840,13649472,17798500,3136,62769760,45391788,64771540,0,6561172,0,2,1,0,6859191,1796717986,1799691310,443,443,784,1565992,3135814,1640293,35675853,36499,244610406,254849781,0
1789651371.7580223,66.885,4915025,290539,0,224,61,49,47357,358840,13649534,17798500,3136,62771168,45393196,64771540,0,6552604,0,2,1,0,6859228,1796968087,1799941572,443,443,784,1566028,3135885,1638151,35675855,36499,244610406,254849797,0
1789651372.0083067,67.135,4915376,290589,0,224,61,49,47357,358840,13649597,17798500,3148,62771168,45393196,64771540,0,6536176,0,2,1,0,6859267,1797217686,1800191329,443,443,787,1566028,3135885,1634044,35675855,36499,244610406,254849973,0
1789651372.2585907,67.385,4915726,290639,0,224,61,49,47357,358840,13649655,17798500,3148,62771168,45393196,64771540,0,6527984,0,2,1,0,6859303,1797467797,1800441597,443,443,787,1566028,3135885,1631996,35675857,36499,244610406,254849973,0
1789651372.5088859,67.636,4916076,290689,0,224,61,49,47357,358840,13649738,17798508,3136,62775184,45397204,64771540,0,6518736,0,2,1,0,6859343,1797717881,1800691858,443,443,784,1566128,3136085,1629684,35675858,36499,244610406,254849973,0
1789651372.7591767,67.886,4916426,290739,0,224,61,49,47357,358840,13649803,17798508,3136,62775184,45397204,64771540,0,6502352,0,2,1,0,6859381,1797967475,1800941630,443,443,784,1566128,3136085,1625588,35675859,36499,244610406,254849973,0
1789651373.0094736,68.136,4916777,290789,0,224,61,49,47357,358840,13649849,17798508,3136,62775184,45397204,64771540,0,6494160,0,2,1,0,6859422,1798217534,1801191888,443,443,784,1566128,3136085,1623540,35675859,36499,244610406,254849973,0
1789651373.2597609,68.387,4917127,290839,0,224,61,49,47357,358840,13649918,17798508,3136,62777376,45399396,64771540,0,6477776,0,2,1,0,6859460,1798467129,1801441652,443,443,784,1566183,3136195,1619444,35675860,36499,244610406,254849973,0
1789651373.510044,68.637,4917477,290889,0,224,61,49,47357,358840,13649957,17798508,3136,62777376,45399396,64771540,0,6468664,0,2,1,0,6859493,1798717204,1801691911,443,443,784,1566183,3136195,1617166,35675860,36499,244610406,254849973,0
1789651373.7603528,68.887,4917828,290939,0,224,61,49,47357,358840,13650008,17798508,3136,62777376,45399396,64771540,0,6460472,0,2,1,0,6859526,1798967288,1801942192,443,443,784,1566183,3136195,1615118,35675863,36499,244610406,254849973,0
1789651374.010638,69.137,4918178,290989,0,224,61,49,47357,358840,13650057,17798508,3136,62777376,45399396,64771540,0,6444088,0,2,1,0,6859570,1799217351,1802192458,443,443,784,1566183,3136195,1611022,35675863,36499,244610406,254849973,0
1789651374.260931,69.388,4918528,291039,0,224,61,49,47357,358840,13650135,17798508,3136,62778144,45400164,64771540,0,6435896,0,2,1,0,6859603,1799467464,1802442720,443,443,784,1566202,3136233,1608974,35675864,36499,244610406,254849973,0
1789651374.5112169,69.638,4918879,291089,0,224,61,49,47357,358841,13650183,17798508,3136,62779312,45401332,64771540,0,6418592,0,2,1,0,6859635,1799717557,1802692987,443,443,784,1566231,3136292,1604648,35675864,36499,244610406,254849973,0
1789651374.7615101,69.888,4919229,291139,0,224,61,49,47357,358841,13650232,17798508,3136,62779312,45401332,64771540,0,6410400,0,2,1,0,6859668,1799967640,1802943245,443,443,784,1566231,3136292,1602600,35675865,36499,244610406,254849973,0
1789651375.0118005,70.139,4919579,291189,0,224,61,49,47357,358841,13650287,17798508,3136,62779312,45401332,64771540,0,6394016,0,2,1,0,6859705,1800217707,1803193508,443,443,784,1566231,3136292,1598504,35675867,36499,244610406,254849973,0
1789651375.2620854,70.389,4919930,291239,0,224,61,49,47357,358841,13650346,17798508,3136,62779792,45401812,64771540,0,6385824,0,2,1,0,6859743,1800467783,1803443776,443,443,784,1566243,3136316,1596456,35675867,36499,244610406,254849973,0
1789651375.5123968,70.639,4920280,291289,0,224,61,49,47357,358841,13650395,17798508,3136,62781024,45403044,64771540,0,6368520,0,2,1,0,6859782,1800717849,1803694054,443,443,784,1566274,3136377,1592130,35675868,36499,244610406,254849973,0
1789651375.7626884,70.889,4920630,291339,0,224,61,49,47357,358841,13650476,17798508,3140,62783048,45405068,64771540,0,6360328,0,2,1,0,6859812,1800967956,1803944328,443,443,785,1566324,3136479,1590082,35675876,36499,244610406,254849973,0
1789651376.0129886,71.14,4920980,291389,0,224,61,49,47358,358841,13650525,17798508,3140,62783048,45405068,64771540,0,6352136,0,2,1,0,6859874,1801218032,1804194590,443,443,785,1566324,3136479,1588034,35675877,36499,244610406,254849973,0
1789651376.2632794,71.39,4921331,291439,0,224,61,49,47358,358841,13650584,17798508,3140,62783272,45405292,64771540,0,6335752,0,2,1,0,6859909,1801468095,1804444856,443,443,785,1566330,3136490,1583938,35675878,36499,244610406,254849973,0
1789651376.513584,71.64,4921681,291489,0,224,61,49,47358,358841,13650679,17798508,3140,62784776,45406796,64771540,0,6318448,0,2,1,0,6859951,1801718145,1804695122,443,443,785,1566367,3136565,1579612,35675880,36499,244610406,254849973,0
1789651376.7638707,71.891,4922031,291539,0,224,61,49,47358,358841,13650736,17798508,3140,62784776,45406796,64771540,0,6310532,0,2,1,0,6859984,1801968227,1804945380,443,443,785,1566367,3136565,1577633,35675881,36499,244610406,254849973,0
1789651377.0141568,72.141,4922382,291589,0,224,61,49,47358,358841,13650789,17798508,3140,62784776,45406796,64771540,0,6302256,0,2,1,0,6860018,1802217831,1805195150,443,443,785,1566367,3136565,1575564,35675882,36499,244610406,254849973,0
1789651377.2644503,72.391,4922732,291639,0,224,61,49,47358,358841,13650856,17798500,3140,62784536,45406556,64771540,0,6285680,0,2,1,0,6860052,1802467903,1805445406,443,443,785,1566361,3136553,1571420,35675882,36499,244610406,254850001,0
1789651377.5147433,72.642,4923082,291689,0,224,61,49,47358,358841,13650939,17798500,3140,62784536,45406556,64771540,0,6272788,0,2,1,0,6860084,1802717498,1805695172,443,443,785,1566361,3136553,1568197,35675885,36499,244610406,254850001,0
1789651377.7650454,72.892,4923432,291739,0,224,61,49,47358,358841,13650992,17798500,3140,62784536,45406556,64771540,0,6260220,0,2,1,0,6860118,1802967591,1805945440,443,443,785,1566361,3136553,1565055,35675886,36499,244610406,254850001,0
1789651378.0153494,73.142,4923782,291789,0,224,61,49,47358,358841,13651044,17798500,3140,62784536,45406556,64771540,0,6252088,0,2,1,0,6860159,1803217182,1806195220,443,443,785,1566361,3136553,1563022,35675887,36499,244610406,254850001,0
1789651378.2656302,73.392,4924133,291839,0,224,61,49,47358,358841,13651111,17798500,3140,62784776,45406796,64771540,0,6235656,0,2,1,0,6860193,1803466791,1806444974,443,443,785,1566367,3136565,1558914,35675887,36499,244610406,254850001,0
1789651378.5159082,73.643,4924483,291889,0,224,61,49,47358,358841,13651156,17798500,3140,62784776,45406796,64771540,0,6222516,0,2,1,0,6860226,1803716870,1806695233,443,443,785,1566367,3136565,1555629,35675888,36499,244610406,254850001,0
1789651378.7661953,73.893,4924833,291939,0,224,61,49,47358,358841,13651213,17798500,3140,62784776,45406796,64771540,0,6210112,0,2,1,0,6860267,1803966941,1806945504,443,443,785,1566367,3136565,1552528,35675889,36499,244610406,254850001,0
1789651379.0165005,74.143,4925184,291989,0,224,61,49,47358,358841,13651261,17798496,3140,62784776,45406796,64771540,0,6202072,0,2,1,0,6860306,1804217003,1807195772,443,443,785,1566367,3136565,1550518,35675891,36499,244610406,254850001,0
1789651379.2667894,74.394,4925532,292039,0,224,61,49,47358,358843,13651349,17798488,3140,62782756,45404776,64771540,0,6185824,0,2,1,0,6860335,1804459368,1807438287,443,443,785,1566317,3136464,1546456,35676592,36499,244610406,254850001,0
1789651379.5171115,74.644,4925863,292090,0,224,61,49,47361,358858,13651829,17798480,4980,62758436,45380456,64771540,0,6172720,0,2,2,0,6860694,1804642515,1807621829,443,443,1245,1565710,3135248,1543180,35685626,36499,244610406,254850033,0
1789651379.7674994,74.894,4926203,292140,0,224,61,49,47364,358866,13652545,17798512,7036,62760708,45382620,64771540,0,6160040,0,2,1,0,6860766,1804851772,1807831866,443,443,1759,1565766,3135361,1540010,35691425,36499,244610406,254850077,0
1789651380.0178692,75.145,4926554,292190,0,224,61,49,47364,358866,13652590,17798512,7036,62760708,45382620,64771540,0,6151848,0,2,1,0,6860803,1805101869,1808082173,443,443,1759,1565766,3135361,1537962,35691426,36499,244610406,254850077,0
1789651380.268202,75.395,4926904,292240,0,224,61,49,47364,358866,13652659,17798512,7036,62760712,45382624,64771540,0,6135464,0,2,1,0,6860840,1805351468,1808331984,443,443,1759,1565766,3135362,1533866,35691430,36499,244610406,254850077,0
1789651380.5185268,75.645,4927254,292290,0,224,61,49,47364,358866,13652735,17798512,7036,62760712,45382624,64771540,0,6127272,0,2,1,0,6860879,1805601536,1808582260,443,443,1759,1565766,3135362,1531818,35691430,36499,244610406,254850077,0
1789651380.7688344,75.896,4927604,292340,0,224,61,49,47364,358866,13652799,17798512,7036,62760712,45382624,64771540,0,6118160,0,2,1,0,6860918,1805851626,1808832531,443,443,1759,1565766,3135362,1529540,35691431,36499,244610406,254850077,0
1789651381.0191295,76.146,4927954,292390,0,224,61,49,47364,358866,13652880,17798512,7036,62760448,45382360,64771540,0,6101776,0,2,1,0,6860957,1806101243,1809082330,443,443,1759,1565760,3135348,1525444,35691434,36499,244610406,254850077,0
1789651381.2694554,76.396,4928305,292440,0,224,61,49,47364,358866,13652963,17798512,7036,62762876,45384788,64771540,0,6093676,0,2,1,0,6860990,1806351354,1809332598,443,443,1759,1565820,3135470,1523419,35691436,36499,244610406,254850077,0
1789651381.5197499,76.647,4928655,292490,0,224,61,49,47364,358866,13653021,17798512,7036,62766512,45388424,64771540,0,6077316,0,2,1,0,6861025,1806601435,1809582859,443,443,1759,1565911,3135652,1519329,35691436,36499,244610406,254850077,0
1789651381.7700481,76.897,4929005,292540,0,224,61,49,47364,358866,13653075,17798512,7036,62766512,45388424,64771540,0,6068432,0,2,1,0,6861064,1806851491,1809833132,443,443,1759,1565911,3135652,1517108,35691438,36499,244610406,254850077,0
1789651382.0203612,77.147,4929356,292590,0,224,61,49,47364,358866,13653134,17798512,7036,62766512,45388424,64771540,0,6052048,0,2,1,0,6861107,1807101532,1810083424,443,443,1759,1565911,3135652,1513012,35691438,36499,244610406,254850077,0
1789651382.2706635,77.397,4929706,292640,0,224,61,49,47364,358866,13653193,17798512,7036,62766768,45388680,64771540,0,6043856,0,2,1,0,6861139,1807351651,1810333701,443,443,1759,1565918,3135664,1510964,35691440,36499,244610406,254850077,0
1789651382.5209672,77.648,4930056,292690,0,224,61,49,47364,358866,13653252,17798512,6520,62767432,45389344,64771540,0,6027472,0,2,1,0,6861181,1807601706,1810583968,443,443,1630,1565934,3135698,1506868,35691442,36499,244610406,254850637,0
1789651382.7712636,77.898,4930406,292740,0,224,61,49,47364,358866,13653303,17798512,6520,62767432,45389344,64771540,0,6018360,0,2,1,0,6861212,1807851820,1810834223,443,443,1630,1565934,3135698,1504590,35691443,36499,244610406,254850637,0
1789651383.0215442,78.148,4930757,292790,0,224,61,49,47364,358866,13653366,17798512,5648,62766984,45388896,64771540,0,6011040,0,2,1,0,6861253,1808101908,1811084479,443,443,1412,1565923,3135675,1502760,35691443,36499,244610406,254851509,0
1789651383.2718277,78.399,4931107,292840,0,224,61,49,47364,358866,13653423,17798512,5648,62770388,45392300,64771540,0,5994656,0,2,1,0,6861287,1808352007,1811334743,443,443,1412,1566008,3135845,1498664,35691444,36499,244610406,254851509,0
1789651383.5221164,78.649,4931457,292890,0,224,61,49,47364,358866,13653479,17798512,5648,62770388,45392300,64771540,0,5986464,0,2,1,0,6861323,1808601618,1811584501,443,443,1412,1566008,3135845,1496616,35691444,36499,244610406,254851509,0
1789651383.7724097,78.899,4931807,292940,0,224,61,49,47364,358866,13653549,17798512,5648,62770644,45392556,64771540,0,5968816,0,2,1,0,6861351,1808851236,1811834255,443,443,1412,1566014,3135858,1492204,35691446,36499,244610406,254851509,0
1789651384.022705,79.149,4932158,292990,0,224,61,49,47364,358866,13653601,17798512,5648,62770644,45392556,64771540,0,5960624,0,2,1,0,6861387,1809101293,1812084535,443,443,1412,1566014,3135858,1490156,35691447,36499,244610406,254851509,0
1789651384.2730052,79.4,4932508,293040,0,224,61,49,47364,358866,13653661,17798512,5648,62773624,45395536,64771540,0,5944240,0,2,1,0,6861421,1809351378,1812334810,443,443,1412,1566089,3136007,1486060,35691448,36499,244610406,254851509,0
1789651384.5233052,79.65,4932858,293090,0,224,61,49,47364,358866,13653750,17798512,5648,62775732,45397644,64771540,0,5936048,0,2,1,0,6861463,1809601447,1812585073,443,443,1412,1566141,3136112,1484012,35691448,36499,244610406,254851509,0
1789651384.7735918,79.9,4933209,293140,0,224,61,49,47364,358866,13653805,17798512,5648,62775732,45397644,64771540,0,5918744,0,2,1,0,6861496,1809851538,1812835331,443,443,1412,1566141,3136112,1479686,35691449,36499,244610406,254851509,0
1789651385.0238788,80.151,4933559,293190,0,224,61,49,47364,358866,13653864,17798512,5648,62775732,45397644,64771540,0,5902360,0,2,1,0,6861540,1810101579,1813085596,443,443,1412,1566141,3136112,1475590,35691449,36499,244610406,254851509,0
1789651385.2741718,80.401,4933909,293240,0,224,61,49,47365,358866,13653928,17798512,5648,62778336,45400248,64771540,0,5894168,0,2,1,0,6861572,1810351699,1813335880,443,443,1412,1566206,3136243,1473542,35691450,36499,244610406,254851509,0
1789651385.5244882,80.651,4934260,293290,0,224,61,49,47365,358866,13653972,17798512,5648,62778336,45400248,64771540,0,5885976,0,2,1,0,6861601,1810601814,1813586142,443,443,1412,1566206,3136243,1471494,35691452,36499,244610406,254851509,0
1789651385.774768,80.902,4934610,293340,0,224,61,49,47365,358866,13654027,17798512,5648,62778336,45400248,64771540,0,5868672,0,2,1,0,6861633,1810851907,1813836406,443,443,1412,1566206,3136243,1467168,35691452,36499,244610406,254851509,0
1789651386.0250585,81.152,4934960,293390,0,224,61,49,47365,358866,13654084,17798512,5648,62778336,45400248,64771540,0,5860480,0,2,1,0,6861673,1811102003,1814086659,443,443,1412,1566206,3136243,1465120,35691453,36499,244610406,254851509,0
1789651386.2753544,81.402,4935311,293440,0,224,61,49,47365,358866,13654145,17798512,5648,62780608,45402520,64771540,0,5844096,0,2,1,0,6861712,1811352084,1814336944,443,443,1412,1566263,3136356,1461024,35691453,36499,244610406,254851509,0
1789651386.5256565,81.652,4935661,293490,0,224,61,49,47365,358866,13654189,17798512,5648,62780860,45402772,64771540,0,5835904,0,2,1,0,6861747,1811602177,1814587201,443,443,1412,1566269,3136369,1458976,35691455,36499,244610406,254851509,0
1789651386.775945,81.903,4936011,293541,0,224,61,49,47365,358866,13654246,17798512,5648,62780860,45402772,64771540,0,5822696,0,2,1,0,6861784,1811851777,1814836967,443,443,1412,1566269,3136369,1455674,35691456,36499,244610406,254851509,0
1789651387.0262287,82.153,4936361,293591,0,224,61,49,47365,358866,13654299,17798512,5648,62780860,45402772,64771540,0,5810592,0,2,1,0,6861821,1812101880,1815087228,443,443,1412,1566269,3136369,1452648,35691457,36499,244610406,254851509,0
1789651387.2765164,82.403,4936712,293641,0,224,61,49,47365,358866,13654356,17798512,5648,62780860,45402772,64771540,0,5802280,0,2,1,0,6861861,1812351948,1815337483,443,443,1412,1566269,3136369,1450570,35691457,36499,244610406,254851509,0
1789651387.5268087,82.654,4937061,293691,0,224,61,49,47365,358867,13654700,17798516,5652,62783836,45405744,64771540,0,5785832,0,2,1,0,6861908,1812599999,1815585800,443,443,1413,1566344,3136518,1446458,35691499,36499,244610410,254851509,0
1789651387.7771595,82.904,4937412,293741,0,224,61,49,47365,358867,13654842,17798508,5656,62783836,45405744,64771540,0,5772624,0,2,1,0,6861954,1812850041,1815836118,443,443,1414,1566344,3136518,1443156,35691508,36499,244610414,254851545,0
1789651388.0275118,83.154,4937762,293791,0,224,61,49,47365,358867,13654943,17798508,4944,62783836,45405744,64771540,0,5761048,0,2,1,0,6861989,1813099660,1816085914,443,443,1236,1566344,3136518,1440262,35691510,36499,244610414,254852257,0
1789651388.2778172,83.405,4938112,293841,0,224,61,49,47365,358867,13655043,17798508,4944,62783836,45405744,64771540,0,5752856,0,2,1,0,6862030,1813349714,1816336199,443,443,1236,1566344,3136518,1438214,35691511,36499,244610414,254852257,0
1789651388.528135,83.655,4938462,293891,0,224,61,49,47365,358867,13655124,17798508,4944,62783836,45405744,64771540,0,5736472,0,2,1,0,6862069,1813599822,1816586495,443,443,1236,1566344,3136518,1434118,35691512,36499,244610414,254852257,0
1789651388.778461,83.905,4938813,293941,0,224,61,49,47365,358867,13655175,17798508,4944,62783836,45405744,64771540,0,5723264,0,2,1,0,6862107,1813849901,1816836768,443,443,1236,1566344,3136518,1430816,35691513,36499,244610414,254852257,0
1789651389.0287697,84.156,4939163,293991,0,224,61,49,47365,358867,13655236,17798508,4944,62783596,45405504,64771540,0,5710976,0,2,1,0,6862145,1814100006,1817087040,443,443,1236,1566338,3136506,1427744,35691515,36499,244610414,254852257,0
1789651389.2790704,84.406,4939513,294041,0,224,61,49,47365,358867,13655310,17798524,5264,62783344,45405248,64771540,0,5702784,0,2,1,0,6862179,1814350126,1817337324,443,443,1316,1566331,3136493,1425696,35691516,36499,244610414,254852257,0
1789651389.529402,84.656,4939861,294091,0,224,61,49,47366,358869,13655587,17798524,5264,62783524,45405404,64771540,0,5686400,0,2,1,0,6862222,1814589221,1817576623,443,443,1316,1566336,3136502,1421600,35692588,36499,244610414,254852257,0
1789651389.7797246,84.906,4940205,294141,0,224,61,49,47369,358871,13656423,17798520,6136,62780396,45402248,64771540,0,5673192,0,2,1,0,6862338,1814813876,1817802609,443,443,1534,1566258,3136345,1418298,35699988,36502,244610610,254852257,0
1789651390.0300748,85.157,4940555,294191,0,224,61,49,47369,358871,13656482,17798520,6136,62780396,45402248,64771540,0,5660904,0,2,1,0,6862377,1815063960,1818052904,443,443,1534,1566258,3136345,1415226,35699988,36502,244610610,254852257,0
1789651390.280409,85.407,4940905,294241,0,224,61,49,47369,358871,13656550,17798520,6136,62781380,45403232,64771540,0,5652712,0,2,1,0,6862410,1815313567,1818302682,443,443,1534,1566282,3136395,1413178,35699990,36502,244610610,254852257,0
1789651390.5307176,85.657,4941256,294291,0,224,61,49,47369,358871,13656599,17798520,6136,62781380,45403232,64771540,0,5636328,0,2,1,0,6862444,1815563646,1818552961,443,443,1534,1566282,3136395,1409082,35699991,36502,244610610,254852257,0
1789651390.7810216,85.908,4941606,294341,0,224,61,49,47369,358871,13656642,17798520,6136,62781380,45403232,64771540,0,5628136,0,2,1,0,6862474,1815813763,1818803222,443,443,1534,1566282,3136395,1407034,35699992,36502,244610610,254852257,0
1789651391.0313065,86.158,4941956,294391,0,224,61,49,47369,358871,13656727,17798720,6136,62783852,45405512,64771540,0,5610832,0,2,1,0,6862515,1816063825,1819053490,443,443,1534,1566344,3136518,1402708,35699992,36502,244610610,254852257,0
1789651391.2816098,86.408,4942307,294441,0,224,61,49,47369,358871,13656780,17798720,6136,62785264,45406924,64771540,0,5602640,0,2,1,0,6862548,1816313925,1819303759,443,443,1534,1566379,3136589,1400660,35699993,36502,244610610,254852257,0
1789651391.5319073,86.659,4942657,294491,0,224,61,49,47369,358871,13656840,17798720,6136,62785632,45407292,64771540,0,5586256,0,2,1,0,6862584,1816564000,1819554026,443,443,1534,1566388,3136607,1396564,35699994,36502,244610610,254852257,0
1789651391.7821999,86.909,4943007,294541,0,224,61,49,47370,358871,13656889,17798720,6136,62785632,45407292,64771540,0,5578064,0,2,1,0,6862618,1816814095,1819804299,443,443,1534,1566388,3136607,1394516,35699995,36502,244610610,254852257,0
1789651392.0325103,87.159,4943358,294591,0,224,61,49,47370,358871,13656958,17798720,6136,62785632,45407292,64771540,0,5560760,0,2,1,0,6862696,1817064125,1820054578,443,443,1534,1566388,3136607,1390190,35699996,36502,244610610,254852257,0
1789651392.2828107,87.41,4943708,294641,0,224,61,49,47370,358871,13657023,17798720,6136,62787276,45408936,64771540,0,5552660,0,2,1,0,6862727,1817314226,1820304850,443,443,1534,1566429,3136689,1388165,35699997,36502,244610610,254852257,0
1789651392.533114,87.66,4944058,294691,0,224,61,49,47370,358872,13657114,17798720,6136,62790848,45412508,64771540,0,5544376,0,2,1,0,6862777,1817564304,1820555116,443,443,1534,1566519,3136868,1386094,35699997,36502,244610610,254852257,0
1789651392.7834225,87.91,4944408,294741,0,224,61,49,47370,358872,13657174,17798720,6136,62790848,45412508,64771540,0,5527992,0,2,1,0,6862810,1817813897,1820804884,443,443,1534,1566519,3136868,1381998,35699999,36502,244610610,254852257,0
1789651393.0337136,88.16,4944759,294791,0,224,61,49,47370,358872,13657234,17798708,6136,62790848,45412508,64771540,0,5518880,0,2,1,0,6862857,1818063951,1821055150,443,443,1534,1566519,3136868,1379720,35699999,36502,244610610,254852293,0
1789651393.2840142,88.411,4945109,294841,0,224,61,49,47370,358872,13657303,17798708,6136,62790848,45412508,64771540,0,5502496,0,2,1,0,6862893,1818313534,1821304928,443,443,1534,1566519,3136868,1375624,35700001,36502,244610610,254852293,0
1789651393.5343049,88.661,4945459,294891,0,224,61,49,47370,358872,13657348,17798708,6136,62790848,45412508,64771540,0,5494304,0,2,1,0,6862928,1818563641,1821555182,443,443,1534,1566519,3136868,1373576,35700001,36502,244610610,254852293,0
1789651393.7845829,88.911,4945810,294941,0,224,61,49,47370,358872,13657403,17798708,6136,62790848,45412508,64771540,0,5477920,0,2,1,0,6862970,1818813708,1821805442,443,443,1534,1566519,3136868,1369480,35700002,36502,244610610,254852293,0
1789651394.0348692,89.162,4946160,294991,0,224,61,49,47370,358872,13657453,17798708,6136,62790848,45412508,64771540,0,5468808,0,2,1,0,6863013,1819063768,1822055704,443,443,1534,1566519,3136868,1367202,35700003,36502,244610610,254852293,0
1789651394.2851672,89.412,4946510,295041,0,224,61,49,47370,358872,13657516,17798720,6144,62790848,45412508,64771540,0,5460648,0,2,1,0,6863047,1819313890,1822305988,443,443,1536,1566519,3136868,1365162,35700004,36502,244610610,254852293,0
1789651394.5354688,89.662,4946860,295091,0,224,61,49,47370,358872,13657569,17798720,6144,62790848,45412508,64771540,0,5444372,0,2,1,0,6863081,1819563497,1822555744,443,443,1536,1566519,3136868,1361093,35700005,36502,244610610,254852293,0
1789651394.7857487,89.913,4947211,295141,0,224,61,49,47370,358872,13657624,17798720,6144,62792088,45413748,64771540,0,5436384,0,2,1,0,6863118,1819813585,1822806004,443,443,1536,1566550,3136930,1359096,35700006,36502,244610610,254852293,0
1789651395.0360389,90.163,4947561,295191,0,224,61,49,47370,358872,13657676,17798720,6144,62792088,45413748,64771540,0,5419168,0,2,1,0,6863156,1820063671,1823056262,443,443,1536,1566550,3136930,1354792,35700007,36502,244610610,254852293,0
1789651395.2863379,90.413,4947911,295241,0,224,61,49,47370,358872,13657732,17798720,6144,62792088,45413748,64771540,0,5411116,0,2,1,0,6863186,1820313796,1823306545,443,443,1536,1566550,3136930,1352779,35700008,36502,244610610,254852293,0
1789651395.536643,90.663,4948261,295292,0,224,61,49,47370,358872,13657785,17798720,6144,62792088,45413748,64771540,0,5394800,0,2,1,0,6863222,1820563398,1823556319,443,443,1536,1566550,3136930,1348700,35700010,36502,244610610,254852293,0
1789651395.7869349,90.914,4948612,295342,0,224,61,49,47370,358872,13657824,17798720,6144,62792088,45413748,64771540,0,5386604,0,2,1,0,6863251,1820813516,1823806581,443,443,1536,1566550,3136930,1346651,35700010,36502,244610610,254852293,0
1789651396.0372286,91.164,4948962,295392,0,224,61,49,47370,358872,13657895,17798720,6144,62792344,45414004,64771540,0,5368664,0,2,1,0,6863287,1821063133,1824056375,443,443,1536,1566556,3136943,1342166,35700011,36502,244610610,254852293,0
1789651396.2875535,91.414,4949312,295442,0,224,61,49,47370,358872,13657952,17798720,6144,62792344,45414004,64771540,0,5360472,0,2,1,0,6863317,1821312756,1824306149,443,443,1536,1566556,3136943,1340118,35700011,36502,244610610,254852293,0
1789651396.5378537,91.665,4949663,295492,0,224,61,49,47370,358872,13658044,17798720,6144,62796688,45418348,64771540,0,5344088,0,2,1,0,6863362,1821562827,1824556430,443,443,1536,1566664,3137160,1336022,35700013,36502,244610610,254852293,0
1789651396.7881668,91.915,4950013,295542,0,224,61,49,47370,358872,13658098,17798720,6144,62796688,45418348,64771540,0,5335896,0,2,1,0,6863393,1821812938,1824806720,443,443,1536,1566664,3137160,1333974,35700013,36502,244610610,254852293,0
1789651397.0384865,92.165,4950363,295592,0,224,61,49,47370,358872,13658151,17798720,6144,62796688,45418348,64771540,0,5318592,0,2,1,0,6863433,1822063042,1825056998,443,443,1536,1566664,3137160,1329648,35700015,36502,244610610,254852293,0
1789651397.2887907,92.416,4950714,295642,0,224,61,49,47371,358872,13658219,17798720,6144,62796688,45418348,64771540,0,5310572,0,2,1,0,6863467,1822313143,1825307284,443,443,1536,1566664,3137160,1327643,35700015,36502,244610610,254852321,0
1789651397.5391042,92.666,4951063,295692,0,224,61,49,47371,358872,13658313,17798720,6144,62796688,45418348,64771540,0,5302272,0,2,1,0,6863501,1822562267,1825556568,443,443,1536,1566664,3137160,1325568,35700023,36502,244610610,254852321,0
1789651397.7894263,92.916,4951414,295742,0,224,61,49,47371,358872,13658363,17798720,6144,62796688,45418348,64771540,0,5285964,0,2,1,0,6863532,1822812387,1825806845,443,443,1536,1566664,3137160,1321491,35700023,36502,244610610,254852321,0
1789651398.0397286,93.166,4951764,295792,0,224,61,49,47371,358872,13658420,17798708,6144,62796688,45418348,64771540,0,5268804,0,2,1,0,6863573,1823061941,1826056622,443,443,1536,1566664,3137160,1317201,35700025,36502,244610610,254852357,0
1789651398.2900372,93.417,4952114,295842,0,224,61,49,47371,358872,13658478,17798708,5652,62796688,45418348,64771540,0,5260872,0,2,1,0,6863605,1823312065,1826306909,443,443,1413,1566664,3137160,1315218,35700026,36502,244610610,254852845,0
1789651398.5403683,93.667,4952465,295892,0,224,61,49,47371,358873,13658533,17798708,5652,62796688,45418348,64771540,0,5244568,0,2,1,0,6863651,1823562127,1826557211,443,443,1413,1566664,3137160,1311142,35700027,36502,244610610,254852845,0
1789651398.7906785,93.917,4952815,295942,0,224,61,49,47371,358873,13658585,17798708,5652,62796688,45418348,64771540,0,5236628,0,2,1,0,6863680,1823811752,1826806989,443,443,1413,1566664,3137160,1309157,35700027,36502,244610610,254852845,0
1789651399.0409799,94.168,4953165,295992,0,224,61,49,47371,358873,13658632,17798708,5652,62796688,45418348,64771540,0,5223276,0,2,1,0,6863719,1824061839,1827057275,443,443,1413,1566664,3137160,1305819,35700027,36502,244610610,254852845,0
1789651399.291292,94.418,4953516,296042,0,224,61,49,47371,358873,13658689,17798708,5652,62796688,45418348,64771540,0,5211116,0,2,1,0,6863750,1824311962,1827307561,443,443,1413,1566664,3137160,1302779,35700029,36502,244610610,254852845,0
1789651399.5416253,94.668,4953866,296092,0,224,61,49,47371,358873,13658734,17798708,5652,62796688,45418348,64771540,0,5202656,0,2,1,0,6863784,1824562088,1827557853,443,443,1413,1566664,3137160,1300664,35700030,36502,244610610,254852845,0
1789651399.7919333,94.919,4954216,296142,0,224,61,49,47371,358873,13658784,17798708,5652,62796688,45418348,64771540,0,5186364,0,2,1,0,6863816,1824812170,1827808127,443,443,1413,1566664,3137160,1296591,35700031,36502,244610610,254852845,0
1789651400.0422325,95.169,4954567,296192,0,224,61,49,47371,358873,13658831,17798708,5652,62796688,45418348,64771540,0,5173124,0,2,1,0,6863850,1825062259,1828058403,443,443,1413,1566664,3137160,1293281,35700031,36502,244610610,254852845,0
1789651400.29254,95.419,4954917,296242,0,224,61,49,47371,358873,13658890,17798708,5652,62797888,45419548,64771540,0,5169284,0,2,1,0,6863885,1825312356,1828308676,443,443,1413,1566694,3137220,1292321,35700032,36502,244610610,254852845,0
1789651400.5428448,95.67,4955267,296292,0,224,61,49,47371,358873,13658993,17798720,5612,62799080,45420740,64771540,0,5152480,0,2,1,0,6863928,1825561945,1828558449,443,443,1403,1566724,3137279,1288120,35700033,36502,244610610,254852845,0
1789651400.793153,95.92,4955618,296342,0,224,61,49,47371,358873,13659040,17798720,5612,62799080,45420740,64771540,0,5144288,0,2,1,0,6863966,1825812030,1828808743,443,443,1403,1566724,3137279,1286072,35700035,36502,244610610,254852845,0
1789651401.0434656,96.17,4955968,296392,0,224,61,49,47371,358873,13659105,17798720,5612,62799080,45420740,64771540,0,5127904,0,2,1,0,6864011,1826062085,1829059013,443,443,1403,1566724,3137279,1281976,35700035,36502,244610610,254852845,0
1789651401.2937677,96.421,4956318,296442,0,224,61,49,47371,358873,13659175,17798720,5612,62799080,45420740,64771540,0,5118792,0,2,1,0,6864043,1826312201,1829309282,443,443,1403,1566724,3137279,1279698,35700036,36502,244610610,254852845,0
1789651401.5440624,96.671,4956668,296492,0,224,61,49,47371,358873,13659224,17798720,5612,62799080,45420740,64771540,0,5102408,0,2,1,0,6864077,1826561818,1829559055,443,443,1403,1566724,3137279,1275602,35700036,36502,244610610,254852845,0
1789651401.7943885,96.921,4957019,296542,0,224,61,49,47371,358873,13659267,17798720,5612,62799080,45420740,64771540,0,5094216,0,2,1,0,6864110,1826811921,1829809344,443,443,1403,1566724,3137279,1273554,35700038,36502,244610610,254852845,0
1789651402.0446925,97.171,4957369,296592,0,224,61,49,47372,358873,13659316,17798720,5612,62799080,45420740,64771540,0,5077832,0,2,1,0,6864147,1827061534,1830059124,443,443,1403,1566724,3137279,1269458,35700039,36502,244610610,254852845,0
1789651402.2949877,97.422,4957719,296642,0,224,61,49,47372,358873,13659385,17798720,5612,62798888,45420548,64771540,0,5068976,0,2,1,0,6864189,1827311600,1830309394,443,443,1403,1566719,3137270,1267244,35700040,36502,244610610,254852845,0
1789651402.5452867,97.672,4958070,296692,0,224,61,49,47372,358873,13659452,17798720,5612,62799564,45421224,64771540,0,5052520,0,2,1,0,6864228,1827561685,1830559666,443,443,1403,1566736,3137304,1263130,35700041,36502,244610610,254852857,0
1789651402.795583,97.922,4958420,296743,0,224,61,49,47372,358873,13659501,17798720,5612,62799564,45421224,64771540,0,5044392,0,2,1,0,6864258,1827811303,1830809433,443,443,1403,1566736,3137304,1261098,35700042,36502,244610610,254852857,0
1789651403.045877,98.173,4958770,296793,0,224,61,49,47372,358873,13659562,17798720,5628,62799564,45421224,64771540,0,5027812,0,2,1,0,6864296,1828061406,1831059700,443,443,1407,1566736,3137304,1256953,35700043,36502,244610610,254852893,0
1789651403.2961707,98.423,4959120,296843,0,224,61,49,47372,358873,13659623,17798720,5628,62799564,45421224,64771540,0,5010736,0,2,1,0,6864331,1828311013,1831309497,443,443,1407,1566736,3137304,1252684,35700043,36502,244610610,254852893,0
1789651403.5465033,98.673,4959471,296893,0,224,61,49,47372,358873,13659675,17798720,5184,62799564,45421224,64771540,0,5002860,0,2,1,0,6864367,1828561110,1831559773,443,443,1296,1566736,3137304,1250715,35700045,36502,244610610,254853361,0
1789651403.7968068,98.924,4959821,296943,0,224,61,49,47372,358873,13659725,17798720,5184,62799564,45421224,64771540,0,4994556,0,2,1,0,6864400,1828810715,1831809556,443,443,1296,1566736,3137304,1248639,35700045,36502,244610610,254853361,0
1789651404.0471053,99.174,4960171,296993,0,224,61,49,47372,358873,13659778,17798720,5184,62799564,45421224,64771540,0,4978544,0,2,1,0,6864438,1829060783,1832059823,443,443,1296,1566736,3137304,1244636,35700046,36502,244610610,254853361,0
1789651404.2974203,99.424,4960522,297043,0,224,61,49,47372,358873,13659829,17798720,5184,62799564,45421224,64771540,0,4969300,0,2,1,0,6864468,1829310903,1832310094,443,443,1296,1566736,3137304,1242325,35700047,36502,244610610,254853361,0
1789651404.5477161,99.674,4960872,297093,0,224,61,49,47372,358873,13659937,17798720,5152,62800412,45422072,64771540,0,4952660,0,2,1,0,6864510,1829560007,1832559368,443,443,1288,1566757,3137346,1238165,35700048,36502,244610610,254853361,0
1789651404.798019,99.925,4961222,297143,0,224,61,49,47372,358873,13659980,17798720,5152,62800412,45422072,64771540,0,4944468,0,2,1,0,6864542,1829810127,1832809642,443,443,1288,1566757,3137346,1236117,35700049,36502,244610610,254853361,0
1789651405.048311,100.175,4961572,297193,0,224,61,49,47372,358873,13660044,17798720,5152,62800412,45422072,64771540,0,4928120,0,2,1,0,6864578,1830059729,1833059404,443,443,1288,1566757,3137346,1232030,35700050,36502,244610610,254853361,0
1789651405.2985976,100.425,4961922,297243,0,224,61,49,47372,358873,13660101,17798720,5152,62800412,45422072,64771540,0,4919228,0,2,1,0,6864608,1830309848,1833309671,443,443,1288,1566757,3137346,1229807,35700051,36502,244610610,254853361,0
1789651405.5488994,100.676,4962273,297293,0,224,61,49,47372,358873,13660162,17798720,5152,62800412,45422072,64771540,0,4902688,0,2,1,0,6864648,1830559457,1833559438,443,443,1288,1566757,3137346,1225672,35700053,36502,244610610,254853361,0
1789651405.7991896,100.926,4962623,297343,0,224,61,49,47372,358873,13660209,17798720,5152,62800412,45422072,64771540,0,4894424,0,2,1,0,6864682,1830809555,1833809712,443,443,1288,1566757,3137346,1223606,35700053,36502,244610610,254853361,0
1789651406.0494936,101.176,4962973,297393,0,224,61,49,47372,358873,13660262,17798720,5152,62800412,45422072,64771540,0,4886204,0,2,1,0,6864719,1831059655,1834059970,443,443,1288,1566757,3137346,1221551,35700054,36502,244610610,254853361,0
1789651406.2997723,101.427,4963324,297443,0,224,61,49,47372,358873,13660329,17798720,5152,62800668,45422328,64771540,0,4868900,0,2,1,0,6864752,1831309733,1834310227,443,443,1288,1566764,3137359,1217225,35700054,36502,244610610,254853361,0
1789651406.550056,101.677,4963674,297493,0,224,61,49,47372,358873,13660378,17798720,5152,62800668,45422328,64771540,0,4860708,0,2,1,0,6864788,1831559807,1834560487,443,443,1288,1566764,3137359,1215177,35700055,36502,244610610,254853361,0
1789651406.8003597,101.927,4964024,297543,0,224,61,49,47372,358873,13660429,17798720,5152,62800668,45422328,64771540,0,4844324,0,2,1,0,6864821,1831809413,1834810261,443,443,1288,1566764,3137359,1211081,35700056,36502,244610610,254853361,0
1789651407.0506444,102.177,4964375,297593,0,224,61,49,47372,358873,13660472,17798720,5152,62800668,45422328,64771540,0,4836132,0,2,1,0,6864862,1832059485,1835060537,443,443,1288,1566764,3137359,1209033,35700057,36502,244610610,254853361,0
1789651407.3009565,102.428,4964725,297643,0,224,61,49,47372,358873,13660530,17798720,5152,62800668,45422328,64771540,0,4822940,0,2,1,0,6864897,1832309578,1835310810,443,443,1288,1566764,3137359,1205735,35700058,36502,244610610,254853361,0
1789651407.5512466,102.678,4965075,297693,0,224,61,49,47373,358873,13660629,17798720,5156,62800668,45422328,64771540,0,4810636,0,2,1,0,6864933,1832559662,1835561102,443,443,1289,1566764,3137359,1202659,35700063,36502,244610610,254853361,0
1789651407.80157,102.928,4965425,297743,0,224,61,49,47373,358873,13660672,17798720,5156,62800668,45422328,64771540,0,4802564,0,2,1,0,6864966,1832809764,1835811369,443,443,1289,1566764,3137359,1200641,35700064,36502,244610610,254853361,0
1789651408.0518622,103.179,4965776,297793,0,224,61,49,47373,358873,13660723,17798720,5156,62800668,45422328,64771540,0,4786188,0,2,1,0,6865001,1833059382,1836061146,443,443,1289,1566764,3137359,1196547,35700065,36502,244610610,254853361,0
1789651408.3021631,103.429,4966126,297843,0,224,61,49,47373,358873,13660784,17798712,5156,62800668,45422328,64771540,0,4772980,0,2,1,0,6865035,1833309482,1836311426,443,443,1289,1566764,3137359,1193245,35700066,36502,244610610,254853397,0
1789651408.552483,103.679,4966476,297893,0,224,61,49,47373,358873,13660874,17798712,5156,62800668,45422328,64771540,0,4760840,0,2,1,0,6865077,1833559560,1836561709,443,443,1289,1566764,3137359,1190210,35700067,36502,244610610,254853397,0
1789651408.8027828,103.93,4966826,297944,0,224,61,49,47373,358873,13660926,17798712,5156,62800668,45422328,64771540,0,4752496,0,2,1,0,6865108,1833809180,1836811480,443,443,1289,1566764,3137359,1188124,35700068,36502,244610610,254853397,0
1789651409.0530765,104.18,4967177,297994,0,224,61,49,47373,358873,13660976,17798712,5156,62800668,45422328,64771540,0,4736024,0,2,1,0,6865144,1834059290,1837061748,443,443,1289,1566764,3137359,1184006,35700068,36502,244610610,254853397,0
1789651409.3033957,104.43,4967527,298044,0,224,61,49,47373,358873,13661043,17798712,5156,62800668,45422328,64771540,0,4722780,0,2,1,0,6865177,1834308924,1837311553,443,443,1289,1566764,3137359,1180695,35700070,36502,244610610,254853397,0
1789651409.5537164,104.68,4967877,298094,0,224,61,49,47373,358873,13661094,17798712,5156,62800668,45422328,64771540,0,4710700,0,2,1,0,6865212,1834559024,1837561838,443,443,1289,1566764,3137359,1177675,35700070,36502,244610610,254853397,0
1789651409.8040397,104.931,4968228,298144,0,224,61,49,47373,358873,13661138,17798712,5156,62800668,45422328,64771540,0,4702364,0,2,1,0,6865243,1834809148,1837812120,443,443,1289,1566764,3137359,1175591,35700072,36502,244610610,254853397,0
1789651410.054361,105.181,4968576,298195,0,224,61,49,47373,358873,13661310,17798704,180,62800668,45422328,64771540,0,4686484,0,2,1,0,6865287,1835052722,1838055876,443,443,45,1566764,3137359,1171621,35700073,36502,244610610,254858529,0
1789651410.3046672,105.431,4968927,298245,0,224,61,49,47373,358873,13661377,17798704,180,62800668,45422328,64771540,0,4669036,0,2,1,0,6865333,1835302769,1838306154,443,443,45,1566764,3137359,1167259,35700074,36502,244610610,254858529,0
1789651410.5549774,105.682,4969274,298295,0,224,61,49,47374,358875,13661767,17798704,1952,62798648,45420308,64771540,0,4661020,0,2,3,0,6865403,1835539005,1838543701,443,443,488,1566713,3137258,1165255,35702445,36502,244610610,254858529,0
1789651410.8053672,105.932,4969621,298344,0,224,61,49,47377,358876,13662152,17798704,1952,62795808,45417468,64771540,0,4652736,0,3,1,0,6865471,1835775103,1838782122,443,443,488,1566642,3137116,1163184,35706924,36502,244610610,254858529,0
1789651411.0557175,106.182,4969970,298395,0,224,61,49,47377,358876,13662504,17798720,3820,62801528,45423068,64771540,0,4635844,0,2,1,0,6865522,1836024731,1839031934,443,443,955,1566784,3137400,1158961,35707123,36502,244610610,254858529,0
1789651411.306043,106.433,4970321,298445,0,224,61,49,47377,358876,13662562,17798720,3820,62801792,45423332,64771540,0,4622636,0,2,1,0,6865551,1836274963,1839282210,443,443,955,1566791,3137413,1155659,35707124,36502,244610610,254858529,0
1789651411.5563552,106.683,4970671,298495,0,224,61,49,47377,358876,13662619,17798720,3820,62801792,45423332,64771540,0,4610348,0,2,1,0,6865586,1836525155,1839532489,443,443,955,1566791,3137413,1152587,35707124,36502,244610610,254858529,0
1789651411.8066418,106.933,4971021,298545,0,224,61,49,47377,358876,13662660,17798720,3820,62801792,45423332,64771540,0,4602156,0,2,1,0,6865613,1836775383,1839782758,443,443,955,1566791,3137413,1150539,35707125,36502,244610610,254858529,0
1789651412.0569408,107.184,4971372,298595,0,224,61,49,47377,358876,13662725,17798720,3820,62801632,45423172,64771540,0,4585772,0,2,1,0,6865652,1837025520,1840033017,443,443,955,1566787,3137405,1146443,35707126,36502,244610610,254858529,0
1789651412.307228,107.434,4971722,298645,0,224,61,49,47377,358876,13662778,17798720,3820,62801632,45423172,64771540,0,4577580,0,2,1,0,6865683,1837275732,1840283287,443,443,955,1566787,3137405,1144395,35707126,36502,244610610,254858529,0
1789651412.5575302,107.684,4972072,298695,0,224,61,49,47377,358876,13662895,17798720,3820,62801888,45423428,64771540,0,4568468,0,2,1,0,6865728,1837525909,1840533549,443,443,955,1566793,3137418,1142117,35707128,36502,244610610,254858529,0
1789651412.8078127,107.935,4972422,298745,0,224,61,49,47377,358876,13662950,17798720,3820,62801888,45423428,64771540,0,4552096,0,2,1,0,6865756,1837775620,1840783305,443,443,955,1566793,3137418,1138024,35707128,36502,244610610,254858529,0
1789651413.05809,108.185,4972773,298795,0,224,61,49,47377,358877,13663007,17798720,3820,62801888,45423428,64771540,0,4543952,0,2,1,0,6865784,1838025832,1841033560,443,443,955,1566793,3137418,1135988,35707129,36502,244610610,254858529,0
1789651413.308398,108.435,4973123,298845,0,224,61,49,47377,358877,13663076,17798712,3820,62801888,45423428,64771540,0,4527576,0,2,1,0,6865814,1838276030,1841283831,443,443,955,1566793,3137418,1131894,35707130,36502,244610610,254858617,0
1789651413.5586765,108.685,4973473,298895,0,224,61,49,47377,358877,13663124,17798712,3820,62801888,45423428,64771540,0,4518652,0,2,1,0,6865843,1838526225,1841534085,443,443,955,1566793,3137418,1129663,35707131,36502,244610610,254858617,0
1789651413.8089635,108.936,4973823,298945,0,224,61,49,47377,358877,13663187,17798712,3820,62801888,45423428,64771540,0,4498024,0,2,1,0,6865879,1838775907,1841783842,443,443,955,1566793,3137418,1124506,35707132,36502,244610610,254858617,0
1789651414.0592403,109.186,4974173,298995,0,224,61,49,47377,358877,13663243,17798712,3820,62801888,45423428,64771540,0,4489820,0,2,2,0,6865910,1839025629,1842033609,443,443,955,1566793,3137418,1122455,35707133,36502,244610610,254858617,0
1789651414.309531,109.436,4974524,299045,0,224,61,49,47377,358877,13663308,17798720,3764,62802140,45423680,64771540,0,4481524,0,2,1,0,6865940,1839275835,1842283861,443,443,941,1566800,3137430,1120381,35707133,36502,244610610,254858617,0
1789651414.5598128,109.687,4974874,299095,0,224,61,49,47377,358877,13663575,17798720,4168,62802492,45424032,64771540,0,4463056,0,2,1,0,6865974,1839525316,1842533395,443,443,1042,1566808,3137448,1115764,35707144,36502,244610610,254858617,0
1789651414.8100843,109.937,4975223,299146,0,224,61,49,47378,358877,13663916,17798720,4572,62803624,45425164,64771540,0,4448412,0,2,1,0,6866013,1839774281,1842782419,443,443,1143,1566837,3137505,1112103,35707153,36502,244610610,254858617,0
1789651415.0603833,110.187,4975574,299196,0,224,61,49,47378,358877,13664089,17798720,4572,62803624,45425164,64771540,0,4438648,0,2,1,0,6866041,1840024529,1843032711,443,443,1143,1566837,3137505,1109662,35707155,36502,244610610,254858617,0
1789651415.310685,110.437,4975924,299246,0,224,61,49,47378,358877,13664363,17798720,4572,62804872,45426412,64771540,0,4424372,0,2,1,0,6866070,1840274247,1843282475,443,443,1143,1566868,3137567,1106093,35707155,36502,244610610,254858617,0
1789651415.56097,110.688,4976274,299296,0,224,61,49,47378,358877,13664552,17798720,4572,62804872,45426412,64771540,0,4414600,0,2,1,0,6866098,1840524467,1843532739,443,443,1143,1566868,3137567,1103650,35707156,36502,244610610,254858617,0
1789651415.811263,110.938,4976624,299346,0,224,61,49,47378,358877,13664637,17798720,4572,62804872,45426412,64771540,0,4404136,0,2,1,0,6866131,1840774176,1843782497,443,443,1143,1566868,3137567,1101034,35707157,36502,244610610,254858617,0
1789651416.0615406,111.188,4976974,299396,0,224,61,49,47378,358877,13664677,17798720,4572,62804872,45426412,64771540,0,4395864,0,2,1,0,6866160,1841024394,1844032761,443,443,1143,1566868,3137567,1098966,35707158,36502,244610610,254858617,0
1789651416.3118384,111.439,4977324,299446,0,224,61,49,47378,358877,13664736,17798720,4572,62804872,45426412,64771540,0,4379764,0,2,1,0,6866190,1841274612,1844283023,443,443,1143,1566868,3137567,1094941,35707159,36502,244610610,254858617,0
1789651416.5621216,111.689,4977675,299496,0,224,61,49,47378,358877,13664831,17798648,4844,62804928,45426692,64771540,0,4371220,0,2,1,0,6866230,1841524772,1844533281,443,443,1211,1566869,3137570,1092805,35707159,36502,244610610,254858617,0
1789651416.8124247,111.939,4978025,299546,0,224,61,49,47378,358877,13664876,17798648,4844,62804928,45426692,64771540,0,4363012,0,2,1,0,6866266,1841774951,1844783534,443,443,1211,1566869,3137570,1090753,35707160,36502,244610610,254858617,0
1789651417.0627046,112.189,4978375,299596,0,224,61,49,47378,358877,13664932,17798648,4844,62804928,45426692,64771540,0,4346628,0,2,1,0,6866294,1842025166,1845033793,443,443,1211,1566869,3137570,1086657,35707161,36502,244610610,254858617,0
1789651417.3129869,112.44,4978726,299646,0,224,61,49,47378,358877,13664992,17798648,4844,62804928,45426692,64771540,0,4330236,0,2,1,0,6866332,1842275360,1845284042,443,443,1211,1566869,3137570,1082559,35707162,36502,244610610,254858617,0
1789651417.563274,112.69,4979076,299696,0,224,61,49,47378,358877,13665069,17798648,4848,62804676,45426440,64771540,0,4322044,0,2,1,0,6866366,1842525522,1845534335,443,443,1212,1566863,3137557,1080511,35707165,36502,244610610,254858617,0
1789651417.8136063,112.94,4979426,299747,0,224,61,49,47378,358877,13665130,17798648,4840,62804676,45426440,64771540,0,4313852,0,2,1,0,6866401,1842775226,1845784116,443,443,1210,1566863,3137557,1078463,35707166,36502,244610610,254858625,0
1789651418.0639105,113.191,4979776,299797,0,224,61,49,47378,358877,13665191,17798648,4840,62804676,45426440,64771540,0,4297468,0,2,1,0,6866431,1843024964,1846033897,443,443,1210,1566863,3137557,1074367,35707166,36502,244610610,254858625,0
1789651418.3142192,113.441,4980126,299847,0,224,61,49,47378,358877,13665252,17798648,4840,62804676,45426440,64771540,0,4289488,0,2,1,0,6866465,1843275180,1846284185,443,443,1210,1566863,3137557,1072372,35707168,36502,244610610,254858625,0
1789651418.5645342,113.691,4980477,299897,0,224,61,49,47378,358877,13665320,17798636,4840,62804676,45426440,64771540,0,4272916,0,2,1,0,6866506,1843525360,1846534457,443,443,1210,1566863,3137557,1068229,35707168,36502,244610610,254858845,0
1789651418.8148348,113.942,4980827,299947,0,224,61,49,47378,358877,13665373,17798636,4840,62804676,45426440,64771540,0,4264908,0,2,1,0,6866540,1843775574,1846784722,443,443,1210,1566863,3137557,1066227,35707169,36502,244610610,254858845,0
1789651419.0651302,114.192,4981177,299997,0,224,61,49,47378,358877,13665422,17798636,4840,62804676,45426440,64771540,0,4248620,0,2,1,0,6866571,1844025775,1847035004,443,443,1210,1566863,3137557,1062155,35707170,36502,244610610,254858845,0
1789651419.3154404,114.442,4981528,300047,0,224,61,49,47378,358877,13665477,17798636,4840,62804676,45426440,64771540,0,4240400,0,2,1,0,6866601,1844275997,1847285274,443,443,1210,1566863,3137557,1060100,35707172,36502,244610610,254858845,0
1789651419.565733,114.693,4981878,300097,0,224,61,49,47378,358877,13665528,17798636,4840,62804676,45426440,64771540,0,4223960,0,2,1,0,6866629,1844525714,1847535034,443,443,1210,1566863,3137557,1055990,35707173,36502,244610610,254858845,0
1789651419.8160136,114.943,4982228,300147,0,224,61,49,47378,358877,13665576,17798636,4840,62804676,45426440,64771540,0,4215852,0,2,1,0,6866660,1844775922,1847785289,443,443,1210,1566863,3137557,1053963,35707174,36502,244610610,254858845,0
1789651420.0662954,115.193,4982578,300197,0,224,61,49,47378,358877,13665624,17798636,4840,62804676,45426440,64771540,0,4199660,0,2,1,0,6866689,1845026138,1848035549,443,443,1210,1566863,3137557,1049915,35707174,36502,244610610,254858845,0
1789651420.31658,115.443,4982929,300247,0,224,61,49,47378,358877,13665687,17798636,4840,62804676,45426440,64771540,0,4183124,0,2,1,0,6866725,1845276304,1848285803,443,443,1210,1566863,3137557,1045781,35707176,36502,244610610,254858845,0
1789651420.5668597,115.694,4983279,300297,0,224,61,49,47378,358877,13665780,17798648,5032,62804668,45426432,64771540,0,4174572,0,2,1,0,6866759,1845526503,1848536052,443,443,1258,1566863,3137557,1043643,35707176,36502,244610610,254858845,0
1789651420.817136,115.944,4983629,300347,0,224,61,49,47378,358877,13665834,17798648,5032,62804668,45426432,64771540,0,4166380,0,2,1,0,6866795,1845776673,1848786321,443,443,1258,1566863,3137557,1041595,35707176,36502,244610610,254858845,0
1789651421.0674376,116.194,4983979,300397,0,224,61,49,47378,358877,13665902,17798648,5032,62804668,45426432,64771540,0,4149996,0,2,1,0,6866831,1846026876,1849036593,443,443,1258,1566863,3137557,1037499,35707178,36502,244610610,254858845,0
1789651421.3177433,116.445,4984330,300447,0,224,61,49,47378,358877,13665961,17798648,5032,62804668,45426432,64771540,0,4141804,0,2,1,0,6866869,1846277063,1849286865,443,443,1258,1566863,3137557,1035451,35707179,36502,244610610,254858845,0
1789651421.568035,116.695,4984680,300497,0,224,61,49,47378,358877,13666006,17798648,5032,62804668,45426432,64771540,0,4125420,0,2,1,0,6866900,1846527249,1849537129,443,443,1258,1566863,3137557,1031355,35707180,36502,244610610,254858845,0
1789651421.8183382,116.945,4985030,300547,0,224,61,49,47378,358877,13666057,17798648,5032,62804668,45426432,64771540,0,4117228,0,2,1,0,6866931,1846776981,1849786907,443,443,1258,1566863,3137557,1029307,35707180,36502,244610610,254858845,0
1789651422.0686321,117.195,4985380,300597,0,224,61,49,47378,358877,13666106,17798648,5032,62804668,45426432,64771540,0,4100844,0,2,1,0,6866965,1847027185,1850037182,443,443,1258,1566863,3137557,1025211,35707181,36502,244610610,254858845,0
1789651422.318941,117.446,4985731,300648,0,224,61,49,47378,358877,13666174,17798648,5032,62804668,45426432,64771540,0,4092652,0,2,1,0,6866995,1847276920,1850286960,443,443,1258,1566863,3137557,1023163,35707182,36502,244610610,254858845,0
1789651422.5692682,117.696,4986081,300698,0,224,61,49,47378,358877,13666221,17798648,5032,62804668,45426432,64771540,0,4076268,0,2,1,0,6867025,1847527151,1850537253,443,443,1258,1566863,3137557,1019067,35707184,36502,244610610,254858845,0
1789651422.8195617,117.946,4986431,300748,0,224,61,49,47378,358877,13666278,17798648,5032,62804668,45426432,64771540,0,4068076,0,2,1,0,6867059,1847777335,1850787516,443,443,1258,1566863,3137557,1017019,35707184,36502,244610610,254858845,0
1789651423.0698545,118.197,4986781,300798,0,224,61,49,47378,358877,13666323,17798648,5032,62804668,45426432,64771540,0,4051708,0,2,1,0,6867088,1848027499,1851037769,443,443,1258,1566863,3137557,1012927,35707185,36502,244610610,254858845,0
1789651423.3201306,118.447,4987132,300848,0,224,61,49,47378,358877,13666388,17798648,5032,62804668,45426432,64771540,0,4043540,0,2,1,0,6867132,1848277638,1851288021,443,443,1258,1566863,3137557,1010885,35707185,36502,244610610,254858845,0
1789651423.570429,118.697,4987482,300898,0,224,61,49,47378,358877,13666436,17798648,5032,62804668,45426432,64771540,0,4027240,0,2,1,0,6867159,1848527845,1851538270,443,443,1258,1566863,3137557,1006810,35707187,36502,244610610,254858845,0
1789651423.820708,118.947,4987832,300948,0,224,61,49,47378,358878,13666501,17798648,5032,62804696,45426432,64771540,0,4019308,0,2,1,0,6867189,1848777552,1851788028,443,443,1258,1566863,3137558,1004827,35707188,36502,244610610,254858893,0
1789651424.0709891,119.198,4988183,300998,0,224,61,49,47378,358878,13666548,17798648,5032,62804696,45426432,64771540,0,4003044,0,2,1,0,6867221,1849027756,1852038301,443,443,1258,1566863,3137558,1000761,35707189,36502,244610610,254858893,0
1789651424.3212886,119.448,4988533,301048,0,224,61,49,47378,358878,13666603,17798648,5032,62804696,45426432,64771540,0,3994916,0,2,1,0,6867250,1849277478,1852288068,443,443,1258,1566863,3137558,998729,35707189,36502,244610610,254858893,0
1789651424.5715787,119.698,4988883,301098,0,224,61,49,47379,358878,13666694,17798648,5032,62804952,45426688,64771540,0,3977964,0,2,1,0,6867289,1849527679,1852538341,443,443,1258,1566870,3137571,994491,35707190,36502,244610610,254858893,0
1789651424.8218794,119.949,4989233,301148,0,224,61,49,47379,358878,13666747,17798648,5032,62804952,45426688,64771540,0,3969764,0,2,1,0,6867322,1849777893,1852788602,443,443,1258,1566870,3137571,992441,35707191,36502,244610610,254858893,0
1789651425.072175,120.199,4989583,301198,0,224,61,49,47379,358878,13666809,17798648,5032,62804952,45426688,64771540,0,3953380,0,2,1,0,6867350,1850028147,1853038901,443,443,1258,1566870,3137571,988345,35707193,36502,244610610,254858893,0
1789651425.3224924,120.449,4989934,301248,0,224,61,49,47379,358878,13666858,17798648,5032,62804952,45426688,64771540,0,3945188,0,2,1,0,6867379,1850278365,1853289162,443,443,1258,1566870,3137571,986297,35707193,36502,244610610,254858893,0
1789651425.572784,120.7,4990284,301298,0,224,61,49,47379,358878,13666903,17798648,5032,62804952,45426688,64771540,0,3928804,0,2,1,0,6867407,1850528598,1853539436,443,443,1258,1566870,3137571,982201,35707193,36502,244610610,254858893,0
1789651425.8230793,120.95,4990634,301348,0,224,61,49,47379,358878,13666962,17798648,5032,62804952,45426688,64771540,0,3912420,0,2,1,0,6867438,1850778318,1853789200,443,443,1258,1566870,3137571,978105,35707194,36502,244610610,254858893,0
1789651426.073389,121.2,4990984,301399,0,224,61,49,47379,358878,13667030,17798648,5032,62804952,45426688,64771540,0,3904228,0,2,1,0,6867465,1851028566,1854039489,443,443,1258,1566870,3137571,976057,35707195,36502,244610610,254858893,0
1789651426.3236923,121.45,4991335,301449,0,224,61,49,47379,358878,13667084,17798648,5032,62804952,45426688,64771540,0,3896136,0,2,1,0,6867494,1851278791,1854289757,443,443,1258,1566870,3137571,974034,35707196,36502,244610610,254858893,0
1789651426.5739934,121.701,4991685,301499,0,224,61,49,47379,358878,13667131,17798648,5032,62804952,45426688,64771540,0,3879932,0,2,1,0,6867523,1851529025,1854540032,443,443,1258,1566870,3137571,969983,35707197,36502,244610610,254858893,0
1789651426.8242908,121.951,4992035,301549,0,224,61,49,47379,358878,13667181,17798648,5032,62804952,45426688,64771540,0,3871480,0,2,1,0,6867551,1851779245,1854790296,443,443,1258,1566870,3137571,967870,35707198,36502,244610610,254858893,0
1789651427.074579,122.201,4992386,301599,0,224,61,49,47379,358878,13667224,17798648,5032,62804952,45426688,64771540,0,3855340,0,2,1,0,6867581,1852029418,1855040563,443,443,1258,1566870,3137571,963835,35707198,36502,244610610,254858893,0
1789651427.324881,122.452,4992736,301649,0,224,61,49,47379,358878,13667289,17798648,5032,62804952,45426688,64771540,0,3838792,0,2,1,0,6867612,1852279140,1855290331,443,443,1258,1566870,3137571,959698,35707200,36502,244610610,254858893,0
1789651427.5751731,122.702,4993086,301699,0,224,61,49,47379,358878,13667368,17798648,5032,62804952,45426688,64771540,0,3830588,0,2,1,0,6867644,1852528853,1855540128,443,443,1258,1566870,3137571,957647,35707203,36502,244610610,254858893,0
1789651427.825518,122.952,4993436,301749,0,224,61,49,47379,358878,13667438,17798648,5032,62804952,45426688,64771540,0,3817332,0,2,1,0,6867684,1852779028,1855790413,443,443,1258,1566870,3137571,954333,35707205,36502,244610610,254858893,0
1789651428.0758157,123.203,4993786,301799,0,224,61,49,47379,358878,13667491,17798648,5032,62804952,45426688,64771540,0,3807688,0,2,1,0,6867710,1853028746,1856040179,443,443,1258,1566870,3137571,951922,35707205,36502,244610610,254858893,0
1789651428.326102,123.453,4994137,301849,0,224,61,49,47379,358878,13667551,17798648,5032,62804952,45426688,64771540,0,3792340,0,2,1,0,6867745,1853278930,1856290435,443,443,1258,1566870,3137571,948085,35707206,36502,244610610,254858893,0
1789651428.5764036,123.703,4994487,301899,0,224,61,49,47379,358878,13667643,17798648,5032,62804960,45426696,64771540,0,3784020,0,2,1,0,6867784,1853529115,1856540689,443,443,1258,1566870,3137571,946005,35707207,36502,244610610,254858893,0
1789651428.8266807,123.953,4994837,301949,0,224,61,49,47379,358878,13667694,17798648,5032,62804960,45426696,64771540,0,3775828,0,2,1,0,6867814,1853778827,1856790447,443,443,1258,1566870,3137571,943957,35707208,36502,244610610,254858893,0
1789651429.0769703,124.204,4995187,301999,0,224,61,49,47379,358878,13667772,17798640,4488,62804960,45426696,64771540,0,3759980,0,2,1,0,6867847,1854028539,1857040212,443,443,1122,1566870,3137571,939995,35707209,36502,244610610,254859509,0
1789651429.3272676,124.454,4995537,302049,0,224,61,49,47379,358878,13667839,17798640,4488,62804960,45426696,64771540,0,3751788,0,2,1,0,6867883,1854278753,1857290480,443,443,1122,1566870,3137571,937947,35707210,36502,244610610,254859509,0
1789651429.5775464,124.704,4995888,302100,0,224,61,49,47379,358878,13667891,17798640,4488,62804960,45426696,64771540,0,3735396,0,2,1,0,6867911,1854528957,1857540726,443,443,1122,1566870,3137571,933849,35707210,36502,244610610,254859509,0
1789651429.827819,124.955,4996238,302150,0,224,61,49,47379,358878,13667944,17798640,4488,62804960,45426696,64771540,0,3727204,0,2,1,0,6867940,1854778665,1857790478,443,443,1122,1566870,3137571,931801,35707211,36502,244610610,254859509,0
1789651430.0780933,125.205,4996588,302200,0,224,61,49,47379,358878,13668010,17798640,4488,62804960,45426696,64771540,0,3710812,0,2,2,0,6867973,1855028801,1858040730,443,443,1122,1566870,3137571,927703,35707212,36502,244610610,254859509,0
1789651430.3284009,125.455,4996938,302250,0,224,61,49,47379,358878,13668072,17798640,4488,62804960,45426696,64771540,0,3702900,0,2,1,0,6868007,1855278547,1858290525,443,443,1122,1566870,3137571,925725,35707213,36502,244610610,254859509,0
1789651430.5786977,125.705,4997288,302300,0,224,61,49,47379,358878,13668129,17798640,4488,62804960,45426696,64771540,0,3686276,0,2,1,0,6868039,1855528248,1858540289,443,443,1122,1566870,3137571,921569,35707214,36502,244610610,254859509,0
1789651430.8289802,125.956,4997639,302350,0,224,61,49,47379,358878,13668177,17798640,4488,62804960,45426696,64771540,0,3678400,0,2,1,0,6868070,1855778450,1858790538,443,443,1122,1566870,3137571,919600,35707214,36502,244610610,254859509,0
1789651431.0792735,126.206,4997989,302400,0,224,61,49,47379,358878,13668242,17798640,4488,62804960,45426696,64771540,0,3662024,0,2,1,0,6868103,1856028678,1859040820,443,443,1122,1566870,3137571,915506,35707216,36502,244610610,254859509,0
1789651431.3295784,126.456,4998339,302450,0,224,61,49,47379,358878,13668310,17798640,4488,62804960,45426696,64771540,0,3645764,0,2,1,0,6868147,1856278853,1859291089,443,443,1122,1566870,3137571,911441,35707217,36502,244610610,254859509,0
1789651431.5798748,126.707,4998689,302500,0,224,61,49,47379,358878,13668359,17798640,4488,62804960,45426696,64771540,0,3637516,0,2,1,0,6868175,1856528576,1859540854,443,443,1122,1566870,3137571,909379,35707218,36502,244610610,254859509,0
1789651431.8301702,126.957,4999039,302550,0,224,61,49,47379,358878,13668408,17798640,4488,62804960,45426696,64771540,0,3629248,0,2,1,0,6868205,1856778318,1859790640,443,443,1122,1566870,3137571,907312,35707219,36502,244610610,254859509,0
1789651432.0804868,127.207,4999390,302600,0,224,61,49,47379,358878,13668464,17798640,4488,62804960,45426696,64771540,0,3612948,0,2,1,0,6868236,1857028552,1860040937,443,443,1122,1566870,3137571,903237,35707220,36502,244610610,254859509,0
1789651432.3308067,127.458,4999740,302651,0,224,61,49,47379,358878,13668538,17798640,4488,62805792,45427528,64771540,0,3596200,0,2,1,0,6868267,1857277290,1860289723,443,443,1122,1566891,3137613,899050,35707221,36502,244610610,254859509,0
1789651432.5811005,127.708,5000090,302701,0,224,61,49,47380,358878,13668629,17798648,4500,62805744,45427480,64771540,0,3587892,0,2,1,0,6868302,1857527475,1860539982,443,443,1125,1566889,3137610,896973,35707222,36502,244610610,254859509,0
1789651432.8314037,127.958,5000440,302751,0,224,61,49,47380,358878,13668674,17798648,4500,62805744,45427480,64771540,0,3579700,0,2,1,0,6868335,1857777682,1860790239,443,443,1125,1566889,3137610,894925,35707222,36502,244610610,254859509,0
1789651433.0816882,128.208,5000791,302801,0,224,61,49,47380,358878,13668739,17798648,4484,62805744,45427480,64771540,0,3563332,0,2,1,0,6868370,1858027403,1861040020,443,443,1121,1566889,3137610,890833,35707225,36502,244610610,254859525,0
1789651433.3319883,128.459,5001141,302851,0,224,61,49,47380,358878,13668805,17798648,4484,62805744,45427480,64771540,0,3546932,0,2,1,0,6868402,1858277111,1861289778,443,443,1121,1566889,3137610,886733,35707226,36502,244610610,254859525,0
1789651433.5822663,128.709,5001491,302901,0,224,61,49,47380,358879,13668850,17798648,4484,62805744,45427480,64771540,0,3538740,0,2,1,0,6868431,1858527316,1861540033,443,443,1121,1566889,3137610,884685,35707228,36502,244610610,254859525,0
1789651433.8325477,128.959,5001841,302951,0,224,61,49,47380,358879,13668908,17798648,4484,62805744,45427480,64771540,0,3522348,0,2,1,0,6868462,1858777025,1861789788,443,443,1121,1566889,3137610,880587,35707228,36502,244610610,254859525,0
1789651434.082829,129.21,5002191,303001,0,224,61,49,47380,358879,13668974,17798648,4004,62805744,45427480,64771540,0,3514692,0,2,1,0,6868491,1859027241,1862040048,443,443,1001,1566889,3137610,878673,35707228,36502,244610610,254860137,0
1789651434.3331192,129.46,5002542,303051,0,224,61,49,47380,358879,13669042,17798648,4004,62805744,45427480,64771540,0,3498300,0,2,1,0,6868525,1859276918,1862289808,443,443,1001,1566889,3137610,874575,35707230,36502,244610610,254860137,0
1789651434.583417,129.71,5002892,303101,0,224,61,49,47380,358879,13669094,17798648,4004,62805744,45427480,64771540,0,3490108,0,2,1,0,6868556,1859527090,1862540063,443,443,1001,1566889,3137610,872527,35707230,36502,244610610,254860137,0
1789651434.833696,129.96,5003242,303151,0,224,61,49,47380,358879,13669157,17798648,4004,62805744,45427480,64771540,0,3473724,0,2,1,0,6868588,1859776804,1862789825,443,443,1001,1566889,3137610,868431,35707232,36502,244610610,254860137,0
1789651435.0839834,130.211,5003592,303202,0,224,61,49,47380,358879,13669200,17798648,4004,62805744,45427480,64771540,0,3465532,0,2,1,0,6868620,1860026998,1863040081,443,443,1001,1566889,3137610,866383,35707233,36502,244610610,254860137,0
1789651435.3342705,130.461,5003942,303252,0,224,61,49,47380,358879,13669259,17798648,4004,62805744,45427480,64771540,0,3449292,0,2,1,0,6868652,1860276698,1863289847,443,443,1001,1566889,3137610,862323,35707235,36502,244610610,254860137,0
1789651435.5845602,130.711,5004293,303302,0,224,61,49,47380,358879,13669306,17798648,4004,62805744,45427480,64771540,0,3441060,0,2,1,0,6868678,1860526415,1863539605,443,443,1001,1566889,3137610,860265,35707236,36502,244610610,254860137,0
1789651435.8348427,130.962,5004643,303352,0,224,61,49,47380,358879,13669356,17798648,4004,62805744,45427480,64771540,0,3432868,0,2,1,0,6868713,1860776115,1863789356,443,443,1001,1566889,3137610,858217,35707237,36502,244610610,254860137,0
1789651436.085115,131.212,5004993,303402,0,224,61,49,47380,358879,13669418,17798648,4004,62805744,45427480,64771540,0,3416620,0,2,1,0,6868751,1861025790,1864039113,443,443,1001,1566889,3137610,854155,35707237,36502,244610610,254860137,0
1789651436.3354194,131.462,5005343,303452,0,224,61,49,47380,358879,13669497,17798648,4012,62805520,45427256,64771540,0,3408156,0,2,1,0,6868783,1861275509,1864288881,443,443,1003,1566884,3137599,852039,35707239,36502,244610610,254860137,0
1789651436.5857139,131.712,5005693,303502,0,224,61,49,47380,358879,13669584,17798648,4012,62805520,45427256,64771540,0,3391756,0,2,1,0,6868822,1861525192,1864538651,443,443,1003,1566884,3137599,847939,35707239,36502,244610610,254860137,0
1789651436.836004,131.963,5006044,303552,0,224,61,49,47380,358879,13669635,17798648,4012,62805520,45427256,64771540,0,3383564,0,2,1,0,6868862,1861775373,1864788914,443,443,1003,1566884,3137599,845891,35707240,36502,244610610,254860137,0
1789651437.0862925,132.213,5006394,303602,0,224,61,49,47380,358879,13669709,17798648,4012,62805520,45427256,64771540,0,3367180,0,2,1,0,6868895,1862024595,1865038185,443,443,1003,1566884,3137599,841795,35707240,36502,244610610,254860137,0
1789651437.3365848,132.463,5006744,303653,0,224,61,49,47380,358879,13669779,17798648,4012,62805520,45427256,64771540,0,3358988,0,2,1,0,6868924,1862273825,1865287458,443,443,1003,1566884,3137599,839747,35707241,36502,244610610,254860137,0
1789651437.5868907,132.714,5007094,303703,0,224,61,49,47380,358879,13669866,17798648,4012,62805520,45427256,64771540,0,3342588,0,2,1,0,6868959,1862523039,1865536745,443,443,1003,1566884,3137599,835647,35707247,36502,244610610,254860137,0
1789651437.8371968,132.964,5007444,303753,0,224,61,49,47380,358879,13669915,17798648,4012,62805520,45427256,64771540,0,3334396,0,2,1,0,6868988,1862772784,1865786532,443,443,1003,1566884,3137599,833599,35707248,36502,244610610,254860137,0
1789651438.0875142,133.214,5007794,303803,0,224,61,49,47380,358879,13669980,17798648,4012,62805472,45427208,64771540,0,3318012,0,2,1,0,6869024,1863022487,1866036311,443,443,1003,1566883,3137597,829503,35707249,36502,244610610,254860137,0
1789651438.3378074,133.465,5008144,303853,0,224,61,49,47380,358879,13670042,17798648,4012,62805472,45427208,64771540,0,3309940,0,2,1,0,6869056,1863272201,1866286072,443,443,1003,1566883,3137597,827485,35707249,36502,244610610,254860137,0
1789651438.588091,133.715,5008495,303903,0,224,61,49,47380,358879,13670103,17798648,4012,62805472,45427208,64771540,0,3293540,0,2,1,0,6869085,1863521417,1866535332,443,443,1003,1566883,3137597,823385,35707250,36502,244610610,254860137,0
1789651438.838388,133.965,5008845,303954,0,224,61,49,47380,358879,13670154,17798648,4012,62805472,45427208,64771540,0,3285348,0,2,1,0,6869119,1863771136,1866785103,443,443,1003,1566883,3137597,821337,35707251,36502,244610610,254860137,0
1789651439.0886643,134.215,5009195,304004,0,224,61,49,47380,358879,13670228,17798636,4012,62805728,45427464,64771540,0,3268964,0,2,1,0,6869146,1864020352,1867034362,443,443,1003,1566889,3137610,817241,35707252,36502,244610610,254860201,0
1789651439.3389533,134.466,5009545,304054,0,224,61,49,47380,358879,13670291,17798636,4012,62805728,45427464,64771540,0,3260772,0,2,1,0,6869188,1864270532,1867284630,443,443,1003,1566889,3137610,815193,35707253,36502,244610610,254860201,0
1789651439.5892472,134.716,5009895,304104,0,224,61,49,47380,358879,13670349,17798636,4012,62805728,45427464,64771540,0,3244372,0,2,1,0,6869220,1864520715,1867534909,443,443,1003,1566889,3137610,811093,35707254,36502,244610610,254860201,0
1789651439.8395495,134.966,5010246,304154,0,224,61,49,47380,358879,13670400,17798636,4012,62805728,45427464,64771540,0,3236180,0,2,1,0,6869250,1864770431,1867784669,443,443,1003,1566889,3137610,809045,35707254,36502,244610610,254860201,0
1789651440.089841,135.217,5010596,304204,0,224,61,49,47380,358879,13670461,17798636,4012,62805728,45427464,64771540,0,3219916,0,2,1,0,6869287,1865020123,1868034440,443,443,1003,1566889,3137610,804979,35707256,36502,244610610,254860201,0
1789651440.3401318,135.467,5010946,304255,0,224,61,49,47380,358879,13670586,17798648,4056,62805992,45427728,64771540,0,3211484,0,2,1,0,6869327,1865268856,1868283234,443,443,1014,1566896,3137623,802871,35707256,36502,244610610,254860237,0
1789651440.5904474,135.717,5011296,304305,0,224,61,49,47380,358879,13670653,17798648,4056,62805992,45427728,64771540,0,3199180,0,2,1,0,6869359,1865518588,1868533012,443,443,1014,1566896,3137623,799795,35707258,36502,244610610,254860237,0
1789651440.840747,135.968,5011646,304355,0,224,61,49,47380,358879,13670715,17798648,4056,62805992,45427728,64771540,0,3182796,0,2,1,0,6869394,1865768302,1868782784,443,443,1014,1566896,3137623,795699,35707258,36502,244610610,254860237,0
1789651441.0910444,136.218,5011996,304405,0,224,61,49,47380,358879,13670784,17798648,4056,62805992,45427728,64771540,0,3170508,0,2,1,0,6869424,1866018022,1869032566,443,443,1014,1566896,3137623,792627,35707261,36502,244610610,254860237,0
1789651441.3413706,136.468,5012346,304456,0,224,61,49,47380,358879,13670930,17798648,588,62805992,45427728,64771540,0,3163032,0,2,1,0,6869465,1866263984,1869278591,443,443,147,1566896,3137623,790758,35707262,36502,244610610,254863909,0
1789651441.5916598,136.718,5012696,304506,0,224,61,49,47381,358879,13670984,17798648,588,62805992,45427728,64771540,0,3154652,0,2,2,0,6869496,1866513667,1869528353,443,443,147,1566896,3137623,788663,35707263,36502,244610610,254863909,0
1789651441.8419611,136.969,5013037,304556,0,224,61,49,47382,358886,13671433,17798648,2760,62794264,45415964,64771540,0,3138268,0,2,2,0,6869611,1866727143,1869743024,443,443,690,1566603,3137037,784567,35712486,36502,244610610,254863909,0
1789651442.092314,137.219,5013367,304605,0,224,61,49,47386,358903,13671905,17798644,2760,62773208,45394908,64771540,0,3130072,0,2,2,0,6870096,1866905768,1869922993,443,443,690,1566077,3135984,782518,35722587,36502,244610610,254863913,0
1789651442.3426785,137.469,5013716,304656,0,224,61,49,47387,358903,13672257,17798648,4104,62776056,45397744,64771540,0,3113164,0,2,1,0,6870189,1867152297,1870169852,443,443,1026,1566148,3136126,778291,35722827,36502,244610610,254863913,0
1789651442.5930128,137.72,5014066,304706,0,224,61,49,47387,358903,13672306,17798648,4104,62776440,45398128,64771540,0,3104956,0,2,1,0,6870218,1867402037,1870419636,443,443,1026,1566158,3136145,776239,35722828,36502,244610610,254863913,0
1789651442.843311,137.97,5014417,304756,0,224,61,49,47387,358903,13672369,17798648,4104,62776440,45398128,64771540,0,3088572,0,2,1,0,6870246,1867651264,1870668906,443,443,1026,1566158,3136145,772143,35722829,36502,244610610,254863913,0
1789651443.093596,138.22,5014767,304806,0,224,61,49,47387,358903,13672425,17798648,4104,62777352,45399040,64771540,0,3080380,0,2,1,0,6870275,1867900987,1870918673,443,443,1026,1566181,3136191,770095,35722829,36502,244610610,254863913,0
1789651443.3438964,138.471,5015117,304856,0,224,61,49,47387,358903,13672513,17798648,4104,62777352,45399040,64771540,0,3064088,0,2,1,0,6870306,1868150189,1871167947,443,443,1026,1566181,3136191,766022,35722831,36502,244610610,254863941,0
1789651443.5941823,138.721,5015467,304906,0,224,61,49,47387,358904,13672564,17798648,4104,62781296,45402984,64771540,0,3055896,0,2,1,0,6870335,1868399922,1871417724,443,443,1026,1566279,3136388,763974,35722831,36502,244610610,254863941,0
1789651443.844485,138.971,5015817,304956,0,224,61,49,47387,358904,13672624,17798648,4104,62781296,45402984,64771540,0,3039752,0,2,1,0,6870370,1868650127,1871667979,443,443,1026,1566279,3136388,759938,35722833,36502,244610610,254863941,0
1789651444.0947669,139.222,5016167,305007,0,224,61,49,47387,358904,13672680,17798648,4104,62781296,45402984,64771540,0,3031216,0,2,1,0,6870401,1868900336,1871918235,443,443,1026,1566279,3136388,757804,35722833,36502,244610610,254863941,0
1789651444.3450522,139.472,5016518,305057,0,224,61,49,47387,358904,13672784,17798648,3736,62781772,45403460,64771540,0,3014828,0,2,1,0,6870436,1869150512,1872168488,443,443,934,1566291,3136412,753707,35722834,36502,244610610,254864341,0
1789651444.5953555,139.722,5016868,305107,0,224,61,49,47387,358904,13672841,17798648,3736,62781772,45403460,64771540,0,3006636,0,2,1,0,6870474,1869400718,1872418767,443,443,934,1566291,3136412,751659,35722835,36502,244610610,254864341,0
1789651444.8456368,139.972,5017218,305157,0,224,61,49,47387,358904,13672896,17798648,3736,62781772,45403460,64771540,0,2990252,0,2,1,0,6870504,1869650426,1872668522,443,443,934,1566291,3136412,747563,35722836,36502,244610610,254864341,0
1789651445.0959146,140.223,5017568,305207,0,224,61,49,47387,358904,13672957,17798648,3736,62781772,45403460,64771540,0,2982060,0,2,1,0,6870537,1869900612,1872918775,443,443,934,1566291,3136412,745515,35722837,36502,244610610,254864341,0
1789651445.3461926,140.473,5017918,305257,0,224,61,49,47387,358904,13673026,17798648,3736,62785224,45406912,64771540,0,2965676,0,2,1,0,6870571,1870150314,1873168546,443,443,934,1566377,3136584,741419,35722838,36502,244610610,254864341,0
1789651445.5964887,140.723,5018269,305307,0,224,61,49,47387,358904,13673072,17798648,3736,62785224,45406912,64771540,0,2957484,0,2,1,0,6870599,1870400523,1873418797,443,443,934,1566377,3136584,739371,35722838,36502,244610610,254864341,0
1789651445.8467712,140.974,5018619,305357,0,224,61,49,47388,358904,13673125,17798648,3736,62785224,45406912,64771540,0,2941100,0,2,1,0,6870632,1870650733,1873669056,443,443,934,1566377,3136584,735275,35722841,36502,244610610,254864341,0
1789651446.0970483,141.224,5018969,305407,0,224,61,49,47388,358904,13673201,17798648,3736,62785224,45406912,64771540,0,2924716,0,2,1,0,6870668,1870900387,1873918809,443,443,934,1566377,3136584,731179,35722841,36502,244610610,254864341,0
1789651446.3473434,141.474,5019319,305457,0,224,61,49,47388,358904,13673264,17798648,3736,62785224,45406912,64771540,0,2916564,0,2,1,0,6870698,1871150110,1874168583,443,443,934,1566377,3136584,729141,35722842,36502,244610610,254864341,0
1789651446.5976238,141.724,5019670,305507,0,224,61,49,47388,358904,13673309,17798648,3736,62785224,45406912,64771540,0,2908412,0,2,1,0,6870730,1871400139,1874418836,443,443,934,1566377,3136584,727103,35722843,36502,244610610,254864341,0
1789651446.8479013,141.975,5020020,305557,0,224,61,49,47388,358904,13673365,17798648,3736,62785224,45406912,64771540,0,2892056,0,2,1,0,6870769,1871649555,1874668594,443,443,934,1566377,3136584,723014,35722843,36502,244610610,254864341,0
1789651447.0981948,142.225,5020370,305607,0,224,61,49,47388,358904,13673412,17798648,3736,62785224,45406912,64771540,0,2883952,0,2,1,0,6870798,1871899787,1874918873,443,443,934,1566377,3136584,720988,35722845,36502,244610610,254864341,0
1789651447.348495,142.475,5020720,305657,0,224,61,49,47388,358904,13673513,17798648,3736,62788244,45409932,64771540,0,2867636,0,2,1,0,6870833,1872149459,1875168652,443,443,934,1566452,3136735,716909,35722851,36502,244610610,254864341,0
1789651447.5988042,142.726,5021070,305707,0,224,61,49,47388,358905,13673642,17798648,3740,62788004,45409692,64771540,0,2859180,0,2,1,0,6870899,1872398800,1875418446,443,443,935,1566446,3136723,714795,35722874,36502,244610610,254864341,0
1789651447.8491352,142.976,5021420,305757,0,224,61,49,47388,358905,13673695,17798648,3740,62788004,45409692,64771540,0,2842796,0,2,1,0,6870930,1872648530,1875668241,443,443,935,1566446,3136723,710699,35722875,36502,244610610,254864341,0
1789651448.0994496,143.226,5021771,305807,0,224,61,49,47388,358905,13673741,17798648,3740,62788004,45409692,64771540,0,2834604,0,2,1,0,6870957,1872898752,1875918505,443,443,935,1566446,3136723,708651,35722876,36502,244610610,254864341,0
1789651448.3497477,143.477,5022121,305858,0,224,61,49,47388,358905,13673845,17798648,3740,62787752,45409440,64771540,0,2818220,0,2,1,0,6870996,1873148963,1876168783,443,443,935,1566440,3136711,704555,35722880,36502,244610610,254864341,0
1789651448.600052,143.727,5022471,305908,0,224,61,49,47388,358905,13673898,17798648,3740,62787752,45409440,64771540,0,2810028,0,2,1,0,6871029,1873398528,1876418549,443,443,935,1566440,3136711,702507,35722881,36502,244610610,254864341,0
1789651448.8503542,143.977,5022821,305958,0,224,61,49,47388,358905,13673962,17798648,3740,62787752,45409440,64771540,0,2793644,0,2,1,0,6871075,1873648406,1876668827,443,443,935,1566440,3136711,698411,35722881,36502,244610610,254864341,0
1789651449.100647,144.227,5023172,306008,0,224,61,49,47388,358905,13674027,17798648,3740,62787752,45409440,64771540,0,2785452,0,2,1,0,6871121,1873898430,1876919085,443,443,935,1566440,3136711,696363,35722883,36502,244610610,254864341,0
1789651449.3509312,144.478,5023522,306058,0,224,61,49,47388,358905,13674102,17798648,3740,62788040,45409728,64771540,0,2769216,0,2,1,0,6871159,1874147822,1877168846,443,443,935,1566447,3136725,692304,35722883,36502,244610610,254864341,0
1789651449.601209,144.728,5023872,306108,0,224,61,49,47388,358905,13674163,17798648,3740,62790684,45412372,64771540,0,2761108,0,2,1,0,6871193,1874397389,1877418618,443,443,935,1566513,3136857,690277,35722884,36502,244610610,254864341,0
1789651449.8515127,144.978,5024222,306158,0,224,61,49,47388,358905,13674212,17798640,3740,62790684,45412372,64771540,0,2744840,0,2,1,0,6871226,1874647560,1877668874,443,443,935,1566513,3136857,686210,35722885,36502,244610610,254864417,0
1789651450.1017876,145.229,5024572,306208,0,224,61,49,47388,358905,13674271,17798640,3740,62790684,45412372,64771540,0,2736612,0,2,1,0,6871256,1874897257,1877918636,443,443,935,1566513,3136857,684153,35722886,36502,244610610,254864417,0
1789651450.3520765,145.479,5024923,306258,0,224,61,49,47388,358905,13674330,17798640,3740,62790684,45412372,64771540,0,2720440,0,2,1,0,6871284,1875147463,1878168885,443,443,935,1566513,3136857,680110,35722888,36502,244610610,254864417,0
1789651450.6023667,145.729,5025273,306308,0,224,61,49,47388,358905,13674384,17798640,3740,62790684,45412372,64771540,0,2712340,0,2,1,0,6871312,1875397193,1878418658,443,443,935,1566513,3136857,678085,35722889,36502,244610610,254864417,0
1789651450.8526459,145.979,5025622,306358,0,224,61,49,47388,358906,13674472,17798648,3808,62790684,45412372,64771540,0,2695340,0,2,2,0,6871359,1875642521,1878664031,443,443,952,1566513,3136857,673835,35722890,36502,244610610,254864417,0
1789651451.102968,146.23,5025972,306408,0,224,61,49,47388,358906,13674524,17798648,3808,62790684,45412372,64771540,0,2687148,0,2,1,0,6871390,1875891736,1878913321,443,443,952,1566513,3136857,671787,35722891,36502,244610610,254864417,0
1789651451.3532693,146.48,5026322,306459,0,224,61,49,47388,358906,13674592,17798648,3808,62790684,45412372,64771540,0,2670764,0,2,1,0,6871419,1876140463,1879162093,443,443,952,1566513,3136857,667691,35722892,36502,244610610,254864417,0
1789651451.6035504,146.73,5026672,306509,0,224,61,49,47388,358906,13674647,17798648,3808,62792996,45414684,64771540,0,2662572,0,2,1,0,6871448,1876390179,1879411852,443,443,952,1566571,3136973,665643,35722893,36502,244610610,254864417,0
1789651451.8538282,146.981,5027022,306559,0,224,61,49,47388,358906,13674703,17798648,3808,62792996,45414684,64771540,0,2646188,0,2,1,0,6871478,1876639383,1879661107,443,443,952,1566571,3136973,661547,35722894,36502,244610610,254864417,0
1789651452.104102,147.231,5027373,306609,0,224,61,49,47388,358906,13674764,17798648,3808,62792996,45414684,64771540,0,2637996,0,2,1,0,6871513,1876888960,1879910867,443,443,952,1566571,3136973,659499,35722894,36502,244610610,254864417,0
1789651452.3544183,147.481,5027723,306659,0,224,61,49,47388,358906,13674867,17798648,3808,62792996,45414684,64771540,0,2621612,0,2,1,0,6871555,1877137887,1880160141,443,443,952,1566571,3136973,655403,35722896,36502,244610610,254864417,0
1789651452.6047091,147.731,5028073,306709,0,224,61,49,47388,358906,13674919,17798648,3808,62792996,45414684,64771540,0,2613420,0,2,1,0,6871589,1877387921,1880410400,443,443,952,1566571,3136973,653355,35722897,36502,244610610,254864417,0
1789651452.8549986,147.982,5028423,306760,0,224,61,49,47388,358906,13674985,17798648,3808,62792996,45414684,64771540,0,2597036,0,2,1,0,6871625,1877636880,1880659662,443,443,952,1566571,3136973,649259,35722899,36502,244610610,254864417,0
1789651453.105274,148.232,5028773,306810,0,224,61,49,47388,358906,13675045,17798648,3808,62792996,45414684,64771540,0,2588964,0,2,1,0,6871656,1877886587,1880909418,443,443,952,1566571,3136973,647241,35722899,36502,244610610,254864417,0
1789651453.3555598,148.482,5029123,306860,0,224,61,49,47388,358906,13675104,17798648,3808,62792996,45414684,64771540,0,2572860,0,2,1,0,6871683,1878135821,1881158691,443,443,952,1566571,3136973,643215,35722901,36502,244610610,254864417,0
1789651453.6058512,148.733,5029474,306910,0,224,61,49,47388,358906,13675178,17798648,3808,62795020,45416708,64771540,0,2564356,0,2,1,0,6871726,1878385980,1881408943,443,443,952,1566622,3137074,641089,35722902,36502,244610610,254864417,0
1789651453.8561277,148.983,5029824,306960,0,224,61,49,47388,358907,13675231,17798648,3808,62795436,45417124,64771540,0,2548092,0,2,1,0,6871756,1878635662,1881658697,443,443,952,1566632,3137095,637023,35722903,36502,244610610,254864417,0
1789651454.1064281,149.233,5030174,307010,0,224,61,49,47388,358907,13675292,17798648,3808,62795768,45417456,64771540,0,2539692,0,2,1,0,6871785,1878885383,1881908463,443,443,952,1566640,3137111,634923,35722904,36502,244610610,254864417,0
1789651454.356714,149.483,5030524,307060,0,224,61,49,47388,358907,13675365,17798648,3808,62795768,45417456,64771540,0,2523308,0,2,1,0,6871813,1879134603,1882157726,443,443,952,1566640,3137111,630827,35722905,36502,244610610,254864417,0
1789651454.606991,149.734,5030874,307110,0,224,61,49,47388,358907,13675417,17798648,3808,62795768,45417456,64771540,0,2515116,0,2,1,0,6871843,1879384802,1882407972,443,443,952,1566640,3137111,628779,35722905,36502,244610610,254864417,0
1789651454.8572628,149.984,5031224,307161,0,224,61,49,47388,358907,13675480,17798636,3808,62795768,45417456,64771540,0,2498732,0,2,1,0,6871880,1879634472,1882657724,443,443,952,1566640,3137111,624683,35722906,36502,244610610,254864473,0
1789651455.107538,150.234,5031575,307211,0,224,61,49,47388,358907,13675531,17798636,3808,62795768,45417456,64771540,0,2490540,0,2,1,0,6871913,1879884176,1882907474,443,443,952,1566640,3137111,622635,35722906,36502,244610610,254864473,0
1789651455.3578138,150.485,5031925,307261,0,224,61,49,47388,358907,13675594,17798636,3808,62795768,45417456,64771540,0,2474276,0,2,1,0,6871954,1880134062,1883157728,443,443,952,1566640,3137111,618569,35722907,36502,244610610,254864473,0
1789651455.6080918,150.735,5032275,307311,0,224,61,49,47389,358907,13675648,17798636,3808,62797540,45419228,64771540,0,2465196,0,2,1,0,6872003,1880383989,1883407976,443,443,952,1566684,3137200,616299,35722908,36502,244610610,254864473,0
1789651455.8583815,150.985,5032626,307361,0,224,61,49,47389,358907,13675711,17798648,3840,62797536,45419224,64771540,0,2448660,0,2,1,0,6872042,1880633830,1883658246,443,443,960,1566684,3137200,612165,35722908,36502,244610610,254864473,0
1789651456.1086679,151.235,5032976,307411,0,224,61,49,47389,358907,13675762,17798648,3840,62797536,45419224,64771540,0,2440468,0,2,1,0,6872084,1880883843,1883908508,443,443,960,1566684,3137200,610117,35722910,36502,244610610,254864473,0
1789651456.3589478,151.486,5033326,307461,0,224,61,49,47389,358907,13675843,17798648,3840,62797536,45419224,64771540,0,2432276,0,2,1,0,6872123,1881133411,1884158259,443,443,960,1566684,3137200,608069,35722910,36502,244610610,254864473,0
1789651456.6092274,151.736,5033676,307511,0,224,61,49,47389,358907,13675913,17798648,3840,62797536,45419224,64771540,0,2415892,0,2,1,0,6872156,1881382399,1884407531,443,443,960,1566684,3137200,603973,35722912,36502,244610610,254864473,0
1789651456.8595157,151.986,5034027,307561,0,224,61,49,47389,358907,13675963,17798648,3840,62797536,45419224,64771540,0,2407700,0,2,1,0,6872201,1881632418,1884657780,443,443,960,1566684,3137200,601925,35722912,36502,244610610,254864473,0
1789651457.109794,152.237,5034377,307611,0,224,61,49,47389,358907,13676047,17798648,3840,62797536,45419224,64771540,0,2391316,0,2,1,0,6872236,1881881507,1884907041,443,443,960,1566684,3137200,597829,35722913,36502,244610610,254864473,0
1789651457.3600826,152.487,5034727,307661,0,224,61,49,47389,358907,13676134,17798648,3840,62799084,45420772,64771540,0,2383124,0,2,1,0,6872264,1882131202,1885156836,443,443,960,1566723,3137277,595781,35722918,36502,244610610,254864473,0
1789651457.6104305,152.737,5035077,307711,0,224,61,49,47389,358907,13676199,17798648,3840,62799084,45420772,64771540,0,2366740,0,2,1,0,6872294,1882380907,1885406612,443,443,960,1566723,3137277,591685,35722919,36502,244610610,254864473,0
1789651457.860722,152.987,5035427,307762,0,224,61,49,47389,358907,13676251,17798648,3840,62799084,45420772,64771540,0,2358548,0,2,1,0,6872321,1882630635,1885656380,443,443,960,1566723,3137277,589637,35722919,36502,244610610,254864473,0
1789651458.1110098,153.238,5035777,307812,0,224,61,49,47389,358907,13676323,17798648,3840,62799084,45420772,64771540,0,2342284,0,2,1,0,6872348,1882879861,1885905652,443,443,960,1566723,3137277,585571,35722921,36502,244610610,254864473,0
1789651458.361299,153.488,5036127,307862,0,224,61,49,47389,358907,13676382,17798648,3840,62799084,45420772,64771540,0,2326104,0,2,1,0,6872374,1883129581,1886155412,443,443,960,1566723,3137277,581526,35722921,36502,244610610,254864473,0
1789651458.6115866,153.738,5036477,307912,0,224,61,49,47389,358907,13676433,17798648,3840,62799084,45420772,64771540,0,2317696,0,2,1,0,6872403,1883379305,1886405177,443,443,960,1566723,3137277,579424,35722924,36502,244610610,254864473,0
1789651458.8618686,153.989,5036828,307962,0,224,61,49,47389,358907,13676488,17798648,3840,62799084,45420772,64771540,0,2301604,0,2,1,0,6872430,1883629018,1886654934,443,443,960,1566723,3137277,575401,35722924,36502,244610610,254864473,0
1789651459.1121469,154.239,5037178,308012,0,224,61,49,47389,358907,13676538,17798648,3840,62799084,45420772,64771540,0,2293244,0,2,2,0,6872462,1883879229,1886905210,443,443,960,1566723,3137277,573311,35722925,36502,244610610,254864473,0
1789651459.3624537,154.489,5037528,308062,0,224,61,49,47389,358907,13676594,17798648,3840,62799084,45420772,64771540,0,2277024,0,2,1,0,6872488,1884128950,1887154973,443,443,960,1566723,3137277,569256,35722926,36502,244610610,254864473,0
1789651459.6127405,154.74,5037878,308112,0,224,61,49,47389,358907,13676641,17798648,3840,62800440,45422128,64771540,0,2268624,0,2,1,0,6872516,1884379166,1887405232,443,443,960,1566757,3137345,567156,35722926,36502,244610610,254864473,0
1789651459.8630219,154.99,5038229,308162,0,224,61,49,47389,358907,13676687,17798648,3840,62800440,45422128,64771540,0,2260720,0,2,1,0,6872544,1884629372,1887655480,443,443,960,1566757,3137345,565180,35722927,36502,244610610,254864473,0
1789651460.1133008,155.24,5038579,308212,0,224,61,49,47389,358907,13676749,17798648,3864,62800440,45422128,64771540,0,2244060,0,2,1,0,6872577,1884879542,1887905742,443,443,966,1566757,3137345,561015,35722928,36502,244610610,254864545,0
1789651460.3635845,155.49,5038929,308262,0,224,61,49,47389,358907,13676845,17798648,3864,62800440,45422128,64771540,0,2235668,0,2,1,0,6872611,1885129748,1888155997,443,443,966,1566757,3137345,558917,35722929,36502,244610610,254864545,0
1789651460.613866,155.741,5039279,308312,0,224,61,49,47389,358907,13676900,17798648,3864,62800440,45422128,64771540,0,2219284,0,2,1,0,6872644,1885379910,1888406248,443,443,966,1566757,3137345,554821,35722930,36502,244610610,254864545,0
1789651460.8641496,155.991,5039630,308363,0,224,61,49,47389,358907,13676959,17798648,3864,62800440,45422128,64771540,0,2211092,0,2,1,0,6872676,1885630116,1888656537,443,443,966,1566757,3137345,552773,35722931,36502,244610610,254864545,0
1789651461.1144657,156.241,5039980,308413,0,224,61,49,47389,358907,13677026,17798648,3864,62800440,45422128,64771540,0,2194708,0,2,1,0,6872722,1885880277,1888906797,443,443,966,1566757,3137345,548677,35722931,36502,244610610,254864545,0
1789651461.3647609,156.492,5040330,308463,0,224,61,49,47389,358907,13677073,17798648,3864,62800440,45422128,64771540,0,2186516,0,2,1,0,6872752,1886130477,1889157056,443,443,966,1566757,3137345,546629,35722933,36502,244610610,254864545,0
1789651461.6150346,156.742,5040680,308513,0,224,61,49,47389,358907,13677141,17798648,3864,62801628,45423316,64771540,0,2170132,0,2,1,0,6872782,1886380182,1889406810,443,443,966,1566787,3137404,542533,35722933,36502,244610610,254864545,0
1789651461.8653314,156.992,5041031,308563,0,224,61,49,47389,358907,13677185,17798648,3864,62801628,45423316,64771540,0,2161940,0,2,1,0,6872812,1886630382,1889657078,443,443,966,1566787,3137404,540485,35722935,36502,244610610,254864545,0
1789651462.115611,157.242,5041381,308613,0,224,61,49,47389,358907,13677240,17798648,3864,62801628,45423316,64771540,0,2145556,0,2,1,0,6872841,1886880596,1889907336,443,443,966,1566787,3137404,536389,35722935,36502,244610610,254864545,0
1789651462.3658953,157.493,5041731,308663,0,224,61,49,47389,358907,13677298,17798648,3864,62801628,45423316,64771540,0,2137364,0,2,1,0,6872873,1887130781,1890157590,443,443,966,1566787,3137404,534341,35722936,36502,244610610,254864545,0
1789651462.616179,157.743,5042081,308713,0,224,61,49,47389,358907,13677353,17798648,3864,62801628,45423316,64771540,0,2121128,0,2,1,0,6872899,1887380512,1890407369,443,443,966,1566787,3137404,530282,35722937,36502,244610610,254864545,0
1789651462.8664687,157.993,5042432,308763,0,224,61,49,47389,358907,13677405,17798648,3864,62801628,45423316,64771540,0,2113164,0,2,1,0,6872934,1887630699,1890657619,443,443,966,1566787,3137404,528291,35722938,36502,244610610,254864545,0
1789651463.1167517,158.244,5042782,308813,0,224,61,49,47390,358907,13677458,17798648,3864,62801628,45423316,64771540,0,2096660,0,2,1,0,6872961,1887880415,1890907375,443,443,966,1566787,3137404,524165,35722939,36502,244610610,254864545,0
1789651463.3670294,158.494,5043132,308863,0,224,61,49,47390,358907,13677509,17798648,3864,62801628,45423316,64771540,0,2088536,0,2,1,0,6872987,1888130627,1891157626,443,443,966,1566787,3137404,522134,35722940,36502,244610610,254864545,0
1789651463.6173034,158.744,5043482,308913,0,224,61,49,47390,358907,13677566,17798648,3864,62802336,45424024,64771540,0,2071888,0,2,1,0,6873021,1888380769,1891407873,443,443,966,1566804,3137440,517972,35722940,36502,244610610,254864545,0
1789651463.8675816,158.994,5043833,308963,0,224,61,49,47390,358907,13677613,17798648,3864,62802336,45424024,64771540,0,2063880,0,2,1,0,6873053,1888630936,1891658127,443,443,966,1566804,3137440,515970,35722942,36502,244610610,254864557,0
1789651464.1178567,159.245,5044183,309013,0,224,61,49,47390,358907,13677673,17798648,3864,62802336,45424024,64771540,0,2047344,0,2,1,0,6873091,1888881110,1891908385,443,443,966,1566804,3137440,511836,35722943,36502,244610610,254864557,0
1789651464.3681443,159.495,5044533,309063,0,224,61,49,47390,358907,13677766,17798648,3856,62802472,45424160,64771540,0,2039060,0,2,1,0,6873127,1889131331,1892158659,443,443,964,1566808,3137447,509765,35722944,36502,244610610,254864557,0
1789651464.618446,159.745,5044883,309113,0,224,61,49,47390,358907,13677823,17798648,3856,62802472,45424160,64771540,0,2022676,0,2,1,0,6873160,1889381508,1892408909,443,443,964,1566808,3137447,505669,35722945,36502,244610610,254864557,0
1789651464.8687198,159.995,5045234,309163,0,224,61,49,47390,358907,13677873,17798648,3856,62802472,45424160,64771540,0,2014484,0,2,1,0,6873189,1889631710,1892659155,443,443,964,1566808,3137447,503621,35722945,36502,244610610,254864557,0
1789651465.119003,160.246,5045584,309213,0,224,61,49,47390,358907,13677930,17798648,3856,62802472,45424160,64771540,0,1998304,0,2,1,0,6873229,1889881871,1892909415,443,443,964,1566808,3137447,499576,35722947,36502,244610610,254864557,0
1789651465.3692825,160.496,5045934,309263,0,224,61,49,47390,358907,13677990,17798640,3856,62802472,45424160,64771540,0,1990028,0,2,1,0,6873256,1890131580,1893159166,443,443,964,1566808,3137447,497507,35722947,36502,244610610,254864641,0
1789651465.61956,160.746,5046284,309314,0,224,61,49,47390,358907,13678051,17798640,3856,62802472,45424160,64771540,0,1973644,0,2,1,0,6873284,1890380785,1893408421,443,443,964,1566808,3137447,493411,35722949,36502,244610610,254864641,0
1789651465.8698304,160.997,5046634,309364,0,224,61,49,47390,358907,13678104,17798640,3856,62802472,45424160,64771540,0,1965428,0,2,1,0,6873311,1890630491,1893658169,443,443,964,1566808,3137447,491357,35722949,36502,244610610,254864641,0
1789651466.1201084,161.247,5046984,309414,0,224,61,49,47390,358908,13678168,17798640,3856,62802472,45424160,64771540,0,1949164,0,2,2,0,6873343,1890880206,1893907932,443,443,964,1566808,3137447,487291,35722950,36502,244610610,254864641,0
1789651466.3704162,161.497,5047335,309464,0,224,61,49,47390,358908,13678220,17798640,3856,62802472,45424160,64771540,0,1940876,0,2,1,0,6873369,1891129919,1894157686,443,443,964,1566808,3137447,485219,35722950,36502,244610610,254864641,0
1789651466.6206963,161.747,5047685,309514,0,224,61,49,47390,358908,13678292,17798640,3856,62802472,45424160,64771540,0,1924372,0,2,1,0,6873399,1891379636,1894407449,443,443,964,1566808,3137447,481093,35722952,36502,244610610,254864641,0
1789651466.870977,161.998,5048035,309564,0,224,61,49,47390,358908,13678337,17798640,3856,62802472,45424160,64771540,0,1916536,0,2,1,0,6873426,1891629344,1894657201,443,443,964,1566808,3137447,479134,35722953,36502,244610610,254864641,0
1789651467.1212473,162.248,5048385,309615,0,224,61,49,47390,358908,13678400,17798640,3856,62802472,45424160,64771540,0,1900116,0,2,1,0,6873459,1891879027,1894906964,443,443,964,1566808,3137447,475029,35722954,36502,244610610,254864641,0
1789651467.371542,162.498,5048735,309665,0,224,61,49,47390,358908,13678495,17798648,3864,62802488,45424176,64771540,0,1891604,0,2,1,0,6873491,1892128740,1895156750,443,443,966,1566808,3137447,472901,35722957,36502,244610610,254864641,0
1789651467.6218646,162.749,5049085,309715,0,224,61,49,47390,358908,13678560,17798648,3864,62802488,45424176,64771540,0,1875340,0,2,1,0,6873522,1892378447,1895406528,443,443,966,1566808,3137447,468835,35722959,36502,244610610,254864641,0
1789651467.8721623,162.999,5049436,309765,0,224,61,49,47390,358908,13678608,17798648,3864,62802488,45424176,64771540,0,1867072,0,2,1,0,6873555,1892628648,1895656810,443,443,966,1566808,3137447,466768,35722960,36502,244610610,254864641,0
1789651468.122461,163.249,5049786,309815,0,224,61,49,47390,358908,13678678,17798648,3864,62802488,45424176,64771540,0,1850688,0,2,1,0,6873583,1892877868,1895906079,443,443,966,1566808,3137447,462672,35722961,36502,244610610,254864641,0
1789651468.3727498,163.5,5050136,309865,0,224,61,49,47390,358908,13678759,17798648,3864,62802488,45424176,64771540,0,1842496,0,2,1,0,6873617,1893127572,1896155834,443,443,966,1566808,3137447,460624,35722962,36502,244610610,254864641,0
1789651468.623026,163.75,5050486,309915,0,224,61,49,47390,358908,13678818,17798648,3864,62802488,45424176,64771540,0,1834304,0,2,1,0,6873652,1893377248,1896405589,443,443,966,1566808,3137447,458576,35722962,36502,244610610,254864641,0
1789651468.8733048,164.0,5050836,309965,0,224,61,49,47390,358908,13678875,17798648,3864,62802488,45424176,64771540,0,1817920,0,2,1,0,6873679,1893626959,1896655342,443,443,966,1566808,3137447,454480,35722963,36502,244610610,254864641,0
1789651469.1235893,164.25,5051186,310016,0,224,61,49,47390,358908,13678952,17798648,3868,62802488,45424176,64771540,0,1801492,0,2,1,0,6873710,1893876674,1896905105,443,443,967,1566808,3137447,450373,35722964,36502,244610610,254864641,0
1789651469.373875,164.501,5051536,310066,0,224,61,49,47390,358908,13679001,17798648,3868,62802488,45424176,64771540,0,1793300,0,2,1,0,6873736,1894126392,1897154861,443,443,967,1566808,3137447,448325,35722966,36502,244610610,254864641,0
1789651469.6241508,164.751,5051887,310116,0,224,61,49,47390,358908,13679059,17798648,3868,62802488,45424176,64771540,0,1785108,0,2,1,0,6873766,1894376115,1897404629,443,443,967,1566808,3137447,446277,35722966,36502,244610610,254864641,0
1789651469.8744447,165.001,5052237,310166,0,224,61,49,47390,358908,13679113,17798648,3868,62802488,45424176,64771540,0,1768724,0,2,1,0,6873797,1894625800,1897654390,443,443,967,1566808,3137447,442181,35722967,36502,244610610,254864641,0
1789651470.1247373,165.252,5052586,310216,0,224,61,49,47390,358908,13679197,17798648,3868,62802488,45424176,64771540,0,1760532,0,2,1,0,6873837,1894875510,1897904160,443,443,967,1566808,3137447,440133,35722967,36502,244610610,254864641,0
1789651470.3750393,165.502,5052936,310266,0,224,61,49,47390,358908,13679254,17798648,3868,62802488,45424176,64771540,0,1744308,0,2,1,0,6873866,1895125720,1898154422,443,443,967,1566808,3137447,436077,35722969,36502,244610610,254864641,0
1789651470.6253326,165.752,5053287,310316,0,224,61,49,47390,358908,13679311,17798636,3868,62802488,45424176,64771540,0,1736444,0,2,1,0,6873897,1895375948,1898404695,443,443,967,1566808,3137447,434111,35722970,36502,244610610,254864697,0
1789651470.8756208,166.002,5053637,310366,0,224,61,49,47390,358908,13679370,17798636,3868,62802488,45424176,64771540,0,1719852,0,2,1,0,6873924,1895625686,1898654472,443,443,967,1566808,3137447,429963,35722971,36502,244610610,254864697,0
1789651471.1259217,166.253,5053987,310416,0,224,61,49,47390,358908,13679419,17798636,3868,62802488,45424176,64771540,0,1711660,0,2,1,0,6873961,1895875878,1898904740,443,443,967,1566808,3137447,427915,35722971,36502,244610610,254864697,0
1789651471.376214,166.503,5054338,310466,0,224,61,49,47391,358908,13679487,17798636,3868,62802488,45424176,64771540,0,1695276,0,2,1,0,6873999,1896126036,1899155010,443,443,967,1566808,3137447,423819,35722973,36502,244610610,254864697,0
1789651471.6265063,166.753,5054688,310516,0,224,61,49,47391,358908,13679545,17798636,3868,62802488,45424176,64771540,0,1678804,0,2,1,0,6874030,1896376204,1899405259,443,443,967,1566808,3137447,419701,35722973,36502,244610610,254864697,0
1789651471.876795,167.004,5055038,310566,0,224,61,49,47391,358908,13679588,17798636,3868,62802488,45424176,64771540,0,1670700,0,2,1,0,6874055,1896625934,1899655027,443,443,967,1566808,3137447,417675,35722975,36502,244610610,254864697,0
1789651472.1270733,167.254,5055388,310617,0,224,61,49,47391,358908,13679639,17798636,3868,62802488,45424176,64771540,0,1662508,0,2,1,0,6874121,1896876080,1899905281,443,443,967,1566808,3137447,415627,35722976,36502,244610610,254864697,0
1789651472.3773708,167.504,5055738,310667,0,224,61,49,47391,358908,13679746,17798648,3868,62802296,45423984,64771540,0,1645844,0,2,1,0,6874156,1897125779,1900155054,443,443,967,1566803,3137438,411461,35722976,36502,244610610,254864697,0
1789651472.6276505,167.754,5056087,310718,0,224,61,49,47391,358908,13679900,17798640,480,62802296,45423984,64771540,0,1637916,0,2,1,0,6874189,1897370507,1900399829,443,443,120,1566803,3137438,409479,35722977,36502,244610610,254868465,0
1789651472.8779347,168.005,5056437,310768,0,224,61,49,47391,358909,13679997,17798640,480,62802296,45423984,64771540,0,1621532,0,2,1,0,6874228,1897616761,1900646169,443,443,120,1566803,3137438,405383,35723653,36502,244610610,254868465,0
1789651473.1282477,168.255,5056781,310817,0,224,61,49,47394,358912,13680940,17798644,3696,62798316,45419932,64771540,0,1605148,0,2,1,0,6874394,1897837300,1900871712,443,443,924,1566704,3137238,401287,35729992,36502,244610610,254868465,0
1789651473.3786137,168.505,5057131,310867,0,224,61,49,47394,358912,13681015,17798640,3696,62798568,45420184,64771540,0,1596956,0,2,1,0,6874423,1898087545,1901122025,443,443,924,1566710,3137251,399239,35729994,36502,244610610,254868465,0
1789651473.6289508,168.756,5057481,310917,0,224,61,49,47394,358912,13681066,17798640,3696,62798568,45420184,64771540,0,1580572,0,2,1,0,6874452,1898337772,1901372308,443,443,924,1566710,3137251,395143,35729995,36502,244610610,254868465,0
1789651473.8792691,169.006,5057832,310967,0,224,61,49,47394,358912,13681108,17798640,3696,62798568,45420184,64771540,0,1572380,0,2,1,0,6874483,1898587995,1901622592,443,443,924,1566710,3137251,393095,35729995,36502,244610610,254868465,0
1789651474.1295753,169.256,5058182,311017,0,224,61,49,47394,358912,13681167,17798640,3696,62798568,45420184,64771540,0,1564188,0,2,1,0,6874515,1898837727,1901872371,443,443,924,1566710,3137251,391047,35729997,36502,244610610,254868465,0
1789651474.3798773,169.507,5058532,311067,0,224,61,49,47394,358912,13681220,17798640,3696,62798568,45420184,64771540,0,1547732,0,2,1,0,6874544,1899087925,1902122630,443,443,924,1566710,3137251,386933,35729997,36502,244610610,254868465,0
1789651474.630165,169.757,5058882,311118,0,224,61,49,47394,358912,13681273,17798640,3696,62798568,45420184,64771540,0,1539612,0,2,1,0,6874573,1899337668,1902372417,443,443,924,1566710,3137251,384903,35729999,36502,244610610,254868465,0
1789651474.8804753,170.007,5059233,311168,0,224,61,49,47394,358912,13681326,17798640,3696,62798568,45420184,64771540,0,1523460,0,2,1,0,6874607,1899587853,1902622675,443,443,924,1566710,3137251,380865,35729999,36502,244610610,254868465,0
1789651475.1307752,170.258,5059583,311218,0,224,61,49,47394,358912,13681387,17798640,3696,62798568,45420184,64771540,0,1514932,0,2,1,0,6874648,1899838052,1902872970,443,443,924,1566710,3137251,378733,35730001,36502,244610610,254868465,0
1789651475.3810818,170.508,5059933,311268,0,224,61,49,47394,358912,13681438,17798640,3696,62798568,45420184,64771540,0,1498700,0,2,1,0,6874675,1900088267,1903123227,443,443,924,1566710,3137251,374675,35730001,36502,244610610,254868465,0
1789651475.6313791,170.758,5060283,311318,0,224,61,49,47394,358912,13681493,17798640,3696,62798568,45420184,64771540,0,1490560,0,2,1,0,6874707,1900337976,1903373001,443,443,924,1566710,3137251,372640,35730002,36502,244610610,254868465,0
1789651475.8816617,171.008,5060634,311368,0,224,61,49,47394,358912,13681545,17798640,3696,62798568,45420184,64771540,0,1474080,0,2,1,0,6874736,1900588179,1903623248,443,443,924,1566710,3137251,368520,35730003,36502,244610610,254868541,0
1789651476.1319315,171.259,5060984,311418,0,224,61,49,47394,358912,13681602,17798640,3696,62798568,45420184,64771540,0,1465824,0,2,1,0,6874767,1900838379,1903873497,443,443,924,1566710,3137251,366456,35730004,36502,244610610,254868541,0
1789651476.382209,171.509,5061334,311468,0,224,61,49,47394,358912,13681718,17798652,3876,62800208,45421816,64771540,0,1449236,0,2,1,0,6874805,1901088087,1904123270,443,443,969,1566751,3137333,362309,35730004,36502,244610610,254868541,0
1789651476.6325126,171.759,5061684,311518,0,224,61,49,47394,358912,13681783,17798652,3876,62800208,45421816,64771540,0,1432852,0,2,1,0,6874839,1901337782,1904373037,443,443,969,1566751,3137333,358213,35730005,36502,244610610,254868541,0
1789651476.88279,172.01,5062034,311568,0,224,61,49,47394,358912,13681828,17798652,3876,62800208,45421816,64771540,0,1424660,0,2,1,0,6874868,1901587984,1904623282,443,443,969,1566751,3137333,356165,35730006,36502,244610610,254868541,0
1789651477.1330614,172.26,5062385,311618,0,224,61,49,47394,358912,13681890,17798652,3876,62800208,45421816,64771540,0,1416468,0,2,1,0,6874900,1901838182,1904873535,443,443,969,1566751,3137333,354117,35730007,36502,244610610,254868541,0
1789651477.3833652,172.51,5062734,311668,0,224,61,49,47394,358913,13681973,17798652,3876,62800208,45421816,64771540,0,1400084,0,2,1,0,6874931,1902086395,1905121842,443,443,969,1566751,3137333,350021,35730013,36502,244610610,254868541,0
1789651477.633668,172.76,5063085,311718,0,224,61,49,47394,358913,13682025,17798652,3876,62800208,45421816,64771540,0,1391892,0,2,1,0,6874965,1902336579,1905372100,443,443,969,1566751,3137333,347973,35730013,36502,244610610,254868541,0
1789651477.8839557,173.011,5063435,311768,0,224,61,49,47394,358913,13682078,17798652,3876,62800208,45421816,64771540,0,1375508,0,2,1,0,6874996,1902586793,1905622360,443,443,969,1566751,3137333,343877,35730015,36502,244610610,254868541,0
1789651478.1342392,173.261,5063785,311818,0,224,61,49,47394,358913,13682143,17798652,3876,62800208,45421816,64771540,0,1367316,0,2,1,0,6875032,1902836964,1905872633,443,443,969,1566751,3137333,341829,35730015,36502,244610610,254868541,0
1789651478.3845446,173.511,5064136,311868,0,224,61,49,47394,358913,13682196,17798652,3876,62800208,45421816,64771540,0,1351244,0,2,1,0,6875061,1903087165,1906122895,443,443,969,1566751,3137333,337811,35730017,36502,244610610,254868541,0
1789651478.6348255,173.762,5064486,311918,0,224,61,49,47394,358913,13682257,17798652,3876,62800208,45421816,64771540,0,1334812,0,2,1,0,6875098,1903336871,1906372652,443,443,969,1566751,3137333,333703,35730017,36502,244610610,254868541,0
1789651478.8851,174.012,5064836,311968,0,224,61,49,47394,358913,13682303,17798652,3876,62800208,45421816,64771540,0,1326748,0,2,1,0,6875126,1903587071,1906622897,443,443,969,1566751,3137333,331687,35730018,36502,244610610,254868541,0
1789651479.1353958,174.262,5065186,312018,0,224,61,49,47395,358913,13682355,17798652,3876,62800624,45422232,64771540,0,1318652,0,2,1,0,6875160,1903837296,1906873176,443,443,969,1566761,3137354,329663,35730019,36502,244610610,254868541,0
1789651479.3856843,174.512,5065537,312069,0,224,61,49,47395,358913,13682410,17798652,3876,62800624,45422232,64771540,0,1302232,0,2,1,0,6875189,1904087006,1907122948,443,443,969,1566761,3137354,325558,35730020,36502,244610610,254868541,0
1789651479.6359773,174.763,5065887,312119,0,224,61,49,47395,358913,13682467,17798652,3876,62800624,45422232,64771540,0,1294340,0,2,1,0,6875224,1904337202,1907373211,443,443,969,1566761,3137354,323585,35730021,36502,244610610,254868541,0
1789651479.8862693,175.013,5066237,312169,0,224,61,49,47395,358913,13682525,17798652,3876,62800624,45422232,64771540,0,1277676,0,2,1,0,6875253,1904586919,1907622982,443,443,969,1566761,3137354,319419,35730022,36502,244610610,254868541,0
1789651480.1365612,175.263,5066587,312219,0,224,61,49,47395,358913,13682585,17798652,3876,62800624,45422232,64771540,0,1269484,0,2,1,0,6875287,1904836625,1907872746,443,443,969,1566761,3137354,317371,35730022,36502,244610610,254868541,0
1789651480.3868554,175.514,5066937,312269,0,224,61,49,47395,358913,13682685,17798652,3876,62801756,45423364,64771540,0,1253292,0,2,1,0,6875326,1905086836,1908123015,443,443,969,1566790,3137410,313323,35730024,36502,244610610,254868541,0
1789651480.6371436,175.764,5067287,312319,0,224,61,49,47395,358913,13682738,17798652,3876,62801756,45423364,64771540,0,1236908,0,2,1,0,6875357,1905337027,1908373280,443,443,969,1566790,3137410,309227,35730024,36502,244610610,254868541,0
1789651480.8874376,176.014,5067638,312369,0,224,61,49,47395,358913,13682801,17798652,3748,62801760,45423364,64771540,0,1228716,0,2,1,0,6875385,1905586778,1908623074,443,443,937,1566790,3137411,307179,35730025,36502,244610610,254868601,0
1789651481.1377656,176.265,5067988,312419,0,224,61,49,47395,358913,13682868,17798640,3748,62801760,45423364,64771540,0,1220524,0,2,1,0,6875422,1905836955,1908873343,443,443,937,1566790,3137411,305131,35730026,36502,244610610,254868685,0
1789651481.3880525,176.515,5068338,312469,0,224,61,49,47395,358913,13682929,17798640,3748,62801760,45423364,64771540,0,1204804,0,2,1,0,6875450,1906086673,1909123103,443,443,937,1566790,3137411,301201,35730026,36502,244610610,254868685,0
1789651481.638351,176.765,5068688,312520,0,224,61,49,47395,358913,13682991,17798640,3748,62801760,45423364,64771540,0,1196612,0,2,1,0,6875480,1906336400,1909372876,443,443,937,1566790,3137411,299153,35730027,36502,244610610,254868685,0
1789651481.8886347,177.015,5069038,312570,0,224,61,49,47395,358913,13683043,17798640,3748,62801760,45423364,64771540,0,1180892,0,2,1,0,6875512,1906586110,1909622634,443,443,937,1566790,3137411,295223,35730028,36502,244610610,254868685,0
1789651482.1389117,177.266,5069388,312620,0,224,61,49,47395,358913,13683104,17798652,3820,62801520,45423124,64771540,0,1172700,0,2,1,0,6875573,1906835793,1909872395,443,443,955,1566784,3137399,293175,35730030,36502,244610610,254868685,0
1789651482.3891978,177.516,5069739,312670,0,224,61,49,47395,358914,13683164,17798652,3820,62801520,45423124,64771540,0,1157300,0,2,1,0,6875599,1907085527,1910122170,443,443,955,1566784,3137399,289325,35730030,36502,244610610,254868685,0
1789651482.639499,177.766,5070089,312720,0,224,61,49,47395,358914,13683218,17798652,3820,62801520,45423124,64771540,0,1149100,0,2,1,0,6875629,1907335232,1910371921,443,443,955,1566784,3137399,287275,35730031,36502,244610610,254868685,0
1789651482.8897703,178.017,5070439,312770,0,224,61,49,47395,358914,13683280,17798652,3820,62801520,45423124,64771540,0,1133188,0,2,1,0,6875657,1907584935,1910621667,443,443,955,1566784,3137399,283297,35730031,36502,244610610,254868685,0
1789651483.1400514,178.267,5070789,312820,0,224,61,49,47395,358914,13683347,17798652,3820,62801520,45423124,64771540,0,1117612,0,2,1,0,6875692,1907834643,1910871426,443,443,955,1566784,3137399,279403,35730033,36502,244610610,254868685,0
1789651483.3903422,178.517,5071139,312871,0,224,61,49,47396,358914,13683398,17798652,3820,62801520,45423124,64771540,0,1109452,0,2,1,0,6875722,1908084847,1911121703,443,443,955,1566784,3137399,277363,35730033,36502,244610610,254868685,0
1789651483.6406314,178.767,5071489,312921,0,224,61,49,47396,358914,13683454,17798652,3820,62801520,45423124,64771540,0,1093756,0,2,1,0,6875757,1908334537,1911371474,443,443,955,1566784,3137399,273439,35730035,36502,244610610,254868685,0
1789651483.890924,179.018,5071840,312971,0,224,61,49,47396,358914,13683508,17798652,3820,62801520,45423124,64771540,0,1085628,0,2,1,0,6875791,1908584729,1911621738,443,443,955,1566784,3137399,271407,35730035,36502,244610610,254868685,0
1789651484.1412134,179.268,5072190,313021,0,224,61,49,47396,358914,13683566,17798652,3820,62801520,45423124,64771540,0,1069908,0,2,1,0,6875821,1908834453,1911871514,443,443,955,1566784,3137399,267477,35730036,36502,244610610,254868685,0
1789651484.3915224,179.518,5072540,313071,0,224,61,49,47396,358914,13683663,17798652,3820,62801520,45423124,64771540,0,1061332,0,2,1,0,6875859,1909084635,1912121782,443,443,955,1566784,3137399,265333,35730038,36502,244610610,254868685,0
1789651484.6418142,179.769,5072891,313121,0,224,61,49,47396,358914,13683730,17798652,3820,62801520,45423124,64771540,0,1045612,0,2,1,0,6875904,1909334787,1912372055,443,443,955,1566784,3137399,261403,35730039,36502,244610610,254868685,0
1789651484.8921733,180.019,5073241,313171,0,224,61,49,47396,358914,13683785,17798652,3820,62801520,45423124,64771540,0,1032404,0,2,1,0,6875931,1909584538,1912621846,443,443,955,1566784,3137399,258101,35730041,36502,244610610,254868685,0
1789651485.1424842,180.269,5073591,313221,0,224,61,49,47396,358914,13683843,17798652,3820,62801520,45423124,64771540,0,1024212,0,2,1,0,6875961,1909834252,1912871607,443,443,955,1566784,3137399,256053,35730041,36502,244610610,254868685,0
1789651485.3927808,180.52,5073941,313271,0,224,61,49,47396,358914,13683923,17798652,3820,62801520,45423124,64771540,0,1008492,0,2,1,0,6875996,1910083951,1913121381,443,443,955,1566784,3137399,252123,35730042,36502,244610610,254868685,0
1789651485.6430805,180.77,5074291,313321,0,224,61,49,47396,358914,13683974,17798652,3820,62801520,45423124,64771540,0,1000300,0,2,1,0,6876025,1910333678,1913371151,443,443,955,1566784,3137399,250075,35730043,36502,244610610,254868685,0
1789651485.893386,181.02,5074641,313372,0,224,61,49,47396,358914,13684043,17798652,3820,62801520,45423124,64771540,0,984580,0,2,1,0,6876059,1910583392,1913620938,443,443,955,1566784,3137399,246145,35730044,36502,244610610,254868685,0
1789651486.1436808,181.27,5074992,313422,0,224,61,49,47396,358914,13684100,17798652,3820,62801520,45423124,64771540,0,976508,0,2,1,0,6876086,1910833123,1913870710,443,443,955,1566784,3137399,244127,35730045,36502,244610610,254868685,0
1789651486.3939812,181.521,5075342,313472,0,224,61,49,47396,358914,13684171,17798640,3820,62801520,45423124,64771540,0,960788,0,2,1,0,6876115,1911082832,1914120485,443,443,955,1566784,3137399,240197,35730046,36502,244610610,254868737,0
1789651486.6442785,181.771,5075692,313522,0,224,61,49,47396,358914,13684226,17798640,3820,62801520,45423124,64771540,0,945176,0,2,1,0,6876145,1911333053,1914370751,443,443,955,1566784,3137399,236294,35730046,36502,244610610,254868737,0
1789651486.8945713,182.021,5076042,313572,0,224,61,49,47396,358914,13684275,17798640,3820,62801520,45423124,64771540,0,935068,0,2,1,0,6876180,1911583254,1914621024,443,443,955,1566784,3137399,233767,35730047,36502,244610610,254868737,0
1789651487.1448746,182.272,5076393,313622,0,224,61,49,47396,358914,13684324,17798640,3820,62801520,45423124,64771540,0,925036,0,2,1,0,6876209,1911833482,1914871295,443,443,955,1566784,3137399,231259,35730048,36502,244610610,254868737,0
1789651487.3951764,182.522,5076743,313672,0,224,61,49,47396,358914,13684425,17798652,3848,62802032,45423636,64771540,0,909836,0,2,1,0,6876245,1912083183,1915121104,443,443,962,1566796,3137424,227459,35730049,36502,244610610,254868737,0
1789651487.6455245,182.772,5077093,313722,0,224,61,49,47396,358914,13684475,17798652,3848,62802032,45423636,64771540,0,899804,0,2,1,0,6876276,1912333403,1915371389,443,443,962,1566796,3137424,224951,35730050,36502,244610610,254868737,0
1789651487.8958313,183.023,5077443,313772,0,224,61,49,47396,358915,13684566,17798652,3848,62802032,45423636,64771540,0,889772,0,2,1,0,6876319,1912582815,1915621680,443,443,962,1566796,3137424,222443,35730050,36502,244610610,254868737,0
1789651488.1461616,183.273,5077794,313822,0,224,61,49,47396,358915,13684627,17798652,3848,62802032,45423636,64771540,0,875116,0,2,1,0,6876347,1912832576,1915871484,443,443,962,1566796,3137424,218779,35730051,36502,244610610,254868737,0
1789651488.3964987,183.523,5078144,313872,0,224,61,49,47396,358915,13684714,17798652,3848,62802032,45423636,64771540,0,861152,0,2,1,0,6876382,1913082782,1916121768,443,443,962,1566796,3137424,215288,35730052,36502,244610610,254868737,0
1789651488.6468084,183.774,5078494,313922,0,224,61,49,47396,358915,13684768,17798652,3848,62802032,45423636,64771540,0,852960,0,2,1,0,6876412,1913332515,1916371545,443,443,962,1566796,3137424,213240,35730054,36502,244610610,254868737,0
1789651488.8971014,184.024,5078844,313972,0,224,61,49,47396,358915,13684829,17798652,3848,62802032,45423636,64771540,0,836296,0,2,1,0,6876443,1913581735,1916620814,443,443,962,1566796,3137424,209074,35730054,36502,244610610,254868737,0
1789651489.147418,184.274,5079194,314023,0,224,61,49,47396,358915,13684890,17798652,3848,62802032,45423636,64771540,0,828104,0,2,1,0,6876471,1913831460,1916870583,443,443,962,1566796,3137424,207026,35730055,36502,244610610,254868737,0
1789651489.3977053,184.524,5079545,314073,0,224,61,49,47396,358915,13684970,17798652,3848,62802288,45423892,64771540,0,819792,0,3,1,0,6876505,1914081627,1917120838,443,443,962,1566803,3137437,204948,35730055,36502,244610610,254868737,0
1789651489.6480014,184.775,5079895,314123,0,224,61,49,47396,358915,13685023,17798652,3848,62802288,45423892,64771540,0,803512,0,2,1,0,6876534,1914331839,1917371122,443,443,962,1566803,3137437,200878,35730057,36502,244610610,254868737,0
1789651489.8983052,185.025,5080245,314173,0,224,61,49,47396,358915,13685075,17798652,3848,62802288,45423892,64771540,0,795320,0,2,1,0,6876565,1914581564,1917620890,443,443,962,1566803,3137437,198830,35730058,36502,244610610,254868737,0
1789651490.1485946,185.275,5080595,314223,0,224,61,49,47396,358915,13685148,17798652,3848,62802288,45423892,64771540,0,778936,0,2,1,0,6876595,1914830757,1917870166,443,443,962,1566803,3137437,194734,35730059,36502,244610610,254868737,0
1789651490.398891,185.526,5080945,314273,0,224,61,49,47397,358915,13685205,17798652,3848,62802288,45423892,64771540,0,770744,0,2,1,0,6876625,1915079980,1918119436,443,443,962,1566803,3137437,192686,35730059,36502,244610610,254868737,0
1789651490.6491795,185.776,5081295,314323,0,224,61,49,47397,358915,13685275,17798652,3848,62802704,45424308,64771540,0,754464,0,2,1,0,6876665,1915329673,1918369214,443,443,962,1566813,3137458,188616,35730060,36502,244610610,254868737,0
1789651490.8994908,186.026,5081646,314373,0,224,61,49,47397,358915,13685344,17798652,3848,62802832,45424436,64771540,0,746032,0,2,1,0,6876696,1915579415,1918619001,443,443,962,1566816,3137464,186508,35730063,36502,244610610,254868737,0
1789651491.1497998,186.277,5081996,314424,0,224,61,49,47397,358915,13685408,17798652,3848,62802832,45424436,64771540,0,729648,0,2,1,0,6876724,1915828644,1918868275,443,443,962,1566816,3137464,182412,35730065,36502,244610610,254868737,0
1789651491.4000869,186.527,5082346,314474,0,224,61,49,47397,358915,13685459,17798652,3848,62802832,45424436,64771540,0,721456,0,2,1,0,6876755,1916078355,1919118032,443,443,962,1566816,3137464,180364,35730065,36502,244610610,254868737,0
1789651491.6503823,186.777,5082696,314524,0,224,61,49,47397,358915,13685526,17798652,3888,62802832,45424436,64771540,0,705056,0,2,1,0,6876783,1916327592,1919367312,443,443,972,1566816,3137464,176264,35730065,36502,244610610,254868857,0
1789651491.900658,187.027,5083046,314574,0,224,61,49,47397,358915,13685571,17798652,3888,62802832,45424436,64771540,0,696864,0,2,1,0,6876812,1916577294,1919617058,443,443,972,1566816,3137464,174216,35730066,36502,244610610,254868857,0
1789651492.1509347,187.278,5083396,314624,0,224,61,49,47397,358915,13685643,17798652,3888,62802832,45424436,64771540,0,680600,0,2,1,0,6876840,1916826522,1919866329,443,443,972,1566816,3137464,170150,35730067,36502,244610610,254868857,0
1789651492.4012125,187.528,5083746,314675,0,224,61,49,47397,358915,13685735,17798652,3888,62802832,45424436,64771540,0,672288,0,2,1,0,6876881,1917076243,1920116107,443,443,972,1566816,3137464,168072,35730069,36502,244610610,254868857,0
1789651492.6515172,187.778,5084096,314725,0,224,61,49,47397,358915,13685796,17798652,3888,62802832,45424436,64771540,0,655888,0,2,1,0,6876911,1917325930,1920365869,443,443,972,1566816,3137464,163972,35730069,36502,244610610,254868857,0
1789651492.9018075,188.029,5084447,314775,0,224,61,49,47397,358915,13685847,17798652,3888,62802832,45424436,64771540,0,647696,0,2,1,0,6876949,1917575623,1920615621,443,443,972,1566816,3137464,161924,35730070,36502,244610610,254868857,0
1789651493.1520796,188.279,5084797,314825,0,224,61,49,47397,358915,13685918,17798652,3888,62802832,45424436,64771540,0,631304,0,2,1,0,6876977,1917824836,1920864877,443,443,972,1566816,3137464,157826,35730070,36502,244610610,254868857,0
1789651493.4023757,188.529,5085147,314875,0,224,61,49,47397,358915,13685976,17798652,3888,62802832,45424436,64771540,0,623112,0,2,1,0,6877011,1918075020,1921115141,443,443,972,1566816,3137464,155778,35730071,36502,244610610,254868857,0
1789651493.6526563,188.779,5085497,314925,0,224,61,49,47397,358915,13686040,17798652,3888,62802832,45424436,64771540,0,606728,0,2,1,0,6877042,1918324716,1921364910,443,443,972,1566816,3137464,151682,35730073,36502,244610610,254868857,0
1789651493.9029462,189.03,5085847,314975,0,224,61,49,47397,358915,13686094,17798652,3888,62802832,45424436,64771540,0,598536,0,2,1,0,6877070,1918574441,1921614677,443,443,972,1566816,3137464,149634,35730074,36502,244610610,254868857,0
1789651494.153236,189.28,5086197,315025,0,224,61,49,47397,358915,13686166,17798652,3888,62802832,45424436,64771540,0,582272,0,2,2,0,6877096,1918823682,1921863959,443,443,972,1566816,3137464,145568,35730074,36502,244610610,254868857,0
1789651494.4035463,189.53,5086548,315076,0,224,61,49,47397,358915,13686216,17798652,3888,62802832,45424436,64771540,0,574080,0,2,1,0,6877126,1919073407,1922113728,443,443,972,1566816,3137464,143520,35730075,36502,244610610,254868857,0
1789651494.6538317,189.781,5086898,315126,0,224,61,49,47397,358915,13686292,17798652,3888,62802832,45424436,64771540,0,557816,0,2,1,0,6877164,1919323071,1922363483,443,443,972,1566816,3137464,139454,35730076,36502,244610610,254868869,0
1789651494.904115,190.031,5087248,315176,0,224,61,49,47397,358915,13686346,17798652,3888,62802832,45424436,64771540,0,549636,0,2,1,0,6877202,1919573247,1922613742,443,443,972,1566816,3137464,137409,35730079,36502,244610610,254868869,0
1789651495.1544108,190.281,5087598,315226,0,224,61,49,47397,358915,13686409,17798652,3888,62802832,45424436,64771540,0,533252,0,2,1,0,6877232,1919822464,1922863002,443,443,972,1566816,3137464,133313,35730079,36502,244610610,254868869,0
1789651495.404687,190.531,5087948,315276,0,224,61,49,47397,358915,13686458,17798652,3888,62802832,45424436,64771540,0,525060,0,2,1,0,6877260,1920072182,1923112763,443,443,972,1566816,3137464,131265,35730081,36502,244610610,254868869,0
1789651495.654971,190.782,5088299,315326,0,224,61,49,47397,358915,13686521,17798652,3888,62802832,45424436,64771540,0,508676,0,2,1,0,6877291,1920321864,1923362518,443,443,972,1566816,3137464,127169,35730082,36502,244610610,254868869,0
1789651495.9052646,191.032,5088649,315376,0,224,61,49,47397,358915,13686582,17798652,3880,62802832,45424436,64771540,0,500232,0,2,1,0,6877331,1920572047,1923612782,443,443,970,1566816,3137464,125058,35730082,36502,244610610,254868869,0
1789651496.155541,191.282,5088999,315426,0,224,61,49,47397,358915,13686657,17798652,3880,62802832,45424436,64771540,0,483848,0,2,1,0,6877359,1920821271,1923862047,443,443,970,1566816,3137464,120962,35730083,36502,244610610,254868869,0
1789651496.4058242,191.533,5089349,315477,0,224,61,49,47397,358915,13686738,17798652,3880,62802832,45424436,64771540,0,475656,0,2,1,0,6877394,1921070976,1924111803,443,443,970,1566816,3137464,118914,35730084,36502,244610610,254868869,0
1789651496.6561005,191.783,5089699,315527,0,224,61,49,47397,358916,13686805,17798640,3880,62802832,45424436,64771540,0,459272,0,2,1,0,6877437,1921321113,1924362048,443,443,970,1566816,3137464,114818,35730085,36502,244610610,254868909,0
1789651496.9063869,192.033,5090050,315577,0,224,61,49,47397,358916,13686856,17798640,3880,62802832,45424436,64771540,0,451080,0,2,1,0,6877477,1921571292,1924612310,443,443,970,1566816,3137464,112770,35730085,36502,244610610,254868909,0
1789651497.156662,192.283,5090400,315627,0,224,61,49,47397,358916,13686929,17798640,3880,62802832,45424436,64771540,0,435076,0,2,1,0,6877540,1921820940,1924862059,443,443,970,1566816,3137464,108769,35730086,36502,244610610,254868909,0
1789651497.406939,192.534,5090750,315677,0,224,61,49,47397,358916,13687039,17798652,3888,62802832,45424436,64771540,0,426504,0,2,1,0,6877572,1922070631,1925111840,443,443,972,1566816,3137464,106626,35730094,36502,244610610,254868909,0
1789651497.657247,192.784,5091100,315727,0,224,61,49,47397,358916,13687107,17798652,3888,62802832,45424436,64771540,0,410120,0,2,1,0,6877616,1922320779,1925362104,443,443,972,1566816,3137464,102530,35730097,36502,244610610,254868909,0
1789651497.9075298,193.034,5091450,315777,0,224,61,49,47397,358916,13687152,17798652,3888,62802832,45424436,64771540,0,401928,0,2,1,0,6877644,1922570484,1925611851,443,443,972,1566816,3137464,100482,35730097,36502,244610610,254868909,0
1789651498.1578043,193.285,5091800,315827,0,224,61,49,47397,358916,13687218,17798652,3888,62802832,45424436,64771540,0,385664,0,2,1,0,6877674,1922819699,1925861111,443,443,972,1566816,3137464,96416,35730098,36502,244610610,254868909,0
1789651498.4080913,193.535,5092151,315877,0,224,61,49,47397,358916,13687267,17798652,3888,62802832,45424436,64771540,0,377472,0,2,1,0,6877705,1923069413,1926110869,443,443,972,1566816,3137464,94368,35730099,36502,244610610,254868909,0
1789651498.6583858,193.785,5092501,315927,0,224,61,49,47397,358916,13687332,17798652,3888,62802832,45424436,64771540,0,361208,0,2,1,0,6877734,1923319123,1926360648,443,443,972,1566816,3137464,90302,35730100,36502,244610610,254868909,0
1789651498.908662,194.035,5092851,315978,0,224,61,49,47397,358916,13687390,17798652,3888,62802832,45424436,64771540,0,353016,0,2,1,0,6877767,1923568823,1926610397,443,443,972,1566816,3137464,88254,35730101,36502,244610610,254868909,0
1789651499.1589334,194.286,5093201,316028,0,224,61,49,47397,358916,13687451,17798652,3888,62802832,45424436,64771540,0,336632,0,2,1,0,6877795,1923818037,1926859655,443,443,972,1566816,3137464,84158,35730102,36502,244610610,254868909,0
1789651499.409211,194.536,5093551,316078,0,224,61,49,47397,358916,13687506,17798652,3888,62802832,45424436,64771540,0,328440,0,2,1,0,6877822,1924067762,1927109421,443,443,972,1566816,3137464,82110,35730102,36502,244610610,254868909,0
1789651499.6595056,194.786,5093901,316128,0,224,61,49,47397,358916,13687567,17798652,3888,62802832,45424436,64771540,0,312056,0,2,1,0,6877852,1924317448,1927359179,443,443,972,1566816,3137464,78014,35730104,36502,244610610,254868909,0
1789651499.9097805,195.037,5094252,316178,0,224,61,49,47397,358916,13687615,17798652,3888,62802832,45424436,64771540,0,303864,0,2,1,0,6877882,1924567157,1927608933,443,443,972,1566816,3137464,75966,35730105,36502,244610610,254868909,0
1789651500.1600618,195.287,5094602,316228,0,224,61,49,47397,358916,13687685,17798652,3888,62802832,45424436,64771540,0,287480,0,2,1,0,6877910,1924816374,1927858192,443,443,972,1566816,3137464,71870,35730106,36502,244610610,254868909,0
1789651500.4103541,195.537,5094952,316279,0,224,61,49,47397,358916,13687784,17798652,3896,62802592,45424196,64771540,0,279048,0,2,1,0,6877945,1925066088,1928107958,443,443,974,1566810,3137452,69762,35730107,36502,244610610,254868909,0
1789651500.6606276,195.787,5095302,316329,0,224,61,49,47397,358916,13687847,17798652,3896,62802592,45424196,64771540,0,262664,0,2,1,0,6877976,1925315768,1928357711,443,443,974,1566810,3137452,65666,35730107,36502,244610610,254868909,0
1789651500.9109175,196.038,5095652,316379,0,224,61,49,47397,358916,13687930,17798652,3896,62802340,45423944,64771540,0,254472,0,2,1,0,6878010,1925565032,1928607026,443,443,974,1566804,3137440,63618,35730197,36502,244610610,254868909,0
1789651501.1612644,196.288,5096002,316429,0,224,61,49,47397,358916,13688000,17798652,3896,62802340,45423944,64771540,0,238088,0,2,1,0,6878043,1925814275,1928856317,443,443,974,1566804,3137440,59522,35730197,36502,244610610,254868909,0
1789651501.4115782,196.538,5096352,316479,0,224,61,49,47398,358916,13688113,17798652,4268,62800472,45422076,64771540,0,229896,0,2,1,0,6878089,1926061759,1929104129,443,443,1067,1566757,3137346,57474,35730825,36502,244610626,254868909,0
1789651501.6618855,196.789,5096702,316529,0,224,61,49,47398,358916,13688191,17798640,4268,62800472,45422076,64771540,0,213512,0,2,1,0,6878132,1926311435,1929353894,443,443,1067,1566757,3137346,53378,35730825,36502,244610626,254868953,0
1789651501.9121714,197.039,5097052,316580,0,224,61,49,47398,358916,13688236,17798640,4268,62800472,45422076,64771540,0,205320,0,2,1,0,6878162,1926561160,1929603667,443,443,1067,1566757,3137346,51330,35730826,36502,244610626,254868953,0
1789651502.1624773,197.289,5097402,316630,0,224,61,49,47398,358916,13688305,17798640,4268,62800784,45422388,64771540,0,189056,0,2,1,0,6878189,1926810396,1929852944,443,443,1067,1566765,3137362,47264,35730827,36502,244610626,254868953,0
1789651502.4127724,197.54,5097752,316680,0,224,61,49,47398,358916,13688363,17798640,4268,62800784,45422388,64771540,0,180864,0,2,1,0,6878220,1927060112,1930102707,443,443,1067,1566765,3137362,45216,35730828,36502,244610626,254868953,0
1789651502.6630533,197.79,5098103,316730,0,224,61,49,47398,358916,13688421,17798640,4268,62800784,45422388,64771540,0,165144,0,2,1,0,6878248,1927309821,1930352459,443,443,1067,1566765,3137362,41286,35730829,36502,244610626,254868953,0
1789651502.9133484,198.04,5098453,316780,0,224,61,49,47398,358916,13688481,17798640,4268,62800784,45422388,64771540,0,156952,0,2,1,0,6878278,1927559556,1930602238,443,443,1067,1566765,3137362,39238,35730830,36502,244610626,254868953,0
1789651503.1636286,198.29,5098803,316830,0,224,61,49,47398,358916,13688539,17798640,4268,62800784,45422388,64771540,0,141232,0,2,1,0,6878318,1927809724,1930852491,443,443,1067,1566765,3137362,35308,35730830,36502,244610626,254868953,0
1789651503.413906,198.541,5099153,316881,0,224,61,49,47398,358916,13688609,17798632,4268,62800784,45422388,64771540,0,133048,0,2,1,0,6878351,1928058441,1931101260,443,443,1067,1566765,3137362,33262,35730831,36502,244610626,254869009,0
1789651503.6641893,198.791,5099503,316931,0,224,61,49,47398,358916,13688665,17798632,4268,62800784,45422388,64771540,0,117328,0,2,1,0,6878379,1928308170,1931351032,443,443,1067,1566765,3137362,29332,35730832,36502,244610626,254869009,0
1789651503.914484,199.041,5099852,316982,0,224,61,49,47398,358917,13688793,17798632,388,62800784,45422388,64771540,0,101892,0,2,1,0,6878421,1928552078,1931595008,443,443,97,1566765,3137362,25473,35731508,36502,244610626,254873069,0
1789651504.1647854,199.292,5100199,317019,0,224,61,49,47400,358930,13689248,17798632,2724,62780980,45402584,64771540,0,93792,0,2,2,0,6879033,1928730106,1931833850,443,443,681,1566271,3136372,23448,35739273,36502,244610626,254873069,0
1789651504.4151394,199.542,5100542,317059,0,224,61,49,47405,358942,13690345,17799244,3920,62779964,45400856,64771540,0,85096,0,2,1,0,6879224,1928902773,1932053772,443,443,980,1566245,3136319,21274,35751318,36513,244611090,254873209,0
1789651504.665527,199.792,5100892,317109,0,224,61,49,47405,358942,13690425,17799244,3920,62780324,45401216,64771540,0,69376,0,2,1,0,6879244,1929152284,1932303561,443,443,980,1566254,3136337,17344,35751319,36513,244611090,254873209,0
1789651504.915836,200.043,5101242,317159,0,224,61,49,47405,358942,13690482,17799244,3920,62780324,45401216,64771540,0,61184,0,2,1,0,6879249,1929402057,1932553344,443,443,980,1566254,3136337,15296,35751320,36513,244611090,254873209,0
1789651505.166133,200.293,5101592,317210,0,224,61,49,47405,358942,13690546,17799244,3920,62780324,45401216,64771540,0,45464,0,2,1,0,6879249,1929651850,1932803137,443,443,980,1566254,3136337,11366,35751322,36513,244611090,254873209,0
1789651505.4164586,200.543,5101942,317260,0,224,61,49,47405,358942,13690602,17799244,3920,62780324,45401216,64771540,0,29744,0,2,1,0,6879251,1929901613,1933052904,443,443,980,1566254,3136337,7436,35751322,36513,244611090,254873209,0
1789651505.6667478,200.794,5102293,317310,0,224,61,49,47405,358942,13690651,17799244,3920,62780324,45401216,64771540,0,21552,0,2,1,0,6879251,1930151375,1933302666,443,443,980,1566254,3136337,5388,35751323,36513,244611090,254873209,0
1789651505.9170399,201.044,5102642,317358,0,224,61,49,47408,358942,13690808,17799352,43224,62779104,45399888,64771540,0,1548,0,0,3,0,6879272,1930386528,1933537823,443,443,10806,1566223,3136276,387,35751989,36513,244611090,254873209,0
1789651506.1674163,201.294,5102905,317358,0,224,61,49,47422,359065,13697666,17798444,207472,62721164,45342856,64771540,0,0,0,0,6,0,6879924,1930386762,1933538057,443,443,51868,1564777,3133380,0,35763946,36513,244611206,254873209,0
1789651506.4181259,201.545,5103149,317358,0,224,61,49,47423,359220,13699450,17798444,207472,62712516,45334208,64771540,0,0,0,0,10,0,6879978,1930386762,1933538057,443,443,51868,1564561,3132948,0,35765815,36513,244611206,254873209,0
1789651506.6687522,201.796,5103396,317358,0,224,61,49,47430,359365,13702534,17798444,207472,62708084,45329772,64771540,0,0,0,0,5,0,6880088,1930386762,1933538057,443,443,51868,1564450,3132726,0,35766554,36513,244611206,254873209,0
1789651506.9194503,202.046,5103675,317358,0,224,61,49,47435,359483,13703978,17798444,207472,62709972,45331660,64771540,0,0,0,0,5,0,6880138,1930386762,1933538057,443,443,51868,1564497,3132821,0,35767270,36513,244611206,254873209,0
1789651507.1699324,202.297,5103959,317358,0,224,61,49,47440,359596,13705889,17798540,207568,62709688,45331280,64771540,0,0,0,0,8,0,6880230,1930386762,1933538057,443,443,51892,1564490,3132806,0,35768146,36513,244611206,254873209,0
1789651507.4205809,202.547,5104240,317358,0,224,61,49,47448,359707,13707299,17798540,208040,62661244,45282824,64771540,0,0,0,0,6,0,6880292,1930386764,1933538060,443,443,52010,1563281,3130385,0,35778386,36513,244611206,254873693,0
1789651507.671048,202.798,5104521,317358,0,224,61,49,47453,359821,13708617,17798636,208136,62645724,45267208,64771540,0,0,0,0,5,0,6880339,1930386764,1933538060,443,443,52034,1562894,3129609,0,35785007,36513,244611206,254873693,0
1789651507.9215496,203.048,5104805,317358,0,224,61,49,47457,359931,13710915,17798636,208136,62645724,45267208,64771540,0,0,0,0,5,0,6880405,1930386764,1933538060,443,443,52034,1562894,3129609,0,35785122,36513,244611206,254873693,0
1789651508.172017,203.299,5105090,317358,0,224,61,49,47465,360040,13712769,17798732,208232,62614336,45235728,64771540,0,0,0,0,5,0,6880605,1930386764,1933538060,443,443,52058,1562110,3128040,0,35791981,36513,244611206,254873693,0
1789651508.4225104,203.549,5105370,317358,0,224,61,49,47471,360154,13714315,17798732,208232,62607300,45228688,64771540,0,0,0,0,7,0,6880679,1930386764,1933538060,443,443,52058,1561934,3127688,0,35798010,36513,244611206,254873693,0
1789651508.6729743,203.8,5105662,317358,0,224,61,49,47477,360258,13715039,17798828,208328,62607328,45228624,64771540,0,0,0,0,6,0,6880695,1930386764,1933538060,443,443,52082,1561935,3127690,0,35798016,36513,244611206,254873693,0
1789651508.923469,204.05,5105957,317358,0,224,61,49,47482,360357,13715525,17798828,208328,62607328,45228624,64771540,0,0,0,0,5,0,6880712,1930386764,1933538060,443,443,52082,1561935,3127690,0,35798130,36513,244611206,254873693,0
1789651509.1739256,204.301,5106240,317358,0,224,61,49,47488,360469,13716674,17798828,208328,62595712,45217004,64771540,0,0,0,0,7,0,6880757,1930386765,1933538060,443,443,52082,1561645,3127109,0,35798601,36513,244611206,254873693,0
1789651509.4246595,204.551,5106523,317358,0,224,61,49,47493,360582,13717735,17798924,208424,62595580,45216780,64771540,0,0,0,0,7,0,6880789,1930386765,1933538060,443,443,52106,1561642,3127102,0,35798636,36513,244611206,254873693,0
1789651509.6753657,204.802,5106788,317358,0,224,61,49,47498,360713,13718820,17798924,208424,62584496,45205692,64771540,0,0,0,0,5,0,6880823,1930386765,1933538060,443,443,52106,1561365,3126548,0,35800876,36513,244611206,254873693,0
1789651509.9258544,205.053,5107062,317359,0,224,61,49,47506,360830,13720577,17799340,208512,62581064,45201856,64771540,0,0,0,0,5,0,6880896,1930386907,1933538203,443,443,52128,1561280,3126377,0,35802930,36521,244611866,254873693,0
1789651510.1763375,205.303,5107352,317359,0,224,61,49,47511,360934,13721438,17799676,208608,62584496,45204936,64771540,0,0,0,0,6,0,6881123,1930386907,1933538203,443,443,52152,1561365,3126548,0,35802948,36521,244611866,254873693,0
1789651510.4268284,205.554,5107648,317359,0,224,61,49,47517,361034,13721886,17799772,208704,62584588,45204936,64771540,0,0,0,0,5,0,6881139,1930386907,1933538203,443,443,52176,1561367,3126553,0,35802955,36521,244611866,254873693,0
1789651510.6775532,205.804,5107939,317359,0,224,61,49,47522,361138,13722697,17799772,208704,62584084,45204432,64771540,0,0,0,0,7,0,6881168,1930386907,1933538203,443,443,52176,1561355,3126528,0,35803484,36521,244611866,254873693,0
1789651510.9282994,206.055,5108231,317359,0,224,61,49,47528,361241,13723450,17799868,208800,62583620,45203876,64771540,0,0,0,0,5,0,6881185,1930386907,1933538203,443,443,52200,1561343,3126505,0,35803493,36521,244611866,254873693,0
1789651511.1789677,206.306,5108526,317359,0,224,61,49,47532,361342,13724499,17799868,208800,62589120,45209376,64771540,0,0,0,0,5,0,6881254,1930386907,1933538203,443,443,52200,1561481,3126780,0,35804282,36521,244611866,254873693,0
1789651511.4294858,206.556,5108804,317359,0,224,61,49,47539,361457,13726489,17799868,208800,62552616,45172868,64771540,0,0,0,0,5,0,6881314,1930386907,1933538203,443,443,52200,1560569,3124955,0,35811580,36521,244611866,254873693,0
1789651511.6799512,206.807,5109097,317359,0,224,61,49,47542,361561,13727053,17799964,208896,62552312,45172472,64771540,0,0,0,0,5,0,6881329,1930386907,1933538203,443,443,52224,1560562,3124940,0,35811582,36521,244611866,254873693,0
1789651511.9304261,207.057,5109389,317359,0,224,61,49,47547,361665,13727583,17799964,208424,62552312,45172472,64771540,0,0,0,0,5,0,6881345,1930386907,1933538203,443,443,52106,1560562,3124940,0,35811589,36521,244611866,254874165,0
1789651512.180918,207.308,5109686,317359,0,224,61,49,47552,361764,13728541,17800060,208520,62553884,45173944,64771540,0,0,0,0,5,0,6882366,1930386907,1933538203,443,443,52130,1560601,3125018,0,35812193,36521,244611866,254874165,0
1789651512.4313908,207.558,5109974,317360,0,224,61,49,47557,361870,13729256,17800068,208520,62554020,45173952,64771540,0,0,0,0,5,0,6882400,1930386979,1933538274,443,443,52130,1560604,3125025,0,35812202,36521,244612050,254874165,0
1789651512.6818771,207.809,5110260,317360,0,224,61,49,47563,361979,13730519,17800164,208616,62554168,45173952,64771540,0,0,0,0,5,0,6882437,1930386979,1933538274,443,443,52154,1560608,3125032,0,35812251,36521,244612050,254874165,0
1789651512.9323351,208.059,5110534,317360,0,224,61,49,47567,362102,13732689,17800164,208616,62543560,45163336,64771540,0,0,0,0,5,0,6882533,1930386979,1933538274,443,443,52154,1560343,3124502,0,35814855,36521,244612050,254874165,0
1789651513.1828017,208.31,5110831,317360,0,224,61,49,47572,362200,13733128,17800260,208712,62545664,45165348,64771540,0,0,0,0,5,0,6882573,1930386979,1933538274,443,443,52178,1560396,3124607,0,35814855,36521,244612050,254874165,0
1789651513.4332647,208.56,5111130,317360,0,224,61,49,47577,362297,13733559,17800260,208712,62545664,45165348,64771540,0,0,0,0,5,0,6882585,1930386979,1933538274,443,443,52178,1560396,3124607,0,35814858,36521,244612050,254874165,0
1789651513.6837597,208.811,5111426,317360,0,224,61,49,47582,362396,13734193,17800356,208808,62544116,45163704,64771540,0,0,0,0,6,0,6882603,1930386979,1933538274,443,443,52202,1560357,3124530,0,35815274,36521,244612050,254874165,0
1789651513.9342644,209.061,5111714,317360,0,224,61,49,47588,362503,13734501,17800368,208808,62544116,45163704,64771540,0,0,0,0,5,0,6882621,1930387367,1933538662,443,443,52202,1560357,3124530,0,35815321,36522,244612062,254874165,0
1789651514.1847112,209.311,5112042,317360,0,224,61,49,47591,362573,13734981,17800368,208808,62544540,45164128,64771540,0,0,0,0,2,0,6882666,1930387367,1933538662,443,443,52202,1560368,3124551,0,35816226,36522,244612062,254874165,0
1789651514.435143,209.562,5112416,317360,0,224,61,49,47592,362598,13735124,17824336,232776,62542768,45138380,64771540,0,0,0,0,2,0,6882681,1930387367,1933538662,443,443,58194,1560324,3124463,0,35816226,36522,244612062,254874165,0
1789651514.6855147,209.812,5112779,317360,0,224,61,49,47599,362629,13735668,17969096,377536,62528808,44976496,64771540,0,0,0,0,2,0,6882734,1930387367,1933538662,443,443,94384,1559896,3123607,0,35816936,36522,244612062,254874165,0
1789651514.935951,210.063,5113154,317360,0,224,61,49,47608,362645,13735707,17969096,377536,62432252,44879940,64771540,0,0,0,0,2,0,6882760,1930387367,1933538662,443,443,94384,1557486,3118780,0,35842116,36522,244612062,254874165,0
1789651515.186284,210.313,5113530,317360,0,224,61,49,47619,362658,13735846,17969096,377536,62215052,44662732,64771540,0,0,0,0,2,0,6883757,1930387367,1933538662,443,443,94384,1552064,3107923,0,35895431,36522,244612062,254874165,0
1789651515.4366126,210.563,5113905,317360,0,224,61,49,47624,362680,13735964,17969096,377536,62134292,44581972,64771540,0,0,0,0,2,0,6883757,1930387367,1933538662,443,443,94384,1550048,3103886,0,35914907,36522,244612062,254874165,0
1789651515.6869278,210.814,5114280,317360,0,224,61,49,47624,362705,13736010,17969096,377536,62134292,44581972,64771540,0,0,0,0,2,0,6883759,1930387367,1933538662,443,443,94384,1550048,3103886,0,35914908,36522,244612062,254874165,0
1789651515.9372306,211.064,5114656,317360,0,224,61,49,47624,362730,13736049,17969096,377536,62134292,44581972,64771540,0,0,0,0,2,0,6883772,1930387367,1933538662,443,443,94384,1550048,3103886,0,35914908,36522,244612062,254874165,0
1789651516.187535,211.314,5115031,317360,0,224,61,49,47624,362755,13736098,17969096,377536,62136900,44584580,64771540,0,0,0,0,2,0,6883903,1930387367,1933538662,443,443,94384,1550113,3104016,0,35914910,36522,244612062,254874165,0
1789651516.43784,211.565,5115406,317360,0,224,61,49,47624,362780,13736181,17969096,377536,62139364,44587044,64771540,0,0,0,0,2,0,6883912,1930387367,1933538662,443,443,94384,1550174,3104139,0,35914910,36522,244612062,254874165,0
1789651516.6881564,211.815,5115782,317360,0,224,61,49,47624,362805,13736220,17969096,377536,62139364,44587044,64771540,0,0,0,0,2,0,6883922,1930387367,1933538662,443,443,94384,1550174,3104139,0,35914912,36522,244612062,254874165,0
1789651516.9384747,212.065,5116157,317360,0,224,61,49,47624,362830,13736266,17969096,377536,62139364,44587044,64771540,0,0,0,0,2,0,6883956,1930387367,1933538662,443,443,94384,1550174,3104139,0,35914929,36522,244612062,254874165,0
1789651517.1887968,212.316,5116532,317360,0,224,61,49,47624,362855,13736609,17969096,377536,62142968,44590648,64771540,0,0,0,0,2,0,6883975,1930387367,1933538662,443,443,94384,1550264,3104319,0,35915266,36522,244612062,254874165,0
1789651517.4392452,212.566,5116907,317360,0,224,61,49,47624,362881,13736682,17969096,377536,62143712,44591392,64771540,0,0,0,0,2,0,6883975,1930387367,1933538662,443,443,94384,1550283,3104356,0,35915268,36522,244612062,254874165,0
1789651517.6896143,212.816,5117282,317360,0,224,61,49,47624,362906,13736717,17969096,377536,62143712,44591392,64771540,0,0,0,0,2,0,6883975,1930387367,1933538662,443,443,94384,1550283,3104356,0,35915269,36522,244612062,254874165,0
1789651517.9399517,213.067,5117658,317360,0,224,61,49,47624,362931,13736754,17969096,377536,62143712,44591392,64771540,0,0,0,0,2,0,6883975,1930387367,1933538662,443,443,94384,1550283,3104356,0,35915271,36522,244612062,254874165,0
1789651518.1902688,213.317,5118033,317360,0,224,61,49,47624,362956,13736819,17969096,377536,62148632,44596312,64771540,0,0,0,0,2,0,6884100,1930387367,1933538662,443,443,94384,1550406,3104602,0,35915271,36522,244612062,254874165,0
1789651518.4405842,213.567,5118409,317360,0,224,61,49,47624,362981,13736864,17969096,377536,62148688,44596368,64771540,0,0,0,0,2,0,6884100,1930387367,1933538662,443,443,94384,1550407,3104605,0,35915272,36522,244612062,254874165,0
1789651518.6908917,213.818,5118782,317360,0,224,61,49,47628,363004,13736915,18119176,527616,62150092,44444056,64771540,0,0,0,0,2,0,6884471,1930387367,1933538662,443,443,131904,1550351,3104494,0,35915272,36522,244612062,254874165,0
1789651518.941203,214.068,5119157,317360,0,224,61,49,47635,363022,13736962,18350704,759152,62148956,44204912,64771540,0,0,0,0,2,0,6884487,1930387376,1933538671,443,443,189788,1550161,3104113,0,35915274,36522,244612062,254874201,0
1789651519.1915364,214.318,5119533,317360,0,224,61,49,47644,363039,13737013,18581952,990400,62151904,43969940,64771540,0,0,0,0,2,0,6884597,1930387376,1933538671,443,443,247600,1550068,3103927,0,35915275,36522,244612062,254874201,0
1789651519.441857,214.569,5119908,317360,0,224,61,49,47649,363058,13737067,18652248,1060712,62147328,43893056,64771540,0,0,0,0,2,0,6884597,1930387376,1933538671,443,443,265178,1549904,3103597,0,35915276,36522,244612062,254874201,0
1789651519.6921585,214.819,5120283,317360,0,224,61,49,47655,363077,13737108,18652248,1060712,62147328,43893056,64771540,0,0,0,0,2,0,6884597,1930387376,1933538671,443,443,265178,1549904,3103597,0,35915276,36522,244612062,254874201,0
1789651519.9424732,215.069,5120659,317360,0,224,61,49,47657,363101,13737151,18652248,1060712,62147328,43893056,64771540,0,0,0,0,2,0,6884597,1930387376,1933538671,443,443,265178,1549904,3103597,0,35915277,36522,244612062,254874201,0
1789651520.1927726,215.32,5121034,317360,0,224,61,49,47657,363126,13737208,18652440,1060904,62149700,43895172,64771540,0,0,0,0,2,0,6884725,1930387376,1933538671,443,443,265226,1549961,3103712,0,35915277,36522,244612062,254874201,0
1789651520.443102,215.57,5121409,317360,0,224,61,49,47657,363152,13737591,18652440,1060904,62151356,43896820,64771540,0,0,0,0,2,0,6884742,1930387376,1933538671,443,443,265226,1550002,3103795,0,35915823,36522,244612062,254874201,0
1789651520.6935518,215.82,5121784,317360,0,224,61,49,47657,363177,13737635,18652440,1060904,62151356,43896820,64771540,0,0,0,0,2,0,6884754,1930387376,1933538671,443,443,265226,1550002,3103795,0,35915823,36522,244612062,254874201,0
1789651520.9438877,216.071,5122159,317360,0,224,61,49,47657,363202,13737690,18652440,1060904,62151356,43896820,64771540,0,0,0,0,2,0,6884782,1930387376,1933538671,443,443,265226,1550002,3103795,0,35915824,36522,244612062,254874201,0
1789651521.1942816,216.321,5122534,317360,0,224,61,49,47658,363227,13737770,18652440,959184,62154544,43900004,64771540,0,101272,0,0,2,0,6884912,1930387376,1933538671,443,443,239796,1550082,3103955,25318,35915824,36522,244612062,254975921,0
1789651521.444595,216.571,5122910,317360,0,224,61,49,47658,363252,13737846,18652440,959184,62154544,43900004,64771540,0,86936,0,0,2,0,6887580,1930387666,1933539377,443,443,239796,1550082,3103955,21734,35915825,36522,244612062,254975921,0
1789651521.6949182,216.822,5123285,317360,0,224,61,49,47658,363277,13737895,18652440,959184,62154544,43900004,64771540,0,77144,0,0,2,0,6888681,1930387666,1933540333,443,443,239796,1550082,3103955,19286,35916043,36522,244612062,254975921,0
1789651521.945239,217.072,5123660,317360,0,224,61,49,47658,363302,13737953,18652440,959184,62154552,43900004,64771540,0,62360,0,0,2,0,6889496,1930387666,1933540363,443,443,239796,1550082,3103955,15590,35916043,36522,244612062,254975921,0
1789651522.1955678,217.322,5124036,317360,0,224,61,49,47658,363327,13738019,18652440,959184,62157244,43902696,64771540,0,52568,0,0,2,0,6891135,1930387666,1933540826,443,443,239796,1550149,3104089,13142,35916045,36522,244612062,254975921,0
1789651522.445879,217.573,5124411,317360,0,224,61,49,47658,363352,13738078,18652440,959184,62157244,43902696,64771540,0,37784,0,0,2,0,6891700,1930387666,1933541226,443,443,239796,1550149,3104089,9446,35916045,36522,244612062,254975921,0
1789651522.696202,217.823,5124786,317360,0,224,61,49,47658,363377,13738126,18652440,959184,62157244,43902696,64771540,0,27992,0,0,2,0,6893701,1930387666,1933541226,443,443,239796,1550149,3104089,6998,35916047,36522,244612062,254975921,0
1789651522.9465194,218.073,5125162,317360,0,224,61,49,47658,363402,13738183,18652440,959184,62157244,43902696,64771540,0,13208,0,0,2,0,6893915,1930387666,1933542149,443,443,239796,1550149,3104089,3302,35916048,36522,244612062,254975921,0
1789651523.1968243,218.324,5125537,317360,0,224,61,49,47663,363423,13738239,18799624,1106368,62157592,43751820,64771540,0,0,0,0,2,0,6894050,1930387666,1933542149,443,443,276592,1550057,3103905,0,35916049,36522,244612062,254975921,0
1789651523.4471273,218.574,5125912,317360,0,224,61,49,47671,363440,13738284,19037784,1344528,62149644,43499236,64771540,0,0,0,0,2,0,6894050,1930387666,1933542149,443,443,336132,1549697,3103184,0,35916049,36522,244612062,254975921,0
1789651523.6974525,218.824,5126288,317360,0,224,61,49,47678,363457,13738321,19275520,1582264,62158268,43263652,64771540,0,0,0,0,2,0,6894050,1930387666,1933542149,443,443,395566,1549751,3103291,0,35916050,36522,244612062,254975921,0
1789651523.9477828,219.075,5126651,317360,0,224,61,49,47686,363487,13738915,19335784,1642528,62130648,43173684,64771540,0,0,0,0,2,0,6894080,1930387666,1933542149,443,443,410632,1549009,3101807,0,35920122,36522,244612062,254975921,0
1789651524.1982157,219.325,5127026,317360,0,224,61,49,47693,363506,13738974,19335772,1642528,62130648,43173684,64771540,0,0,0,0,2,0,6894714,1930387666,1933542149,443,443,410632,1549009,3101807,0,35920139,36522,244612062,254975989,0
1789651524.4485698,219.575,5127400,317360,0,224,61,49,47695,363529,13739060,19335772,1642528,62130648,43173684,64771540,0,0,0,0,2,0,6894722,1930387666,1933542149,443,443,410632,1549009,3101807,0,35920142,36522,244612062,254975989,0
1789651524.6988995,219.826,5127776,317360,0,224,61,49,47695,363554,13739113,19335772,1642528,62130648,43173684,64771540,0,0,0,0,2,0,6894735,1930387666,1933542149,443,443,410632,1548999,3101786,0,35920143,36522,244612062,254975989,0
1789651524.949313,220.076,5128151,317360,0,224,61,49,47695,363579,13739156,19335772,1642528,62126912,43169948,64771540,0,0,0,0,2,0,6894764,1930387666,1933542149,443,443,410632,1548916,3101620,0,35920721,36522,244612062,254975989,0
1789651525.1997445,220.327,5128527,317360,0,224,61,49,47695,363604,13739225,19335784,1642552,62123840,43166872,64771540,0,16,0,0,2,0,6894902,1930387666,1933542149,443,443,410638,1548839,3101466,4,35921746,36522,244612062,254976005,0
1789651525.4501505,220.577,5128902,317360,0,224,61,49,47695,363629,13739266,19335784,1642556,62116164,43159196,64771540,0,16,0,0,2,0,6894902,1930387666,1933542149,443,443,410639,1548648,3101082,4,35922827,36522,244612062,254976005,0
1789651525.700488,220.827,5129278,317360,0,224,61,49,47695,363654,13739306,19335784,1642556,62116164,43159196,64771540,0,16,0,0,2,0,6894902,1930387666,1933542149,443,443,410639,1548648,3101082,4,35922829,36522,244612062,254976005,0
1789651525.9508007,221.078,5129653,317360,0,224,61,49,47696,363679,13739345,19335784,1642556,62116164,43159196,64771540,0,16,0,0,2,0,6894902,1930387666,1933542149,443,443,410639,1548648,3101082,4,35923866,36522,244612062,254976005,0
1789651526.2011073,221.328,5130029,317360,0,224,61,49,47696,363704,13739398,19335784,1642560,62108872,43151904,64771540,0,16,0,0,3,0,6895023,1930387666,1933542149,443,443,410640,1548466,3100718,4,35924884,36522,244612062,254976005,0
1789651526.45144,221.578,5130403,317360,0,224,61,49,47697,363729,13739540,19335776,1540824,62108872,43151904,64771540,0,95124,0,0,2,0,6895686,1930387941,1933543019,443,443,385206,1548466,3100718,23781,35925546,36522,244612070,255077745,0
1789651526.701797,221.829,5130778,317360,0,224,61,49,47697,363755,13739824,19335776,1540832,62108368,43151400,64771540,0,78740,0,0,2,0,6897244,1930387941,1933543538,443,443,385208,1548453,3100693,19685,35926074,36522,244612070,255077745,0
1789651526.9521945,222.079,5131153,317360,0,224,61,49,47697,363780,13739870,19335776,1540832,62108368,43151400,64771540,0,70548,0,0,2,0,6897895,1930387941,1933544025,443,443,385208,1548453,3100693,17637,35926075,36522,244612070,255077745,0
1789651527.2025242,222.329,5131528,317360,0,224,61,49,47697,363805,13739928,19335776,1540832,62109172,43152204,64771540,0,54164,0,0,2,0,6899887,1930387941,1933544307,443,443,385208,1548473,3100733,13541,35926076,36522,244612070,255077745,0
1789651527.4528322,222.58,5131903,317360,0,224,61,49,47697,363831,13740011,19335788,1540832,62109372,43152380,64771540,0,45976,0,0,2,0,6899989,1930387941,1933544307,443,443,385208,1548478,3100743,11494,35926077,36522,244612070,255077745,0
1789651527.7031434,222.83,5132279,317360,0,224,61,49,47704,363849,13740055,19524316,1729360,62105448,42954668,64771540,0,29592,0,0,2,0,6902647,1930387941,1933544808,443,443,432340,1548249,3100284,7398,35926077,36522,244612070,255077745,0
1789651527.9534876,223.08,5132654,317360,0,224,61,49,47711,363868,13740094,19757100,1962144,62112836,42722780,64771540,0,21400,0,0,2,0,6902760,1930387941,1933544808,443,443,490536,1548272,3100330,5350,35926079,36522,244612070,255077745,0
1789651528.2037852,223.331,5133029,317360,0,224,61,49,47717,363886,13740159,19988860,2193904,62112244,42484196,64771540,0,5016,0,0,2,0,6903034,1930387941,1933545697,443,443,548476,1548091,3099968,1254,35926079,36522,244612070,255077745,0
1789651528.4541154,223.581,5133383,317360,0,224,61,49,47720,363930,13740696,20019132,2224176,62086828,42427384,64771540,0,0,0,0,4,0,6903124,1930387941,1933545697,443,443,556044,1547439,3098663,0,35929427,36522,244612070,255077745,0
1789651528.7045896,223.831,5133749,317360,0,224,61,49,47725,363960,13741547,20019132,2224176,62086436,42426992,64771540,0,0,0,0,2,0,6903197,1930387941,1933545697,443,443,556044,1547430,3098643,0,35930702,36522,244612070,255077745,0
1789651528.955039,224.082,5134118,317360,0,224,61,49,47730,363986,13742174,20019132,2224176,62062196,42402752,64771540,0,0,0,0,2,0,6903289,1930387941,1933545697,443,443,556044,1546824,3097431,0,35937134,36522,244612070,255077745,0
1789651529.2055128,224.332,5134481,317360,0,224,61,49,47735,364018,13742914,20019132,2224176,62031624,42372172,64771540,0,0,0,0,2,0,6903414,1930387941,1933545697,443,443,556044,1546061,3095903,0,35943566,36522,244612070,255077745,0
1789651529.4559667,224.583,5134850,317360,0,224,61,49,47740,364044,13743547,20019132,2224176,62007684,42348232,64771540,0,0,0,0,2,0,6903479,1930387941,1933545697,443,443,556044,1545464,3094706,0,35949997,36522,244612070,255077745,0
1789651529.706423,224.833,5135220,317360,0,224,61,49,47744,364070,13744148,20019132,2224176,61983756,42324304,64771540,0,0,0,0,2,0,6903545,1930387941,1933545697,443,443,556044,1544866,3093510,0,35956430,36522,244612070,255077745,0
1789651529.9567533,225.084,5135589,317360,0,224,61,49,47749,364097,13744751,20019132,2224176,61961092,42301640,64771540,0,0,0,0,2,0,6903603,1930387941,1933545697,443,443,556044,1544301,3092377,0,35962860,36522,244612070,255077745,0
1789651530.2070987,225.334,5135957,317360,0,224,61,49,47754,364124,13745395,20019132,2224176,61930680,42271228,64771540,0,0,0,0,4,0,6903683,1930387941,1933545697,443,443,556044,1543541,3090857,0,35969290,36522,244612070,255077745,0
1789651530.4578297,225.585,5136327,317360,0,224,61,49,47768,364140,13745939,18336808,541352,61957304,44024308,64771540,0,0,0,0,2,0,6907766,1930387944,1933545700,443,443,135130,1545297,3094374,0,35972904,36522,244612070,255077809,0
1789651530.7083085,225.835,5136631,317361,0,224,61,49,47793,364211,13748186,15174644,5572,61921264,47193284,64771540,0,0,0,0,5,0,6913944,1930388309,1933546065,443,443,1393,1545457,3094693,0,35983361,36523,244612182,255077809,0
1789651530.9589756,226.086,5137005,317361,0,224,62,49,47818,364213,13748517,11510160,5568,61982848,50965428,64771540,0,0,0,0,2,0,6919788,1930388309,1933546065,443,443,1392,1548161,3100108,0,35983374,36523,244612182,255077809,0
1789651531.2094386,226.336,5137384,317361,0,224,62,49,47837,364214,13749137,8742156,5516,62067464,53880524,64771540,0,0,0,0,1,0,6928690,1930388309,1933546065,443,443,1379,1551838,3107470,0,35983766,36523,244612182,255077809,0
