t,t_rel,cpu_idle,cpu_iowait,cpu_irq,cpu_nice,cpu_softirq,cpu_steal,cpu_system,cpu_user,ctxt,mem_Cached,mem_Dirty,mem_MemAvailable,mem_MemFree,mem_MemTotal,mem_SwapCached,mem_Writeback,mem_WritebackTmp,procs_blocked,procs_running,psi_cpu_full_total,psi_cpu_some_total,psi_io_full_total,psi_io_some_total,psi_memory_full_total,psi_memory_some_total,vm_nr_dirty,vm_nr_dirty_background_threshold,vm_nr_dirty_threshold,vm_nr_writeback,vm_pgfault,vm_pgmajfault,vm_pgpgin,vm_pgpgout,vm_pswpout
1789567295.3475976,0.0,8978752,626651,0,111,82,121,111687,870429,32965381,146236,832,63829896,64194292,64771556,0,0,0,1,1,0,14494455,3372796361,3392306419,48,48,208,1594458,3192815,0,82171462,82492,611745666,447489285,0
1789567295.5980294,0.25,8978995,626669,0,111,82,121,111688,870567,32965992,155932,1168,63810020,64168812,64771556,0,0,0,0,17,0,14494599,3372824911,3392335027,48,48,292,1594128,3192153,0,82174131,82565,611757826,447489285,0
1789567295.8485537,0.501,8979364,626686,0,111,82,121,111690,870578,32966698,164408,1168,63793940,64147816,64771556,0,0,0,0,2,0,14495210,3372913117,3392423319,48,48,292,1593849,3191595,0,82179106,82601,611767754,447489285,0
1789567296.0989573,0.751,8979739,626708,0,111,82,121,111691,870579,32967430,192300,1200,63765144,64104872,64771556,0,0,0,1,1,0,14496054,3373075878,3392586157,48,48,300,1593483,3190863,0,82183362,82811,611795746,447489285,0
1789567296.3492951,1.002,8980104,626732,0,111,82,121,111693,870588,32969658,202632,1200,63748596,64083140,64771556,0,0,0,1,1,0,14496871,3373218580,3392728872,48,48,300,1593199,3190295,0,82186525,82902,611806254,447489285,0
1789567296.5996294,1.252,8980475,626754,0,111,82,121,111694,870595,32971344,208924,1200,63737044,64068428,64771556,0,0,0,1,1,0,14497901,3373403632,3392913924,48,48,300,1592990,3189875,0,82188578,82908,611812682,447489285,0
1789567296.8499293,1.502,8980842,626775,0,111,82,121,111695,870605,32972646,217236,1200,63716656,64043884,64771556,0,0,0,1,1,0,14498819,3373566624,3393076923,48,48,300,1592585,3189064,0,82193641,82908,611820990,447489285,0
1789567297.10023,1.753,8981195,626785,0,111,82,121,111701,870634,32976386,220516,1200,63708696,64034288,64771556,0,0,0,1,3,0,14499763,3373585389,3393095689,48,48,300,1592427,3188748,0,82209577,82916,611823966,447489317,0
1789567297.3505838,2.003,8981552,626797,0,111,82,121,111704,870661,32978611,223948,1200,63682832,64006708,64771556,0,0,0,1,2,0,14500490,3373659381,3393169696,48,48,300,1591824,3187541,0,82216867,82917,611827402,447489317,0
1789567297.6008935,2.253,8981917,626809,0,111,82,121,111706,870683,32980795,226848,1200,63664572,63986988,64771556,0,0,0,1,1,0,14501191,3373743444,3393253765,48,48,300,1591405,3186701,0,82221590,82917,611830298,447489317,0
1789567297.851192,2.504,8982276,626823,0,111,82,121,111708,870705,32984122,230192,1200,63638144,63958840,64771556,0,0,0,0,3,0,14502127,3373825887,3393336214,48,48,300,1590788,3185466,0,82229399,82926,611833658,447489317,0
1789567298.101558,2.754,8982628,626834,0,111,82,121,111709,870740,32987758,233116,1200,63629568,63948796,64771556,0,0,0,1,3,0,14503138,3373882436,3393392812,48,48,300,1590610,3185110,0,82231255,82931,611836618,447489317,0
1789567298.351882,3.004,8982985,626844,0,111,82,121,111711,870771,32992450,235312,1200,63623636,63941772,64771556,0,0,0,0,2,0,14504032,3373924674,3393435059,48,48,300,1590490,3184869,0,82232943,82933,611838774,447489317,0
1789567298.6021984,3.255,8983330,626856,0,111,82,121,111715,870808,32997767,237888,1200,63658296,63975136,64771556,0,0,0,0,1,0,14504695,3373976843,3393487229,48,48,300,1591387,3186666,0,82237631,82937,611841354,447489321,0
1789567298.8927748,3.545,8983769,626881,0,111,82,121,111715,870810,32998699,265744,1200,63641816,63944360,64771556,0,0,0,1,1,0,14505927,3374226043,3393736439,48,48,300,1591333,3186557,0,82240888,83165,611870126,447489321,0
1789567299.1452188,3.798,8984144,626900,0,111,82,121,111716,870815,32999341,279796,1200,63629520,63922280,64771556,0,0,0,1,1,0,14506877,3374414478,3393924901,48,48,300,1591140,3186171,0,82244826,83273,611884386,447489321,0
1789567299.3955293,4.048,8984519,626917,0,111,82,121,111717,870821,32999862,291676,1200,63619152,63899912,64771556,0,0,0,1,1,0,14507863,3374585588,3394096019,48,48,300,1590881,3185653,0,82249008,83367,611896374,447489321,0
1789567299.645834,4.298,8984886,626932,0,111,82,121,111719,870837,33001553,298028,1200,63605568,63879764,64771556,0,0,0,0,2,0,14508475,3374661782,3394172231,48,48,300,1590542,3184974,0,82252984,83379,611902934,447489321,0
1789567299.8962123,4.549,8985245,626946,0,111,82,121,111720,870862,33003294,301084,1200,63593036,63864152,64771556,0,0,0,0,2,0,14509119,3374749144,3394259593,48,48,300,1590230,3184348,0,82256697,83383,611905958,447489321,0
1789567300.146616,4.799,8985573,626959,0,111,82,121,111724,870919,33004946,303936,1200,63512444,63780720,64771556,0,0,0,0,4,0,14509909,3374793202,3394303654,48,48,300,1588218,3180319,0,82277190,83383,611908882,447489321,0
1789567300.3970861,5.049,8985928,626969,0,111,82,121,111725,870952,33006797,306592,1200,63487488,63753072,64771556,0,0,0,1,1,0,14511566,3374851443,3394361905,48,48,300,1587595,3179072,0,82283422,83383,611911462,447489321,0
1789567300.647531,5.3,8986273,626983,0,111,82,121,111729,870989,33011777,310672,1200,63464732,63725880,64771556,0,0,0,1,1,0,14511995,3374882170,3394392776,48,48,300,1587027,3177934,0,82290012,83407,611916166,447489321,0
1789567300.898002,5.55,8986615,627002,0,111,82,121,111733,871022,33014194,316704,3352,63457692,63712580,64771556,0,0,0,2,2,0,14512355,3374930301,3394441009,48,48,838,1586851,3177582,0,82298199,83462,611922658,447489321,0
1789567301.148425,5.801,8986963,627013,0,111,82,121,111735,871060,33016768,320096,4360,63446752,63697744,64771556,0,0,0,0,2,0,14512830,3374981175,3394491893,48,48,1090,1586578,3177035,0,82301960,83471,611926014,447489321,0
1789567301.3988469,6.051,8987325,627024,0,111,82,121,111736,871085,33018262,323764,4360,63436860,63684124,64771556,0,0,0,0,3,0,14513400,3375031867,3394542588,48,48,1090,1586331,3176541,0,82306538,83471,611929682,447489321,0
1789567301.6492596,6.302,8987680,627029,0,111,82,121,111738,871124,33020863,325372,4360,63427024,63672688,64771556,0,0,0,0,3,0,14513815,3375055880,3394566601,48,48,1090,1586085,3176049,0,82309677,83471,611931286,447489321,0
1789567301.8995943,6.552,8987990,627030,0,111,82,121,111741,871209,33025522,325856,4360,63414816,63659984,64771556,0,0,0,0,5,0,14514153,3375058869,3394569590,48,48,1090,1585781,3175439,0,82315706,83473,611931814,447489321,0
1789567302.1500988,6.803,8988316,627035,0,111,82,121,111742,871276,33030360,327216,4360,63411496,63655360,64771556,0,0,0,1,1,0,14515235,3375075852,3394586573,48,48,1090,1585698,3175273,0,82319236,83476,611933134,447489321,0
1789567302.400555,7.053,8988686,627048,0,111,82,121,111743,871292,33031672,331168,4360,63406376,63646288,64771556,0,0,0,0,2,0,14515888,3375189674,3394700395,48,48,1090,1585570,3175017,0,82320584,83476,611937082,447489321,0
1789567302.6510189,7.303,8989055,627055,0,111,82,121,111744,871314,33032754,333204,4360,63397216,63635076,64771556,0,0,0,1,1,0,14516286,3375243869,3394754590,48,48,1090,1585341,3174559,0,82323134,83476,611939150,447489321,0
1789567302.901469,7.554,8989405,627065,0,111,82,121,111746,871352,33035631,335912,4360,63378036,63613152,64771556,0,0,0,0,4,0,14516777,3375295042,3394805769,48,48,1090,1584862,3173600,0,82328229,83476,611941842,447489321,0
1789567303.152187,7.805,8989777,627078,0,111,82,121,111747,871365,33036309,339372,4360,63357508,63589176,64771556,0,0,0,1,1,0,14517414,3375406870,3394917602,48,48,1090,1584350,3172574,0,82333602,83476,611945298,447489321,0
1789567303.4026036,8.055,8990134,627084,0,111,82,121,111748,871401,33037925,340740,4360,63329896,63560196,64771556,0,0,0,1,2,0,14518841,3375441058,3394951790,48,48,1090,1583661,3171194,0,82339728,83476,611946666,447489321,0
1789567303.6530502,8.305,8990500,627092,0,111,82,121,111750,871424,33039145,342744,4360,63310460,63538776,64771556,0,0,0,1,1,0,14519253,3375504642,3395015374,48,48,1090,1583175,3170222,0,82346302,83476,611948666,447489321,0
1789567303.9034855,8.556,8990839,627101,0,111,82,121,111752,871473,33043578,344904,4360,63285952,63511456,64771556,0,0,0,0,4,0,14519729,3375538983,3395049719,48,48,1090,1582564,3168997,0,82352699,83476,611951438,447489321,0
1789567304.153972,8.806,8991163,627105,0,111,82,121,111755,871543,33048093,346540,4516,63241504,63465392,64771556,0,0,0,0,4,0,14521129,3375546429,3395057165,48,48,1129,1581454,3166775,0,82365205,83476,611952922,447489321,0
1789567304.4044378,9.057,8991501,627115,0,111,82,121,111756,871593,33050009,348936,4516,63213328,63434808,64771556,0,0,0,1,1,0,14521384,3375573219,3395083961,48,48,1129,1580751,3165367,0,82371704,83476,611955322,447489321,0
1789567304.6549044,9.307,8991856,627122,0,111,82,121,111760,871628,33052520,351012,4524,63172904,63392336,64771556,0,0,0,0,2,0,14521592,3375590669,3395101411,48,48,1131,1579742,3163346,0,82381601,83476,611957390,447489321,0
1789567304.90537,9.558,8992223,627130,0,111,82,121,111762,871650,33054562,353116,4524,63249580,63466892,64771556,0,0,0,0,2,0,14522224,3375646624,3395157365,48,48,1131,1581656,3167179,0,82387215,83476,611959518,447489321,0
1789567305.1557918,9.808,8992593,627137,0,111,82,121,111764,871671,33055581,355292,4524,63225412,63440544,64771556,0,0,0,0,2,0,14522630,3375708171,3395218930,48,48,1131,1581052,3165971,0,82393908,83476,611961662,447489321,0
1789567305.4062169,10.059,8992932,627145,0,111,82,121,111766,871721,33058977,357856,4528,63202036,63414604,64771556,0,0,0,1,1,0,14523029,3375735331,3395246092,48,48,1132,1580469,3164802,0,82399879,83477,611964226,447489321,0
1789567305.656656,10.309,8993247,627148,0,111,82,121,111769,871797,33064513,358872,4580,63184424,63395968,64771556,0,0,0,0,3,0,14523352,3375743242,3395254003,48,48,1145,1580029,3163922,0,82403964,83477,611965242,447489381,0
1789567305.90713,10.56,8993508,627159,0,111,82,121,111777,871913,33074549,450044,4588,63125164,63245476,64771556,0,0,0,2,6,0,14523897,3375753694,3395264455,48,48,1147,1578550,3160960,0,82421404,83477,612057814,447489381,0
1789567306.1576138,10.81,8993787,627165,0,111,82,121,111784,872020,33083025,488052,4588,63079256,63161312,64771556,0,0,0,0,6,0,14524641,3375760167,3395270928,48,48,1147,1577404,3158665,0,82435169,83477,612094470,447489381,0
1789567306.4080982,11.061,8994048,627178,0,111,82,121,111807,872120,33092204,871972,260900,62846476,62542168,64771556,0,0,0,0,12,0,14525192,3375778708,3395289496,48,48,65225,1571533,3146910,0,82491756,83477,612222022,447489381,0
1789567306.6585984,11.311,8994314,627196,0,111,82,121,111847,872195,33100128,1196612,417900,62543780,61912856,64771556,0,0,0,1,7,0,14525860,3375809144,3395319949,50,50,104475,1563925,3131674,0,82504295,83477,612390486,447489381,0
1789567306.9091012,11.562,8994564,627218,0,111,82,121,111865,872306,33106630,1617468,624092,62553608,61499260,64771556,0,0,0,0,6,0,14526316,3375838904,3395349711,51,51,156023,1564120,3132064,0,82527286,83477,612604502,447489381,0
1789567307.1597967,11.812,8994805,627232,0,111,82,121,111913,872405,33114786,1967748,831492,62265892,60858436,64771556,0,0,0,3,8,0,14528153,3375860103,3395371009,51,51,207873,1556855,3117518,0,82549031,83477,612748030,447489381,0
1789567307.410469,12.063,8995084,627261,0,111,82,121,111935,872475,33122600,2497452,1089780,62343956,60403512,64771556,0,0,0,3,5,0,14528863,3375913908,3395424847,51,51,272445,1558722,3121256,0,82560198,83477,613019190,447489381,0
1789567307.6609719,12.313,8995340,627283,0,111,82,121,111977,872555,33130089,2874236,1244524,61979924,59660632,64771556,0,0,0,1,8,0,14529435,3375941338,3395452337,51,51,311131,1549584,3102958,0,82594708,83477,613240734,447489381,0
1789567307.9114518,12.564,8995597,627306,0,111,82,121,111999,872653,33137142,3391024,1516280,62182088,59342640,64771556,0,0,0,2,3,0,14529975,3375975858,3395486986,51,51,379174,1554557,3112916,0,82607096,83477,613486518,447489381,0
1789567308.1619499,12.814,8995873,627314,0,111,82,121,112044,872722,33142330,3808944,1763904,62053756,58793400,64771556,0,0,0,1,4,0,14530676,3375987553,3395498687,51,51,440976,1551278,3106349,0,82617140,83477,613656562,447489381,0
1789567308.412433,13.065,8996156,627324,0,111,82,121,112082,872792,33148502,4341204,2072668,61929012,58132592,64771556,0,0,0,0,5,0,14531223,3376006115,3395517248,51,51,518167,1548060,3099905,0,82635839,83477,613879694,447489381,0
1789567308.6629477,13.315,8996443,627346,0,111,82,121,112114,872852,33155754,4826628,2271144,61853700,57568808,64771556,0,0,0,0,5,0,14531937,3376043500,3395554635,51,51,567887,1546113,3096008,0,82646530,83477,614166426,447489381,0
1789567308.9136732,13.566,8996720,627354,0,111,82,121,112160,872922,33161207,5232992,2515160,61701032,57006216,64771556,0,0,0,3,5,0,14532595,3376054222,3395565356,51,51,628790,1542202,3088176,0,82664116,83477,614329238,447489381,0
1789567309.1641755,13.817,8996989,627375,0,111,82,121,112186,873006,33167374,5829048,2818716,61831976,56536588,64771556,0,0,0,0,6,0,14533264,3376093598,3395604734,51,51,704679,1545359,3094498,0,82680978,83477,614621786,447489381,0
1789567309.4146616,14.067,8997244,627383,0,111,82,121,112227,873098,33174248,6296056,3056916,61710052,55944608,64771556,0,0,0,0,7,0,14533844,3376108551,3395619691,51,51,764229,1542253,3088276,0,82697318,83477,614850894,447489381,0
1789567309.6654034,14.318,8997510,627394,0,111,82,121,112267,873183,33179604,6817464,3335008,61583064,55291692,64771556,0,0,0,0,6,0,14534345,3376125999,3395637139,51,51,833752,1538957,3081677,0,82707378,83477,615093718,447489381,0
1789567309.916147,14.569,8997782,627408,0,111,82,121,112294,873267,33184304,7411080,3644212,61677496,54788368,64771556,0,0,0,0,8,0,14535010,3376156014,3395667154,51,51,911053,1541211,3086191,0,82710258,83477,615377738,447489381,0
1789567310.1668153,14.819,8998052,627422,0,111,82,121,112333,873344,33190497,7859976,3864656,61796984,54455412,64771556,0,0,0,3,2,0,14535598,3376176810,3395687997,51,51,966164,1544103,3091981,0,82721328,83477,615607254,447489381,0
1789567310.4173179,15.07,8998330,627446,0,111,82,121,112364,873409,33196347,8334772,4121768,61776716,53956700,64771556,0,0,0,0,5,0,14536197,3376219640,3395730830,51,51,1030442,1543508,3090790,0,82734940,83477,615823978,447489381,0
1789567310.6678236,15.32,8998597,627472,0,111,82,121,112390,873487,33204541,8767728,4331860,61751104,53495256,64771556,0,0,0,0,5,0,14536846,3376263442,3395774639,51,51,1082965,1542796,3089365,0,82748077,83477,616047262,447489381,0
1789567310.918319,15.571,8998885,627490,0,111,82,121,112429,873544,33209554,9220576,4582644,61563636,52850916,64771556,0,0,0,3,3,0,14537376,3376296305,3395807505,51,51,1145661,1538017,3079794,0,82759447,83477,616250042,447489933,0
1789567311.1688483,15.821,8999142,627515,0,111,82,121,112474,873615,33216101,9744416,921416,61688536,52447856,64771556,0,3921576,0,2,4,0,14538968,3376337818,3395849398,51,51,230354,1541035,3085838,980394,82770904,83477,616507318,451419853,0
1789567311.4193082,16.072,8999437,627582,0,111,82,121,112490,873637,33217841,9960344,503592,61698428,52239936,64771556,0,4464328,0,3,3,0,14540864,3376496158,3396007898,51,51,125898,1541235,3086239,1116082,82773753,83477,616589034,451970645,0
1789567311.6697574,16.322,8999737,627662,0,111,82,121,112497,873650,33219071,10112472,591968,61728716,52116884,64771556,0,4447944,0,3,2,0,14541008,3376691725,3396203519,51,51,147992,1541961,3087692,1111986,82774585,83477,616652786,451970645,0
1789567311.9201458,16.573,9000035,627743,0,111,82,121,112505,873664,33220979,10240328,655920,61718988,51978256,64771556,0,4439752,0,3,2,0,14541468,3376888198,3396400749,51,51,163980,1541691,3087152,1109938,82782169,83477,616716690,451970645,0
1789567312.1705909,16.823,9000333,627823,0,111,82,121,112513,873678,33222333,10366512,718504,61692784,51825120,64771556,0,4427464,0,3,2,0,14542333,3377077944,3396590710,51,51,179626,1541019,3085806,1106866,82784065,83477,616780290,451970645,0
1789567312.4210362,17.073,9000632,627903,0,111,82,121,112522,873690,33223477,10510200,798440,61684536,51671956,64771556,0,4411080,0,3,2,0,14542710,3377267620,3396780424,51,51,199610,1540783,3085333,1102770,82785729,83477,616844042,451970645,0
1789567312.671398,17.324,9000922,627986,0,111,82,121,112527,873712,33225169,10653708,862508,61723204,51566032,64771556,0,4402888,0,4,1,0,14543016,3377448966,3396961835,51,51,215627,1541721,3087212,1100722,82786225,83477,616923866,451970645,0
1789567312.9218483,17.574,9001220,628065,0,111,82,121,112538,873724,33226798,10771100,931684,61668044,51392544,64771556,0,4386504,0,3,12,0,14543192,3377638734,3397152248,51,51,232921,1540320,3084406,1096626,82795633,83477,616971698,451970645,0
1789567313.1723526,17.825,9001505,628143,0,111,82,121,112548,873750,33228365,10908132,1005116,61868524,51454896,64771556,0,4374216,0,3,2,0,14543412,3377806168,3397321177,51,51,251279,1545298,3094375,1093554,82797459,83477,617035298,451970645,0
1789567313.422823,18.075,9001799,628225,0,111,82,121,112553,873768,33230400,11059020,1069128,61916828,51351320,64771556,0,4366024,0,3,2,0,14543913,3377991293,3397506628,51,51,267282,1546479,3096739,1091506,82797959,83478,617122306,451970645,0
1789567313.6732814,18.326,9002087,628305,0,111,82,121,112563,873791,33231675,11186456,1138700,61881144,51187252,64771556,0,4349640,0,4,2,0,14544247,3378163717,3397679095,51,51,284675,1545551,3094882,1087410,82802145,83478,617180170,451970645,0
1789567313.9237394,18.576,9002380,628377,0,111,82,121,112573,873816,33233289,11306028,1211668,61814824,51000384,64771556,0,4341448,0,3,2,0,14545214,3378333363,3397867247,51,51,302917,1543885,3091545,1085362,82806937,83478,617226670,451970645,0
1789567314.1741881,18.827,9002687,628453,0,111,82,121,112577,873828,33234966,11466116,1276384,61879624,50904012,64771556,0,4325064,0,3,2,0,14546376,3378529969,3398075674,51,51,319096,1545475,3094730,1081266,82806939,83478,617322274,451970645,0
1789567314.4245427,19.077,9003006,628512,0,111,82,121,112587,873841,33236237,11594788,1345152,61845048,50739808,64771556,0,4312776,0,4,1,0,14546787,3378703983,3398307209,51,51,336288,1544588,3092954,1078194,82808825,83478,617382178,451970645,0
1789567314.6749945,19.327,9003309,628585,0,111,82,121,112597,873855,33237482,11717744,1418104,61863248,50633936,64771556,0,4304584,0,3,3,0,14547296,3378889563,3398505480,51,51,354526,1545015,3093807,1076146,82810716,83478,617432182,451970645,0
1789567314.9254584,19.578,9003598,628666,0,111,82,121,112601,873881,33239983,11870460,1489184,61873268,50490288,64771556,0,4288200,0,3,2,0,14547838,3379071490,3398691350,51,51,372296,1545241,3094261,1072050,82813362,83478,617513530,451970645,0
1789567315.1759398,19.828,9003897,628745,0,111,82,121,112611,873893,33241206,11981104,1551912,62090792,50596232,64771556,0,4280008,0,4,1,0,14549258,3379267353,3398888405,51,51,387978,1550635,3105062,1070002,82815247,83478,617561862,451970645,0
1789567315.4264233,20.079,9004197,628824,0,111,82,121,112620,873904,33242322,12102712,1624992,62093204,50476028,64771556,0,4267688,0,4,1,0,14549964,3379460821,3399081935,51,51,406248,1550670,3105133,1066922,82817136,83478,617610494,451970645,0
1789567315.6770046,20.329,9004496,628906,0,111,82,121,112627,873917,33244449,12262448,1690180,62134608,50356616,64771556,0,4251304,0,3,2,0,14550786,3379653501,3399279216,51,51,422545,1551690,3107174,1062826,82821354,83478,617704786,451971361,0
1789567315.9274561,20.58,9004796,628985,0,111,82,121,112637,873928,33245711,12386876,1758544,62106952,50203600,64771556,0,4243112,0,3,2,0,14551471,3379851954,3399477784,51,51,439636,1550976,3105745,1060778,82823241,83478,617760978,451971361,0
1789567316.1779342,20.83,9005095,629065,0,111,82,121,112646,873941,33247007,12506144,1831744,62135080,50111372,64771556,0,4226728,0,3,2,0,14552158,3380044719,3399670769,51,51,457936,1551650,3107095,1056682,82825150,83478,617807174,451971361,0
1789567316.4284108,21.081,9005387,629143,0,111,82,121,112653,873966,33249366,12668008,1904484,62242784,50056228,64771556,0,4214440,0,3,2,0,14552835,3380217891,3399851465,51,51,476121,1554315,3112431,1053610,82827841,83478,617896042,451971361,0
1789567316.6791484,21.332,9005684,629223,0,111,82,121,112663,873978,33250819,12786172,1759616,62209052,49903308,64771556,0,4411840,0,4,1,0,14554013,3380407499,3400041350,51,51,439904,1553450,3110698,1102960,82829735,83478,617953594,452176953,0
1789567316.9296553,21.582,9005984,629301,0,111,82,121,112673,873991,33251942,12897968,1833000,62165736,49747204,64771556,0,4395456,0,3,2,0,14554693,3380595262,3400230909,51,51,458250,1552344,3108483,1098864,82837016,83478,617991902,452176953,0
1789567317.1803129,21.833,9006282,629384,0,111,82,121,112678,874004,33254270,13057840,1897276,62206276,49626788,64771556,0,4379072,0,3,3,0,14555330,3380787539,3400424592,51,51,474319,1553328,3110455,1094768,82838286,83478,618087354,452176953,0
1789567317.4307754,22.083,9006581,629462,0,111,82,121,112689,874017,33255751,13174852,1966460,62152248,49454796,64771556,0,4370880,0,3,2,0,14556311,3380976690,3400616811,51,51,491615,1551956,3107707,1092720,82840221,83478,618135302,452176953,0
1789567317.6812687,22.334,9006880,629542,0,111,82,121,112699,874029,33257298,13295872,2039672,62132300,49312776,64771556,0,4358592,0,3,3,0,14556777,3381167509,3400808668,51,51,509918,1551432,3106658,1089648,82844585,83478,618182982,452176953,0
1789567317.9317422,22.584,9007167,629620,0,111,82,121,112705,874059,33259250,13441064,2103836,62250184,49284452,64771556,0,4350400,0,4,1,0,14557221,3381334986,3400983809,51,51,525959,1554349,3112500,1087600,82844719,83478,618264010,452176953,0
1789567318.1822026,22.835,9007467,629700,0,111,82,121,112715,874071,33260640,13556812,2173108,62213924,49131508,64771556,0,4334016,0,3,3,0,14557501,3381527843,3401178172,51,51,543277,1553421,3110640,1083504,82846615,83478,618310510,452176953,0
1789567318.4326797,23.085,9007766,629778,0,111,82,121,112723,874086,33262440,13710868,2255432,62236956,48999244,64771556,0,4325824,0,3,2,0,14557781,3381714943,3401372496,51,51,563858,1553965,3111730,1081456,82852040,83478,618382218,452176953,0
1789567318.683144,23.336,9008058,629858,0,111,82,121,112731,874105,33264388,13855948,2330764,62252164,48868544,64771556,0,4313536,0,3,6,0,14558032,3381893890,3401555448,51,51,582691,1554322,3112445,1078384,82854177,83478,618451966,452176953,0
1789567318.933623,23.586,9008348,629930,0,111,82,121,112741,874133,33266135,13981084,2396100,62399104,48889396,64771556,0,4297152,0,3,3,0,14559127,3382053946,3401732025,51,51,599025,1557963,3119736,1074288,82857056,83478,618511906,452176953,0
1789567319.184107,23.837,9008655,629995,0,111,82,121,112750,874152,33267769,14123680,2468964,62402292,48748848,64771556,0,4288960,0,3,2,0,14560489,3382224297,3401937329,51,51,617241,1558018,3119845,1072240,82861026,83478,618581498,452176953,0
1789567319.4345572,24.087,9008967,630054,0,111,82,121,112758,874175,33269816,14348252,2623788,62387636,48507416,64771556,0,4272576,0,3,2,0,14561955,3382394877,3402152505,51,51,655947,1557597,3119002,1068144,82862608,83478,618651246,452176953,0
1789567319.6850264,24.337,9009270,630130,0,111,82,121,112765,874189,33271690,14435452,2631276,62401264,48433656,64771556,0,4264384,0,3,2,0,14562692,3382588587,3402357914,51,51,657921,1557944,3119698,1066096,82865771,83478,618730958,452176953,0
1789567319.9354727,24.588,9009569,630211,0,111,82,121,112775,874200,33273253,14574588,2700684,62435452,48327660,64771556,0,4252064,0,3,2,0,14562927,3382778144,3402547612,51,51,675171,1558760,3121332,1063016,82867302,83478,618800706,452176953,0
1789567320.1859176,24.838,9009855,630292,0,111,82,121,112785,874224,33275464,14700584,2767020,62549172,48314304,64771556,0,4243872,0,3,2,0,14563380,3382950209,3402721377,51,51,691755,1561574,3126967,1060968,82869453,83478,618860674,452176953,0
1789567320.4363866,25.089,9010150,630367,0,111,82,121,112795,874243,33278054,14835548,2841148,62546472,48175300,64771556,0,4227488,0,4,1,0,14563839,3383124480,3402907814,51,51,710287,1561474,3126766,1056872,82871453,83478,618921926,452176953,0
1789567320.6868432,25.339,9010441,630445,0,111,82,121,112801,874270,33280434,15010128,2927740,62521488,47974716,64771556,0,4219296,0,4,1,0,14564163,3383291878,3403086995,51,51,731935,1560825,3125466,1054824,82874842,83478,619009474,452176953,0
1789567320.9372933,25.59,9010741,630525,0,111,82,121,112810,874280,33281968,15147316,3003808,62527592,47842668,64771556,0,4198816,0,4,2,0,14564473,3383489436,3403286873,51,51,750952,1560940,3125696,1049704,82876374,83478,619070618,452177665,0
1789567321.1877425,25.84,9011040,630603,0,111,82,121,112820,874293,33283798,15286808,3074220,62540680,47715164,64771556,0,4190624,0,3,2,0,14564911,3383684954,3403489453,51,51,768555,1561252,3126323,1047656,82878599,83478,619139674,452177665,0
1789567321.4382138,26.091,9011330,630676,0,111,82,121,112829,874321,33285908,15412112,3139740,62604720,47652616,64771556,0,4182432,0,3,2,0,14565129,3383844992,3403667387,51,51,784935,1562822,3129465,1045608,82883769,83478,619199458,452177665,0
1789567321.6886709,26.341,9011630,630758,0,111,82,121,112836,874332,33287618,15621764,3269680,62589240,47424056,64771556,0,4166048,0,3,2,0,14565358,3384039111,3403861806,51,51,817420,1562350,3128521,1041512,82885409,83478,619279170,452177665,0
1789567321.9391196,26.592,9011921,630838,0,111,82,121,112845,874352,33289684,15728532,3306548,62593200,47320236,64771556,0,4153760,0,3,2,0,14565887,3384220910,3404046569,51,51,826637,1562424,3128668,1038440,82887501,83478,619348918,452177665,0
1789567322.189552,26.842,9012221,630918,0,111,82,121,112855,874362,33291304,15864260,3372700,62604664,47193784,64771556,0,4145568,0,3,2,0,14566773,3384410633,3404240065,51,51,843175,1562655,3129132,1036392,82891090,83478,619418666,452177665,0
1789567322.44001,27.092,9012520,630998,0,111,82,121,112865,874372,33292883,16008256,3448740,62607100,47049916,64771556,0,4129184,0,4,1,0,14567737,3384609265,3404439407,51,51,862185,1562659,3129139,1032296,82893311,83478,619486858,452177665,0
1789567322.690446,27.343,9012811,631077,0,111,82,121,112875,874391,33294768,16179900,3558788,62624724,46892424,64771556,0,4120992,0,3,2,0,14568350,3384787173,3404621299,51,51,889493,1563012,3129846,1030248,82898146,83478,619548198,452177665,0
1789567322.940914,27.593,9013110,631158,0,111,82,121,112881,874405,33296888,16314952,3611492,62604828,46736244,64771556,0,4100512,0,4,1,0,14568615,3384982745,3404820058,51,51,902873,1562485,3128790,1025128,82900972,83478,619630674,452177665,0
1789567323.1913593,27.844,9013401,631237,0,111,82,121,112890,874427,33298953,16447952,3677380,62629432,46625952,64771556,0,4092320,0,3,2,0,14569092,3385158403,3405001192,51,51,919345,1563052,3129925,1023080,82903696,83478,619697658,452177665,0
1789567323.4418156,28.094,9013699,631316,0,111,82,121,112900,874440,33300712,16583992,3752552,62634280,46492544,64771556,0,4084128,0,4,1,0,14569489,3385346395,3405193494,51,51,938138,1563116,3130055,1021032,82907593,83478,619758526,452177665,0
1789567323.692253,28.345,9013999,631394,0,111,82,121,112910,874452,33302210,16729684,3828496,62633660,46343808,64771556,0,4067744,0,4,1,0,14570482,3385536724,3405388745,51,51,957124,1563029,3129879,1016936,82909135,83478,619828402,452177665,0
1789567323.94269,28.595,9014289,631475,0,111,82,121,112917,874475,33304470,16926552,3946736,62635504,46145920,64771556,0,4059552,0,3,2,0,14570948,3385711590,3405567803,51,51,986684,1563016,3129853,1014888,82910799,83478,619906902,452177665,0
1789567324.193151,28.846,9014588,631554,0,111,82,121,112925,874488,33306338,17040560,3990996,62641620,46036696,64771556,0,4047232,0,4,2,0,14571369,3385902950,3405763709,51,51,997749,1563132,3130087,1011808,82915633,83478,619976650,452177665,0
1789567324.443609,29.096,9014878,631633,0,111,82,121,112934,874508,33308400,17172936,4056332,62660372,45920700,64771556,0,4030848,0,4,1,0,14571986,3386075899,3405941504,51,51,1014083,1563544,3130912,1007712,82917856,83478,620043946,452177665,0
1789567324.6940749,29.346,9015177,631712,0,111,82,121,112944,874521,33310095,17310452,4131236,62666392,45787064,64771556,0,4022656,0,3,2,0,14572150,3386264615,3406134559,51,51,1032809,1563630,3131083,1005664,82921590,83478,620106182,452177665,0
1789567324.9445293,29.597,9015476,631792,0,111,82,121,112953,874534,33311818,17495248,4245996,62664912,45596788,64771556,0,4006272,0,3,2,0,14572616,3386452767,3406327025,51,51,1061295,1563504,3130832,1001568,82924390,83478,620175930,452177665,0
1789567325.1949928,29.847,9015766,631873,0,111,82,121,112959,874557,33314284,17622104,4293548,62707836,45512280,64771556,0,3993984,0,3,2,0,14573021,3386635471,3406511728,51,51,1073489,1564571,3132967,998496,82925776,83478,620255642,452177665,0
1789567325.4454443,30.098,9016061,631954,0,111,82,121,112969,874570,33316005,17760860,4362556,62711472,45374916,64771556,0,3985792,0,3,2,0,14573362,3386829735,3406706341,51,51,1090639,1564596,3133017,996448,82927332,83478,620325390,452177665,0
1789567325.6959226,30.348,9016365,632030,0,111,82,121,112975,874587,33316945,17790116,4381848,62706340,45339332,64771556,0,3969408,0,3,1,0,14573429,3387024737,3406903325,51,51,1095462,1564438,3132702,992352,82932080,83478,620335354,452177665,0
1789567325.9463518,30.599,9016690,632105,0,111,82,121,112975,874587,33316997,17790116,4381848,62706340,45339332,64771556,0,3961216,0,3,1,0,14573443,3387275011,3407153646,51,51,1095462,1564438,3132702,990304,82932082,83478,620335354,452177909,0
1789567326.1966796,30.849,9017015,632180,0,111,82,121,112975,874587,33317058,17790116,4381848,62711592,45344584,64771556,0,3944832,0,3,1,0,14573456,3387524952,3407403614,51,51,1095462,1564569,3132965,986208,82932082,83478,620335354,452177909,0
1789567326.447013,31.099,9017338,632258,0,111,82,121,112975,874587,33317477,17790116,4377704,62731836,45364816,64771556,0,3932548,0,3,1,0,14573487,3387766623,3407645386,51,51,1094426,1565075,3133977,983137,82932085,83478,620335358,452182241,0
1789567326.6973243,31.35,9017663,632333,0,111,82,121,112975,874587,33317579,17790116,4377704,62731836,45364816,64771556,0,3916160,0,3,1,0,14573508,3388016523,3407895346,51,51,1094426,1565075,3133977,979040,82932094,83478,620335358,452182241,0
1789567326.9476492,31.6,9017988,632408,0,111,82,121,112975,874587,33317626,17790116,4377704,62731836,45364816,64771556,0,3907968,0,3,1,0,14573522,3388266766,3408145619,51,51,1094426,1565075,3133977,976992,82932095,83478,620335358,452182241,0
1789567327.1979625,31.85,9018313,632483,0,111,82,121,112975,874587,33317700,17790116,4377704,62738732,45371712,64771556,0,3891584,0,3,1,0,14573541,3388516561,3408395559,51,51,1094426,1565247,3134321,972896,82932096,83478,620335358,452182241,0
1789567327.4482555,32.101,9018638,632558,0,111,82,121,112975,874587,33317749,17790116,4377704,62738436,45371416,64771556,0,3887488,0,3,1,0,14573556,3388766787,3408645820,51,51,1094426,1565240,3134307,971872,82932097,83478,620335358,452182241,0
1789567327.698546,32.351,9018963,632633,0,111,82,121,112975,874587,33317804,17790116,4377704,62738436,45371416,64771556,0,3871104,0,3,1,0,14573568,3389016693,3408895743,51,51,1094426,1565240,3134307,967776,82932098,83478,620335358,452182241,0
1789567327.9488251,32.601,9019289,632709,0,111,82,121,112975,874587,33317854,17790116,4377704,62738436,45371416,64771556,0,3862912,0,3,1,0,14573579,3389266597,3409145664,51,51,1094426,1565240,3134307,965728,82932099,83478,620335358,452182241,0
1789567328.1991053,32.852,9019614,632784,0,111,82,121,112975,874587,33317921,17790116,4377704,62744344,45377324,64771556,0,3846528,0,3,1,0,14573598,3389516802,3409395927,51,51,1094426,1565387,3134602,961632,82932099,83478,620335358,452182241,0
1789567328.4493947,33.102,9019939,632859,0,111,82,121,112975,874587,33317979,17790116,4377704,62744344,45377324,64771556,0,3834208,0,3,1,0,14573615,3389767004,3409646186,51,51,1094426,1565387,3134602,958552,82932100,83478,620335358,452182241,0
1789567328.699693,33.352,9020264,632934,0,111,82,121,112975,874587,33318044,17790116,4377704,62744068,45377048,64771556,0,3817824,0,3,1,0,14573638,3390017176,3409896463,51,51,1094426,1565380,3134588,954456,82932102,83478,620335358,452182241,0
1789567328.9499836,33.602,9020590,633009,0,111,82,121,112975,874587,33318085,17790116,4377704,62744068,45377048,64771556,0,3809632,0,3,1,0,14573649,3390267408,3410146712,51,51,1094426,1565380,3134588,952408,82932103,83478,620335358,452182241,0
1789567329.2002616,33.853,9020915,633084,0,111,82,121,112975,874587,33318161,17790116,4377704,62747636,45380616,64771556,0,3793248,0,3,1,0,14573673,3390517593,3410396974,51,51,1094426,1565469,3134766,948312,82932103,83478,620335358,452182241,0
1789567329.45056,34.103,9021240,633159,0,111,82,121,112975,874587,33318268,17790116,4377704,62761032,45394012,64771556,0,3785220,0,3,1,0,14573693,3390767827,3410647247,51,51,1094426,1565804,3135436,946305,82932104,83478,620335358,452182241,0
1789567329.7008607,34.353,9021565,633234,0,111,82,121,112975,874587,33318320,17790116,4377704,62760740,45393720,64771556,0,3772812,0,3,1,0,14573707,3391018047,3410897507,51,51,1094426,1565796,3135421,943203,82932104,83478,620335358,452182241,0
1789567329.9511485,34.604,9021890,633309,0,111,82,121,112975,874587,33318367,17790116,4377704,62760740,45393720,64771556,0,3764904,0,3,1,0,14573719,3391267956,3411147433,51,51,1094426,1565796,3135421,941226,82932108,83478,620335358,452182241,0
1789567330.201429,34.854,9022216,633384,0,111,82,121,112976,874587,33318432,17790116,4377704,62765560,45398540,64771556,0,3748448,0,3,1,0,14573735,3391517831,3411397353,51,51,1094426,1565917,3135662,937112,82932108,83478,620335358,452182241,0
1789567330.451718,35.104,9022541,633459,0,111,82,121,112976,874587,33318481,17790116,4377704,62765560,45398540,64771556,0,3740244,0,3,1,0,14573747,3391768084,3411647638,51,51,1094426,1565917,3135662,935061,82932109,83478,620335358,452182241,0
1789567330.7020214,35.354,9022866,633534,0,111,82,121,112976,874587,33318541,17790116,4377704,62765284,45398252,64771556,0,3727808,0,3,1,0,14573762,3392018302,3411897890,51,51,1094426,1565910,3135649,931952,82932109,83478,620335358,452182241,0
1789567330.9523,35.605,9023191,633609,0,111,82,121,112976,874587,33318603,17790116,4377704,62765284,45398252,64771556,0,3711424,0,3,1,0,14573777,3392268492,3412148139,51,51,1094426,1565910,3135649,927856,82932110,83478,620335358,452182241,0
1789567331.2025776,35.855,9023517,633684,0,111,82,121,112976,874587,33318668,17790116,4377704,62769280,45402248,64771556,0,3703232,0,3,1,0,14573817,3392518688,3412398397,51,51,1094426,1566009,3135848,925808,82932111,83478,620335358,452182261,0
1789567331.4528866,36.105,9023842,633760,0,111,82,121,112976,874587,33318736,17790116,4377164,62769004,45401972,64771556,0,3686848,0,3,1,0,14573834,3392768908,3412648672,51,51,1094291,1566003,3135835,921712,82932113,83478,620335358,452182801,0
1789567331.703171,36.356,9024165,633835,0,111,82,121,112976,874589,33318857,17790116,4377168,62775900,45408868,64771556,0,3674456,0,3,1,0,14573853,3393013569,3412893384,51,51,1094292,1566175,3136179,918614,82932818,83478,620335358,452182801,0
1789567331.9534655,36.606,9024469,633920,0,111,82,121,112979,874596,33319669,17793668,4379568,62754716,45383200,64771556,0,3666264,0,3,2,0,14574060,3393231357,3413112848,51,51,1094892,1565642,3135113,916566,82938621,83502,620340382,452182801,0
1789567332.2038255,36.856,9024769,634012,0,111,82,121,112980,874602,33320314,17799036,4379568,62749780,45371448,64771556,0,3649880,0,4,1,0,14574346,3393461259,3413342817,51,51,1094892,1565505,3134839,912470,82941312,83536,620346078,452182801,0
1789567332.454158,37.107,9025078,634091,0,111,82,121,112983,874610,33321122,17800532,4381492,62742636,45362520,64771556,0,3641688,0,3,1,0,14574659,3393672278,3413555780,51,51,1095373,1565320,3134469,910422,82947718,83542,620347430,452182805,0
1789567332.7045348,37.357,9025403,634166,0,111,82,121,112984,874610,33321185,17800532,4381492,62742636,45362520,64771556,0,3625304,0,3,1,0,14574680,3393922504,3413806082,51,51,1095373,1565320,3134469,906326,82947720,83542,620347430,452182805,0
1789567332.9548447,37.607,9025728,634241,0,111,82,121,112984,874610,33321238,17800532,4381492,62742636,45362520,64771556,0,3612992,0,3,1,0,14574700,3394172710,3414056352,51,51,1095373,1565320,3134469,903248,82947720,83542,620347430,452182805,0
1789567333.2051356,37.858,9026053,634316,0,111,82,121,112984,874610,33321310,17800532,4381492,62745852,45365736,64771556,0,3604864,0,3,1,0,14574748,3394422899,3414306616,51,51,1095373,1565401,3134629,901216,82947721,83542,620347430,452182805,0
1789567333.4554338,38.108,9026378,634391,0,111,82,121,112984,874611,33321471,17800624,4381504,62755464,45375256,64771556,0,3588416,0,3,1,0,14574779,3394671174,3414555575,51,51,1095376,1565641,3135110,897104,82947748,83542,620347430,452182805,0
1789567333.7057576,38.358,9026703,634466,0,111,82,121,112984,874611,33321518,17800624,4381504,62755464,45375256,64771556,0,3580224,0,3,1,0,14574792,3394921442,3414805866,51,51,1095376,1565641,3135110,895056,82947750,83542,620347430,452182805,0
1789567333.9560628,38.608,9027029,634541,0,111,82,121,112984,874611,33321579,17800624,4381504,62755464,45375256,64771556,0,3567928,0,3,1,0,14574810,3395171638,3415056127,51,51,1095376,1565641,3135110,891982,82947750,83542,620347430,452182805,0
1789567334.2063515,38.859,9027354,634616,0,111,82,121,112984,874611,33321656,17800624,4381504,62759036,45378828,64771556,0,3551544,0,3,1,0,14574832,3395421825,3415306385,51,51,1095376,1565730,3135288,887886,82947752,83542,620347430,452182805,0
1789567334.4566388,39.109,9027679,634691,0,111,82,121,112984,874611,33321711,17800624,4381504,62759036,45378828,64771556,0,3543352,0,3,1,0,14574845,3395672067,3415556646,51,51,1095376,1565730,3135288,885838,82947752,83542,620347430,452182805,0
1789567334.7069464,39.359,9028004,634766,0,111,82,121,112984,874611,33321764,17800624,4381504,62758784,45378576,64771556,0,3526968,0,3,1,0,14574859,3395922301,3415806915,51,51,1095376,1565724,3135276,881742,82947753,83542,620347430,452182805,0
1789567334.957227,39.61,9028330,634842,0,111,82,121,112984,874611,33321814,17800624,4381504,62758784,45378576,64771556,0,3514680,0,3,1,0,14574873,3396172514,3416057169,51,51,1095376,1565724,3135276,878670,82947754,83542,620347430,452182805,0
1789567335.2075024,39.86,9028655,634917,0,111,82,121,112984,874611,33321881,17800624,4381504,62760852,45380644,64771556,0,3506488,0,3,1,0,14574924,3396422681,3416307420,51,51,1095376,1565775,3135379,876622,82947755,83542,620347430,452182805,0
1789567335.4577785,40.11,9028980,634992,0,111,82,121,112984,874611,33321933,17800624,4381504,62760852,45380644,64771556,0,3490104,0,3,1,0,14574940,3396672898,3416557691,51,51,1095376,1565775,3135379,872526,82947755,83542,620347430,452182805,0
1789567335.7080812,40.36,9029305,635067,0,111,82,121,112984,874611,33321987,17800624,4381504,62760580,45380372,64771556,0,3481912,0,3,1,0,14574951,3396922800,3416807610,51,51,1095376,1565768,3135366,870478,82947757,83542,620347430,452182805,0
1789567335.9583552,40.611,9029630,635142,0,111,82,121,112984,874611,33322038,17800624,4381504,62760580,45380372,64771556,0,3473720,0,3,1,0,14574967,3397172686,3417057530,51,51,1095376,1565768,3135366,868430,82947757,83542,620347430,452182805,0
1789567336.2086403,40.861,9029956,635217,0,111,82,121,112984,874611,33322103,17800624,4381504,62761556,45381348,64771556,0,3453240,0,3,2,0,14574991,3397422572,3417307465,51,51,1095376,1565793,3135414,863310,82947758,83542,620347430,452182805,0
1789567336.4589634,41.111,9030281,635292,0,111,82,121,112984,874611,33322156,17800624,4381504,62762140,45381932,64771556,0,3445048,0,3,1,0,14575016,3397672801,3417557737,51,51,1095376,1565807,3135444,861262,82947760,83542,620347430,452182837,0
1789567336.7092605,41.362,9030606,635367,0,111,82,121,112984,874611,33322243,17800624,4380636,62770628,45390420,64771556,0,3428512,0,3,1,0,14575038,3397922694,3417807691,51,51,1095159,1566019,3135868,857128,82947763,83542,620347430,452183853,0
1789567336.9595883,41.612,9030931,635442,0,111,82,121,112984,874611,33322289,17800624,4380636,62770628,45390420,64771556,0,3420500,0,3,1,0,14575064,3398172918,3418057963,51,51,1095159,1566019,3135868,855125,82947764,83542,620347430,452183853,0
1789567337.2099009,41.862,9031256,635517,0,111,82,121,112984,874611,33322370,17800624,4380636,62770628,45390420,64771556,0,3408276,0,3,1,0,14575095,3398422725,3418307920,51,51,1095159,1566019,3135868,852069,82947765,83542,620347430,452183853,0
1789567337.4601963,42.113,9031582,635593,0,111,82,121,112984,874611,33322465,17800632,4380484,62782696,45402480,64771556,0,3399968,0,3,1,0,14575129,3398672912,3418558180,51,51,1095121,1566321,3136471,849992,82947765,83542,620347430,452183853,0
1789567337.7105274,42.363,9031907,635668,0,111,82,121,112984,874611,33322517,17800632,4380484,62781932,45401708,64771556,0,3383584,0,3,1,0,14575156,3398923116,3418808455,51,51,1095121,1566301,3136433,845896,82947767,83542,620347430,452183853,0
1789567337.960816,42.613,9032232,635743,0,111,82,121,112984,874611,33322561,17800632,4380484,62781932,45401708,64771556,0,3375392,0,3,1,0,14575180,3399173314,3419058717,51,51,1095121,1566301,3136433,843848,82947767,83542,620347430,452183853,0
1789567338.2111063,42.864,9032557,635818,0,111,82,121,112984,874611,33322614,17800632,4380484,62782188,45401964,64771556,0,3359008,0,3,1,0,14575202,3399423531,3419308978,51,51,1095121,1566308,3136446,839752,82947768,83542,620347430,452183853,0
1789567338.4613883,43.114,9032883,635893,0,111,82,121,112984,874611,33322688,17800632,4380484,62791260,45411036,64771556,0,3346720,0,3,1,0,14575240,3399673703,3419559229,51,51,1095121,1566534,3136899,836680,82947769,83542,620347430,452183853,0
1789567338.7116826,43.364,9033208,635968,0,111,82,121,112984,874611,33322745,17800632,4380484,62791260,45411036,64771556,0,3338528,0,3,1,0,14575267,3399923924,3419809521,51,51,1095121,1566534,3136899,834632,82947772,83542,620347430,452183853,0
1789567338.9619942,43.614,9033533,636043,0,111,82,121,112984,874611,33322803,17800632,4380484,62791260,45411036,64771556,0,3322144,0,3,1,0,14575295,3400174099,3420059772,51,51,1095121,1566534,3136899,830536,82947772,83542,620347430,452183853,0
1789567339.212269,43.865,9033858,636118,0,111,82,121,112984,874611,33322877,17800632,4380484,62791020,45410796,64771556,0,3314304,0,3,1,0,14575351,3400423941,3420309694,51,51,1095121,1566528,3136887,828576,82947773,83542,620347430,452183853,0
1789567339.4625535,44.115,9034184,636193,0,111,82,121,112984,874611,33322929,17800632,4380484,62791020,45410796,64771556,0,3301764,0,3,1,0,14575375,3400674130,3420559946,51,51,1095121,1566528,3136887,825441,82947773,83542,620347430,452183853,0
1789567339.7128406,44.365,9034509,636268,0,111,82,121,112985,874611,33322986,17800632,4380484,62791020,45410796,64771556,0,3285564,0,3,1,0,14575398,3400924331,3420810214,51,51,1095121,1566528,3136887,821391,82947774,83542,620347430,452183853,0
1789567339.963136,44.616,9034834,636343,0,111,82,121,112985,874611,33323027,17800632,4380484,62791020,45410796,64771556,0,3277152,0,3,1,0,14575423,3401174534,3421060478,51,51,1095121,1566528,3136887,819288,82947776,83542,620347430,452183853,0
1789567340.2134216,44.866,9035159,636418,0,111,82,121,112985,874611,33323088,17800632,4380484,62791020,45410796,64771556,0,3260928,0,3,1,0,14575446,3401424416,3421310402,51,51,1095121,1566528,3136887,815232,82947776,83542,620347430,452183853,0
1789567340.4637108,45.116,9035485,636493,0,111,82,121,112985,874611,33323136,17800632,4380484,62791020,45410796,64771556,0,3248544,0,3,1,0,14575471,3401674627,3421560673,51,51,1095121,1566528,3136887,812136,82947777,83542,620347430,452183853,0
1789567340.7140055,45.366,9035810,636568,0,111,82,121,112985,874611,33323198,17800632,4380484,62791020,45410796,64771556,0,3240300,0,3,1,0,14575493,3401924520,3421810600,51,51,1095121,1566528,3136887,810075,82947777,83542,620347430,452183853,0
1789567340.9642887,45.617,9036135,636643,0,111,82,121,112985,874611,33323243,17800632,4380484,62791020,45410796,64771556,0,3224036,0,3,1,0,14575519,3402174703,3422060850,51,51,1095121,1566528,3136887,806009,82947778,83542,620347430,452183853,0
1789567341.214572,45.867,9036460,636718,0,111,82,121,112985,874611,33323312,17800632,4380484,62791020,45410796,64771556,0,3207648,0,3,1,0,14575550,3402424888,3422311111,51,51,1095121,1566528,3136887,801912,82947780,83542,620347430,452183853,0
1789567341.4648557,46.117,9036786,636794,0,111,82,122,112985,874611,33323413,17800632,4380484,62809064,45428840,64771556,0,3199440,0,3,1,0,14575580,3402675097,3422561363,51,51,1095121,1566979,3137789,799860,82947781,83542,620347430,452183853,0
1789567341.7151396,46.368,9037111,636869,0,111,82,122,112985,874611,33323474,17800632,4380508,62809064,45428840,64771556,0,3187036,0,3,1,0,14575602,3402924994,3422811306,51,51,1095127,1566979,3137789,796759,82947781,83542,620347430,452183885,0
1789567341.9654477,46.618,9037436,636944,0,111,82,122,112985,874611,33323516,17800632,4380508,62809064,45428840,64771556,0,3178844,0,3,1,0,14575624,3403175210,3423061565,51,51,1095127,1566979,3137789,794711,82947782,83542,620347430,452183885,0
1789567342.2157412,46.868,9037759,637019,0,111,82,122,112987,874611,33323595,17800620,4048688,62807820,45427596,64771556,0,3494280,0,3,2,0,14575658,3403418905,3423305353,51,51,1012044,1566948,3137727,873698,82947782,83542,620347434,452516217,0
1789567342.4660492,47.118,9038084,637094,0,111,82,122,112987,874611,33323644,17800664,4000360,62807804,45427468,64771556,0,3534416,0,3,1,0,14575687,3403668432,3423554946,51,51,1000090,1566946,3137723,883604,82947784,83542,620347434,452564033,0
1789567342.7163424,47.369,9038409,637169,0,111,82,122,112987,874611,33323718,17800664,4000360,62807536,45427200,64771556,0,3513936,0,3,1,0,14575710,3403918323,3423804879,51,51,1000090,1566939,3137710,878484,82947785,83542,620347434,452564033,0
1789567342.9666266,47.619,9038735,637244,0,111,82,122,112987,874611,33323759,17800664,4000360,62807536,45427200,64771556,0,3505744,0,3,1,0,14575734,3404168513,3424055126,51,51,1000090,1566939,3137710,876436,82947786,83542,620347434,452564033,0
1789567343.216918,47.869,9039060,637319,0,111,82,122,112987,874612,33323825,17800664,4000360,62807776,45427440,64771556,0,3497552,0,3,1,0,14575758,3404418723,3424305394,51,51,1000090,1566945,3137722,874388,82947786,83542,620347434,452564033,0
1789567343.467205,48.12,9039385,637394,0,111,82,122,112987,874612,33323911,17800664,4000360,62807776,45427440,64771556,0,3481168,0,3,1,0,14575790,3404668785,3424555672,51,51,1000090,1566945,3137722,870292,82947793,83542,620347434,452564033,0
1789567343.71751,48.37,9039710,637469,0,111,82,122,112987,874612,33323962,17800664,4000360,62807776,45427440,64771556,0,3468872,0,3,1,0,14575811,3404919013,3424805943,51,51,1000090,1566945,3137722,867218,82947793,83542,620347434,452564033,0
1789567343.967814,48.62,9040036,637544,0,111,82,122,112987,874612,33324009,17800664,4000360,62807776,45427440,64771556,0,3460680,0,3,1,0,14575837,3405169204,3425056201,51,51,1000090,1566945,3137722,865170,82947796,83542,620347434,452564033,0
1789567344.2180908,48.87,9040361,637619,0,111,82,122,112987,874612,33324066,17800664,4000360,62807776,45427440,64771556,0,3444384,0,3,1,0,14575859,3405419412,3425306451,51,51,1000090,1566945,3137722,861096,82947796,83542,620347434,452564033,0
1789567344.4683733,49.121,9040686,637694,0,111,82,122,112987,874612,33324124,17800664,4000360,62807756,45427420,64771556,0,3436152,0,3,1,0,14575892,3405669578,3425556697,51,51,1000090,1566945,3137721,859038,82947797,83542,620347434,452564033,0
1789567344.7186494,49.371,9041011,637769,0,111,82,122,112987,874612,33324176,17800664,4000360,62807756,45427420,64771556,0,3419996,0,3,1,0,14575914,3405919774,3425806945,51,51,1000090,1566945,3137721,854999,82947797,83542,620347434,452564033,0
1789567344.9689476,49.621,9041337,637844,0,111,82,122,112987,874612,33324229,17800664,4000360,62807756,45427420,64771556,0,3407500,0,3,1,0,14575942,3406169932,3426057214,51,51,1000090,1566945,3137721,851875,82947798,83542,620347434,452564033,0
1789567345.2192416,49.872,9041662,637919,0,111,82,122,112987,874612,33324298,17800664,4000360,62807756,45427420,64771556,0,3399604,0,3,1,0,14575969,3406420169,3426307490,51,51,1000090,1566945,3137721,849901,82947800,83542,620347434,452564033,0
1789567345.4695446,50.122,9041987,637995,0,111,82,122,112987,874612,33324404,17800664,4000360,62823996,45443660,64771556,0,3382756,0,3,1,0,14575996,3406670390,3426557762,51,51,1000090,1567350,3138532,845689,82947801,83542,620347434,452564033,0
1789567345.7198431,50.372,9042312,638070,0,111,82,122,112987,874612,33324451,17800664,4000360,62823996,45443660,64771556,0,3374564,0,3,1,0,14576017,3406920600,3426808015,51,51,1000090,1567350,3138532,843641,82947801,83542,620347434,452564033,0
1789567345.9701366,50.623,9042638,638145,0,111,82,122,112987,874612,33324492,17800664,4000360,62823736,45443392,64771556,0,3362260,0,3,1,0,14576039,3407170809,3427058278,51,51,1000090,1567343,3138519,840565,82947802,83542,620347434,452564033,0
1789567346.2204132,50.873,9042963,638220,0,111,82,122,112987,874612,33324553,17800664,4000360,62823736,45443392,64771556,0,3345876,0,3,1,0,14576069,3407420975,3427308528,51,51,1000090,1567343,3138519,836469,82947802,83542,620347434,452564033,0
1789567346.4706964,51.123,9043288,638295,0,111,82,122,112987,874612,33324610,17800664,4000360,62823980,45443636,64771556,0,3337684,0,3,1,0,14576093,3407671189,3427558801,51,51,1000090,1567350,3138532,834421,82947804,83542,620347434,452564033,0
1789567346.7210004,51.373,9043613,638370,0,111,82,122,112987,874612,33324684,17800664,4000360,62823712,45443368,64771556,0,3321300,0,3,1,0,14576123,3407921244,3427809092,51,51,1000090,1567343,3138518,830325,82947811,83542,620347434,452564033,0
1789567346.9713364,51.624,9043938,638445,0,111,82,122,112987,874612,33324752,17800664,4000604,62823712,45443368,64771556,0,3309004,0,3,1,0,14576146,3408171166,3428059049,51,51,1000151,1567343,3138518,827251,82947812,83542,620347434,452564321,0
1789567347.2216473,51.874,9044264,638520,0,111,82,122,112988,874612,33324828,17800664,4000604,62835880,45455536,64771556,0,3300920,0,3,1,0,14576175,3408420973,3428308983,51,51,1000151,1567647,3139127,825230,82947812,83542,620347434,452564321,0
1789567347.4719589,52.124,9044581,638595,0,111,82,122,112995,874612,33325056,17800608,2452180,62834224,45453880,64771556,0,4833388,0,3,1,0,14576219,3408648557,3428536650,51,51,613045,1567605,3139044,1208347,82947813,83542,620347438,454112897,0
1789567347.722278,52.375,9044907,638670,0,111,82,122,112995,874612,33325109,17800608,2452180,62834224,45453880,64771556,0,4825068,0,3,1,0,14576242,3408898774,3428786926,51,51,613045,1567605,3139044,1206267,82947814,83542,620347438,454112897,0
1789567347.9725661,52.625,9045232,638745,0,111,82,122,112995,874612,33325163,17800608,2452180,62834224,45453880,64771556,0,4808652,0,3,1,0,14576270,3409148958,3429037192,51,51,613045,1567605,3139044,1202163,82947815,83542,620347438,454112897,0
1789567348.2228613,52.875,9045557,638820,0,111,82,122,112995,874612,33325231,17800608,2452180,62839024,45458680,64771556,0,4796208,0,3,1,0,14576298,3409399153,3429287452,51,51,613045,1567725,3139284,1199052,82947816,83542,620347438,454112897,0
1789567348.473148,53.126,9045883,638895,0,111,82,122,112995,874612,33325272,17800608,2452180,62839024,45458680,64771556,0,4788300,0,3,1,0,14576320,3409649359,3429537712,51,51,613045,1567725,3139284,1197075,82947816,83542,620347438,454112897,0
1789567348.7234368,53.376,9046208,638971,0,111,82,122,112995,874612,33325323,17800608,2452180,62839024,45458680,64771556,0,4780152,0,3,1,0,14576339,3409899251,3429787644,51,51,613045,1567725,3139284,1195038,82947817,83542,620347438,454112897,0
1789567348.9737408,53.626,9046533,639046,0,111,82,122,112995,874612,33325376,17800600,2452180,62839024,45458680,64771556,0,4763404,0,3,1,0,14576368,3410149468,3430037933,51,51,613045,1567725,3139284,1190851,82947818,83542,620347438,454112897,0
1789567349.2240462,53.876,9046858,639121,0,111,82,122,112995,874612,33325450,17800592,2452180,62843184,45462840,64771556,0,4751252,0,3,1,0,14576399,3410399643,3430288187,51,51,613045,1567829,3139492,1187813,82947820,83542,620347438,454112897,0
1789567349.4743302,54.127,9047184,639196,0,111,82,122,112995,874612,33325551,17800768,2452028,62851108,45470592,64771556,0,4734692,0,3,1,0,14576427,3410649822,3430538444,51,51,613007,1568026,3139887,1183673,82947821,83542,620347438,454112897,0
1789567349.724618,54.377,9047509,639271,0,111,82,122,112995,874612,33325596,17800768,2452028,62851108,45470592,64771556,0,4726500,0,3,1,0,14576446,3410900036,3430788695,51,51,613007,1568026,3139887,1181625,82947822,83542,620347438,454112897,0
1789567349.9749188,54.627,9047834,639346,0,111,82,122,112995,874612,33325635,17800768,2452028,62851108,45470592,64771556,0,4718308,0,3,1,0,14576469,3411150273,3431038980,51,51,613007,1568026,3139887,1179577,82947822,83542,620347438,454112897,0
1789567350.2252176,54.878,9048159,639421,0,111,82,122,112995,874612,33325704,17800768,2452028,62854756,45474240,64771556,0,4697812,0,3,1,0,14576496,3411400461,3431289253,51,51,613007,1568117,3140069,1174453,82947823,83542,620347438,454112897,0
1789567350.4755328,55.128,9048485,639496,0,111,82,122,112995,874612,33325750,17800768,2452028,62854756,45474240,64771556,0,4689620,0,3,1,0,14576520,3411650689,3431539541,51,51,613007,1568117,3140069,1172405,82947824,83542,620347438,454112897,0
1789567350.7258356,55.378,9048810,639571,0,111,82,122,112995,874612,33325802,17800768,2452028,62854756,45474240,64771556,0,4681428,0,3,1,0,14576544,3411900889,3431789814,51,51,613007,1568117,3140069,1170357,82947825,83542,620347438,454112897,0
1789567350.9761338,55.629,9049135,639646,0,111,82,122,112995,874612,33325851,17800768,2452028,62854488,45473972,64771556,0,4665044,0,3,1,0,14576569,3412151077,3432040072,51,51,613007,1568111,3140056,1166261,82947826,83542,620347438,454112897,0
1789567351.2264156,55.879,9049460,639721,0,111,82,122,112995,874612,33325919,17800768,2452028,62857672,45477156,64771556,0,4656852,0,3,1,0,14576594,3412401266,3432290323,51,51,613007,1568190,3140215,1164213,82947827,83542,620347438,454112897,0
1789567351.4766924,56.129,9049786,639796,0,111,82,122,112995,874612,33325976,17800768,2452028,62857916,45477400,64771556,0,4644556,0,3,1,0,14576618,3412651491,3432540598,51,51,613007,1568196,3140227,1161139,82947827,83542,620347438,454112897,0
1789567351.7270193,56.379,9050111,639871,0,111,82,122,112995,874612,33326042,17800768,2452028,62857916,45477400,64771556,0,4628464,0,3,1,0,14576644,3412901701,3432790876,51,51,613007,1568196,3140227,1157116,82947829,83542,620347438,454112897,0
1789567351.977314,56.63,9050436,639946,0,111,82,122,112995,874612,33326091,17800768,2452028,62857916,45477400,64771556,0,4620344,0,3,1,0,14576667,3413151903,3433041134,51,51,613007,1568196,3140227,1155086,82947829,83542,620347438,454112897,0
1789567352.2276113,56.88,9050762,640021,0,111,82,122,112995,874612,33326168,17800768,2452128,62860684,45480156,64771556,0,4603716,0,3,1,0,14576701,3413402086,3433291401,51,51,613032,1568265,3140366,1150929,82947831,83542,620347438,454113065,0
1789567352.477921,57.13,9051083,640096,0,111,82,122,113000,874612,33326265,17800740,1581096,62859860,45479332,64771556,0,5462340,0,3,2,0,14576736,3413639001,3433528404,51,51,394762,1568245,3140325,1366097,82947831,83542,620347438,454984293,0
1789567352.728208,57.381,9051405,640171,0,111,82,122,113003,874612,33326370,17800720,961776,62859036,45478508,64771556,0,6065620,0,3,1,0,14576941,3413879197,3433769967,51,51,240444,1568224,3140283,1516405,82947832,83542,620347442,455603781,0
1789567352.9785018,57.631,9051730,640246,0,111,82,122,113003,874612,33326416,17800720,961776,62859036,45478508,64771556,0,6057492,0,3,1,0,14576968,3414129308,3434020241,51,51,240444,1568224,3140283,1514373,82947833,83542,620347442,455603781,0
1789567353.2288203,57.881,9052056,640321,0,111,82,122,113003,874613,33326482,17800720,961776,62861468,45480940,64771556,0,6049380,0,3,2,0,14576994,3414379536,3434270527,51,51,240444,1568285,3140405,1512345,82947834,83542,620347442,455603781,0
1789567353.479122,58.132,9052380,640396,0,111,82,122,113003,874613,33326613,17800864,961412,62868456,45487720,64771556,0,6032872,0,3,1,0,14577692,3414627227,3434519490,51,51,240353,1568459,3140754,1508218,82947840,83542,620347442,455603781,0
1789567353.729451,58.382,9052706,640471,0,111,82,122,113003,874613,33326668,17800864,961412,62868456,45487720,64771556,0,6020576,0,3,1,0,14577714,3414877474,3434769779,51,51,240353,1568459,3140754,1505144,82947843,83542,620347442,455603781,0
1789567353.9797616,58.632,9053031,640546,0,111,82,122,113003,874613,33326713,17800864,961412,62868456,45487720,64771556,0,6012384,0,3,1,0,14577738,3415127381,3435019732,51,51,240353,1568459,3140754,1503096,82947843,83542,620347442,455603781,0
1789567354.230075,58.882,9053356,640621,0,111,82,122,113003,874613,33326772,17800864,961412,62868456,45487720,64771556,0,5996000,0,3,1,0,14577763,3415377580,3435270000,51,51,240353,1568459,3140754,1499000,82947844,83542,620347442,455603781,0
1789567354.480371,59.133,9053681,640696,0,111,82,122,113003,874613,33326827,17800864,961412,62870600,45489864,64771556,0,5987808,0,3,1,0,14577787,3415627770,3435520262,51,51,240353,1568513,3140861,1496952,82947844,83542,620347442,455603781,0
1789567354.730661,59.383,9054007,640771,0,111,82,122,113003,874614,33326886,17800864,961412,62870600,45489864,64771556,0,5967312,0,3,1,0,14577813,3415877974,3435770534,51,51,240353,1568513,3140861,1491828,82947845,83542,620347442,455603781,0
1789567354.9809892,59.633,9054332,640846,0,111,82,122,113003,874614,33326933,17800864,961412,62870600,45489864,64771556,0,5959120,0,3,1,0,14577837,3416128197,3436020813,51,51,240353,1568513,3140861,1489780,82947846,83542,620347442,455603781,0
1789567355.2312908,59.884,9054657,640921,0,111,82,122,113003,874614,33327006,17800864,961412,62876776,45496040,64771556,0,5943068,0,3,1,0,14577861,3416378111,3436270762,51,51,240353,1568667,3141170,1485767,82947847,83542,620347442,455603781,0
1789567355.4816127,60.134,9054982,640996,0,111,82,122,113003,874614,33327054,17800864,961412,62876776,45496040,64771556,0,5934912,0,3,1,0,14577884,3416628355,3436521050,51,51,240353,1568667,3141170,1483728,82947848,83542,620347442,455603781,0
1789567355.731929,60.384,9055308,641071,0,111,82,122,113003,874614,33327110,17800864,961412,62876776,45496040,64771556,0,5922248,0,3,1,0,14577905,3416878575,3436771341,51,51,240353,1568667,3141170,1480562,82947848,83542,620347442,455603781,0
1789567355.982228,60.635,9055633,641146,0,111,82,122,113003,874614,33327157,17800864,961412,62876776,45496040,64771556,0,5914120,0,3,1,0,14577930,3417128759,3437021603,51,51,240353,1568667,3141170,1478530,82947849,83542,620347442,455603781,0
1789567356.232518,60.885,9055958,641222,0,111,82,122,113003,874614,33327227,17800864,961412,62878824,45498088,64771556,0,5897724,0,3,1,0,14577962,3417378652,3437271559,51,51,240353,1568718,3141272,1474431,82947849,83542,620347442,455603781,0
1789567356.4828448,61.135,9056284,641297,0,111,82,122,113003,874614,33327276,17800864,961412,62878824,45498088,64771556,0,5889644,0,3,1,0,14577984,3417628871,3437521836,51,51,240353,1568718,3141272,1472411,82947851,83542,620347442,455603781,0
1789567356.7331612,61.386,9056609,641372,0,111,82,122,113003,874614,33327356,17800856,961412,62878824,45498088,64771556,0,5873128,0,3,1,0,14578007,3417879079,3437772144,51,51,240353,1568718,3141272,1468282,82947854,83542,620347442,455603781,0
1789567356.983498,61.636,9056934,641447,0,111,82,122,113003,874614,33327407,17800852,961412,62878824,45498088,64771556,0,5860880,0,3,1,0,14578035,3418129298,3438022428,51,51,240353,1568718,3141272,1465220,82947855,83542,620347442,455603781,0
1789567357.2338212,61.886,9057259,641522,0,111,82,122,113003,874614,33327500,17800840,961412,62880264,45499528,64771556,0,5852832,0,3,1,0,14578095,3418379371,3438272721,51,51,240353,1568754,3141344,1463208,82947855,83542,620347442,455603893,0
1789567357.484134,62.137,9057584,641597,0,111,82,122,113003,874614,33327617,17800864,961456,62885812,45505064,64771556,0,5836232,0,3,1,0,14578126,3418629560,3438522997,51,51,240364,1568892,3141621,1459058,82947856,83542,620347442,455604033,0
1789567357.734435,62.387,9057906,641672,0,111,82,122,113007,874614,33327696,17800912,135976,62884296,45503468,64771556,0,6653520,0,3,1,0,14578158,3418867399,3438760899,51,51,33994,1568854,3141545,1663380,82947857,83542,620347442,456429513,0
1789567357.9847488,62.637,9058230,641747,0,111,82,122,113007,874614,33327818,17800920,7080,62884308,45503468,64771556,0,6761088,0,3,1,0,14578195,3419115137,3439008735,51,51,1770,1568855,3141546,1690272,82947868,83542,620347442,456558813,0
1789567358.2350693,62.887,9058556,641822,0,111,82,122,113007,874614,33327924,17800920,7080,62885420,45504580,64771556,0,6751056,0,3,1,0,14578215,3419365338,3439258996,51,51,1770,1568882,3141601,1687764,82947868,83542,620347442,456558813,0
1789567358.4853609,63.138,9058881,641897,0,111,82,122,113007,874614,33328043,17800920,7080,62885672,45504832,64771556,0,6736428,0,3,1,0,14578239,3419615185,3439508919,51,51,1770,1568889,3141614,1684107,82947869,83542,620347442,456558813,0
1789567358.7356443,63.388,9059206,641972,0,111,82,122,113008,874614,33328148,17800920,7080,62885672,45504832,64771556,0,6726556,0,3,1,0,14578264,3419865378,3439759160,51,51,1770,1568889,3141614,1681639,82947869,83542,620347442,456558813,0
1789567358.9859545,63.638,9059531,642047,0,111,82,122,113008,874614,33328277,17800920,7080,62885684,45504820,64771556,0,6712044,0,3,1,0,14578286,3420115607,3440009441,51,51,1770,1568889,3141615,1678011,82947870,83542,620347442,456558813,0
1789567359.2362416,63.889,9059857,642122,0,111,82,122,113008,874614,33328413,17800920,7080,62887112,45506248,64771556,0,6702580,0,3,1,0,14578321,3420365643,3440259706,51,51,1770,1568925,3141686,1675645,82947872,83542,620347442,456558813,0
1789567359.486528,64.139,9060182,642197,0,111,82,122,113008,874614,33328478,17800920,7080,62887112,45506248,64771556,0,6691920,0,3,1,0,14578352,3420615700,3440509966,51,51,1770,1568925,3141686,1672980,82947873,83542,620347442,456558813,0
1789567359.7368157,64.389,9060507,642272,0,111,82,122,113008,874614,33328533,17800920,7080,62887112,45506248,64771556,0,6683860,0,3,1,0,14578377,3420865778,3440760219,51,51,1770,1568925,3141686,1670965,82947873,83542,620347442,456558813,0
1789567359.9870937,64.639,9060833,642347,0,111,82,122,113008,874614,33328590,17800920,7080,62887112,45506248,64771556,0,6667388,0,3,1,0,14578404,3421115725,3441010468,51,51,1770,1568925,3141686,1666847,82947874,83542,620347442,456558813,0
1789567360.23737,64.89,9061158,642422,0,111,82,122,113008,874614,33328644,17800920,7080,62887112,45506248,64771556,0,6659328,0,3,1,0,14578428,3421365839,3441260718,51,51,1770,1568925,3141686,1664832,82947874,83542,620347442,456558813,0
1789567360.4876523,65.14,9061483,642497,0,111,82,122,113008,874614,33328774,17800920,7080,62888248,45507384,64771556,0,6638700,0,3,1,0,14578464,3421615301,3441510666,51,51,1770,1568953,3141743,1659675,82947876,83542,620347442,456558813,0
1789567360.737991,65.39,9061808,642572,0,111,82,122,113008,874614,33328891,17800920,7080,62888248,45507384,64771556,0,6629272,0,3,1,0,14578497,3421865288,3441760930,51,51,1770,1568953,3141743,1657318,82947878,83542,620347442,456558813,0
1789567360.9882684,65.641,9062134,642647,0,111,82,122,113008,874614,33329062,17800920,7516,62888664,45507800,64771556,0,6614528,0,3,1,0,14578522,3422073698,3441969473,51,51,1879,1568963,3141763,1653632,82947886,83542,620347442,456558813,0
1789567361.2385485,65.891,9062459,642722,0,111,82,122,113008,874614,33329209,17800920,7516,62888984,45508120,64771556,0,6604708,0,3,1,0,14578522,3422323952,3442219727,51,51,1879,1568971,3141779,1651177,82947887,83542,620347442,456558813,0
1789567361.4888172,66.141,9062784,642797,0,111,82,122,113008,874614,33329437,17800668,7616,62894500,45513632,64771556,0,6589980,0,3,1,0,14578534,3422573844,3442469639,51,51,1904,1569109,3142055,1647495,82947887,83542,620347442,456558813,0
1789567361.7391067,66.392,9063109,642872,0,111,82,122,113008,874614,33329552,17800668,8028,62894500,45513632,64771556,0,6582692,0,3,1,0,14578535,3422823987,3442719782,51,51,2007,1569109,3142055,1645673,82947897,83542,620347442,456558813,0
1789567361.989392,66.642,9063434,642947,0,111,82,122,113008,874614,33329601,17800668,8028,62894500,45513632,64771556,0,6570404,0,3,1,0,14578537,3423073907,3442969705,51,51,2007,1569109,3142055,1642601,82947899,83542,620347442,456558813,0
1789567362.2396808,66.892,9063760,643022,0,111,82,122,113008,874614,33329668,17800668,8016,62894240,45513364,64771556,0,6562228,0,3,1,0,14578540,3423324150,3443219980,51,51,2004,1569103,3142042,1640557,82947902,83542,620347442,456558829,0
1789567362.4899797,67.142,9064085,643097,0,111,82,122,113008,874614,33329725,17800668,8100,62894240,45513364,64771556,0,6546112,0,3,1,0,14578540,3423574415,3443470245,51,51,2025,1569103,3142042,1636528,82947902,83542,620347442,456559137,0
1789567362.7402878,67.393,9064409,643174,0,111,82,122,113008,874614,33329986,17800668,4120,62894244,45513364,64771556,0,6532844,0,3,1,0,14578549,3423820578,3443716421,51,51,1030,1569103,3142042,1633211,82947904,83542,620347446,456563461,0
1789567362.9905987,67.643,9064734,643249,0,111,82,122,113009,874614,33330033,17800668,4120,62894244,45513364,64771556,0,6520648,0,3,1,0,14578549,3424070845,3443966687,51,51,1030,1569103,3142042,1630162,82947904,83542,620347446,456563461,0
1789567363.2409108,67.893,9065057,643324,0,111,82,122,113009,874616,33330155,17800668,4120,62894064,45513184,64771556,0,6512424,0,3,1,0,14578554,3424315302,3444211151,51,51,1030,1569098,3142033,1628106,82948750,83542,620347446,456563461,0
1789567363.4912279,68.144,9065377,643398,0,111,82,122,113012,874619,33331121,17800892,7892,62889440,45508256,64771556,0,6503948,0,3,1,0,14578708,3424548032,3444447311,51,51,1973,1568982,3141801,1625987,82954969,83542,620347446,456563461,0
1789567363.7416098,68.394,9065702,643473,0,111,82,122,113012,874619,33331180,17800892,7892,62889440,45508256,64771556,0,6482548,0,3,1,0,14578723,3424797969,3444697277,51,51,1973,1568982,3141801,1620637,82954970,83542,620347446,456563461,0
1789567363.991931,68.644,9066027,643548,0,111,82,122,113013,874619,33331224,17800892,7892,62889440,45508256,64771556,0,6478452,0,3,1,0,14578738,3425048221,3444947565,51,51,1973,1568982,3141801,1619613,82954970,83542,620347446,456563461,0
1789567364.242244,68.895,9066352,643623,0,111,82,122,113013,874619,33331296,17800892,7896,62889616,45508432,64771556,0,6462312,0,3,1,0,14578755,3425298450,3445197858,51,51,1974,1568987,3141810,1615578,82954973,83542,620347446,456563461,0
1789567364.4925513,69.145,9066678,643698,0,111,82,122,113013,874619,33331339,17800892,7896,62890376,45509192,64771556,0,6453940,0,3,1,0,14578765,3425548700,3445448123,51,51,1974,1569006,3141848,1613485,82954973,83542,620347446,456563461,0
1789567364.742848,69.395,9067003,643773,0,111,82,122,113013,874619,33331397,17800892,7896,62890376,45509192,64771556,0,6437532,0,3,1,0,14578779,3425798914,3445698385,51,51,1974,1569006,3141848,1609383,82954975,83542,620347446,456563461,0
1789567364.9931324,69.646,9067328,643848,0,111,82,122,113013,874619,33331444,17800892,7896,62890376,45509192,64771556,0,6428636,0,3,1,0,14578793,3426049121,3445948637,51,51,1974,1569006,3141848,1607159,82954975,83542,620347446,456563461,0
1789567365.2434142,69.896,9067653,643923,0,111,82,122,113013,874619,33331525,17800892,7896,62890976,45509792,64771556,0,6412360,0,3,1,0,14578808,3426299341,3446198900,51,51,1974,1569021,3141878,1603090,82954976,83542,620347446,456563461,0
1789567365.4937117,70.146,9067979,643998,0,111,82,122,113013,874619,33331621,17800892,7896,62895148,45513956,64771556,0,6403804,0,3,1,0,14578828,3426549564,3446449178,51,51,1974,1569125,3142087,1600951,82954977,83542,620347446,456563461,0
1789567365.744011,70.396,9068304,644074,0,111,82,122,113013,874619,33331674,17800892,7896,62895148,45513956,64771556,0,6387420,0,3,1,0,14578840,3426799806,3446699438,51,51,1974,1569125,3142087,1596855,82954978,83542,620347446,456563461,0
1789567365.9942951,70.647,9068629,644149,0,111,82,122,113013,874619,33331723,17800892,7896,62894896,45513704,64771556,0,6370116,0,3,1,0,14578852,3427049705,3446949354,51,51,1974,1569119,3142074,1592529,82954979,83542,620347446,456563461,0
1789567366.244575,70.897,9068954,644224,0,111,82,122,113013,874619,33331827,17800892,7896,62893832,45512640,64771556,0,6361924,0,3,1,0,14578866,3427299956,3447199639,51,51,1974,1569092,3142021,1590481,82954985,83542,620347446,456563461,0
1789567366.494928,71.147,9069279,644299,0,111,82,122,113013,874619,33331891,17800892,7896,62893832,45512640,64771556,0,6353732,0,3,1,0,14578880,3427550248,3447449954,51,51,1974,1569092,3142021,1588433,82954989,83542,620347446,456563461,0
1789567366.7452452,71.398,9069604,644374,0,111,82,122,113013,874619,33331948,17800892,7896,62893832,45512640,64771556,0,6337348,0,3,1,0,14578894,3427800151,3447699897,51,51,1974,1569092,3142021,1584337,82954989,83542,620347446,456563461,0
1789567366.9955487,71.648,9069930,644449,0,111,82,122,113013,874619,33331989,17800892,7896,62893832,45512640,64771556,0,6328236,0,3,1,0,14578904,3428050399,3447950160,51,51,1974,1569092,3142021,1582059,82954991,83542,620347446,456563461,0
1789567367.245832,71.898,9070255,644524,0,111,82,122,113013,874619,33332069,17800892,7896,62894404,45513212,64771556,0,6312004,0,3,1,0,14578922,3428300543,3448200426,51,51,1974,1569106,3142050,1578001,82954991,83542,620347446,456563461,0
1789567367.4961305,72.149,9070580,644599,0,111,82,122,113013,874619,33332114,17800892,7896,62894404,45513212,64771556,0,6303876,0,3,1,0,14578933,3428550791,3448450689,51,51,1974,1569106,3142050,1575969,82954993,83542,620347446,456563461,0
1789567367.7464163,72.399,9070905,644674,0,111,82,122,113013,874619,33332171,17800892,7896,62894404,45513212,64771556,0,6295808,0,3,1,0,14578945,3428801021,3448700950,51,51,1974,1569106,3142050,1573952,82954993,83542,620347446,456563481,0
1789567367.9967124,72.649,9071230,644750,0,111,82,122,113013,874619,33332218,17800892,7896,62894152,45512960,64771556,0,6278572,0,3,1,0,14578955,3429050946,3448950889,51,51,1974,1569100,3142037,1569643,82954994,83542,620347446,456563481,0
1789567368.2470303,72.899,9071556,644825,0,111,82,122,113013,874619,33332279,17800892,7896,62894428,45513228,64771556,0,6270408,0,3,1,0,14578967,3429301186,3449201163,51,51,1974,1569107,3142051,1567602,82954995,83542,620347446,456563481,0
1789567368.497316,73.15,9071881,644900,0,111,82,122,113013,874619,33332334,17800892,7896,62894428,45513228,64771556,0,6253840,0,3,1,0,14578976,3429551091,3449451083,51,51,1974,1569107,3142051,1563460,82954996,83542,620347446,456563481,0
1789567368.7475944,73.4,9072206,644975,0,111,82,122,113013,874619,33332383,17800892,7896,62894428,45513228,64771556,0,6245764,0,3,1,0,14578989,3429801317,3449701338,51,51,1974,1569107,3142051,1561441,82954996,83542,620347446,456563481,0
1789567368.997896,73.65,9072531,645050,0,111,82,122,113014,874619,33332438,17800892,7896,62894428,45513228,64771556,0,6228524,0,3,1,0,14578999,3430050909,3449950945,51,51,1974,1569107,3142051,1557131,82954998,83542,620347446,456563481,0
1789567369.2481747,73.901,9072856,645125,0,111,82,122,113014,874619,33332505,17800892,7896,62894428,45513228,64771556,0,6220636,0,3,1,0,14579015,3430301129,3450201203,51,51,1974,1569107,3142051,1555159,82954998,83542,620347446,456563481,0
1789567369.4984689,74.151,9073181,645200,0,111,82,122,113014,874619,33332608,17800892,7896,62898628,45517428,64771556,0,6203516,0,3,1,0,14579031,3430551042,3450451140,51,51,1974,1569212,3142261,1550879,82955000,83542,620347446,456563481,0
1789567369.7487552,74.401,9073507,645275,0,111,82,122,113014,874619,33332657,17800892,7896,62898376,45517176,64771556,0,6195324,0,3,1,0,14579043,3430800958,3450701074,51,51,1974,1569205,3142248,1548831,82955000,83542,620347446,456563481,0
1789567369.9990473,74.651,9073832,645351,0,111,82,122,113014,874619,33332711,17800892,7896,62898376,45517176,64771556,0,6182116,0,3,1,0,14579055,3431050845,3450950991,51,51,1974,1569205,3142248,1545529,82955001,83542,620347446,456563481,0
1789567370.2493253,74.902,9074157,645426,0,111,82,122,113014,874619,33332783,17800892,7896,62898600,45517400,64771556,0,6169828,0,3,1,0,14579077,3431301029,3451201247,51,51,1974,1569211,3142259,1542457,82955002,83542,620347446,456563481,0
1789567370.499609,75.152,9074482,645501,0,111,82,122,113014,874619,33332822,17800892,7896,62898600,45517400,64771556,0,6161636,0,3,1,0,14579089,3431551259,3451451504,51,51,1974,1569211,3142259,1540409,82955003,83542,620347446,456563481,0
1789567370.7499185,75.402,9074807,645576,0,111,82,122,113014,874619,33332881,17800892,7896,62898600,45517400,64771556,0,6145252,0,3,1,0,14579102,3431801191,3451701454,51,51,1974,1569211,3142259,1536313,82955004,83542,620347446,456563481,0
1789567371.0002022,75.653,9075133,645651,0,111,82,122,113014,874619,33332924,17800892,7896,62898600,45517400,64771556,0,6132044,0,3,1,0,14579112,3432051432,3451951711,51,51,1974,1569211,3142259,1533011,82955004,83542,620347446,456563481,0
1789567371.2504852,75.903,9075458,645726,0,111,82,122,113014,874619,33333003,17800892,7896,62898600,45517400,64771556,0,6119828,0,3,1,0,14579129,3432301652,3452201966,51,51,1974,1569211,3142259,1529957,82955005,83542,620347446,456563481,0
1789567371.500778,76.153,9075781,645802,0,111,82,122,113015,874620,33333539,17801300,7940,62897244,45515640,64771556,0,6111564,0,3,1,0,14579293,3432544669,3452446385,51,51,1985,1569177,3142192,1527891,82955823,83553,620348158,456563481,0
1789567371.7511568,76.404,9076106,645877,0,111,82,122,113015,874620,33333680,17801300,8008,62897244,45515640,64771556,0,6095180,0,3,1,0,14579314,3432794870,3452696669,51,51,2002,1569177,3142192,1523795,82955829,83553,620348162,456563481,0
1789567372.0014567,76.654,9076431,645952,0,111,82,122,113015,874620,33333729,17801300,8008,62897244,45515640,64771556,0,6077876,0,3,1,0,14579327,3433045110,3452946934,51,51,2002,1569177,3142192,1519469,82955829,83553,620348162,456563481,0
1789567372.2517629,76.904,9076756,646027,0,111,82,122,113015,874620,33333784,17801300,8008,62897244,45515640,64771556,0,6069684,0,3,1,0,14579340,3433295375,3453197216,51,51,2002,1569177,3142192,1517421,82955831,83553,620348162,456563481,0
1789567372.5020635,77.154,9077081,646102,0,111,82,122,113015,874620,33333841,17801300,7484,62897244,45515640,64771556,0,6053300,0,3,1,0,14579351,3433545280,3453447138,51,51,1871,1569177,3142192,1513325,82955831,83553,620348162,456563981,0
1789567372.7523508,77.405,9077407,646177,0,111,82,122,113015,874620,33333897,17801300,7484,62897244,45515640,64771556,0,6045108,0,3,1,0,14579364,3433795193,3453697069,51,51,1871,1569177,3142192,1511277,82955833,83553,620348162,456563981,0
1789567373.0026443,77.655,9077732,646252,0,111,82,122,113015,874620,33333948,17801288,7484,62897244,45515640,64771556,0,6031900,0,3,1,0,14579375,3434045448,3453947341,51,51,1871,1569177,3142192,1507975,82955834,83553,620348162,456564025,0
1789567373.252966,77.905,9078057,646327,0,111,82,122,113015,874620,33334031,17801288,7484,62897244,45515640,64771556,0,6019724,0,3,1,0,14579395,3434295656,3454197606,51,51,1871,1569177,3142192,1504931,82955835,83553,620348162,456564025,0
1789567373.5032592,78.156,9078382,646402,0,111,82,122,113015,874620,33334194,17801608,6412,62899420,45517512,64771556,0,6012528,0,3,1,0,14579420,3434545572,3454447883,51,51,1603,1569232,3142300,1503132,82955847,83553,620348162,456565133,0
1789567373.7535684,78.406,9078707,646478,0,111,82,122,113015,874620,33334262,17801608,6412,62899420,45517512,64771556,0,5996144,0,3,1,0,14579435,3434795483,3454697816,51,51,1603,1569232,3142300,1499036,82955848,83553,620348162,456565133,0
1789567374.0038536,78.656,9079032,646553,0,111,82,122,113015,874620,33334306,17801608,6412,62899420,45517512,64771556,0,5982936,0,3,1,0,14579445,3435045715,3454948063,51,51,1603,1569232,3142300,1495734,82955848,83553,620348162,456565133,0
1789567374.2541294,78.907,9079358,646628,0,111,82,122,113015,874620,33334364,17801608,6412,62899420,45517512,64771556,0,5978840,0,3,1,0,14579457,3435295959,3455198325,51,51,1603,1569232,3142300,1494710,82955849,83553,620348162,456565133,0
1789567374.5044243,79.157,9079683,646703,0,111,82,122,113015,874620,33334415,17801608,6412,62899420,45517512,64771556,0,5962456,0,3,1,0,14579470,3435546167,3455448580,51,51,1603,1569232,3142300,1490614,82955851,83553,620348162,456565133,0
1789567374.7546992,79.407,9080008,646778,0,111,82,122,113015,874620,33334466,17801608,6412,62899420,45517512,64771556,0,5954264,0,3,1,0,14579483,3435796415,3455698852,51,51,1603,1569232,3142300,1488566,82955852,83553,620348162,456565133,0
1789567375.0049977,79.657,9080333,646853,0,111,82,122,113015,874620,33334521,17801608,6412,62899152,45517244,64771556,0,5937880,0,3,1,0,14579495,3436046601,3455949099,51,51,1603,1569225,3142287,1484470,82955854,83553,620348162,456565133,0
1789567375.2552722,79.908,9080658,646928,0,111,82,122,113015,874620,33334599,17801608,6412,62899400,45517492,64771556,0,5928768,0,3,1,0,14579510,3436296845,3456199364,51,51,1603,1569231,3142299,1482192,82955855,83553,620348162,456565133,0
1789567375.5055673,80.158,9080984,647003,0,111,82,122,113015,874620,33334642,17801608,6412,62899400,45517492,64771556,0,5912564,0,3,1,0,14579521,3436547088,3456449623,51,51,1603,1569231,3142299,1478141,82955856,83553,620348162,456565133,0
1789567375.7558498,80.408,9081309,647078,0,111,82,122,113015,874620,33334689,17801608,6412,62899400,45517492,64771556,0,5904192,0,3,1,0,14579536,3436797296,3456699875,51,51,1603,1569231,3142299,1476048,82955857,83553,620348162,456565133,0
1789567376.00613,80.659,9081634,647153,0,111,82,122,113015,874620,33334736,17801608,6412,62899144,45517224,64771556,0,5888188,0,3,1,0,14579548,3437047571,3456950190,51,51,1603,1569225,3142287,1472047,82955859,83553,620348162,456565133,0
1789567376.256511,80.909,9081959,647228,0,111,82,122,113015,874620,33334792,17801608,6412,62899144,45517224,64771556,0,5878804,0,3,1,0,14579561,3437297860,3457200497,51,51,1603,1569225,3142287,1469701,82955859,83553,620348162,456565133,0
1789567376.5068352,81.159,9082285,647303,0,111,82,122,113015,874621,33334858,17801608,6412,62899392,45517472,64771556,0,5862352,0,3,1,0,14579573,3437547774,3457450437,51,51,1603,1569231,3142299,1465588,82955862,83553,620348162,456565133,0
1789567376.7571294,81.41,9082610,647379,0,111,82,122,113015,874621,33334909,17801608,6412,62899392,45517472,64771556,0,5854260,0,3,1,0,14579586,3437797683,3457700364,51,51,1603,1569231,3142299,1463565,82955862,83553,620348162,456565133,0
1789567377.0074182,81.66,9082935,647454,0,111,82,122,113015,874621,33334964,17801608,6412,62899392,45517472,64771556,0,5837772,0,3,1,0,14579596,3438047599,3457950295,51,51,1603,1569231,3142299,1459443,82955863,83553,620348162,456565133,0
1789567377.2577162,81.91,9083260,647529,0,111,82,122,113015,874621,33335037,17801608,6412,62899392,45517472,64771556,0,5828880,0,3,1,0,14579619,3438297719,3458200578,51,51,1603,1569231,3142299,1457220,82955865,83553,620348162,456565133,0
1789567377.5080225,82.16,9083585,647604,0,111,82,122,113015,874621,33335145,17801608,6412,62901420,45519500,64771556,0,5812240,0,3,1,0,14579634,3438547288,3458450170,51,51,1603,1569281,3142400,1453060,82955866,83553,620348162,456565133,0
1789567377.7583044,82.411,9083910,647679,0,111,82,122,113015,874621,33335201,17801608,6412,62901420,45519500,64771556,0,5804092,0,3,1,0,14579647,3438797519,3458700419,51,51,1603,1569281,3142400,1451023,82955866,83553,620348162,456565133,0
1789567378.008581,82.661,9084235,647754,0,111,82,122,113015,874621,33335252,17801608,6416,62901420,45519500,64771556,0,5787804,0,3,1,0,14579659,3439047735,3458950667,51,51,1604,1569281,3142400,1446951,82955867,83553,620348162,456565157,0
1789567378.258855,82.911,9084561,647829,0,111,82,122,113015,874621,33335309,17801608,6416,62901420,45519500,64771556,0,5778928,0,3,1,0,14579672,3439297963,3459200913,51,51,1604,1569281,3142400,1444732,82955867,83553,620348162,456565157,0
1789567378.5091414,83.162,9084886,647904,0,111,82,122,113015,874621,33335359,17801608,6416,62901420,45519500,64771556,0,5770404,0,3,1,0,14579685,3439548209,3459451179,51,51,1604,1569281,3142400,1442601,82955870,83553,620348162,456565157,0
1789567378.7594264,83.412,9085211,647979,0,111,82,122,113015,874621,33335419,17801608,6012,62901420,45519500,64771556,0,5754768,0,3,1,0,14579698,3439798109,3459701098,51,51,1503,1569281,3142400,1438692,82955870,83553,620348162,456565869,0
1789567379.0097039,83.662,9085536,648055,0,111,82,122,113015,874621,33335472,17801608,6012,62901420,45519500,64771556,0,5738412,0,3,1,0,14579709,3440048028,3459951033,51,51,1503,1569281,3142400,1434603,82955871,83553,620348162,456565869,0
1789567379.2599957,83.912,9085861,648130,0,111,82,122,113015,874621,33335547,17801608,6012,62901420,45519500,64771556,0,5729448,0,3,1,0,14579723,3440298258,3460201283,51,51,1503,1569281,3142400,1432362,82955871,83553,620348162,456565869,0
1789567379.5102737,84.163,9086187,648205,0,111,82,122,113015,874621,33335592,17801608,6012,62901420,45519500,64771556,0,5721260,0,3,1,0,14579734,3440548493,3460451534,51,51,1503,1569281,3142400,1430315,82955872,83553,620348162,456565869,0
1789567379.7605567,84.413,9086512,648280,0,111,82,122,113015,874621,33335677,17801608,6012,62903068,45521148,64771556,0,5704736,0,3,1,0,14579747,3440798384,3460701455,51,51,1503,1569323,3142483,1426184,82955873,83553,620348162,456565869,0
1789567380.0108342,84.663,9086837,648355,0,111,82,122,113016,874621,33335721,17801608,6012,62903068,45521148,64771556,0,5696432,0,3,1,0,14579759,3441048608,3460951704,51,51,1503,1569323,3142483,1424108,82955875,83553,620348162,456565869,0
1789567380.2611103,84.914,9087162,648430,0,111,82,122,113016,874621,33335788,17801608,6012,62903068,45521148,64771556,0,5679376,0,3,1,0,14579773,3441298830,3461201959,51,51,1503,1569323,3142483,1419844,82955875,83553,620348162,456565869,0
1789567380.511391,85.164,9087487,648505,0,111,82,122,113016,874621,33335829,17801608,6012,62903068,45521148,64771556,0,5671020,0,3,1,0,14579785,3441549047,3461452207,51,51,1503,1569323,3142483,1417755,82955875,83553,620348162,456565869,0
1789567380.7616663,85.414,9087812,648580,0,111,82,122,113016,874621,33335888,17801608,6012,62903068,45521148,64771556,0,5654696,0,3,1,0,14579799,3441798941,3461702121,51,51,1503,1569323,3142483,1413674,82955876,83553,620348162,456565869,0
1789567381.011964,85.664,9088138,648655,0,111,82,122,113016,874621,33335929,17801608,6012,62903068,45521148,64771556,0,5646740,0,3,1,0,14579811,3442049173,3461952380,51,51,1503,1569323,3142483,1411685,82955877,83553,620348162,456565869,0
1789567381.2622437,85.915,9088463,648731,0,111,82,122,113016,874621,33336001,17801608,6012,62904540,45522620,64771556,0,5633508,0,3,1,0,14579823,3442299410,3462202634,51,51,1503,1569359,3142556,1408377,82955878,83553,620348162,456565869,0
1789567381.5125248,86.165,9088788,648806,0,111,82,122,113016,874621,33336096,17801608,5704,62904324,45522396,64771556,0,5620856,0,3,1,0,14579838,3442549307,3462452553,51,51,1426,1569354,3142545,1405214,82955879,83553,620348162,456565869,0
1789567381.7628179,86.415,9089113,648881,0,111,82,122,113016,874621,33336145,17801608,5704,62904324,45522396,64771556,0,5612664,0,3,1,0,14579851,3442799552,3462702817,51,51,1426,1569354,3142545,1403166,82955880,83553,620348162,456565869,0
1789567382.0131037,86.666,9089438,648956,0,111,82,122,113016,874621,33336194,17801608,5704,62904324,45522396,64771556,0,5596672,0,3,1,0,14579863,3443049472,3462952755,51,51,1426,1569354,3142545,1399168,82955881,83553,620348162,456565869,0
1789567382.2634034,86.916,9089764,649031,0,111,82,122,113016,874621,33336253,17801608,5704,62904324,45522396,64771556,0,5583416,0,3,1,0,14579879,3443299682,3463203010,51,51,1426,1569354,3142545,1395854,82955882,83553,620348162,456565869,0
1789567382.513691,87.166,9090089,649106,0,111,82,122,113016,874621,33336304,17801608,5704,62904324,45522396,64771556,0,5570908,0,3,1,0,14579891,3443549913,3463453283,51,51,1426,1569354,3142545,1392727,82955883,83553,620348162,456565869,0
1789567382.7639964,87.416,9090414,649181,0,111,82,122,113016,874621,33336355,17801608,5704,62904324,45522396,64771556,0,5562748,0,3,1,0,14579904,3443800155,3463703543,51,51,1426,1569354,3142545,1390687,82955885,83553,620348162,456565869,0
1789567383.0142684,87.667,9090739,649256,0,111,82,122,113016,874621,33336406,17801608,5704,62904324,45522396,64771556,0,5546364,0,3,1,0,14579916,3444050043,3463953457,51,51,1426,1569354,3142545,1386591,82955885,83553,620348162,456565869,0
1789567383.2645457,87.917,9091064,649331,0,111,82,122,113016,874621,33336477,17801600,5704,62904324,45522396,64771556,0,5533308,0,3,1,0,14579929,3444300290,3464203726,51,51,1426,1569354,3142545,1383327,82955886,83553,620348162,456565889,0
1789567383.514859,88.167,9091389,649406,0,111,82,122,113016,874621,33336554,17801600,5704,62904324,45522396,64771556,0,5520908,0,3,1,0,14579943,3444550462,3464454044,51,51,1426,1569354,3142545,1380227,82955893,83553,620348162,456565889,0
1789567383.7652152,88.418,9091715,649482,0,111,82,122,113016,874621,33336612,17801600,5704,62904324,45522396,64771556,0,5512736,0,3,1,0,14579955,3444800726,3464704326,51,51,1426,1569354,3142545,1378184,82955895,83553,620348162,456565889,0
1789567384.0155032,88.668,9092040,649557,0,111,82,122,113016,874621,33336657,17801600,5704,62904324,45522396,64771556,0,5496400,0,3,1,0,14579968,3445050953,3464954581,51,51,1426,1569354,3142545,1374100,82955895,83553,620348162,456565889,0
1789567384.26578,88.918,9092365,649632,0,111,82,122,113017,874621,33336718,17801600,5704,62904324,45522396,64771556,0,5488496,0,3,1,0,14579983,3445300859,3465204517,51,51,1426,1569354,3142545,1372124,82955897,83553,620348162,456565889,0
1789567384.5160792,89.168,9092690,649707,0,111,82,122,113017,874621,33336763,17801600,5704,62904324,45522396,64771556,0,5479304,0,3,1,0,14579996,3445551078,3465454766,51,51,1426,1569354,3142545,1369826,82955897,83553,620348162,456565889,0
1789567384.7663617,89.419,9093015,649782,0,111,82,122,113017,874621,33336817,17801600,5704,62904324,45522396,64771556,0,5462764,0,3,1,0,14580008,3445801324,3465705030,51,51,1426,1569354,3142545,1365691,82955898,83553,620348162,456565889,0
1789567385.0166464,89.669,9093341,649857,0,111,82,122,113017,874621,33336867,17801600,5704,62904324,45522396,64771556,0,5454612,0,3,1,0,14580020,3446051231,3465954953,51,51,1426,1569354,3142545,1363653,82955899,83553,620348162,456565889,0
1789567385.2669442,89.919,9093666,649932,0,111,82,122,113017,874621,33336930,17801600,5704,62904324,45522396,64771556,0,5438424,0,3,1,0,14580037,3446301466,3466205231,51,51,1426,1569354,3142545,1359606,82955899,83553,620348162,456565889,0
1789567385.5172424,90.17,9093991,650007,0,111,82,122,113017,874621,33337046,17801608,5712,62905560,45523632,64771556,0,5420568,0,3,1,0,14580054,3446551704,3466455494,51,51,1428,1569385,3142607,1355142,82955906,83553,620348162,456565889,0
1789567385.7675264,90.42,9094316,650082,0,111,82,122,113017,874621,33337107,17801608,5712,62905560,45523632,64771556,0,5412376,0,3,1,0,14580065,3446801939,3466705746,51,51,1428,1569385,3142607,1353094,82955906,83553,620348162,456565889,0
1789567386.0178182,90.67,9094641,650157,0,111,82,122,113017,874621,33337154,17801608,5712,62905560,45523632,64771556,0,5404184,0,3,1,0,14580076,3447051848,3466955670,51,51,1428,1569385,3142607,1351046,82955908,83553,620348162,456565889,0
1789567386.2680924,90.92,9094966,650232,0,111,82,122,113017,874621,33337212,17801608,5712,62905560,45523632,64771556,0,5387800,0,3,1,0,14580092,3447302051,3467205923,51,51,1428,1569385,3142607,1346950,82955908,83553,620348162,456565889,0
1789567386.5183764,91.171,9095292,650308,0,111,82,122,113017,874621,33337269,17801608,5712,62905560,45523632,64771556,0,5378688,0,3,1,0,14580107,3447552202,3467456175,51,51,1428,1569385,3142607,1344672,82955911,83553,620348162,456565889,0
1789567386.7686534,91.421,9095617,650383,0,111,82,122,113017,874621,33337325,17801608,5712,62905560,45523632,64771556,0,5362304,0,3,1,0,14580120,3447802436,3467706429,51,51,1428,1569385,3142607,1340576,82955911,83553,620348162,456565889,0
1789567387.0189545,91.671,9095942,650458,0,111,82,122,113017,874621,33337370,17801608,5712,62905560,45523632,64771556,0,5354112,0,3,1,0,14580132,3448052656,3467956682,51,51,1428,1569385,3142607,1338528,82955913,83553,620348162,456565889,0
1789567387.269234,91.922,9096267,650533,0,111,82,122,113017,874621,33337446,17801608,5712,62905560,45523632,64771556,0,5337744,0,3,1,0,14580150,3448302799,3468206931,51,51,1428,1569385,3142607,1334436,82955913,83553,620348162,456565889,0
1789567387.5195117,92.172,9096592,650608,0,111,82,122,113017,874621,33337492,17801608,5712,62905560,45523632,64771556,0,5328872,0,3,1,0,14580161,3448553036,3468457184,51,51,1428,1569385,3142607,1332218,82955915,83553,620348162,456565889,0
1789567387.7697861,92.422,9096918,650683,0,111,82,122,113017,874621,33337547,17801608,5712,62905560,45523632,64771556,0,5320500,0,3,1,0,14580175,3448803265,3468707447,51,51,1428,1569385,3142607,1330125,82955915,83553,620348162,456565917,0
1789567388.0200753,92.672,9097243,650758,0,111,82,122,113017,874621,33337600,17801608,5712,62905560,45523632,64771556,0,5304244,0,3,1,0,14580185,3449053169,3468957367,51,51,1428,1569385,3142607,1326061,82955917,83553,620348162,456565917,0
1789567388.270358,92.923,9097568,650833,0,111,82,122,113017,874621,33337651,17801608,5712,62905560,45523632,64771556,0,5295964,0,3,1,0,14580198,3449303398,3469207614,51,51,1428,1569385,3142607,1323991,82955918,83553,620348162,456565917,0
1789567388.5206287,93.173,9097893,650908,0,111,82,122,113017,874621,33337708,17801600,5712,62905560,45523632,64771556,0,5278572,0,3,1,0,14580209,3449552957,3469457200,51,51,1428,1569385,3142607,1319643,82955919,83553,620348162,456565937,0
1789567388.770929,93.423,9098218,650983,0,111,82,122,113017,874621,33337762,17801600,5712,62905560,45523632,64771556,0,5270488,0,3,1,0,14580222,3449803199,3469707472,51,51,1428,1569385,3142607,1317622,82955920,83553,620348162,456565937,0
1789567389.0212016,93.674,9098543,651058,0,111,82,122,113017,874621,33337809,17801600,5308,62905560,45523632,64771556,0,5254872,0,3,1,0,14580232,3450053430,3469957719,51,51,1327,1569385,3142607,1313718,82955920,83553,620348162,456566433,0
1789567389.2714744,93.924,9098869,651134,0,111,82,122,113017,874621,33337874,17801600,5308,62905560,45523632,64771556,0,5246316,0,3,1,0,14580248,3450303654,3470207967,51,51,1327,1569385,3142607,1311579,82955921,83553,620348162,456566433,0
1789567389.5217535,94.174,9099194,651209,0,111,82,122,113017,874622,33337972,17801608,5168,62906916,45524988,64771556,0,5228968,0,3,1,0,14580264,3450553575,3470457912,51,51,1292,1569419,3142675,1307242,82955921,83553,620348162,456566433,0
1789567389.7720592,94.424,9099519,651284,0,111,82,122,113017,874622,33338030,17801608,5168,62906916,45524988,64771556,0,5220776,0,3,1,0,14580277,3450803808,3470708163,51,51,1292,1569419,3142675,1305194,82955923,83553,620348162,456566433,0
1789567390.0223408,94.675,9099844,651359,0,111,82,122,113017,874622,33338075,17801608,5168,62906916,45524988,64771556,0,5204392,0,3,1,0,14580290,3451054028,3470958417,51,51,1292,1569419,3142675,1301098,82955924,83553,620348162,456566433,0
1789567390.2726197,94.925,9100169,651434,0,111,82,122,113017,874622,33338132,17801608,5168,62906916,45524988,64771556,0,5196200,0,3,1,0,14580302,3451303927,3471208334,51,51,1292,1569419,3142675,1299050,82955925,83553,620348162,456566433,0
1789567390.52291,95.175,9100495,651509,0,111,82,122,113017,874622,33338179,17801608,5168,62906916,45524988,64771556,0,5178896,0,3,1,0,14580315,3451554144,3471458596,51,51,1292,1569419,3142675,1294724,82955925,83553,620348162,456566433,0
1789567390.7731843,95.426,9100820,651584,0,111,82,122,113017,874622,33338233,17801608,5168,62906916,45524988,64771556,0,5170704,0,3,1,0,14580327,3451804370,3471708839,51,51,1292,1569419,3142675,1292676,82955926,83553,620348162,456566433,0
1789567391.023455,95.676,9101145,651659,0,111,82,122,113017,874622,33338283,17801608,5168,62906916,45524988,64771556,0,5154320,0,3,1,0,14580340,3452054588,3471959088,51,51,1292,1569419,3142675,1288580,82955927,83553,620348162,456566433,0
1789567391.2737424,95.926,9101470,651734,0,111,82,122,113017,874622,33338356,17801608,5168,62906916,45524988,64771556,0,5137968,0,3,1,0,14580355,3452304513,3472209034,51,51,1292,1569419,3142675,1284492,82955929,83553,620348162,456566433,0
1789567391.524036,96.176,9101795,651809,0,111,82,122,113017,874622,33338399,17801608,5168,62906916,45524988,64771556,0,5133072,0,3,1,0,14580368,3452554738,3472459279,51,51,1292,1569419,3142675,1283268,82955929,83553,620348162,456566433,0
1789567391.7743075,96.427,9102121,651884,0,111,82,122,113017,874622,33338452,17801608,5168,62906916,45524988,64771556,0,5120980,0,3,1,0,14580382,3452804978,3472709538,51,51,1292,1569419,3142675,1280245,82955930,83553,620348162,456566433,0
1789567392.0245948,96.677,9102446,651960,0,111,82,122,113018,874622,33338504,17801608,5168,62906916,45524988,64771556,0,5104980,0,3,1,0,14580394,3453054862,3472959452,51,51,1292,1569419,3142675,1276245,82955930,83553,620348162,456566433,0
1789567392.274881,96.927,9102771,652035,0,111,82,122,113018,874622,33338556,17801608,5168,62906916,45524988,64771556,0,5096788,0,3,1,0,14580408,3453305094,3473209717,51,51,1292,1569419,3142675,1274197,82955931,83553,620348162,456566433,0
1789567392.5251684,97.178,9103096,652110,0,111,82,122,113018,874622,33338611,17801608,5168,62906916,45524988,64771556,0,5079484,0,3,1,0,14580419,3453554996,3473459635,51,51,1292,1569419,3142675,1269871,82955933,83553,620348162,456566433,0
1789567392.7754376,97.428,9103421,652185,0,111,82,122,113018,874622,33338660,17801608,5168,62906916,45524988,64771556,0,5071316,0,3,1,0,14580431,3453805226,3473709883,51,51,1292,1569419,3142675,1267829,82955934,83553,620348162,456566433,0
1789567393.025713,97.678,9103746,652260,0,111,82,122,113018,874622,33338725,17801600,5168,62906916,45524988,64771556,0,5054576,0,3,1,0,14580442,3454054479,3473959164,51,51,1292,1569419,3142675,1263644,82955935,83553,620348162,456566505,0
1789567393.2760127,97.928,9104072,652335,0,111,82,122,113018,874622,33338800,17801600,5168,62906916,45524988,64771556,0,5046472,0,3,1,0,14580462,3454304643,3474209418,51,51,1292,1569419,3142675,1261618,82955935,83553,620348162,456566505,0
1789567393.5263078,98.179,9104397,652410,0,111,82,122,113018,874622,33338936,17801596,5208,62907124,45525196,64771556,0,5032776,0,3,1,0,14580484,3454554143,3474459721,51,51,1302,1569424,3142685,1258194,82955950,83553,620348162,456566549,0
1789567393.77664,98.429,9104722,652485,0,111,82,122,113018,874622,33338993,17801596,5208,62907124,45525196,64771556,0,5020488,0,3,1,0,14580500,3454804368,3474709994,51,51,1302,1569424,3142685,1255122,82955951,83553,620348162,456566549,0
1789567394.0269635,98.679,9105046,652561,0,111,82,122,113018,874623,33339182,17801596,196,62907124,45525196,64771556,0,5013168,0,3,2,0,14580520,3455049958,3474955637,51,51,49,1569424,3142685,1253292,82956348,83553,620348162,456571625,0
1789567394.2773273,98.93,9105361,652635,0,111,82,122,113019,874632,33339623,17801604,2592,62891328,45509392,64771556,0,4996784,0,3,2,0,14580709,3455268906,3475179674,51,51,648,1569030,3141896,1249196,82962561,83553,620348162,456571625,0
1789567394.5277033,99.18,9105668,652709,0,111,82,122,113023,874648,33340295,17801600,3520,62871676,45489716,64771556,0,4983576,0,3,1,0,14580789,3455467686,3475381860,51,51,880,1568538,3140912,1245894,82971697,83553,620348162,456571629,0
1789567394.7780871,99.43,9105993,652784,0,111,82,122,113024,874648,33340408,17801600,3876,62871676,45489716,64771556,0,4971392,0,3,1,0,14580811,3455717924,3475632149,51,51,969,1568538,3140912,1242848,82971697,83553,620348162,456571629,0
1789567395.0283983,99.681,9106318,652859,0,111,82,122,113024,874648,33340457,17801600,3876,62872308,45490348,64771556,0,4963096,0,3,1,0,14580825,3455967837,3475882086,51,51,969,1568554,3140944,1240774,82971698,83553,620348162,456571629,0
1789567395.278701,99.931,9106644,652934,0,111,82,122,113024,874648,33340526,17801600,3876,62876920,45494960,64771556,0,4955040,0,3,1,0,14580838,3456218100,3476132369,51,51,969,1568669,3141174,1238760,82971700,83553,620348162,456571629,0
1789567395.5290082,100.181,9106969,653009,0,111,82,122,113024,874648,33340574,17801600,3876,62876920,45494960,64771556,0,4933888,0,3,1,0,14580849,3456468352,3476382635,51,51,969,1568669,3141174,1233472,82971701,83553,620348162,456571629,0
1789567395.7792993,100.432,9107294,653084,0,111,82,122,113024,874648,33340621,17801600,3876,62876920,45494960,64771556,0,4929664,0,3,1,0,14580864,3456718583,3476632899,51,51,969,1568669,3141174,1232416,82971702,83553,620348162,456571629,0
1789567396.0295892,100.682,9107619,653159,0,111,82,122,113024,874648,33340681,17801600,3876,62877852,45495892,64771556,0,4913160,0,3,1,0,14580904,3456968468,3476882828,51,51,969,1568693,3141221,1228290,82971703,83553,620348162,456571629,0
1789567396.27989,100.932,9107944,653234,0,111,82,122,113024,874648,33340742,17801600,3876,62882072,45500112,64771556,0,4904952,0,3,1,0,14580921,3457218699,3477133097,51,51,969,1568798,3141432,1226238,82971703,83553,620348162,456571629,0
1789567396.5301826,101.183,9108270,653309,0,111,82,122,113024,874648,33340816,17801600,3876,62882072,45500112,64771556,0,4888824,0,3,1,0,14580934,3457468425,3477383054,51,51,969,1568798,3141432,1222206,82971707,83553,620348162,456571629,0
1789567396.7805028,101.433,9108595,653384,0,111,82,122,113024,874648,33340867,17801600,3876,62882072,45500112,64771556,0,4879640,0,3,1,0,14580948,3457718674,3477633322,51,51,969,1568798,3141432,1219910,82971708,83553,620348162,456571629,0
1789567397.0307927,101.683,9108920,653460,0,111,82,122,113024,874648,33340918,17801600,3876,62882072,45500112,64771556,0,4862968,0,3,1,0,14580960,3457968909,3477883591,51,51,969,1568798,3141432,1215742,82971709,83553,620348162,456571629,0
1789567397.281087,101.933,9109245,653535,0,111,82,122,113024,874648,33341002,17801600,3876,62885764,45503804,64771556,0,4846920,0,3,1,0,14580979,3458218693,3478133514,51,51,969,1568890,3141617,1211730,82971709,83553,620348162,456571629,0
1789567397.5313706,102.184,9109570,653610,0,111,82,122,113024,874648,33341109,17801608,3836,62886892,45504928,64771556,0,4838432,0,3,1,0,14580997,3458468908,3478383773,51,51,959,1568918,3141673,1209608,82971709,83553,620348162,456571629,0
1789567397.7816675,102.434,9109895,653685,0,111,82,122,113024,874648,33341163,17801608,3836,62886892,45504928,64771556,0,4829320,0,3,1,0,14581012,3458719160,3478634048,51,51,959,1568918,3141673,1207330,82971711,83553,620348162,456571629,0
1789567398.0319848,102.684,9110221,653760,0,111,82,122,113024,874648,33341216,17801608,3836,62886892,45504928,64771556,0,4812936,0,3,1,0,14581024,3458969416,3478884319,51,51,959,1568918,3141673,1203234,82971712,83553,620348162,456571629,0
1789567398.282275,102.935,9110546,653835,0,111,82,122,113024,874648,33341271,17801608,3836,62889900,45507936,64771556,0,4804744,0,3,1,0,14581037,3459219647,3479134579,51,51,959,1568993,3141823,1201186,82971713,83553,620348162,456571629,0
1789567398.5325587,103.185,9110871,653910,0,111,82,122,113024,874648,33341323,17801608,3836,62889900,45507936,64771556,0,4796552,0,3,1,0,14581048,3459469865,3479384838,51,51,959,1568993,3141823,1199138,82971713,83553,620348162,456571629,0
1789567398.7828848,103.435,9111196,653985,0,111,82,122,113024,874648,33341386,17801608,3860,62889668,45507668,64771556,0,4779248,0,3,1,0,14581062,3459720120,3479635123,51,51,965,1568988,3141812,1194812,82971714,83553,620348162,456571689,0
1789567399.0331903,103.686,9111522,654060,0,111,82,122,113024,874648,33341449,17801608,3860,62892752,45510752,64771556,0,4762864,0,3,1,0,14581074,3459970039,3479885059,51,51,965,1569064,3141966,1190716,82971715,83553,620348162,456571689,0
1789567399.283476,103.936,9111847,654135,0,111,82,122,113024,874648,33341504,17801608,3860,62892752,45510752,64771556,0,4754732,0,3,1,0,14581084,3460220289,3480135321,51,51,965,1569064,3141966,1188683,82971716,83553,620348162,456571689,0
1789567399.5337644,104.186,9112172,654211,0,111,82,122,113024,874648,33341551,17801608,3860,62892752,45510752,64771556,0,4746840,0,3,1,0,14581096,3460470206,3480385253,51,51,965,1569064,3141966,1186710,82971717,83553,620348162,456571689,0
1789567399.7840564,104.436,9112497,654286,0,111,82,122,113024,874648,33341607,17801608,3860,62892752,45510752,64771556,0,4729644,0,3,1,0,14581107,3460720445,3480635507,51,51,965,1569064,3141966,1182411,82971718,83553,620348162,456571689,0
1789567400.0343351,104.687,9112822,654361,0,111,82,122,113024,874648,33341654,17801608,3860,62892752,45510752,64771556,0,4721536,0,3,1,0,14581120,3460970666,3480885761,51,51,965,1569064,3141966,1180384,82971718,83553,620348162,456571689,0
1789567400.284625,104.937,9113148,654436,0,111,82,122,113024,874648,33341726,17801608,3860,62895028,45513028,64771556,0,4705024,0,3,2,0,14581130,3461220596,3481135704,51,51,965,1569121,3142080,1176256,82971720,83553,620348162,456571689,0
1789567400.5349383,105.187,9113473,654511,0,111,82,122,113024,874648,33341776,17801608,3860,62895008,45513008,64771556,0,4696888,0,3,1,0,14581142,3461470525,3481385649,51,51,965,1569121,3142079,1174222,82971720,83553,620348162,456571689,0
1789567400.7852223,105.438,9113798,654586,0,111,82,122,113024,874648,33341835,17801608,3860,62895008,45513008,64771556,0,4679720,0,3,1,0,14581156,3461720739,3481635906,51,51,965,1569121,3142079,1169930,82971723,83553,620348162,456571689,0
1789567401.035506,105.688,9114123,654661,0,111,82,122,113024,874648,33341883,17801608,3860,62895008,45513008,64771556,0,4671372,0,3,1,0,14581172,3461970955,3481886156,51,51,965,1569121,3142079,1167843,82971723,83553,620348162,456571689,0
1789567401.285783,105.938,9114448,654736,0,111,82,122,113025,874648,33341953,17801608,3860,62897220,45515220,64771556,0,4655044,0,3,1,0,14581185,3462221208,3482136430,51,51,965,1569176,3142189,1163761,82971724,83553,620348162,456571689,0
1789567401.5360982,106.189,9114773,654811,0,111,82,122,113025,874648,33342050,17801608,3860,62896856,45514856,64771556,0,4646336,0,3,1,0,14581205,3462471113,3482386364,51,51,965,1569167,3142171,1161584,82971725,83553,620348162,456571689,0
1789567401.7863781,106.439,9115099,654887,0,111,82,122,113025,874648,33342095,17801608,3860,62896856,45514856,64771556,0,4633128,0,3,1,0,14581216,3462721354,3482636619,51,51,965,1569167,3142171,1158282,82971725,83553,620348162,456571689,0
1789567402.0366585,106.689,9115424,654962,0,111,82,122,113025,874649,33342154,17801608,3860,62898472,45516472,64771556,0,4620840,0,3,1,0,14581229,3462971263,3482886545,51,51,965,1569207,3142252,1155210,82971726,83553,620348162,456571689,0
1789567402.2869627,106.939,9115749,655037,0,111,82,122,113025,874649,33342218,17801608,3848,62899040,45517036,64771556,0,4604456,0,3,1,0,14581242,3463221144,3483136467,51,51,962,1569221,3142280,1151114,82971727,83553,620348166,456571701,0
1789567402.5372436,107.19,9116074,655112,0,111,82,122,113025,874649,33342267,17801608,3848,62899040,45517036,64771556,0,4596264,0,3,1,0,14581255,3463471047,3483386387,51,51,962,1569221,3142280,1149066,82971728,83553,620348166,456571701,0
1789567402.7875247,107.44,9116399,655187,0,111,82,122,113025,874649,33342318,17801608,3848,62899040,45517036,64771556,0,4583056,0,3,1,0,14581268,3463721280,3483636638,51,51,962,1569221,3142280,1145764,82971728,83553,620348166,456571701,0
1789567403.0378149,107.69,9116724,655262,0,111,82,122,113025,874649,33342372,17801608,3848,62899040,45517036,64771556,0,4570768,0,3,1,0,14581282,3463971526,3483886903,51,51,962,1569221,3142280,1142692,82971730,83553,620348166,456571701,0
1789567403.288105,107.941,9117050,655337,0,111,82,122,113025,874649,33342445,17801608,3848,62900712,45518708,64771556,0,4558480,0,3,1,0,14581294,3464221746,3484137153,51,51,962,1569263,3142364,1139620,82971731,83553,620348166,456571701,0
1789567403.5383916,108.191,9117375,655412,0,111,82,122,113025,874649,33342523,17801608,3848,62900712,45518708,64771556,0,4546496,0,3,1,0,14581311,3464471903,3484387431,51,51,962,1569263,3142364,1136624,82971739,83553,620348166,456571701,0
1789567403.788698,108.441,9117700,655487,0,111,82,122,113025,874649,33342586,17801608,3880,62900444,45518440,64771556,0,4534096,0,3,1,0,14581322,3464721834,3484637377,51,51,970,1569257,3142350,1133524,82971739,83553,620348166,456571813,0
1789567404.0390022,108.691,9118025,655563,0,111,82,122,113025,874649,33342642,17801608,3880,62902172,45520168,64771556,0,4521632,0,3,1,0,14581335,3464972070,3484887630,51,51,970,1569300,3142437,1130408,82971740,83553,620348166,456571813,0
1789567404.2892854,108.942,9118350,655638,0,111,82,122,113025,874649,33342695,17801608,3880,62902172,45520168,64771556,0,4509328,0,3,1,0,14581345,3465222314,3485137887,51,51,970,1569300,3142437,1127332,82971741,83553,620348166,456571813,0
1789567404.539563,109.192,9118676,655713,0,111,82,122,113025,874649,33342742,17801608,3880,62902172,45520168,64771556,0,4497360,0,3,1,0,14581358,3465472540,3485388143,51,51,970,1569300,3142437,1124340,82971742,83553,620348166,456571813,0
1789567404.7898448,109.442,9119001,655788,0,111,82,122,113025,874649,33342830,17801608,3880,62902172,45520168,64771556,0,4479448,0,3,1,0,14581371,3465722427,3485638064,51,51,970,1569300,3142437,1119862,82971742,83553,620348166,456571813,0
1789567405.0401242,109.693,9119326,655863,0,111,82,122,113025,874649,33342909,17801608,3880,62902172,45520168,64771556,0,4469640,0,3,1,0,14581383,3465972662,3485888315,51,51,970,1569300,3142437,1117410,82971744,83553,620348166,456571813,0
1789567405.290401,109.943,9119651,655938,0,111,82,122,113025,874649,33343036,17801600,4844,62903056,45521060,64771556,0,4454936,0,3,1,0,14581398,3466222603,3486138277,51,51,1211,1569322,3142481,1113734,82971763,83553,620348166,456571813,0
1789567405.540695,110.193,9119976,656013,0,111,82,122,113025,874649,33343167,17801452,4856,62902896,45521024,64771556,0,4444920,0,3,1,0,14581420,3466472865,3486388567,51,51,1214,1569318,3142473,1111230,82971765,83553,620348166,456571813,0
1789567405.7909966,110.443,9120301,656088,0,111,82,122,113025,874649,33343277,17801452,4856,62902896,45521024,64771556,0,4430400,0,3,1,0,14581433,3466723080,3486638817,51,51,1214,1569318,3142473,1107600,82971765,83553,620348166,456571813,0
1789567406.0412726,110.694,9120626,656163,0,111,82,122,113025,874649,33343364,17801452,4856,62902896,45521024,64771556,0,4420352,0,3,1,0,14581447,3466973295,3486889068,51,51,1214,1569318,3142473,1105088,82971765,83553,620348166,456571813,0
1789567406.2915502,110.944,9120952,656238,0,111,82,122,113025,874649,33343618,17801452,5260,62903812,45521940,64771556,0,4405676,0,3,1,0,14581462,3467223023,3487138842,51,51,1315,1569341,3142519,1101419,82971777,83553,620348166,456571813,0
1789567406.5418386,111.194,9121277,656313,0,111,82,122,113025,874649,33343786,17801452,5260,62903544,45521672,64771556,0,4395996,0,3,1,0,14581475,3467472953,3487388788,51,51,1315,1569334,3142505,1098999,82971780,83553,620348166,456571813,0
1789567406.7921479,111.445,9121602,656388,0,111,82,122,113025,874649,33344016,17801452,5260,62903544,45521672,64771556,0,4381200,0,3,1,0,14581489,3467722823,3487638715,51,51,1315,1569334,3142505,1095300,82971782,83553,620348166,456571813,0
1789567407.0424237,111.695,9121927,656463,0,111,82,122,113025,874649,33344182,17801452,5260,62904372,45522500,64771556,0,4371496,0,3,1,0,14581503,3467972719,3487888630,51,51,1315,1569355,3142547,1092874,82971782,83553,620348166,456571813,0
1789567407.2927027,111.945,9122252,656538,0,111,82,122,113026,874649,33344402,17801452,5664,62904768,45522908,64771556,0,4357224,0,3,1,0,14581518,3468222418,3488138426,51,51,1416,1569364,3142566,1089306,82971793,83553,620348166,456571813,0
1789567407.5429993,112.195,9122577,656614,0,111,82,122,113026,874649,33344554,17801452,5664,62904768,45522908,64771556,0,4347396,0,3,1,0,14581531,3468472650,3488388676,51,51,1416,1569364,3142566,1086849,82971793,83553,620348166,456571813,0
1789567407.79328,112.446,9122902,656689,0,111,82,122,113026,874649,33344740,17801452,5664,62904768,45522908,64771556,0,4332768,0,3,1,0,14581543,3468722219,3488638260,51,51,1416,1569364,3142566,1083192,82971795,83553,620348166,456571813,0
1789567408.0435612,112.696,9123227,656764,0,111,82,122,113026,874649,33344885,17801452,5664,62904768,45522908,64771556,0,4322968,0,3,1,0,14581556,3468972456,3488888514,51,51,1416,1569364,3142566,1080742,82971796,83553,620348166,456571813,0
1789567408.2938402,112.946,9123552,656839,0,111,82,122,113026,874649,33345095,17801452,5664,62904748,45522888,64771556,0,4308252,0,3,1,0,14581569,3469222360,3489138436,51,51,1416,1569364,3142565,1077063,82971797,83553,620348166,456571813,0
1789567408.544116,113.197,9123877,656914,0,111,82,122,113026,874649,33345160,17801452,5664,62904748,45522888,64771556,0,4299548,0,3,1,0,14581583,3469472256,3489388351,51,51,1416,1569364,3142565,1074887,82971797,83553,620348166,456571813,0
1789567408.7943878,113.447,9124202,656989,0,111,82,122,113026,874649,33345208,17801452,5664,62904748,45522888,64771556,0,4291156,0,3,1,0,14581594,3469722492,3489638601,51,51,1416,1569364,3142565,1072789,82971798,83553,620348166,456571813,0
1789567409.0446684,113.697,9124527,657065,0,111,82,122,113026,874649,33345268,17801452,5888,62904748,45522888,64771556,0,4278696,0,3,1,0,14581607,3469972427,3489888552,51,51,1472,1569364,3142565,1069674,82971799,83553,620348166,456572077,0
1789567409.294983,113.947,9124853,657140,0,111,82,122,113026,874649,33345339,17801452,5888,62904480,45522620,64771556,0,4262312,0,3,1,0,14581620,3470222676,3490138819,51,51,1472,1569357,3142552,1065578,82971800,83553,620348166,456572077,0
1789567409.5452888,114.198,9125178,657215,0,111,82,122,113026,874649,33345447,17801492,6140,62904540,45522892,64771556,0,4250220,0,3,1,0,14581642,3470472544,3490388755,51,51,1535,1569359,3142555,1062555,82971801,83553,620348166,456572077,0
1789567409.7955856,114.448,9125503,657290,0,111,82,122,113026,874649,33345496,17801492,6140,62904540,45522892,64771556,0,4241780,0,3,1,0,14581656,3470722825,3490639070,51,51,1535,1569359,3142555,1060445,82971803,83553,620348166,456572077,0
1789567410.045951,114.698,9125828,657365,0,111,82,122,113026,874649,33345549,17801492,6140,62904540,45522892,64771556,0,4225548,0,3,1,0,14581671,3470972756,3490889039,51,51,1535,1569359,3142555,1056387,82971803,83553,620348166,456572077,0
1789567410.2962523,114.949,9126154,657440,0,111,82,122,113026,874649,33345602,17801492,6140,62904540,45522892,64771556,0,4217392,0,3,1,0,14581683,3471222994,3491139310,51,51,1535,1569359,3142555,1054348,82971803,83553,620348166,456572077,0
1789567410.5465493,115.199,9126479,657515,0,111,82,122,113026,874649,33345653,17801492,6140,62904540,45522892,64771556,0,4200844,0,3,1,0,14581697,3471472905,3491389240,51,51,1535,1569359,3142555,1050211,82971805,83553,620348166,456572077,0
1789567410.7968366,115.449,9126804,657590,0,111,82,122,113026,874649,33345703,17801492,6140,62904540,45522892,64771556,0,4192844,0,3,1,0,14581708,3471723155,3491639505,51,51,1535,1569359,3142555,1048211,82971805,83553,620348166,456572077,0
1789567411.0471272,115.7,9127129,657665,0,111,82,122,113026,874649,33345756,17801492,6140,62904272,45522624,64771556,0,4180360,0,3,1,0,14581722,3471973373,3491889754,51,51,1535,1569352,3142542,1045090,82971806,83553,620348166,456572077,0
1789567411.2974012,115.95,9127454,657741,0,111,82,122,113026,874649,33345829,17801492,6140,62904520,45522872,64771556,0,4164024,0,3,1,0,14581734,3472223259,3492139671,51,51,1535,1569358,3142554,1041006,82971806,83553,620348166,456572077,0
1789567411.5476894,116.2,9127780,657816,0,111,82,122,113026,874649,33345872,17801492,6140,62904520,45522872,64771556,0,4160076,0,3,1,0,14581746,3472473515,3492389943,51,51,1535,1569358,3142554,1040019,82971807,83553,620348166,456572077,0
1789567411.7979963,116.45,9128105,657891,0,111,82,122,113026,874649,33345925,17801492,6140,62904520,45522872,64771556,0,4143480,0,3,1,0,14581758,3472723427,3492639879,51,51,1535,1569358,3142554,1035870,82971808,83553,620348166,456572077,0
1789567412.0482779,116.701,9128430,657966,0,111,82,122,113026,874649,33345979,17801492,6140,62904520,45522872,64771556,0,4135372,0,3,1,0,14581771,3472973333,3492889802,51,51,1535,1569358,3142554,1033843,82971810,83553,620348166,456572077,0
1789567412.2985635,116.951,9128755,658041,0,111,82,122,113026,874649,33346032,17801492,6140,62904936,45523288,64771556,0,4119136,0,3,1,0,14581781,3473223581,3493140064,51,51,1535,1569369,3142575,1029784,82971810,83553,620348166,456572077,0
1789567412.5488813,117.201,9129080,658116,0,111,82,122,113026,874649,33346080,17801492,6140,62904936,45523288,64771556,0,4106572,0,3,1,0,14581793,3473473845,3493390344,51,51,1535,1569369,3142575,1026643,82971811,83553,620348166,456572077,0
1789567412.7991612,117.452,9129405,658191,0,111,82,122,113027,874649,33346133,17801492,6140,62904936,45523288,64771556,0,4090352,0,3,1,0,14581806,3473724074,3493640593,51,51,1535,1569369,3142575,1022588,82971811,83553,620348166,456572077,0
1789567413.0494518,117.702,9129731,658266,0,111,82,122,113027,874649,33346184,17801492,6140,62904936,45523288,64771556,0,4082124,0,3,1,0,14581819,3473974328,3493890864,51,51,1535,1569369,3142575,1020531,82971813,83553,620348166,456572077,0
1789567413.2997444,117.952,9130056,658341,0,111,82,122,113027,874649,33346258,17801492,6140,62904936,45523288,64771556,0,4069928,0,3,1,0,14581831,3474224241,3494140806,51,51,1535,1569369,3142575,1017482,82971814,83553,620348166,456572077,0
1789567413.5500476,118.202,9130381,658417,0,111,82,122,113027,874650,33346389,17801492,6140,62905232,45523572,64771556,0,4061900,0,3,1,0,14581854,3474473830,3494390751,51,51,1535,1569376,3142590,1015475,82971823,83553,620348166,456572077,0
1789567413.800352,118.453,9130706,658492,0,111,82,122,113027,874650,33346442,17801492,6140,62905232,45523572,64771556,0,4045132,0,3,1,0,14581867,3474724037,3494641005,51,51,1535,1569376,3142590,1011283,82971823,83553,620348166,456572077,0
1789567414.0506315,118.703,9131031,658567,0,111,82,122,113027,874650,33346499,17801492,6168,62905248,45523572,64771556,0,4032316,0,3,1,0,14581879,3474974292,3494891275,51,51,1542,1569376,3142590,1008079,82971825,83553,620348166,456572129,0
1789567414.3009543,118.953,9131356,658642,0,111,82,122,113027,874650,33346558,17801492,6168,62904964,45523288,64771556,0,4019700,0,3,1,0,14581896,3475224204,3495141220,51,51,1542,1569369,3142575,1004925,82971826,83553,620348166,456572129,0
1789567414.5512285,119.204,9131681,658717,0,111,82,122,113027,874650,33346604,17801492,6168,62904964,45523288,64771556,0,4010524,0,3,1,0,14581908,3475474427,3495391471,51,51,1542,1569369,3142575,1002631,82971826,83553,620348166,456572129,0
1789567414.801509,119.454,9132007,658792,0,111,82,122,113027,874650,33346659,17801492,6168,62904964,45523288,64771556,0,3997468,0,3,1,0,14581920,3475724349,3495641408,51,51,1542,1569369,3142575,999367,82971828,83553,620348166,456572129,0
1789567415.0518167,119.704,9132332,658867,0,111,82,122,113027,874650,33346727,17801492,6168,62904960,45523284,64771556,0,3989160,0,3,1,0,14581939,3475974575,3495891674,51,51,1542,1569369,3142575,997290,82971828,83553,620348166,456572129,0
1789567415.3020992,119.955,9132657,658942,0,111,82,122,113027,874650,33346796,17801492,6168,62904960,45523284,64771556,0,3968792,0,3,1,0,14581950,3476224814,3496141929,51,51,1542,1569369,3142575,992198,82971829,83553,620348166,456572129,0
1789567415.552392,120.205,9132982,659017,0,111,82,122,113027,874650,33346842,17801492,6168,62904960,45523284,64771556,0,3960536,0,3,1,0,14581964,3476475043,3496392189,51,51,1542,1569369,3142575,990134,82971830,83553,620348166,456572129,0
1789567415.8026743,120.455,9133307,659092,0,111,82,122,113027,874650,33346888,17801492,6168,62904960,45523284,64771556,0,3952500,0,3,1,0,14581975,3476725281,3496642441,51,51,1542,1569369,3142575,988125,82971831,83553,620348166,456572129,0
1789567416.0529728,120.705,9133633,659167,0,111,82,122,113027,874650,33346939,17801492,6168,62904960,45523284,64771556,0,3940084,0,3,1,0,14581988,3476975518,3496892697,51,51,1542,1569369,3142575,985021,82971832,83553,620348166,456572129,0
1789567416.303252,120.956,9133958,659243,0,111,82,122,113027,874650,33347004,17801492,6168,62904960,45523284,64771556,0,3923676,0,3,1,0,14582002,3477225732,3497142951,51,51,1542,1569369,3142575,980919,82971833,83553,620348166,456572129,0
1789567416.5535414,121.206,9134283,659318,0,111,82,122,113027,874650,33347072,17801492,6168,62904960,45523284,64771556,0,3911372,0,3,1,0,14582017,3477475474,3497392908,51,51,1542,1569369,3142575,977843,82971838,83553,620348166,456572129,0
1789567416.8038626,121.456,9134608,659393,0,111,82,122,113027,874650,33347125,17801492,6168,62904960,45523284,64771556,0,3903116,0,3,1,0,14582028,3477725388,3497642837,51,51,1542,1569369,3142575,975779,82971839,83553,620348166,456572129,0
1789567417.054159,121.707,9134933,659468,0,111,82,122,113027,874650,33347178,17801492,6168,62904676,45523000,64771556,0,3886784,0,3,1,0,14582043,3477975621,3497893112,51,51,1542,1569362,3142561,971696,82971840,83553,620348166,456572129,0
1789567417.3044484,121.957,9135259,659543,0,111,82,122,113027,874650,33347259,17801492,6168,62904924,45523248,64771556,0,3874512,0,3,1,0,14582058,3478225470,3498143062,51,51,1542,1569368,3142573,968628,82971841,83553,620348166,456572129,0
1789567417.554772,122.207,9135584,659618,0,111,82,122,113027,874650,33347346,17801492,6168,62904684,45523008,64771556,0,3866212,0,3,1,0,14582076,3478475735,3498393352,51,51,1542,1569362,3142561,966553,82971842,83553,620348166,456572129,0
1789567417.8050838,122.457,9135909,659693,0,111,82,122,113027,874650,33347402,17801492,6168,62904684,45523008,64771556,0,3853916,0,3,1,0,14582088,3478725653,3498643285,51,51,1542,1569362,3142561,963479,82971843,83553,620348166,456572129,0
1789567418.0553718,122.708,9136234,659768,0,111,82,122,113027,874650,33347455,17801492,6168,62904684,45523008,64771556,0,3837532,0,3,1,0,14582102,3478975872,3498893540,51,51,1542,1569362,3142561,959383,82971843,83553,620348166,456572129,0
1789567418.305662,122.958,9136559,659843,0,111,82,122,113027,874650,33347515,17801492,6168,62904684,45523008,64771556,0,3825236,0,3,1,0,14582113,3479225797,3499143479,51,51,1542,1569362,3142561,956309,82971845,83553,620348166,456572129,0
1789567418.5559714,123.208,9136885,659918,0,111,82,122,113027,874650,33347564,17801492,6168,62904684,45523008,64771556,0,3817044,0,3,1,0,14582128,3479476008,3499393733,51,51,1542,1569362,3142561,954261,82971845,83553,620348166,456572129,0
1789567418.8062506,123.459,9137210,659994,0,111,82,122,113027,874650,33347619,17801492,6168,62904684,45523008,64771556,0,3800676,0,3,1,0,14582142,3479725904,3499643657,51,51,1542,1569362,3142561,950169,82971846,83553,620348166,456572129,0
1789567419.056536,123.709,9137535,660069,0,111,82,122,113027,874650,33347680,17801476,6168,62904684,45523008,64771556,0,3788500,0,3,1,0,14582155,3479976136,3499893922,51,51,1542,1569362,3142561,947125,82971847,83553,620348166,456572209,0
1789567419.3068326,123.959,9137860,660144,0,111,82,122,113027,874650,33347752,17801476,6168,62904684,45523008,64771556,0,3772136,0,3,1,0,14582174,3480226335,3500144190,51,51,1542,1569362,3142561,943034,82971847,83553,620348166,456572209,0
1789567419.5571303,124.21,9138185,660219,0,111,82,122,113027,874650,33347798,17801476,5764,62904684,45523008,64771556,0,3768280,0,3,1,0,14582187,3480476580,3500394451,51,51,1441,1569362,3142561,942070,82971849,83553,620348166,456572733,0
1789567419.8074145,124.46,9138510,660294,0,111,82,122,113027,874650,33347857,17801476,5764,62904684,45523008,64771556,0,3752400,0,3,1,0,14582199,3480726156,3500644042,51,51,1441,1569362,3142561,938100,82971849,83553,620348166,456572733,0
1789567420.0576973,124.71,9138836,660369,0,111,82,122,113027,874650,33347914,17801476,5764,62904684,45523008,64771556,0,3739960,0,3,1,0,14582211,3480976077,3500893980,51,51,1441,1569362,3142561,934990,82971850,83553,620348166,456572733,0
1789567420.307994,124.96,9139161,660444,0,111,82,122,113027,874650,33347977,17801476,5764,62904684,45523008,64771556,0,3724164,0,3,1,0,14582223,3481225968,3501143895,51,51,1441,1569362,3142561,931041,82971851,83553,620348166,456572733,0
1789567420.558274,125.211,9139486,660519,0,111,82,122,113028,874651,33348033,17801476,5764,62904684,45523008,64771556,0,3715876,0,3,1,0,14582240,3481476090,3501394159,51,51,1441,1569362,3142561,928969,82971852,83553,620348166,456572733,0
1789567420.8085766,125.461,9139811,660594,0,111,82,122,113028,874651,33348086,17801476,5764,62904684,45523008,64771556,0,3703452,0,3,1,0,14582250,3481726339,3501644421,51,51,1441,1569362,3142561,925863,82971854,83553,620348166,456572733,0
1789567421.0588577,125.711,9140136,660670,0,111,82,122,113028,874651,33348137,17801476,5764,62904684,45523008,64771556,0,3695424,0,3,1,0,14582263,3481976246,3501894347,51,51,1441,1569362,3142561,923856,82971855,83553,620348166,456572733,0
1789567421.3091369,125.962,9140461,660745,0,111,82,122,113028,874651,33348225,17801476,5764,62904684,45523008,64771556,0,3674836,0,3,1,0,14582274,3482225821,3502143936,51,51,1441,1569362,3142561,918709,82971855,83553,620348166,456572733,0
1789567421.559415,126.212,9140787,660820,0,111,82,122,113028,874651,33348316,17801492,5684,62904644,45522940,64771556,0,3665976,0,3,1,0,14582293,3482476041,3502394192,51,51,1421,1569361,3142559,916494,82971857,83553,620348166,456572733,0
1789567421.809701,126.462,9141112,660895,0,111,82,122,113028,874651,33348376,17801492,5684,62904644,45522940,64771556,0,3649584,0,3,1,0,14582306,3482725947,3502644125,51,51,1421,1569361,3142559,912396,82971857,83553,620348166,456572733,0
1789567422.059991,126.712,9141437,660970,0,111,82,122,113028,874651,33348425,17801492,5684,62904644,45522940,64771556,0,3641392,0,3,1,0,14582318,3482975850,3502894044,51,51,1421,1569361,3142559,910348,82971858,83553,620348166,456572733,0
1789567422.3102741,126.963,9141762,661045,0,111,82,122,113028,874651,33348480,17801492,5684,62904644,45522940,64771556,0,3628184,0,3,1,0,14582332,3483226078,3503144300,51,51,1421,1569361,3142559,907046,82971859,83553,620348166,456572733,0
1789567422.560553,127.213,9142087,661120,0,111,82,122,113028,874651,33348531,17801492,5684,62904644,45522940,64771556,0,3615896,0,3,1,0,14582349,3483476285,3503394549,51,51,1421,1569361,3142559,903974,82971860,83553,620348166,456572733,0
1789567422.8108292,127.463,9142412,661196,0,111,82,122,113028,874651,33348588,17801492,5684,62904644,45522940,64771556,0,3602688,0,3,1,0,14582360,3483726196,3503644475,51,51,1421,1569361,3142559,900672,82971860,83553,620348166,456572733,0
1789567423.0611207,127.714,9142738,661271,0,111,82,122,113028,874651,33348642,17801492,5684,62904644,45522940,64771556,0,3598592,0,3,1,0,14582373,3483976454,3503894752,51,51,1421,1569361,3142559,899648,82971861,83553,620348166,456572733,0
1789567423.3114285,127.964,9143063,661346,0,111,82,122,113028,874651,33348707,17801492,5684,62904644,45522940,64771556,0,3582308,0,3,1,0,14582385,3484226695,3504145010,51,51,1421,1569361,3142559,895577,82971862,83553,620348166,456572733,0
1789567423.5617273,128.214,9143388,661421,0,111,82,122,113028,874651,33348786,17801492,5684,62904644,45522940,64771556,0,3573304,0,3,1,0,14582400,3484476846,3504395339,51,51,1421,1569361,3142559,893326,82971865,83553,620348166,456572733,0
1789567423.8120744,128.464,9143713,661496,0,111,82,122,113028,874651,33348855,17801484,5684,62904360,45522656,64771556,0,3557064,0,3,1,0,14582414,3484726406,3504644944,51,51,1421,1569354,3142545,889266,82971867,83553,620348166,456572817,0
1789567424.0623634,128.715,9144038,661571,0,111,82,122,113028,874651,33348910,17801480,5692,62904360,45522656,64771556,0,3543836,0,3,1,0,14582427,3484976643,3504895202,51,51,1423,1569354,3142545,885959,82971869,83553,620348166,456572817,0
1789567424.3126547,128.965,9144363,661646,0,111,82,122,113028,874651,33348974,17801480,5728,62904604,45522900,64771556,0,3535844,0,3,1,0,14582439,3485226885,3505145470,51,51,1432,1569360,3142557,883961,82971871,83553,620348166,456572905,0
1789567424.5629668,129.215,9144689,661721,0,111,82,122,113028,874651,33349027,17801480,5728,62904604,45522900,64771556,0,3523444,0,3,1,0,14582454,3485476783,3505395395,51,51,1432,1569360,3142557,880861,82971871,83553,620348166,456572905,0
1789567424.8132646,129.466,9145014,661796,0,111,82,122,113028,874651,33349110,17801480,4436,62904604,45522900,64771556,0,3508716,0,3,1,0,14582465,3485727030,3505645662,51,51,1109,1569360,3142557,877179,82971874,83553,620348166,456574505,0
1789567425.0635533,129.716,9145339,661871,0,111,82,122,113028,874651,33349183,17801480,4436,62904604,45522900,64771556,0,3496428,0,3,1,0,14582486,3485977230,3505895920,51,51,1109,1569360,3142557,874107,82971874,83553,620348166,456574505,0
1789567425.3138402,129.966,9145661,661948,0,111,82,122,113028,874653,33349420,17801492,428,62904608,45522900,64771556,0,3483648,0,3,1,0,14582508,3486218525,3506137251,51,51,107,1569360,3142558,870912,82972582,83553,620348166,456578193,0
1789567425.5641541,130.217,9145980,662022,0,111,82,122,113031,874655,33350394,17801488,4272,62900540,45518824,64771556,0,3475456,0,3,1,0,14582650,3486451833,3506372518,51,51,1068,1569259,3142354,868864,82978935,83553,620348166,456578193,0
1789567425.8145201,130.467,9146306,662097,0,111,82,122,113031,874655,33350443,17801488,4272,62900540,45518824,64771556,0,3463168,0,3,1,0,14582673,3486702083,3506622826,51,51,1068,1569259,3142354,865792,82978938,83553,620348166,456578193,0
1789567426.0648422,130.717,9146631,662172,0,111,82,122,113031,874655,33350502,17801488,4272,62900672,45518956,64771556,0,3446784,0,3,1,0,14582696,3486951993,3506872770,51,51,1068,1569262,3142361,861696,82978939,83553,620348166,456578193,0
1789567426.3151438,130.968,9146956,662247,0,111,82,122,113032,874655,33350561,17801488,4272,62901032,45519316,64771556,0,3434496,0,3,1,0,14582717,3487202245,3507123053,51,51,1068,1569271,3142379,858624,82978940,83553,620348166,456578193,0
1789567426.5654612,131.218,9147281,662323,0,111,82,122,113032,874655,33350620,17801488,4272,62901336,45519620,64771556,0,3426304,0,3,1,0,14582738,3487452161,3507373013,51,51,1068,1569278,3142394,856576,82978943,83553,620348166,456578193,0
1789567426.8157842,131.468,9147607,662398,0,111,82,122,113032,874655,33350682,17801488,4272,62901336,45519620,64771556,0,3409952,0,3,1,0,14582760,3487702378,3507623295,51,51,1068,1569278,3142394,852488,82978944,83553,620348166,456578193,0
1789567427.066088,131.718,9147932,662473,0,111,82,122,113032,874655,33350737,17801488,4272,62901336,45519620,64771556,0,3397632,0,3,1,0,14582787,3487952567,3507873555,51,51,1068,1569278,3142394,849408,82978944,83553,620348166,456578193,0
1789567427.316373,131.969,9148257,662548,0,111,82,122,113032,874655,33350798,17801488,4272,62901336,45519620,64771556,0,3389636,0,3,1,0,14582814,3488202687,3508123813,51,51,1068,1569278,3142394,847409,82978945,83553,620348166,456578193,0
1789567427.5666606,132.219,9148582,662623,0,111,82,122,113032,874655,33350860,17801488,4272,62901336,45519620,64771556,0,3377152,0,3,1,0,14582842,3488452855,3508374078,51,51,1068,1569278,3142394,844288,82978946,83553,620348166,456578193,0
1789567427.8169765,132.469,9148908,662698,0,111,82,122,113032,874655,33350913,17801488,4272,62901336,45519620,64771556,0,3360788,0,3,1,0,14582863,3488703083,3508624346,51,51,1068,1569278,3142394,840197,82978946,83553,620348166,456578193,0
1789567428.0672698,132.72,9149233,662773,0,111,82,122,113032,874655,33350967,17801488,4272,62901336,45519620,64771556,0,3348480,0,3,1,0,14582883,3488952976,3508874268,51,51,1068,1569278,3142394,837120,82978947,83553,620348166,456578193,0
1789567428.3175478,132.97,9149558,662848,0,111,82,122,113032,874655,33351018,17801484,4272,62901336,45519620,64771556,0,3340308,0,3,1,0,14582902,3489203196,3509124529,51,51,1068,1569278,3142394,835077,82978947,83553,620348166,456578193,0
1789567428.567854,133.22,9149883,662923,0,111,82,122,113032,874655,33351072,17801484,4272,62901336,45519620,64771556,0,3323920,0,3,1,0,14582926,3489453417,3509374799,51,51,1068,1569278,3142394,830980,82978950,83553,620348166,456578193,0
1789567428.818143,133.471,9150208,662998,0,111,82,122,113032,874655,33351135,17801480,4272,62901336,45519620,64771556,0,3311952,0,3,1,0,14582949,3489703623,3509625053,51,51,1068,1569278,3142394,827988,82978950,83553,620348166,456578193,0
1789567429.0684266,133.721,9150534,663073,0,111,82,122,113032,874655,33351193,17801480,4272,62902032,45520316,64771556,0,3303660,0,3,1,0,14582977,3489953826,3509875306,51,51,1068,1569296,3142429,825915,82978951,83553,620348166,456578193,0
1789567429.318704,133.971,9150859,663148,0,111,82,122,113032,874655,33351259,17801480,4272,62902032,45520316,64771556,0,3291392,0,3,1,0,14583000,3490204051,3510125578,51,51,1068,1569296,3142429,822848,82978951,83553,620348166,456578193,0
1789567429.569009,134.221,9151184,663223,0,111,82,122,113032,874655,33351360,17801492,4296,62903272,45521520,64771556,0,3282944,0,3,1,0,14583027,3490454272,3510375850,51,51,1074,1569326,3142490,820736,82978952,83553,620348166,456578269,0
1789567429.8193197,134.472,9151509,663299,0,111,82,122,113032,874655,33351412,17801492,4296,62903272,45521520,64771556,0,3266560,0,3,1,0,14583046,3490704167,3510625789,51,51,1074,1569326,3142490,816640,82978953,83553,620348166,456578269,0
1789567430.0696096,134.722,9151834,663374,0,111,82,122,113032,874655,33351463,17801492,4296,62903272,45521520,64771556,0,3254272,0,3,1,0,14583071,3490954368,3510876055,51,51,1074,1569326,3142490,813568,82978955,83553,620348166,456578269,0
1789567430.3199131,134.972,9152160,663449,0,111,82,122,113032,874656,33351520,17801492,4296,62903272,45521520,64771556,0,3237888,0,3,1,0,14583098,3491204549,3511126322,51,51,1074,1569326,3142490,809472,82978955,83553,620348166,456578269,0
1789567430.5701895,135.223,9152485,663524,0,111,82,122,113032,874656,33351566,17801492,4296,62903272,45521520,64771556,0,3233792,0,3,1,0,14583122,3491454753,3511376583,51,51,1074,1569326,3142490,808448,82978956,83553,620348166,456578269,0
1789567430.8204772,135.473,9152810,663599,0,111,82,122,113032,874656,33351625,17801492,4296,62903272,45521520,64771556,0,3217408,0,3,1,0,14583144,3491704938,3511626832,51,51,1074,1569326,3142490,804352,82978956,83553,620348166,456578269,0
1789567431.0707586,135.723,9153135,663674,0,111,82,122,113032,874656,33351696,17801492,4296,62903764,45522012,64771556,0,3197208,0,3,1,0,14583167,3491954842,3511876785,51,51,1074,1569338,3142514,799302,82978958,83553,620348166,456578269,0
1789567431.321072,135.973,9153461,663749,0,111,82,122,113032,874656,33351751,17801492,4296,62903776,45522012,64771556,0,3188844,0,3,1,0,14583188,3492204750,3512126724,51,51,1074,1569339,3142515,797211,82978959,83553,620348166,456578269,0
1789567431.571369,136.224,9153786,663824,0,111,82,122,113032,874656,33351893,17801492,4296,62903776,45522012,64771556,0,3180544,0,3,1,0,14583213,3492454387,3512376674,51,51,1074,1569339,3142515,795136,82978976,83553,620348166,456578269,0
1789567431.821691,136.474,9154111,663899,0,111,82,122,113032,874656,33351945,17801492,4296,62903776,45522012,64771556,0,3168256,0,3,1,0,14583238,3492704619,3512626962,51,51,1074,1569339,3142515,792064,82978977,83553,620348166,456578269,0
1789567432.0719988,136.724,9154436,663974,0,111,82,122,113032,874656,33351994,17801492,4296,62903776,45522012,64771556,0,3160064,0,3,1,0,14583264,3492954818,3512877231,51,51,1074,1569339,3142515,790016,82978977,83553,620348166,456578269,0
1789567432.3223014,136.975,9154761,664049,0,111,82,122,113032,874656,33352045,17801492,4296,62903776,45522012,64771556,0,3147776,0,3,1,0,14583283,3493205045,3513127499,51,51,1074,1569339,3142515,786944,82978979,83553,620348166,456578269,0
1789567432.5725904,137.225,9155087,664124,0,111,82,122,113032,874656,33352104,17801492,4296,62903776,45522012,64771556,0,3131392,0,3,1,0,14583309,3493454924,3513377436,51,51,1074,1569339,3142515,782848,82978979,83553,620348166,456578269,0
1789567432.8229077,137.475,9155412,664199,0,111,82,122,113032,874656,33352151,17801492,4296,62903524,45521760,64771556,0,3119104,0,3,1,0,14583328,3493704835,3513627374,51,51,1074,1569332,3142502,779776,82978981,83553,620348166,456578269,0
1789567433.0731876,137.726,9155737,664274,0,111,82,122,113032,874656,33352217,17801492,4296,62903524,45521760,64771556,0,3111052,0,3,1,0,14583350,3493955060,3513877632,51,51,1074,1569332,3142502,777763,82978981,83553,620348166,456578269,0
1789567433.3234818,137.976,9156062,664349,0,111,82,122,113033,874656,33352342,17801492,4296,62903756,45521992,64771556,0,3094852,0,3,1,0,14583382,3494204985,3514127902,51,51,1074,1569338,3142514,773713,82978988,83553,620348166,456578269,0
1789567433.5737803,138.226,9156387,664424,0,111,82,122,113033,874656,33352431,17801492,4296,62904108,45522344,64771556,0,3086336,0,3,1,0,14583412,3494455198,3514378175,51,51,1074,1569347,3142531,771584,82978988,83553,620348166,456578269,0
1789567433.8240936,138.476,9156712,664500,0,111,82,122,113033,874656,33352504,17801492,4296,62903848,45522084,64771556,0,3069952,0,3,1,0,14583430,3494704777,3514627781,51,51,1074,1569340,3142518,767488,82978990,83553,620348166,456578269,0
1789567434.0743713,138.727,9157037,664575,0,111,82,122,113033,874656,33352559,17801492,4296,62903848,45522084,64771556,0,3057664,0,3,1,0,14583453,3494954994,3514878042,51,51,1074,1569340,3142518,764416,82978991,83553,620348166,456578269,0
1789567434.3246589,138.977,9157363,664650,0,111,82,122,113033,874656,33352619,17801492,4296,62904092,45522328,64771556,0,3041280,0,3,1,0,14583475,3495205198,3515128301,51,51,1074,1569347,3142531,760320,82978992,83553,620348166,456578269,0
1789567434.5749648,139.227,9157688,664725,0,111,82,122,113033,874656,33352666,17801492,3924,62904100,45522328,64771556,0,3037184,0,3,1,0,14583498,3495455394,3515378556,51,51,981,1569347,3142531,759296,82978992,83553,620348166,456578549,0
1789567434.8252432,139.478,9158013,664800,0,111,82,122,113033,874656,33352739,17801492,3972,62903840,45522068,64771556,0,3020800,0,3,1,0,14583526,3495705536,3515628815,51,51,993,1569340,3142518,755200,82978994,83553,620348166,456578609,0
1789567435.0755389,139.728,9158338,664875,0,111,82,122,113033,874656,33352801,17801492,3972,62904076,45522304,64771556,0,3008512,0,3,1,0,14583550,3495955755,3515879079,51,51,993,1569346,3142530,752128,82978995,83553,620348166,456578609,0
1789567435.325821,139.978,9158664,664950,0,111,82,122,113033,874656,33352855,17801492,3972,62904076,45522304,64771556,0,3000676,0,3,1,0,14583572,3496205957,3516129332,51,51,993,1569346,3142530,750169,82978996,83553,620348166,456578609,0
1789567435.5761023,140.229,9158989,665025,0,111,82,122,113033,874656,33352908,17801492,3972,62904076,45522304,64771556,0,2984112,0,3,1,0,14583596,3496455817,3516379249,51,51,993,1569346,3142530,746028,82978997,83553,620348166,456578609,0
1789567435.826377,140.479,9159314,665100,0,111,82,122,113033,874657,33353004,17801492,3972,62903836,45522064,64771556,0,2971648,0,3,1,0,14583623,3496705444,3516629171,51,51,993,1569340,3142518,742912,82978997,83553,620348166,456578609,0
1789567436.07666,140.729,9159639,665175,0,111,82,122,113033,874657,33353057,17801492,3972,62903824,45522052,64771556,0,2963456,0,3,1,0,14583645,3496955651,3516879425,51,51,993,1569340,3142517,740864,82978998,83553,620348166,456578609,0
1789567436.3269687,140.979,9159964,665250,0,111,82,122,113033,874657,33353116,17801492,3972,62903824,45522052,64771556,0,2942976,0,3,1,0,14583674,3497205832,3517129690,51,51,993,1569340,3142517,735744,82978999,83553,620348166,456578609,0
1789567436.577256,141.23,9160289,665325,0,111,82,122,113033,874657,33353204,17801492,3972,62903564,45521792,64771556,0,2934784,0,3,1,0,14583699,3497455043,3517379972,51,51,993,1569333,3142504,733696,82979015,83553,620348166,456578609,0
1789567436.8275735,141.48,9160615,665400,0,111,82,122,113033,874657,33353253,17801492,3972,62903564,45521792,64771556,0,2922496,0,3,1,0,14583720,3497705283,3517630242,51,51,993,1569333,3142504,730624,82979016,83553,620348166,456578609,0
1789567437.0778844,141.73,9160940,665475,0,111,82,122,113033,874657,33353326,17801492,3972,62904052,45522280,64771556,0,2914304,0,3,1,0,14583745,3497955101,3517880185,51,51,993,1569346,3142529,728576,82979017,83553,620348166,456578609,0
1789567437.3281696,141.981,9161265,665550,0,111,82,122,113033,874657,33353383,17801492,3972,62904052,45522280,64771556,0,2897956,0,3,1,0,14583772,3498205296,3518130438,51,51,993,1569346,3142529,724489,82979017,83553,620348166,456578609,0
1789567437.5784578,142.231,9161590,665625,0,111,82,122,113033,874657,33353464,17801492,3972,62904052,45522280,64771556,0,2885688,0,3,1,0,14583797,3498455188,3518380366,51,51,993,1569346,3142529,721422,82979019,83553,620348166,456578609,0
1789567437.8287401,142.481,9161915,665700,0,111,82,122,113033,874657,33353514,17801492,3972,62904052,45522280,64771556,0,2877820,0,3,1,0,14583820,3498705404,3518630633,51,51,993,1569346,3142529,719455,82979019,83553,620348166,456578609,0
1789567438.0790386,142.731,9162241,665775,0,111,82,122,113033,874657,33353566,17801492,3972,62903792,45522020,64771556,0,2865152,0,3,1,0,14583839,3498955632,3518880888,51,51,993,1569339,3142516,716288,82979020,83553,620348166,456578609,0
1789567438.3293223,142.982,9162566,665851,0,111,82,122,113033,874657,33353630,17801492,3972,62904048,45522264,64771556,0,2848828,0,3,1,0,14583863,3499205852,3519131143,51,51,993,1569345,3142528,712207,82979021,83553,620348166,456578609,0
1789567438.5796056,143.232,9162891,665926,0,111,82,122,113033,874657,33353683,17801492,3972,62904048,45522264,64771556,0,2836480,0,3,1,0,14583883,3499455737,3519381069,51,51,993,1569345,3142528,709120,82979022,83553,620348166,456578609,0
1789567438.8299143,143.482,9163216,666001,0,111,82,122,113034,874657,33353732,17801492,3972,62904048,45522264,64771556,0,2828464,0,3,1,0,14583904,3499705971,3519631352,51,51,993,1569345,3142528,707116,82979023,83553,620348166,456578609,0
1789567439.0801973,143.733,9163541,666076,0,111,82,122,113034,874657,33353797,17801492,3972,62904036,45522252,64771556,0,2812216,0,3,1,0,14583924,3499956183,3519881605,51,51,993,1569345,3142528,703054,82979025,83553,620348166,456578609,0
1789567439.3304782,143.983,9163867,666151,0,111,82,122,113034,874657,33353856,17801492,3972,62904036,45522252,64771556,0,2799808,0,3,1,0,14583946,3500206401,3520131856,51,51,993,1569345,3142528,699952,82979025,83553,620348166,456578609,0
1789567439.580756,144.233,9164192,666226,0,111,82,122,113034,874658,33353905,17801492,3972,62904036,45522252,64771556,0,2791624,0,3,1,0,14583966,3500456297,3520381795,51,51,993,1569345,3142528,697906,82979027,83553,620348166,456578609,0
1789567439.8310568,144.483,9164517,666301,0,111,82,122,113034,874658,33353952,17801492,3972,62903776,45521992,64771556,0,2779248,0,3,1,0,14583987,3500706502,3520632044,51,51,993,1569339,3142515,694812,82979027,83553,620348166,456578609,0
1789567440.0813315,144.734,9164842,666376,0,111,82,122,113034,874658,33354013,17801492,3996,62903776,45521992,64771556,0,2762984,0,3,1,0,14584012,3500956705,3520882304,51,51,999,1569339,3142515,690746,82979027,83553,620348166,456578677,0
1789567440.331627,144.984,9165168,666451,0,111,82,122,113034,874658,33354072,17801492,3996,62904008,45522224,64771556,0,2750584,0,3,1,0,14584033,3501206937,3521132566,51,51,999,1569344,3142526,687646,82979029,83553,620348166,456578677,0
1789567440.581926,145.234,9165493,666526,0,111,82,122,113034,874658,33354121,17801492,3996,62904008,45522224,64771556,0,2742768,0,3,1,0,14584056,3501457169,3521382855,51,51,999,1569344,3142526,685692,82979029,83553,620348166,456578677,0
1789567440.8322256,145.485,9165818,666601,0,111,82,122,113034,874658,33354178,17801492,3996,62904008,45522224,64771556,0,2726064,0,3,1,0,14584080,3501707309,3521633113,51,51,999,1569344,3142526,681516,82979031,83553,620348166,456578677,0
1789567441.0825124,145.735,9166143,666676,0,111,82,122,113034,874658,33354249,17801492,3996,62904008,45522224,64771556,0,2713784,0,3,1,0,14584101,3501957212,3521883047,51,51,999,1569344,3142526,678446,82979032,83553,620348166,456578677,0
1789567441.332817,145.985,9166468,666752,0,111,82,122,113034,874658,33354308,17801492,3996,62903996,45522212,64771556,0,2705544,0,3,1,0,14584123,3502207106,3522132972,51,51,999,1569344,3142526,676386,82979033,83553,620348166,456578677,0
1789567441.5831115,146.236,9166794,666827,0,111,82,122,113034,874658,33354399,17801492,3996,62903996,45522212,64771556,0,2689024,0,3,1,0,14584149,3502457328,3522383256,51,51,999,1569344,3142526,672256,82979034,83553,620348166,456578677,0
1789567441.8334165,146.486,9167119,666902,0,111,82,122,113034,874658,33354450,17801492,3996,62903996,45522212,64771556,0,2680832,0,3,1,0,14584172,3502707514,3522633516,51,51,999,1569344,3142526,670208,82979035,83553,620348166,456578677,0
1789567442.083711,146.736,9167444,666977,0,111,82,122,113034,874658,33354499,17801492,3996,62903996,45522212,64771556,0,2671720,0,3,2,0,14584191,3502957768,3522883809,51,51,999,1569344,3142526,667930,82979035,83553,620348166,456578677,0
1789567442.3340316,146.986,9167769,667052,0,111,82,122,113034,874658,33354556,17801492,3996,62903984,45522200,64771556,0,2654416,0,3,1,0,14584214,3503207979,3523134075,51,51,999,1569344,3142525,663604,82979036,83553,620348166,456578677,0
1789567442.5843148,147.237,9168095,667127,0,111,82,122,113034,874658,33354601,17801492,3996,62903984,45522200,64771556,0,2641208,0,3,1,0,14584233,3503458197,3523384333,51,51,999,1569344,3142525,660302,82979037,83553,620348166,456578677,0
1789567442.83461,147.487,9168420,667202,0,111,82,122,113034,874658,33354655,17801492,3996,62903984,45522200,64771556,0,2628920,0,3,1,0,14584257,3503708405,3523634597,51,51,999,1569344,3142525,657230,82979039,83553,620348166,456578677,0
1789567443.0849051,147.737,9168745,667277,0,111,82,122,113034,874658,33354714,17801492,3996,62903972,45522188,64771556,0,2619808,0,3,1,0,14584279,3503958625,3523884861,51,51,999,1569344,3142525,654952,82979039,83553,620348166,456578677,0
1789567443.3351831,147.988,9169070,667352,0,111,82,122,113034,874658,33354827,17801492,3996,62903972,45522188,64771556,0,2602820,0,3,1,0,14584304,3504208143,3524134807,51,51,999,1569344,3142525,650705,82979043,83553,620348166,456578677,0
1789567443.5854943,148.238,9169395,667427,0,111,82,122,113034,874658,33354874,17801488,3996,62903972,45522188,64771556,0,2594672,0,3,1,0,14584326,3504458351,3524385072,51,51,999,1569344,3142525,648668,82979043,83553,620348166,456578677,0
1789567443.8357835,148.488,9169720,667502,0,111,82,122,113034,874658,33354937,17801484,3996,62903972,45522188,64771556,0,2577132,0,3,1,0,14584347,3504708269,3524635023,51,51,999,1569344,3142525,644283,82979046,83553,620348166,456578677,0
1789567444.086092,148.738,9170046,667577,0,111,82,122,113034,874658,33354993,17801484,3996,62903952,45522168,64771556,0,2568140,0,3,1,0,14584369,3504958485,3524885284,51,51,999,1569343,3142524,642035,82979047,83553,620348166,456578677,0
1789567444.3363838,148.989,9170371,667652,0,111,82,122,113034,874658,33355054,17801484,3996,62903952,45522168,64771556,0,2554732,0,3,1,0,14584392,3505208702,3525135549,51,51,999,1569343,3142524,638683,82979047,83553,620348166,456578677,0
1789567444.586675,149.239,9170696,667727,0,111,82,122,113034,874658,33355103,17801484,3996,62903952,45522168,64771556,0,2542440,0,3,1,0,14584413,3505458917,3525385804,51,51,999,1569343,3142524,635610,82979048,83553,620348166,456578677,0
1789567444.8369753,149.489,9171021,667803,0,111,82,122,113034,874658,33355159,17801484,3996,62903952,45522168,64771556,0,2533480,0,3,1,0,14584437,3505708798,3525635730,51,51,999,1569343,3142524,633370,82979048,83553,620348166,456578677,0
1789567445.0872564,149.74,9171347,667878,0,111,82,122,113034,874658,33355216,17801484,3996,62903952,45522168,64771556,0,2520444,0,3,1,0,14584460,3505959009,3525885987,51,51,999,1569343,3142524,630111,82979049,83553,620348166,456578677,0
1789567445.3375409,149.99,9171672,667953,0,111,82,122,113034,874658,33355289,17801472,3996,62903952,45522168,64771556,0,2508340,0,3,1,0,14584483,3506208905,3526135926,51,51,999,1569343,3142524,627085,82979050,83553,620348166,456578737,0
1789567445.587855,150.24,9171997,668028,0,111,82,122,113034,874658,33355401,17801492,4008,62903180,45521376,64771556,0,2498680,0,3,1,0,14584510,3506458797,3526385867,51,51,1002,1569324,3142485,624670,82979054,83553,620348166,456578737,0
1789567445.8381546,150.491,9172322,668103,0,111,82,122,113034,874658,33355450,17801492,4008,62903180,45521376,64771556,0,2481376,0,3,1,0,14584531,3506709010,3526636122,51,51,1002,1569324,3142485,620344,82979055,83553,620348166,456578737,0
1789567446.0884383,150.741,9172647,668178,0,111,82,122,113034,874658,33355495,17801492,4008,62903180,45521376,64771556,0,2473184,0,3,1,0,14584551,3506959229,3526886373,51,51,1002,1569324,3142485,618296,82979056,83553,620348166,456578737,0
1789567446.3387132,150.991,9172973,668253,0,111,82,122,113034,874658,33355552,17801492,4008,62903180,45521376,64771556,0,2464072,0,3,1,0,14584575,3507209446,3527136639,51,51,1002,1569324,3142485,616018,82979056,83553,620348166,456578737,0
1789567446.5890317,151.241,9173298,668328,0,111,82,122,113034,874658,33355616,17801492,4008,62903180,45521376,64771556,0,2450864,0,3,1,0,14584599,3507459452,3527386949,51,51,1002,1569324,3142485,612716,82979064,83553,620348166,456578737,0
1789567446.8393703,151.492,9173623,668403,0,111,82,122,113034,874658,33355669,17801492,4008,62903180,45521376,64771556,0,2434480,0,3,1,0,14584628,3507709675,3527637236,51,51,1002,1569324,3142485,608620,82979064,83553,620348166,456578737,0
1789567447.0896797,151.742,9173948,668478,0,111,82,122,113035,874658,33355728,17801492,4008,62903180,45521376,64771556,0,2422440,0,3,2,0,14584652,3507959525,3527887208,51,51,1002,1569324,3142485,605610,82979065,83553,620348166,456578737,0
1789567447.340007,151.992,9174273,668554,0,111,82,122,113035,874658,33355802,17801492,4008,62903980,45522176,64771556,0,2405812,0,3,1,0,14584675,3508209099,3528136823,51,51,1002,1569344,3142525,601453,82979065,83553,620348166,456578737,0
1789567447.5903203,152.243,9174599,668629,0,111,82,122,113035,874658,33355847,17801492,4008,62903980,45522176,64771556,0,2397704,0,3,1,0,14584698,3508459319,3528387106,51,51,1002,1569344,3142525,599426,82979066,83553,620348166,456578737,0
1789567447.8406434,152.493,9174924,668704,0,111,82,122,113035,874659,33355909,17801492,4008,62903980,45522176,64771556,0,2385568,0,3,1,0,14584718,3508709246,3528637064,51,51,1002,1569344,3142525,596392,82979067,83553,620348166,456578737,0
1789567448.0909624,152.743,9175249,668779,0,111,82,122,113035,874659,33355956,17801492,4008,62903728,45521924,64771556,0,2377120,0,3,1,0,14584740,3508959153,3528887008,51,51,1002,1569337,3142512,594280,82979069,83553,620348166,456578737,0
1789567448.3412638,152.994,9175574,668854,0,111,82,122,113035,874659,33356021,17801492,4008,62903964,45522160,64771556,0,2365144,0,3,1,0,14584761,3509209049,3529136935,51,51,1002,1569343,3142524,591286,82979069,83553,620348166,456578737,0
1789567448.5915468,153.244,9175899,668929,0,111,82,122,113035,874659,33356091,17801492,4008,62903964,45522160,64771556,0,2348624,0,3,1,0,14584786,3509459226,3529387191,51,51,1002,1569343,3142524,587156,82979069,83553,620348166,456578737,0
1789567448.8418322,153.494,9176225,669004,0,111,82,122,113035,874659,33356146,17801492,4008,62903964,45522160,64771556,0,2336272,0,3,1,0,14584808,3509709116,3529637113,51,51,1002,1569343,3142524,584068,82979070,83553,620348166,456578737,0
1789567449.0921311,153.745,9176550,669079,0,111,82,122,113035,874659,33356208,17801492,4008,62903964,45522160,64771556,0,2328084,0,3,1,0,14584833,3509959043,3529887082,51,51,1002,1569343,3142524,582021,82979071,83553,620348166,456578737,0
1789567449.3424497,153.995,9176875,669155,0,111,82,122,113035,874659,33356289,17801492,4008,62903952,45522148,64771556,0,2311568,0,3,1,0,14584852,3510208629,3530136696,51,51,1002,1569343,3142524,577892,82979073,83553,620348166,456578737,0
1789567449.5927563,154.245,9177200,669230,0,111,82,122,113035,874659,33356370,17801492,4008,62903952,45522148,64771556,0,2299272,0,3,1,0,14584878,3510458525,3530386640,51,51,1002,1569343,3142524,574818,82979073,83553,620348166,456578737,0
1789567449.8430595,154.495,9177525,669305,0,111,82,122,113035,874659,33356417,17801492,4008,62903952,45522148,64771556,0,2291080,0,3,1,0,14584897,3510708416,3530636559,51,51,1002,1569343,3142524,572770,82979074,83553,620348166,456578737,0
1789567450.0933363,154.746,9177850,669380,0,111,82,122,113035,874659,33356480,17801492,4008,62903952,45522148,64771556,0,2278784,0,3,1,0,14584919,3510958604,3530886808,51,51,1002,1569343,3142524,569696,82979074,83553,620348166,456578737,0
1789567450.3436215,154.996,9178175,669455,0,111,82,122,113035,874659,33356564,17801492,4024,62903688,45521876,64771556,0,2262400,0,3,1,0,14584938,3511208170,3531136402,51,51,1006,1569336,3142510,565600,82979075,83553,620348166,456578813,0
1789567450.5939395,155.246,9178501,669530,0,111,82,122,113035,874659,33356620,17801492,4024,62903688,45521876,64771556,0,2250104,0,3,1,0,14584960,3511458401,3531386690,51,51,1006,1569336,3142510,562526,82979076,83553,620348166,456578813,0
1789567450.8442228,155.497,9178826,669605,0,111,82,122,113035,874659,33356669,17801492,4024,62903688,45521876,64771556,0,2241912,0,3,1,0,14584984,3511708600,3531636941,51,51,1006,1569336,3142510,560478,82979078,83553,620348166,456578813,0
1789567451.094499,155.747,9179151,669681,0,111,82,122,113035,874659,33356730,17801492,4024,62903688,45521876,64771556,0,2225528,0,3,1,0,14585005,3511958488,3531886866,51,51,1006,1569336,3142510,556382,82979078,83553,620348166,456578813,0
1789567451.3447855,155.997,9179476,669756,0,111,82,122,113035,874659,33356810,17801492,4024,62903924,45522112,64771556,0,2213348,0,3,1,0,14585028,3512208393,3532136805,51,51,1006,1569342,3142522,553337,82979079,83553,620348166,456578813,0
1789567451.595085,156.247,9179801,669831,0,111,82,122,113035,874659,33356857,17801492,4024,62903924,45522112,64771556,0,2205132,0,3,1,0,14585050,3512458611,3532387065,51,51,1006,1569342,3142522,551283,82979079,83553,620348166,456578813,0
1789567451.8453803,156.498,9180127,669906,0,111,82,122,113035,874659,33356910,17801492,4024,62903664,45521852,64771556,0,2192872,0,3,1,0,14585071,3512708523,3532637007,51,51,1006,1569336,3142509,548218,82979082,83553,620348166,456578813,0
1789567452.0956776,156.748,9180452,669981,0,111,82,122,113035,874659,33356976,17801492,4024,62903920,45522096,64771556,0,2176544,0,3,1,0,14585092,3512958422,3532886942,51,51,1006,1569342,3142522,544136,82979083,83553,620348166,456578813,0
1789567452.3459737,156.998,9180777,670056,0,111,82,122,113035,874659,33357039,17801492,4024,62903920,45522096,64771556,0,2164192,0,3,1,0,14585116,3513208612,3533137192,51,51,1006,1569342,3142522,541048,82979084,83553,620348166,456578813,0
1789567452.5962522,157.249,9181102,670131,0,111,82,122,113035,874659,33357089,17801492,4024,62903920,45522096,64771556,0,2156056,0,3,1,0,14585137,3513458815,3533387439,51,51,1006,1569342,3142522,539014,82979084,83553,620348166,456578813,0
1789567452.8465254,157.499,9181427,670206,0,111,82,122,113035,874659,33357148,17801492,4024,62903920,45522096,64771556,0,2139672,0,3,1,0,14585165,3513708996,3533637693,51,51,1006,1569342,3142522,534918,82979084,83553,620348166,456578813,0
1789567453.096814,157.749,9181753,670281,0,111,82,122,113035,874659,33357211,17801492,4024,62903904,45522080,64771556,0,2127376,0,3,1,0,14585184,3513958894,3533887617,51,51,1006,1569342,3142521,531844,82979086,83553,620348166,456578813,0
1789567453.3470886,157.999,9182078,670356,0,111,82,123,113035,874659,33357342,17801492,4024,62903904,45522080,64771556,0,2119000,0,3,1,0,14585213,3514208576,3534137552,51,51,1006,1569342,3142521,529750,82979089,83553,620348166,456578813,0
1789567453.5973918,158.25,9182403,670431,0,111,82,123,113035,874659,33357409,17801492,4024,62903904,45522080,64771556,0,2106768,0,3,1,0,14585238,3514458777,3534387808,51,51,1006,1569342,3142521,526692,82979091,83553,620348166,456578813,0
1789567453.8476768,158.5,9182728,670507,0,111,82,123,113035,874659,33357480,17801492,4024,62903904,45522080,64771556,0,2090680,0,3,1,0,14585262,3514708647,3534637733,51,51,1006,1569342,3142521,522670,82979091,83553,620348166,456578813,0
1789567454.09798,158.75,9183053,670582,0,111,82,123,113035,874659,33357533,17801492,4024,62903644,45521820,64771556,0,2078088,0,3,1,0,14585286,3514958835,3534887983,51,51,1006,1569335,3142508,519522,82979092,83553,620348166,456578813,0
1789567454.3482647,159.001,9183378,670657,0,111,82,123,113035,874659,33357602,17801484,3976,62903888,45522064,64771556,0,2069972,0,3,1,0,14585307,3515208080,3535137260,51,51,994,1569341,3142520,517493,82979093,83553,620348166,456578885,0
1789567454.5985582,159.251,9183703,670732,0,111,82,123,113035,874659,33357672,17801484,3976,62903888,45522064,64771556,0,2049448,0,3,1,0,14585328,3515457629,3535386861,51,51,994,1569341,3142520,512362,82979095,83553,620348166,456578885,0
1789567454.8488436,159.501,9184028,670808,0,111,82,123,113035,874659,33357732,17801484,3976,62903888,45522064,64771556,0,2041304,0,3,1,0,14585351,3515707519,3535636783,51,51,994,1569341,3142520,510326,82979096,83553,620348166,456578885,0
1789567455.0991282,159.752,9184354,670883,0,111,82,123,113035,874659,33357794,17801484,3976,62903876,45522052,64771556,0,2033112,0,3,1,0,14585372,3515957412,3535886706,51,51,994,1569341,3142520,508278,82979097,83553,620348166,456578885,0
1789567455.3494062,160.002,9184679,670958,0,111,82,123,113035,874659,33357874,17801484,4000,62903616,45521792,64771556,0,2016984,0,3,1,0,14585398,3516207595,3536136961,51,51,1000,1569335,3142507,504246,82979097,83553,620348166,456578961,0
1789567455.5997055,160.252,9185004,671033,0,111,82,123,113035,874659,33357921,17801484,4000,62903616,45521792,64771556,0,2008716,0,3,1,0,14585419,3516457828,3536387246,51,51,1000,1569335,3142507,502179,82979099,83553,620348166,456578961,0
1789567455.8500016,160.502,9185329,671108,0,111,82,123,113035,874659,33357971,17801484,4000,62903616,45521792,64771556,0,1992328,0,3,1,0,14585441,3516708049,3536637498,51,51,1000,1569335,3142507,498082,82979099,83553,620348166,456578961,0
1789567456.1002796,160.753,9185654,671183,0,111,82,123,113036,874659,33358029,17801484,4000,62903856,45522032,64771556,0,1979956,0,3,2,0,14585461,3516957927,3536887418,51,51,1000,1569341,3142519,494989,82979277,83553,620348166,456578961,0
1789567456.3505828,161.003,9185968,671258,0,111,82,123,113038,874669,33358510,17801504,4112,62888020,45506176,64771556,0,1971512,0,3,2,0,14585596,3517174530,3537105293,51,51,1028,1568945,3141727,492878,82985731,83553,620348166,456578961,0
1789567456.6009784,161.253,9186274,671333,0,111,82,123,113041,874683,33359382,17801500,3552,62885988,45504136,64771556,0,1959480,0,3,1,0,14585678,3517374209,3537306365,51,51,888,1568895,3141626,489870,82994638,83553,620348166,456582905,0
1789567456.8513439,161.504,9186599,671408,0,111,82,123,113041,874683,33359438,17801496,3552,62885988,45504136,64771556,0,1951384,0,3,1,0,14585701,3517624432,3537556649,51,51,888,1568895,3141626,487846,82994638,83553,620348166,456582905,0
1789567457.1016495,161.754,9186924,671483,0,111,82,123,113041,874683,33359523,17801496,3552,62886336,45504484,64771556,0,1930704,0,3,1,0,14585738,3517874529,3537806923,51,51,888,1568903,3141643,482676,82994639,83553,620348166,456582905,0
1789567457.3519638,162.004,9187249,671559,0,111,82,123,113041,874683,33359614,17801496,3564,62886652,45504792,64771556,0,1922360,0,3,1,0,14585763,3518124423,3538056855,51,51,891,1568911,3141659,480590,82994640,83553,620348166,456582905,0
1789567457.6022503,162.255,9187575,671634,0,111,82,123,113041,874683,33359681,17801496,3564,62886652,45504792,64771556,0,1914168,0,3,1,0,14585791,3518374622,3538307114,51,51,891,1568911,3141659,478542,82994640,83553,620348166,456582905,0
1789567457.8525336,162.505,9187900,671709,0,111,82,123,113041,874683,33359738,17801496,3564,62886652,45504792,64771556,0,1901880,0,4,1,0,14585812,3518624497,3538557031,51,51,891,1568911,3141659,475470,82994642,83553,620348166,456582905,0
1789567458.1028101,162.755,9188225,671784,0,111,82,123,113041,874683,33359807,17801496,3564,62888396,45506536,64771556,0,1885496,0,3,1,0,14585833,3518874344,3538806947,51,51,891,1568955,3141746,471374,82994642,83553,620348166,456582905,0
1789567458.3531013,163.006,9188550,671859,0,111,82,123,113041,874683,33359882,17801496,3564,62888396,45506536,64771556,0,1873208,0,3,1,0,14585868,3519124550,3539057229,51,51,891,1568955,3141746,468302,82994644,83553,620348166,456582905,0
1789567458.6034083,163.256,9188875,671934,0,111,82,123,113041,874683,33359940,17801496,3564,62888396,45506536,64771556,0,1865016,0,3,1,0,14585889,3519374446,3539307157,51,51,891,1568955,3141746,466254,82994644,83553,620348166,456582905,0
1789567458.8536944,163.506,9189200,672009,0,111,82,123,113041,874683,33360010,17801496,3564,62888396,45506536,64771556,0,1844712,0,3,1,0,14585911,3519624028,3539556774,51,51,891,1568955,3141746,461178,82994645,83553,620348166,456582905,0
1789567459.1040087,163.756,9189526,672085,0,111,82,123,113041,874683,33360082,17801496,3564,62888396,45506536,64771556,0,1836464,0,3,1,0,14585937,3519874231,3539807031,51,51,891,1568955,3141746,459116,82994646,83553,620348166,456582905,0
1789567459.3542871,164.007,9189851,672160,0,111,82,123,113041,874683,33360143,17801496,3564,62891100,45509240,64771556,0,1828272,0,3,1,0,14585964,3520124428,3540057283,51,51,891,1569022,3141881,457068,82994647,83553,620348166,456582905,0
1789567459.604575,164.257,9190176,672235,0,111,82,123,113041,874683,33360198,17801496,3564,62891100,45509240,64771556,0,1816040,0,3,1,0,14585983,3520374316,3540307213,51,51,891,1569022,3141881,454010,82994648,83553,620348166,456582905,0
1789567459.8548505,164.507,9190501,672310,0,111,82,123,113041,874683,33360263,17801496,3564,62891100,45509240,64771556,0,1799796,0,3,1,0,14586007,3520624179,3540557130,51,51,891,1569022,3141881,449949,82994649,83553,620348166,456582905,0
1789567460.105125,164.758,9190826,672385,0,111,82,123,113041,874683,33360323,17801496,3564,62893464,45511604,64771556,0,1787568,0,3,1,0,14586033,3520874358,3540807377,51,51,891,1569081,3141999,446892,82994649,83553,620348166,456582905,0
1789567460.3553975,165.008,9191152,672460,0,111,82,123,113042,874683,33360378,17801492,3564,62893464,45511604,64771556,0,1779036,0,3,1,0,14586058,3521124555,3541057630,51,51,891,1569081,3141999,444759,82994650,83553,620348166,456582905,0
1789567460.6056817,165.258,9191477,672535,0,111,82,123,113042,874683,33360457,17801492,3568,62893464,45511604,64771556,0,1763288,0,3,1,0,14586084,3521374424,3541307554,51,51,892,1569081,3141999,440822,82994651,83553,620348166,456582953,0
1789567460.8559856,165.508,9191802,672610,0,111,82,123,113042,874683,33360512,17801492,3568,62893464,45511604,64771556,0,1750788,0,3,1,0,14586103,3521624321,3541557480,51,51,892,1569081,3141999,437697,82994653,83553,620348166,456582953,0
1789567461.106261,165.759,9192127,672685,0,111,82,123,113042,874683,33360571,17801492,3568,62895520,45513660,64771556,0,1742596,0,3,1,0,14586121,3521874207,3541807393,51,51,892,1569133,3142102,435649,82994653,83553,620348166,456582953,0
1789567461.3565333,166.009,9192452,672761,0,111,82,123,113042,874683,33360679,17801496,3568,62895776,45513916,64771556,0,1729848,0,3,1,0,14586150,3522124081,3542057316,51,51,892,1569139,3142115,432462,82994653,83553,620348166,456582953,0
1789567461.6068172,166.259,9192777,672836,0,111,82,123,113042,874683,33360740,17801496,3568,62895776,45513916,64771556,0,1713464,0,3,1,0,14586173,3522373944,3542307235,51,51,892,1569139,3142115,428366,82994654,83553,620348166,456582953,0
1789567461.8570936,166.509,9193102,672911,0,111,82,123,113042,874683,33360800,17801496,3568,62895776,45513916,64771556,0,1701176,0,3,1,0,14586193,3522623503,3542556824,51,51,892,1569139,3142115,425294,82994655,83553,620348166,456582953,0
1789567462.107369,166.76,9193428,672986,0,111,82,123,113042,874683,33360855,17801496,3568,62897348,45515488,64771556,0,1692984,0,3,1,0,14586212,3522873392,3542806740,51,51,892,1569178,3142194,423246,82994656,83553,620348166,456582953,0
1789567462.3576505,167.01,9193753,673061,0,111,82,123,113042,874683,33360916,17801496,3568,62897348,45515488,64771556,0,1676600,0,3,1,0,14586235,3523123262,3543056661,51,51,892,1569178,3142194,419150,82994657,83553,620348166,456582953,0
1789567462.607945,167.26,9194078,673136,0,111,82,123,113042,874683,33360970,17801496,3568,62897348,45515488,64771556,0,1664312,0,3,1,0,14586256,3523373483,3543306931,51,51,892,1569178,3142194,416078,82994658,83553,620348166,456582953,0
1789567462.8582246,167.511,9194403,673211,0,111,82,123,113042,874683,33361021,17801496,3568,62897348,45515488,64771556,0,1656120,0,3,1,0,14586278,3523623370,3543556850,51,51,892,1569178,3142194,414030,82994658,83553,620348166,456582953,0
1789567463.1085045,167.761,9194728,673286,0,111,82,123,113042,874683,33361088,17801496,3568,62898932,45517072,64771556,0,1643832,0,3,1,0,14586321,3523873227,3543806768,51,51,892,1569218,3142273,410958,82994659,83553,620348166,456582953,0
1789567463.3587914,168.011,9195053,673362,0,111,82,123,113042,874683,33361204,17801496,3568,62898932,45517072,64771556,0,1627568,0,3,1,0,14586345,3524122614,3544056423,51,51,892,1569218,3142273,406892,82994663,83553,620348166,456582953,0
1789567463.6091638,168.262,9195378,673437,0,111,82,123,113042,874683,33361259,17801496,3568,62898932,45517072,64771556,0,1615336,0,3,1,0,14586367,3524372841,3544306715,51,51,892,1569218,3142273,403834,82994665,83553,620348166,456582953,0
1789567463.859459,168.512,9195704,673512,0,111,82,123,113042,874683,33361313,17801496,3568,62898932,45517072,64771556,0,1607264,0,3,1,0,14586393,3524623056,3544556982,51,51,892,1569218,3142273,401816,82994666,83553,620348166,456582953,0
1789567464.109749,168.762,9196029,673587,0,111,82,123,113042,874684,33361370,17801496,3568,62898932,45517072,64771556,0,1590880,0,3,1,0,14586412,3524872640,3544806593,51,51,892,1569218,3142273,397720,82994667,83553,620348166,456582953,0
1789567464.3600512,169.012,9196354,673662,0,111,82,123,113042,874684,33361427,17801496,3568,62900316,45518456,64771556,0,1582728,0,3,1,0,14586437,3525122840,3545056851,51,51,892,1569252,3142342,395682,82994667,83553,620348166,456582953,0
1789567464.6103377,169.263,9196679,673737,0,111,82,123,113042,874684,33361482,17801496,3568,62900316,45518456,64771556,0,1566256,0,3,1,0,14586459,3525372718,3545306783,51,51,892,1569252,3142342,391564,82994670,83553,620348166,456582953,0
1789567464.86063,169.513,9197005,673812,0,111,82,123,113042,874684,33361534,17801496,3568,62900316,45518456,64771556,0,1554128,0,3,1,0,14586490,3525622713,3545557035,51,51,892,1569252,3142342,388532,82994670,83553,620348166,456582953,0
1789567465.1109247,169.763,9197330,673887,0,111,82,123,113042,874684,33361597,17801496,3568,62900316,45518456,64771556,0,1537872,0,3,1,0,14586515,3525872401,3545806981,51,51,892,1569252,3142342,384468,82994671,83553,620348166,456582953,0
1789567465.3612156,170.014,9197655,673962,0,111,82,123,113042,874684,33361695,17801496,3568,62901784,45519924,64771556,0,1533240,0,3,1,0,14586549,3526122572,3546057248,51,51,892,1569289,3142415,383310,82994671,83553,620348166,456582953,0
1789567465.6115267,170.264,9197980,674037,0,111,82,123,113043,874684,33361756,17801496,3440,62901784,45519924,64771556,0,1516856,0,3,1,0,14586579,3526372485,3546307523,51,51,860,1569289,3142415,379214,82994672,83553,620348166,456582997,0
1789567465.8618152,170.514,9198306,674112,0,111,82,123,113043,874684,33361819,17801496,3476,62902060,45520176,64771556,0,1504568,0,3,1,0,14586608,3526622476,3546557780,51,51,869,1569296,3142429,376142,82994673,83553,620348166,456583045,0
1789567466.1120968,170.764,9198631,674187,0,111,82,123,113043,874684,33361869,17801496,3476,62902060,45520176,64771556,0,1496376,0,3,1,0,14586637,3526872582,3546808033,51,51,869,1569296,3142429,374094,82994674,83553,620348166,456583045,0
1789567466.362376,171.015,9198956,674263,0,111,82,123,113043,874684,33361930,17801496,3476,62902060,45520176,64771556,0,1479992,0,3,1,0,14586662,3527121973,3547057623,51,51,869,1569296,3142429,369998,82994675,83553,620348166,456583045,0
1789567466.6126592,171.265,9199279,674338,0,111,82,123,113043,874686,33362012,17801496,3476,62902060,45520176,64771556,0,1467704,0,3,1,0,14586690,3527363451,3547299499,51,51,869,1569296,3142429,366926,82994684,83553,620348166,456583045,0
1789567466.8629694,171.515,9199604,674413,0,111,82,123,113043,874686,33362061,17801496,3476,62902060,45520176,64771556,0,1459512,0,3,1,0,14586714,3527613241,3547549418,51,51,869,1569296,3142429,364878,82994685,83553,620348166,456583045,0
1789567467.1132555,171.766,9199929,674488,0,111,82,123,113043,874686,33362122,17801496,3476,62902816,45520932,64771556,0,1447224,0,3,1,0,14586743,3527862932,3547799341,51,51,869,1569315,3142467,361806,82994687,83553,620348166,456583045,0
1789567467.3635306,172.016,9200254,674563,0,111,82,123,113043,874686,33362204,17801496,3476,62902816,45520932,64771556,0,1430960,0,3,1,0,14586772,3528112781,3548049265,51,51,869,1569315,3142467,357740,82994689,83553,620348166,456583045,0
1789567467.613812,172.266,9200579,674638,0,111,82,123,113043,874686,33362257,17801496,3476,62902816,45520932,64771556,0,1418616,0,3,1,0,14586800,3528362960,3548299508,51,51,869,1569315,3142467,354654,82994689,83553,620348166,456583045,0
1789567467.8640857,172.516,9200905,674713,0,111,82,123,113043,874686,33362310,17801496,3476,62902816,45520932,64771556,0,1410480,0,3,1,0,14586823,3528613161,3548549757,51,51,869,1569315,3142467,352620,82994690,83553,620348166,456583045,0
1789567468.1143591,172.767,9201230,674788,0,111,82,123,113043,874686,33362378,17801496,3476,62902816,45520932,64771556,0,1394096,0,3,1,0,14586842,3528862724,3548799348,51,51,869,1569315,3142467,348524,82994690,83553,620348166,456583045,0
1789567468.364645,173.017,9201555,674863,0,111,82,123,113043,874686,33362439,17801496,3476,62902816,45520932,64771556,0,1382036,0,3,1,0,14586866,3529112607,3549049273,51,51,869,1569315,3142467,345509,82994692,83553,620348166,456583045,0
1789567468.614938,173.267,9201880,674939,0,111,82,123,113043,874686,33362487,17801496,3476,62902816,45520932,64771556,0,1373836,0,3,1,0,14586887,3529362814,3549299534,51,51,869,1569315,3142467,343459,82994692,83553,620348166,456583045,0
1789567468.865213,173.518,9202205,675014,0,111,82,123,113043,874686,33362547,17801496,3476,62902816,45520932,64771556,0,1361272,0,3,1,0,14586916,3529612996,3549549784,51,51,869,1569315,3142467,340318,82994694,83553,620348166,456583045,0
1789567469.1154878,173.768,9202531,675089,0,111,82,123,113043,874686,33362622,17801496,3476,62902816,45520932,64771556,0,1345196,0,3,1,0,14586938,3529862862,3549799700,51,51,869,1569315,3142467,336299,82994694,83553,620348166,456583045,0
1789567469.3657649,174.018,9202856,675164,0,111,82,123,113043,874687,33362723,17801496,3476,62902808,45520924,64771556,0,1332536,0,3,1,0,14586967,3530112766,3550049645,51,51,869,1569315,3142467,333134,82994695,83553,620348166,456583045,0
1789567469.616083,174.268,9203181,675239,0,111,82,123,113043,874687,33362777,17801496,3476,62902808,45520924,64771556,0,1324464,0,3,1,0,14586994,3530362889,3550299912,51,51,869,1569315,3142467,331116,82994696,83553,620348166,456583045,0
1789567469.8663669,174.519,9203506,675314,0,111,82,123,113043,874687,33362845,17801496,3476,62902808,45520924,64771556,0,1308080,0,3,1,0,14587019,3530612455,3550549522,51,51,869,1569315,3142467,327020,82994696,83553,620348166,456583045,0
1789567470.1166682,174.769,9203831,675389,0,111,82,123,113043,874687,33362908,17801496,3476,62902808,45520924,64771556,0,1295792,0,3,1,0,14587040,3530862337,3550799466,51,51,869,1569315,3142467,323948,82994699,83553,620348166,456583045,0
1789567470.3669922,175.019,9204156,675464,0,111,82,123,113043,874687,33362963,17801496,3476,62902808,45520924,64771556,0,1287600,0,3,1,0,14587062,3531112264,3551049427,51,51,869,1569315,3142467,321900,82994699,83553,620348166,456583045,0
1789567470.6173067,175.27,9204482,675540,0,111,82,123,113043,874687,33363012,17801496,3476,62902808,45520924,64771556,0,1275312,0,3,1,0,14587080,3531362163,3551299353,51,51,869,1569315,3142467,318828,82994700,83553,620348166,456583045,0
1789567470.8675973,175.52,9204807,675615,0,111,82,123,113043,874687,33363087,17801488,3476,62902808,45520924,64771556,0,1258928,0,3,1,0,14587105,3531612037,3551549283,51,51,869,1569315,3142467,314732,82994701,83553,620348166,456583125,0
1789567471.1178935,175.77,9205132,675690,0,111,82,123,113043,874687,33363151,17801488,3476,62902808,45520924,64771556,0,1246640,0,3,1,0,14587124,3531861944,3551799218,51,51,869,1569315,3142467,311660,82994702,83553,620348166,456583125,0
1789567471.368169,176.021,9205457,675765,0,111,82,123,113043,874687,33363219,17801488,3476,62902808,45520924,64771556,0,1238448,0,3,1,0,14587144,3532111836,3552049139,51,51,869,1569315,3142467,309612,82994702,83553,620348166,456583125,0
1789567471.6184533,176.271,9205782,675840,0,111,82,123,113043,874687,33363278,17801488,3476,62902808,45520924,64771556,0,1222064,0,3,1,0,14587165,3532361391,3552298726,51,51,869,1569315,3142467,305516,82994704,83553,620348166,456583125,0
1789567471.8687258,176.521,9206107,675915,0,111,82,123,113043,874687,33363339,17801488,3476,62902808,45520924,64771556,0,1209776,0,3,1,0,14587190,3532611590,3552548988,51,51,869,1569315,3142467,302444,82994704,83553,620348166,456583125,0
1789567472.1190188,176.771,9206432,675991,0,111,82,123,113043,874687,33363388,17801488,3476,62902808,45520924,64771556,0,1201584,0,3,1,0,14587209,3532861481,3552798906,51,51,869,1569315,3142467,300396,82994705,83553,620348166,456583125,0
1789567472.3692992,177.022,9206758,676066,0,111,82,123,113043,874687,33363458,17801488,3476,62902808,45520924,64771556,0,1189480,0,3,1,0,14587235,3533111680,3553049161,51,51,869,1569315,3142467,297370,82994706,83553,620348166,456583125,0
1789567472.6195738,177.272,9207083,676141,0,111,82,123,113043,874687,33363505,17801488,3476,62902808,45520924,64771556,0,1181344,0,3,1,0,14587254,3533361568,3553299076,51,51,869,1569315,3142467,295336,82994707,83553,620348166,456583125,0
1789567472.869846,177.522,9207408,676216,0,111,82,123,113043,874687,33363574,17801488,3476,62902808,45520924,64771556,0,1160808,0,3,1,0,14587273,3533610802,3553548339,51,51,869,1569315,3142467,290202,82994708,83553,620348166,456583125,0
1789567473.1201322,177.773,9207733,676291,0,111,82,123,113043,874687,33363642,17801488,3476,62902808,45520924,64771556,0,1148456,0,3,1,0,14587300,3533861003,3553798602,51,51,869,1569315,3142467,287114,82994709,83553,620348166,456583125,0
1789567473.370433,178.023,9208058,676366,0,111,82,123,113043,874687,33363763,17801496,3524,62902800,45520916,64771556,0,1139104,0,3,1,0,14587330,3534110571,3554048240,51,51,881,1569314,3142466,284776,82994709,83553,620348166,456583125,0
1789567473.620789,178.273,9208383,676441,0,111,82,123,113043,874687,33363829,17801496,3524,62902800,45520916,64771556,0,1121800,0,3,1,0,14587351,3534360513,3554298214,51,51,881,1569314,3142466,280450,82994711,83553,620348166,456583125,0
1789567473.871101,178.524,9208708,676516,0,111,82,123,113043,874687,33363874,17801496,3524,62902800,45520916,64771556,0,1113608,0,3,1,0,14587370,3534610417,3554548144,51,51,881,1569314,3142466,278402,82994711,83553,620348166,456583125,0
1789567474.121386,178.774,9209033,676592,0,111,82,123,113043,874687,33363927,17801496,3524,62902800,45520916,64771556,0,1099636,0,3,1,0,14587394,3534860302,3554798075,51,51,881,1569314,3142466,274909,82994711,83553,620348166,456583125,0
1789567474.3716898,179.024,9209359,676667,0,111,82,123,113043,874687,33363990,17801496,3524,62902800,45520916,64771556,0,1088012,0,3,1,0,14587419,3535110166,3555048032,51,51,881,1569314,3142466,272003,82994713,83553,620348166,456583125,0
1789567474.621993,179.274,9209684,676742,0,111,82,123,113043,874687,33364040,17801496,3524,62902800,45520916,64771556,0,1076388,0,3,1,0,14587443,3535360355,3555298285,51,51,881,1569314,3142466,269097,82994713,83553,620348166,456583125,0
1789567474.8722837,179.525,9210009,676817,0,111,82,123,113043,874687,33364095,17801496,3524,62902800,45520916,64771556,0,1064764,0,3,1,0,14587469,3535610569,3555548550,51,51,881,1569314,3142466,266191,82994715,83553,620348166,456583125,0
1789567475.122568,179.775,9210334,676892,0,111,82,123,113043,874687,33364174,17801496,3524,62902800,45520916,64771556,0,1049364,0,3,2,0,14587493,3535860128,3555798147,51,51,881,1569314,3142466,262341,82994715,83553,620348166,456583125,0
1789567475.3729532,180.025,9210659,676967,0,111,82,123,113043,874687,33364238,17801496,3524,62902800,45520916,64771556,0,1041780,0,3,1,0,14587513,3536110061,3556048108,51,51,881,1569314,3142466,260445,82994717,83553,620348166,456583125,0
1789567475.6232414,180.276,9210985,677042,0,111,82,123,113043,874687,33364315,17801496,3524,62902800,45520916,64771556,0,1030156,0,3,1,0,14587537,3536360259,3556298370,51,51,881,1569314,3142466,257539,82994717,83553,620348166,456583125,0
1789567475.8735304,180.526,9211310,677118,0,111,82,123,113043,874687,33364374,17801496,3524,62902800,45520916,64771556,0,1014492,0,3,1,0,14587556,3536610168,3556548307,51,51,881,1569314,3142466,253623,82994719,83553,620348166,456583125,0
1789567476.1238375,180.776,9211635,677193,0,111,82,123,113043,874687,33364443,17801484,3524,62902800,45520916,64771556,0,1002868,0,3,1,0,14587577,3536860074,3556798244,51,51,881,1569314,3142466,250717,82994720,83553,620348166,456583189,0
1789567476.374121,181.027,9211960,677268,0,111,82,123,113043,874687,33364505,17801484,3524,62902800,45520916,64771556,0,991244,0,3,1,0,14587598,3537110288,3557048497,51,51,881,1569314,3142466,247811,82994720,83553,620348166,456583189,0
1789567476.6244042,181.277,9212279,677343,0,111,82,123,113043,874694,33364578,17801484,3524,62902800,45520916,64771556,0,979620,0,3,1,0,14587781,3537341932,3557280291,51,51,881,1569314,3142466,244905,82994732,83553,620348166,456583189,0
1789567476.8746955,181.527,9212604,677418,0,111,82,123,113043,874694,33364628,17801484,3524,62902800,45520916,64771556,0,967996,0,3,1,0,14587803,3537592154,3557530568,51,51,881,1569314,3142466,241999,82994732,83553,620348166,456583189,0
1789567477.1249986,181.777,9212930,677493,0,111,82,123,113043,874694,33364702,17801484,3524,62902800,45520916,64771556,0,952012,0,3,1,0,14587829,3537842254,3557780815,51,51,881,1569314,3142466,238003,82994735,83553,620348166,456583189,0
1789567477.375279,182.028,9213255,677568,0,111,82,123,113043,874694,33364817,17801496,3540,62903112,45521224,64771556,0,943764,0,3,1,0,14587867,3538092431,3558031071,51,51,885,1569322,3142482,235941,82994735,83553,620348166,456583189,0
1789567477.6255639,182.278,9213580,677643,0,111,82,123,113043,874694,33364877,17801496,3540,62903112,45521224,64771556,0,931540,0,3,1,0,14587892,3538341886,3558280667,51,51,885,1569322,3142482,232885,82994737,83553,620348166,456583189,0
1789567477.8758426,182.528,9213905,677718,0,111,82,123,113043,874694,33364922,17801496,3540,62903112,45521224,64771556,0,923396,0,3,1,0,14587918,3538591999,3558530924,51,51,885,1569322,3142482,230849,82994737,83553,620348166,456583189,0
1789567478.1261268,182.779,9214230,677793,0,111,82,123,113043,874694,33364983,17801496,3540,62903112,45521224,64771556,0,907004,0,3,1,0,14587948,3538842000,3558781168,51,51,885,1569322,3142482,226751,82994738,83553,620348166,456583189,0
1789567478.3764005,183.029,9214556,677868,0,111,82,123,113043,874694,33365036,17801496,3540,62903112,45521224,64771556,0,898752,0,3,1,0,14587977,3539092068,3559031420,51,51,885,1569322,3142482,224688,82994738,83553,620348166,456583189,0
1789567478.6266787,183.279,9214881,677943,0,111,82,123,113043,874694,33365103,17801496,3540,62903112,45521224,64771556,0,882420,0,3,1,0,14588008,3539342043,3559281666,51,51,885,1569322,3142482,220605,82994740,83553,620348166,456583189,0
1789567478.8769808,183.529,9215206,678018,0,111,82,123,113043,874694,33365152,17801496,3540,62903112,45521224,64771556,0,874228,0,3,1,0,14588031,3539591852,3559531596,51,51,885,1569322,3142482,218557,82994741,83553,620348166,456583189,0
1789567479.1272655,183.78,9215532,678093,0,111,82,123,113043,874694,33365223,17801496,3540,62903112,45521224,64771556,0,857836,0,3,1,0,14588061,3539841862,3559781853,51,51,885,1569322,3142482,214459,82994742,83553,620348166,456583189,0
1789567479.3775506,184.03,9215857,678168,0,111,82,123,113043,874694,33365284,17801496,3540,62903112,45521224,64771556,0,849644,0,3,1,0,14588086,3540091673,3560031791,51,51,885,1569322,3142482,212411,82994742,83553,620348166,456583189,0
1789567479.6278503,184.28,9216182,678243,0,111,82,123,113043,874694,33365350,17801496,3540,62903112,45521224,64771556,0,833252,0,3,1,0,14588116,3540341375,3560281726,51,51,885,1569322,3142482,208313,82994743,83553,620348166,456583189,0
1789567479.878145,184.531,9216507,678319,0,111,82,123,113043,874694,33365395,17801496,3540,62903112,45521224,64771556,0,825060,0,3,1,0,14588138,3540591183,3560531651,51,51,885,1569322,3142482,206265,82994744,83553,620348166,456583189,0
1789567480.1284344,184.781,9216833,678394,0,111,82,123,113043,874694,33365469,17801496,3540,62903112,45521224,64771556,0,808788,0,3,1,0,14588169,3540841275,3560781911,51,51,885,1569322,3142482,202197,82994746,83553,620348166,456583189,0
1789567480.3787134,185.031,9217158,678469,0,111,82,123,113043,874694,33365524,17801496,3540,62903112,45521224,64771556,0,800596,0,3,1,0,14588189,3541091188,3561031851,51,51,885,1569322,3142482,200149,82994746,83553,620348166,456583189,0
1789567480.629016,185.281,9217483,678544,0,111,82,123,113043,874694,33365595,17801496,3540,62903112,45521224,64771556,0,784204,0,3,1,0,14588216,3541340970,3561281776,51,51,885,1569322,3142482,196051,82994747,83553,620348166,456583189,0
1789567480.8792984,185.532,9217808,678619,0,111,82,123,113043,874694,33365647,17801496,3540,62903112,45521224,64771556,0,776012,0,3,1,0,14588244,3541591073,3561532024,51,51,885,1569322,3142482,194003,82994748,83553,620348166,456583189,0
1789567481.1295753,185.782,9218133,678694,0,111,82,123,113043,874694,33365720,17801496,3540,62903112,45521224,64771556,0,759620,0,3,1,0,14588271,3541840473,3561781633,51,51,885,1569322,3142482,189905,82994748,83553,620348166,456583189,0
1789567481.379901,186.032,9218459,678769,0,111,82,123,113044,874694,33365817,17801496,3540,62903364,45521476,64771556,0,751188,0,3,1,0,14588302,3542090276,3562031589,51,51,885,1569328,3142494,187797,82994751,83553,620348166,456583189,0
1789567481.6301942,186.283,9218784,678844,0,111,82,123,113044,874694,33365903,17801484,3540,62903364,45521476,64771556,0,734796,0,3,1,0,14588326,3542339502,3562280855,51,51,885,1569328,3142494,183699,82994751,83553,620348166,456583253,0
1789567481.8804812,186.533,9219109,678920,0,111,82,123,113044,874694,33365948,17801484,3540,62903364,45521476,64771556,0,726604,0,3,1,0,14588345,3542589392,3562530773,51,51,885,1569328,3142494,181651,82994752,83553,620348166,456583253,0
1789567482.1307557,186.783,9219434,678995,0,111,82,123,113044,874694,33366014,17801484,3540,62903364,45521476,64771556,0,710212,0,3,1,0,14588370,3542839277,3562780711,51,51,885,1569328,3142494,177553,82994752,83553,620348166,456583253,0
1789567482.3810575,187.033,9219759,679070,0,111,82,123,113044,874694,33366069,17801484,3540,62903364,45521476,64771556,0,697924,0,3,1,0,14588390,3543089155,3563030626,51,51,885,1569328,3142494,174481,82994753,83553,620348166,456583253,0
1789567482.6313405,187.284,9220084,679145,0,111,82,123,113044,874694,33366126,17801484,3540,62903364,45521476,64771556,0,685636,0,3,1,0,14588418,3543338941,3563280563,51,51,885,1569328,3142494,171409,82994755,83553,620348166,456583253,0
1789567482.8816376,187.534,9220409,679220,0,111,82,123,113044,874694,33366173,17801484,3540,62903364,45521476,64771556,0,677444,0,3,1,0,14588444,3543588736,3563530486,51,51,885,1569328,3142494,169361,82994756,83553,620348166,456583253,0
1789567483.1319337,187.784,9220735,679295,0,111,82,123,113044,874694,33366253,17801484,3540,62903364,45521476,64771556,0,661180,0,3,1,0,14588501,3543838410,3563780419,51,51,885,1569328,3142494,165295,82994756,83553,620348166,456583253,0
1789567483.382223,188.035,9221060,679370,0,111,82,123,113044,874695,33366363,17801484,3540,62903364,45521476,64771556,0,653148,0,3,1,0,14588527,3544087215,3564030390,51,51,885,1569328,3142494,163287,82994771,83553,620348166,456583253,0
1789567483.6325614,188.285,9221385,679445,0,111,82,123,113044,874695,33366424,17801484,3540,62903364,45521476,64771556,0,636884,0,3,1,0,14588550,3544337107,3564280336,51,51,885,1569328,3142494,159221,82994771,83553,620348166,456583253,0
1789567483.8828561,188.535,9221710,679520,0,111,82,123,113044,874695,33366467,17801484,3540,62903364,45521476,64771556,0,628692,0,3,1,0,14588575,3544587320,3564530600,51,51,885,1569328,3142494,157173,82994772,83553,620348166,456583253,0
1789567484.133156,188.786,9222035,679595,0,111,82,123,113044,874695,33366526,17801484,3540,62903364,45521476,64771556,0,612308,0,3,1,0,14588597,3544837213,3564780541,51,51,885,1569328,3142494,153077,82994774,83553,620348166,456583253,0
1789567484.3834455,189.036,9222361,679670,0,111,82,123,113044,874695,33366590,17801484,3540,62903364,45521476,64771556,0,604116,0,3,1,0,14588621,3545087417,3565030799,51,51,885,1569328,3142494,151029,82994775,83553,620348166,456583253,0
1789567484.63373,189.286,9222686,679746,0,111,82,123,113044,874695,33366654,17801484,3540,62903364,45521476,64771556,0,587732,0,3,1,0,14588642,3545336984,3565280405,51,51,885,1569328,3142494,146933,82994775,83553,620348166,456583253,0
1789567484.884024,189.536,9223011,679821,0,111,82,123,113044,874695,33366701,17801484,3540,62903364,45521476,64771556,0,579540,0,3,1,0,14588661,3545586878,3565530326,51,51,885,1569328,3142494,144885,82994775,83553,620348166,456583253,0
1789567485.134305,189.787,9223336,679896,0,111,82,123,113044,874695,33366784,17801476,3540,62903364,45521476,64771556,0,563288,0,3,1,0,14588682,3545835784,3565779269,51,51,885,1569328,3142494,140822,82994777,83553,620348166,456583317,0
1789567485.3846123,190.037,9223661,679971,0,111,82,123,113044,874695,33366887,17801496,3560,62903604,45521716,64771556,0,554564,0,3,1,0,14588710,3546086006,3566029551,51,51,890,1569334,3142506,138641,82994779,83553,620348166,456583317,0
1789567485.634927,190.287,9223986,680046,0,111,82,123,113044,874695,33366959,17801496,3560,62903604,45521716,64771556,0,538180,0,3,1,0,14588732,3546335903,3566279495,51,51,890,1569334,3142506,134545,82994780,83553,620348166,456583317,0
1789567485.8852131,190.538,9224311,680122,0,111,82,123,113044,874695,33367005,17801496,3560,62903604,45521716,64771556,0,529988,0,3,1,0,14588751,3546585816,3566529434,51,51,890,1569334,3142506,132497,82994781,83553,620348166,456583317,0
1789567486.135517,190.788,9224636,680197,0,111,82,123,113044,874695,33367066,17801496,3560,62903604,45521716,64771556,0,513604,0,3,1,0,14588772,3546835389,3566779038,51,51,890,1569334,3142506,128401,82994783,83553,620348166,456583317,0
1789567486.3858197,191.038,9224961,680272,0,111,82,123,113044,874695,33367119,17801496,3560,62903604,45521716,64771556,0,505412,0,3,1,0,14588791,3547085302,3567028980,51,51,890,1569334,3142506,126353,82994783,83553,620348166,456583317,0
1789567486.6361148,191.289,9225287,680347,0,111,82,123,113044,874695,33367198,17801496,3564,62902860,45520972,64771556,0,489028,0,3,1,0,14588821,3547335253,3567279251,51,51,891,1569316,3142469,122257,82994790,83553,620348166,456583369,0
1789567486.8864207,191.539,9225612,680422,0,111,82,123,113044,874695,33367245,17801496,3564,62902860,45520972,64771556,0,480836,0,3,1,0,14588841,3547585154,3567529183,51,51,891,1569316,3142469,120209,82994791,83553,620348166,456583369,0
1789567487.1367142,191.789,9225937,680497,0,111,82,123,113044,874695,33367339,17801496,3564,62903100,45521212,64771556,0,464572,0,3,1,0,14588877,3547834957,3567779135,51,51,891,1569322,3142481,116143,82994792,83553,620348166,456583369,0
1789567487.3870287,192.039,9226261,680571,0,111,82,123,113044,874696,33367424,17801496,3564,62903100,45521212,64771556,0,452284,0,3,1,0,14588902,3548079262,3568027093,51,51,891,1569322,3142481,113071,82995496,83553,620348166,456583369,0
1789567487.6373403,192.29,9226580,680647,0,111,82,123,113047,874699,33368487,17801496,176,62901556,45519624,64771556,0,439876,0,3,1,0,14589084,3548308663,3568258932,51,51,44,1569283,3142404,109969,83001760,83553,620348166,456588865,0
1789567487.8877027,192.54,9226905,680722,0,111,82,123,113047,874699,33368540,17801496,176,62901556,45519624,64771556,0,431684,0,3,1,0,14589108,3548558925,3568509257,51,51,44,1569283,3142404,107921,83001760,83553,620348166,456588865,0
1789567488.1380434,192.79,9227230,680797,0,111,82,123,113047,874699,33368601,17801496,176,62902672,45520740,64771556,0,415300,0,3,1,0,14589133,3548808834,3568759217,51,51,44,1569311,3142460,103825,83001761,83553,620348166,456588865,0
1789567488.3883622,193.041,9227555,680872,0,111,82,123,113047,874699,33368661,17801496,176,62902672,45520740,64771556,0,407108,0,3,1,0,14589152,3549058750,3569009160,51,51,44,1569311,3142460,101777,83001762,83553,620348166,456588865,0
1789567488.6386585,193.291,9227880,680948,0,111,82,123,113047,874699,33368729,17801496,176,62902672,45520740,64771556,0,390844,0,3,1,0,14589174,3549308329,3569258769,51,51,44,1569311,3142460,97711,83001763,83553,620348166,456588865,0
1789567488.8889868,193.541,9228206,681023,0,111,82,123,113047,874699,33368774,17801496,176,62902672,45520740,64771556,0,382532,0,3,1,0,14589193,3549558244,3569508713,51,51,44,1569311,3142460,95633,83001764,83553,620348166,456588865,0
1789567489.1392796,193.792,9228531,681098,0,111,82,123,113047,874699,33368841,17801496,176,62903488,45521556,64771556,0,374340,0,3,1,0,14589220,3549808139,3569758651,51,51,44,1569332,3142501,93585,83001764,83553,620348166,456588865,0
1789567489.389579,194.042,9228856,681173,0,111,82,123,113047,874699,33368952,17801500,176,62903164,45521224,64771556,0,357956,0,3,1,0,14589249,3550058024,3570008596,51,51,44,1569323,3142484,89489,83001765,83553,620348166,456588865,0
1789567489.6398983,194.292,9229181,681248,0,111,82,123,113047,874699,33369018,17801500,176,62903164,45521224,64771556,0,349884,0,3,1,0,14589278,3550308123,3570258874,51,51,44,1569323,3142484,87471,83001765,83553,620348166,456588865,0
1789567489.890185,194.543,9229506,681323,0,111,82,123,113047,874699,33369075,17801500,176,62903164,45521224,64771556,0,333500,0,3,1,0,14589306,3550557823,3570508794,51,51,44,1569323,3142484,83375,83001767,83553,620348166,456588865,0
1789567490.1404736,194.793,9229832,681398,0,111,82,123,113047,874699,33369137,17801500,176,62903164,45521224,64771556,0,325308,0,3,1,0,14589332,3550807943,3570759054,51,51,44,1569323,3142484,81327,83001768,83553,620348166,456588865,0
1789567490.390754,195.043,9230157,681473,0,111,82,123,113047,874699,33369208,17801500,176,62903164,45521224,64771556,0,309044,0,3,1,0,14589362,3551057658,3571008995,51,51,44,1569323,3142484,77261,83001769,83553,620348166,456588865,0
1789567490.6410549,195.293,9230482,681548,0,111,82,123,113047,874699,33369271,17801500,176,62903164,45521224,64771556,0,300852,0,3,1,0,14589393,3551307732,3571259249,51,51,44,1569323,3142484,75213,83001769,83553,620348166,456588865,0
1789567490.8913405,195.544,9230808,681623,0,111,82,123,113047,874699,33369339,17801500,176,62903164,45521224,64771556,0,284468,0,3,1,0,14589425,3551557415,3571509164,51,51,44,1569323,3142484,71117,83001770,83553,620348166,456588865,0
1789567491.141612,195.794,9231133,681698,0,111,82,123,113047,874699,33369392,17801500,176,62903164,45521224,64771556,0,276276,0,3,1,0,14589451,3551807210,3571759076,51,51,44,1569323,3142484,69069,83001770,83553,620348166,456588865,0
1789567491.3919141,196.044,9231458,681774,0,111,82,123,113047,874699,33369470,17801500,176,62903164,45521224,64771556,0,259892,0,3,1,0,14589483,3552056918,3572009024,51,51,44,1569323,3142484,64973,83001773,83553,620348166,456588865,0
1789567491.6421955,196.295,9231783,681849,0,111,82,123,113047,874699,33369537,17801500,176,62903164,45521224,64771556,0,251700,0,3,1,0,14589511,3552306705,3572258939,51,51,44,1569323,3142484,62925,83001773,83553,620348166,456588865,0
1789567491.8924696,196.545,9232108,681924,0,111,82,123,113047,874699,33369602,17801488,176,62903164,45521224,64771556,0,235316,0,3,1,0,14589537,3552556092,3572508528,51,51,44,1569323,3142484,58829,83001774,83553,620348166,456588921,0
1789567492.1427505,196.795,9232433,681999,0,111,82,123,113047,874699,33369654,17801488,176,62903164,45521224,64771556,0,227124,0,3,1,0,14589565,3552805909,3572758466,51,51,44,1569323,3142484,56781,83001774,83553,620348166,456588921,0
1789567492.3930469,197.045,9232759,682074,0,111,82,123,113047,874699,33369709,17801488,176,62903164,45521224,64771556,0,214892,0,3,1,0,14589589,3553055642,3573008385,51,51,44,1569323,3142484,53723,83001775,83553,620348166,456588921,0
1789567492.6433294,197.296,9233084,682149,0,111,82,123,113047,874699,33369776,17801488,176,62903164,45521224,64771556,0,199260,0,3,1,0,14589619,3553305355,3573258307,51,51,44,1569323,3142484,49815,83001776,83553,620348166,456588921,0
1789567492.8936112,197.546,9233409,682224,0,111,82,123,113047,874699,33369830,17801488,176,62903164,45521224,64771556,0,190924,0,3,1,0,14589647,3553555140,3573508235,51,51,44,1569323,3142484,47731,83001778,83553,620348166,456588921,0
1789567493.143915,197.796,9233734,682299,0,111,82,123,113048,874699,33369890,17801488,176,62903164,45521224,64771556,0,175348,0,3,1,0,14589677,3553805179,3573758515,51,51,44,1569323,3142484,43837,83001779,83553,620348166,456588921,0
1789567493.3942137,198.047,9234059,682374,0,111,82,123,113048,874699,33370036,17801500,180,62903164,45521224,64771556,0,158580,0,3,1,0,14589715,3554053833,3574007826,51,51,45,1569323,3142484,39645,83001788,83553,620348166,456588921,0
1789567493.6445627,198.297,9234384,682449,0,111,82,123,113048,874699,33370084,17801500,180,62903164,45521224,64771556,0,151052,0,3,1,0,14589737,3554304088,3574258114,51,51,45,1569323,3142484,37763,83001788,83553,620348166,456588921,0
1789567493.894891,198.547,9234710,682525,0,111,82,123,113048,874699,33370143,17801500,180,62903164,45521224,64771556,0,134668,0,3,1,0,14589760,3554554002,3574508082,51,51,45,1569323,3142484,33667,83001788,83553,620348166,456588921,0
1789567494.1452096,198.798,9235035,682600,0,111,82,123,113048,874699,33370191,17801500,184,62903164,45521224,64771556,0,127140,0,3,1,0,14589781,3554804248,3574758359,51,51,46,1569323,3142484,31785,83001792,83553,620348166,456588921,0
1789567494.3955123,199.048,9235360,682675,0,111,82,123,113048,874699,33370265,17801500,184,62903164,45521224,64771556,0,110756,0,3,1,0,14589811,3555053808,3575007975,51,51,46,1569323,3142484,27689,83001793,83553,620348166,456588921,0
1789567494.6458206,199.298,9235685,682750,0,111,82,123,113048,874699,33370316,17801500,184,62903164,45521224,64771556,0,103228,0,3,1,0,14589832,3555304042,3575258243,51,51,46,1569323,3142484,25807,83001794,83553,620348166,456588921,0
1789567494.8961165,199.549,9236010,682825,0,111,82,123,113048,874699,33370387,17801500,184,62903420,45521480,64771556,0,86844,0,3,1,0,14589858,3555553487,3575507861,51,51,46,1569330,3142497,21711,83001795,83553,620348166,456588921,0
1789567495.1464345,199.799,9236335,682900,0,111,82,123,113048,874699,33370445,17801500,184,62903420,45521480,64771556,0,79316,0,3,1,0,14589889,3555803641,3575758132,51,51,46,1569330,3142497,19829,83001796,83553,620348166,456588921,0
1789567495.3967345,200.049,9236661,682975,0,111,82,123,113048,874699,33370514,17801500,184,62903420,45521480,64771556,0,63172,0,3,1,0,14589917,3556053055,3576007754,51,51,46,1569330,3142497,15793,83001797,83553,620348166,456588921,0
1789567495.64704,200.299,9236986,683050,0,111,82,123,113048,874699,33370563,17801500,184,62903420,45521480,64771556,0,55788,0,3,1,0,14589942,3556303192,3576258005,51,51,46,1569330,3142497,13947,83001798,83553,620348166,456588921,0
1789567495.8973193,200.55,9237311,683126,0,111,82,123,113048,874699,33370631,17801500,184,62903420,45521480,64771556,0,39260,0,3,1,0,14589974,3556552870,3576507924,51,51,46,1569330,3142497,9815,83001799,83553,620348166,456588921,0
1789567496.1475961,200.8,9237636,683201,0,111,82,123,113048,874699,33370679,17801500,184,62903420,45521480,64771556,0,31876,0,3,1,0,14589997,3556803018,3576758177,51,51,46,1569330,3142497,7969,83001800,83553,620348166,456588921,0
1789567496.397895,201.05,9237962,683276,0,111,82,123,113048,874699,33370752,17801500,184,62903420,45521480,64771556,0,15348,0,3,1,0,14590027,3557052717,3577008110,51,51,46,1569330,3142497,3837,83001800,83553,620348166,456588921,0
1789567496.648206,201.301,9238270,683303,0,111,82,123,113068,874743,33375726,17799780,304960,62865220,45485012,64771556,0,0,0,0,3,0,14590717,3557101605,3577057064,51,51,76240,1568375,3140586,0,83009812,83553,620348258,456588921,0
1789567496.8986714,201.551,9238508,683303,0,111,82,123,113074,874898,33379647,17799804,304844,62782344,45402040,64771556,0,0,0,0,5,0,14590886,3557101874,3577057332,51,51,76211,1566306,3136443,0,83022693,83553,620348282,456588941,0
1789567497.1491764,201.802,9238740,683303,0,111,82,123,113079,875061,33382704,17799804,304844,62763080,45382776,64771556,0,0,0,0,5,0,14591052,3557101874,3577057332,51,51,76211,1565825,3135480,0,83028341,83553,620348282,456588941,0
1789567497.3996646,202.052,9239018,683303,0,111,82,123,113085,875178,33385676,17799804,305508,62714256,45333940,64771556,0,0,0,0,5,0,14591131,3557101879,3577057337,51,51,76377,1564607,3133039,0,83036015,83553,620348282,456589617,0
1789567497.6501503,202.303,9239300,683303,0,111,82,123,113091,875290,33387243,17799900,305604,62684812,45304404,64771556,0,0,0,0,6,0,14591175,3557101879,3577057337,51,51,76401,1563872,3131567,0,83047250,83553,620348282,456589617,0
1789567497.9006295,202.553,9239584,683303,0,111,82,123,113097,875400,33389590,17799900,305604,62614092,45233680,64771556,0,0,0,0,8,0,14591325,3557101879,3577057337,51,51,76401,1562106,3128032,0,83063050,83553,620348282,456589617,0
1789567498.1511075,202.804,9239863,683303,0,111,82,123,113102,875515,33391956,17799996,305700,62595764,45215260,64771556,0,0,0,0,6,0,14591447,3557101879,3577057337,51,51,76425,1561649,3127116,0,83069284,83553,620348282,456589617,0
1789567498.4015687,203.054,9240152,683303,0,111,82,123,113108,875621,33394775,17799996,305700,62595568,45215064,64771556,0,0,0,0,13,0,14591537,3557101879,3577057337,51,51,76425,1561644,3127106,0,83069670,83553,620348282,456589617,0
1789567498.652055,203.304,9240435,683303,0,111,82,123,113113,875733,33397986,17799996,305700,62594308,45213804,64771556,0,0,0,0,5,0,14591642,3557101879,3577057337,51,51,76425,1561612,3127043,0,83070441,83553,620348282,456589617,0
1789567498.9025402,203.555,9240723,683303,0,111,82,123,113118,875840,33399007,17800092,305796,62594404,45213804,64771556,0,0,0,0,5,0,14591673,3557101879,3577057337,51,51,76449,1561615,3127048,0,83070453,83553,620348282,456589617,0
1789567499.1530435,203.805,9241008,683303,0,111,82,123,113124,875950,33400447,17800092,305796,62596340,45215740,64771556,0,0,0,0,5,0,14591727,3557101879,3577057337,51,51,76449,1561663,3127145,0,83070675,83553,620348282,456589617,0
1789567499.4035347,204.056,9241285,683303,0,111,82,123,113129,876067,33402199,17800188,305892,62595116,45214416,64771556,0,0,0,0,5,0,14591815,3557101879,3577057337,51,51,76473,1561632,3127084,0,83071536,83553,620348282,456589617,0
1789567499.6540167,204.306,9241580,683303,0,111,82,123,113134,876167,33402893,17800188,305892,62595116,45214416,64771556,0,0,0,0,6,0,14591826,3557101879,3577057337,51,51,76473,1561632,3127084,0,83071540,83553,620348282,456589617,0
1789567499.9047196,204.557,9241867,683303,0,111,82,123,113139,876276,33403634,17800284,305988,62595208,45214416,64771556,0,0,0,0,6,0,14591846,3557101879,3577057337,51,51,76497,1561635,3127088,0,83071548,83553,620348282,456589617,0
1789567500.1554391,204.808,9242139,683303,0,111,82,123,113145,876401,33404746,17800284,305988,62592844,45212052,64771556,0,0,0,0,7,0,14592025,3557101879,3577057337,51,51,76497,1561576,3126970,0,83072781,83553,620348282,456589617,0
1789567500.4061341,205.059,9242427,683303,0,111,82,123,113150,876508,33405607,17800380,306084,62592632,45211744,64771556,0,0,0,0,6,0,14592052,3557101879,3577057337,51,51,76521,1561570,3126959,0,83072786,83553,620348282,456589617,0
1789567500.656847,205.309,9242700,683303,0,111,82,123,113155,876631,33406566,17800380,306084,62592632,45211744,64771556,0,0,0,0,5,0,14592079,3557101879,3577057337,51,51,76521,1561570,3126959,0,83072809,83553,620348282,456589617,0
1789567500.907466,205.56,9242982,683303,0,111,82,123,113161,876743,33408068,17800380,306084,62575988,45195096,64771556,0,0,0,0,5,0,14592156,3557101879,3577057337,51,51,76521,1561155,3126127,0,83076475,83553,620348282,456589617,0
1789567501.1579435,205.81,9243278,683303,0,111,82,123,113166,876843,33408672,17800476,306180,62540036,45159052,64771556,0,0,0,0,5,0,14592179,3557101879,3577057337,51,51,76545,1560258,3124330,0,83083027,83553,620348282,456589617,0
1789567501.4084096,206.061,9243566,683303,0,111,82,123,113171,876949,33409305,17800480,308064,62539640,45158648,64771556,0,0,0,0,5,0,14592206,3557101902,3577057361,51,51,77016,1560248,3124311,0,83083693,83553,620348298,456589617,0
1789567501.6588824,206.311,9243862,683303,0,111,82,123,113176,877047,33410044,17800576,308160,62539360,45158272,64771556,0,0,0,0,5,0,14592226,3557101902,3577057361,51,51,77040,1560241,3124297,0,83083966,83553,620348298,456589617,0
1789567501.909364,206.562,9244157,683303,0,111,82,123,113181,877147,33411073,17800576,308160,62539360,45158272,64771556,0,0,0,0,5,0,14592240,3557101902,3577057361,51,51,77040,1560241,3124297,0,83084036,83553,620348298,456589617,0
1789567502.1598465,206.812,9244454,683303,0,111,82,123,113186,877245,33411656,17800680,308256,62546792,45165604,64771556,0,0,0,0,5,0,14592261,3557101902,3577057361,51,51,77064,1560426,3124668,0,83084039,83553,620348298,456589617,0
1789567502.410309,207.063,9244737,683303,0,111,82,123,113191,877357,33413011,17800680,308256,62546024,45164828,64771556,0,0,0,0,5,0,14592321,3557101902,3577057361,51,51,77064,1560407,3124630,0,83084898,83553,620348298,456589617,0
1789567502.6610367,207.313,9245032,683303,0,111,82,123,113198,877456,33413538,17800776,308352,62546052,45164764,64771556,0,0,0,0,5,0,14592335,3557101902,3577057361,51,51,77088,1560408,3124631,0,83085376,83553,620348298,456589617,0
1789567502.9116707,207.564,9245322,683303,0,111,82,123,113202,877562,33414070,17800776,308352,62546052,45164764,64771556,0,0,0,0,5,0,14592356,3557101902,3577057361,51,51,77088,1560408,3124631,0,83085382,83553,620348298,456589617,0
1789567503.1621754,207.815,9245615,683303,0,111,82,123,113206,877666,33414993,17800776,308352,62552496,45171208,64771556,0,0,0,0,5,0,14592472,3557101902,3577057361,51,51,77088,1560569,3124953,0,83085401,83553,620348298,456589617,0
1789567503.4126358,208.065,9245903,683303,0,111,82,123,113213,877771,33416801,17800776,308352,62547964,45166672,64771556,0,0,0,0,5,0,14592531,3557101902,3577057361,51,51,77088,1560455,3124727,0,83086640,83553,620348298,456589617,0
1789567503.663133,208.316,9246198,683303,0,111,82,123,113217,877871,33417170,17800872,308448,62547752,45166368,64771556,0,0,0,0,5,0,14592543,3557101902,3577057361,51,51,77112,1560450,3124716,0,83086642,83553,620348298,456589617,0
1789567503.9136043,208.566,9246497,683303,0,111,82,123,113220,877970,33417557,17800872,308448,62547752,45166368,64771556,0,0,0,0,5,0,14592548,3557101902,3577057361,51,51,77112,1560450,3124716,0,83086645,83553,620348298,456589617,0
1789567504.164092,208.816,9246781,683303,0,111,82,123,113225,878081,33418648,17800968,308544,62553936,45172452,64771556,0,0,0,0,5,0,14592798,3557101902,3577057361,51,51,77136,1560605,3125025,0,83087616,83553,620348298,456589617,0
1789567504.4145868,209.067,9247070,683304,0,111,82,123,113232,878187,33419164,17801068,308640,62553804,45172228,64771556,0,0,0,0,5,0,14592821,3557102310,3577057768,51,51,77160,1560601,3125019,0,83087664,83554,620348310,456589617,0
1789567504.6650689,209.317,9247379,683304,0,111,82,123,113234,878275,33419607,17801076,308640,62551432,45169856,64771556,0,0,0,0,3,0,14592837,3557102310,3577057768,51,51,77160,1560542,3124900,0,83088608,83554,620348310,456589617,0
1789567504.9155262,209.568,9247755,683304,0,111,82,123,113235,878301,33419673,17801076,308640,62551332,45169756,64771556,0,0,0,0,2,0,14592849,3557102310,3577057768,51,51,77160,1560539,3124895,0,83088608,83554,620348310,456589617,0
1789567505.1659963,209.818,9248128,683304,0,111,82,123,113241,878321,33419922,17969636,477200,62545592,44991812,64771556,0,0,0,0,2,0,14592959,3557102310,3577057768,51,51,119300,1560306,3124427,0,83088610,83554,620348310,456589617,0
1789567505.4164495,210.069,9248503,683304,0,111,82,123,113247,878341,33420037,17969636,477200,62508432,44954652,64771556,0,0,0,0,2,0,14592991,3557102310,3577057768,51,51,119300,1559378,3122569,0,83098913,83554,620348310,456589617,0
1789567505.666816,210.319,9248879,683304,0,111,82,123,113259,878353,33420233,17969636,477200,62250404,44696624,64771556,0,0,0,0,2,0,14592993,3557102310,3577057768,51,51,119300,1552937,3109671,0,83164236,83554,620348310,456589617,0
1789567505.9171796,210.57,9249254,683304,0,111,82,123,113265,878373,33420390,17969636,477200,62129204,44575424,64771556,0,0,0,0,2,0,14592996,3557102310,3577057768,51,51,119300,1549911,3103612,0,83193498,83554,620348310,456589617,0
1789567506.1675909,210.82,9249629,683304,0,111,82,123,113265,878399,33420433,17969804,477368,62132672,44578384,64771556,0,0,0,0,2,0,14593095,3557102310,3577057768,51,51,119342,1549989,3103769,0,83193626,83554,620348310,456589617,0
1789567506.4179628,211.07,9250004,683304,0,111,82,123,113265,878425,33420780,17969804,477368,62131120,44576832,64771556,0,0,0,0,2,0,14593107,3557102310,3577057768,51,51,119342,1549950,3103691,0,83194246,83554,620348310,456589617,0
1789567506.6683924,211.321,9250379,683304,0,111,82,123,113265,878450,33420830,17969804,477368,62131120,44576832,64771556,0,0,0,0,2,0,14593107,3557102310,3577057768,51,51,119342,1549950,3103691,0,83194250,83554,620348310,456589617,0
1789567506.9187198,211.571,9250755,683304,0,111,82,123,113265,878475,33420875,17969804,477368,62131120,44576832,64771556,0,0,0,0,2,0,14593118,3557102310,3577057768,51,51,119342,1549950,3103691,0,83194349,83554,620348310,456589617,0
1789567507.16908,211.821,9251130,683304,0,111,82,123,113265,878500,33420922,17969804,477368,62133432,44579144,64771556,0,0,0,0,2,0,14593235,3557102310,3577057768,51,51,119342,1550008,3103807,0,83194350,83554,620348310,456589617,0
1789567507.4194353,212.072,9251505,683304,0,111,82,123,113265,878525,33420979,17969804,477368,62133436,44579148,64771556,0,0,0,0,2,0,14593251,3557102310,3577057768,51,51,119342,1550008,3103807,0,83194351,83554,620348310,456589617,0
1789567507.6697712,212.322,9251880,683305,0,111,82,123,113265,878550,33421088,17969780,475824,62133436,44579148,64771556,0,0,0,0,2,0,14593253,3557102557,3577058015,51,51,118956,1550008,3103807,0,83194353,83554,620348310,456591593,0
1789567507.9201689,212.573,9252255,683305,0,111,82,123,113265,878575,33421128,17969780,475824,62133436,44579148,64771556,0,0,0,0,2,0,14593253,3557102557,3577058015,51,51,118956,1550008,3103807,0,83194354,83554,620348310,456591593,0
1789567508.1704998,212.823,9252630,683305,0,111,82,123,113265,878600,33421171,17969780,475824,62135384,44581096,64771556,0,0,0,0,2,0,14593349,3557102557,3577058015,51,51,118956,1550057,3103904,0,83194355,83554,620348310,456591593,0
1789567508.4208457,213.073,9253006,683305,0,111,82,123,113265,878625,33421220,17969780,475824,62135104,44580816,64771556,0,0,0,0,2,0,14593370,3557102557,3577058015,51,51,118956,1550050,3103890,0,83194357,83554,620348310,456591593,0
1789567508.6711555,213.324,9253381,683305,0,111,82,123,113265,878650,33421257,17969780,475824,62135104,44580816,64771556,0,0,0,0,2,0,14593370,3557102557,3577058015,51,51,118956,1550050,3103890,0,83194357,83554,620348310,456591593,0
1789567508.9214559,213.574,9253757,683305,0,111,82,123,113265,878675,33421296,17969780,475824,62135104,44580816,64771556,0,0,0,0,2,0,14593387,3557102557,3577058015,51,51,118956,1550050,3103890,0,83194358,83554,620348310,456591593,0
1789567509.1717722,213.824,9254130,683305,0,111,82,123,113270,878698,33421404,18130004,636048,62133424,44415032,64771556,0,0,0,0,2,0,14593494,3557102557,3577058015,51,51,159012,1549911,3103612,0,83194358,83554,620348310,456591593,0
1789567509.42223,214.075,9254505,683305,0,111,82,123,113278,878715,33421515,18364460,870176,62134048,44174752,64771556,0,0,0,0,2,0,14593528,3557102557,3577058015,51,51,217544,1549765,3103320,0,83194359,83554,620348310,456591629,0
1789567509.6725965,214.325,9254881,683305,0,111,82,123,113286,878732,33421554,18598476,1104192,62133320,43933544,64771556,0,0,0,0,2,0,14593542,3557102557,3577058015,51,51,276048,1549575,3102940,0,83194361,83554,620348310,456591629,0
1789567509.9229665,214.575,9255245,683305,0,111,82,123,113293,878762,33422139,18653148,1158864,62116836,43860556,64771556,0,0,0,0,2,0,14593578,3557102557,3577058015,51,51,289716,1549128,3102044,0,83199241,83554,620348310,456591629,0
1789567510.1733937,214.826,9255620,683305,0,111,82,123,113299,878781,33422176,18653148,1158864,62117988,43861708,64771556,0,0,0,0,2,0,14593679,3557102557,3577058015,51,51,289716,1549157,3102102,0,83199241,83554,620348310,456591629,0
1789567510.4237397,215.076,9255996,683305,0,111,82,123,113301,878804,33422236,18653148,1158864,62117988,43861708,64771556,0,0,0,0,2,0,14593708,3557102557,3577058015,51,51,289716,1549157,3102102,0,83199651,83554,620348310,456591629,0
1789567510.6741874,215.327,9256371,683305,0,111,82,123,113301,878829,33422277,18653148,1158864,62117720,43861440,64771556,0,0,0,0,2,0,14593722,3557102557,3577058015,51,51,289716,1549150,3102089,0,83200715,83554,620348310,456591629,0
1789567510.924522,215.577,9256746,683305,0,111,82,123,113301,878854,33422318,18653148,1158864,62114892,43858612,64771556,0,0,0,0,2,0,14593741,3557102557,3577058015,51,51,289716,1549080,3101947,0,83201378,83554,620348310,456591629,0
1789567511.1748533,215.827,9257122,683305,0,111,82,123,113301,878879,33422365,18653148,1158864,62111720,43855432,64771556,0,0,0,0,2,0,14593853,3557102557,3577058015,51,51,289716,1549000,3101789,0,83202449,83554,620348310,456591629,0
1789567511.4251692,216.078,9257497,683305,0,111,82,123,113301,878904,33422416,18653148,1158864,62108892,43852604,64771556,0,0,0,0,2,0,14593870,3557102557,3577058015,51,51,289716,1548930,3101647,0,83203458,83554,620348310,456591629,0
1789567511.6754868,216.328,9257872,683305,0,111,82,123,113302,878929,33422470,18653144,1057272,62108612,43852324,64771556,0,101592,0,0,2,0,14593870,3557102557,3577058015,51,51,264318,1548923,3101633,25398,83203459,83554,620348310,456693373,0
1789567511.9257834,216.578,9258247,683305,0,111,82,123,113302,878954,33422538,18653144,1057272,62103980,43847692,64771556,0,95172,0,0,2,0,14595294,3557102755,3577058418,51,51,264318,1548807,3101402,23793,83204578,83554,620348310,456693373,0
1789567512.176112,216.829,9258623,683305,0,111,82,123,113302,878979,33422593,18653136,1057272,62100604,43844316,64771556,0,78928,0,0,2,0,14596782,3557102755,3577059194,51,51,264318,1548723,3101233,19732,83205605,83554,620348310,456693373,0
1789567512.4264088,217.079,9258998,683305,0,111,82,123,113302,879004,33422652,18653128,1057272,62093888,43837600,64771556,0,70552,0,0,2,0,14596961,3557102755,3577059194,51,51,264318,1548555,3100897,17638,83206249,83554,620348310,456693373,0
1789567512.6767247,217.329,9259373,683305,0,111,82,123,113303,879029,33422700,18653120,1057272,62090396,43834108,64771556,0,54264,0,0,2,0,14597242,3557102755,3577059386,51,51,264318,1548468,3100723,13566,83207305,83554,620348310,456693373,0
1789567512.9270391,217.579,9259749,683305,0,111,82,123,113303,879054,33422760,18653112,1057272,62086168,43829880,64771556,0,44440,0,0,2,0,14597573,3557102755,3577059630,51,51,264318,1548363,3100511,11110,83207773,83554,620348310,456693373,0
1789567513.1773524,217.83,9260124,683305,0,111,82,123,113303,879079,33422818,18653108,1057272,62086168,43829880,64771556,0,29700,0,0,2,0,14599186,3557102755,3577060121,51,51,264318,1548363,3100511,7425,83207775,83554,620348310,456693373,0
1789567513.4276764,218.08,9260499,683305,0,111,82,123,113303,879104,33422954,18653156,1057120,62086440,43830140,64771556,0,15512,0,0,2,0,14599382,3557102755,3577060121,51,51,264280,1548369,3100525,3878,83207797,83554,620348310,456693373,0
1789567513.6780286,218.33,9260874,683305,0,111,82,123,113309,879123,33422999,18850052,1254016,62084752,43626340,64771556,0,5016,0,0,2,0,14599728,3557102755,3577060392,51,51,313504,1548197,3100180,1254,83207798,83554,620348310,456693373,0
1789567513.9283462,218.581,9261250,683305,0,111,82,123,113317,879140,33423047,19080700,1484664,62083488,43388084,64771556,0,0,0,0,2,0,14600055,3557102755,3577060392,51,51,371166,1547997,3099779,0,83207799,83554,620348310,456693373,0
1789567514.1786547,218.831,9261625,683305,0,111,82,123,113324,879158,33423091,19311988,1715952,62083972,43150500,64771556,0,0,0,0,2,0,14600149,3557102755,3577060392,51,51,428988,1547850,3099485,0,83207800,83554,620348310,456693373,0
1789567514.4289906,219.081,9262000,683305,0,111,82,123,113329,879178,33423136,19336372,1740336,62082324,43124064,64771556,0,0,0,0,2,0,14600166,3557102755,3577060392,51,51,435084,1547799,3099382,0,83208622,83554,620348310,456693373,0
1789567514.67931,219.332,9262376,683305,0,111,82,123,113334,879199,33423175,19336372,1740336,62074244,43115984,64771556,0,0,0,0,2,0,14600167,3557102755,3577060392,51,51,435084,1547597,3098978,0,83209407,83554,620348310,456693373,0
1789567514.9297655,219.582,9262751,683305,0,111,82,123,113335,879223,33423244,19336372,1740356,62074244,43115984,64771556,0,0,0,0,2,0,14600187,3557102755,3577060392,51,51,435089,1547597,3098978,0,83210623,83554,620348310,456693441,0
1789567515.1802206,219.833,9263126,683305,0,111,82,123,113335,879248,33423287,19336500,1740484,62066312,43107600,64771556,0,0,0,0,2,0,14600298,3557102755,3577060392,51,51,435121,1547391,3098565,0,83211680,83554,620348310,456693441,0
1789567515.4305685,220.083,9263502,683305,0,111,82,123,113335,879273,33423345,19336500,1740484,62066548,43107836,64771556,0,0,0,0,2,0,14600316,3557102755,3577060392,51,51,435121,1547397,3098577,0,83212349,83554,620348310,456693441,0
1789567515.6809428,220.333,9263876,683305,0,111,82,123,113336,879299,33423643,19336500,1740484,62066892,43108132,64771556,0,0,0,0,2,0,14600321,3557102755,3577060392,51,51,435121,1547405,3098594,0,83213634,83554,620348310,456693441,0
1789567515.9313414,220.584,9264252,683305,0,111,82,123,113336,879324,33423686,19336500,1740472,62066892,43108132,64771556,0,0,0,0,2,0,14600339,3557102763,3577060400,51,51,435118,1547405,3098594,0,83213638,83554,620348310,456693525,0
1789567516.181682,220.834,9264627,683305,0,111,82,123,113336,879349,33423723,19336500,1740476,62066936,43108176,64771556,0,0,0,0,2,0,14600436,3557102763,3577060400,51,51,435119,1547406,3098597,0,83213638,83554,620348310,456693525,0
1789567516.4320505,221.084,9265003,683305,0,111,82,123,113336,879374,33423762,19336500,1740476,62066684,43107924,64771556,0,0,0,0,2,0,14600461,3557102763,3577060400,51,51,435119,1547400,3098584,0,83213639,83554,620348310,456693525,0
1789567516.6823769,221.335,9265378,683305,0,111,82,123,113336,879399,33423804,19336500,1740480,62066684,43107924,64771556,0,0,0,0,2,0,14600461,3557102763,3577060400,51,51,435120,1547400,3098584,0,83213640,83554,620348310,456693525,0
1789567516.9327188,221.585,9265752,683305,0,111,82,123,113337,879424,33423878,19336508,1537544,62066192,43107420,64771556,0,196240,0,0,2,0,14602872,3557103392,3577061204,51,51,384386,1547388,3098559,49060,83213654,83554,620348310,456896461,0
1789567517.1831667,221.836,9266128,683305,0,111,82,123,113337,879449,33423946,19336508,1537544,62069088,43110316,64771556,0,188048,0,0,2,0,14605421,3557103594,3577061620,51,51,384386,1547460,3098704,47012,83213655,83554,620348310,456896461,0
1789567517.4335673,222.086,9266503,683305,0,111,82,123,113338,879474,33424045,19336508,1537476,62068380,43109560,64771556,0,172280,0,0,2,0,14605606,3557103594,3577061620,51,51,384369,1547442,3098669,43070,83213656,83554,620348310,456896461,0
1789567517.6839616,222.336,9266878,683305,0,111,82,123,113338,879499,33424086,19336508,1537476,62068380,43109560,64771556,0,159992,0,0,2,0,14607763,3557103594,3577062527,51,51,384369,1547442,3098669,39998,83213656,83554,620348310,456896461,0
1789567517.9343176,222.587,9267254,683305,0,111,82,123,113338,879524,33424126,19338572,1539540,62067996,43107112,64771556,0,151800,0,0,2,0,14607853,3557103594,3577062527,51,51,384885,1547433,3098650,37950,83213657,83554,620348310,456896461,0
1789567518.1846554,222.837,9267629,683305,0,111,82,123,113345,879542,33424177,19569340,1770308,62062408,42864436,64771556,0,134704,0,0,2,0,14610102,3557103594,3577063462,51,51,442577,1547136,3098054,33676,83213657,83554,620348310,456896461,0
1789567518.4350722,223.087,9268003,683305,0,111,82,123,113353,879562,33424308,19800876,2001844,62067892,42631912,64771556,0,126512,0,0,2,0,14610157,3557103598,3577063466,51,51,500461,1547111,3098005,31628,83214532,83554,620348310,456896461,0
1789567518.6854477,223.338,9268353,683305,0,111,82,123,113364,879600,33424772,20019596,2223020,62036184,42375420,64771556,0,114992,0,0,3,0,14610730,3557103979,3577064268,51,51,555755,1546168,3096117,28748,83224141,83554,620348310,456896485,0
1789567518.9358838,223.588,9268682,683306,0,111,82,123,113368,879664,33426066,20019832,2221188,62014576,42353352,64771556,0,98728,0,0,5,0,14610878,3557104162,3577064459,51,51,555297,1545623,3095026,24682,83234953,83554,620348310,456900405,0
1789567519.1863575,223.839,9269046,683306,0,111,82,123,113372,879696,33427010,20019852,2220860,62020580,42359316,64771556,0,87856,0,0,3,0,14612310,3557104162,3577064709,51,51,555215,1545773,3095326,21964,83234980,83554,620348310,456900405,0
1789567519.4368145,224.089,9269416,683306,0,111,82,123,113375,879722,33427610,20019852,2220860,61997836,42336572,64771556,0,73264,0,0,2,0,14612439,3557104162,3577064920,51,51,555215,1545205,3094189,18316,83239581,83554,620348310,456900405,0
1789567519.6872025,224.34,9269785,683306,0,111,82,123,113378,879748,33428191,20019852,2220860,61974176,42312912,64771556,0,65072,0,0,2,0,14612585,3557104162,3577064920,51,51,555215,1544614,3093006,16268,83245595,83554,620348310,456900405,0
1789567519.9376225,224.59,9270154,683306,0,111,82,123,113381,879774,33428810,20019852,2220860,61950596,42289332,64771556,0,53296,0,0,2,0,14612640,3557104162,3577064920,51,51,555215,1544026,3091827,13324,83251651,83554,620348310,456900405,0
1789567520.1880753,224.84,9270523,683306,0,111,82,123,113387,879800,33429390,20019852,2220860,61930956,42269692,64771556,0,45104,0,0,2,0,14612869,3557104162,3577064920,51,51,555215,1543536,3090846,11276,83257699,83554,620348310,456900405,0
1789567520.4384165,225.091,9270892,683306,0,111,82,123,113390,879825,33429993,20019852,2220860,61900076,42238812,64771556,0,28208,0,0,2,0,14614199,3557104162,3577065284,51,51,555215,1542765,3089302,7052,83263733,83554,620348310,456900405,0
1789567520.6887584,225.341,9271261,683306,0,111,82,123,113394,879852,33430591,20019852,2220860,61875584,42214320,64771556,0,13208,0,0,2,0,14614796,3557104162,3577065662,51,51,555215,1542153,3088078,3302,83269774,83554,620348310,456900405,0
1789567520.9392397,225.592,9271627,683306,0,111,82,123,113399,879880,33431233,19823044,2024052,61864196,42404184,64771556,0,0,0,0,3,0,14614972,3557104162,3577065662,51,51,505705,1541990,3087750,0,83275633,83554,620348310,456900405,0
1789567521.1898737,225.842,9271976,683307,0,111,82,123,113422,879908,33433754,16717044,2204,61913540,45629292,64771556,0,0,0,0,2,0,14620845,3557104820,3577066321,51,51,551,1544970,3093717,0,83277590,83555,620348422,456900405,0
1789567521.4403112,226.093,9272351,683307,0,111,82,123,113447,879908,33434124,12980488,2196,61983880,49488424,64771556,0,0,0,0,2,0,14630146,3557104820,3577066321,51,51,549,1548003,3099791,0,83277590,83555,620348422,456900405,0
1789567521.6907015,226.343,9272725,683307,0,111,82,123,113472,879909,33434516,9261120,2188,62050916,53329904,64771556,0,0,0,0,2,0,14641549,3557104820,3577066321,51,51,547,1551059,3105911,0,83277593,83555,620348422,456900405,0
