t,t_rel,cpu_idle,cpu_iowait,cpu_irq,cpu_nice,cpu_softirq,cpu_steal,cpu_system,cpu_user,ctxt,mem_Cached,mem_Dirty,mem_MemAvailable,mem_MemFree,mem_MemTotal,mem_SwapCached,mem_Writeback,mem_WritebackTmp,procs_blocked,procs_running,psi_cpu_full_total,psi_cpu_some_total,psi_io_full_total,psi_io_some_total,psi_memory_full_total,psi_memory_some_total,vm_nr_dirty,vm_nr_writeback,vm_pgfault,vm_pgmajfault,vm_pgpgin,vm_pgpgout,vm_pswpout
1789292759.794093,0.0,13790555,122090,0,180,122,63,155934,1929939,44517560,150444,1396,63828636,64190628,64771556,0,112,0,1,1,0,59560974,373883520,378604624,197317,198196,349,28,132625008,68956,515973520,653933317,0
1789292760.0445175,0.25,13790792,122108,0,180,122,63,155935,1930082,44518202,160292,1396,63815060,64171372,64771556,0,112,0,1,22,0,59561217,373911076,378632233,197317,198196,349,28,132627682,69029,515985872,653933317,0
1789292760.2950342,0.501,13791166,122125,0,180,122,63,155937,1930089,44518915,169756,1540,63799704,64150820,64771556,0,0,0,1,1,0,59562271,374013412,378734684,197317,198196,385,0,132632768,69067,515996860,653933317,0
1789292760.5454297,0.751,13791541,122147,0,180,122,63,155939,1930090,44519646,196764,1572,63773380,64110628,64771556,0,0,0,1,1,0,59563058,374180904,378902183,197317,198196,393,0,132636944,69277,516023976,653933317,0
1789292760.7957914,1.002,13791906,122171,0,180,122,63,155940,1930099,44521954,207076,1572,63760024,64092100,64771556,0,0,0,1,1,0,59563832,374323237,379044531,197317,198196,393,0,132640133,69365,516034288,653933317,0
1789292761.0461392,1.252,13792277,122193,0,180,122,63,155941,1930105,44523602,213400,1572,63748928,64077792,64771556,0,0,0,0,2,0,59564796,374508835,379230143,197317,198196,393,0,132642150,69372,516040780,653933317,0
1789292761.2964537,1.502,13792643,122215,0,180,122,63,155942,1930115,44525002,221864,1572,63727436,64052036,64771556,0,0,0,1,1,0,59565619,374669585,379390903,197317,198196,393,0,132647262,69372,516049212,653933317,0
1789292761.5467901,1.753,13792997,122224,0,180,122,63,155948,1930146,44528625,224752,1572,63723888,64047000,64771556,0,0,0,1,2,0,59566086,374705406,379426724,197317,198196,393,0,132663293,69380,516052116,653933349,0
1789292761.7972112,2.003,13793355,122237,0,180,122,63,155950,1930172,44531151,228288,1572,63696468,64017808,64771556,0,0,0,1,1,0,59566610,374779177,379500509,197317,198196,393,0,132670734,69381,516055644,653933349,0
1789292762.0476556,2.254,13793718,122249,0,180,122,63,155951,1930193,44534370,231088,1572,63677352,63997292,64771556,0,0,0,0,2,0,59567258,374863245,379584576,197317,198196,393,0,132675716,69381,516058532,653933349,0
1789292762.2980628,2.504,13794080,122264,0,180,122,63,155954,1930212,44538183,234616,1572,63649268,63967452,64771556,0,0,0,0,2,0,59567946,374954208,379675539,197317,198196,393,0,132683305,69389,516062028,653933349,0
1789292762.5484958,2.754,13794430,122274,0,180,122,63,155956,1930249,44542309,237368,1572,63639544,63956340,64771556,0,0,0,1,1,0,59568447,375005196,379726528,197317,198196,393,0,132686287,69394,516064748,653933349,0
1789292762.798924,3.005,13794789,122285,0,180,122,63,155957,1930279,44546417,239856,1572,63630096,63945628,64771556,0,0,0,0,2,0,59569069,375073146,379794478,197317,198196,393,0,132688073,69397,516067220,653933349,0
1789292763.0493662,3.255,13795134,122296,0,180,122,63,155960,1930318,44552251,242008,1572,63673044,63987496,64771556,0,0,0,0,2,0,59569534,375096492,379817825,197317,198196,393,0,132692454,69400,516069424,653933353,0
1789292763.3381171,3.544,13795571,122321,0,180,122,63,155961,1930321,44553208,269904,1572,63653388,63953516,64771556,0,0,0,1,1,0,59570734,375340625,380061957,197317,198196,393,0,132695683,69628,516098196,653933353,0
1789292763.5910249,3.797,13795946,122340,0,180,122,63,155962,1930325,44553819,283928,1572,63641320,63929540,64771556,0,0,0,1,1,0,59571632,375529376,380250719,197317,198196,393,0,132699631,69736,516112276,653933353,0
1789292763.8413556,4.047,13796321,122357,0,180,122,63,155964,1930332,44554340,295540,1572,63630836,63907296,64771556,0,0,0,1,1,0,59572595,375700821,380422176,197317,198196,393,0,132703653,69830,516124252,653933353,0
1789292764.0916986,4.298,13796688,122371,0,180,122,63,155966,1930349,44556350,301988,1572,63615264,63885092,64771556,0,0,0,1,1,0,59573494,375779819,380501246,197317,198196,393,0,132707655,69842,516130676,653933353,0
1789292764.3421028,4.548,13797047,122385,0,180,122,63,155968,1930373,44558363,305208,1572,63601028,63867628,64771556,0,0,0,0,2,0,59574058,375866001,380587432,197317,198196,393,0,132711672,69846,516133852,653933353,0
1789292764.5925498,4.798,13797376,122398,0,180,122,63,155972,1930427,44560238,308056,1572,63528748,63792524,64771556,0,0,0,1,3,0,59574388,375911192,380632623,197317,198196,393,0,132731233,69846,516136712,653933353,0
1789292764.8430192,5.049,13797729,122408,0,180,122,63,155973,1930462,44562462,310696,1572,63504772,63765860,64771556,0,0,0,0,2,0,59574804,375964072,380685502,197317,198196,393,0,132738263,69846,516139364,653933353,0
1789292765.0934782,5.299,13798077,122419,0,180,122,63,155976,1930501,44567876,314136,1572,63481164,63738804,64771556,0,0,0,1,2,0,59575439,376015393,380736831,197317,198196,393,0,132744125,69849,516142780,653933353,0
1789292765.3439305,5.55,13798436,122430,0,180,122,63,155977,1930530,44569550,316980,1572,63479728,63734524,64771556,0,0,0,0,2,0,59575852,376064644,380786136,197317,198196,393,0,132746398,69850,516145820,653933353,0
1789292765.5943744,5.8,13798787,122439,0,180,122,63,155979,1930567,44572184,320076,1672,63470924,63722620,64771556,0,0,0,1,1,0,59577173,376114165,380835668,197317,198196,418,0,132749911,69851,516148624,653933353,0
1789292765.8448288,6.051,13799144,122451,0,180,122,63,155980,1930597,44574328,323668,1672,63459404,63707516,64771556,0,0,0,1,2,0,59577638,376181344,380902847,197317,198196,418,0,132753290,69851,516152232,653933353,0
1789292766.0953038,6.301,13799493,122455,0,180,122,63,155982,1930641,44579193,325484,1672,63446016,63692308,64771556,0,0,0,0,4,0,59578784,376204171,380925674,197317,198196,418,0,132757588,69851,516154028,653933353,0
1789292766.3457966,6.552,13799811,122457,0,180,122,63,155985,1930716,44589700,325976,1672,63432396,63678196,64771556,0,0,0,0,6,0,59579441,376208456,380929959,197317,198196,418,0,132761784,69853,516154520,653933353,0
1789292766.5962667,6.802,13800145,122460,0,180,122,63,155987,1930775,44596847,326684,1672,63425816,63670924,64771556,0,0,0,0,3,0,59580010,376220573,380942076,197317,198196,418,0,132763227,69853,516155264,653933353,0
1789292766.8467438,7.053,13800515,122474,0,180,122,63,155989,1930790,44598330,330832,1672,63421212,63662160,64771556,0,0,0,0,2,0,59580735,376340720,381062223,197317,198196,418,0,132764486,69853,516159516,653933353,0
1789292767.097206,7.303,13800886,122482,0,180,122,63,155990,1930810,44599488,333012,1672,63414136,63652904,64771556,0,0,0,0,2,0,59581280,376407879,381129391,197317,198196,418,0,132766807,69853,516161556,653933353,0
1789292767.3476648,7.554,13801238,122490,0,180,122,63,155992,1930847,44601851,335200,1672,63393248,63629836,64771556,0,0,0,0,4,0,59581694,376453832,381175344,197317,198196,418,0,132772350,69853,516163744,653933353,0
1789292767.5981097,7.804,13801607,122503,0,180,122,63,155993,1930864,44602474,338720,1672,63372356,63605416,64771556,0,0,0,1,1,0,59582405,376555896,381277418,197317,198196,418,0,132777638,69853,516167264,653933353,0
1789292767.8485806,8.054,13801975,122510,0,180,122,63,155994,1930889,44603503,340364,1672,63348100,63579508,64771556,0,0,0,0,5,0,59582742,376604775,381326296,197317,198196,418,0,132782531,69853,516169024,653933353,0
1789292768.0990067,8.305,13802328,122518,0,180,122,63,155996,1930926,44605236,342452,1672,63324768,63554076,64771556,0,0,0,0,2,0,59583094,376649969,381371558,197317,198196,418,0,132789039,69853,516171016,653933353,0
1789292768.3494616,8.555,13802674,122526,0,180,122,63,155999,1930968,44608620,344460,1672,63300040,63526828,64771556,0,0,0,1,1,0,59583983,376687050,381408644,197317,198196,418,0,132795149,69853,516173528,653933353,0
1789292768.5998964,8.806,13803004,122531,0,180,122,63,156002,1931028,44613073,346284,1824,63256684,63481648,64771556,0,0,0,0,3,0,59584361,376700803,381422397,197317,198196,456,0,132804356,69853,516175208,653933353,0
1789292768.8503454,9.056,13803329,122537,0,180,122,63,156004,1931094,44615312,347844,1824,63215172,63438568,64771556,0,0,0,1,1,0,59584549,376709719,381431314,197317,198196,456,0,132816001,69853,516176756,653933353,0
1789292769.100826,9.307,13803688,122547,0,180,122,63,156007,1931121,44617734,350604,1828,63186932,63407588,64771556,0,0,0,0,5,0,59585624,376755174,381476781,197317,198196,457,0,132825100,69853,516179508,653933353,0
1789292769.3514702,9.557,13804052,122553,0,180,122,63,156010,1931148,44620046,352300,1836,63298836,63517812,64771556,0,0,0,0,2,0,59585978,376790035,381511642,197317,198196,459,0,132831415,69853,516181196,653933353,0
1789292769.6019106,9.808,13804423,122562,0,180,122,63,156013,1931167,44621022,354368,1836,63275936,63492876,64771556,0,0,0,1,1,0,59586452,376861711,381583318,197317,198196,459,0,132837136,69853,516183376,653933353,0
1789292769.8523598,10.058,13804776,122570,0,180,122,63,156016,1931202,44623646,357196,1840,63250604,63464680,64771556,0,0,0,0,3,0,59586701,376885488,381607096,197317,198196,460,0,132844008,69854,516186156,653933353,0
1789292770.10282,10.309,13805100,122574,0,180,123,63,156019,1931271,44629786,358308,1896,63227004,63439948,64771556,0,0,0,0,7,0,59587119,376899305,381620912,197317,198196,474,0,132849404,69854,516187204,653933417,0
1789292770.3532753,10.559,13805375,122577,0,180,123,63,156024,1931388,44638071,359408,1904,63208892,63420764,64771556,0,0,0,0,4,0,59587542,376901161,381622769,197317,198196,476,0,132858401,69854,516188292,653933417,0
1789292770.6039898,10.81,13805685,122592,0,180,123,63,156033,1931451,44647500,505400,1904,63115244,63180824,64771556,0,0,0,0,7,0,59588158,376922528,381644139,197317,198196,476,0,132878331,69854,516334496,653933417,0
1789292770.8545566,11.06,13805922,122593,0,180,123,63,156048,1931596,44657026,511344,7584,62930792,62990320,64771556,0,0,0,0,5,0,59588919,376922665,381644276,197317,198196,1896,0,132927214,69854,516334636,653933417,0
1789292771.1050296,11.311,13806214,122593,0,180,123,63,156064,1931687,44660462,607420,103660,62669056,62632508,64771556,0,0,0,0,5,0,59589279,376922665,381644276,197317,198196,25915,0,132996370,69854,516334636,653933417,0
1789292771.3555121,11.561,13806508,122607,0,180,123,63,156077,1931768,44666335,830164,181284,62571936,62312236,64771556,0,0,0,0,5,0,59589756,376955073,381676684,197317,198196,45321,0,133015611,69854,516479788,653933417,0
1789292771.605981,11.812,13806784,122622,0,180,123,63,156085,1931867,44670176,1050716,256940,62569260,62087312,64771556,0,0,0,0,6,0,59590146,376984145,381705755,197317,198197,64337,0,133017216,69854,516624940,653933417,0
1789292771.8564742,12.062,13807083,122622,0,180,123,63,156091,1931963,44670570,1161984,367920,62548572,61954156,64771556,0,0,0,0,5,0,59590167,376984145,381705755,197317,198197,92081,0,133018189,69854,516624940,653933417,0
1789292772.1069417,12.313,13807333,122638,0,180,123,63,156127,1932058,44678203,1352208,416352,62240552,61454972,64771556,0,0,0,0,8,0,59591405,376998304,381719970,197317,198197,104088,0,133028562,69855,516766764,653933417,0
1789292772.3574164,12.563,13807599,122638,0,180,123,63,156131,1932188,44678769,1430108,490776,62233076,61368872,64771556,0,0,0,0,14,0,59591442,376999183,381720849,197317,198197,122694,0,133029244,69857,516770208,653933417,0
1789292772.60792,12.814,13807880,122652,0,180,123,63,156145,1932278,44685239,1658812,574308,62168844,61075264,64771556,0,0,0,0,5,0,59591926,377028604,381750270,197317,198197,143577,0,133051964,69857,516915360,653933417,0
1789292772.8583922,13.064,13808162,122662,0,180,123,63,156160,1932372,44690445,1839804,665704,62124964,60848612,64771556,0,0,0,4,1,0,59592212,377040460,381762184,197317,198197,166426,0,133069122,69857,517005744,653933417,0
1789292773.1088603,13.315,13808461,122667,0,180,123,63,156165,1932463,44691378,1996312,766676,62159340,60725520,64771556,0,0,0,0,5,0,59592368,377049184,381770907,197317,198197,191669,0,133069368,69857,517060512,653933417,0
1789292773.3593507,13.565,13808738,122674,0,180,123,63,156202,1932542,44696550,2202184,830820,61873104,60232224,64771556,0,0,0,0,6,0,59592910,377059553,381781277,197317,198197,207705,0,133089073,69857,517202944,653933417,0
1789292773.6098454,13.816,13809033,122674,0,180,123,63,156207,1932641,44696846,2308040,933208,61976172,60228408,64771556,0,0,0,0,5,0,59592936,377060464,381782188,197317,198197,233302,0,133089416,69857,517205968,653933417,0
1789292773.8603377,14.066,13809323,122686,0,180,123,63,156224,1932722,44702882,2538756,1019012,61911588,59932052,64771556,0,0,0,0,6,0,59593423,377087736,381809460,197317,198197,254753,0,133122081,69857,517350816,653933417,0
1789292774.110819,14.317,13809585,122702,0,180,123,63,156232,1932834,44706605,2764296,1098720,61969740,59763588,64771556,0,0,0,0,5,0,59593814,377117324,381839064,197317,198197,274680,0,133123389,69857,517495968,653933417,0
1789292774.3612833,14.567,13809882,122702,0,180,123,63,156241,1932928,44706782,2883568,1218384,61974212,59647372,64771556,0,0,0,0,7,0,59593815,377117324,381839064,197317,198197,304697,0,133124122,69857,517495968,653933417,0
1789292774.6117187,14.818,13810144,122718,0,180,123,63,156270,1933018,44712027,3070104,1259508,61704864,59190744,64771556,0,0,0,0,6,0,59594365,377142218,381863976,197317,198197,314877,0,133138401,69857,517641120,653933417,0
1789292774.862467,15.068,13810436,122720,0,180,123,63,156281,1933108,44716742,3246632,1363252,61679552,58987468,64771556,0,0,0,0,11,0,59594643,377147496,381869254,197317,198197,340813,0,133172567,69857,517714256,653933417,0
1789292775.113047,15.319,13810723,122724,0,180,123,63,156289,1933211,44718873,3416040,1460644,61702400,58840148,64771556,0,0,0,0,5,0,59594820,377154258,381876023,197317,198197,365263,0,133175437,69857,517786272,653933417,0
1789292775.3635454,15.569,13811008,122741,0,180,123,63,156299,1933299,44727178,3651112,1297732,61746788,58647804,64771556,0,5096,0,1,2,0,59595406,377184972,381906992,197317,198197,324433,1274,133175989,69857,517931424,654187209,0
1789292775.614063,15.82,13811297,122743,0,180,123,63,156318,1933387,44729452,3761900,1342132,61621464,58410632,64771556,0,0,0,1,6,0,59595504,377187031,381909072,197317,198197,335533,0,133179969,69857,517940800,654244761,0
1789292775.8645701,16.07,13811580,122754,0,180,123,63,156343,1933469,44736065,3943368,1387288,61475220,58082184,64771556,0,0,0,0,5,0,59596041,377207389,381929430,197317,198197,346822,0,133206670,69857,518076576,654244761,0
1789292776.1150434,16.321,13811863,122758,0,180,123,63,156350,1933575,44738671,4151708,1484936,61536436,57933972,64771556,0,0,0,1,4,0,59596362,377214925,381936966,197317,198197,371234,0,133207311,69857,518187288,654244761,0
1789292776.3655076,16.571,13812162,122761,0,180,123,63,156357,1933667,44740185,4361520,1591872,61569108,57755312,64771556,0,0,0,1,4,0,59596593,377222604,381944645,197317,198197,397968,0,133207771,69857,518290304,654244761,0
1789292776.615971,16.822,13812461,122763,0,180,123,63,156364,1933757,44741750,4544412,1698028,61593896,57595688,64771556,0,0,0,0,5,0,59596770,377228087,381950128,197317,198197,424507,0,133213621,69857,518366880,654244761,0
1789292776.8664742,17.072,13812755,122766,0,180,123,63,156397,1933827,44744608,4725692,1770372,61337668,57157088,64771556,0,0,0,0,5,0,59597092,377234343,381956384,197317,198197,442593,0,133220609,69857,518475744,654244761,0
1789292777.1171572,17.323,13813032,122768,0,180,123,63,156414,1933932,44751168,4884724,1856932,61346936,57006220,64771556,0,0,0,0,6,0,59597416,377237267,381959307,197317,198197,464233,0,133244768,69857,518548320,654244761,0
1789292777.367669,17.574,13813321,122772,0,180,123,63,156420,1934032,44752856,5094548,1958200,61368652,56816912,64771556,0,0,0,0,5,0,59597641,377246674,381968714,197317,198197,489550,0,133246563,69857,518657184,654244761,0
1789292777.6181374,17.824,13813619,122777,0,180,123,63,156427,1934122,44755080,5337848,2058020,61402888,56605856,64771556,0,0,0,1,4,0,59597960,377259021,381981061,197317,198197,514505,0,133248322,69857,518800768,654244761,0
1789292777.8686178,18.075,13813917,122777,0,180,123,63,156451,1934200,44756086,5454212,2165444,61213592,56298880,64771556,0,0,0,0,5,0,59598093,377260751,381982791,197317,198197,541361,0,133252959,69857,518809736,654244761,0
1789292778.11909,18.325,13814201,122781,0,180,123,63,156466,1934296,44758700,5661876,2234908,61160968,56037716,64771556,0,0,0,0,5,0,59598428,377267624,381989666,197317,198197,558727,0,133255583,69857,518947488,654244761,0
1789292778.369592,18.575,13814482,122784,0,180,123,63,156474,1934406,44762192,5883468,2333628,61219600,55873008,64771556,0,0,0,0,5,0,59598699,377273705,381995747,197317,198197,583407,0,133257824,69857,519070248,654244761,0
1789292778.620031,18.826,13814777,122788,0,180,123,63,156482,1934499,44764058,6116284,2435096,61279764,55698784,64771556,0,0,0,0,6,0,59598975,377283351,382005393,197317,198197,608875,0,133257828,69857,519201504,654244761,0
1789292778.8703997,19.076,13815068,122789,0,180,123,63,156489,1934600,44765031,6273232,2555756,61298048,55558572,64771556,0,0,0,0,5,0,59599064,377285570,382007612,197317,198197,638939,0,133257892,69857,519237792,654244761,0
1789292779.1208746,19.327,13815347,122795,0,180,123,63,156522,1934683,44768487,6446372,2615328,61042420,55128772,64771556,0,0,0,0,6,0,59599685,377297984,382020041,197317,198197,653832,0,133265196,69857,519351996,654244761,0
1789292779.371358,19.577,13815639,122800,0,180,123,63,156530,1934779,44770588,6684804,2713784,61142648,54989368,64771556,0,0,0,0,5,0,59599971,377309679,382031735,197317,198197,678446,0,133265220,69857,519491828,654244761,0
1789292779.6218371,19.828,13815924,122801,0,180,123,63,156537,1934885,44772289,6826944,2818704,61232052,54935832,64771556,0,0,0,0,5,0,59600089,377311786,382033842,197317,198197,704676,0,133265328,69857,519528268,654244761,0
1789292779.8723137,20.078,13816219,122808,0,180,123,63,156545,1934976,44774471,7070112,2916572,61276112,54734064,64771556,0,0,0,0,5,0,59600400,377324858,382046915,197317,198197,729143,0,133266040,69876,519674316,654244761,0
1789292780.1228025,20.329,13816492,122821,0,180,123,63,156574,1935057,44778264,7267160,3007392,61082392,54341048,64771556,0,0,0,0,5,0,59600950,377335627,382057709,197317,198197,751848,0,133277837,69939,519786944,654244761,0
1789292780.3732753,20.579,13816789,122824,0,180,123,63,156586,1935145,44779241,7402020,3098304,61090224,54213064,64771556,0,0,0,1,5,0,59601168,377342942,382065023,197317,198197,774576,0,133279632,69939,519830408,654245297,0
1789292780.623759,20.83,13817055,122863,0,180,123,63,156599,1935223,44795176,7621240,2549288,61172760,54075132,64771556,0,7936,0,1,5,0,59601893,377395739,382118251,197317,198197,637322,1984,133279793,69939,519968552,654875201,0
1789292780.874309,21.08,13817341,122881,0,180,123,63,156610,1935308,44802445,7825812,2342016,61247988,53943928,64771556,0,0,0,0,5,0,59602244,377418510,382141109,197317,198197,585504,0,133280050,69940,520077464,655177865,0
1789292781.1248024,21.331,13817622,122884,0,180,123,63,156620,1935415,44803229,7971424,2450928,61256712,53805768,64771556,0,0,0,0,5,0,59602385,377425509,382148107,197317,198197,612732,0,133282885,69940,520113752,655177865,0
1789292781.3752522,21.581,13817903,122887,0,180,123,63,156647,1935502,44806689,8142860,2514088,61107756,53484400,64771556,0,0,0,0,5,0,59602774,377431627,382154228,197317,198197,628522,0,133288969,69940,520222616,655177865,0
1789292781.6257434,21.832,13818179,122893,0,180,123,63,156657,1935611,44808723,8366500,2606696,61153796,53305548,64771556,0,0,0,0,6,0,59603046,377443514,382166115,197317,198197,651674,0,133290028,69940,520354144,655177865,0
1789292781.8761911,22.082,13818460,122896,0,180,123,63,156665,1935720,44810455,8560564,2713840,61222720,53178604,64771556,0,0,0,0,5,0,59603224,377449026,382171628,197317,198197,678460,0,133290088,69940,520440344,655177865,0
1789292782.12668,22.333,13818759,122899,0,180,123,63,156673,1935809,44812158,8774800,2819284,61265588,53005880,64771556,0,0,0,0,5,0,59603507,377457823,382180425,197317,198197,704821,0,133290096,69940,520549184,655177865,0
1789292782.3771071,22.583,13819046,122902,0,180,123,63,156699,1935895,44814506,8947792,2907116,61084488,52650272,64771556,0,0,0,0,5,0,59603809,377463292,382185894,197317,198197,726779,0,133295518,69940,520634888,655177865,0
1789292782.627857,22.834,13819342,122905,0,180,123,63,156711,1935985,44816100,9133852,2996656,61070704,52449908,64771556,0,0,0,0,5,0,59604080,377469785,382192390,197317,198197,749164,0,133297330,69940,520730624,655177865,0
1789292782.878567,23.084,13819626,122908,0,180,123,63,156718,1936088,44819390,9343412,3097592,61161452,52329228,64771556,0,0,0,0,5,0,59604339,377475988,382198593,197317,198197,774398,0,133297417,69940,520839488,655177865,0
1789292783.1290617,23.335,13819924,122913,0,180,123,63,156726,1936179,44821276,9553184,3198344,61230572,52186848,64771556,0,0,0,0,5,0,59604551,377485462,382208074,197317,198197,799586,0,133297473,69940,520948504,655177865,0
1789292783.3797894,23.586,13820221,122915,0,180,123,63,156740,1936266,44822844,9735448,3308232,61129984,51902340,64771556,0,0,0,0,5,0,59604747,377488852,382211463,197317,198197,826957,0,133299809,69940,521020928,655177865,0
1789292783.6304803,23.836,13820518,122918,0,180,123,63,156763,1936343,44824748,9909524,3373208,60965160,51563048,64771556,0,0,0,0,5,0,59605099,377496980,382219597,197317,198197,843403,0,133304678,69940,521129792,655177865,0
1789292783.8809636,24.087,13820815,122922,0,180,123,63,156771,1936434,44826653,10119816,3474828,61040912,51427052,64771556,0,0,0,0,5,0,59605322,377503914,382226532,197317,198197,868707,0,133304710,69940,521238656,655177865,0
1789292784.1314688,24.337,13821113,122925,0,180,123,63,156778,1936525,44828772,10330140,3576136,61048568,51221900,64771556,0,0,0,0,8,0,59605792,377512050,382234668,197317,198197,894034,0,133304712,69940,521347672,655177865,0
1789292784.3819115,24.588,13821402,122927,0,180,123,63,156789,1936622,44830099,10504936,3678288,61028912,51026336,64771556,0,0,0,0,5,0,59606082,377516284,382238912,197317,198197,919572,0,133305664,69940,521420096,655177865,0
1789292784.6323662,24.838,13821697,122930,0,180,123,63,156812,1936701,44832331,10691604,3756228,60883664,50693152,64771556,0,0,0,0,5,0,59606355,377522763,382245392,197317,198197,938956,0,133310301,69940,521528960,655177865,0
1789292784.882858,25.089,13821993,122933,0,180,123,63,156825,1936789,44833968,10892276,3848104,60955520,50563384,64771556,0,0,0,0,5,0,59606701,377528582,382251215,197317,198197,962026,0,133311935,69940,521637884,655177865,0
1789292785.1336014,25.34,13822277,122935,0,180,123,63,156834,1936895,44835877,11105500,3952616,61056768,50449592,64771556,0,0,0,0,5,0,59606923,377533723,382256356,197317,198197,988154,0,133312857,69940,521746748,655177865,0
1789292785.3842947,25.59,13822577,122942,0,180,123,63,156842,1936983,44837402,11300568,4052496,61101772,50297912,64771556,0,0,0,0,5,0,59607180,377549616,382272249,197317,198197,1013124,0,133312859,69940,521842372,655178453,0
1789292785.6350217,25.841,13822862,122948,0,180,123,63,156864,1937070,44839988,11458000,4139852,60957492,49994824,64771556,0,0,0,1,7,0,59607566,377559519,382282155,197317,198197,1034963,0,133317273,69940,521912004,655178453,0
1789292785.8854933,26.091,13823158,122957,0,180,123,63,156880,1937150,44842180,11655928,4213028,60901388,49740040,64771556,0,0,0,0,5,0,59608018,377580965,382303601,197317,198197,1053257,0,133320020,69940,522037052,655178453,0
1789292786.135955,26.342,13823457,122959,0,180,123,63,156886,1937242,44843203,11837164,4321264,60975144,49631176,64771556,0,0,0,0,5,0,59608176,377585725,382308362,197317,198197,1080316,0,133320022,69940,522109628,655178453,0
1789292786.3863475,26.592,13823748,122964,0,180,123,63,156894,1937336,44845721,12083136,4422368,61068252,49476492,64771556,0,0,0,0,5,0,59608501,377595299,382317936,197317,198197,1105592,0,133320033,69940,522254780,655178453,0
1789292786.6370857,26.843,13824045,122966,0,180,123,63,156910,1937421,44846851,12260996,4527140,61012188,49241008,64771556,0,0,0,0,5,0,59608673,377601218,382323855,197317,198197,1131785,0,133322444,69940,522327356,655178453,0
1789292786.8878143,27.094,13824340,122968,0,180,123,63,156932,1937504,44848505,12413896,4607764,60898652,48973708,64771556,0,0,0,0,5,0,59609077,377603741,382326379,197317,198197,1152042,0,133326968,69940,522399932,655178453,0
1789292787.1385062,27.344,13824638,122973,0,180,123,63,156941,1937592,44850598,12649976,4698824,61001768,48839356,64771556,0,0,0,0,5,0,59609815,377616248,382338886,197317,198197,1174706,0,133327225,69940,522545084,655178453,0
1789292787.3892167,27.595,13824925,122976,0,180,123,63,156949,1937696,44852908,12832620,4799632,61078252,48731508,64771556,0,0,0,0,5,0,59610010,377621618,382344259,197317,198197,1199908,0,133327251,69940,522627140,655178453,0
1789292787.639946,27.846,13825221,122978,0,180,123,63,156959,1937789,44854263,13040228,4907388,61070520,48514424,64771556,0,0,0,0,5,0,59610211,377627898,382350541,197317,198197,1226847,0,133327921,69940,522726524,655178453,0
1789292787.8906703,28.097,13825518,122982,0,180,123,63,156982,1937866,44856509,13226432,4985044,60913228,48169696,64771556,0,0,0,1,4,0,59610601,377636029,382358673,197317,198197,1246261,0,133332627,69940,522835100,655178453,0
1789292788.1412547,28.347,13825816,122985,0,180,123,63,156995,1937952,44857987,13403396,5076576,60922536,48001196,64771556,0,0,0,0,5,0,59610888,377644668,382367312,197317,198197,1269144,0,133334460,69940,522921092,655178453,0
1789292788.3919783,28.598,13826115,122988,0,180,123,63,157002,1938043,44860223,13637448,5177956,61010044,47852476,64771556,0,0,0,0,5,0,59611192,377652928,382375571,197317,198197,1294489,0,133334479,69940,523053116,655178453,0
1789292788.6427152,28.849,13826415,122991,0,180,123,63,157007,1938134,44861294,13816012,5283904,61060532,47723700,64771556,0,0,0,0,5,0,59611360,377659365,382382009,197317,198197,1320976,0,133334487,69940,523125692,655178453,0
1789292788.893458,29.099,13826695,122993,0,180,123,63,157026,1938232,44864287,13977564,5373440,60950832,47450524,64771556,0,0,0,0,5,0,59611726,377663658,382386301,197317,198197,1343360,0,133338167,69940,523198268,655178453,0
1789292789.1441417,29.35,13826989,122997,0,180,123,63,157046,1938314,44866679,14173644,5455432,60898088,47200804,64771556,0,0,0,0,5,0,59612260,377673068,382395713,197317,198197,1363858,0,133341792,69940,523312572,655178453,0
1789292789.3948967,29.601,13827283,123002,0,180,123,63,157052,1938409,44869100,14387340,5563456,61007216,47094496,64771556,0,0,0,0,5,0,59612537,377686323,382408968,197317,198197,1390864,0,133341814,69940,523417788,655178453,0
1789292789.6456075,29.852,13827578,123008,0,180,123,63,157059,1938502,44871116,14604948,5674080,61067720,46935552,64771556,0,0,0,1,4,0,59612808,377699490,382422136,197317,198197,1418520,0,133341820,69940,523524972,655178453,0
1789292789.8963087,30.102,13827877,123012,0,180,123,63,157080,1938577,44872429,14768608,5784688,60993964,46696752,64771556,0,0,0,1,4,0,59613204,377710802,382433448,197317,198197,1446172,0,133345911,69940,523578220,655178453,0
1789292790.1470027,30.353,13828171,123022,0,180,123,63,157095,1938657,44875062,14993816,5890416,61097180,46573268,64771556,0,0,0,0,6,0,59613689,377734744,382457389,197317,198197,1472604,0,133348199,69940,523697748,655178557,0
1789292790.3975055,30.603,13828442,123033,0,180,123,63,157108,1938762,44879345,15223960,6000684,61622964,46867724,64771556,0,0,0,0,6,0,59614045,377753335,382475980,197317,198197,1500171,0,133348355,69940,523816764,655179085,0
1789292790.6482,30.854,13828735,123043,0,180,123,63,157133,1938834,44882456,15409148,6088220,61675012,46731836,64771556,0,1024,0,3,3,0,59614465,377773396,382496044,197317,198197,1522055,256,133353937,69940,523910572,655184313,0
1789292790.8987873,31.105,13829018,123067,0,180,123,63,157144,1938913,44890353,15639892,5970404,61666892,46492116,64771556,0,8000,0,1,5,0,59615036,377816106,382538928,197317,198197,1492601,2000,133356280,69940,524033964,655409137,0
1789292791.1492631,31.355,13829311,123082,0,180,123,63,157156,1938993,44894674,15877288,6010756,61708392,46293748,64771556,0,0,0,0,6,0,59615404,377842736,382565589,197317,198197,1502586,0,133357605,69940,524143180,655496365,0
1789292791.39973,31.606,13829592,123090,0,180,123,63,157178,1939080,44898181,16048876,6084444,61760340,46173308,64771556,0,0,0,0,5,0,59615811,377859251,382582114,197317,198197,1521111,0,133360982,69940,524241084,655496365,0
1789292791.6501913,31.856,13829887,123104,0,180,123,63,157188,1939160,44901608,16274884,6192560,62352604,46538260,64771556,0,0,0,2,5,0,59616248,377890445,382613308,197317,198197,1548140,0,133363373,69940,524359628,655496365,0
1789292791.9006937,32.107,13830154,123134,0,180,123,63,157207,1939243,44913665,16468316,5808020,62441496,46430408,64771556,0,8192,0,3,3,0,59616775,377924615,382647808,197317,198197,1452005,2048,133365634,69940,524456816,655976381,0
1789292792.1511586,32.357,13830454,123161,0,180,123,63,157232,1939289,44927031,16560620,5261876,62544424,46439012,64771556,0,4104,0,1,2,0,59617921,377971652,382695618,197317,198197,1315469,1026,133370902,69940,524502244,656569365,0
1789292792.4016507,32.608,13830803,123188,0,180,123,63,157236,1939310,44931333,16621060,5140788,62549244,46383388,64771556,0,8192,0,1,4,0,59619122,378109192,382833984,197317,198197,1285197,2048,133370925,69940,524534888,656718097,0
1789292792.652183,32.858,13831096,123212,0,180,123,63,157244,1939387,44940375,16635896,5003428,62541904,46359660,64771556,0,5088,0,1,9,0,59619617,378133310,382858854,197317,198197,1250857,1272,133374031,69940,524540452,656864897,0
1789292792.9027467,33.109,13831313,123234,0,180,123,63,157261,1939529,44945491,16635924,4851036,62221792,46039504,64771556,0,12916,0,1,7,0,59619874,378146954,382873190,197317,198197,1212759,3229,133442715,69940,524540456,657017289,0
1789292793.153218,33.359,13831580,123257,0,180,123,63,157263,1939637,44947847,16635940,4705868,62247508,46065196,64771556,0,8192,0,1,5,0,59620123,378190199,382916628,197317,198197,1176467,2048,133444479,69940,524540464,657162461,0
1789292793.4036975,33.61,13831851,123281,0,180,123,63,157265,1939740,44950387,16635948,4558484,62239636,46057312,64771556,0,11000,0,1,5,0,59620417,378236467,382963156,197317,198197,1139621,2750,133448258,69940,524540468,657309841,0
1789292793.6540773,33.86,13832090,123304,0,180,123,63,157268,1939874,44953306,16635956,4408528,62210280,46027944,64771556,0,8192,0,1,5,0,59620613,378266268,382993113,197317,198197,1102132,2048,133454394,69940,524540472,657459801,0
1789292793.9046998,34.111,13832346,123327,0,180,123,63,157273,1939989,44956706,16635964,4258828,62172396,45990048,64771556,0,16180,0,1,6,0,59620927,378306667,383033980,197317,198197,1064707,4045,133462088,69940,524540476,657609497,0
1789292794.1553817,34.361,13832619,123351,0,180,123,63,157275,1940091,44958404,16635972,4110208,62173036,45990676,64771556,0,12032,0,1,5,0,59621117,378340372,383067832,197317,198197,1027552,3008,133466697,69940,524540480,657758385,0
1789292794.4060428,34.612,13832894,123374,0,180,123,63,157277,1940191,44960113,16635988,3966384,62171972,45989588,64771556,0,5984,0,1,5,0,59621333,378388225,383115860,197317,198197,991596,1496,133469749,69940,524540488,657901941,0
1789292794.6566784,34.863,13833164,123398,0,180,123,63,157284,1940291,44962403,16635996,3819588,62074688,45892292,64771556,0,8192,0,1,5,0,59621455,378411259,383139135,197317,198197,954897,2048,133493334,69940,524540492,658048741,0
1789292794.9073682,35.113,13833438,123422,0,180,123,63,157287,1940391,44964524,16636004,3669692,62050208,45867800,64771556,0,8192,0,1,5,0,59621697,378458719,383186794,197317,198197,917423,2048,133499668,69940,524540496,658198637,0
1789292795.1580703,35.364,13833713,123445,0,180,123,63,157289,1940490,44966417,16636012,3518468,62049060,45866640,64771556,0,14848,0,1,5,0,59621958,378506317,383234601,197317,198197,879388,3941,133504932,69940,524540500,658350901,0
1789292795.408679,35.615,13833963,123470,0,180,123,63,157294,1940609,44969261,16636020,3372460,62000240,45817800,64771556,0,8192,0,1,8,0,59622175,378534766,383263659,197317,198197,843115,2048,133518439,69940,524540504,658496413,0
1789292795.6593876,35.865,13834236,123494,0,180,123,63,157297,1940710,44970925,16636028,3222604,61989748,45807296,64771556,0,16352,0,1,5,0,59622361,378579565,383308618,197317,198197,805651,4088,133521801,69940,524540508,658646265,0
1789292795.9100938,36.116,13834508,123517,0,180,123,63,157299,1940813,44972565,16636040,3071648,61985340,45802868,64771556,0,13972,0,1,6,0,59622561,378626171,383355678,197317,198197,767912,3493,133522092,69940,524540516,658797301,0
1789292796.1607716,36.367,13834782,123541,0,180,123,63,157301,1940914,44974672,16636060,2929752,62012248,45829752,64771556,0,5968,0,1,5,0,59622810,378673588,383403307,197317,198197,732438,1492,133522287,69940,524540520,658939121,0
1789292796.4113646,36.617,13835054,123565,0,180,123,63,157303,1941016,44976858,16636172,2783052,62011484,45828876,64771556,0,8192,0,1,5,0,59623047,378718700,383448695,197317,198197,695763,2048,133522294,69940,524540528,659085937,0
1789292796.6620922,36.868,13835326,123588,0,180,123,63,157305,1941119,44978791,16636180,2633164,62011244,45828624,64771556,0,8192,0,1,5,0,59623360,378763878,383494166,197317,198197,658291,2048,133522304,69940,524540532,659235825,0
1789292796.912717,37.119,13835588,123610,0,180,123,63,157307,1941232,44980467,16636188,2485864,62011256,45828624,64771556,0,10916,0,0,6,0,59623653,378805817,383536365,197317,198197,621466,2729,133522326,69940,524540536,659383121,0
1789292797.163382,37.369,13835863,123633,0,180,123,63,157310,1941332,44982049,16636196,2336912,62021532,45838888,64771556,0,7104,0,1,5,0,59623974,378852220,383583064,197317,198197,584228,1776,133524400,69940,524540540,659532045,0
1789292797.4140043,37.62,13836132,123656,0,180,123,63,157314,1941437,44983824,16636204,2186420,62014596,45831940,64771556,0,15908,0,1,5,0,59624248,378896751,383627847,197317,198197,546605,3977,133524838,69940,524540544,659682565,0
1789292797.6646802,37.871,13836405,123679,0,180,123,63,157317,1941537,44986125,16636220,2041416,62014096,45831416,64771556,0,8144,0,1,5,0,59624598,378942369,383673805,197317,198197,510354,2036,133524859,69940,524540552,659827569,0
1789292797.9152782,38.121,13836678,123702,0,180,123,63,157319,1941639,44988155,16636228,1893656,62014108,45831416,64771556,0,6016,0,1,6,0,59624907,378988371,383720117,197317,198197,473414,1504,133524865,69940,524540556,659975205,0
1789292798.1659114,38.372,13836949,123726,0,180,123,63,157322,1941741,44990593,16636236,1747004,62036644,45853936,64771556,0,8084,0,1,5,0,59625138,379011362,383743242,197317,198197,436751,2021,133524881,69940,524540564,660122093,0
1789292798.416478,38.622,13837220,123750,0,180,123,63,157325,1941845,44992484,16636244,1591884,62039536,45856816,64771556,0,13312,0,1,5,0,59625334,379057652,383789767,197317,198197,397971,3328,133524895,69940,524540568,660277465,0
1789292798.6671677,38.873,13837495,123773,0,180,123,63,157326,1941946,44994075,16636252,1445264,62039256,45856524,64771556,0,15360,0,1,5,0,59625527,379105538,383837810,197317,198197,361316,3840,133524897,69940,524540572,660423745,0
1789292798.9178383,39.124,13837770,123797,0,180,123,63,157327,1942045,44995736,16636260,1299920,62039268,45856524,64771556,0,7936,0,1,5,0,59625719,379153305,383885737,197317,198197,324980,1984,133524902,69940,524540576,660569325,0
1789292799.168452,39.374,13838037,123821,0,180,123,63,157331,1942152,44997873,16636372,1154736,62062508,45879652,64771556,0,11184,0,1,5,0,59625994,379198343,383931004,197317,198197,288684,2796,133524943,69940,524540584,660714345,0
1789292799.4191167,39.625,13838312,123845,0,180,123,63,157332,1942252,44999902,16636380,1004708,62062520,45879652,64771556,0,12224,0,1,5,0,59626230,379245972,383978835,197317,198197,251177,3056,133524943,69940,524540588,660864373,0
1789292799.6698127,39.876,13838575,123868,0,180,123,63,157336,1942363,45003140,16636396,858952,62057668,45874768,64771556,0,5212,0,1,5,0,59626506,379286843,384019945,197317,198197,214738,1303,133525181,69940,524540596,661010129,0
1789292799.92042,40.126,13838843,123891,0,180,123,63,157341,1942467,45005005,16636404,707952,62026868,45843948,64771556,0,13840,0,1,5,0,59626661,379312724,384046027,197317,198197,176988,3460,133534142,69940,524540600,661161133,0
1789292800.1711388,40.377,13839129,123903,0,180,123,63,157343,1942568,45005886,16636412,636752,62034496,45851564,64771556,0,0,0,0,5,0,59626699,379321018,384054367,197317,198197,159188,0,133534146,69940,524540604,661232333,0
1789292800.4218678,40.628,13839427,123903,0,180,123,63,157343,1942670,45006049,16636412,636752,62036152,45853220,64771556,0,0,0,0,6,0,59626716,379321018,384054367,197317,198197,159188,0,133534152,69940,524540604,661232333,0
1789292800.6725473,40.878,13839723,123903,0,180,123,63,157344,1942774,45006269,16636412,636752,62036152,45853220,64771556,0,0,0,0,5,0,59626720,379321018,384054367,197317,198197,159188,0,133534160,69940,524540604,661232333,0
1789292800.9231536,41.129,13840019,123903,0,180,123,63,157345,1942878,45006539,16636420,635840,62035908,45852968,64771556,0,0,0,0,6,0,59626729,379321018,384054367,197317,198197,158960,0,133534170,69940,524540604,661233145,0
1789292801.1738863,41.38,13840316,123903,0,180,123,63,157346,1942980,45006613,16636420,635840,62044976,45862036,64771556,0,0,0,0,6,0,59627077,379321018,384054367,197317,198197,158960,0,133534175,69940,524540604,661233145,0
1789292801.4246,41.631,13840613,123903,0,180,123,63,157348,1943082,45007433,16636420,636048,62046340,45863400,64771556,0,0,0,0,5,0,59627104,379321019,384054367,197317,198197,159012,0,133534183,69940,524540604,661233361,0
1789292801.6753018,41.881,13840914,123903,0,180,123,63,157348,1943182,45007478,16636420,636048,62046340,45863400,64771556,0,0,0,0,5,0,59627114,379321019,384054367,197317,198197,159012,0,133534185,69940,524540604,661233361,0
1789292801.9259245,42.132,13841214,123903,0,180,123,63,157348,1943283,45007681,16636420,636048,62046340,45863400,64771556,0,0,0,0,5,0,59627125,379321019,384054367,197317,198197,159012,0,133534195,69940,524540604,661233361,0
1789292802.1766577,42.383,13841507,123903,0,180,123,63,157351,1943387,45008431,16636516,636144,62058636,45875608,64771556,0,0,0,0,5,0,59627179,379321019,384054367,197317,198197,159036,0,133534300,69940,524540604,661233361,0
1789292802.427354,42.633,13841808,123903,0,180,123,63,157351,1943487,45008480,16636516,636144,62058636,45875608,64771556,0,0,0,0,5,0,59627184,379321019,384054367,197317,198197,159036,0,133534317,69940,524540604,661233361,0
1789292802.6780467,42.884,13842108,123903,0,180,123,63,157351,1943588,45008513,16636516,636144,62058636,45875608,64771556,0,0,0,0,5,0,59627184,379321019,384054367,197317,198197,159036,0,133534317,69940,524540604,661233361,0
1789292802.9286823,43.135,13842405,123903,0,180,123,63,157353,1943691,45009884,16636516,636144,62058664,45875636,64771556,0,0,0,0,6,0,59627204,379321019,384054367,197317,198197,159036,0,133534375,69940,524540604,661233361,0
1789292803.179407,43.385,13842705,123903,0,180,123,63,157354,1943790,45009953,16636516,636144,62076796,45893768,64771556,0,0,0,0,5,0,59627301,379321019,384054367,197317,198197,159036,0,133534377,69940,524540604,661233361,0
1789292803.4300377,43.636,13843006,123903,0,180,123,63,157354,1943891,45010006,16636516,636144,62076796,45893768,64771556,0,0,0,0,5,0,59627307,379321019,384054367,197317,198197,159036,0,133534379,69940,524540604,661233361,0
1789292803.6806638,43.887,13843288,123903,0,180,123,63,157356,1944008,45011147,16636516,636144,62058388,45875344,64771556,0,0,0,0,5,0,59627391,379321019,384054367,197317,198197,159036,0,133537140,69940,524540604,661233361,0
1789292803.931347,44.137,13843583,123903,0,180,123,63,157358,1944111,45011264,16636516,636144,62007224,45824180,64771556,0,0,0,0,5,0,59627399,379321019,384054367,197317,198197,159036,0,133549403,69940,524540604,661233361,0
1789292804.1820326,44.388,13843883,123903,0,180,123,63,157359,1944210,45011315,16636516,636144,62010032,45826988,64771556,0,0,0,0,5,0,59627411,379321019,384054367,197317,198197,159036,0,133549470,69940,524540604,661233361,0
1789292804.4326563,44.639,13844174,123903,0,180,123,63,157360,1944319,45011518,16636516,636144,62011304,45828260,64771556,0,0,0,0,6,0,59627430,379321019,384054367,197317,198197,159036,0,133549481,69940,524540604,661233361,0
1789292804.6833756,44.889,13844474,123903,0,180,123,63,157361,1944419,45011569,16636516,636144,62011304,45828260,64771556,0,0,0,0,5,0,59627432,379321019,384054367,197317,198197,159036,0,133549482,69940,524540604,661233361,0
1789292804.9340189,45.14,13844773,123903,0,180,123,63,157361,1944521,45011678,16636516,636144,62011016,45827972,64771556,0,0,0,0,5,0,59627441,379321019,384054367,197317,198197,159036,0,133549486,69940,524540604,661233361,0
1789292805.1846852,45.391,13845072,123903,0,180,123,63,157362,1944623,45011861,16636612,636240,62026452,45843320,64771556,0,0,0,0,5,0,59627501,379321019,384054367,197317,198197,159060,0,133549492,69940,524540604,661233361,0
1789292805.4354084,45.641,13845371,123903,0,180,123,63,157362,1944723,45012234,16636612,636240,62020048,45836916,64771556,0,0,0,0,5,0,59627521,379321019,384054367,197317,198197,159060,0,133549495,69940,524540604,661233361,0
1789292805.6860714,45.892,13845670,123903,0,180,123,63,157363,1944824,45012331,16636612,636240,62020048,45836916,64771556,0,0,0,0,5,0,59627534,379321019,384054367,197317,198197,159060,0,133549501,69940,524540604,661233361,0
1789292805.9365711,46.142,13845967,123903,0,180,123,63,157363,1944928,45012479,16636612,636240,62019824,45836692,64771556,0,0,0,0,5,0,59627544,379321019,384054367,197317,198197,159060,0,133549530,69940,524540604,661233361,0
1789292806.1870525,46.393,13846267,123903,0,180,123,63,157364,1945027,45012537,16636612,636240,62030044,45846912,64771556,0,0,0,0,5,0,59627595,379321019,384054367,197317,198197,159060,0,133549532,69940,524540604,661233361,0
1789292806.437457,46.643,13846564,123903,0,180,123,63,157365,1945130,45012638,16636612,636240,62032672,45849540,64771556,0,0,0,0,5,0,59627601,379321019,384054367,197317,198197,159060,0,133549537,69940,524540604,661233361,0
1789292806.6879487,46.894,13846862,123903,0,180,123,63,157366,1945231,45012745,16636612,636240,62035600,45852468,64771556,0,0,0,0,5,0,59627602,379321019,384054367,197317,198197,159060,0,133549542,69940,524540604,661233361,0
1789292806.938391,47.144,13847162,123903,0,180,123,63,157367,1945331,45012816,16636612,636240,62035600,45852468,64771556,0,0,0,0,5,0,59627609,379321019,384054367,197317,198197,159060,0,133549543,69940,524540604,661233361,0
1789292807.188859,47.395,13847462,123903,0,180,123,63,157367,1945431,45012930,16636612,636240,62048572,45865440,64771556,0,0,0,0,5,0,59627652,379321019,384054367,197317,198197,159060,0,133549544,69940,524540604,661233361,0
1789292807.4392993,47.645,13847762,123903,0,180,123,63,157368,1945532,45013025,16636612,636240,62048572,45865440,64771556,0,0,0,0,5,0,59627657,379321019,384054367,197317,198197,159060,0,133549545,69940,524540604,661233361,0
1789292807.6897972,47.896,13848061,123903,0,180,123,63,157368,1945633,45013530,16636612,636240,62032096,45848964,64771556,0,0,0,0,5,0,59627678,379321019,384054367,197317,198197,159060,0,133549597,69940,524540604,661233361,0
1789292807.9402637,48.146,13848350,123903,0,180,123,63,157369,1945744,45014275,16636708,636336,62032128,45848900,64771556,0,0,0,0,5,0,59627717,379321019,384054367,197317,198197,159084,0,133549610,69940,524540604,661233361,0
1789292808.1907535,48.397,13848645,123903,0,180,123,63,157370,1945849,45014380,16636708,636336,62043512,45860284,64771556,0,0,0,0,5,0,59627786,379321019,384054367,197317,198197,159084,0,133549618,69940,524540604,661233361,0
1789292808.4411905,48.647,13848946,123903,0,180,123,63,157370,1945949,45014450,16636708,636336,62047460,45864232,64771556,0,0,0,0,5,0,59627801,379321019,384054367,197317,198197,159084,0,133549618,69940,524540604,661233361,0
1789292808.6915765,48.897,13849234,123903,0,180,123,63,157371,1946060,45014618,16636708,636336,62047160,45863932,64771556,0,0,0,0,5,0,59627808,379321019,384054367,197317,198197,159084,0,133549635,69940,524540604,661233361,0
1789292808.9420166,49.148,13849526,123903,0,180,123,63,157372,1946167,45014725,16636708,636336,62047384,45864156,64771556,0,0,0,0,6,0,59627818,379321019,384054367,197317,198197,159084,0,133549639,69940,524540604,661233361,0
1789292809.1924536,49.398,13849825,123903,0,180,123,63,157372,1946269,45014782,16636708,636336,62056352,45873124,64771556,0,0,0,0,5,0,59627863,379321019,384054367,197317,198197,159084,0,133549654,69940,524540604,661233361,0
1789292809.4428158,49.649,13850124,123903,0,180,123,63,157372,1946369,45014913,16636708,636336,62057820,45874592,64771556,0,0,0,0,5,0,59627865,379321019,384054367,197317,198197,159084,0,133549658,69940,524540604,661233361,0
1789292809.6932313,49.899,13850423,123903,0,180,123,63,157374,1946471,45015005,16636708,636336,62057852,45874624,64771556,0,0,0,0,5,0,59627875,379321019,384054367,197317,198197,159084,0,133549662,69940,524540604,661233361,0
1789292809.943692,50.15,13850722,123903,0,180,123,63,157374,1946571,45015100,16636708,636336,62057988,45874760,64771556,0,0,0,0,5,0,59627881,379321019,384054367,197317,198197,159084,0,133549666,69940,524540604,661233361,0
1789292810.194129,50.4,13851007,123903,0,180,123,63,157375,1946685,45015622,16636708,636336,62067116,45883888,64771556,0,0,0,0,5,0,59627960,379321019,384054367,197317,198197,159084,0,133549706,69940,524540604,661233361,0
1789292810.4446087,50.651,13851307,123903,0,180,123,63,157375,1946785,45015649,16636708,636336,62067116,45883888,64771556,0,0,0,0,5,0,59627964,379321019,384054367,197317,198197,159084,0,133549707,69940,524540604,661233361,0
1789292810.694974,50.901,13851606,123903,0,180,123,63,157376,1946886,45015882,16636804,636432,62070884,45887568,64771556,0,0,0,0,5,0,59627969,379321019,384054367,197317,198197,159108,0,133549724,69940,524540604,661233361,0
1789292810.9454274,51.151,13851905,123903,0,180,123,63,157376,1946988,45015948,16636804,636432,62070884,45887568,64771556,0,0,0,0,5,0,59627977,379321019,384054367,197317,198197,159108,0,133549726,69940,524540604,661233361,0
1789292811.1958516,51.402,13852206,123903,0,180,123,63,157377,1947086,45016026,16636804,636432,62078200,45894884,64771556,0,0,0,0,5,0,59628022,379321019,384054367,197317,198197,159108,0,133549726,69940,524540604,661233361,0
1789292811.4462292,51.652,13852505,123903,0,180,123,63,157379,1947186,45016145,16636804,636432,62079456,45896140,64771556,0,0,0,0,5,0,59628035,379321019,384054367,197317,198197,159108,0,133549735,69940,524540604,661233361,0
1789292811.6966922,51.903,13852801,123903,0,180,123,63,157379,1947290,45016238,16636804,636432,62079792,45896476,64771556,0,0,0,0,5,0,59628041,379321019,384054367,197317,198197,159108,0,133549749,69940,524540604,661233361,0
1789292811.9471312,52.153,13853095,123903,0,180,123,63,157379,1947397,45016349,16636804,636432,62079792,45896476,64771556,0,0,0,0,7,0,59628047,379321019,384054367,197317,198197,159108,0,133549759,69940,524540604,661233361,0
1789292812.1975846,52.403,13853364,123903,0,180,123,63,157382,1947525,45017543,16636804,636432,62075736,45892412,64771556,0,0,0,0,5,0,59628128,379321019,384054367,197317,198197,159108,0,133550855,69940,524540604,661233361,0
1789292812.4480329,52.654,13853664,123903,0,180,123,63,157382,1947625,45017604,16636804,636432,62075736,45892412,64771556,0,0,0,0,5,0,59628143,379321019,384054367,197317,198197,159108,0,133550855,69940,524540604,661233361,0
1789292812.6984127,52.904,13853958,123905,0,180,123,63,157384,1947729,45018042,16637624,639876,62072536,45888392,64771556,0,0,0,1,6,0,59628154,379321351,384054700,197317,198197,159969,0,133554234,69960,524541808,661233361,0
1789292812.948887,53.155,13854232,123920,0,180,123,63,157387,1947836,45018726,16642936,639876,62060444,45869444,64771556,0,0,0,0,6,0,59628309,379346990,384080367,197317,198197,159969,0,133557820,69991,524548404,661233361,0
1789292813.1995494,53.405,13854507,123934,0,180,123,63,157389,1947946,45019369,16646864,639880,62055192,45859984,64771556,0,0,0,1,5,0,59628440,379374918,384108297,197317,198197,159970,0,133561175,70002,524552356,661233361,0
1789292813.449991,53.656,13854795,123937,0,180,123,63,157393,1948050,45020143,16647128,642468,62054344,45858732,64771556,0,0,0,0,5,0,59628463,379376436,384109815,197317,198197,160617,0,133566482,70004,524552640,661233365,0
1789292813.7004561,53.906,13855095,123937,0,180,123,63,157393,1948150,45020186,16647128,642468,62054344,45858732,64771556,0,0,0,0,5,0,59628474,379376436,384109815,197317,198197,160617,0,133566484,70004,524552640,661233365,0
1789292813.9508278,54.157,13855392,123937,0,180,123,63,157394,1948253,45020363,16647128,642468,62054384,45858772,64771556,0,0,0,0,5,0,59628480,379376436,384109815,197317,198197,160617,0,133566498,70004,524552640,661233365,0
1789292814.201295,54.407,13855691,123937,0,180,123,63,157395,1948354,45020491,16647224,642564,62060776,45865076,64771556,0,0,0,0,5,0,59628526,379376436,384109815,197317,198197,160641,0,133566500,70004,524552640,661233365,0
1789292814.4517763,54.658,13855990,123937,0,180,123,63,157395,1948456,45020622,16647224,642564,62066400,45870700,64771556,0,0,0,0,5,0,59628530,379376436,384109815,197317,198197,160641,0,133566503,70004,524552640,661233365,0
1789292814.7022073,54.908,13856286,123937,0,180,123,63,157396,1948559,45021220,16647224,642564,62067228,45871528,64771556,0,0,0,0,5,0,59628564,379376436,384109815,197317,198197,160641,0,133566518,70004,524552640,661233365,0
1789292814.9526856,55.159,13856585,123937,0,180,123,63,157397,1948659,45021383,16647224,642564,62067228,45871528,64771556,0,0,0,0,5,0,59628570,379376436,384109815,197317,198197,160641,0,133566518,70004,524552640,661233365,0
1789292815.2031662,55.409,13856885,123937,0,180,123,63,157398,1948759,45021546,16647224,642564,62075476,45879776,64771556,0,0,0,0,5,0,59628847,379376436,384109815,197317,198197,160641,0,133566524,70004,524552640,661233365,0
1789292815.4536538,55.66,13857183,123937,0,180,123,63,157398,1948861,45021693,16647224,642564,62075476,45879776,64771556,0,0,0,0,5,0,59628854,379376436,384109815,197317,198197,160641,0,133566528,70004,524552640,661233365,0
1789292815.704133,55.91,13857482,123937,0,180,123,63,157400,1948962,45021956,16647224,642564,62075476,45879776,64771556,0,0,0,0,5,0,59628869,379376436,384109815,197317,198197,160641,0,133566534,70004,524552640,661233365,0
1789292815.954623,56.161,13857782,123937,0,180,123,63,157400,1949062,45022073,16647224,642564,62075476,45879776,64771556,0,0,0,0,5,0,59628880,379376436,384109815,197317,198197,160641,0,133566539,70004,524552640,661233365,0
1789292816.2050695,56.411,13858082,123937,0,180,123,63,157401,1949161,45022223,16647224,642564,62087432,45891732,64771556,0,0,0,0,5,0,59628908,379376436,384109815,197317,198197,160641,0,133566542,70004,524552640,661233365,0
1789292816.4555495,56.661,13858380,123937,0,180,123,63,157403,1949263,45022541,16647224,642564,62087496,45891796,64771556,0,0,0,0,5,0,59628927,379376436,384109815,197317,198197,160641,0,133566551,70004,524552640,661233365,0
1789292816.7061787,56.912,13858681,123937,0,180,123,63,157403,1949363,45022599,16647224,642564,62087496,45891796,64771556,0,0,0,0,5,0,59628932,379376436,384109815,197317,198197,160641,0,133566552,70004,524552640,661233365,0
1789292816.9568863,57.163,13858981,123937,0,180,123,63,157403,1949463,45022733,16647224,642564,62087732,45892032,64771556,0,0,0,0,5,0,59628939,379376436,384109815,197317,198197,160641,0,133566557,70004,524552640,661233365,0
1789292817.2074745,57.413,13859261,123937,0,180,123,63,157405,1949585,45023989,16647320,642660,62099272,45903476,64771556,0,0,0,0,6,0,59629055,379376436,384109815,197317,198197,160665,0,133566883,70004,524552640,661233365,0
1789292817.4579537,57.664,13859560,123937,0,180,123,63,157406,1949684,45024077,16647320,642660,62090384,45894588,64771556,0,0,0,0,5,0,59629063,379376436,384109815,197317,198197,160665,0,133568940,70004,524552640,661233365,0
1789292817.7083914,57.914,13859858,123937,0,180,123,63,157407,1949787,45024136,16647320,642660,62090384,45894588,64771556,0,0,0,0,5,0,59629070,379376436,384109815,197317,198197,160665,0,133568944,70004,524552640,661233365,0
1789292817.9587731,58.165,13860158,123937,0,180,123,63,157407,1949888,45024273,16647320,642660,62090384,45894588,64771556,0,0,0,0,5,0,59629075,379376436,384109815,197317,198197,160665,0,133568945,70004,524552640,661233365,0
1789292818.2092485,58.415,13860458,123937,0,180,123,63,157409,1949986,45024440,16647320,642660,62098512,45902716,64771556,0,0,0,0,5,0,59629094,379376436,384109815,197317,198197,160665,0,133568947,70004,524552640,661233365,0
1789292818.4597,58.666,13860758,123937,0,180,123,63,157409,1950086,45024473,16647320,642660,62098512,45902716,64771556,0,0,0,0,5,0,59629097,379376436,384109815,197317,198197,160665,0,133568947,70004,524552640,661233365,0
1789292818.7100842,58.916,13861058,123937,0,180,123,63,157409,1950187,45024568,16647320,642660,62098512,45902716,64771556,0,0,0,0,5,0,59629098,379376436,384109815,197317,198197,160665,0,133568948,70004,524552640,661233365,0
1789292818.9605598,59.166,13861355,123937,0,180,123,63,157411,1950288,45024915,16647320,642660,62098512,45902716,64771556,0,0,0,0,5,0,59629114,379376436,384109815,197317,198197,160665,0,133568963,70004,524552640,661233365,0
1789292819.211037,59.417,13861654,123937,0,180,123,63,157412,1950389,45025070,16647320,642660,62102112,45906316,64771556,0,0,0,0,6,0,59629155,379376436,384109815,197317,198197,160665,0,133568964,70004,524552640,661233365,0
1789292819.461536,59.667,13861952,123937,0,180,123,63,157412,1950492,45025522,16647320,642660,62107700,45911904,64771556,0,0,0,0,5,0,59629179,379376436,384109815,197317,198197,160665,0,133568971,70004,524552640,661233365,0
1789292819.7120166,59.918,13862251,123937,0,180,123,63,157414,1950592,45025791,16647320,642660,62107448,45911652,64771556,0,0,0,0,5,0,59629187,379376436,384109815,197317,198197,160665,0,133568977,70004,524552640,661233365,0
1789292819.9627428,60.169,13862551,123937,0,180,123,63,157415,1950691,45025862,16647416,642756,62107472,45911588,64771556,0,0,0,0,5,0,59629191,379376436,384109815,197317,198197,160689,0,133568978,70004,524552640,661233365,0
1789292820.21345,60.419,13862852,123937,0,180,123,63,157415,1950791,45025944,16647416,642756,62109856,45913972,64771556,0,0,0,0,5,0,59629209,379376436,384109815,197317,198197,160689,0,133568979,70004,524552640,661233365,0
1789292820.4641135,60.67,13863151,123937,0,180,123,63,157416,1950892,45026127,16647416,642756,62110192,45914308,64771556,0,0,0,0,5,0,59629227,379376436,384109815,197317,198197,160689,0,133568981,70004,524552640,661233365,0
1789292820.714854,60.921,13863451,123937,0,180,123,63,157417,1950992,45026239,16647416,642756,62110192,45914308,64771556,0,0,0,0,5,0,59629229,379376436,384109815,197317,198197,160689,0,133568983,70004,524552640,661233365,0
1789292820.965481,61.171,13863751,123937,0,180,123,63,157417,1951092,45026327,16647416,642756,62109948,45914064,64771556,0,0,0,0,5,0,59629234,379376436,384109815,197317,198197,160689,0,133568985,70004,524552640,661233365,0
1789292821.2159576,61.422,13864051,123937,0,180,123,63,157418,1951192,45026484,16647416,642756,62115396,45919512,64771556,0,0,0,0,5,0,59629260,379376436,384109815,197317,198197,160689,0,133568988,70004,524552640,661233365,0
1789292821.4664478,61.672,13864350,123937,0,180,123,63,157419,1951293,45026627,16647416,642816,62115396,45919512,64771556,0,0,0,0,6,0,59629266,379376447,384109826,197317,198197,160704,0,133568990,70004,524552640,661233433,0
1789292821.7169023,61.923,13864635,123937,0,180,123,63,157420,1951407,45027719,16647416,642816,62116616,45920732,64771556,0,0,0,0,5,0,59629322,379376447,384109826,197317,198197,160704,0,133569057,70004,524552640,661233433,0
1789292821.9673774,62.173,13864935,123937,0,180,123,63,157422,1951506,45027783,16647416,642816,62116616,45920732,64771556,0,0,0,0,5,0,59629327,379376447,384109826,197317,198197,160704,0,133569059,70004,524552640,661233433,0
1789292822.2177794,62.424,13865236,123937,0,180,123,63,157422,1951605,45027869,16647416,642816,62121680,45925796,64771556,0,0,0,0,5,0,59629346,379376447,384109826,197317,198197,160704,0,133569059,70004,524552640,661233433,0
1789292822.4682295,62.674,13865535,123937,0,180,123,63,157423,1951704,45027964,16647416,642816,62121708,45925824,64771556,0,0,0,0,5,0,59629352,379376447,384109826,197317,198197,160704,0,133569061,70004,524552640,661233433,0
1789292822.7186682,62.925,13865836,123937,0,180,123,63,157424,1951804,45028009,16647416,642816,62121708,45925824,64771556,0,0,0,0,5,0,59629354,379376447,384109826,197317,198197,160704,0,133569061,70004,524552640,661233433,0
1789292822.9690568,63.175,13866132,123937,0,180,123,63,157424,1951908,45028121,16647416,642816,62121960,45926076,64771556,0,0,0,0,5,0,59629366,379376447,384109826,197317,198197,160704,0,133569066,70004,524552640,661233433,0
1789292823.2194946,63.425,13866432,123937,0,180,123,63,157426,1952008,45028223,16647512,642912,62125140,45929160,64771556,0,0,0,0,5,0,59629382,379376447,384109826,197317,198197,160728,0,133569067,70004,524552640,661233433,0
1789292823.469926,63.676,13866732,123937,0,180,123,63,157426,1952107,45028301,16647512,642912,62125140,45929160,64771556,0,0,0,0,5,0,59629390,379376447,384109826,197317,198197,160728,0,133569069,70004,524552640,661233433,0
1789292823.720363,63.926,13867032,123937,0,180,123,63,157427,1952207,45028392,16647512,642912,62125140,45929160,64771556,0,0,0,0,5,0,59629393,379376447,384109826,197317,198197,160728,0,133569069,70004,524552640,661233433,0
1789292823.9707408,64.177,13867330,123937,0,180,123,63,157428,1952309,45028852,16647512,642912,62125140,45929160,64771556,0,0,0,0,5,0,59629413,379376447,384109826,197317,198197,160728,0,133569071,70004,524552640,661233433,0
1789292824.2211993,64.427,13867631,123937,0,180,123,63,157428,1952409,45028902,16647512,642912,62124948,45928968,64771556,0,0,0,0,5,0,59629670,379376447,384109826,197317,198197,160728,0,133569071,70004,524552640,661233433,0
1789292824.4715986,64.678,13867930,123937,0,180,123,63,157430,1952508,45029042,16647512,642912,62127132,45931152,64771556,0,0,0,0,5,0,59629687,379376447,384109826,197317,198197,160728,0,133569074,70004,524552640,661233433,0
1789292824.7220788,64.928,13868230,123937,0,180,123,63,157430,1952609,45029143,16647512,642912,62127132,45931152,64771556,0,0,0,0,5,0,59629690,379376447,384109826,197317,198197,160728,0,133569075,70004,524552640,661233433,0
1789292824.9725196,65.178,13868529,123937,0,180,123,63,157431,1952710,45029224,16647512,642912,62127132,45931152,64771556,0,0,0,0,5,0,59629699,379376447,384109826,197317,198197,160728,0,133569075,70004,524552640,661233433,0
1789292825.2229788,65.429,13868822,123937,0,180,123,63,157432,1952816,45029345,16647512,642912,62129044,45933064,64771556,0,0,0,0,5,0,59629715,379376447,384109826,197317,198197,160728,0,133569081,70004,524552640,661233433,0
1789292825.4734554,65.679,13869122,123937,0,180,123,63,157432,1952916,45029440,16647512,642912,62129044,45933064,64771556,0,0,0,0,5,0,59629720,379376447,384109826,197317,198197,160728,0,133569081,70004,524552640,661233433,0
1789292825.7239158,65.93,13869422,123937,0,180,123,63,157433,1953017,45029526,16647608,643008,62128568,45932500,64771556,0,0,0,0,5,0,59629728,379376447,384109826,197317,198197,160752,0,133569082,70004,524552640,661233433,0
1789292825.97439,66.18,13869721,123938,0,180,123,63,157434,1953117,45029881,16647608,610360,62128568,45932500,64771556,0,16264,0,1,6,0,59629738,379376507,384109889,197317,198197,152590,4066,133569084,70004,524552640,661266201,0
1789292826.2248724,66.431,13869992,123953,0,180,123,63,157445,1953218,45041925,16647624,7488,62128560,45932448,64771556,0,92,0,0,5,0,59630207,379388107,384122004,197317,198197,1872,23,133569091,70004,524552660,661869061,0
1789292826.4753537,66.681,13870282,123953,0,180,123,63,157446,1953330,45042624,16647624,7488,62128560,45932448,64771556,0,92,0,0,5,0,59630242,379388107,384122004,197317,198197,1872,23,133569093,70004,524552660,661869061,0
1789292826.7258494,66.932,13870582,123953,0,180,123,63,157446,1953430,45042668,16647624,6656,62128560,45932448,64771556,0,128,0,0,5,0,59630242,379388107,384122004,197317,198197,1664,32,133569096,70004,524552660,661870137,0
1789292826.976215,67.182,13870877,123953,0,180,123,63,157448,1953534,45043109,16647624,6664,62128156,45932044,64771556,0,128,0,0,5,0,59630256,379388107,384122004,197317,198197,1666,32,133569101,70004,524552660,661870137,0
1789292827.2267032,67.433,13871177,123953,0,180,123,63,157449,1953633,45043183,16647656,6320,62128828,45932668,64771556,0,0,0,0,5,0,59631012,379388107,384122004,197317,198197,1580,0,133569103,70004,524552660,661870137,0
1789292827.4770982,67.683,13871477,123953,0,180,123,63,157449,1953734,45043406,16647656,6320,62130272,45934112,64771556,0,0,0,0,5,0,59631016,379388107,384122004,197317,198197,1580,0,133569104,70004,524552660,661870137,0
1789292827.7275815,67.933,13871777,123953,0,180,123,63,157450,1953834,45043586,16647656,6320,62130272,45934112,64771556,0,0,0,0,5,0,59631033,379388107,384122004,197317,198197,1580,0,133569104,70004,524552660,661870137,0
1789292827.9780388,68.184,13872074,123953,0,180,123,63,157451,1953935,45044004,16647656,6320,62130244,45934084,64771556,0,0,0,0,5,0,59631042,379388107,384122004,197317,198197,1580,0,133569139,70004,524552660,661870137,0
1789292828.2285235,68.434,13872375,123953,0,180,123,63,157451,1954036,45044066,16647656,6320,62130004,45933844,64771556,0,0,0,0,5,0,59631072,379388107,384122004,197317,198197,1580,0,133569140,70004,524552660,661870137,0
1789292828.4789212,68.685,13872672,123953,0,180,123,63,157452,1954138,45044557,16647656,6320,62130460,45934300,64771556,0,0,0,0,5,0,59631099,379388107,384122004,197317,198197,1580,0,133569194,70004,524552660,661870137,0
1789292828.7293828,68.935,13872969,123953,0,180,123,63,157453,1954240,45045370,16647752,6420,62130300,45934052,64771556,0,0,0,0,5,0,59631119,379388107,384122004,197317,198197,1605,0,133569264,70004,524552660,661870137,0
1789292828.9798524,69.186,13873270,123953,0,180,123,63,157454,1954340,45045403,16647752,6420,62130060,45933812,64771556,0,0,0,0,5,0,59631152,379388107,384122004,197317,198197,1605,0,133569266,70004,524552660,661870137,0
1789292829.230246,69.436,13873568,123953,0,180,123,63,157455,1954442,45045659,16647752,6420,62131452,45935196,64771556,0,0,0,0,5,0,59631406,379388107,384122004,197317,198197,1605,0,133569305,70004,524552660,661870137,0
1789292829.480742,69.687,13873868,123953,0,180,123,63,157455,1954542,45045690,16647752,6420,62131452,45935196,64771556,0,0,0,0,5,0,59631409,379388107,384122004,197317,198197,1605,0,133569307,70004,524552660,661870137,0
1789292829.7311132,69.937,13874168,123953,0,180,123,63,157456,1954641,45045938,16647752,6420,62131452,45935196,64771556,0,0,0,0,5,0,59631425,379388107,384122004,197317,198197,1605,0,133569314,70004,524552660,661870137,0
1789292829.9815605,70.187,13874468,123953,0,180,123,63,157456,1954742,45046033,16647752,6420,62131452,45935196,64771556,0,0,0,0,5,0,59631430,379388107,384122004,197317,198197,1605,0,133569318,70004,524552660,661870137,0
1789292830.231971,70.438,13874768,123953,0,180,123,63,157457,1954841,45046108,16647752,6420,62132748,45936492,64771556,0,0,0,0,5,0,59631433,379388107,384122004,197317,198197,1605,0,133569318,70004,524552660,661870137,0
1789292830.482405,70.688,13875067,123953,0,180,123,63,157458,1954942,45046233,16647752,6420,62133236,45936980,64771556,0,0,0,0,5,0,59631440,379388107,384122004,197317,198197,1605,0,133569322,70004,524552660,661870137,0
1789292830.7328868,70.939,13875367,123953,0,180,123,63,157458,1955042,45046336,16647752,6420,62133236,45936980,64771556,0,0,0,0,5,0,59631442,379388107,384122004,197317,198197,1605,0,133569339,70004,524552660,661870137,0
1789292830.9833448,71.189,13875656,123953,0,180,123,63,157459,1955151,45047745,16647752,6420,62131392,45935136,64771556,0,0,0,0,5,0,59631512,379388107,384122004,197317,198197,1605,0,133569352,70004,524552660,661870137,0
1789292831.2338173,71.44,13875956,123953,0,180,123,63,157460,1955251,45047824,16647848,6552,62132440,45936096,64771556,0,0,0,0,5,0,59632218,379388107,384122004,197317,198197,1638,0,133569353,70004,524552660,661870209,0
1789292831.4841807,71.69,13876257,123953,0,180,123,63,157460,1955351,45047855,16647848,6552,62132440,45936096,64771556,0,0,0,0,5,0,59632225,379388107,384122004,197317,198197,1638,0,133569353,70004,524552660,661870209,0
1789292831.7345605,71.94,13876556,123953,0,180,123,63,157462,1955450,45048053,16647848,6552,62133460,45937116,64771556,0,0,0,0,5,0,59632228,379388107,384122004,197317,198197,1638,0,133569355,70004,524552660,661870209,0
1789292831.9850094,72.191,13876856,123953,0,180,123,63,157463,1955549,45048114,16647860,6552,62133108,45936764,64771556,0,0,0,0,5,0,59632267,379388485,384122384,197317,198197,1638,0,133569371,70005,524552672,661870209,0
1789292832.2354271,72.441,13877156,123953,0,180,123,63,157463,1955649,45048175,16647860,6308,62132856,45936512,64771556,0,0,0,0,5,0,59632273,379388485,384122384,197317,198197,1577,0,133569373,70005,524552672,661870449,0
1789292832.4858277,72.692,13877448,123953,0,180,123,63,157464,1955757,45048281,16647860,6308,62133100,45936756,64771556,0,0,0,0,6,0,59632290,379388485,384122384,197317,198197,1577,0,133569373,70005,524552672,661870449,0
1789292832.736483,72.942,13877745,123953,0,180,123,63,157465,1955860,45048373,16647860,6308,62133100,45936756,64771556,0,0,0,0,5,0,59632293,379388485,384122384,197317,198197,1577,0,133569374,70005,524552672,661870449,0
1789292832.9869518,73.193,13878045,123953,0,180,123,63,157465,1955960,45048425,16647860,6308,62133100,45936756,64771556,0,0,0,0,5,0,59632301,379388485,384122384,197317,198197,1577,0,133569374,70005,524552672,661870449,0
1789292833.237373,73.443,13878344,123953,0,180,123,63,157466,1956061,45048549,16652324,10772,62133120,45932312,64771556,0,0,0,0,6,0,59632336,379388485,384122384,197317,198197,2693,0,133569376,70005,524552672,661870449,0
1789292833.488146,73.694,13878642,123953,0,180,123,63,157470,1956161,45049062,16689980,48428,62131540,45893036,64771556,0,0,0,0,5,0,59632363,379388485,384122384,197317,198197,12107,0,133569744,70005,524552672,661870449,0
1789292833.7386184,73.945,13878942,123953,0,180,123,63,157471,1956260,45049103,16711892,70340,62127500,45867084,64771556,0,0,0,0,5,0,59632371,379388485,384122384,197317,198197,17585,0,133569777,70005,524552672,661870449,0
1789292833.9890754,74.195,13879264,123953,0,180,123,63,157472,1956337,45049149,16711972,70420,62127820,45867036,64771556,0,0,0,0,4,0,59632409,379388485,384122384,197317,198197,17605,0,133569778,70005,524552672,661870449,0
1789292834.2394576,74.445,13879608,123953,0,180,123,63,157472,1956394,45049251,16711972,70420,62128928,45868136,64771556,0,0,0,0,2,0,59632412,379388485,384122384,197317,198197,17605,0,133569782,70005,524552672,661870449,0
1789292834.4899087,74.696,13879984,123953,0,180,123,63,157472,1956419,45049290,16711972,70420,62128928,45868136,64771556,0,0,0,0,2,0,59632426,379388485,384122384,197317,198197,17605,0,133569783,70005,524552672,661870449,0
1789292834.740268,74.946,13880359,123953,0,180,123,63,157472,1956444,45049321,16711972,70420,62128928,45868136,64771556,0,0,0,0,2,0,59632426,379388485,384122384,197317,198197,17605,0,133569784,70005,524552672,661870449,0
1789292834.990615,75.197,13880734,123953,0,180,123,63,157472,1956470,45049378,16711972,70420,62128928,45868136,64771556,0,0,0,0,2,0,59632542,379388485,384122384,197317,198197,17605,0,133569786,70005,524552672,661870449,0
1789292835.2409697,75.447,13881110,123953,0,180,123,63,157472,1956495,45049441,16711972,70420,62129008,45868216,64771556,0,0,0,0,2,0,59632558,379388485,384122384,197317,198197,17605,0,133569786,70005,524552672,661870449,0
1789292835.4913068,75.697,13881485,123953,0,180,123,63,157472,1956520,45049485,16711972,70420,62129008,45868216,64771556,0,0,0,0,2,0,59632572,379388485,384122384,197317,198197,17605,0,133569787,70005,524552672,661870449,0
1789292835.741639,75.948,13881860,123953,0,180,123,63,157472,1956545,45049520,16711972,70420,62129008,45868216,64771556,0,0,0,0,2,0,59632582,379388485,384122384,197317,198197,17605,0,133569787,70005,524552672,661870449,0
1789292835.9919486,76.198,13882236,123953,0,180,123,63,157472,1956570,45049549,16711972,70420,62129008,45868216,64771556,0,0,0,0,2,0,59632594,379388485,384122384,197317,198197,17605,0,133569788,70005,524552672,661870449,0
1789292836.2422764,76.448,13882611,123953,0,180,123,63,157472,1956595,45049596,16711972,70420,62129008,45868216,64771556,0,0,0,0,2,0,59632691,379388485,384122384,197317,198197,17605,0,133569789,70005,524552672,661870449,0
1789292836.4926124,76.699,13882987,123953,0,180,123,63,157472,1956620,45049667,16711972,70420,62129008,45868216,64771556,0,0,0,0,2,0,59632720,379388485,384122384,197317,198197,17605,0,133569790,70005,524552672,661870449,0
1789292836.742935,76.949,13883359,123953,0,180,123,63,157473,1956647,45049719,16737124,95572,62125352,45839004,64771556,0,0,0,0,2,0,59632721,379388485,384122384,197317,198197,23893,0,133569791,70005,524552672,661870449,0
1789292836.9932384,77.199,13883734,123953,0,180,123,63,157474,1956671,45049760,16774056,132512,62132280,45807748,64771556,0,0,0,0,2,0,59632834,379388485,384122384,197317,198197,33128,0,133569792,70005,524552672,661870485,0
1789292837.2435687,77.449,13884110,123953,0,180,123,63,157476,1956694,45049811,16810584,169060,62128944,45767092,64771556,0,0,0,0,2,0,59632851,379388485,384122384,197317,198197,42265,0,133569794,70005,524552672,661870485,0
1789292837.493903,77.7,13884485,123953,0,180,123,63,157477,1956718,45049850,16815852,174328,62131744,45764220,64771556,0,0,0,0,2,0,59632888,379388485,384122384,197317,198197,43582,0,133569794,70005,524552672,661870485,0
1789292837.7442312,77.95,13884861,123953,0,180,123,63,157478,1956742,45049883,16815852,174328,62131744,45764220,64771556,0,0,0,0,2,0,59632906,379388485,384122384,197317,198197,43582,0,133569795,70005,524552672,661870485,0
1789292837.99456,78.2,13885236,123953,0,180,123,63,157479,1956766,45049923,16815852,174328,62115584,45748060,64771556,0,0,0,0,2,0,59632918,379388485,384122384,197317,198197,43582,0,133571924,70005,524552672,661870485,0
1789292838.2448823,78.451,13885611,123953,0,180,123,63,157483,1956787,45050010,16816044,174520,62012344,45644564,64771556,0,0,0,0,2,0,59633017,379388485,384122384,197317,198197,43630,0,133596597,70005,524552672,661870485,0
1789292838.4952092,78.701,13885987,123953,0,180,123,63,157484,1956812,45050064,16816044,174520,62004264,45636484,64771556,0,0,0,0,2,0,59633045,379388485,384122384,197317,198197,43630,0,133598654,70005,524552672,661870485,0
1789292838.7455485,78.951,13886362,123953,0,180,123,63,157484,1956837,45050099,16816044,174520,62004264,45636484,64771556,0,0,0,0,2,0,59633045,379388485,384122384,197317,198197,43630,0,133598655,70005,524552672,661870485,0
1789292838.9958563,79.202,13886737,123953,0,180,123,63,157484,1956862,45050134,16816044,174520,62004264,45636484,64771556,0,0,0,0,2,0,59633061,379388485,384122384,197317,198197,43630,0,133598655,70005,524552672,661870485,0
1789292839.2461545,79.452,13887113,123953,0,180,123,63,157484,1956887,45050184,16816044,174520,62003880,45636100,64771556,0,0,0,0,2,0,59633188,379388485,384122384,197317,198197,43630,0,133598656,70005,524552672,661870485,0
1789292839.4964614,79.702,13887488,123953,0,180,123,63,157484,1956912,45050221,16816044,174520,62003880,45636100,64771556,0,0,0,0,2,0,59633223,379388485,384122384,197317,198197,43630,0,133598657,70005,524552672,661870485,0
1789292839.746769,79.953,13887864,123953,0,180,123,63,157484,1956937,45050256,16816044,174520,62003880,45636100,64771556,0,0,0,0,2,0,59633231,379388485,384122384,197317,198197,43630,0,133598657,70005,524552672,661870485,0
1789292839.997078,80.203,13888239,123953,0,180,123,63,157484,1956962,45050291,16816044,174520,62003628,45635848,64771556,0,0,0,0,2,0,59633342,379388485,384122384,197317,198197,43630,0,133598659,70005,524552672,661870485,0
1789292840.247376,80.453,13888614,123953,0,180,123,63,157484,1956987,45050329,16816044,174520,62003628,45635848,64771556,0,0,0,0,3,0,59633342,379388485,384122384,197317,198197,43630,0,133598659,70005,524552672,661870485,0
1789292840.4977214,80.704,13888988,123953,0,180,123,63,157484,1957014,45051009,16816044,174520,62001608,45633828,64771556,0,0,0,0,2,0,59633401,379388485,384122384,197317,198197,43630,0,133598910,70005,524552672,661870485,0
1789292840.748083,80.954,13889364,123953,0,180,123,63,157484,1957039,45051067,16816044,174520,62001204,45633424,64771556,0,0,0,0,2,0,59633401,379388485,384122384,197317,198197,43630,0,133598912,70005,524552672,661870485,0
1789292840.9984195,81.204,13889739,123953,0,180,123,63,157484,1957064,45051104,16816044,174520,62001204,45633424,64771556,0,0,0,0,2,0,59633426,379388485,384122384,197317,198197,43630,0,133598914,70005,524552672,661870485,0
1789292841.2487674,81.455,13890114,123953,0,180,123,63,157484,1957089,45051169,16816044,174520,62002256,45634468,64771556,0,0,0,0,2,0,59633538,379388485,384122384,197317,198197,43630,0,133598915,70005,524552672,661870485,0
1789292841.4990883,81.705,13890490,123953,0,180,123,63,157484,1957114,45051207,16816044,174520,62002256,45634468,64771556,0,0,0,0,2,0,59633558,379388485,384122384,197317,198197,43630,0,133598916,70005,524552672,661870485,0
1789292841.7494137,81.955,13890865,123953,0,180,123,63,157484,1957139,45051270,16816044,174520,62002256,45634468,64771556,0,0,0,0,2,0,59633578,379388485,384122384,197317,198197,43630,0,133598916,70005,524552672,661870485,0
1789292841.9998202,82.206,13891241,123953,0,180,123,63,157484,1957164,45051319,16816044,174520,62002256,45634468,64771556,0,0,0,0,2,0,59633692,379388485,384122384,197317,198197,43630,0,133598917,70005,524552672,661870485,0
1789292842.2501552,82.456,13891616,123953,0,180,123,63,157484,1957189,45051366,16816044,174520,62003072,45635284,64771556,0,0,0,0,2,0,59633692,379388485,384122384,197317,198197,43630,0,133598917,70005,524552672,661870485,0
1789292842.5004838,82.706,13891991,123953,0,180,123,63,157484,1957214,45051411,16816036,174520,62003072,45635284,64771556,0,0,0,0,2,0,59633704,379388485,384122384,197317,198197,43630,0,133598919,70005,524552672,661870513,0
1789292842.750806,82.957,13892367,123953,0,180,123,63,157484,1957239,45051449,16816036,174520,62003072,45635284,64771556,0,0,0,0,2,0,59633704,379388485,384122384,197317,198197,43630,0,133598923,70005,524552672,661870513,0
1789292843.0011113,83.207,13892742,123953,0,180,123,63,157484,1957264,45051488,16816036,174520,62003072,45635284,64771556,0,0,0,0,2,0,59633726,379388485,384122384,197317,198197,43630,0,133599069,70005,524552672,661870513,0
1789292843.2514288,83.457,13893118,123953,0,180,123,63,157484,1957290,45051539,16816036,174520,62003072,45635284,64771556,0,0,0,0,3,0,59633736,379388485,384122384,197317,198197,43630,0,133599070,70005,524552672,661870513,0
1789292843.5017877,83.708,13893492,123954,0,180,123,63,157484,1957315,45051693,16816044,168884,62003328,45635540,64771556,0,0,0,0,2,0,59633769,379389521,384123420,197317,198197,42221,0,133599070,70005,524552672,661876549,0
1789292843.7521865,83.958,13893867,123954,0,180,123,63,157484,1957340,45051732,16816044,168884,62003328,45635540,64771556,0,0,0,0,2,0,59633780,379389521,384123420,197317,198197,42221,0,133599072,70005,524552672,661876549,0
1789292844.0025303,84.208,13894243,123954,0,180,123,63,157484,1957365,45051774,16816044,168884,62003328,45635540,64771556,0,0,0,0,2,0,59633792,379389521,384123420,197317,198197,42221,0,133599072,70005,524552672,661876549,0
1789292844.2528565,84.459,13894618,123954,0,180,123,63,157484,1957390,45051819,16816044,168488,62003328,45635540,64771556,0,0,0,0,2,0,59633886,379389521,384123420,197317,198197,42122,0,133599074,70005,524552672,661876549,0
1789292844.5031657,84.709,13894993,123954,0,180,123,63,157484,1957415,45051894,16816044,168488,62003328,45635540,64771556,0,0,0,0,2,0,59633924,379389521,384123420,197317,198197,42122,0,133599074,70005,524552672,661876549,0
1789292844.7534714,84.959,13895369,123954,0,180,123,63,157484,1957440,45051925,16816044,168488,62003328,45635540,64771556,0,0,0,0,2,0,59633924,379389521,384123420,197317,198197,42122,0,133599075,70005,524552672,661876549,0
1789292845.0037851,85.21,13895743,123954,0,180,123,63,157485,1957466,45051996,16816044,168488,62003328,45635540,64771556,0,0,0,0,2,0,59634025,379389521,384123420,197317,198197,42122,0,133599076,70005,524552672,661876549,0
1789292845.2540784,85.46,13896119,123954,0,180,123,63,157485,1957491,45052044,16816044,168488,62003328,45635540,64771556,0,0,0,0,2,0,59634043,379389521,384123420,197317,198197,42122,0,133599076,70005,524552672,661876549,0
1789292845.5043936,85.71,13896494,123954,0,180,123,63,157485,1957515,45052085,16841996,194440,62007696,45613552,64771556,0,0,0,0,2,0,59634089,379389521,384123420,197317,198197,48610,0,133599077,70005,524552672,661876549,0
1789292845.754717,85.961,13896869,123954,0,180,123,63,157487,1957538,45052120,16877684,230128,62009236,45578192,64771556,0,0,0,0,2,0,59634099,379389521,384123420,197317,198197,57532,0,133599078,70005,524552672,661876549,0
1789292846.0050235,86.211,13897245,123954,0,180,123,63,157489,1957562,45052168,16913408,265852,62008740,45540896,64771556,0,0,0,0,3,0,59634206,379389521,384123420,197317,198197,66564,0,133599551,70005,524552672,661876549,0
1789292846.2553887,86.461,13897613,123954,0,180,123,63,157493,1957589,45052851,16949088,304648,62005276,45500916,64771556,0,0,0,0,2,0,59634239,379389521,384123420,197317,198197,76162,0,133605912,70005,524552672,661876549,0
1789292846.505824,86.712,13897988,123954,0,180,123,63,157495,1957613,45053139,16984432,342236,62008484,45467972,64771556,0,0,0,0,2,0,59634252,379389521,384123420,197317,198197,85559,0,133606120,70006,524552672,661876549,0
1789292846.7562428,86.962,13898363,123954,0,180,123,63,157496,1957637,45053172,17020128,377932,62001520,45424100,64771556,0,0,0,0,2,0,59634252,379389521,384123420,197317,198197,94483,0,133606120,70006,524552672,661876549,0
1789292847.006595,87.213,13898739,123954,0,180,123,63,157497,1957661,45053215,17055824,413628,61994568,45380644,64771556,0,0,0,0,2,0,59634266,379389521,384123420,197317,198197,103407,0,133606121,70006,524552672,661876549,0
1789292847.2569356,87.463,13899103,123954,0,180,123,63,157508,1957686,45054139,17065592,423560,61729244,45104884,64771556,0,0,0,0,2,0,59634398,379389521,384123420,197317,198197,105890,0,133673835,70006,524552672,661876549,0
1789292847.5073597,87.713,13899479,123954,0,180,123,63,157510,1957709,45054178,17065592,423560,61729244,45104884,64771556,0,0,0,0,2,0,59634430,379389521,384123420,197317,198197,105890,0,133673836,70006,524552672,661876549,0
1789292847.7577238,87.964,13899854,123954,0,180,123,63,157510,1957733,45054210,17065592,423560,61729244,45104884,64771556,0,0,0,0,2,0,59634430,379389521,384123420,197317,198197,105890,0,133673837,70006,524552672,661876549,0
1789292848.0080366,88.214,13900229,123954,0,180,123,63,157512,1957756,45054253,17065592,423560,61729244,45104884,64771556,0,0,0,0,2,0,59634542,379389521,384123420,197317,198197,105890,0,133673837,70006,524552672,661876549,0
1789292848.2583477,88.464,13900605,123954,0,180,123,63,157513,1957781,45054305,17065592,423560,61729388,45105028,64771556,0,0,0,0,3,0,59634603,379389521,384123420,197317,198197,105890,0,133673846,70006,524552672,661876549,0
1789292848.5086963,88.715,13900980,123954,0,180,123,63,157513,1957806,45054395,17065592,423560,61730580,45106220,64771556,0,0,0,0,2,0,59634650,379389521,384123420,197317,198197,105890,0,133673846,70006,524552672,661876549,0
1789292848.759021,88.965,13901356,123954,0,180,123,63,157513,1957831,45054432,17065592,423560,61730580,45106220,64771556,0,0,0,0,2,0,59634650,379389521,384123420,197317,198197,105890,0,133673848,70006,524552672,661876549,0
1789292849.0093257,89.215,13901731,123954,0,180,123,63,157513,1957856,45054478,17065592,423560,61730580,45106220,64771556,0,0,0,0,2,0,59634770,379389521,384123420,197317,198197,105890,0,133673848,70006,524552672,661876549,0
1789292849.259646,89.466,13902106,123954,0,180,123,63,157513,1957881,45054521,17065592,423560,61730916,45106556,64771556,0,0,0,0,2,0,59634770,379389521,384123420,197317,198197,105890,0,133674619,70006,524552672,661876549,0
1789292849.5099552,89.716,13902482,123954,0,180,123,63,157513,1957906,45054558,17065592,423560,61730916,45106556,64771556,0,0,0,0,2,0,59634798,379389521,384123420,197317,198197,105890,0,133674763,70006,524552672,661876549,0
1789292849.7602537,89.966,13902857,123954,0,180,123,63,157513,1957931,45054594,17065592,423560,61730916,45106556,64771556,0,0,0,0,2,0,59634840,379389521,384123420,197317,198197,105890,0,133674874,70006,524552672,661876549,0
1789292850.0105782,90.216,13903233,123954,0,180,123,63,157513,1957956,45054637,17065592,423560,61729404,45105044,64771556,0,0,0,0,2,0,59634961,379389521,384123420,197317,198197,105890,0,133675904,70006,524552672,661876549,0
1789292850.2608721,90.467,13903608,123954,0,180,123,63,157513,1957981,45054681,17065592,423560,61726172,45101812,64771556,0,0,0,0,2,0,59634973,379389521,384123420,197317,198197,105890,0,133676771,70006,524552672,661876549,0
1789292850.5111737,90.717,13903983,123954,0,180,123,63,157513,1958006,45054720,17065592,423560,61723220,45098860,64771556,0,0,0,0,2,0,59634985,379389521,384123420,197317,198197,105890,0,133677607,70006,524552672,661876549,0
1789292850.7614937,90.967,13904358,123954,0,180,123,63,157513,1958032,45054765,17065592,423560,61723220,45098860,64771556,0,0,0,0,2,0,59634999,379389521,384123420,197317,198197,105890,0,133677969,70006,524552672,661876549,0
1789292851.0119557,91.218,13904734,123954,0,180,123,63,157513,1958057,45054808,17065592,423560,61722932,45098572,64771556,0,0,0,0,2,0,59635126,379389521,384123420,197317,198197,105890,0,133677969,70006,524552672,661876549,0
1789292851.2622895,91.468,13905109,123954,0,180,123,63,157513,1958082,45054867,17065584,423560,61722932,45098572,64771556,0,0,0,0,2,0,59635139,379389521,384123420,197317,198197,105890,0,133677969,70006,524552672,661876577,0
1789292851.51266,91.719,13905485,123954,0,180,123,63,157513,1958107,45054911,17065584,423560,61716064,45091704,64771556,0,0,0,0,2,0,59635159,379389521,384123420,197317,198197,105890,0,133678930,70006,524552672,661876577,0
1789292851.7629685,91.969,13905860,123954,0,180,123,63,157513,1958132,45054944,17065584,423560,61716064,45091704,64771556,0,0,0,0,2,0,59635159,379389521,384123420,197317,198197,105890,0,133679746,70006,524552672,661876577,0
1789292852.013289,92.219,13906235,123954,0,180,123,63,157514,1958157,45054987,17065584,423560,61707812,45083452,64771556,0,0,0,0,3,0,59635180,379389521,384123420,197317,198197,105890,0,133680510,70006,524552672,661876577,0
1789292852.2636135,92.47,13906611,123954,0,180,123,63,157514,1958182,45055035,17065592,423568,61707804,45083444,64771556,0,0,0,0,2,0,59635180,379389521,384123420,197317,198197,105892,0,133681598,70006,524552672,661876601,0
1789292852.51393,92.72,13906986,123954,0,180,123,63,157514,1958207,45055128,17065592,423568,61700148,45075788,64771556,0,0,0,0,2,0,59635209,379389521,384123420,197317,198197,105892,0,133682334,70006,524552672,661876601,0
1789292852.7642486,92.97,13907362,123954,0,180,123,63,157514,1958232,45055164,17065592,423568,61700148,45075788,64771556,0,0,0,0,2,0,59635209,379389521,384123420,197317,198197,105892,0,133682546,70006,524552672,661876601,0
1789292853.014566,93.22,13907737,123954,0,180,123,63,157514,1958257,45055245,17065592,423568,61699620,45075260,64771556,0,0,0,0,2,0,59635322,379389521,384123420,197317,198197,105892,0,133683621,70006,524552672,661876601,0
1789292853.2648737,93.471,13908112,123954,0,180,123,63,157514,1958281,45055308,17065584,423508,61693124,45068764,64771556,0,0,0,0,2,0,59635343,379389542,384123441,197317,198197,105877,0,133684649,70006,524552672,661876645,0
1789292853.5152056,93.721,13908487,123954,0,180,123,63,157514,1958306,45055353,17065584,423508,61693124,45068764,64771556,0,0,0,0,2,0,59635375,379389542,384123441,197317,198197,105877,0,133685556,70006,524552672,661876645,0
1789292853.7655344,93.971,13908863,123954,0,180,123,63,157515,1958331,45055391,17065584,423508,61685044,45060684,64771556,0,0,0,0,2,0,59635385,379389542,384123441,197317,198197,105877,0,133686480,70006,524552672,661876645,0
1789292854.0158498,94.222,13909238,123954,0,180,123,63,157515,1958356,45055440,17065584,423508,61684872,45060512,64771556,0,0,0,0,2,0,59635493,379389542,384123441,197317,198197,105877,0,133686481,70006,524552672,661876645,0
1789292854.2661572,94.472,13909614,123954,0,180,123,63,157515,1958381,45055477,17065584,423508,61684872,45060512,64771556,0,0,0,0,2,0,59635493,379389542,384123441,197317,198197,105877,0,133686482,70006,524552672,661876645,0
1789292854.5164506,94.722,13909989,123954,0,180,123,63,157515,1958406,45055524,17065592,423544,61684872,45060512,64771556,0,0,0,0,2,0,59635504,379389542,384123441,197317,198197,105886,0,133686482,70006,524552672,661876645,0
1789292854.766749,94.973,13910364,123954,0,180,123,63,157515,1958431,45055555,17065592,423544,61684872,45060512,64771556,0,0,0,0,2,0,59635504,379389542,384123441,197317,198197,105886,0,133686484,70006,524552672,661876645,0
1789292855.0170352,95.223,13910739,123954,0,180,123,63,157515,1958456,45055635,17065592,423544,61684872,45060512,64771556,0,0,0,0,2,0,59635517,379389542,384123441,197317,198197,105886,0,133686499,70006,524552672,661876645,0
1789292855.267362,95.473,13911115,123954,0,180,123,63,157515,1958481,45055684,17068844,426796,61686492,45058880,64771556,0,0,0,0,2,0,59635626,379389542,384123441,197317,198197,106699,0,133686501,70006,524552672,661876645,0
1789292855.5176823,95.724,13911490,123954,0,180,123,63,157518,1958504,45055729,17104956,462908,61687620,45023088,64771556,0,0,0,0,2,0,59635668,379389542,384123441,197317,198197,115727,0,133686501,70006,524552672,661876645,0
1789292855.7679732,95.974,13911866,123954,0,180,123,63,157519,1958528,45055762,17141032,498984,61689540,44987712,64771556,0,0,0,0,2,0,59635668,379389542,384123441,197317,198197,124746,0,133686502,70006,524552672,661876645,0
1789292856.0182679,96.224,13912241,123954,0,180,123,63,157520,1958552,45055821,17176952,534904,61690456,44951800,64771556,0,0,0,0,2,0,59635780,379389542,384123441,197317,198197,133726,0,133686503,70006,524552672,661876645,0
1789292856.2685962,96.475,13912616,123954,0,180,123,63,157521,1958576,45055863,17212664,570616,61684308,44909160,64771556,0,0,0,0,2,0,59635780,379389542,384123441,197317,198197,142654,0,133686505,70006,524552672,661876645,0
1789292856.5189166,96.725,13912992,123954,0,180,123,63,157523,1958599,45055946,17248768,606720,61686096,44873620,64771556,0,0,0,0,2,0,59635811,379389542,384123441,197317,198197,151680,0,133686506,70006,524552672,661876645,0
1789292856.7692099,96.975,13913367,123954,0,180,123,63,157524,1958623,45055983,17284464,642416,61687212,44837836,64771556,0,0,0,0,2,0,59635811,379389542,384123441,197317,198197,160604,0,133686506,70006,524552672,661876645,0
1789292857.0195172,97.225,13913742,123954,0,180,123,63,157526,1958646,45056026,17315064,673016,61693764,44812956,64771556,0,0,0,0,2,0,59635924,379389542,384123441,197317,198197,168254,0,133686626,70006,524552672,661876645,0
1789292857.2698166,97.476,13914118,123954,0,180,123,63,157527,1958670,45056073,17315064,673004,61693764,44812956,64771556,0,16,0,0,2,0,59635959,379389542,384123441,197317,198197,168251,4,133686653,70006,524552672,661876661,0
1789292857.5201383,97.726,13914493,123954,0,180,123,63,157528,1958694,45056121,17315064,673004,61693764,44812956,64771556,0,16,0,0,2,0,59635994,379389542,384123441,197317,198197,168251,4,133686681,70006,524552672,661876661,0
1789292857.7704554,97.976,13914869,123954,0,180,123,63,157529,1958718,45056156,17315064,673004,61693764,44812956,64771556,0,16,0,0,2,0,59636004,379389542,384123441,197317,198197,168251,4,133686708,70006,524552672,661876661,0
1789292858.0207794,98.227,13915244,123954,0,180,123,63,157529,1958743,45056219,17315064,673012,61692352,44811544,64771556,0,16,0,0,2,0,59636125,379389542,384123441,197317,198197,168253,4,133687090,70006,524552672,661876661,0
1789292858.2710876,98.477,13915619,123954,0,180,123,63,157530,1958768,45056266,17315064,673012,61685484,44804676,64771556,0,0,0,0,2,0,59636133,379389542,384123441,197317,198197,168253,0,133688243,70006,524552672,661876661,0
1789292858.5214043,98.727,13915995,123954,0,180,123,63,157530,1958793,45056309,17315064,673012,61685484,44804676,64771556,0,0,0,0,2,0,59636156,379389542,384123441,197317,198197,168253,0,133688929,70006,524552672,661876661,0
1789292858.7717266,98.978,13916370,123954,0,180,123,63,157530,1958818,45056349,17315064,673012,61677404,44796596,64771556,0,0,0,0,2,0,59636167,379389542,384123441,197317,198197,168253,0,133689999,70006,524552672,661876661,0
1789292859.0220206,99.228,13916745,123954,0,180,123,63,157530,1958842,45056396,17315064,673012,61669068,44788260,64771556,0,0,0,0,2,0,59636278,379389542,384123441,197317,198197,168253,0,133691128,70006,524552672,661876661,0
1789292859.272339,99.478,13917121,123954,0,180,123,63,157530,1958868,45056447,17315064,673012,61669068,44788260,64771556,0,0,0,0,2,0,59636290,379389542,384123441,197317,198197,168253,0,133691130,70006,524552672,661876661,0
1789292859.5226696,99.729,13917496,123954,0,180,123,63,157530,1958893,45056488,17315064,673012,61669068,44788260,64771556,0,0,0,0,2,0,59636316,379389542,384123441,197317,198197,168253,0,133692263,70006,524552672,661876661,0
1789292859.7729673,99.979,13917872,123954,0,180,123,63,157530,1958917,45056521,17315064,673012,61666240,44785432,64771556,0,0,0,0,2,0,59636316,379389542,384123441,197317,198197,168253,0,133693334,70006,524552672,661876661,0
1789292860.0232697,100.229,13918247,123954,0,180,123,63,157531,1958942,45056575,17315064,673012,61662012,44781204,64771556,0,0,0,0,3,0,59636437,379389542,384123441,197317,198197,168253,0,133694015,70006,524552672,661876661,0
1789292860.2736053,100.48,13918622,123954,0,180,123,63,157531,1958968,45056923,17315064,673012,61658780,44777972,64771556,0,0,0,0,2,0,59636445,379389542,384123441,197317,198197,168253,0,133695383,70006,524552672,661876661,0
1789292860.5239825,100.73,13918997,123954,0,180,123,63,157531,1958993,45056988,17315064,673012,61658780,44777972,64771556,0,0,0,0,2,0,59636472,379389542,384123441,197317,198197,168253,0,133695383,70006,524552672,661876661,0
1789292860.7743373,100.98,13919372,123954,0,180,123,63,157531,1959019,45057029,17315064,673012,61658780,44777972,64771556,0,0,0,0,2,0,59636472,379389542,384123441,197317,198197,168253,0,133695386,70006,524552672,661876661,0
1789292861.0246804,101.231,13919748,123954,0,180,123,63,157531,1959044,45057066,17315064,673012,61658584,44777776,64771556,0,0,0,0,2,0,59636582,379389542,384123441,197317,198197,168253,0,133695386,70006,524552672,661876661,0
1789292861.274995,101.481,13920123,123954,0,180,123,63,157531,1959069,45057132,17315064,673016,61658552,44777736,64771556,0,0,0,0,2,0,59636595,379389542,384123441,197317,198197,168254,0,133695387,70006,524552672,661876661,0
1789292861.5253143,101.731,13920498,123954,0,180,123,63,157531,1959094,45057175,17315064,673020,61658560,44777736,64771556,0,0,0,0,2,0,59636637,379389542,384123441,197317,198197,168255,0,133695387,70006,524552672,661876693,0
1789292861.7756677,101.982,13920874,123954,0,180,123,63,157531,1959119,45057202,17315064,673020,61658560,44777736,64771556,0,0,0,0,2,0,59636654,379389542,384123441,197317,198197,168255,0,133695389,70006,524552672,661876693,0
1789292862.025973,102.232,13921249,123954,0,180,123,63,157531,1959144,45057245,17315064,673020,61658560,44777736,64771556,0,0,0,0,2,0,59636771,379389542,384123441,197317,198197,168255,0,133695389,70006,524552672,661876693,0
1789292862.276273,102.482,13921625,123954,0,180,123,63,157531,1959169,45057288,17315064,673020,61658560,44777736,64771556,0,0,0,0,3,0,59636771,379389542,384123441,197317,198197,168255,0,133695390,70006,524552672,661876693,0
1789292862.52661,102.733,13922000,123954,0,180,123,63,157531,1959194,45057337,17315064,673020,61658560,44777736,64771556,0,0,0,0,2,0,59636785,379389542,384123441,197317,198197,168255,0,133695391,70006,524552672,661876889,0
1789292862.7769065,102.983,13922375,123954,0,180,123,63,157531,1959219,45057364,17315064,673020,61658560,44777736,64771556,0,0,0,0,2,0,59636785,379389542,384123441,197317,198197,168255,0,133695391,70006,524552672,661876889,0
1789292863.0272183,103.233,13922751,123954,0,180,123,63,157531,1959244,45057403,17315064,673020,61658560,44777736,64771556,0,0,0,0,2,0,59636899,379389542,384123441,197317,198197,168255,0,133695393,70006,524552672,661876889,0
1789292863.2775319,103.483,13923126,123954,0,180,123,63,157531,1959269,45057448,17315064,673020,61658560,44777736,64771556,0,0,0,0,2,0,59636913,379389542,384123441,197317,198197,168255,0,133695393,70006,524552672,661876889,0
1789292863.5278614,103.734,13923502,123954,0,180,123,63,157531,1959294,45057481,17315064,673020,61658560,44777736,64771556,0,0,0,0,2,0,59636922,379389542,384123441,197317,198197,168255,0,133695394,70006,524552672,661876889,0
1789292863.7781653,103.984,13923877,123954,0,180,123,63,157531,1959319,45057513,17315064,673020,61658560,44777736,64771556,0,0,0,0,2,0,59636934,379389542,384123441,197317,198197,168255,0,133695394,70006,524552672,661876889,0
1789292864.0284746,104.234,13924250,123956,0,180,123,63,157532,1959344,45058162,17315064,608880,61658560,44777736,64771556,0,308,0,0,2,0,59637060,379390687,384124615,197317,198197,152220,77,133695396,70006,524552672,661941001,0
1789292864.2788496,104.485,13924625,123956,0,180,123,63,157532,1959369,45058197,17315064,608880,61658560,44777736,64771556,0,308,0,0,2,0,59637060,379390687,384124615,197317,198197,152220,77,133695397,70006,524552672,661941001,0
1789292864.529151,104.735,13925001,123956,0,180,123,63,157532,1959394,45058276,17315064,608712,61658560,44777736,64771556,0,0,0,0,2,0,59637089,379390687,384124615,197317,198197,152178,0,133695398,70006,524552672,661941001,0
1789292864.7794533,104.985,13925376,123956,0,180,123,63,157532,1959419,45058305,17315064,608712,61658560,44777736,64771556,0,0,0,0,2,0,59637089,379390687,384124615,197317,198197,152178,0,133695398,70006,524552672,661941001,0
1789292865.0297415,105.236,13925751,123956,0,180,123,63,157532,1959444,45058369,17315064,608712,61658560,44777736,64771556,0,0,0,0,2,0,59637195,379390687,384124615,197317,198197,152178,0,133695398,70006,524552672,661941001,0
1789292865.2800524,105.486,13926127,123956,0,180,123,63,157533,1959468,45058406,17351568,645216,61652036,44733900,64771556,0,0,0,0,2,0,59637218,379390687,384124615,197317,198197,161304,0,133695400,70006,524552672,661941001,0
1789292865.5303755,105.736,13926502,123956,0,180,123,63,157535,1959492,45058447,17388060,681708,61645472,44690036,64771556,0,0,0,0,2,0,59637260,379390687,384124615,197317,198197,170427,0,133695401,70006,524552672,661941001,0
1789292865.7806983,105.987,13926878,123956,0,180,123,63,157536,1959516,45058476,17424168,717816,61647008,44654252,64771556,0,0,0,0,2,0,59637270,379390687,384124615,197317,198197,179454,0,133695402,70006,524552672,661941001,0
1789292866.0310001,106.237,13927253,123956,0,180,123,63,157537,1959540,45058517,17460420,754068,61653004,44623028,64771556,0,0,0,0,2,0,59637382,379390687,384124615,197317,198197,188517,0,133695402,70006,524552672,661941001,0
1789292866.2813873,106.487,13927628,123956,0,180,123,63,157539,1959564,45058557,17496920,790568,61651300,44583612,64771556,0,0,0,0,2,0,59637382,379390687,384124615,197317,198197,197642,0,133695403,70006,524552672,661941001,0
1789292866.531724,106.738,13928004,123956,0,180,123,63,157540,1959587,45058592,17533032,826680,61651604,44546996,64771556,0,0,0,0,2,0,59637395,379390687,384124615,197317,198197,206670,0,133695403,70006,524552672,661941001,0
1789292866.782052,106.988,13928379,123956,0,180,123,63,157542,1959611,45058621,17564272,857920,61650732,44514076,64771556,0,0,0,0,2,0,59637395,379390687,384124615,197317,198197,214480,0,133695404,70006,524552672,661941001,0
1789292867.0324674,107.238,13928753,123956,0,180,123,63,157542,1959636,45058738,17564536,858184,61644820,44507572,64771556,0,0,0,0,2,0,59637531,379390687,384124615,197317,198197,214546,0,133696778,70006,524552672,661941001,0
1789292867.2828703,107.489,13929129,123956,0,180,123,63,157542,1959661,45058785,17564536,858184,61644820,44507572,64771556,0,0,0,0,2,0,59637545,379390687,384124615,197317,198197,214546,0,133696779,70006,524552672,661941001,0
1789292867.5332322,107.739,13929504,123956,0,180,123,63,157542,1959687,45058841,17564536,858184,61643776,44506528,64771556,0,0,0,0,2,0,59637591,379390687,384124615,197317,198197,214546,0,133696779,70006,524552672,661941001,0
1789292867.783574,107.989,13929880,123956,0,180,123,63,157543,1959712,45058868,17564536,858184,61643776,44506528,64771556,0,0,0,0,2,0,59637591,379390687,384124615,197317,198197,214546,0,133696779,70006,524552672,661941001,0
1789292868.033899,108.24,13930255,123956,0,180,123,63,157543,1959737,45058907,17564536,858140,61643776,44506528,64771556,0,0,0,0,2,0,59637699,379390687,384124615,197317,198197,214535,0,133696780,70006,524552672,661941037,0
1789292868.2842562,108.49,13930617,123956,0,180,123,63,157543,1959775,45059208,17564536,858140,61613072,44475824,64771556,0,0,0,0,10,0,59637716,379390687,384124615,197317,198197,214535,0,133700655,70006,524552672,661941037,0
1789292868.5349214,108.741,13930947,123956,0,180,123,63,157545,1959844,45059643,17564536,858140,61572360,44435112,64771556,0,0,0,0,2,0,59637993,379390687,384124615,197317,198197,214535,0,133707123,70006,524552672,661941037,0
1789292868.7853868,108.991,13931316,123956,0,180,123,63,157546,1959876,45059986,17564536,858140,61572360,44435112,64771556,0,0,0,0,2,0,59638009,379390687,384124615,197317,198197,214535,0,133707124,70006,524552672,661941037,0
1789292869.0358675,109.242,13931681,123958,0,180,123,63,157549,1959905,45061916,17564544,754072,61549496,44412236,64771556,0,0,0,0,3,0,59638087,379392558,384126563,197317,198197,188518,0,133712480,70006,524552676,662045133,0
1789292869.286299,109.492,13932051,123958,0,180,123,63,157550,1959935,45062198,17564544,754072,61533028,44395768,64771556,0,0,0,0,2,0,59638955,379392558,384126563,197317,198197,188518,0,133716598,70006,524552676,662045133,0
1789292869.536691,109.743,13932421,123958,0,180,123,63,157551,1959964,45062384,17564544,754072,61533028,44395768,64771556,0,0,0,0,2,0,59639001,379392558,384126563,197317,198197,188518,0,133716600,70006,524552676,662045133,0
1789292869.7870064,109.993,13932791,123958,0,180,123,63,157552,1959993,45062568,17564544,754072,61533028,44395768,64771556,0,0,0,0,2,0,59639016,379392558,384126563,197317,198197,188518,0,133716600,70006,524552676,662045133,0
1789292870.0373285,110.243,13933162,123958,0,180,123,63,157552,1960023,45062784,17564544,754072,61534104,44396844,64771556,0,0,0,0,2,0,59639084,379392558,384126563,197317,198197,188518,0,133716602,70006,524552676,662045133,0
1789292870.2876687,110.494,13933531,123958,0,180,123,63,157553,1960055,45063296,17564544,754072,61535388,44398128,64771556,0,0,0,0,3,0,59639109,379392558,384126563,197317,198197,188518,0,133716885,70006,524552676,662045133,0
1789292870.5380428,110.744,13933901,123958,0,180,123,63,157554,1960085,45063526,17564544,754072,61535388,44398128,64771556,0,0,0,0,2,0,59639132,379392558,384126563,197317,198197,188518,0,133716885,70006,524552676,662045133,0
1789292870.788474,110.994,13934270,123958,0,180,123,63,157554,1960115,45063721,17564544,754072,61535388,44398128,64771556,0,0,0,0,2,0,59639148,379392558,384126563,197317,198197,188518,0,133716887,70006,524552676,662045133,0
1789292871.0388916,111.245,13934639,123958,0,180,123,63,157555,1960145,45063935,17564544,754072,61535388,44398128,64771556,0,0,0,0,2,0,59639284,379392558,384126563,197317,198197,188518,0,133716887,70006,524552676,662045133,0
1789292871.2892573,111.495,13935007,123958,0,180,123,63,157556,1960178,45064138,17564544,754072,61538456,44401196,64771556,0,0,0,0,2,0,59639311,379392558,384126563,197317,198197,188518,0,133716922,70006,524552676,662045133,0
1789292871.5396934,111.746,13935377,123958,0,180,123,63,157556,1960208,45064343,17564544,754072,61538456,44401196,64771556,0,0,0,0,2,0,59639330,379392558,384126563,197317,198197,188518,0,133716923,70006,524552676,662045133,0
1789292871.7901356,111.996,13935746,123958,0,180,123,63,157557,1960238,45064536,17564544,754072,61543304,44406044,64771556,0,0,0,0,4,0,59639347,379392558,384126563,197317,198197,188518,0,133716924,70006,524552676,662045133,0
1789292872.0405884,112.246,13936116,123958,0,180,123,63,157558,1960268,45064733,17564544,754072,61547004,44409744,64771556,0,0,0,0,2,0,59639372,379392558,384126563,197317,198197,188518,0,133716925,70006,524552676,662045133,0
1789292872.2909493,112.497,13936476,123958,0,180,123,63,157559,1960311,45065527,17564544,754072,61549880,44412620,64771556,0,0,0,0,3,0,59639498,379392558,384126563,197317,198197,188518,0,133716926,70006,524552676,662045133,0
1789292872.541453,112.747,13936846,123958,0,180,123,63,157559,1960341,45065749,17564544,754072,61551352,44414092,64771556,0,0,0,0,2,0,59639536,379392558,384126563,197317,198197,188518,0,133716926,70006,524552676,662045133,0
1789292872.7918923,112.998,13937217,123958,0,180,123,63,157560,1960370,45065929,17564544,754072,61551352,44414092,64771556,0,0,0,0,3,0,59639552,379392558,384126563,197317,198197,188518,0,133716927,70006,524552676,662045133,0
1789292873.0423436,113.248,13937587,123958,0,180,123,63,157561,1960399,45066134,17564544,754072,61554572,44417312,64771556,0,0,0,0,2,0,59639659,379392558,384126563,197317,198197,188518,0,133716928,70006,524552676,662045133,0
1789292873.2927866,113.499,13937958,123958,0,180,123,63,157561,1960429,45066322,17564544,754072,61557936,44420676,64771556,0,0,0,0,2,0,59639698,379392558,384126563,197317,198197,188518,0,133716929,70006,524552676,662045133,0
1789292873.5432463,113.749,13938328,123958,0,180,123,63,157562,1960459,45066524,17564544,754072,61557936,44420676,64771556,0,0,0,0,2,0,59639738,379392558,384126563,197317,198197,188518,0,133716933,70006,524552676,662045133,0
1789292873.7937152,114.0,13938665,123959,0,180,123,63,157572,1960511,45068696,16648044,5760,61580588,45383600,64771556,0,0,0,1,4,0,59641258,379392592,384126597,197317,198197,1440,0,133719243,70006,524552720,662045133,0
1789292874.044355,114.25,13939023,123959,0,180,123,63,157597,1960528,45069088,13206444,6172,61600540,48862664,64771556,0,0,0,0,2,0,59647000,379392876,384126883,197317,198197,1543,0,133721394,70007,524552788,662045561,0
1789292874.2948024,114.501,13939397,123959,0,180,123,63,157622,1960528,45069561,9746064,6172,61672748,52453368,64771556,0,0,0,0,3,0,59654444,379392876,384126883,197317,198197,1543,0,133721398,70007,524552788,662045561,0
1789292874.5452423,114.751,13939771,123959,0,180,123,63,157630,1960547,45069996,8723432,6172,61721708,53554244,64771556,0,0,0,0,2,0,59657322,379392876,384126883,197317,198197,1543,0,133721698,70007,524552788,662045561,0
