stage_id,stage_name,task_id,index,attempt,launch_time,finish_time,duration_ms,failed,executor_run_ms,executor_cpu_ns,deser_ms,gc_ms,result_size,peak_exec_mem,spill_mem,spill_disk,input_bytes,input_records,sr_bytes,sr_records,sr_fetch_wait_ms,sr_remote_to_disk,sw_bytes,sw_records,sw_time_ns
0,parquet at NativeMethodAccessorImpl.java:0,0,0,0,1789806953591,1789806954056,465,False,368,44415568,62,10,2276,0,0,0,0,0,0,0,0,0,0,0,0
1,save at NativeMethodAccessorImpl.java:0,2,1,0,1789806955419,1789806956847,1428,False,1400,1005476059,18,40,4289,134217488,0,0,111454592,448614,0,0,0,0,105095965,448614,47056453
1,save at NativeMethodAccessorImpl.java:0,4,3,0,1789806955420,1789806956847,1427,False,1397,1033242057,18,40,4289,134217488,0,0,111454456,448614,0,0,0,0,105092196,448614,46080072
1,save at NativeMethodAccessorImpl.java:0,3,2,0,1789806955420,1789806956852,1432,False,1411,1125104064,18,40,4246,134217488,0,0,111454496,448614,0,0,0,0,105091056,448614,47882117
1,save at NativeMethodAccessorImpl.java:0,1,0,0,1789806955417,1789806956869,1452,False,1423,1059403196,18,43,4246,134217488,0,0,111454728,448614,0,0,0,0,105093059,448614,51519610
1,save at NativeMethodAccessorImpl.java:0,6,5,0,1789806956847,1789806957627,780,False,772,691794425,3,10,4246,134217488,0,0,111455320,448614,0,0,0,0,105088912,448614,44251482
1,save at NativeMethodAccessorImpl.java:0,5,4,0,1789806956844,1789806957637,793,False,785,692729772,3,10,4246,134217488,0,0,111454408,448614,0,0,0,0,105100639,448614,44272416
1,save at NativeMethodAccessorImpl.java:0,7,6,0,1789806956851,1789806957637,786,False,781,693059645,2,10,4246,134217488,0,0,111457240,448614,0,0,0,0,105093627,448614,44247813
1,save at NativeMethodAccessorImpl.java:0,8,7,0,1789806956869,1789806957644,775,False,768,679599993,2,9,4246,134217488,0,0,111455236,448612,0,0,0,0,105090710,448612,45267516
1,save at NativeMethodAccessorImpl.java:0,9,8,0,1789806957626,1789806958368,742,False,730,646565542,3,9,4289,134217488,0,0,111451656,448608,0,0,0,0,105094093,448608,43712142
1,save at NativeMethodAccessorImpl.java:0,11,10,0,1789806957637,1789806958368,731,False,725,635719231,2,9,4246,134217488,0,0,111451576,448608,0,0,0,0,105090780,448608,43164917
1,save at NativeMethodAccessorImpl.java:0,12,11,0,1789806957643,1789806958371,728,False,722,637197142,1,7,4246,134217488,0,0,111451544,448608,0,0,0,0,105081388,448608,43767663
1,save at NativeMethodAccessorImpl.java:0,10,9,0,1789806957636,1789806958372,736,False,728,639474133,5,9,4246,134217488,0,0,111451604,448608,0,0,0,0,105091202,448608,44086616
1,save at NativeMethodAccessorImpl.java:0,15,14,0,1789806958370,1789806959091,721,False,711,631901834,2,10,4289,134217488,0,0,111451464,448608,0,0,0,0,105090403,448608,43454532
1,save at NativeMethodAccessorImpl.java:0,13,12,0,1789806958366,1789806959093,727,False,722,634751805,2,10,4246,134217488,0,0,111451508,448608,0,0,0,0,105089966,448608,43805586
1,save at NativeMethodAccessorImpl.java:0,16,15,0,1789806958371,1789806959120,749,False,742,661401592,1,13,4246,134217488,0,0,111451456,448608,0,0,0,0,105092833,448608,44526780
1,save at NativeMethodAccessorImpl.java:0,14,13,0,1789806958367,1789806959120,753,False,747,654604218,2,13,4246,134217488,0,0,111451476,448608,0,0,0,0,105089688,448608,44445238
1,save at NativeMethodAccessorImpl.java:0,17,16,0,1789806959090,1789806959789,699,False,688,626596225,3,9,4289,134217488,0,0,111451440,448608,0,0,0,0,105091090,448608,43858737
1,save at NativeMethodAccessorImpl.java:0,18,17,0,1789806959093,1789806959807,714,False,709,644267501,1,9,4246,134217488,0,0,111451420,448608,0,0,0,0,105099789,448608,44220094
1,save at NativeMethodAccessorImpl.java:0,19,18,0,1789806959119,1789806959814,695,False,689,629643490,2,8,4246,134217488,0,0,111451384,448608,0,0,0,0,105088854,448608,43780905
1,save at NativeMethodAccessorImpl.java:0,20,19,0,1789806959119,1789806959859,740,False,734,667084043,1,8,4246,134217488,0,0,111451368,448608,0,0,0,0,105093337,448608,44532991
1,save at NativeMethodAccessorImpl.java:0,21,20,0,1789806959789,1789806960501,712,False,702,637666112,2,8,4289,134217488,0,0,111451344,448608,0,0,0,0,105087775,448608,43705421
1,save at NativeMethodAccessorImpl.java:0,22,21,0,1789806959806,1789806960537,731,False,724,643946159,3,11,4246,134217488,0,0,111451312,448608,0,0,0,0,105089085,448608,48650991
1,save at NativeMethodAccessorImpl.java:0,23,22,0,1789806959813,1789806960549,736,False,733,637682858,1,9,4246,134217488,0,0,111451276,448608,0,0,0,0,105087823,448608,47887087
1,save at NativeMethodAccessorImpl.java:0,24,23,0,1789806959858,1789806960594,736,False,732,622677858,1,9,4246,134217488,0,0,111451256,448608,0,0,0,0,105084775,448608,44364844
1,save at NativeMethodAccessorImpl.java:0,25,24,0,1789806960500,1789806961196,696,False,686,626798944,2,9,4289,134217488,0,0,111451212,448608,0,0,0,0,105088880,448608,43520553
1,save at NativeMethodAccessorImpl.java:0,26,25,0,1789806960537,1789806961260,723,False,717,652296798,2,9,4246,134217488,0,0,111451168,448608,0,0,0,0,105094819,448608,46493406
1,save at NativeMethodAccessorImpl.java:0,27,26,0,1789806960549,1789806961260,711,False,705,654924480,1,9,4246,134217488,0,0,111451148,448608,0,0,0,0,105092878,448608,47686053
1,save at NativeMethodAccessorImpl.java:0,28,27,0,1789806960594,1789806961280,686,False,682,631089779,1,9,4246,134217488,0,0,111451124,448608,0,0,0,0,105085878,448608,47361103
1,save at NativeMethodAccessorImpl.java:0,29,28,0,1789806961195,1789806961897,702,False,692,632688711,2,9,4289,134217488,0,0,111451080,448608,0,0,0,0,105090789,448608,43450147
1,save at NativeMethodAccessorImpl.java:0,32,31,0,1789806961279,1789806961950,671,False,665,618442733,1,8,4246,134217488,0,0,111450888,448608,0,0,0,0,105092908,448608,46183142
1,save at NativeMethodAccessorImpl.java:0,30,29,0,1789806961259,1789806961978,719,False,714,651025035,1,8,4246,134217488,0,0,111451012,448608,0,0,0,0,105089931,448608,44701466
1,save at NativeMethodAccessorImpl.java:0,31,30,0,1789806961260,1789806961990,730,False,726,648779532,1,8,4246,134217488,0,0,111450968,448608,0,0,0,0,105094141,448608,44711464
1,save at NativeMethodAccessorImpl.java:0,35,34,0,1789806961977,1789806962349,372,False,367,321732901,1,2,4246,71303040,0,0,54420775,220193,0,0,0,0,50897593,220193,19398551
1,save at NativeMethodAccessorImpl.java:0,36,35,0,1789806961989,1789806962357,368,False,364,318470134,1,2,4246,71303040,0,0,54418375,220191,0,0,0,0,50896781,220191,20048708
1,save at NativeMethodAccessorImpl.java:0,34,33,0,1789806961949,1789806962438,489,False,483,421422210,1,9,4246,92274528,0,0,74399514,300206,0,0,0,0,70213325,300206,31788406
1,save at NativeMethodAccessorImpl.java:0,33,32,0,1789806961896,1789806962591,695,False,690,632335206,1,11,4246,134217488,0,0,111450796,448608,0,0,0,0,105091826,448608,44473150
1,save at NativeMethodAccessorImpl.java:0,37,36,0,1789806962348,1789806962721,373,False,369,314322112,1,9,4246,71303040,0,0,54418375,220191,0,0,0,0,50900909,220191,18822867
1,save at NativeMethodAccessorImpl.java:0,38,37,0,1789806962357,1789806962734,377,False,374,320876941,0,9,4203,71303040,0,0,54418375,220191,0,0,0,0,50902625,220191,19389543
1,save at NativeMethodAccessorImpl.java:0,39,38,0,1789806962437,1789806962783,346,False,342,299402389,1,2,4246,71303040,0,0,54418375,220191,0,0,0,0,50897119,220191,19066480
1,save at NativeMethodAccessorImpl.java:0,40,39,0,1789806962591,1789806962934,343,False,338,290753726,1,8,4246,71303040,0,0,54418375,220191,0,0,0,0,50896241,220191,21699486
1,save at NativeMethodAccessorImpl.java:0,41,40,0,1789806962721,1789806963074,353,False,348,299460451,1,6,4246,71303040,0,0,54418375,220191,0,0,0,0,50898611,220191,18676471
1,save at NativeMethodAccessorImpl.java:0,42,41,0,1789806962734,1789806963097,363,False,360,311174969,1,6,4246,71303040,0,0,54418375,220191,0,0,0,0,50899971,220191,20513905
2,save at NativeMethodAccessorImpl.java:0,45,0,0,1789806963072,1789806963113,41,False,35,34541092,2,0,3928,8454128,0,0,0,2500,0,0,0,0,122080,2500,2118963
2,save at NativeMethodAccessorImpl.java:0,46,1,0,1789806963097,1789806963125,28,False,25,22937834,1,2,3971,8454128,0,0,0,2500,0,0,0,0,120138,2500,3473149
1,save at NativeMethodAccessorImpl.java:0,43,42,0,1789806962783,1789806963133,350,False,346,293210400,1,8,4246,71303040,0,0,54418325,220191,0,0,0,0,50898702,220191,19151773
2,save at NativeMethodAccessorImpl.java:0,47,2,0,1789806963113,1789806963135,22,False,20,17976617,0,2,3928,8454128,0,0,0,2500,0,0,0,0,120619,2500,2177927
2,save at NativeMethodAccessorImpl.java:0,48,3,0,1789806963124,1789806963143,19,False,16,16660661,0,0,3885,8454128,0,0,0,2501,0,0,0,0,121574,2501,2068656
1,save at NativeMethodAccessorImpl.java:0,44,43,0,1789806962933,1789806963236,303,False,299,262464261,1,2,4246,62914448,0,0,45825900,185424,0,0,0,0,42863471,185424,18948301
3,save at NativeMethodAccessorImpl.java:0,50,1,0,1789806963273,1789806963423,150,False,129,74724493,16,0,6013,16973792,0,0,0,0,695559,2964,0,0,0,0,0
3,save at NativeMethodAccessorImpl.java:0,51,2,0,1789806963273,1789806963434,161,False,142,75599101,16,0,6013,17104864,0,0,0,0,1426215,6079,0,0,0,0,0
3,save at NativeMethodAccessorImpl.java:0,52,3,0,1789806963274,1789806963463,189,False,170,150643832,16,0,6013,17367008,0,0,0,0,3142577,13431,0,0,0,0,0
3,save at NativeMethodAccessorImpl.java:0,53,4,0,1789806963422,1789806963476,54,False,46,46077327,4,0,6013,17367008,0,0,0,0,3154248,13465,0,0,0,0,0
3,save at NativeMethodAccessorImpl.java:0,54,5,0,1789806963434,1789806963476,42,False,35,34368476,4,0,6013,17104864,0,0,0,0,1751057,7494,0,0,0,0,0
3,save at NativeMethodAccessorImpl.java:0,49,0,0,1789806963272,1789806963477,205,False,183,118277669,16,0,6013,17891296,0,0,0,0,4238275,18094,0,0,0,0,0
3,save at NativeMethodAccessorImpl.java:0,57,8,0,1789806963475,1789806963498,23,False,18,17142657,2,0,6013,17104864,0,0,0,0,1055389,4506,0,0,0,0,0
3,save at NativeMethodAccessorImpl.java:0,58,9,0,1789806963476,1789806963501,25,False,18,18162712,3,0,6013,17104864,0,0,0,0,1043746,4460,0,0,0,0,0
3,save at NativeMethodAccessorImpl.java:0,56,7,0,1789806963475,1789806963505,30,False,23,23436329,4,0,6013,17104864,0,0,0,0,1420287,6051,0,0,0,0,0
3,save at NativeMethodAccessorImpl.java:0,55,6,0,1789806963462,1789806963505,43,False,35,34055428,5,0,6013,17367008,0,0,0,0,2486934,10621,0,0,0,0,0
3,save at NativeMethodAccessorImpl.java:0,60,11,0,1789806963500,1789806963534,34,False,27,27343275,4,0,6013,17104864,0,0,0,0,1759832,7532,0,0,0,0,0
3,save at NativeMethodAccessorImpl.java:0,59,10,0,1789806963498,1789806963539,41,False,35,35596719,4,0,6013,17367008,0,0,0,0,3142820,13424,0,0,0,0,0
3,save at NativeMethodAccessorImpl.java:0,62,13,0,1789806963505,1789806963541,36,False,29,28939327,3,0,6013,17367008,0,0,0,0,2453443,10474,0,0,0,0,0
3,save at NativeMethodAccessorImpl.java:0,61,12,0,1789806963504,1789806963541,37,False,29,29718657,3,0,6013,17367008,0,0,0,0,2104805,8989,0,0,0,0,0
3,save at NativeMethodAccessorImpl.java:0,65,16,0,1789806963540,1789806963554,14,False,8,7338458,4,0,6013,16908256,0,0,0,0,367422,1539,0,0,0,0,0
3,save at NativeMethodAccessorImpl.java:0,63,14,0,1789806963534,1789806963556,22,False,15,14366437,4,0,6013,17104864,0,0,0,0,1747183,7475,0,0,0,0,0
3,save at NativeMethodAccessorImpl.java:0,66,17,0,1789806963541,1789806963557,16,False,9,9534980,4,0,6013,16973792,0,0,0,0,704658,3004,0,0,0,0,0
3,save at NativeMethodAccessorImpl.java:0,64,15,0,1789806963539,1789806963559,20,False,14,13642621,4,0,6013,17104864,0,0,0,0,1752261,7499,0,0,0,0,0
3,save at NativeMethodAccessorImpl.java:0,69,20,0,1789806963556,1789806963570,14,False,7,7498345,4,0,6013,16908256,0,0,0,0,359699,1506,0,0,0,0,0
3,save at NativeMethodAccessorImpl.java:0,67,18,0,1789806963554,1789806963571,17,False,10,10658509,4,0,6013,17104864,0,0,0,0,1048441,4476,0,0,0,0,0
3,save at NativeMethodAccessorImpl.java:0,68,19,0,1789806963555,1789806963577,22,False,15,15015549,4,0,6013,17104864,0,0,0,0,1739561,7443,0,0,0,0,0
3,save at NativeMethodAccessorImpl.java:0,70,21,0,1789806963559,1789806963578,19,False,12,12409777,3,0,6013,17367008,0,0,0,0,2103906,8984,0,0,0,0,0
3,save at NativeMethodAccessorImpl.java:0,71,22,0,1789806963569,1789806963583,14,False,7,7104303,4,0,6013,16908256,0,0,0,0,352343,1474,0,0,0,0,0
3,save at NativeMethodAccessorImpl.java:0,72,23,0,1789806963570,1789806963589,19,False,12,12465977,3,0,6013,17367008,0,0,0,0,2486966,10627,0,0,0,0,0
3,save at NativeMethodAccessorImpl.java:0,73,24,0,1789806963577,1789806963593,16,False,11,11525846,3,0,6013,17104864,0,0,0,0,1732939,7413,0,0,0,0,0
3,save at NativeMethodAccessorImpl.java:0,74,25,0,1789806963577,1789806963596,19,False,11,11688591,4,0,6013,17104864,0,0,0,0,1756532,7518,0,0,0,0,0
3,save at NativeMethodAccessorImpl.java:0,75,26,0,1789806963582,1789806963599,17,False,12,11491540,3,0,6013,17367008,0,0,0,0,2471673,10558,0,0,0,0,0
3,save at NativeMethodAccessorImpl.java:0,76,27,0,1789806963588,1789806963607,19,False,13,13637943,2,0,6013,17367008,0,0,0,0,2793014,11950,0,0,0,0,0
3,save at NativeMethodAccessorImpl.java:0,77,28,0,1789806963593,1789806963612,19,False,14,14224685,3,0,6013,17367008,0,0,0,0,2159605,9219,0,0,0,0,0
3,save at NativeMethodAccessorImpl.java:0,78,29,0,1789806963594,1789806963613,19,False,11,11751216,4,0,6013,17104864,0,0,0,0,1736390,7429,0,0,0,0,0
3,save at NativeMethodAccessorImpl.java:0,80,31,0,1789806963606,1789806963621,15,False,8,8240350,4,0,6013,17104864,0,0,0,0,1388734,5915,0,0,0,0,0
3,save at NativeMethodAccessorImpl.java:0,79,30,0,1789806963599,1789806963622,23,False,16,15205176,4,0,6013,17367008,0,0,0,0,2478506,10586,0,0,0,0,0
3,save at NativeMethodAccessorImpl.java:0,82,33,0,1789806963612,1789806963627,15,False,9,9025145,4,0,6013,17104864,0,0,0,0,1059306,4522,0,0,0,0,0
3,save at NativeMethodAccessorImpl.java:0,83,34,0,1789806963620,1789806963633,13,False,7,7211652,3,0,6013,17104864,0,0,0,0,1060955,4528,0,0,0,0,0
3,save at NativeMethodAccessorImpl.java:0,81,32,0,1789806963612,1789806963633,21,False,14,14805293,3,0,6013,17367008,0,0,0,0,2462002,10515,0,0,0,0,0
3,save at NativeMethodAccessorImpl.java:0,84,35,0,1789806963622,1789806963643,21,False,14,13955777,4,0,6013,17367008,0,0,0,0,2092983,8940,0,0,0,0,0
3,save at NativeMethodAccessorImpl.java:0,85,36,0,1789806963627,1789806963644,17,False,11,11367169,3,0,6013,17104864,0,0,0,0,1708670,7302,0,0,0,0,0
3,save at NativeMethodAccessorImpl.java:0,87,38,0,1789806963633,1789806963647,14,False,8,8076597,3,0,6013,17104864,0,0,0,0,1034121,4418,0,0,0,0,0
3,save at NativeMethodAccessorImpl.java:0,86,37,0,1789806963632,1789806963648,16,False,10,10177615,3,0,6013,17104864,0,0,0,0,1777157,7606,0,0,0,0,0
3,save at NativeMethodAccessorImpl.java:0,88,39,0,1789806963642,1789806963656,14,False,8,8090115,4,0,6013,16973792,0,0,0,0,705672,3007,0,0,0,0,0
3,save at NativeMethodAccessorImpl.java:0,91,42,0,1789806963647,1789806963659,12,False,7,6191663,3,0,6013,16908256,0,0,0,0,370177,1551,0,0,0,0,0
3,save at NativeMethodAccessorImpl.java:0,89,40,0,1789806963644,1789806963663,19,False,14,14196690,3,0,6013,17367008,0,0,0,0,2461566,10520,0,0,0,0,0
3,save at NativeMethodAccessorImpl.java:0,90,41,0,1789806963647,1789806963667,20,False,12,11969005,4,0,6013,17104864,0,0,0,0,1750753,7493,0,0,0,0,0
3,save at NativeMethodAccessorImpl.java:0,93,44,0,1789806963659,1789806963668,9,False,5,5354485,2,0,6013,16908256,0,0,0,0,359254,1504,0,0,0,0,0
3,save at NativeMethodAccessorImpl.java:0,92,43,0,1789806963656,1789806963677,21,False,11,11723360,3,0,6013,17104864,0,0,0,0,1770632,7574,0,0,0,0,0
3,save at NativeMethodAccessorImpl.java:0,94,45,0,1789806963663,1789806963687,24,False,13,7612286,3,6,6099,16973792,0,0,0,0,711257,3030,0,0,0,0,0
3,save at NativeMethodAccessorImpl.java:0,95,46,0,1789806963666,1789806963695,29,False,16,12443159,9,6,6056,17104864,0,0,0,0,1362248,5801,0,0,0,0,0
3,save at NativeMethodAccessorImpl.java:0,96,47,0,1789806963668,1789806963697,29,False,19,14224148,7,6,6056,17367008,0,0,0,0,2480248,10598,0,0,0,0,0
3,save at NativeMethodAccessorImpl.java:0,97,48,0,1789806963672,1789806963703,31,False,16,15584654,7,2,6056,17367008,0,0,0,0,2475925,10576,0,0,0,0,0
3,save at NativeMethodAccessorImpl.java:0,99,50,0,1789806963694,1789806963710,16,False,9,9312880,2,0,6013,17104864,0,0,0,0,1415468,6030,0,0,0,0,0
3,save at NativeMethodAccessorImpl.java:0,98,49,0,1789806963686,1789806963711,25,False,17,14879483,3,0,6013,17367008,0,0,0,0,2098529,8962,0,0,0,0,0
3,save at NativeMethodAccessorImpl.java:0,100,51,0,1789806963696,1789806963727,31,False,22,16616483,2,3,6056,17367008,0,0,0,0,2821970,12067,0,0,0,0,0
3,save at NativeMethodAccessorImpl.java:0,101,52,0,1789806963703,1789806963728,25,False,18,10513266,3,3,6056,17104864,0,0,0,0,1405111,5986,0,0,0,0,0
3,save at NativeMethodAccessorImpl.java:0,102,53,0,1789806963710,1789806963732,22,False,13,10899146,6,3,6056,17104864,0,0,0,0,1768805,7565,0,0,0,0,0
3,save at NativeMethodAccessorImpl.java:0,103,54,0,1789806963710,1789806963734,24,False,15,12857489,6,3,6056,17367008,0,0,0,0,2060639,8806,0,0,0,0,0
3,save at NativeMethodAccessorImpl.java:0,104,55,0,1789806963726,1789806963741,15,False,9,9388004,2,0,6013,17104864,0,0,0,0,1427566,6083,0,0,0,0,0
3,save at NativeMethodAccessorImpl.java:0,105,56,0,1789806963727,1789806963744,17,False,10,10002071,2,0,6013,17367008,0,0,0,0,2119443,9051,0,0,0,0,0
3,save at NativeMethodAccessorImpl.java:0,107,58,0,1789806963734,1789806963745,11,False,6,6987134,2,0,6013,17104864,0,0,0,0,1411486,6016,0,0,0,0,0
3,save at NativeMethodAccessorImpl.java:0,106,57,0,1789806963731,1789806963749,18,False,13,13215925,3,0,6013,17367008,0,0,0,0,2109814,9011,0,0,0,0,0
3,save at NativeMethodAccessorImpl.java:0,108,59,0,1789806963740,1789806963755,15,False,10,10180159,3,0,6013,17104864,0,0,0,0,1721869,7366,0,0,0,0,0
3,save at NativeMethodAccessorImpl.java:0,110,61,0,1789806963744,1789806963757,13,False,8,8388026,1,0,6013,17104864,0,0,0,0,1755931,7514,0,0,0,0,0
3,save at NativeMethodAccessorImpl.java:0,109,60,0,1789806963744,1789806963762,18,False,13,13946107,2,0,6013,17367008,0,0,0,0,2453034,10477,0,0,0,0,0
3,save at NativeMethodAccessorImpl.java:0,111,62,0,1789806963749,1789806963765,16,False,11,10238684,3,0,6013,17104864,0,0,0,0,1394267,5939,0,0,0,0,0
3,save at NativeMethodAccessorImpl.java:0,114,65,0,1789806963761,1789806963772,11,False,5,5866749,3,0,6013,16908256,0,0,0,0,366219,1532,0,0,0,0,0
3,save at NativeMethodAccessorImpl.java:0,112,63,0,1789806963756,1789806963775,19,False,14,13439817,3,0,6013,17367008,0,0,0,0,3144822,13435,0,0,0,0,0
3,save at NativeMethodAccessorImpl.java:0,115,66,0,1789806963764,1789806963779,15,False,10,10185945,3,0,6013,17367008,0,0,0,0,2113834,9026,0,0,0,0,0
3,save at NativeMethodAccessorImpl.java:0,113,64,0,1789806963756,1789806963781,25,False,20,19283814,3,0,6013,17367008,0,0,0,0,3502662,14981,0,0,0,0,0
3,save at NativeMethodAccessorImpl.java:0,117,68,0,1789806963774,1789806963784,10,False,5,5507929,2,0,6013,16973792,0,0,0,0,705181,3006,0,0,0,0,0
3,save at NativeMethodAccessorImpl.java:0,116,67,0,1789806963772,1789806963795,23,False,17,17195738,3,0,6013,17367008,0,0,0,0,3108742,13280,0,0,0,0,0
3,save at NativeMethodAccessorImpl.java:0,120,71,0,1789806963783,1789806963797,14,False,9,9528652,2,0,6013,17367008,0,0,0,0,2127555,9082,0,0,0,0,0
3,save at NativeMethodAccessorImpl.java:0,118,69,0,1789806963779,1789806963797,18,False,13,13180697,3,0,6013,17367008,0,0,0,0,3175894,13565,0,0,0,0,0
3,save at NativeMethodAccessorImpl.java:0,119,70,0,1789806963781,1789806963799,18,False,12,12852556,3,0,6013,17367008,0,0,0,0,2117975,9042,0,0,0,0,0
3,save at NativeMethodAccessorImpl.java:0,122,73,0,1789806963796,1789806963808,12,False,7,7733544,2,0,6013,17104864,0,0,0,0,1751299,7491,0,0,0,0,0
3,save at NativeMethodAccessorImpl.java:0,121,72,0,1789806963794,1789806963810,16,False,10,10594374,3,0,6013,17104864,0,0,0,0,1433882,6112,0,0,0,0,0
3,save at NativeMethodAccessorImpl.java:0,123,74,0,1789806963797,1789806963814,17,False,12,12365387,2,0,6013,17367008,0,0,0,0,2109352,9006,0,0,0,0,0
3,save at NativeMethodAccessorImpl.java:0,124,75,0,1789806963798,1789806963815,17,False,11,11011462,3,0,6013,17104864,0,0,0,0,1750265,7490,0,0,0,0,0
3,save at NativeMethodAccessorImpl.java:0,125,76,0,1789806963808,1789806963822,14,False,8,8584437,2,0,6013,17104864,0,0,0,0,1730389,7404,0,0,0,0,0
3,save at NativeMethodAccessorImpl.java:0,126,77,0,1789806963810,1789806963825,15,False,10,10159400,3,0,6013,17367008,0,0,0,0,2084624,8903,0,0,0,0,0
3,save at NativeMethodAccessorImpl.java:0,127,78,0,1789806963814,1789806963830,16,False,7,7245382,4,0,6013,16973792,0,0,0,0,698892,2979,0,0,0,0,0
3,save at NativeMethodAccessorImpl.java:0,129,80,0,1789806963821,1789806963836,15,False,10,10151601,2,0,6013,17367008,0,0,0,0,2134820,9117,0,0,0,0,0
3,save at NativeMethodAccessorImpl.java:0,130,81,0,1789806963825,1789806963837,12,False,7,7211636,2,0,6013,17104864,0,0,0,0,1428720,6089,0,0,0,0,0
3,save at NativeMethodAccessorImpl.java:0,128,79,0,1789806963815,1789806963837,22,False,16,16193251,3,0,6013,17367008,0,0,0,0,2795925,11965,0,0,0,0,0
3,save at NativeMethodAccessorImpl.java:0,131,82,0,1789806963829,1789806963842,13,False,8,8417554,3,0,6013,17104864,0,0,0,0,1031746,4409,0,0,0,0,0
3,save at NativeMethodAccessorImpl.java:0,132,83,0,1789806963835,1789806963851,16,False,9,8966012,4,0,6013,17104864,0,0,0,0,1028183,4392,0,0,0,0,0
3,save at NativeMethodAccessorImpl.java:0,133,84,0,1789806963836,1789806963854,18,False,12,11890092,3,0,6013,17104864,0,0,0,0,1748213,7476,0,0,0,0,0
3,save at NativeMethodAccessorImpl.java:0,134,85,0,1789806963837,1789806963855,18,False,13,13476570,3,0,6013,17367008,0,0,0,0,2114316,9031,0,0,0,0,0
3,save at NativeMethodAccessorImpl.java:0,135,86,0,1789806963842,1789806963856,14,False,9,9955894,3,0,6013,17104864,0,0,0,0,1417053,6036,0,0,0,0,0
3,save at NativeMethodAccessorImpl.java:0,138,89,0,1789806963855,1789806963864,9,False,6,5979491,2,0,6013,17104864,0,0,0,0,1042434,4453,0,0,0,0,0
3,save at NativeMethodAccessorImpl.java:0,137,88,0,1789806963853,1789806963868,15,False,9,9826174,3,0,6013,17104864,0,0,0,0,1424944,6067,0,0,0,0,0
3,save at NativeMethodAccessorImpl.java:0,139,90,0,1789806963856,1789806963869,13,False,10,10105717,2,0,6013,17367008,0,0,0,0,2429101,10373,0,0,0,0,0
3,save at NativeMethodAccessorImpl.java:0,136,87,0,1789806963850,1789806963871,21,False,15,15912365,3,0,6013,17367008,0,0,0,0,2765068,11830,0,0,0,0,0
3,save at NativeMethodAccessorImpl.java:0,140,91,0,1789806963864,1789806963878,14,False,9,9103136,3,0,6013,17104864,0,0,0,0,1071311,4571,0,0,0,0,0
3,save at NativeMethodAccessorImpl.java:0,142,93,0,1789806963869,1789806963879,10,False,5,5558345,3,0,6013,16973792,0,0,0,0,701020,2987,0,0,0,0,0
3,save at NativeMethodAccessorImpl.java:0,141,92,0,1789806963868,1789806963884,16,False,11,11176734,3,0,6013,17104864,0,0,0,0,1734686,7422,0,0,0,0,0
3,save at NativeMethodAccessorImpl.java:0,145,96,0,1789806963879,1789806963889,10,False,6,6568761,1,0,6013,17104864,0,0,0,0,1063304,4541,0,0,0,0,0
3,save at NativeMethodAccessorImpl.java:0,143,94,0,1789806963871,1789806963891,20,False,15,15338616,3,0,6013,17367008,0,0,0,0,2795671,11967,0,0,0,0,0
3,save at NativeMethodAccessorImpl.java:0,144,95,0,1789806963878,1789806963892,14,False,10,9841953,3,0,6013,17104864,0,0,0,0,1403007,5980,0,0,0,0,0
3,save at NativeMethodAccessorImpl.java:0,148,99,0,1789806963890,1789806963901,11,False,5,5377937,3,0,6013,16908256,0,0,0,0,364350,1525,0,0,0,0,0
3,save at NativeMethodAccessorImpl.java:0,147,98,0,1789806963888,1789806963902,14,False,10,9899969,2,0,6013,17367008,0,0,0,0,2142286,9146,0,0,0,0,0
3,save at NativeMethodAccessorImpl.java:0,146,97,0,1789806963884,1789806963903,19,False,14,14427078,3,0,6013,17367008,0,0,0,0,2443506,10439,0,0,0,0,0
3,save at NativeMethodAccessorImpl.java:0,149,100,0,1789806963892,1789806963908,16,False,11,11426841,3,0,6013,17367008,0,0,0,0,2074442,8864,0,0,0,0,0
3,save at NativeMethodAccessorImpl.java:0,152,103,0,1789806963903,1789806963918,15,False,11,11188188,2,0,6013,17367008,0,0,0,0,2477348,10583,0,0,0,0,0
3,save at NativeMethodAccessorImpl.java:0,151,102,0,1789806963902,1789806963919,17,False,12,11707042,3,0,6013,17104864,0,0,0,0,1749085,7483,0,0,0,0,0
3,save at NativeMethodAccessorImpl.java:0,153,104,0,1789806963908,1789806963920,12,False,8,8217781,2,0,6013,17104864,0,0,0,0,1758863,7528,0,0,0,0,0
3,save at NativeMethodAccessorImpl.java:0,155,106,0,1789806963918,1789806963927,9,False,4,4986760,2,0,6013,16973792,0,0,0,0,687259,2928,0,0,0,0,0
3,save at NativeMethodAccessorImpl.java:0,150,101,0,1789806963900,1789806963928,28,False,22,21486456,4,0,6013,17891296,0,0,0,0,3870243,16548,0,0,0,0,0
3,save at NativeMethodAccessorImpl.java:0,154,105,0,1789806963918,1789806963931,13,False,8,8864773,3,0,6013,17104864,0,0,0,0,1065094,4547,0,0,0,0,0
3,save at NativeMethodAccessorImpl.java:0,156,107,0,1789806963920,1789806963933,13,False,10,10188417,2,0,6013,17367008,0,0,0,0,2474125,10569,0,0,0,0,0
3,save at NativeMethodAccessorImpl.java:0,159,110,0,1789806963931,1789806963941,10,False,5,5359443,3,0,6013,16908256,0,0,0,0,363571,1522,0,0,0,0,0
3,save at NativeMethodAccessorImpl.java:0,160,111,0,1789806963933,1789806963942,9,False,5,5975513,1,0,6013,17104864,0,0,0,0,1062214,4532,0,0,0,0,0
3,save at NativeMethodAccessorImpl.java:0,158,109,0,1789806963928,1789806963945,17,False,12,12568028,3,0,6013,17367008,0,0,0,0,2116951,9039,0,0,0,0,0
3,save at NativeMethodAccessorImpl.java:0,157,108,0,1789806963926,1789806963947,21,False,16,16985461,2,0,6013,17367008,0,0,0,0,3147068,13436,0,0,0,0,0
3,save at NativeMethodAccessorImpl.java:0,162,113,0,1789806963941,1789806963951,10,False,6,6451219,1,0,6013,17104864,0,0,0,0,1032936,4411,0,0,0,0,0
3,save at NativeMethodAccessorImpl.java:0,163,114,0,1789806963945,1789806963963,18,False,13,9908265,3,4,6056,17104864,0,0,0,0,1433606,6109,0,0,0,0,0
3,save at NativeMethodAccessorImpl.java:0,161,112,0,1789806963941,1789806963966,25,False,21,17159824,2,4,6056,17367008,0,0,0,0,3523734,15060,0,0,0,0,0
3,save at NativeMethodAccessorImpl.java:0,165,116,0,1789806963951,1789806963967,16,False,13,9283728,2,4,6056,17367008,0,0,0,0,2084070,8898,0,0,0,0,0
3,save at NativeMethodAccessorImpl.java:0,164,115,0,1789806963947,1789806963969,22,False,18,14234759,3,4,6056,17367008,0,0,0,0,2479048,10584,0,0,0,0,0
3,save at NativeMethodAccessorImpl.java:0,168,119,0,1789806963967,1789806963975,8,False,4,4660889,1,0,6013,16973792,0,0,0,0,704203,3002,0,0,0,0,0
3,save at NativeMethodAccessorImpl.java:0,167,118,0,1789806963965,1789806963979,14,False,10,10041685,2,0,6013,17367008,0,0,0,0,2430364,10378,0,0,0,0,0
3,save at NativeMethodAccessorImpl.java:0,166,117,0,1789806963963,1789806963982,19,False,14,14557365,3,0,6013,17367008,0,0,0,0,2444721,10441,0,0,0,0,0
3,save at NativeMethodAccessorImpl.java:0,169,120,0,1789806963969,1789806963983,14,False,9,9411382,3,0,6013,17104864,0,0,0,0,1422791,6066,0,0,0,0,0
3,save at NativeMethodAccessorImpl.java:0,170,121,0,1789806963975,1789806963987,12,False,8,8630354,1,0,6013,17104864,0,0,0,0,1403728,5979,0,0,0,0,0
3,save at NativeMethodAccessorImpl.java:0,172,123,0,1789806963982,1789806963994,12,False,7,7926674,3,0,6013,17104864,0,0,0,0,1008708,4313,0,0,0,0,0
3,save at NativeMethodAccessorImpl.java:0,171,122,0,1789806963978,1789806963998,20,False,15,15269086,3,0,6013,17367008,0,0,0,0,2823229,12080,0,0,0,0,0
3,save at NativeMethodAccessorImpl.java:0,173,124,0,1789806963982,1789806963999,17,False,12,12009342,2,0,6013,17367008,0,0,0,0,2101879,8978,0,0,0,0,0
3,save at NativeMethodAccessorImpl.java:0,174,125,0,1789806963987,1789806964001,14,False,10,9987867,2,0,6013,17104864,0,0,0,0,1396505,5949,0,0,0,0,0
3,save at NativeMethodAccessorImpl.java:0,178,129,0,1789806964001,1789806964013,12,False,7,7146706,2,0,6013,17104864,0,0,0,0,1040550,4445,0,0,0,0,0
3,save at NativeMethodAccessorImpl.java:0,175,126,0,1789806963994,1789806964013,19,False,13,12658279,3,0,6013,17367008,0,0,0,0,2080473,8884,0,0,0,0,0
3,save at NativeMethodAccessorImpl.java:0,177,128,0,1789806963998,1789806964015,17,False,12,11838972,3,0,6013,17104864,0,0,0,0,1734888,7420,0,0,0,0,0
3,save at NativeMethodAccessorImpl.java:0,176,127,0,1789806963998,1789806964016,18,False,13,12890423,3,0,6013,17367008,0,0,0,0,2079899,8881,0,0,0,0,0
3,save at NativeMethodAccessorImpl.java:0,179,130,0,1789806964012,1789806964023,11,False,6,6572521,2,0,6013,17104864,0,0,0,0,1064212,4543,0,0,0,0,0
3,save at NativeMethodAccessorImpl.java:0,181,132,0,1789806964015,1789806964026,11,False,6,6487244,3,0,6013,16973792,0,0,0,0,697046,2971,0,0,0,0,0
3,save at NativeMethodAccessorImpl.java:0,180,131,0,1789806964013,1789806964027,14,False,10,10594775,2,0,6013,17367008,0,0,0,0,2120030,9052,0,0,0,0,0
3,save at NativeMethodAccessorImpl.java:0,182,133,0,1789806964016,1789806964030,14,False,10,10187842,2,0,6013,17104864,0,0,0,0,1730037,7401,0,0,0,0,0
3,save at NativeMethodAccessorImpl.java:0,183,134,0,1789806964022,1789806964035,13,False,9,9127314,2,0,6013,17367008,0,0,0,0,2121381,9059,0,0,0,0,0
3,save at NativeMethodAccessorImpl.java:0,184,135,0,1789806964026,1789806964037,11,False,8,8574638,2,0,6013,17367008,0,0,0,0,2096553,8950,0,0,0,0,0
3,save at NativeMethodAccessorImpl.java:0,186,137,0,1789806964030,1789806964039,9,False,6,6740489,1,0,6013,17104864,0,0,0,0,1392662,5933,0,0,0,0,0
3,save at NativeMethodAccessorImpl.java:0,185,136,0,1789806964027,1789806964041,14,False,9,9614205,2,0,6013,17367008,0,0,0,0,2504154,10700,0,0,0,0,0
3,save at NativeMethodAccessorImpl.java:0,187,138,0,1789806964035,1789806964044,9,False,6,6068945,1,0,6013,17104864,0,0,0,0,1050446,4486,0,0,0,0,0
3,save at NativeMethodAccessorImpl.java:0,188,139,0,1789806964037,1789806964049,12,False,8,8636862,1,0,6013,17367008,0,0,0,0,2077207,8871,0,0,0,0,0
3,save at NativeMethodAccessorImpl.java:0,190,141,0,1789806964040,1789806964051,11,False,7,7318656,1,0,6013,17104864,0,0,0,0,1066629,4551,0,0,0,0,0
3,save at NativeMethodAccessorImpl.java:0,189,140,0,1789806964039,1789806964052,13,False,8,8935824,2,0,6013,17104864,0,0,0,0,1398225,5955,0,0,0,0,0
3,save at NativeMethodAccessorImpl.java:0,191,142,0,1789806964044,1789806964054,10,False,7,7348170,1,0,6013,17104864,0,0,0,0,1412452,6017,0,0,0,0,0
3,save at NativeMethodAccessorImpl.java:0,193,144,0,1789806964050,1789806964062,12,False,6,6429836,3,0,6013,16973792,0,0,0,0,699903,2982,0,0,0,0,0
3,save at NativeMethodAccessorImpl.java:0,192,143,0,1789806964048,1789806964062,14,False,10,10710034,2,0,6013,17367008,0,0,0,0,2783231,11907,0,0,0,0,0
3,save at NativeMethodAccessorImpl.java:0,194,145,0,1789806964052,1789806964063,11,False,6,6575840,3,0,6013,16973792,0,0,0,0,704576,3002,0,0,0,0,0
3,save at NativeMethodAccessorImpl.java:0,195,146,0,1789806964054,1789806964069,15,False,11,11035769,2,0,6013,17104864,0,0,0,0,1810934,7752,0,0,0,0,0
3,save at NativeMethodAccessorImpl.java:0,196,147,0,1789806964061,1789806964073,12,False,7,7855886,2,0,6013,17104864,0,0,0,0,1071535,4573,0,0,0,0,0
3,save at NativeMethodAccessorImpl.java:0,200,151,0,1789806964073,1789806964079,6,False,3,3229213,1,0,6013,16908256,0,0,0,0,352127,1473,0,0,0,0,0
3,save at NativeMethodAccessorImpl.java:0,197,148,0,1789806964062,1789806964079,17,False,13,13523119,1,0,6013,17367008,0,0,0,0,2776918,11878,0,0,0,0,0
3,save at NativeMethodAccessorImpl.java:0,198,149,0,1789806964062,1789806964079,17,False,14,14241365,1,0,6013,17891296,0,0,0,0,4162289,17775,0,0,0,0,0
3,save at NativeMethodAccessorImpl.java:0,199,150,0,1789806964069,1789806964084,15,False,10,10794147,2,0,6013,17104864,0,0,0,0,1737102,7429,0,0,0,0,0
3,save at NativeMethodAccessorImpl.java:0,202,153,0,1789806964079,1789806964088,9,False,6,6333614,2,0,6013,17104864,0,0,0,0,1412117,6018,0,0,0,0,0
3,save at NativeMethodAccessorImpl.java:0,203,154,0,1789806964079,1789806964092,13,False,10,10153860,1,0,6013,17367008,0,0,0,0,2781387,11900,0,0,0,0,0
3,save at NativeMethodAccessorImpl.java:0,205,156,0,1789806964088,1789806964094,6,False,3,3307066,1,0,6013,16908256,0,0,0,0,351713,1470,0,0,0,0,0
3,save at NativeMethodAccessorImpl.java:0,201,152,0,1789806964078,1789806964095,17,False,12,12217347,2,0,6013,17367008,0,0,0,0,2789964,11936,0,0,0,0,0
3,save at NativeMethodAccessorImpl.java:0,206,157,0,1789806964092,1789806964096,4,False,1,1801581,2,0,6013,65536,0,0,0,0,0,0,0,0,0,0,0
3,save at NativeMethodAccessorImpl.java:0,204,155,0,1789806964083,1789806964097,14,False,9,9884785,3,0,6013,17367008,0,0,0,0,2130424,9099,0,0,0,0,0
3,save at NativeMethodAccessorImpl.java:0,208,159,0,1789806964094,1789806964104,10,False,7,7394042,1,0,6013,17104864,0,0,0,0,1405965,5987,0,0,0,0,0
3,save at NativeMethodAccessorImpl.java:0,209,160,0,1789806964096,1789806964106,10,False,7,7251312,1,0,6013,17104864,0,0,0,0,1754972,7510,0,0,0,0,0
3,save at NativeMethodAccessorImpl.java:0,207,158,0,1789806964094,1789806964107,13,False,10,10590399,1,0,6013,17367008,0,0,0,0,2767450,11842,0,0,0,0,0
3,save at NativeMethodAccessorImpl.java:0,210,161,0,1789806964097,1789806964108,11,False,8,8271170,1,0,6013,17367008,0,0,0,0,2082602,8892,0,0,0,0,0
3,save at NativeMethodAccessorImpl.java:0,213,164,0,1789806964107,1789806964113,6,False,3,3383537,1,0,6013,16908256,0,0,0,0,359841,1505,0,0,0,0,0
3,save at NativeMethodAccessorImpl.java:0,212,163,0,1789806964106,1789806964114,8,False,5,5355020,1,0,6013,16973792,0,0,0,0,713866,3044,0,0,0,0,0
3,save at NativeMethodAccessorImpl.java:0,211,162,0,1789806964104,1789806964117,13,False,9,9569614,1,0,6013,17367008,0,0,0,0,2452840,10475,0,0,0,0,0
3,save at NativeMethodAccessorImpl.java:0,214,165,0,1789806964108,1789806964118,10,False,7,7334325,2,0,6013,17104864,0,0,0,0,1790521,7663,0,0,0,0,0
3,save at NativeMethodAccessorImpl.java:0,216,167,0,1789806964114,1789806964121,7,False,4,4316804,1,0,6013,16973792,0,0,0,0,679720,2893,0,0,0,0,0
3,save at NativeMethodAccessorImpl.java:0,219,170,0,1789806964121,1789806964127,6,False,3,3970447,1,0,6013,16973792,0,0,0,0,697992,2976,0,0,0,0,0
3,save at NativeMethodAccessorImpl.java:0,218,169,0,1789806964118,1789806964128,10,False,7,6915924,1,0,6013,17104864,0,0,0,0,1723248,7370,0,0,0,0,0
3,save at NativeMethodAccessorImpl.java:0,215,166,0,1789806964113,1789806964128,15,False,13,13110776,1,0,6013,17367008,0,0,0,0,2408028,10279,0,0,0,0,0
3,save at NativeMethodAccessorImpl.java:0,217,168,0,1789806964116,1789806964130,14,False,10,10931110,1,0,6013,17367008,0,0,0,0,3160928,13499,0,0,0,0,0
3,save at NativeMethodAccessorImpl.java:0,221,172,0,1789806964128,1789806964136,8,False,5,5187776,1,0,6013,17104864,0,0,0,0,1029782,4403,0,0,0,0,0
3,save at NativeMethodAccessorImpl.java:0,223,174,0,1789806964130,1789806964138,8,False,5,5424874,1,0,6013,17104864,0,0,0,0,1034119,4418,0,0,0,0,0
3,save at NativeMethodAccessorImpl.java:0,220,171,0,1789806964127,1789806964139,12,False,9,9710042,1,0,6013,17104864,0,0,0,0,1733445,7417,0,0,0,0,0
3,save at NativeMethodAccessorImpl.java:0,222,173,0,1789806964128,1789806964141,13,False,10,10172725,1,0,6013,17367008,0,0,0,0,2100673,8976,0,0,0,0,0
3,save at NativeMethodAccessorImpl.java:0,225,176,0,1789806964138,1789806964146,8,False,5,5435809,1,0,6013,17104864,0,0,0,0,1053376,4499,0,0,0,0,0
3,save at NativeMethodAccessorImpl.java:0,226,177,0,1789806964139,1789806964148,9,False,5,5721420,2,0,6013,17104864,0,0,0,0,1036438,4426,0,0,0,0,0
3,save at NativeMethodAccessorImpl.java:0,224,175,0,1789806964135,1789806964148,13,False,10,10195884,1,0,6013,17367008,0,0,0,0,2786906,11923,0,0,0,0,0
3,save at NativeMethodAccessorImpl.java:0,227,178,0,1789806964141,1789806964150,9,False,6,6516735,1,0,6013,17104864,0,0,0,0,1410687,6013,0,0,0,0,0
3,save at NativeMethodAccessorImpl.java:0,230,181,0,1789806964148,1789806964157,9,False,6,6410978,1,0,6013,17104864,0,0,0,0,1395043,5940,0,0,0,0,0
3,save at NativeMethodAccessorImpl.java:0,229,180,0,1789806964148,1789806964158,10,False,7,7652538,1,0,6013,17104864,0,0,0,0,1041122,4445,0,0,0,0,0
3,save at NativeMethodAccessorImpl.java:0,231,182,0,1789806964150,1789806964160,10,False,6,6714447,2,0,6013,17104864,0,0,0,0,1060931,4528,0,0,0,0,0
3,save at NativeMethodAccessorImpl.java:0,228,179,0,1789806964146,1789806964166,20,False,16,16917551,2,0,6013,17367008,0,0,0,0,3519961,15051,0,0,0,0,0
3,save at NativeMethodAccessorImpl.java:0,233,184,0,1789806964158,1789806964167,9,False,5,5276567,1,0,6013,17104864,0,0,0,0,1041757,4452,0,0,0,0,0
3,save at NativeMethodAccessorImpl.java:0,232,183,0,1789806964157,1789806964168,11,False,7,7468834,2,0,6013,17104864,0,0,0,0,1774322,7593,0,0,0,0,0
3,save at NativeMethodAccessorImpl.java:0,234,185,0,1789806964160,1789806964173,13,False,10,10197844,1,0,6013,17104864,0,0,0,0,1754833,7507,0,0,0,0,0
3,save at NativeMethodAccessorImpl.java:0,236,187,0,1789806964166,1789806964188,22,False,13,10016921,2,5,6099,17367008,0,0,0,0,2110361,9011,0,0,0,0,0
3,save at NativeMethodAccessorImpl.java:0,235,186,0,1789806964166,1789806964188,22,False,16,11023002,3,5,6056,17367008,0,0,0,0,2124239,9071,0,0,0,0,0
3,save at NativeMethodAccessorImpl.java:0,237,188,0,1789806964167,1789806964189,22,False,15,9710877,2,5,6056,17104864,0,0,0,0,1411938,6014,0,0,0,0,0
3,save at NativeMethodAccessorImpl.java:0,238,189,0,1789806964173,1789806964191,18,False,13,7998451,2,5,6056,17104864,0,0,0,0,1407993,5998,0,0,0,0,0
3,save at NativeMethodAccessorImpl.java:0,241,192,0,1789806964188,1789806964199,11,False,6,6229749,2,0,6013,16908256,0,0,0,0,361241,1513,0,0,0,0,0
3,save at NativeMethodAccessorImpl.java:0,242,193,0,1789806964190,1789806964206,16,False,11,6905636,2,0,6013,16973792,0,0,0,0,696601,2967,0,0,0,0,0
3,save at NativeMethodAccessorImpl.java:0,239,190,0,1789806964187,1789806964213,26,False,19,15231704,3,4,6056,17367008,0,0,0,0,2510153,10721,0,0,0,0,0
3,save at NativeMethodAccessorImpl.java:0,240,191,0,1789806964188,1789806964213,25,False,19,15309088,2,4,6056,17367008,0,0,0,0,2409581,10292,0,0,0,0,0
3,save at NativeMethodAccessorImpl.java:0,243,194,0,1789806964198,1789806964215,17,False,13,9656390,1,4,6056,17367008,0,0,0,0,2085890,8907,0,0,0,0,0
3,save at NativeMethodAccessorImpl.java:0,247,198,0,1789806964215,1789806964222,7,False,4,4216211,1,0,6013,16908256,0,0,0,0,364039,1524,0,0,0,0,0
3,save at NativeMethodAccessorImpl.java:0,245,196,0,1789806964212,1789806964226,14,False,10,9809444,2,0,6013,17104864,0,0,0,0,1751050,7494,0,0,0,0,0
3,save at NativeMethodAccessorImpl.java:0,244,195,0,1789806964205,1789806964228,23,False,13,12673164,4,0,6013,17367008,0,0,0,0,2475876,10578,0,0,0,0,0
3,save at NativeMethodAccessorImpl.java:0,246,197,0,1789806964213,1789806964231,18,False,15,15143549,2,0,6013,17367008,0,0,0,0,2468291,10544,0,0,0,0,0
3,save at NativeMethodAccessorImpl.java:0,248,199,0,1789806964222,1789806964232,10,False,6,6923028,2,0,6013,17104864,0,0,0,0,1413636,6025,0,0,0,0,0
3,save at NativeMethodAccessorImpl.java:0,250,201,0,1789806964228,1789806964239,11,False,7,7220015,2,0,6013,17104864,0,0,0,0,1727079,7388,0,0,0,0,0
3,save at NativeMethodAccessorImpl.java:0,249,200,0,1789806964225,1789806964239,14,False,10,10086573,2,0,6013,17367008,0,0,0,0,2830861,12109,0,0,0,0,0
3,save at NativeMethodAccessorImpl.java:0,252,203,0,1789806964232,1789806964242,10,False,5,5668505,3,0,6013,16973792,0,0,0,0,698266,2975,0,0,0,0,0
3,save at NativeMethodAccessorImpl.java:0,251,202,0,1789806964231,1789806964244,13,False,9,9000929,3,0,6013,17104864,0,0,0,0,1741925,7456,0,0,0,0,0
3,save at NativeMethodAccessorImpl.java:0,253,204,0,1789806964239,1789806964249,10,False,5,5870932,2,0,6013,17104864,0,0,0,0,1061539,4532,0,0,0,0,0
3,save at NativeMethodAccessorImpl.java:0,255,206,0,1789806964241,1789806964253,12,False,7,7526331,2,0,6013,17104864,0,0,0,0,1052465,4493,0,0,0,0,0
3,save at NativeMethodAccessorImpl.java:0,254,205,0,1789806964240,1789806964254,14,False,10,10067306,2,0,6013,17367008,0,0,0,0,2794793,11956,0,0,0,0,0
3,save at NativeMethodAccessorImpl.java:0,257,208,0,1789806964249,1789806964258,9,False,6,6562491,1,0,6013,17104864,0,0,0,0,1069486,4561,0,0,0,0,0
3,save at NativeMethodAccessorImpl.java:0,256,207,0,1789806964244,1789806964259,15,False,11,11452495,1,0,6013,17367008,0,0,0,0,2883808,12341,0,0,0,0,0
3,save at NativeMethodAccessorImpl.java:0,259,210,0,1789806964254,1789806964271,17,False,12,12747788,2,0,6013,17367008,0,0,0,0,2437769,10416,0,0,0,0,0
3,save at NativeMethodAccessorImpl.java:0,260,211,0,1789806964258,1789806964271,13,False,9,9514133,2,0,6013,17367008,0,0,0,0,2803341,11985,0,0,0,0,0
3,save at NativeMethodAccessorImpl.java:0,261,212,0,1789806964258,1789806964271,13,False,8,8452201,3,0,6013,17104864,0,0,0,0,1410709,6009,0,0,0,0,0
3,save at NativeMethodAccessorImpl.java:0,258,209,0,1789806964253,1789806964271,18,False,13,13126109,2,0,6013,17367008,0,0,0,0,2459352,10503,0,0,0,0,0
3,save at NativeMethodAccessorImpl.java:0,262,213,0,1789806964270,1789806964277,7,False,3,3458033,2,0,6013,16908256,0,0,0,0,358642,1501,0,0,0,0,0
3,save at NativeMethodAccessorImpl.java:0,263,214,0,1789806964271,1789806964280,9,False,6,6949533,1,0,6013,17104864,0,0,0,0,1736903,7429,0,0,0,0,0
3,save at NativeMethodAccessorImpl.java:0,264,215,0,1789806964271,1789806964283,12,False,8,8584515,2,0,6013,17104864,0,0,0,0,1388806,5915,0,0,0,0,0
3,save at NativeMethodAccessorImpl.java:0,265,216,0,1789806964271,1789806964288,17,False,13,13015696,2,0,6013,17367008,0,0,0,0,2459460,10507,0,0,0,0,0
3,save at NativeMethodAccessorImpl.java:0,266,217,0,1789806964277,1789806964289,12,False,9,9694672,1,0,6013,17367008,0,0,0,0,2774872,11868,0,0,0,0,0
3,save at NativeMethodAccessorImpl.java:0,267,218,0,1789806964280,1789806964294,14,False,11,11054098,1,0,6013,17367008,0,0,0,0,3126963,13360,0,0,0,0,0
3,save at NativeMethodAccessorImpl.java:0,268,219,0,1789806964283,1789806964295,12,False,8,8351660,2,0,6013,17104864,0,0,0,0,1375927,5860,0,0,0,0,0
3,save at NativeMethodAccessorImpl.java:0,269,220,0,1789806964288,1789806964298,10,False,7,7272827,1,0,6013,17104864,0,0,0,0,1742068,7453,0,0,0,0,0
3,save at NativeMethodAccessorImpl.java:0,270,221,0,1789806964289,1789806964301,12,False,10,10026755,1,0,6013,17367008,0,0,0,0,2858641,12227,0,0,0,0,0
3,save at NativeMethodAccessorImpl.java:0,272,223,0,1789806964295,1789806964307,12,False,8,8243446,2,0,6013,17367008,0,0,0,0,2163605,9234,0,0,0,0,0
3,save at NativeMethodAccessorImpl.java:0,273,224,0,1789806964298,1789806964309,11,False,8,8837267,1,0,6013,17367008,0,0,0,0,2484184,10607,0,0,0,0,0
3,save at NativeMethodAccessorImpl.java:0,274,225,0,1789806964301,1789806964309,8,False,5,5922297,1,0,6013,17104864,0,0,0,0,1406054,5990,0,0,0,0,0
3,save at NativeMethodAccessorImpl.java:0,271,222,0,1789806964293,1789806964310,17,False,12,12860757,2,0,6013,17367008,0,0,0,0,2447646,10452,0,0,0,0,0
3,save at NativeMethodAccessorImpl.java:0,275,226,0,1789806964307,1789806964316,9,False,6,6940703,1,0,6013,17104864,0,0,0,0,1759060,7526,0,0,0,0,0
3,save at NativeMethodAccessorImpl.java:0,277,228,0,1789806964309,1789806964319,10,False,6,6859689,1,0,6013,17104864,0,0,0,0,1742068,7453,0,0,0,0,0
3,save at NativeMethodAccessorImpl.java:0,276,227,0,1789806964309,1789806964319,10,False,7,7690176,1,0,6013,17367008,0,0,0,0,2089955,8923,0,0,0,0,0
3,save at NativeMethodAccessorImpl.java:0,278,229,0,1789806964310,1789806964326,16,False,11,11987331,2,0,6013,17367008,0,0,0,0,2412687,10300,0,0,0,0,0
3,save at NativeMethodAccessorImpl.java:0,280,231,0,1789806964319,1789806964327,8,False,5,5502678,1,0,6013,17104864,0,0,0,0,1035482,4423,0,0,0,0,0
3,save at NativeMethodAccessorImpl.java:0,279,230,0,1789806964316,1789806964327,11,False,8,8608167,1,0,6013,17367008,0,0,0,0,2421405,10341,0,0,0,0,0
3,save at NativeMethodAccessorImpl.java:0,281,232,0,1789806964319,1789806964328,9,False,6,6997893,1,0,6013,17104864,0,0,0,0,1752401,7495,0,0,0,0,0
3,save at NativeMethodAccessorImpl.java:0,282,233,0,1789806964325,1789806964330,5,False,1,1581602,2,0,6013,65536,0,0,0,0,0,0,0,0,0,0,0
3,save at NativeMethodAccessorImpl.java:0,285,236,0,1789806964328,1789806964338,10,False,6,6840067,1,0,6013,17104864,0,0,0,0,1778160,7613,0,0,0,0,0
3,save at NativeMethodAccessorImpl.java:0,283,234,0,1789806964326,1789806964338,12,False,8,8751913,1,0,6013,17367008,0,0,0,0,2437535,10408,0,0,0,0,0
3,save at NativeMethodAccessorImpl.java:0,286,237,0,1789806964330,1789806964339,9,False,6,6606382,1,0,6013,17104864,0,0,0,0,1783668,7635,0,0,0,0,0
3,save at NativeMethodAccessorImpl.java:0,284,235,0,1789806964327,1789806964340,13,False,10,10026215,1,0,6013,17367008,0,0,0,0,2822018,12080,0,0,0,0,0
3,save at NativeMethodAccessorImpl.java:0,289,240,0,1789806964338,1789806964350,12,False,8,8685751,1,0,6013,17367008,0,0,0,0,2400043,10245,0,0,0,0,0
3,save at NativeMethodAccessorImpl.java:0,288,239,0,1789806964338,1789806964350,12,False,8,8764795,2,0,6013,17104864,0,0,0,0,1419248,6046,0,0,0,0,0
3,save at NativeMethodAccessorImpl.java:0,290,241,0,1789806964339,1789806964351,12,False,8,8753271,1,0,6013,17367008,0,0,0,0,2444728,10437,0,0,0,0,0
3,save at NativeMethodAccessorImpl.java:0,287,238,0,1789806964337,1789806964354,17,False,12,12798330,3,0,6013,17367008,0,0,0,0,2424578,10356,0,0,0,0,0
3,save at NativeMethodAccessorImpl.java:0,293,244,0,1789806964350,1789806964356,6,False,2,2939396,1,0,6013,16908256,0,0,0,0,349314,1461,0,0,0,0,0
3,save at NativeMethodAccessorImpl.java:0,291,242,0,1789806964349,1789806964359,10,False,6,6984124,1,0,6013,17104864,0,0,0,0,1735839,7427,0,0,0,0,0
3,save at NativeMethodAccessorImpl.java:0,292,243,0,1789806964350,1789806964360,10,False,6,6043892,2,0,6013,17104864,0,0,0,0,1412329,6018,0,0,0,0,0
3,save at NativeMethodAccessorImpl.java:0,294,245,0,1789806964354,1789806964363,9,False,6,6720212,1,0,6013,17104864,0,0,0,0,1749045,7483,0,0,0,0,0
3,save at NativeMethodAccessorImpl.java:0,295,246,0,1789806964356,1789806964365,9,False,7,7331465,1,0,6013,17104864,0,0,0,0,1740913,7446,0,0,0,0,0
3,save at NativeMethodAccessorImpl.java:0,298,249,0,1789806964363,1789806964371,8,False,5,5864766,1,0,6013,17104864,0,0,0,0,1399347,5963,0,0,0,0,0
3,save at NativeMethodAccessorImpl.java:0,297,248,0,1789806964359,1789806964372,13,False,9,9658854,1,0,6013,17367008,0,0,0,0,2805959,12001,0,0,0,0,0
3,save at NativeMethodAccessorImpl.java:0,296,247,0,1789806964359,1789806964372,13,False,10,10353525,1,0,6013,17367008,0,0,0,0,3152517,13467,0,0,0,0,0
3,save at NativeMethodAccessorImpl.java:0,299,250,0,1789806964365,1789806964379,14,False,11,11641165,1,0,6013,17367008,0,0,0,0,2788569,11935,0,0,0,0,0
3,save at NativeMethodAccessorImpl.java:0,301,252,0,1789806964371,1789806964381,10,False,6,6816519,1,0,6013,17104864,0,0,0,0,1758625,7526,0,0,0,0,0
3,save at NativeMethodAccessorImpl.java:0,300,251,0,1789806964371,1789806964386,15,False,12,12599274,1,0,6013,17367008,0,0,0,0,2432313,10387,0,0,0,0,0
3,save at NativeMethodAccessorImpl.java:0,302,253,0,1789806964372,1789806964387,15,False,12,12994900,1,0,6013,17367008,0,0,0,0,3554591,15192,0,0,0,0,0
3,save at NativeMethodAccessorImpl.java:0,304,255,0,1789806964381,1789806964389,8,False,5,5496994,2,0,6013,16973792,0,0,0,0,710745,3030,0,0,0,0,0
3,save at NativeMethodAccessorImpl.java:0,303,254,0,1789806964379,1789806964391,12,False,7,7683210,2,0,6013,17104864,0,0,0,0,1045420,4464,0,0,0,0,0
3,save at NativeMethodAccessorImpl.java:0,308,259,0,1789806964391,1789806964399,8,False,4,4510037,2,0,6013,16908256,0,0,0,0,353059,1477,0,0,0,0,0
3,save at NativeMethodAccessorImpl.java:0,307,258,0,1789806964389,1789806964401,12,False,8,8813523,2,0,6013,17104864,0,0,0,0,1398466,5954,0,0,0,0,0
3,save at NativeMethodAccessorImpl.java:0,305,256,0,1789806964386,1789806964407,21,False,16,13057606,3,3,6056,17367008,0,0,0,0,2785733,11921,0,0,0,0,0
3,save at NativeMethodAccessorImpl.java:0,306,257,0,1789806964387,1789806964408,21,False,16,13347357,2,3,6056,17367008,0,0,0,0,2415784,10311,0,0,0,0,0
3,save at NativeMethodAccessorImpl.java:0,311,262,0,1789806964407,1789806964414,7,False,4,4840980,1,0,6013,17104864,0,0,0,0,1037651,4433,0,0,0,0,0
3,save at NativeMethodAccessorImpl.java:0,310,261,0,1789806964401,1789806964417,16,False,8,8764301,6,3,6056,17104864,0,0,0,0,1411720,6011,0,0,0,0,0
3,save at NativeMethodAccessorImpl.java:0,309,260,0,1789806964399,1789806964418,19,False,12,12627897,5,3,6056,17367008,0,0,0,0,2111002,9018,0,0,0,0,0
3,save at NativeMethodAccessorImpl.java:0,313,264,0,1789806964414,1789806964422,8,False,5,5096376,1,0,6013,17104864,0,0,0,0,1072779,4578,0,0,0,0,0
3,save at NativeMethodAccessorImpl.java:0,315,266,0,1789806964418,1789806964426,8,False,3,3985298,2,0,6013,16908256,0,0,0,0,366209,1533,0,0,0,0,0
3,save at NativeMethodAccessorImpl.java:0,316,267,0,1789806964422,1789806964430,8,False,5,5724461,1,0,6013,17104864,0,0,0,0,1397467,5954,0,0,0,0,0
3,save at NativeMethodAccessorImpl.java:0,312,263,0,1789806964408,1789806964430,22,False,18,18694454,3,0,6013,17891296,0,0,0,0,3857567,16487,0,0,0,0,0
3,save at NativeMethodAccessorImpl.java:0,314,265,0,1789806964417,1789806964433,16,False,12,12614360,2,0,6013,17367008,0,0,0,0,2474144,10569,0,0,0,0,0
3,save at NativeMethodAccessorImpl.java:0,317,268,0,1789806964426,1789806964437,11,False,7,7085141,2,0,6013,17104864,0,0,0,0,1032471,4410,0,0,0,0,0
3,save at NativeMethodAccessorImpl.java:0,319,270,0,1789806964430,1789806964441,11,False,8,8093445,1,0,6013,17367008,0,0,0,0,2100884,8974,0,0,0,0,0
3,save at NativeMethodAccessorImpl.java:0,321,272,0,1789806964436,1789806964448,12,False,8,8518710,2,0,6013,17367008,0,0,0,0,2081986,8891,0,0,0,0,0
3,save at NativeMethodAccessorImpl.java:0,318,269,0,1789806964430,1789806964449,19,False,15,15677661,2,0,6013,17367008,0,0,0,0,3181112,13584,0,0,0,0,0
3,save at NativeMethodAccessorImpl.java:0,320,271,0,1789806964433,1789806964449,16,False,12,12449238,2,0,6013,17367008,0,0,0,0,2464118,10524,0,0,0,0,0
3,save at NativeMethodAccessorImpl.java:0,322,273,0,1789806964441,1789806964452,11,False,8,8738377,1,0,6013,17367008,0,0,0,0,2445906,10444,0,0,0,0,0
3,save at NativeMethodAccessorImpl.java:0,324,275,0,1789806964449,1789806964460,11,False,8,8547016,1,0,6013,17367008,0,0,0,0,2457153,10497,0,0,0,0,0
3,save at NativeMethodAccessorImpl.java:0,323,274,0,1789806964448,1789806964461,13,False,9,9641314,1,0,6013,17104864,0,0,0,0,1758892,7522,0,0,0,0,0
3,save at NativeMethodAccessorImpl.java:0,325,276,0,1789806964449,1789806964461,12,False,9,9560506,1,0,6013,17367008,0,0,0,0,2787984,11926,0,0,0,0,0
3,save at NativeMethodAccessorImpl.java:0,326,277,0,1789806964452,1789806964464,12,False,9,9551829,1,0,6013,17367008,0,0,0,0,2817775,12063,0,0,0,0,0
3,save at NativeMethodAccessorImpl.java:0,328,279,0,1789806964461,1789806964469,8,False,4,4047269,2,0,6013,16973792,0,0,0,0,700366,2985,0,0,0,0,0
3,save at NativeMethodAccessorImpl.java:0,329,280,0,1789806964461,1789806964472,11,False,8,8313726,1,0,6013,17367008,0,0,0,0,2453604,10480,0,0,0,0,0
3,save at NativeMethodAccessorImpl.java:0,330,281,0,1789806964464,1789806964473,9,False,6,6593428,1,0,6013,17104864,0,0,0,0,1711602,7320,0,0,0,0,0
3,save at NativeMethodAccessorImpl.java:0,327,278,0,1789806964460,1789806964474,14,False,11,11388517,1,0,6013,17367008,0,0,0,0,3444976,14718,0,0,0,0,0
3,save at NativeMethodAccessorImpl.java:0,334,285,0,1789806964474,1789806964481,7,False,4,4746095,1,0,6013,17104864,0,0,0,0,1045340,4463,0,0,0,0,0
3,save at NativeMethodAccessorImpl.java:0,333,284,0,1789806964473,1789806964481,8,False,5,5640472,1,0,6013,17104864,0,0,0,0,1390861,5921,0,0,0,0,0
3,save at NativeMethodAccessorImpl.java:0,331,282,0,1789806964468,1789806964482,14,False,11,11069499,1,0,6013,17367008,0,0,0,0,3513855,15020,0,0,0,0,0
3,save at NativeMethodAccessorImpl.java:0,332,283,0,1789806964472,1789806964484,12,False,10,10197854,1,0,6013,17367008,0,0,0,0,3139387,13407,0,0,0,0,0
3,save at NativeMethodAccessorImpl.java:0,337,288,0,1789806964482,1789806964490,8,False,6,6513004,1,0,6013,17104864,0,0,0,0,1731679,7410,0,0,0,0,0
3,save at NativeMethodAccessorImpl.java:0,335,286,0,1789806964481,1789806964492,11,False,8,8686790,1,0,6013,17367008,0,0,0,0,2450101,10462,0,0,0,0,0
3,save at NativeMethodAccessorImpl.java:0,338,289,0,1789806964484,1789806964493,9,False,6,6122265,1,0,6013,17104864,0,0,0,0,1408845,6002,0,0,0,0,0
3,save at NativeMethodAccessorImpl.java:0,340,291,0,1789806964491,1789806964495,4,False,1,1309184,1,0,6013,65536,0,0,0,0,0,0,0,0,0,0,0
3,save at NativeMethodAccessorImpl.java:0,336,287,0,1789806964481,1789806964495,14,False,12,12081400,1,0,6013,17367008,0,0,0,0,3133413,13384,0,0,0,0,0
3,save at NativeMethodAccessorImpl.java:0,339,290,0,1789806964490,1789806964501,11,False,7,7795368,1,0,6013,17367008,0,0,0,0,2135807,9118,0,0,0,0,0
3,save at NativeMethodAccessorImpl.java:0,341,292,0,1789806964492,1789806964502,10,False,6,6970593,1,0,6013,17104864,0,0,0,0,1771577,7575,0,0,0,0,0
3,save at NativeMethodAccessorImpl.java:0,342,293,0,1789806964495,1789806964503,8,False,5,5613375,1,0,6013,17104864,0,0,0,0,1384551,5897,0,0,0,0,0
3,save at NativeMethodAccessorImpl.java:0,343,294,0,1789806964495,1789806964508,13,False,9,9280173,2,0,6013,17367008,0,0,0,0,2103329,8981,0,0,0,0,0
3,save at NativeMethodAccessorImpl.java:0,344,295,0,1789806964500,1789806964511,11,False,8,8454894,1,0,6013,17367008,0,0,0,0,2457829,10496,0,0,0,0,0
3,save at NativeMethodAccessorImpl.java:0,345,296,0,1789806964502,1789806964513,11,False,7,7815604,2,0,6013,17367008,0,0,0,0,2080958,8888,0,0,0,0,0
3,save at NativeMethodAccessorImpl.java:0,347,298,0,1789806964508,1789806964514,6,False,3,3710521,1,0,6013,16973792,0,0,0,0,705682,3009,0,0,0,0,0
3,save at NativeMethodAccessorImpl.java:0,346,297,0,1789806964503,1789806964515,12,False,9,9535743,1,0,6013,17367008,0,0,0,0,2782996,11908,0,0,0,0,0
3,save at NativeMethodAccessorImpl.java:0,348,299,0,1789806964511,1789806964520,9,False,5,5918713,1,0,6013,17104864,0,0,0,0,1419206,6046,0,0,0,0,0
3,save at NativeMethodAccessorImpl.java:0,351,302,0,1789806964514,1789806964523,9,False,6,6710420,1,0,6013,17104864,0,0,0,0,1737828,7433,0,0,0,0,0
3,save at NativeMethodAccessorImpl.java:0,350,301,0,1789806964514,1789806964524,10,False,7,7801412,1,0,6013,17104864,0,0,0,0,1718595,7347,0,0,0,0,0
3,save at NativeMethodAccessorImpl.java:0,349,300,0,1789806964512,1789806964527,15,False,11,11869948,1,0,6013,17367008,0,0,0,0,3507244,14989,0,0,0,0,0
3,save at NativeMethodAccessorImpl.java:0,352,303,0,1789806964519,1789806964528,9,False,6,6405024,1,0,6013,17104864,0,0,0,0,1726266,7384,0,0,0,0,0
3,save at NativeMethodAccessorImpl.java:0,353,304,0,1789806964523,1789806964531,8,False,5,5179439,1,0,6013,17104864,0,0,0,0,1055700,4509,0,0,0,0,0
3,save at NativeMethodAccessorImpl.java:0,354,305,0,1789806964524,1789806964531,7,False,4,4713687,1,0,6013,17104864,0,0,0,0,1069049,4564,0,0,0,0,0
3,save at NativeMethodAccessorImpl.java:0,355,306,0,1789806964527,1789806964535,8,False,6,6464938,1,0,6013,17104864,0,0,0,0,1721923,7366,0,0,0,0,0
3,save at NativeMethodAccessorImpl.java:0,356,307,0,1789806964528,1789806964537,9,False,6,6816384,1,0,6013,17104864,0,0,0,0,1762071,7536,0,0,0,0,0
3,save at NativeMethodAccessorImpl.java:0,358,309,0,1789806964531,1789806964539,8,False,5,5315666,1,0,6013,17104864,0,0,0,0,1064256,4544,0,0,0,0,0
3,save at NativeMethodAccessorImpl.java:0,357,308,0,1789806964531,1789806964540,9,False,6,6958880,1,0,6013,17104864,0,0,0,0,1732846,7413,0,0,0,0,0
3,save at NativeMethodAccessorImpl.java:0,360,311,0,1789806964537,1789806964543,6,False,2,2862420,1,0,6013,16908256,0,0,0,0,376288,1578,0,0,0,0,0
3,save at NativeMethodAccessorImpl.java:0,361,312,0,1789806964538,1789806964545,7,False,3,3768896,1,0,6013,16973792,0,0,0,0,710575,3028,0,0,0,0,0
3,save at NativeMethodAccessorImpl.java:0,359,310,0,1789806964535,1789806964545,10,False,7,7727458,1,0,6013,17367008,0,0,0,0,2053293,8771,0,0,0,0,0
3,save at NativeMethodAccessorImpl.java:0,363,314,0,1789806964542,1789806964550,8,False,4,4888940,1,0,6013,17104864,0,0,0,0,1047854,4473,0,0,0,0,0
3,save at NativeMethodAccessorImpl.java:0,365,316,0,1789806964545,1789806964551,6,False,3,3682131,1,0,6013,16973792,0,0,0,0,708375,3022,0,0,0,0,0
3,save at NativeMethodAccessorImpl.java:0,362,313,0,1789806964540,1789806964553,13,False,10,10437456,1,0,6013,17367008,0,0,0,0,3196138,13651,0,0,0,0,0
3,save at NativeMethodAccessorImpl.java:0,364,315,0,1789806964544,1789806964553,9,False,6,6435583,1,0,6013,17104864,0,0,0,0,1741906,7451,0,0,0,0,0
3,save at NativeMethodAccessorImpl.java:0,367,318,0,1789806964551,1789806964559,8,False,5,5719922,1,0,6013,17104864,0,0,0,0,1401981,5972,0,0,0,0,0
3,save at NativeMethodAccessorImpl.java:0,366,317,0,1789806964550,1789806964560,10,False,8,8183985,1,0,6013,17367008,0,0,0,0,2450169,10466,0,0,0,0,0
3,save at NativeMethodAccessorImpl.java:0,368,319,0,1789806964553,1789806964561,8,False,5,5704389,1,0,6013,17104864,0,0,0,0,1422921,6063,0,0,0,0,0
3,save at NativeMethodAccessorImpl.java:0,369,320,0,1789806964553,1789806964561,8,False,6,6015228,1,0,6013,17104864,0,0,0,0,1436335,6122,0,0,0,0,0
3,save at NativeMethodAccessorImpl.java:0,372,323,0,1789806964561,1789806964568,7,False,4,4898860,1,0,6013,17104864,0,0,0,0,1080260,4608,0,0,0,0,0
3,save at NativeMethodAccessorImpl.java:0,370,321,0,1789806964559,1789806964568,9,False,6,6554558,1,0,6013,17104864,0,0,0,0,1738063,7434,0,0,0,0,0
3,save at NativeMethodAccessorImpl.java:0,373,324,0,1789806964561,1789806964568,7,False,4,4600749,1,0,6013,17104864,0,0,0,0,1024999,4379,0,0,0,0,0
3,save at NativeMethodAccessorImpl.java:0,371,322,0,1789806964560,1789806964570,10,False,7,7558796,1,0,6013,17367008,0,0,0,0,2114203,9031,0,0,0,0,0
3,save at NativeMethodAccessorImpl.java:0,374,325,0,1789806964568,1789806964576,8,False,5,5875296,1,0,6013,17104864,0,0,0,0,1406264,5991,0,0,0,0,0
3,save at NativeMethodAccessorImpl.java:0,376,327,0,1789806964568,1789806964578,10,False,7,7644175,1,0,6013,17367008,0,0,0,0,2102219,8976,0,0,0,0,0
3,save at NativeMethodAccessorImpl.java:0,375,326,0,1789806964568,1789806964580,12,False,9,9645197,1,0,6013,17367008,0,0,0,0,2801785,11982,0,0,0,0,0
3,save at NativeMethodAccessorImpl.java:0,377,328,0,1789806964570,1789806964581,11,False,8,8501596,1,0,6013,17367008,0,0,0,0,2475769,10575,0,0,0,0,0
3,save at NativeMethodAccessorImpl.java:0,378,329,0,1789806964576,1789806964598,22,False,12,9418732,1,6,6099,17367008,0,0,0,0,2781140,11896,0,0,0,0,0
3,save at NativeMethodAccessorImpl.java:0,380,331,0,1789806964580,1789806964599,19,False,12,6518708,1,6,6056,17104864,0,0,0,0,1395885,5946,0,0,0,0,0
3,save at NativeMethodAccessorImpl.java:0,381,332,0,1789806964581,1789806964600,19,False,11,5551794,1,6,6056,17104864,0,0,0,0,1059176,4524,0,0,0,0,0
3,save at NativeMethodAccessorImpl.java:0,379,330,0,1789806964578,1789806964600,22,False,16,10416799,1,6,6056,17367008,0,0,0,0,2468549,10546,0,0,0,0,0
3,save at NativeMethodAccessorImpl.java:0,385,336,0,1789806964599,1789806964612,13,False,9,9618538,2,0,6013,17104864,0,0,0,0,1761261,7534,0,0,0,0,0
3,save at NativeMethodAccessorImpl.java:0,384,335,0,1789806964599,1789806964615,16,False,10,10788655,2,0,6013,17104864,0,0,0,0,1406807,5993,0,0,0,0,0
3,save at NativeMethodAccessorImpl.java:0,382,333,0,1789806964597,1789806964616,19,False,11,11370303,3,0,6013,17104864,0,0,0,0,1742139,7450,0,0,0,0,0
3,save at NativeMethodAccessorImpl.java:0,383,334,0,1789806964598,1789806964616,18,False,12,12836020,2,0,6013,17367008,0,0,0,0,2079495,8880,0,0,0,0,0
3,save at NativeMethodAccessorImpl.java:0,386,337,0,1789806964612,1789806964626,14,False,8,5149909,2,4,6056,16908256,0,0,0,0,354952,1485,0,0,0,0,0
3,save at NativeMethodAccessorImpl.java:0,387,338,0,1789806964615,1789806964628,13,False,10,6648177,2,4,6056,16973792,0,0,0,0,688477,2931,0,0,0,0,0
3,save at NativeMethodAccessorImpl.java:0,389,340,0,1789806964616,1789806964629,13,False,10,7248396,1,4,6056,17104864,0,0,0,0,1414733,6029,0,0,0,0,0
3,save at NativeMethodAccessorImpl.java:0,388,339,0,1789806964615,1789806964632,17,False,13,8559088,2,4,6056,17104864,0,0,0,0,1399520,5962,0,0,0,0,0
3,save at NativeMethodAccessorImpl.java:0,392,343,0,1789806964629,1789806964636,7,False,4,4021356,1,0,6013,16973792,0,0,0,0,711997,3037,0,0,0,0,0
3,save at NativeMethodAccessorImpl.java:0,391,342,0,1789806964628,1789806964637,9,False,5,4981467,2,0,6013,16973792,0,0,0,0,700980,2987,0,0,0,0,0
3,save at NativeMethodAccessorImpl.java:0,390,341,0,1789806964625,1789806964640,15,False,9,9364833,3,0,6013,17104864,0,0,0,0,1723431,7374,0,0,0,0,0
3,save at NativeMethodAccessorImpl.java:0,394,345,0,1789806964636,1789806964641,5,False,2,2804990,1,0,6013,16908256,0,0,0,0,363468,1521,0,0,0,0,0
3,save at NativeMethodAccessorImpl.java:0,393,344,0,1789806964632,1789806964645,13,False,9,9262002,3,0,6013,17104864,0,0,0,0,1726901,7390,0,0,0,0,0
3,save at NativeMethodAccessorImpl.java:0,395,346,0,1789806964637,1789806964647,10,False,8,8403185,1,0,6013,17367008,0,0,0,0,2461532,10507,0,0,0,0,0
3,save at NativeMethodAccessorImpl.java:0,397,348,0,1789806964641,1789806964650,9,False,6,6605664,1,0,6013,17104864,0,0,0,0,1711699,7320,0,0,0,0,0
3,save at NativeMethodAccessorImpl.java:0,396,347,0,1789806964640,1789806964651,11,False,8,8318247,2,0,6013,17104864,0,0,0,0,1433111,6105,0,0,0,0,0
3,save at NativeMethodAccessorImpl.java:0,398,349,0,1789806964645,1789806964655,10,False,6,6837478,2,0,6013,17104864,0,0,0,0,1012099,4325,0,0,0,0,0
3,save at NativeMethodAccessorImpl.java:0,400,351,0,1789806964650,1789806964657,7,False,5,5640039,1,0,6013,17104864,0,0,0,0,1396810,5947,0,0,0,0,0
3,save at NativeMethodAccessorImpl.java:0,399,350,0,1789806964647,1789806964659,12,False,9,9337550,1,0,6013,17367008,0,0,0,0,2819907,12067,0,0,0,0,0
3,save at NativeMethodAccessorImpl.java:0,401,352,0,1789806964651,1789806964663,12,False,8,8535359,2,0,6013,17104864,0,0,0,0,1463371,6240,0,0,0,0,0
3,save at NativeMethodAccessorImpl.java:0,403,354,0,1789806964657,1789806964665,8,False,5,5706681,1,0,6013,17104864,0,0,0,0,1410727,6008,0,0,0,0,0
3,save at NativeMethodAccessorImpl.java:0,402,353,0,1789806964655,1789806964668,13,False,9,9568116,2,0,6013,17104864,0,0,0,0,1764710,7552,0,0,0,0,0
3,save at NativeMethodAccessorImpl.java:0,404,355,0,1789806964659,1789806964670,11,False,9,9131172,1,0,6013,17367008,0,0,0,0,2819130,12063,0,0,0,0,0
3,save at NativeMethodAccessorImpl.java:0,406,357,0,1789806964665,1789806964674,9,False,6,6526313,1,0,6013,17104864,0,0,0,0,1733756,7419,0,0,0,0,0
3,save at NativeMethodAccessorImpl.java:0,405,356,0,1789806964663,1789806964674,11,False,7,7953762,2,0,6013,17104864,0,0,0,0,1405373,5983,0,0,0,0,0
3,save at NativeMethodAccessorImpl.java:0,408,359,0,1789806964670,1789806964678,8,False,6,6425699,1,0,6013,17104864,0,0,0,0,1729439,7396,0,0,0,0,0
3,save at NativeMethodAccessorImpl.java:0,409,360,0,1789806964674,1789806964681,7,False,4,4928723,1,0,6013,17104864,0,0,0,0,1061812,4534,0,0,0,0,0
3,save at NativeMethodAccessorImpl.java:0,407,358,0,1789806964668,1789806964682,14,False,10,10030568,2,0,6013,17367008,0,0,0,0,2517840,10762,0,0,0,0,0
3,save at NativeMethodAccessorImpl.java:0,410,361,0,1789806964674,1789806964682,8,False,5,5600936,2,0,6013,17104864,0,0,0,0,1415802,6033,0,0,0,0,0
3,save at NativeMethodAccessorImpl.java:0,411,362,0,1789806964678,1789806964687,9,False,6,6602945,1,0,6013,17104864,0,0,0,0,1746127,7472,0,0,0,0,0
3,save at NativeMethodAccessorImpl.java:0,414,365,0,1789806964682,1789806964689,7,False,4,4670863,1,0,6013,17104864,0,0,0,0,1061247,4532,0,0,0,0,0
3,save at NativeMethodAccessorImpl.java:0,413,364,0,1789806964681,1789806964689,8,False,5,5565067,1,0,6013,17104864,0,0,0,0,1384596,5897,0,0,0,0,0
3,save at NativeMethodAccessorImpl.java:0,415,366,0,1789806964687,1789806964693,6,False,3,3711716,1,0,6013,16973792,0,0,0,0,671968,2860,0,0,0,0,0
3,save at NativeMethodAccessorImpl.java:0,412,363,0,1789806964681,1789806964695,14,False,11,11355999,1,0,6013,17367008,0,0,0,0,3537585,15120,0,0,0,0,0
3,save at NativeMethodAccessorImpl.java:0,416,367,0,1789806964689,1789806964700,11,False,8,8368670,1,0,6013,17367008,0,0,0,0,2434291,10397,0,0,0,0,0
3,save at NativeMethodAccessorImpl.java:0,418,369,0,1789806964693,1789806964700,7,False,4,4824966,1,0,6013,17104864,0,0,0,0,1042632,4456,0,0,0,0,0
3,save at NativeMethodAccessorImpl.java:0,417,368,0,1789806964689,1789806964704,15,False,12,12579183,1,0,6013,17367008,0,0,0,0,3484958,14890,0,0,0,0,0
3,save at NativeMethodAccessorImpl.java:0,419,370,0,1789806964695,1789806964705,10,False,7,7536570,1,0,6013,17367008,0,0,0,0,2080145,8887,0,0,0,0,0
3,save at NativeMethodAccessorImpl.java:0,420,371,0,1789806964700,1789806964705,5,False,2,2666012,1,0,6013,16908256,0,0,0,0,350702,1467,0,0,0,0,0
3,save at NativeMethodAccessorImpl.java:0,421,372,0,1789806964700,1789806964709,9,False,5,5359812,2,0,6013,16973792,0,0,0,0,701425,2989,0,0,0,0,0
3,save at NativeMethodAccessorImpl.java:0,423,374,0,1789806964705,1789806964712,7,False,5,5578767,1,0,6013,17104864,0,0,0,0,1403963,5981,0,0,0,0,0
3,save at NativeMethodAccessorImpl.java:0,424,375,0,1789806964705,1789806964715,10,False,7,7397706,1,0,6013,17367008,0,0,0,0,2083866,8903,0,0,0,0,0
3,save at NativeMethodAccessorImpl.java:0,422,373,0,1789806964704,1789806964716,12,False,8,8358996,2,0,6013,17104864,0,0,0,0,1419672,6045,0,0,0,0,0
3,save at NativeMethodAccessorImpl.java:0,426,377,0,1789806964712,1789806964719,7,False,4,4713957,1,0,6013,17104864,0,0,0,0,1035531,4421,0,0,0,0,0
3,save at NativeMethodAccessorImpl.java:0,425,376,0,1789806964708,1789806964722,14,False,9,9652563,2,0,6013,17104864,0,0,0,0,1786984,7646,0,0,0,0,0
3,save at NativeMethodAccessorImpl.java:0,427,378,0,1789806964714,1789806964722,8,False,5,5588203,1,0,6013,17104864,0,0,0,0,1387927,5914,0,0,0,0,0
3,save at NativeMethodAccessorImpl.java:0,429,380,0,1789806964719,1789806964726,7,False,4,4758864,1,0,6013,17104864,0,0,0,0,1075064,4589,0,0,0,0,0
3,save at NativeMethodAccessorImpl.java:0,431,382,0,1789806964722,1789806964729,7,False,4,4572429,1,0,6013,17104864,0,0,0,0,1057125,4515,0,0,0,0,0
3,save at NativeMethodAccessorImpl.java:0,428,379,0,1789806964716,1789806964730,14,False,11,11199604,2,0,6013,17367008,0,0,0,0,2092864,8939,0,0,0,0,0
3,save at NativeMethodAccessorImpl.java:0,430,381,0,1789806964722,1789806964733,11,False,8,8200907,2,0,6013,17104864,0,0,0,0,1399005,5956,0,0,0,0,0
3,save at NativeMethodAccessorImpl.java:0,432,383,0,1789806964726,1789806964734,8,False,5,5020863,1,0,6013,17104864,0,0,0,0,1065390,4548,0,0,0,0,0
3,save at NativeMethodAccessorImpl.java:0,433,384,0,1789806964729,1789806964739,10,False,7,7455801,1,0,6013,17367008,0,0,0,0,2095981,8947,0,0,0,0,0
3,save at NativeMethodAccessorImpl.java:0,436,387,0,1789806964734,1789806964741,7,False,4,4766927,1,0,6013,17104864,0,0,0,0,1047129,4470,0,0,0,0,0
3,save at NativeMethodAccessorImpl.java:0,434,385,0,1789806964730,1789806964744,14,False,9,9767886,2,0,6013,17104864,0,0,0,0,1724680,7378,0,0,0,0,0
3,save at NativeMethodAccessorImpl.java:0,437,388,0,1789806964739,1789806964746,7,False,5,5509564,1,0,6013,17104864,0,0,0,0,1417335,6039,0,0,0,0,0
3,save at NativeMethodAccessorImpl.java:0,435,386,0,1789806964733,1789806964747,14,False,10,10851814,2,0,6013,17367008,0,0,0,0,2100711,8972,0,0,0,0,0
3,save at NativeMethodAccessorImpl.java:0,438,389,0,1789806964740,1789806964750,10,False,7,7500022,1,0,6013,17367008,0,0,0,0,2074296,8863,0,0,0,0,0
3,save at NativeMethodAccessorImpl.java:0,440,391,0,1789806964746,1789806964753,7,False,4,4569150,1,0,6013,17104864,0,0,0,0,1044042,4458,0,0,0,0,0
3,save at NativeMethodAccessorImpl.java:0,439,390,0,1789806964743,1789806964755,12,False,8,8414512,2,0,6013,17104864,0,0,0,0,1713297,7329,0,0,0,0,0
3,save at NativeMethodAccessorImpl.java:0,443,394,0,1789806964753,1789806964759,6,False,3,3618946,1,0,6013,16973792,0,0,0,0,697203,2972,0,0,0,0,0
3,save at NativeMethodAccessorImpl.java:0,441,392,0,1789806964747,1789806964761,14,False,10,10372320,2,0,6013,17367008,0,0,0,0,2864378,12250,0,0,0,0,0
3,save at NativeMethodAccessorImpl.java:0,442,393,0,1789806964750,1789806964762,12,False,9,9342530,1,0,6013,17367008,0,0,0,0,2775591,11874,0,0,0,0,0
3,save at NativeMethodAccessorImpl.java:0,444,395,0,1789806964755,1789806964764,9,False,6,6278793,1,0,6013,17104864,0,0,0,0,1738902,7438,0,0,0,0,0
3,save at NativeMethodAccessorImpl.java:0,446,397,0,1789806964761,1789806964766,5,False,2,2784347,1,0,6013,16908256,0,0,0,0,362599,1518,0,0,0,0,0
3,save at NativeMethodAccessorImpl.java:0,445,396,0,1789806964759,1789806964769,10,False,7,7608620,1,0,6013,17367008,0,0,0,0,2088140,8922,0,0,0,0,0
3,save at NativeMethodAccessorImpl.java:0,447,398,0,1789806964762,1789806964769,7,False,4,4502109,2,0,6013,17104864,0,0,0,0,1007285,4307,0,0,0,0,0
3,save at NativeMethodAccessorImpl.java:0,449,400,0,1789806964766,1789806964776,10,False,7,7587464,1,0,6013,17367008,0,0,0,0,2106948,8997,0,0,0,0,0
3,save at NativeMethodAccessorImpl.java:0,448,399,0,1789806964763,1789806964776,13,False,10,10085322,1,0,6013,17367008,0,0,0,0,3181692,13586,0,0,0,0,0
3,save at NativeMethodAccessorImpl.java:0,451,402,0,1789806964769,1789806964777,8,False,5,5475860,1,0,6013,17104864,0,0,0,0,1371295,5839,0,0,0,0,0
3,save at NativeMethodAccessorImpl.java:0,450,401,0,1789806964768,1789806964778,10,False,7,7639496,1,0,6013,17367008,0,0,0,0,2121727,9061,0,0,0,0,0
3,save at NativeMethodAccessorImpl.java:0,455,406,0,1789806964778,1789806964786,8,False,5,5689884,1,0,6013,17104864,0,0,0,0,1379767,5876,0,0,0,0,0
3,save at NativeMethodAccessorImpl.java:0,452,403,0,1789806964775,1789806964788,13,False,9,9450776,2,0,6013,17367008,0,0,0,0,2469337,10544,0,0,0,0,0
3,save at NativeMethodAccessorImpl.java:0,454,405,0,1789806964777,1789806964788,11,False,8,8056737,2,0,6013,17104864,0,0,0,0,1382393,5887,0,0,0,0,0
3,save at NativeMethodAccessorImpl.java:0,453,404,0,1789806964776,1789806964790,14,False,10,10845828,2,0,6013,17367008,0,0,0,0,2082142,8894,0,0,0,0,0
3,save at NativeMethodAccessorImpl.java:0,456,407,0,1789806964786,1789806964794,8,False,5,5750011,1,0,6013,17104864,0,0,0,0,1391495,5930,0,0,0,0,0
3,save at NativeMethodAccessorImpl.java:0,457,408,0,1789806964788,1789806964801,13,False,11,7736310,1,3,6056,17367008,0,0,0,0,2100627,8971,0,0,0,0,0
3,save at NativeMethodAccessorImpl.java:0,458,409,0,1789806964788,1789806964802,14,False,10,6841714,2,3,6056,17104864,0,0,0,0,1053870,4501,0,0,0,0,0
3,save at NativeMethodAccessorImpl.java:0,460,411,0,1789806964794,1789806964803,9,False,2,2983442,5,3,6056,16908256,0,0,0,0,370191,1551,0,0,0,0,0
3,save at NativeMethodAccessorImpl.java:0,459,410,0,1789806964790,1789806964803,13,False,9,6030564,2,3,6056,17104864,0,0,0,0,1064548,4545,0,0,0,0,0
3,save at NativeMethodAccessorImpl.java:0,461,412,0,1789806964801,1789806964806,5,False,2,2897846,1,0,6013,16908256,0,0,0,0,350706,1466,0,0,0,0,0
3,save at NativeMethodAccessorImpl.java:0,462,413,0,1789806964801,1789806964809,8,False,4,4715565,1,0,6013,17104864,0,0,0,0,1024643,4375,0,0,0,0,0
3,save at NativeMethodAccessorImpl.java:0,464,415,0,1789806964803,1789806964813,10,False,7,7569560,1,0,6013,17367008,0,0,0,0,2083434,8901,0,0,0,0,0
3,save at NativeMethodAccessorImpl.java:0,465,416,0,1789806964806,1789806964814,8,False,5,5533722,1,0,6013,17104864,0,0,0,0,1394231,5941,0,0,0,0,0
3,save at NativeMethodAccessorImpl.java:0,463,414,0,1789806964803,1789806964816,13,False,10,10554507,1,0,6013,17367008,0,0,0,0,2429864,10376,0,0,0,0,0
3,save at NativeMethodAccessorImpl.java:0,466,417,0,1789806964808,1789806964817,9,False,6,6358057,1,0,6013,17104864,0,0,0,0,1747092,7475,0,0,0,0,0
3,save at NativeMethodAccessorImpl.java:0,467,418,0,1789806964813,1789806964822,9,False,6,6731299,1,0,6013,17104864,0,0,0,0,1766987,7560,0,0,0,0,0
3,save at NativeMethodAccessorImpl.java:0,469,420,0,1789806964815,1789806964823,8,False,5,5677590,1,0,6013,17104864,0,0,0,0,1428518,6089,0,0,0,0,0
3,save at NativeMethodAccessorImpl.java:0,468,419,0,1789806964814,1789806964826,12,False,9,9336183,1,0,6013,17367008,0,0,0,0,2790716,11941,0,0,0,0,0
3,save at NativeMethodAccessorImpl.java:0,470,421,0,1789806964817,1789806964828,11,False,8,8340183,1,0,6013,17367008,0,0,0,0,2412594,10298,0,0,0,0,0
3,save at NativeMethodAccessorImpl.java:0,471,422,0,1789806964822,1789806964831,9,False,6,6569068,1,0,6013,17104864,0,0,0,0,1745890,7472,0,0,0,0,0
3,save at NativeMethodAccessorImpl.java:0,472,423,0,1789806964823,1789806964833,10,False,7,7447874,1,0,6013,17367008,0,0,0,0,2075332,8863,0,0,0,0,0
3,save at NativeMethodAccessorImpl.java:0,473,424,0,1789806964826,1789806964836,10,False,7,7712930,1,0,6013,17367008,0,0,0,0,2124538,9073,0,0,0,0,0
3,save at NativeMethodAccessorImpl.java:0,474,425,0,1789806964828,1789806964836,8,False,5,5738376,1,0,6013,17104864,0,0,0,0,1414489,6026,0,0,0,0,0
3,save at NativeMethodAccessorImpl.java:0,476,427,0,1789806964833,1789806964839,6,False,3,3910683,1,0,6013,16973792,0,0,0,0,713234,3041,0,0,0,0,0
3,save at NativeMethodAccessorImpl.java:0,475,426,0,1789806964831,1789806964841,10,False,8,8416055,1,0,6013,17367008,0,0,0,0,2435056,10402,0,0,0,0,0
3,save at NativeMethodAccessorImpl.java:0,477,428,0,1789806964835,1789806964844,9,False,6,6435461,1,0,6013,17104864,0,0,0,0,1692606,7239,0,0,0,0,0
3,save at NativeMethodAccessorImpl.java:0,478,429,0,1789806964836,1789806964847,11,False,8,8496250,1,0,6013,17367008,0,0,0,0,2467670,10542,0,0,0,0,0
3,save at NativeMethodAccessorImpl.java:0,479,430,0,1789806964839,1789806964847,8,False,5,5916793,1,0,6013,17104864,0,0,0,0,1437229,6128,0,0,0,0,0
3,save at NativeMethodAccessorImpl.java:0,481,432,0,1789806964844,1789806964854,10,False,7,7511463,1,0,6013,17367008,0,0,0,0,2067200,8833,0,0,0,0,0
3,save at NativeMethodAccessorImpl.java:0,482,433,0,1789806964846,1789806964855,9,False,5,5765593,1,0,6013,17104864,0,0,0,0,1413627,6023,0,0,0,0,0
3,save at NativeMethodAccessorImpl.java:0,480,431,0,1789806964841,1789806964855,14,False,11,11275394,1,0,6013,17367008,0,0,0,0,2812295,12032,0,0,0,0,0
3,save at NativeMethodAccessorImpl.java:0,483,434,0,1789806964847,1789806964857,10,False,7,7865529,1,0,6013,17367008,0,0,0,0,2108826,9006,0,0,0,0,0
3,save at NativeMethodAccessorImpl.java:0,485,436,0,1789806964854,1789806964860,6,False,3,3761257,1,0,6013,16973792,0,0,0,0,680695,2896,0,0,0,0,0
3,save at NativeMethodAccessorImpl.java:0,486,437,0,1789806964855,1789806964863,8,False,6,6551659,1,0,6013,17104864,0,0,0,0,1740010,7444,0,0,0,0,0
3,save at NativeMethodAccessorImpl.java:0,484,435,0,1789806964854,1789806964864,10,False,7,7644368,1,0,6013,17367008,0,0,0,0,2047645,8750,0,0,0,0,0
3,save at NativeMethodAccessorImpl.java:0,488,439,0,1789806964860,1789806964866,6,False,3,3643769,1,0,6013,16973792,0,0,0,0,707634,3017,0,0,0,0,0
3,save at NativeMethodAccessorImpl.java:0,487,438,0,1789806964857,1789806964868,11,False,8,8492302,1,0,6013,17367008,0,0,0,0,2473535,10565,0,0,0,0,0
3,save at NativeMethodAccessorImpl.java:0,490,441,0,1789806964864,1789806964870,6,False,3,3682863,1,0,6013,16973792,0,0,0,0,702250,2993,0,0,0,0,0
3,save at NativeMethodAccessorImpl.java:0,489,440,0,1789806964863,1789806964873,10,False,6,6543714,2,0,6013,17104864,0,0,0,0,1727060,7387,0,0,0,0,0
3,save at NativeMethodAccessorImpl.java:0,492,443,0,1789806964868,1789806964875,7,False,5,5390806,1,0,6013,17104864,0,0,0,0,1402136,5977,0,0,0,0,0
3,save at NativeMethodAccessorImpl.java:0,491,442,0,1789806964866,1789806964879,13,False,10,10844031,1,0,6013,17367008,0,0,0,0,3468425,14821,0,0,0,0,0
3,save at NativeMethodAccessorImpl.java:0,495,446,0,1789806964875,1789806964883,8,False,5,5860661,1,0,6013,17104864,0,0,0,0,1425420,6073,0,0,0,0,0
3,save at NativeMethodAccessorImpl.java:0,493,444,0,1789806964870,1789806964884,14,False,12,12056614,1,0,6013,17891296,0,0,0,0,3879684,16575,0,0,0,0,0
3,save at NativeMethodAccessorImpl.java:0,494,445,0,1789806964873,1789806964885,12,False,9,9179380,1,0,6013,17367008,0,0,0,0,2790311,11939,0,0,0,0,0
3,save at NativeMethodAccessorImpl.java:0,496,447,0,1789806964879,1789806964888,9,False,6,6586473,1,0,6013,17104864,0,0,0,0,1755813,7514,0,0,0,0,0
3,save at NativeMethodAccessorImpl.java:0,498,449,0,1789806964884,1789806964890,6,False,3,3572094,1,0,6013,16973792,0,0,0,0,675538,2876,0,0,0,0,0
3,save at NativeMethodAccessorImpl.java:0,499,450,0,1789806964884,1789806964892,8,False,4,4929238,1,0,6013,17104864,0,0,0,0,1071735,4572,0,0,0,0,0
3,save at NativeMethodAccessorImpl.java:0,497,448,0,1789806964883,1789806964894,11,False,7,7084154,2,0,6013,17104864,0,0,0,0,1402090,5971,0,0,0,0,0
3,save at NativeMethodAccessorImpl.java:0,500,451,0,1789806964888,1789806964899,11,False,8,8254803,1,0,6013,17367008,0,0,0,0,2407522,10278,0,0,0,0,0
3,save at NativeMethodAccessorImpl.java:0,501,452,0,1789806964890,1789806964900,10,False,7,7688789,1,0,6013,17367008,0,0,0,0,2166136,9247,0,0,0,0,0
3,save at NativeMethodAccessorImpl.java:0,502,453,0,1789806964891,1789806964902,11,False,8,8573028,1,0,6013,17367008,0,0,0,0,2490596,10632,0,0,0,0,0
3,save at NativeMethodAccessorImpl.java:0,503,454,0,1789806964894,1789806964903,9,False,6,6742597,1,0,6013,17104864,0,0,0,0,1753082,7500,0,0,0,0,0
3,save at NativeMethodAccessorImpl.java:0,505,456,0,1789806964900,1789806964909,9,False,5,5421926,2,0,6013,16973792,0,0,0,0,706308,3014,0,0,0,0,0
3,save at NativeMethodAccessorImpl.java:0,506,457,0,1789806964902,1789806964909,7,False,4,4609652,1,0,6013,17104864,0,0,0,0,1058717,4521,0,0,0,0,0
3,save at NativeMethodAccessorImpl.java:0,507,458,0,1789806964903,1789806964910,7,False,5,5659419,1,0,6013,17104864,0,0,0,0,1425162,6072,0,0,0,0,0
3,save at NativeMethodAccessorImpl.java:0,504,455,0,1789806964898,1789806964915,17,False,14,14289347,1,0,6013,17891296,0,0,0,0,3840020,16418,0,0,0,0,0
3,save at NativeMethodAccessorImpl.java:0,509,460,0,1789806964909,1789806964917,8,False,5,5567427,1,0,6013,17104864,0,0,0,0,1388099,5913,0,0,0,0,0
3,save at NativeMethodAccessorImpl.java:0,510,461,0,1789806964910,1789806964920,10,False,7,7601931,1,0,6013,17367008,0,0,0,0,2076534,8869,0,0,0,0,0
3,save at NativeMethodAccessorImpl.java:0,508,459,0,1789806964909,1789806964923,14,False,11,11551244,1,0,6013,17367008,0,0,0,0,2787389,11927,0,0,0,0,0
3,save at NativeMethodAccessorImpl.java:0,511,462,0,1789806964915,1789806964927,12,False,6,6226135,3,0,6013,17104864,0,0,0,0,1064779,4544,0,0,0,0,0
3,save at NativeMethodAccessorImpl.java:0,512,463,0,1789806964917,1789806964927,10,False,6,6615496,1,0,6013,17104864,0,0,0,0,1746791,7475,0,0,0,0,0
3,save at NativeMethodAccessorImpl.java:0,513,464,0,1789806964920,1789806964929,9,False,6,6374527,1,0,6013,17104864,0,0,0,0,1396531,5949,0,0,0,0,0
3,save at NativeMethodAccessorImpl.java:0,515,466,0,1789806964926,1789806964936,10,False,6,6729460,1,0,6013,17104864,0,0,0,0,1731474,7397,0,0,0,0,0
3,save at NativeMethodAccessorImpl.java:0,514,465,0,1789806964923,1789806964936,13,False,10,10552394,1,0,6013,17367008,0,0,0,0,3128838,13369,0,0,0,0,0
3,save at NativeMethodAccessorImpl.java:0,516,467,0,1789806964927,1789806964938,11,False,8,8370856,2,0,6013,17104864,0,0,0,0,1390270,5922,0,0,0,0,0
3,save at NativeMethodAccessorImpl.java:0,517,468,0,1789806964929,1789806964945,16,False,12,12129030,2,0,6013,17367008,0,0,0,0,2416435,10316,0,0,0,0,0
3,save at NativeMethodAccessorImpl.java:0,518,469,0,1789806964936,1789806964946,10,False,7,7657342,1,0,6013,17367008,0,0,0,0,2131861,9104,0,0,0,0,0
3,save at NativeMethodAccessorImpl.java:0,520,471,0,1789806964938,1789806964949,11,False,6,6724603,2,0,6013,17104864,0,0,0,0,1033795,4417,0,0,0,0,0
3,save at NativeMethodAccessorImpl.java:0,519,470,0,1789806964936,1789806964952,16,False,13,13353023,1,0,6013,17891296,0,0,0,0,4228429,18065,0,0,0,0,0
3,save at NativeMethodAccessorImpl.java:0,521,472,0,1789806964945,1789806964953,8,False,5,5338303,2,0,6013,16973792,0,0,0,0,711964,3035,0,0,0,0,0
3,save at NativeMethodAccessorImpl.java:0,522,473,0,1789806964946,1789806964955,9,False,7,7438598,1,0,6013,17367008,0,0,0,0,2072714,8851,0,0,0,0,0
3,save at NativeMethodAccessorImpl.java:0,523,474,0,1789806964949,1789806964959,10,False,6,6574383,2,0,6013,17104864,0,0,0,0,1045117,4464,0,0,0,0,0
3,save at NativeMethodAccessorImpl.java:0,524,475,0,1789806964951,1789806964959,8,False,5,5534864,1,0,6013,17104864,0,0,0,0,1402751,5974,0,0,0,0,0
3,save at NativeMethodAccessorImpl.java:0,526,477,0,1789806964955,1789806964962,7,False,4,4665302,1,0,6013,17104864,0,0,0,0,1032184,4409,0,0,0,0,0
3,save at NativeMethodAccessorImpl.java:0,525,476,0,1789806964953,1789806964963,10,False,6,6735299,2,0,6013,17104864,0,0,0,0,1059318,4521,0,0,0,0,0
3,save at NativeMethodAccessorImpl.java:0,528,479,0,1789806964959,1789806964968,9,False,6,6506756,1,0,6013,17104864,0,0,0,0,1722318,7369,0,0,0,0,0
3,save at NativeMethodAccessorImpl.java:0,527,478,0,1789806964959,1789806964970,11,False,8,8072697,2,0,6013,17104864,0,0,0,0,1385990,5902,0,0,0,0,0
3,save at NativeMethodAccessorImpl.java:0,530,481,0,1789806964963,1789806964974,11,False,6,6851131,2,0,6013,17104864,0,0,0,0,1064630,4542,0,0,0,0,0
3,save at NativeMethodAccessorImpl.java:0,531,482,0,1789806964968,1789806964975,7,False,4,4782452,1,0,6013,17104864,0,0,0,0,1030330,4402,0,0,0,0,0
3,save at NativeMethodAccessorImpl.java:0,529,480,0,1789806964962,1789806964975,13,False,10,10806211,1,0,6013,17367008,0,0,0,0,3496304,14944,0,0,0,0,0
3,save at NativeMethodAccessorImpl.java:0,533,484,0,1789806964973,1789806964993,20,False,13,6710886,2,6,6056,17104864,0,0,0,0,1046001,4466,0,0,0,0,0
3,save at NativeMethodAccessorImpl.java:0,534,485,0,1789806964975,1789806964993,18,False,14,7599296,1,6,6056,17104864,0,0,0,0,1395724,5942,0,0,0,0,0
3,save at NativeMethodAccessorImpl.java:0,532,483,0,1789806964970,1789806964993,23,False,19,12274369,2,6,6056,17367008,0,0,0,0,2146753,9169,0,0,0,0,0
3,save at NativeMethodAccessorImpl.java:0,535,486,0,1789806964975,1789806964994,19,False,16,9836949,1,6,6056,17367008,0,0,0,0,2503203,10695,0,0,0,0,0
3,save at NativeMethodAccessorImpl.java:0,538,489,0,1789806964993,1789806965002,9,False,5,5720335,2,0,6013,16973792,0,0,0,0,706129,3009,0,0,0,0,0
3,save at NativeMethodAccessorImpl.java:0,536,487,0,1789806964992,1789806965004,12,False,8,8172790,2,0,6013,17104864,0,0,0,0,1408785,6001,0,0,0,0,0
3,save at NativeMethodAccessorImpl.java:0,539,490,0,1789806964994,1789806965008,14,False,11,11516762,1,0,6013,17367008,0,0,0,0,2760788,11808,0,0,0,0,0
3,save at NativeMethodAccessorImpl.java:0,537,488,0,1789806964993,1789806965008,15,False,12,12043146,2,0,6013,17367008,0,0,0,0,2764249,11827,0,0,0,0,0
3,save at NativeMethodAccessorImpl.java:0,540,491,0,1789806965002,1789806965009,7,False,5,5149938,1,0,6013,17104864,0,0,0,0,1051366,4489,0,0,0,0,0
3,save at NativeMethodAccessorImpl.java:0,541,492,0,1789806965004,1789806965018,14,False,10,6440365,1,3,6056,17104864,0,0,0,0,1435071,6116,0,0,0,0,0
3,save at NativeMethodAccessorImpl.java:0,542,493,0,1789806965008,1789806965020,12,False,9,5734443,1,3,6056,17104864,0,0,0,0,1038837,4436,0,0,0,0,0
3,save at NativeMethodAccessorImpl.java:0,543,494,0,1789806965008,1789806965020,12,False,9,6192820,1,3,6056,17104864,0,0,0,0,1069887,4564,0,0,0,0,0
3,save at NativeMethodAccessorImpl.java:0,544,495,0,1789806965009,1789806965025,16,False,8,8355229,6,3,6056,17367008,0,0,0,0,2106634,8998,0,0,0,0,0
3,save at NativeMethodAccessorImpl.java:0,545,496,0,1789806965017,1789806965030,13,False,5,5174056,2,3,6099,17104864,0,0,0,0,1053503,4499,0,0,0,0,0
3,save at NativeMethodAccessorImpl.java:0,546,497,0,1789806965019,1789806965031,12,False,9,6526249,1,3,6056,17104864,0,0,0,0,1420494,6054,0,0,0,0,0
3,save at NativeMethodAccessorImpl.java:0,547,498,0,1789806965020,1789806965031,11,False,8,6063580,1,3,6056,17104864,0,0,0,0,1374274,5853,0,0,0,0,0
3,save at NativeMethodAccessorImpl.java:0,550,501,0,1789806965031,1789806965038,7,False,4,4993217,1,0,6013,17104864,0,0,0,0,1064343,4540,0,0,0,0,0
3,save at NativeMethodAccessorImpl.java:0,548,499,0,1789806965025,1789806965040,15,False,9,9230695,5,3,6056,17104864,0,0,0,0,1751055,7489,0,0,0,0,0
3,save at NativeMethodAccessorImpl.java:0,549,500,0,1789806965029,1789806965040,11,False,7,7495917,1,0,6013,17104864,0,0,0,0,1728661,7392,0,0,0,0,0
3,save at NativeMethodAccessorImpl.java:0,551,502,0,1789806965031,1789806965043,12,False,9,9731530,1,0,6013,17367008,0,0,0,0,2747335,11758,0,0,0,0,0
3,save at NativeMethodAccessorImpl.java:0,553,504,0,1789806965040,1789806965046,6,False,3,3770494,1,0,6013,16973792,0,0,0,0,715662,3051,0,0,0,0,0
3,save at NativeMethodAccessorImpl.java:0,554,505,0,1789806965040,1789806965049,9,False,6,6913457,1,0,6013,17104864,0,0,0,0,1731758,7410,0,0,0,0,0
3,save at NativeMethodAccessorImpl.java:0,552,503,0,1789806965038,1789806965050,12,False,9,9003808,1,0,6013,17367008,0,0,0,0,2472893,10559,0,0,0,0,0
3,save at NativeMethodAccessorImpl.java:0,556,507,0,1789806965046,1789806965057,11,False,7,4190306,1,4,6056,16973792,0,0,0,0,671560,2858,0,0,0,0,0
3,save at NativeMethodAccessorImpl.java:0,555,506,0,1789806965043,1789806965058,15,False,11,7921384,1,4,6056,17367008,0,0,0,0,2118825,9047,0,0,0,0,0
3,save at NativeMethodAccessorImpl.java:0,558,509,0,1789806965050,1789806965065,15,False,9,8818398,5,4,6056,17367008,0,0,0,0,2077632,8873,0,0,0,0,0
3,save at NativeMethodAccessorImpl.java:0,560,511,0,1789806965057,1789806965066,9,False,5,5733093,1,0,6013,17104864,0,0,0,0,1385158,5900,0,0,0,0,0
3,save at NativeMethodAccessorImpl.java:0,557,508,0,1789806965049,1789806965072,23,False,15,11839022,1,6,6099,17367008,0,0,0,0,2805041,12005,0,0,0,0,0
3,save at NativeMethodAccessorImpl.java:0,559,510,0,1789806965057,1789806965076,19,False,15,13245127,1,2,6056,17367008,0,0,0,0,3520211,15054,0,0,0,0,0
3,save at NativeMethodAccessorImpl.java:0,561,512,0,1789806965065,1789806965079,14,False,8,8233757,4,2,6056,17104864,0,0,0,0,1392562,5933,0,0,0,0,0
3,save at NativeMethodAccessorImpl.java:0,562,513,0,1789806965066,1789806965079,13,False,7,7793419,4,2,6056,17104864,0,0,0,0,1412075,6018,0,0,0,0,0
3,save at NativeMethodAccessorImpl.java:0,563,514,0,1789806965071,1789806965084,13,False,9,9590286,1,0,6013,17367008,0,0,0,0,2435492,10404,0,0,0,0,0
3,save at NativeMethodAccessorImpl.java:0,564,515,0,1789806965076,1789806965086,10,False,8,8252239,1,0,6013,17367008,0,0,0,0,2153768,9188,0,0,0,0,0
3,save at NativeMethodAccessorImpl.java:0,566,517,0,1789806965079,1789806965089,10,False,7,7459136,1,0,6013,17104864,0,0,0,0,1747262,7473,0,0,0,0,0
3,save at NativeMethodAccessorImpl.java:0,567,518,0,1789806965084,1789806965089,5,False,2,2932847,1,0,6013,16908256,0,0,0,0,354142,1481,0,0,0,0,0
3,save at NativeMethodAccessorImpl.java:0,565,516,0,1789806965079,1789806965091,12,False,8,8487864,2,0,6013,17104864,0,0,0,0,1755213,7506,0,0,0,0,0
3,save at NativeMethodAccessorImpl.java:0,569,520,0,1789806965089,1789806965102,13,False,5,5819991,1,0,6013,17104864,0,0,0,0,1390008,5921,0,0,0,0,0
3,save at NativeMethodAccessorImpl.java:0,571,522,0,1789806965091,1789806965105,14,False,11,7646070,1,3,6056,17104864,0,0,0,0,1714297,7333,0,0,0,0,0
3,save at NativeMethodAccessorImpl.java:0,568,519,0,1789806965086,1789806965105,19,False,15,12328639,1,3,6056,17367008,0,0,0,0,2142980,9152,0,0,0,0,0
3,save at NativeMethodAccessorImpl.java:0,570,521,0,1789806965089,1789806965109,20,False,16,12663969,2,3,6056,17367008,0,0,0,0,2440015,10421,0,0,0,0,0
3,save at NativeMethodAccessorImpl.java:0,573,524,0,1789806965104,1789806965118,14,False,6,5773719,2,3,6099,17104864,0,0,0,0,1077308,4597,0,0,0,0,0
3,save at NativeMethodAccessorImpl.java:0,574,525,0,1789806965105,1789806965123,18,False,15,12780954,1,3,6056,17367008,0,0,0,0,2465696,10531,0,0,0,0,0
3,save at NativeMethodAccessorImpl.java:0,572,523,0,1789806965101,1789806965126,25,False,20,17138948,3,3,6056,17367008,0,0,0,0,2862735,12250,0,0,0,0,0
3,save at NativeMethodAccessorImpl.java:0,575,526,0,1789806965109,1789806965129,20,False,16,14170227,2,3,6056,17367008,0,0,0,0,2080178,8887,0,0,0,0,0
3,save at NativeMethodAccessorImpl.java:0,576,527,0,1789806965118,1789806965130,12,False,7,7538915,3,0,6013,16973792,0,0,0,0,721928,3077,0,0,0,0,0
3,save at NativeMethodAccessorImpl.java:0,578,529,0,1789806965126,1789806965144,18,False,13,9962018,2,4,6056,17104864,0,0,0,0,1730663,7402,0,0,0,0,0
3,save at NativeMethodAccessorImpl.java:0,577,528,0,1789806965123,1789806965145,22,False,16,13140569,2,4,6056,17367008,0,0,0,0,2443477,10430,0,0,0,0,0
3,save at NativeMethodAccessorImpl.java:0,579,530,0,1789806965129,1789806965145,16,False,10,7255961,2,4,6056,17104864,0,0,0,0,1036949,4430,0,0,0,0,0
3,save at NativeMethodAccessorImpl.java:0,580,531,0,1789806965130,1789806965145,15,False,11,7739632,2,4,6056,16973792,0,0,0,0,692797,2951,0,0,0,0,0
3,save at NativeMethodAccessorImpl.java:0,582,533,0,1789806965144,1789806965159,15,False,5,5714627,3,2,6099,16973792,0,0,0,0,691380,2947,0,0,0,0,0
3,save at NativeMethodAccessorImpl.java:0,583,534,0,1789806965145,1789806965161,16,False,12,9462815,3,2,6056,17104864,0,0,0,0,1741558,7453,0,0,0,0,0
3,save at NativeMethodAccessorImpl.java:0,584,535,0,1789806965145,1789806965161,16,False,12,9783192,3,2,6056,17367008,0,0,0,0,2079386,8881,0,0,0,0,0
3,save at NativeMethodAccessorImpl.java:0,581,532,0,1789806965144,1789806965165,21,False,16,14386927,3,2,6056,17367008,0,0,0,0,2748769,11761,0,0,0,0,0
3,save at NativeMethodAccessorImpl.java:0,587,538,0,1789806965161,1789806965170,9,False,6,6855237,1,0,6013,17104864,0,0,0,0,1053401,4496,0,0,0,0,0
3,save at NativeMethodAccessorImpl.java:0,586,537,0,1789806965160,1789806965172,12,False,8,8797667,2,0,6013,17104864,0,0,0,0,1752911,7500,0,0,0,0,0
3,save at NativeMethodAccessorImpl.java:0,585,536,0,1789806965158,1789806965180,22,False,15,12201916,3,3,6056,17104864,0,0,0,0,1775203,7592,0,0,0,0,0
3,save at NativeMethodAccessorImpl.java:0,588,539,0,1789806965165,1789806965181,16,False,12,7624772,2,3,6056,17104864,0,0,0,0,1406132,5989,0,0,0,0,0
3,save at NativeMethodAccessorImpl.java:0,589,540,0,1789806965170,1789806965188,18,False,11,8352705,1,5,6099,17104864,0,0,0,0,1723447,7372,0,0,0,0,0
3,save at NativeMethodAccessorImpl.java:0,590,541,0,1789806965172,1789806965188,16,False,12,6695410,1,5,6056,16973792,0,0,0,0,694787,2960,0,0,0,0,0
3,save at NativeMethodAccessorImpl.java:0,591,542,0,1789806965180,1789806965191,11,False,7,4995086,2,2,6056,16908256,0,0,0,0,360233,1506,0,0,0,0,0
3,save at NativeMethodAccessorImpl.java:0,593,544,0,1789806965188,1789806965198,10,False,6,6293563,2,0,6013,17104864,0,0,0,0,1396108,5946,0,0,0,0,0
3,save at NativeMethodAccessorImpl.java:0,594,545,0,1789806965188,1789806965199,11,False,7,7977360,2,0,6013,17104864,0,0,0,0,1063738,4541,0,0,0,0,0
3,save at NativeMethodAccessorImpl.java:0,592,543,0,1789806965181,1789806965202,21,False,18,15748468,1,2,6056,17367008,0,0,0,0,3517599,15040,0,0,0,0,0
3,save at NativeMethodAccessorImpl.java:0,595,546,0,1789806965191,1789806965203,12,False,8,8665247,2,0,6013,17104864,0,0,0,0,1386262,5902,0,0,0,0,0
3,save at NativeMethodAccessorImpl.java:0,596,547,0,1789806965197,1789806965209,12,False,9,9062393,1,0,6013,17367008,0,0,0,0,2457687,10496,0,0,0,0,0
3,save at NativeMethodAccessorImpl.java:0,599,550,0,1789806965203,1789806965216,13,False,7,4515330,2,3,6056,16908256,0,0,0,0,350155,1464,0,0,0,0,0
3,save at NativeMethodAccessorImpl.java:0,598,549,0,1789806965202,1789806965217,15,False,13,9873797,1,3,6056,17367008,0,0,0,0,2830236,12112,0,0,0,0,0
3,save at NativeMethodAccessorImpl.java:0,597,548,0,1789806965199,1789806965218,19,False,15,12341055,2,3,6056,17367008,0,0,0,0,2465199,10531,0,0,0,0,0
3,save at NativeMethodAccessorImpl.java:0,602,553,0,1789806965217,1789806965230,13,False,8,6741680,1,2,6056,17104864,0,0,0,0,1751652,7499,0,0,0,0,0
3,save at NativeMethodAccessorImpl.java:0,600,551,0,1789806965209,1789806965230,21,False,13,11206875,5,5,6056,17367008,0,0,0,0,2088190,8913,0,0,0,0,0
3,save at NativeMethodAccessorImpl.java:0,603,554,0,1789806965218,1789806965232,14,False,10,7996141,2,2,6056,17104864,0,0,0,0,1030995,4404,0,0,0,0,0
3,save at NativeMethodAccessorImpl.java:0,601,552,0,1789806965216,1789806965239,23,False,18,16889492,2,2,6056,17367008,0,0,0,0,3122831,13345,0,0,0,0,0
3,save at NativeMethodAccessorImpl.java:0,604,555,0,1789806965229,1789806965239,10,False,5,5978458,2,0,6013,16973792,0,0,0,0,712242,3037,0,0,0,0,0
3,save at NativeMethodAccessorImpl.java:0,605,556,0,1789806965230,1789806965242,12,False,9,9717537,2,0,6013,17367008,0,0,0,0,2090840,8927,0,0,0,0,0
3,save at NativeMethodAccessorImpl.java:0,606,557,0,1789806965231,1789806965256,25,False,19,10428313,2,9,6056,17104864,0,0,0,0,1760528,7536,0,0,0,0,0
3,save at NativeMethodAccessorImpl.java:0,607,558,0,1789806965238,1789806965256,18,False,14,5956616,1,9,6056,17104864,0,0,0,0,1395073,5943,0,0,0,0,0
3,save at NativeMethodAccessorImpl.java:0,608,559,0,1789806965239,1789806965259,20,False,16,7482143,2,9,6056,16973792,0,0,0,0,728235,3108,0,0,0,0,0
3,save at NativeMethodAccessorImpl.java:0,609,560,0,1789806965242,1789806965268,26,False,12,10039276,11,11,6056,17367008,0,0,0,0,2466762,10542,0,0,0,0,0
3,save at NativeMethodAccessorImpl.java:0,610,561,0,1789806965255,1789806965271,16,False,12,10038787,1,2,6056,17367008,0,0,0,0,2102179,8970,0,0,0,0,0
3,save at NativeMethodAccessorImpl.java:0,611,562,0,1789806965256,1789806965274,18,False,14,12287738,2,2,6056,17367008,0,0,0,0,2097231,8958,0,0,0,0,0
3,save at NativeMethodAccessorImpl.java:0,613,564,0,1789806965267,1789806965280,13,False,8,8744836,2,0,6013,17367008,0,0,0,0,2081719,8892,0,0,0,0,0
3,save at NativeMethodAccessorImpl.java:0,614,565,0,1789806965270,1789806965280,10,False,5,5555510,3,0,6013,17104864,0,0,0,0,1065109,4542,0,0,0,0,0
3,save at NativeMethodAccessorImpl.java:0,612,563,0,1789806965258,1789806965283,25,False,20,18966484,2,2,6056,17367008,0,0,0,0,3157897,13485,0,0,0,0,0
3,save at NativeMethodAccessorImpl.java:0,616,567,0,1789806965279,1789806965291,12,False,7,4594525,1,3,6056,16973792,0,0,0,0,709432,3024,0,0,0,0,0
3,save at NativeMethodAccessorImpl.java:0,615,566,0,1789806965274,1789806965292,18,False,14,11473737,2,3,6056,17367008,0,0,0,0,2105503,8991,0,0,0,0,0
3,save at NativeMethodAccessorImpl.java:0,617,568,0,1789806965280,1789806965293,13,False,11,7782105,1,3,6056,17367008,0,0,0,0,2093177,8939,0,0,0,0,0
3,save at NativeMethodAccessorImpl.java:0,619,570,0,1789806965291,1789806965304,13,False,6,5962520,1,3,6099,17104864,0,0,0,0,1375040,5859,0,0,0,0,0
3,save at NativeMethodAccessorImpl.java:0,621,572,0,1789806965293,1789806965304,11,False,7,5060860,1,3,6056,17104864,0,0,0,0,1034028,4417,0,0,0,0,0
3,save at NativeMethodAccessorImpl.java:0,618,569,0,1789806965283,1789806965306,23,False,15,13027779,7,6,6056,17104864,0,0,0,0,1746695,7470,0,0,0,0,0
3,save at NativeMethodAccessorImpl.java:0,620,571,0,1789806965292,1789806965306,14,False,11,9230017,2,3,6056,17367008,0,0,0,0,2099088,8963,0,0,0,0,0
3,save at NativeMethodAccessorImpl.java:0,622,573,0,1789806965303,1789806965318,15,False,10,10666191,2,0,6013,17104864,0,0,0,0,1417407,6040,0,0,0,0,0
3,save at NativeMethodAccessorImpl.java:0,623,574,0,1789806965304,1789806965319,15,False,12,12122615,2,0,6013,17104864,0,0,0,0,1749410,7483,0,0,0,0,0
3,save at NativeMethodAccessorImpl.java:0,624,575,0,1789806965306,1789806965320,14,False,10,10516417,2,0,6013,17104864,0,0,0,0,1760141,7531,0,0,0,0,0
3,save at NativeMethodAccessorImpl.java:0,625,576,0,1789806965306,1789806965327,21,False,16,13185159,2,3,6056,17367008,0,0,0,0,2791778,11939,0,0,0,0,0
3,save at NativeMethodAccessorImpl.java:0,626,577,0,1789806965317,1789806965331,14,False,10,7222743,2,3,6056,17104864,0,0,0,0,1052093,4490,0,0,0,0,0
3,save at NativeMethodAccessorImpl.java:0,628,579,0,1789806965320,1789806965336,16,False,8,8504964,6,3,6056,17104864,0,0,0,0,1394256,5939,0,0,0,0,0
3,save at NativeMethodAccessorImpl.java:0,627,578,0,1789806965319,1789806965337,18,False,10,10179967,6,3,6056,17367008,0,0,0,0,2473879,10566,0,0,0,0,0
3,save at NativeMethodAccessorImpl.java:0,629,580,0,1789806965327,1789806965338,11,False,8,7912532,1,0,6013,17367008,0,0,0,0,2075372,8869,0,0,0,0,0
3,save at NativeMethodAccessorImpl.java:0,630,581,0,1789806965331,1789806965342,11,False,8,8368598,1,0,6013,17367008,0,0,0,0,2443909,10440,0,0,0,0,0
3,save at NativeMethodAccessorImpl.java:0,633,584,0,1789806965338,1789806965346,8,False,5,5492986,1,0,6013,17104864,0,0,0,0,1437064,6125,0,0,0,0,0
3,save at NativeMethodAccessorImpl.java:0,632,583,0,1789806965337,1789806965347,10,False,7,7615084,1,0,6013,17367008,0,0,0,0,2084357,8905,0,0,0,0,0
3,save at NativeMethodAccessorImpl.java:0,631,582,0,1789806965336,1789806965348,12,False,8,8595039,2,0,6013,17367008,0,0,0,0,2449999,10466,0,0,0,0,0
3,save at NativeMethodAccessorImpl.java:0,634,585,0,1789806965342,1789806965352,10,False,7,7757593,1,0,6013,17367008,0,0,0,0,2126619,9078,0,0,0,0,0
3,save at NativeMethodAccessorImpl.java:0,635,586,0,1789806965345,1789806965353,8,False,4,4551936,1,0,6013,17104864,0,0,0,0,1024126,4379,0,0,0,0,0
3,save at NativeMethodAccessorImpl.java:0,637,588,0,1789806965348,1789806965355,7,False,4,4707969,1,0,6013,17104864,0,0,0,0,1020054,4361,0,0,0,0,0
3,save at NativeMethodAccessorImpl.java:0,636,587,0,1789806965347,1789806965359,12,False,9,9420948,1,0,6013,17367008,0,0,0,0,2822704,12074,0,0,0,0,0
3,save at NativeMethodAccessorImpl.java:0,639,590,0,1789806965352,1789806965361,9,False,6,6340789,1,0,6013,17104864,0,0,0,0,1746168,7472,0,0,0,0,0
3,save at NativeMethodAccessorImpl.java:0,640,591,0,1789806965355,1789806965362,7,False,4,4643705,1,0,6013,17104864,0,0,0,0,1037166,4432,0,0,0,0,0
3,save at NativeMethodAccessorImpl.java:0,638,589,0,1789806965352,1789806965363,11,False,8,8644441,1,0,6013,17367008,0,0,0,0,2433787,10396,0,0,0,0,0
3,save at NativeMethodAccessorImpl.java:0,642,593,0,1789806965361,1789806965366,5,False,2,2653453,1,0,6013,16908256,0,0,0,0,343915,1436,0,0,0,0,0
3,save at NativeMethodAccessorImpl.java:0,644,595,0,1789806965362,1789806965370,8,False,3,3770818,2,0,6013,16908256,0,0,0,0,344791,1441,0,0,0,0,0
3,save at NativeMethodAccessorImpl.java:0,645,596,0,1789806965366,1789806965373,7,False,4,4668656,1,0,6013,17104864,0,0,0,0,1049293,4482,0,0,0,0,0
3,save at NativeMethodAccessorImpl.java:0,641,592,0,1789806965358,1789806965373,15,False,11,11336666,2,0,6013,17367008,0,0,0,0,2116866,9034,0,0,0,0,0
3,save at NativeMethodAccessorImpl.java:0,643,594,0,1789806965362,1789806965374,12,False,9,9280183,1,0,6013,17367008,0,0,0,0,2788457,11934,0,0,0,0,0
3,save at NativeMethodAccessorImpl.java:0,648,599,0,1789806965373,1789806965382,9,False,5,5803390,2,0,6013,16973792,0,0,0,0,705718,3007,0,0,0,0,0
3,save at NativeMethodAccessorImpl.java:0,649,600,0,1789806965374,1789806965382,8,False,6,6548941,1,0,6013,17104864,0,0,0,0,1746418,7471,0,0,0,0,0
3,save at NativeMethodAccessorImpl.java:0,646,597,0,1789806965370,1789806965383,13,False,9,9482746,2,0,6013,17104864,0,0,0,0,1766428,7560,0,0,0,0,0
3,save at NativeMethodAccessorImpl.java:0,647,598,0,1789806965373,1789806965384,11,False,8,8535910,1,0,6013,17367008,0,0,0,0,2435008,10399,0,0,0,0,0
3,save at NativeMethodAccessorImpl.java:0,651,602,0,1789806965382,1789806965391,9,False,6,6199073,1,0,6013,17104864,0,0,0,0,1746700,7472,0,0,0,0,0
3,save at NativeMethodAccessorImpl.java:0,652,603,0,1789806965383,1789806965394,11,False,8,8065673,2,0,6013,17104864,0,0,0,0,1401885,5970,0,0,0,0,0
3,save at NativeMethodAccessorImpl.java:0,653,604,0,1789806965384,1789806965396,12,False,10,10340222,1,0,6013,17367008,0,0,0,0,3165731,13523,0,0,0,0,0
3,save at NativeMethodAccessorImpl.java:0,654,605,0,1789806965390,1789806965397,7,False,4,4581862,1,0,6013,17104864,0,0,0,0,1049911,4484,0,0,0,0,0
3,save at NativeMethodAccessorImpl.java:0,650,601,0,1789806965382,1789806965398,16,False,12,12405308,2,0,6013,17367008,0,0,0,0,2448933,10460,0,0,0,0,0
3,save at NativeMethodAccessorImpl.java:0,656,607,0,1789806965396,1789806965401,5,False,2,2593072,1,0,6013,16908256,0,0,0,0,343826,1437,0,0,0,0,0
3,save at NativeMethodAccessorImpl.java:0,657,608,0,1789806965397,1789806965405,8,False,5,5528621,1,0,6013,17104864,0,0,0,0,1417377,6038,0,0,0,0,0
3,save at NativeMethodAccessorImpl.java:0,659,610,0,1789806965401,1789806965406,5,False,2,2560303,1,0,6013,16908256,0,0,0,0,346815,1450,0,0,0,0,0
3,save at NativeMethodAccessorImpl.java:0,655,606,0,1789806965394,1789806965407,13,False,9,9686031,2,0,6013,17104864,0,0,0,0,1769283,7573,0,0,0,0,0
3,save at NativeMethodAccessorImpl.java:0,658,609,0,1789806965398,1789806965407,9,False,6,6635549,2,0,6013,17104864,0,0,0,0,1055508,4508,0,0,0,0,0
3,save at NativeMethodAccessorImpl.java:0,661,612,0,1789806965406,1789806965412,6,False,4,4567771,1,0,6013,17104864,0,0,0,0,1066412,4551,0,0,0,0,0
3,save at NativeMethodAccessorImpl.java:0,660,611,0,1789806965405,1789806965415,10,False,7,7423352,1,0,6013,17367008,0,0,0,0,2119578,9051,0,0,0,0,0
3,save at NativeMethodAccessorImpl.java:0,664,615,0,1789806965412,1789806965418,6,False,3,3604088,1,0,6013,16973792,0,0,0,0,700757,2986,0,0,0,0,0
3,save at NativeMethodAccessorImpl.java:0,663,614,0,1789806965407,1789806965420,13,False,9,9407706,2,0,6013,17104864,0,0,0,0,1761342,7532,0,0,0,0,0
3,save at NativeMethodAccessorImpl.java:0,662,613,0,1789806965407,1789806965424,17,False,13,13511049,2,0,6013,17367008,0,0,0,0,2815445,12051,0,0,0,0,0
3,save at NativeMethodAccessorImpl.java:0,665,616,0,1789806965414,1789806965426,12,False,9,9200502,1,0,6013,17367008,0,0,0,0,2814027,12038,0,0,0,0,0
3,save at NativeMethodAccessorImpl.java:0,666,617,0,1789806965418,1789806965427,9,False,7,7291773,1,0,6013,17367008,0,0,0,0,2105061,8988,0,0,0,0,0
3,save at NativeMethodAccessorImpl.java:0,667,618,0,1789806965420,1789806965432,12,False,9,9098250,2,0,6013,17367008,0,0,0,0,2460129,10510,0,0,0,0,0
3,save at NativeMethodAccessorImpl.java:0,670,621,0,1789806965427,1789806965434,7,False,4,4422361,1,0,6013,17104864,0,0,0,0,1039370,4441,0,0,0,0,0
3,save at NativeMethodAccessorImpl.java:0,669,620,0,1789806965426,1789806965435,9,False,6,6389280,1,0,6013,17104864,0,0,0,0,1739927,7445,0,0,0,0,0
3,save at NativeMethodAccessorImpl.java:0,668,619,0,1789806965423,1789806965438,15,False,12,12033585,1,0,6013,17891296,0,0,0,0,3858442,16493,0,0,0,0,0
3,save at NativeMethodAccessorImpl.java:0,671,622,0,1789806965432,1789806965443,11,False,8,8644886,1,0,6013,17367008,0,0,0,0,2515643,10744,0,0,0,0,0
3,save at NativeMethodAccessorImpl.java:0,673,624,0,1789806965434,1789806965443,9,False,6,6464814,1,0,6013,17104864,0,0,0,0,1768226,7569,0,0,0,0,0
3,save at NativeMethodAccessorImpl.java:0,672,623,0,1789806965434,1789806965444,10,False,6,6807874,2,0,6013,17104864,0,0,0,0,1057173,4514,0,0,0,0,0
3,save at NativeMethodAccessorImpl.java:0,675,626,0,1789806965443,1789806965450,7,False,4,4592988,1,0,6013,17104864,0,0,0,0,1040147,4443,0,0,0,0,0
3,save at NativeMethodAccessorImpl.java:0,676,627,0,1789806965443,1789806965450,7,False,4,4723202,1,0,6013,17104864,0,0,0,0,1052081,4490,0,0,0,0,0
3,save at NativeMethodAccessorImpl.java:0,674,625,0,1789806965438,1789806965454,16,False,12,12162605,2,0,6013,17367008,0,0,0,0,2413503,10306,0,0,0,0,0
3,save at NativeMethodAccessorImpl.java:0,677,628,0,1789806965444,1789806965454,10,False,7,7555718,2,0,6013,17367008,0,0,0,0,2126537,9076,0,0,0,0,0
3,save at NativeMethodAccessorImpl.java:0,679,630,0,1789806965450,1789806965459,9,False,6,6192245,1,0,6013,17104864,0,0,0,0,1728603,7396,0,0,0,0,0
3,save at NativeMethodAccessorImpl.java:0,678,629,0,1789806965449,1789806965461,12,False,9,9567060,1,0,6013,17367008,0,0,0,0,2776687,11880,0,0,0,0,0
3,save at NativeMethodAccessorImpl.java:0,680,631,0,1789806965454,1789806965462,8,False,5,5272886,2,0,6013,16973792,0,0,0,0,709062,3023,0,0,0,0,0
3,save at NativeMethodAccessorImpl.java:0,681,632,0,1789806965454,1789806965469,15,False,12,12816892,1,0,6013,17367008,0,0,0,0,2785669,11915,0,0,0,0,0
3,save at NativeMethodAccessorImpl.java:0,682,633,0,1789806965459,1789806965470,11,False,9,9507862,1,0,6013,17367008,0,0,0,0,2126784,9085,0,0,0,0,0
3,save at NativeMethodAccessorImpl.java:0,683,634,0,1789806965461,1789806965471,10,False,6,6506141,2,0,6013,17104864,0,0,0,0,1010568,4318,0,0,0,0,0
3,save at NativeMethodAccessorImpl.java:0,686,637,0,1789806965470,1789806965476,6,False,3,3687825,1,0,6013,16973792,0,0,0,0,721300,3077,0,0,0,0,0
3,save at NativeMethodAccessorImpl.java:0,684,635,0,1789806965462,1789806965477,15,False,11,11859640,2,0,6013,17367008,0,0,0,0,3822009,16339,0,0,0,0,0
3,save at NativeMethodAccessorImpl.java:0,685,636,0,1789806965469,1789806965481,12,False,8,8512240,2,0,6013,17104864,0,0,0,0,1444576,6158,0,0,0,0,0
3,save at NativeMethodAccessorImpl.java:0,688,639,0,1789806965476,1789806965482,6,False,3,3582132,1,0,6013,16973792,0,0,0,0,675168,2875,0,0,0,0,0
3,save at NativeMethodAccessorImpl.java:0,687,638,0,1789806965471,1789806965482,11,False,7,7699466,2,0,6013,17104864,0,0,0,0,1412671,6019,0,0,0,0,0
3,save at NativeMethodAccessorImpl.java:0,689,640,0,1789806965476,1789806965487,11,False,8,8262618,1,0,6013,17367008,0,0,0,0,2426151,10361,0,0,0,0,0
3,save at NativeMethodAccessorImpl.java:0,692,643,0,1789806965482,1789806965492,10,False,7,7013931,2,0,6013,17104864,0,0,0,0,1056056,4509,0,0,0,0,0
3,save at NativeMethodAccessorImpl.java:0,691,642,0,1789806965482,1789806965495,13,False,10,10307282,2,0,6013,17367008,0,0,0,0,2145604,9165,0,0,0,0,0
3,save at NativeMethodAccessorImpl.java:0,690,641,0,1789806965481,1789806965496,15,False,11,11754807,2,0,6013,17367008,0,0,0,0,2468540,10543,0,0,0,0,0
3,save at NativeMethodAccessorImpl.java:0,693,644,0,1789806965487,1789806965500,13,False,9,9816629,2,0,6013,17367008,0,0,0,0,2766879,11843,0,0,0,0,0
3,save at NativeMethodAccessorImpl.java:0,696,647,0,1789806965496,1789806965503,7,False,4,4708797,1,0,6013,17104864,0,0,0,0,1058560,4519,0,0,0,0,0
3,save at NativeMethodAccessorImpl.java:0,695,646,0,1789806965495,1789806965506,11,False,8,8341075,1,0,6013,17367008,0,0,0,0,2415030,10312,0,0,0,0,0
3,save at NativeMethodAccessorImpl.java:0,694,645,0,1789806965492,1789806965507,15,False,11,11362410,2,0,6013,17367008,0,0,0,0,2100226,8972,0,0,0,0,0
3,save at NativeMethodAccessorImpl.java:0,698,649,0,1789806965502,1789806965511,9,False,6,6730874,1,0,6013,17104864,0,0,0,0,1753325,7497,0,0,0,0,0
3,save at NativeMethodAccessorImpl.java:0,699,650,0,1789806965506,1789806965513,7,False,5,5046008,2,0,6013,17104864,0,0,0,0,1058736,4519,0,0,0,0,0
3,save at NativeMethodAccessorImpl.java:0,700,651,0,1789806965507,1789806965518,11,False,7,7931852,2,0,6013,17104864,0,0,0,0,1760525,7538,0,0,0,0,0
3,save at NativeMethodAccessorImpl.java:0,697,648,0,1789806965500,1789806965522,22,False,16,16069620,1,3,6099,17891296,0,0,0,0,3885362,16603,0,0,0,0,0
3,save at NativeMethodAccessorImpl.java:0,701,652,0,1789806965511,1789806965524,13,False,10,7675220,1,3,6056,17367008,0,0,0,0,2065975,8825,0,0,0,0,0
3,save at NativeMethodAccessorImpl.java:0,702,653,0,1789806965513,1789806965524,11,False,8,5666815,1,3,6056,17104864,0,0,0,0,1399010,5954,0,0,0,0,0
3,save at NativeMethodAccessorImpl.java:0,703,654,0,1789806965518,1789806965527,9,False,6,3323047,1,3,6056,16908256,0,0,0,0,342597,1431,0,0,0,0,0
3,save at NativeMethodAccessorImpl.java:0,706,657,0,1789806965524,1789806965533,9,False,6,6338512,1,0,6013,17104864,0,0,0,0,1713594,7328,0,0,0,0,0
3,save at NativeMethodAccessorImpl.java:0,707,658,0,1789806965527,1789806965534,7,False,4,4061351,2,0,6013,16973792,0,0,0,0,710744,3030,0,0,0,0,0
3,save at NativeMethodAccessorImpl.java:0,704,655,0,1789806965522,1789806965535,13,False,9,9216462,2,0,6013,17104864,0,0,0,0,1738383,7438,0,0,0,0,0
3,save at NativeMethodAccessorImpl.java:0,705,656,0,1789806965524,1789806965537,13,False,10,7858620,1,0,6013,17367008,0,0,0,0,2148359,9177,0,0,0,0,0
3,save at NativeMethodAccessorImpl.java:0,709,660,0,1789806965534,1789806965546,12,False,9,9957756,1,0,6013,17367008,0,0,0,0,2446163,10447,0,0,0,0,0
3,save at NativeMethodAccessorImpl.java:0,710,661,0,1789806965534,1789806965547,13,False,9,9412754,2,0,6013,17104864,0,0,0,0,1763979,7548,0,0,0,0,0
3,save at NativeMethodAccessorImpl.java:0,708,659,0,1789806965533,1789806965547,14,False,12,12267238,1,0,6013,17367008,0,0,0,0,2532767,10822,0,0,0,0,0
3,save at NativeMethodAccessorImpl.java:0,711,662,0,1789806965537,1789806965548,11,False,8,8065644,2,0,6013,17104864,0,0,0,0,1401505,5969,0,0,0,0,0
3,save at NativeMethodAccessorImpl.java:0,712,663,0,1789806965546,1789806965555,9,False,6,6209628,1,0,6013,17104864,0,0,0,0,1742328,7454,0,0,0,0,0
3,save at NativeMethodAccessorImpl.java:0,715,666,0,1789806965548,1789806965559,11,False,7,7925098,2,0,6013,17104864,0,0,0,0,1395896,5945,0,0,0,0,0
3,save at NativeMethodAccessorImpl.java:0,713,664,0,1789806965547,1789806965561,14,False,11,11100596,2,0,6013,17367008,0,0,0,0,2085032,8904,0,0,0,0,0
3,save at NativeMethodAccessorImpl.java:0,716,667,0,1789806965554,1789806965564,10,False,7,7190487,1,0,6013,17367008,0,0,0,0,2094047,8943,0,0,0,0,0
3,save at NativeMethodAccessorImpl.java:0,714,665,0,1789806965547,1789806965566,19,False,15,15206680,2,0,6013,17367008,0,0,0,0,3193282,13638,0,0,0,0,0
3,save at NativeMethodAccessorImpl.java:0,719,670,0,1789806965564,1789806965571,7,False,5,5529026,1,0,6013,17104864,0,0,0,0,1403368,5976,0,0,0,0,0
3,save at NativeMethodAccessorImpl.java:0,720,671,0,1789806965566,1789806965572,6,False,3,3524868,2,0,6013,16908256,0,0,0,0,360497,1508,0,0,0,0,0
3,save at NativeMethodAccessorImpl.java:0,717,668,0,1789806965559,1789806965573,14,False,11,11215970,2,0,6013,17367008,0,0,0,0,2104642,8989,0,0,0,0,0
3,save at NativeMethodAccessorImpl.java:0,718,669,0,1789806965561,1789806965577,16,False,12,12520989,2,0,6013,17367008,0,0,0,0,2473157,10563,0,0,0,0,0
3,save at NativeMethodAccessorImpl.java:0,722,673,0,1789806965572,1789806965578,6,False,3,3549048,1,0,6013,16973792,0,0,0,0,708201,3017,0,0,0,0,0
3,save at NativeMethodAccessorImpl.java:0,724,675,0,1789806965577,1789806965582,5,False,1,1515982,2,0,6013,65536,0,0,0,0,0,0,0,0,0,0,0
3,save at NativeMethodAccessorImpl.java:0,721,672,0,1789806965571,1789806965583,12,False,8,8332890,2,0,6013,17104864,0,0,0,0,1420855,6055,0,0,0,0,0
3,save at NativeMethodAccessorImpl.java:0,725,676,0,1789806965578,1789806965585,7,False,4,4633162,1,0,6013,17104864,0,0,0,0,1056854,4513,0,0,0,0,0
3,save at NativeMethodAccessorImpl.java:0,723,674,0,1789806965573,1789806965585,12,False,8,8119796,2,0,6013,17104864,0,0,0,0,1394812,5940,0,0,0,0,0
3,save at NativeMethodAccessorImpl.java:0,728,679,0,1789806965585,1789806965592,7,False,4,4504105,1,0,6013,17104864,0,0,0,0,1053356,4499,0,0,0,0,0
3,save at NativeMethodAccessorImpl.java:0,726,677,0,1789806965582,1789806965592,10,False,6,6747547,2,0,6013,17104864,0,0,0,0,1792580,7677,0,0,0,0,0
3,save at NativeMethodAccessorImpl.java:0,729,680,0,1789806965585,1789806965593,8,False,5,5364774,1,0,6013,17104864,0,0,0,0,1405931,5990,0,0,0,0,0
3,save at NativeMethodAccessorImpl.java:0,727,678,0,1789806965583,1789806965598,15,False,11,11472769,2,0,6013,17367008,0,0,0,0,2799287,11981,0,0,0,0,0
3,save at NativeMethodAccessorImpl.java:0,731,682,0,1789806965592,1789806965598,6,False,3,3465592,1,0,6013,16973792,0,0,0,0,698087,2975,0,0,0,0,0
3,save at NativeMethodAccessorImpl.java:0,732,683,0,1789806965593,1789806965602,9,False,7,7355319,1,0,6013,17367008,0,0,0,0,2087026,8912,0,0,0,0,0
3,save at NativeMethodAccessorImpl.java:0,730,681,0,1789806965591,1789806965603,12,False,9,9151395,1,0,6013,17367008,0,0,0,0,2786835,11922,0,0,0,0,0
3,save at NativeMethodAccessorImpl.java:0,734,685,0,1789806965597,1789806965604,7,False,4,4472563,1,0,6013,17104864,0,0,0,0,1043361,4455,0,0,0,0,0
3,save at NativeMethodAccessorImpl.java:0,733,684,0,1789806965597,1789806965607,10,False,7,7674147,1,0,6013,17367008,0,0,0,0,2108496,9006,0,0,0,0,0
3,save at NativeMethodAccessorImpl.java:0,735,686,0,1789806965602,1789806965609,7,False,4,4649685,1,0,6013,17104864,0,0,0,0,1055889,4510,0,0,0,0,0
3,save at NativeMethodAccessorImpl.java:0,736,687,0,1789806965603,1789806965610,7,False,4,4574622,1,0,6013,17104864,0,0,0,0,1075089,4587,0,0,0,0,0
3,save at NativeMethodAccessorImpl.java:0,737,688,0,1789806965604,1789806965615,11,False,8,8386499,1,0,6013,17367008,0,0,0,0,2437802,10408,0,0,0,0,0
3,save at NativeMethodAccessorImpl.java:0,738,689,0,1789806965607,1789806965618,11,False,8,8186798,1,0,6013,17367008,0,0,0,0,2424508,10355,0,0,0,0,0
3,save at NativeMethodAccessorImpl.java:0,739,690,0,1789806965609,1789806965619,10,False,7,7322221,1,0,6013,17367008,0,0,0,0,2084348,8905,0,0,0,0,0
3,save at NativeMethodAccessorImpl.java:0,740,691,0,1789806965610,1789806965622,12,False,10,10061710,1,0,6013,17367008,0,0,0,0,3148935,13449,0,0,0,0,0
3,save at NativeMethodAccessorImpl.java:0,742,693,0,1789806965617,1789806965623,6,False,3,3536144,1,0,6013,16973792,0,0,0,0,705554,3008,0,0,0,0,0
3,save at NativeMethodAccessorImpl.java:0,743,694,0,1789806965618,1789806965627,9,False,6,6202425,1,0,6013,17104864,0,0,0,0,1734012,7418,0,0,0,0,0
3,save at NativeMethodAccessorImpl.java:0,741,692,0,1789806965614,1789806965628,14,False,10,10110611,2,0,6013,17367008,0,0,0,0,2444529,10443,0,0,0,0,0
3,save at NativeMethodAccessorImpl.java:0,745,696,0,1789806965623,1789806965633,10,False,7,7416264,1,0,6013,17367008,0,0,0,0,2071067,8851,0,0,0,0,0
3,save at NativeMethodAccessorImpl.java:0,744,695,0,1789806965622,1789806965634,12,False,9,9461851,1,0,6013,17367008,0,0,0,0,2815858,12048,0,0,0,0,0
3,save at NativeMethodAccessorImpl.java:0,746,697,0,1789806965627,1789806965640,13,False,10,10507968,1,0,6013,17367008,0,0,0,0,3121367,13330,0,0,0,0,0
3,save at NativeMethodAccessorImpl.java:0,747,698,0,1789806965628,1789806965640,12,False,9,9924994,1,0,6013,17367008,0,0,0,0,3125468,13350,0,0,0,0,0
3,save at NativeMethodAccessorImpl.java:0,748,699,0,1789806965633,1789806965642,9,False,7,7495662,1,0,6013,17367008,0,0,0,0,2119279,9052,0,0,0,0,0
3,save at NativeMethodAccessorImpl.java:0,749,700,0,1789806965634,1789806965644,10,False,8,8003774,1,0,6013,17367008,0,0,0,0,2424807,10354,0,0,0,0,0
3,save at NativeMethodAccessorImpl.java:0,750,701,0,1789806965640,1789806965648,8,False,5,5562202,1,0,6013,17104864,0,0,0,0,1424409,6070,0,0,0,0,0
3,save at NativeMethodAccessorImpl.java:0,753,704,0,1789806965644,1789806965650,6,False,3,3389165,1,0,6013,16973792,0,0,0,0,714005,3042,0,0,0,0,0
3,save at NativeMethodAccessorImpl.java:0,751,702,0,1789806965640,1789806965651,11,False,8,8265641,1,0,6013,17367008,0,0,0,0,2465014,10531,0,0,0,0,0
3,save at NativeMethodAccessorImpl.java:0,752,703,0,1789806965642,1789806965651,9,False,6,6544880,1,0,6013,17104864,0,0,0,0,1731932,7409,0,0,0,0,0
3,save at NativeMethodAccessorImpl.java:0,756,707,0,1789806965651,1789806965656,5,False,2,2467740,1,0,6013,16908256,0,0,0,0,330441,1378,0,0,0,0,0
3,save at NativeMethodAccessorImpl.java:0,754,705,0,1789806965647,1789806965657,10,False,7,7252147,1,0,6013,17104864,0,0,0,0,1774109,7593,0,0,0,0,0
3,save at NativeMethodAccessorImpl.java:0,755,706,0,1789806965650,1789806965661,11,False,8,8731785,1,0,6013,17367008,0,0,0,0,2445692,10445,0,0,0,0,0
3,save at NativeMethodAccessorImpl.java:0,757,708,0,1789806965651,1789806965661,10,False,7,7398704,1,0,6013,17104864,0,0,0,0,1388230,5913,0,0,0,0,0
3,save at NativeMethodAccessorImpl.java:0,759,710,0,1789806965657,1789806965663,6,False,3,3788907,1,0,6013,16973792,0,0,0,0,701512,2988,0,0,0,0,0
3,save at NativeMethodAccessorImpl.java:0,758,709,0,1789806965655,1789806965669,14,False,10,10601363,2,0,6013,17367008,0,0,0,0,2453350,10481,0,0,0,0,0
3,save at NativeMethodAccessorImpl.java:0,762,713,0,1789806965663,1789806965672,9,False,6,6579739,1,0,6013,17104864,0,0,0,0,1779140,7611,0,0,0,0,0
3,save at NativeMethodAccessorImpl.java:0,761,712,0,1789806965661,1789806965672,11,False,7,7794664,2,0,6013,17104864,0,0,0,0,1384076,5892,0,0,0,0,0
3,save at NativeMethodAccessorImpl.java:0,760,711,0,1789806965661,1789806965675,14,False,10,10853102,2,0,6013,17367008,0,0,0,0,2143057,9150,0,0,0,0,0
3,save at NativeMethodAccessorImpl.java:0,764,715,0,1789806965672,1789806965678,6,False,3,3580645,1,0,6013,16973792,0,0,0,0,682753,2907,0,0,0,0,0
3,save at NativeMethodAccessorImpl.java:0,763,714,0,1789806965669,1789806965679,10,False,7,7482563,1,0,6013,17367008,0,0,0,0,2086831,8911,0,0,0,0,0
3,save at NativeMethodAccessorImpl.java:0,765,716,0,1789806965672,1789806965689,17,False,13,13684787,2,0,6013,17367008,0,0,0,0,2857553,12222,0,0,0,0,0
3,save at NativeMethodAccessorImpl.java:0,767,718,0,1789806965677,1789806965690,13,False,10,10692522,1,0,6013,17367008,0,0,0,0,2102909,8982,0,0,0,0,0
3,save at NativeMethodAccessorImpl.java:0,766,717,0,1789806965675,1789806965691,16,False,12,12338141,2,0,6013,17367008,0,0,0,0,2462246,10518,0,0,0,0,0
3,save at NativeMethodAccessorImpl.java:0,768,719,0,1789806965679,1789806965691,12,False,10,10022432,1,0,6013,17367008,0,0,0,0,3143406,13424,0,0,0,0,0
3,save at NativeMethodAccessorImpl.java:0,770,721,0,1789806965690,1789806965699,9,False,4,4982219,2,0,6013,16973792,0,0,0,0,684213,2913,0,0,0,0,0
3,save at NativeMethodAccessorImpl.java:0,772,723,0,1789806965691,1789806965699,8,False,5,5432526,1,0,6013,17104864,0,0,0,0,1079423,4605,0,0,0,0,0
3,save at NativeMethodAccessorImpl.java:0,771,722,0,1789806965691,1789806965700,9,False,7,7522701,1,0,6013,17367008,0,0,0,0,2091480,8933,0,0,0,0,0
3,save at NativeMethodAccessorImpl.java:0,769,720,0,1789806965689,1789806965704,15,False,10,10971389,2,0,6013,17367008,0,0,0,0,2110713,9009,0,0,0,0,0
3,save at NativeMethodAccessorImpl.java:0,774,725,0,1789806965699,1789806965707,8,False,5,5122182,1,0,6013,17104864,0,0,0,0,1073648,4581,0,0,0,0,0
3,save at NativeMethodAccessorImpl.java:0,773,724,0,1789806965699,1789806965707,8,False,5,5300594,2,0,6013,16973792,0,0,0,0,691555,2947,0,0,0,0,0
3,save at NativeMethodAccessorImpl.java:0,775,726,0,1789806965700,1789806965710,10,False,7,7654290,1,0,6013,17367008,0,0,0,0,2073946,8857,0,0,0,0,0
3,save at NativeMethodAccessorImpl.java:0,777,728,0,1789806965706,1789806965715,9,False,5,5939283,2,0,6013,17104864,0,0,0,0,1400282,5962,0,0,0,0,0
3,save at NativeMethodAccessorImpl.java:0,776,727,0,1789806965703,1789806965716,13,False,9,9299611,2,0,6013,17104864,0,0,0,0,1756980,7521,0,0,0,0,0
3,save at NativeMethodAccessorImpl.java:0,778,729,0,1789806965707,1789806965718,11,False,7,7832116,2,0,6013,17104864,0,0,0,0,1407470,5995,0,0,0,0,0
3,save at NativeMethodAccessorImpl.java:0,779,730,0,1789806965710,1789806965721,11,False,8,8600910,2,0,6013,17104864,0,0,0,0,1745283,7466,0,0,0,0,0
3,save at NativeMethodAccessorImpl.java:0,780,731,0,1789806965715,1789806965725,10,False,8,8128523,1,0,6013,17367008,0,0,0,0,2428756,10369,0,0,0,0,0
3,save at NativeMethodAccessorImpl.java:0,783,734,0,1789806965721,1789806965728,7,False,4,4439293,1,0,6013,17104864,0,0,0,0,1061756,4533,0,0,0,0,0
3,save at NativeMethodAccessorImpl.java:0,782,733,0,1789806965718,1789806965730,12,False,7,7910021,2,0,6013,17104864,0,0,0,0,1404558,5982,0,0,0,0,0
3,save at NativeMethodAccessorImpl.java:0,781,732,0,1789806965716,1789806965735,19,False,12,12116819,2,0,6013,17367008,0,0,0,0,2449029,10456,0,0,0,0,0
3,save at NativeMethodAccessorImpl.java:0,784,735,0,1789806965725,1789806965744,19,False,14,9784732,1,4,6056,17367008,0,0,0,0,2123955,9070,0,0,0,0,0
3,save at NativeMethodAccessorImpl.java:0,785,736,0,1789806965728,1789806965745,17,False,15,7678577,1,4,6056,17104864,0,0,0,0,1418590,6043,0,0,0,0,0
3,save at NativeMethodAccessorImpl.java:0,786,737,0,1789806965729,1789806965751,22,False,12,12289583,8,4,6056,17104864,0,0,0,0,1412106,6012,0,0,0,0,0
3,save at NativeMethodAccessorImpl.java:0,788,739,0,1789806965743,1789806965752,9,False,5,5993617,2,0,6013,17104864,0,0,0,0,1408262,5999,0,0,0,0,0
3,save at NativeMethodAccessorImpl.java:0,787,738,0,1789806965735,1789806965759,24,False,17,17378099,3,0,6013,17367008,0,0,0,0,3181259,13585,0,0,0,0,0
3,save at NativeMethodAccessorImpl.java:0,790,741,0,1789806965751,1789806965761,10,False,6,6336575,2,0,6013,17104864,0,0,0,0,1065502,4544,0,0,0,0,0
3,save at NativeMethodAccessorImpl.java:0,789,740,0,1789806965745,1789806965763,18,False,13,13167265,2,0,6013,17367008,0,0,0,0,2429472,10373,0,0,0,0,0
3,save at NativeMethodAccessorImpl.java:0,791,742,0,1789806965752,1789806965766,14,False,10,10963337,1,0,6013,17367008,0,0,0,0,3169731,13538,0,0,0,0,0
3,save at NativeMethodAccessorImpl.java:0,793,744,0,1789806965761,1789806965774,13,False,9,5951434,2,3,6056,17104864,0,0,0,0,1032366,4409,0,0,0,0,0
3,save at NativeMethodAccessorImpl.java:0,792,743,0,1789806965759,1789806965778,19,False,14,11516148,3,3,6056,17367008,0,0,0,0,2079858,8881,0,0,0,0,0
3,save at NativeMethodAccessorImpl.java:0,794,745,0,1789806965762,1789806965778,16,False,11,8485008,2,3,6056,17367008,0,0,0,0,2459508,10502,0,0,0,0,0
3,save at NativeMethodAccessorImpl.java:0,795,746,0,1789806965765,1789806965783,18,False,10,10656429,5,3,6056,17367008,0,0,0,0,2436905,10403,0,0,0,0,0
3,save at NativeMethodAccessorImpl.java:0,796,747,0,1789806965774,1789806965785,11,False,7,6881582,2,0,6013,17104864,0,0,0,0,1403008,5977,0,0,0,0,0
3,save at NativeMethodAccessorImpl.java:0,798,749,0,1789806965778,1789806965785,7,False,4,4206625,2,0,6013,16973792,0,0,0,0,701276,2988,0,0,0,0,0
3,save at NativeMethodAccessorImpl.java:0,797,748,0,1789806965778,1789806965790,12,False,9,9281973,2,0,6013,17367008,0,0,0,0,2798455,11971,0,0,0,0,0
3,save at NativeMethodAccessorImpl.java:0,801,752,0,1789806965785,1789806965792,7,False,4,4701761,1,0,6013,17104864,0,0,0,0,1040366,4441,0,0,0,0,0
3,save at NativeMethodAccessorImpl.java:0,800,751,0,1789806965785,1789806965794,9,False,6,6396997,2,0,6013,17104864,0,0,0,0,1396970,5954,0,0,0,0,0
3,save at NativeMethodAccessorImpl.java:0,799,750,0,1789806965783,1789806965797,14,False,11,11994449,1,0,6013,17891296,0,0,0,0,3860531,16505,0,0,0,0,0
3,save at NativeMethodAccessorImpl.java:0,802,753,0,1789806965790,1789806965799,9,False,6,6346324,1,0,6013,17104864,0,0,0,0,1780299,7620,0,0,0,0,0
3,save at NativeMethodAccessorImpl.java:0,803,754,0,1789806965792,1789806965799,7,False,4,4541788,1,0,6013,17104864,0,0,0,0,1047509,4472,0,0,0,0,0
3,save at NativeMethodAccessorImpl.java:0,806,757,0,1789806965798,1789806965807,9,False,6,6423455,1,0,6013,17104864,0,0,0,0,1752178,7494,0,0,0,0,0
3,save at NativeMethodAccessorImpl.java:0,804,755,0,1789806965794,1789806965808,14,False,11,11680234,1,0,6013,17367008,0,0,0,0,3510304,14996,0,0,0,0,0
3,save at NativeMethodAccessorImpl.java:0,805,756,0,1789806965797,1789806965809,12,False,9,9774706,1,0,6013,17367008,0,0,0,0,2101789,8977,0,0,0,0,0
3,save at NativeMethodAccessorImpl.java:0,807,758,0,1789806965799,1789806965810,11,False,9,9055777,1,0,6013,17367008,0,0,0,0,2782527,11909,0,0,0,0,0
3,save at NativeMethodAccessorImpl.java:0,810,761,0,1789806965809,1789806965816,7,False,4,4052899,2,0,6013,16973792,0,0,0,0,707958,3018,0,0,0,0,0
3,save at NativeMethodAccessorImpl.java:0,808,759,0,1789806965807,1789806965817,10,False,6,6891927,2,0,6013,17104864,0,0,0,0,1757042,7513,0,0,0,0,0
3,save at NativeMethodAccessorImpl.java:0,809,760,0,1789806965808,1789806965818,10,False,7,7304921,1,0,6013,17104864,0,0,0,0,1742538,7456,0,0,0,0,0
3,save at NativeMethodAccessorImpl.java:0,811,762,0,1789806965810,1789806965821,11,False,8,8702416,1,0,6013,17367008,0,0,0,0,2110642,9011,0,0,0,0,0
3,save at NativeMethodAccessorImpl.java:0,814,765,0,1789806965818,1789806965827,9,False,6,6328556,1,0,6013,17104864,0,0,0,0,1384651,5897,0,0,0,0,0
3,save at NativeMethodAccessorImpl.java:0,813,764,0,1789806965817,1789806965828,11,False,8,8396127,2,0,6013,17367008,0,0,0,0,2467153,10532,0,0,0,0,0
3,save at NativeMethodAccessorImpl.java:0,812,763,0,1789806965816,1789806965829,13,False,9,9297356,2,0,6013,17104864,0,0,0,0,1715125,7336,0,0,0,0,0
3,save at NativeMethodAccessorImpl.java:0,815,766,0,1789806965821,1789806965830,9,False,6,6148736,2,0,6013,17104864,0,0,0,0,1068320,4559,0,0,0,0,0
3,save at NativeMethodAccessorImpl.java:0,816,767,0,1789806965826,1789806965834,8,False,4,4597105,1,0,6013,17104864,0,0,0,0,1041966,4452,0,0,0,0,0
3,save at NativeMethodAccessorImpl.java:0,818,769,0,1789806965829,1789806965835,6,False,3,3460691,1,0,6013,16973792,0,0,0,0,698119,2975,0,0,0,0,0
3,save at NativeMethodAccessorImpl.java:0,817,768,0,1789806965828,1789806965835,7,False,4,4623484,1,0,6013,17104864,0,0,0,0,1026328,4382,0,0,0,0,0
3,save at NativeMethodAccessorImpl.java:0,819,770,0,1789806965830,1789806965839,9,False,5,5722754,2,0,6013,17104864,0,0,0,0,1406244,5990,0,0,0,0,0
3,save at NativeMethodAccessorImpl.java:0,821,772,0,1789806965835,1789806965844,9,False,6,6560284,1,0,6013,17104864,0,0,0,0,1751255,7491,0,0,0,0,0
3,save at NativeMethodAccessorImpl.java:0,822,773,0,1789806965835,1789806965847,12,False,8,8815867,2,0,6013,17367008,0,0,0,0,2073472,8861,0,0,0,0,0
3,save at NativeMethodAccessorImpl.java:0,820,771,0,1789806965833,1789806965849,16,False,12,12959155,1,0,6013,17891296,0,0,0,0,4217201,18000,0,0,0,0,0
3,save at NativeMethodAccessorImpl.java:0,823,774,0,1789806965839,1789806965850,11,False,8,8182888,2,0,6013,17367008,0,0,0,0,2073143,8854,0,0,0,0,0
3,save at NativeMethodAccessorImpl.java:0,826,777,0,1789806965849,1789806965860,11,False,9,9039778,1,0,6013,17367008,0,0,0,0,2778177,11886,0,0,0,0,0
3,save at NativeMethodAccessorImpl.java:0,824,775,0,1789806965844,1789806965861,17,False,14,14733831,1,0,6013,17891296,0,0,0,0,4543587,19410,0,0,0,0,0
3,save at NativeMethodAccessorImpl.java:0,827,778,0,1789806965849,1789806965861,12,False,9,9416838,2,0,6013,17367008,0,0,0,0,2427089,10359,0,0,0,0,0
3,save at NativeMethodAccessorImpl.java:0,825,776,0,1789806965847,1789806965862,15,False,12,12490310,2,0,6013,17367008,0,0,0,0,2485325,10620,0,0,0,0,0
3,save at NativeMethodAccessorImpl.java:0,829,780,0,1789806965861,1789806965868,7,False,5,5065881,1,0,6013,17104864,0,0,0,0,1037943,4435,0,0,0,0,0
3,save at NativeMethodAccessorImpl.java:0,830,781,0,1789806965861,1789806965869,8,False,5,5507680,1,0,6013,17104864,0,0,0,0,1432894,6107,0,0,0,0,0
3,save at NativeMethodAccessorImpl.java:0,828,779,0,1789806965860,1789806965870,10,False,6,6960210,2,0,6013,17104864,0,0,0,0,1737839,7436,0,0,0,0,0
3,save at NativeMethodAccessorImpl.java:0,833,784,0,1789806965869,1789806965874,5,False,2,2533955,1,0,6013,16908256,0,0,0,0,374791,1570,0,0,0,0,0
3,save at NativeMethodAccessorImpl.java:0,832,783,0,1789806965868,1789806965875,7,False,4,4520221,1,0,6013,17104864,0,0,0,0,1040459,4443,0,0,0,0,0
3,save at NativeMethodAccessorImpl.java:0,834,785,0,1789806965870,1789806965877,7,False,4,4765916,1,0,6013,17104864,0,0,0,0,1056056,4509,0,0,0,0,0
3,save at NativeMethodAccessorImpl.java:0,831,782,0,1789806965862,1789806965878,16,False,12,12619541,2,0,6013,17367008,0,0,0,0,2755991,11790,0,0,0,0,0
3,save at NativeMethodAccessorImpl.java:0,835,786,0,1789806965874,1789806965881,7,False,5,5365943,1,0,6013,17104864,0,0,0,0,1413958,6025,0,0,0,0,0
3,save at NativeMethodAccessorImpl.java:0,836,787,0,1789806965875,1789806965884,9,False,7,7457835,1,0,6013,17367008,0,0,0,0,2044496,8736,0,0,0,0,0
3,save at NativeMethodAccessorImpl.java:0,838,789,0,1789806965878,1789806965886,8,False,6,6249317,1,0,6013,17104864,0,0,0,0,1790991,7664,0,0,0,0,0
3,save at NativeMethodAccessorImpl.java:0,837,788,0,1789806965877,1789806965887,10,False,8,8216640,1,0,6013,17367008,0,0,0,0,2444356,10439,0,0,0,0,0
3,save at NativeMethodAccessorImpl.java:0,840,791,0,1789806965884,1789806965891,7,False,4,4724384,1,0,6013,17104864,0,0,0,0,1062252,4535,0,0,0,0,0
3,save at NativeMethodAccessorImpl.java:0,839,790,0,1789806965881,1789806965893,12,False,9,9588861,1,0,6013,17367008,0,0,0,0,3091357,13206,0,0,0,0,0
3,save at NativeMethodAccessorImpl.java:0,842,793,0,1789806965887,1789806965898,11,False,8,8355181,1,0,6013,17367008,0,0,0,0,2427043,10363,0,0,0,0,0
3,save at NativeMethodAccessorImpl.java:0,844,795,0,1789806965893,1789806965899,6,False,4,4302222,1,0,6013,17104864,0,0,0,0,1070487,4570,0,0,0,0,0
3,save at NativeMethodAccessorImpl.java:0,841,792,0,1789806965886,1789806965900,14,False,11,11810536,1,0,6013,17891296,0,0,0,0,3870826,16553,0,0,0,0,0
3,save at NativeMethodAccessorImpl.java:0,843,794,0,1789806965891,1789806965905,14,False,11,11374406,1,0,6013,17367008,0,0,0,0,3499211,14955,0,0,0,0,0
3,save at NativeMethodAccessorImpl.java:0,845,796,0,1789806965898,1789806965906,8,False,6,6376357,1,0,6013,17104864,0,0,0,0,1741749,7455,0,0,0,0,0
3,save at NativeMethodAccessorImpl.java:0,846,797,0,1789806965899,1789806965908,9,False,7,7048005,1,0,6013,17367008,0,0,0,0,2095885,8953,0,0,0,0,0
3,save at NativeMethodAccessorImpl.java:0,847,798,0,1789806965900,1789806965910,10,False,7,7858010,1,0,6013,17367008,0,0,0,0,2405465,10270,0,0,0,0,0
3,save at NativeMethodAccessorImpl.java:0,849,800,0,1789806965906,1789806965912,6,False,3,3434661,1,0,6013,16973792,0,0,0,0,674129,2868,0,0,0,0,0
3,save at NativeMethodAccessorImpl.java:0,848,799,0,1789806965905,1789806965915,10,False,7,7506896,1,0,6013,17367008,0,0,0,0,2089412,8923,0,0,0,0,0
3,save at NativeMethodAccessorImpl.java:0,850,801,0,1789806965908,1789806965916,8,False,5,5389584,1,0,6013,17104864,0,0,0,0,1405781,5988,0,0,0,0,0
3,save at NativeMethodAccessorImpl.java:0,851,802,0,1789806965910,1789806965920,10,False,7,7839701,1,0,6013,17367008,0,0,0,0,2418903,10333,0,0,0,0,0
3,save at NativeMethodAccessorImpl.java:0,852,803,0,1789806965912,1789806965921,9,False,7,7172090,1,0,6013,17367008,0,0,0,0,2071860,8848,0,0,0,0,0
3,save at NativeMethodAccessorImpl.java:0,853,804,0,1789806965914,1789806965923,9,False,6,6081332,1,0,6013,17104864,0,0,0,0,1410001,6007,0,0,0,0,0
3,save at NativeMethodAccessorImpl.java:0,854,805,0,1789806965916,1789806965923,7,False,5,5061468,1,0,6013,17104864,0,0,0,0,1044561,4459,0,0,0,0,0
3,save at NativeMethodAccessorImpl.java:0,855,806,0,1789806965920,1789806965927,7,False,5,5114287,1,0,6013,17104864,0,0,0,0,1408774,6000,0,0,0,0,0
3,save at NativeMethodAccessorImpl.java:0,856,807,0,1789806965921,1789806965929,8,False,4,4995381,2,0,6013,16973792,0,0,0,0,703411,2999,0,0,0,0,0
3,save at NativeMethodAccessorImpl.java:0,857,808,0,1789806965923,1789806965929,6,False,3,3806965,1,0,6013,16973792,0,0,0,0,694412,2959,0,0,0,0,0
3,save at NativeMethodAccessorImpl.java:0,859,810,0,1789806965927,1789806965935,8,False,5,5251094,1,0,6013,17104864,0,0,0,0,1400184,5964,0,0,0,0,0
3,save at NativeMethodAccessorImpl.java:0,861,812,0,1789806965929,1789806965939,10,False,7,7199748,1,0,6013,17104864,0,0,0,0,1771978,7575,0,0,0,0,0
3,save at NativeMethodAccessorImpl.java:0,860,811,0,1789806965929,1789806965940,11,False,8,8019331,2,0,6013,17104864,0,0,0,0,1432216,6104,0,0,0,0,0
3,save at NativeMethodAccessorImpl.java:0,858,809,0,1789806965923,1789806965940,17,False,13,13766088,2,0,6013,17367008,0,0,0,0,2841787,12159,0,0,0,0,0
3,save at NativeMethodAccessorImpl.java:0,862,813,0,1789806965935,1789806965945,10,False,7,7926287,1,0,6013,17367008,0,0,0,0,2471991,10561,0,0,0,0,0
3,save at NativeMethodAccessorImpl.java:0,863,814,0,1789806965939,1789806965949,10,False,8,8061758,1,0,6013,17367008,0,0,0,0,2127860,9083,0,0,0,0,0
3,save at NativeMethodAccessorImpl.java:0,866,817,0,1789806965945,1789806965955,10,False,8,5139935,1,3,6056,17104864,0,0,0,0,1396717,5948,0,0,0,0,0
3,save at NativeMethodAccessorImpl.java:0,865,816,0,1789806965940,1789806965960,20,False,16,13755958,2,3,6056,17367008,0,0,0,0,2772236,11862,0,0,0,0,0
3,save at NativeMethodAccessorImpl.java:0,867,818,0,1789806965949,1789806965960,11,False,6,6102692,4,3,6056,17104864,0,0,0,0,1020638,4361,0,0,0,0,0
3,save at NativeMethodAccessorImpl.java:0,868,819,0,1789806965955,1789806965962,7,False,3,3932454,1,0,6013,16973792,0,0,0,0,699601,2981,0,0,0,0,0
3,save at NativeMethodAccessorImpl.java:0,864,815,0,1789806965940,1789806965963,23,False,19,16691574,2,3,6056,17367008,0,0,0,0,3524823,15072,0,0,0,0,0
3,save at NativeMethodAccessorImpl.java:0,872,823,0,1789806965963,1789806965972,9,False,6,6587687,2,0,6013,17104864,0,0,0,0,1075349,4590,0,0,0,0,0
3,save at NativeMethodAccessorImpl.java:0,870,821,0,1789806965960,1789806965973,13,False,9,9096373,2,0,6013,17104864,0,0,0,0,1716440,7340,0,0,0,0,0
3,save at NativeMethodAccessorImpl.java:0,871,822,0,1789806965961,1789806965973,12,False,9,9874250,1,0,6013,17367008,0,0,0,0,3136840,13405,0,0,0,0,0
3,save at NativeMethodAccessorImpl.java:0,869,820,0,1789806965960,1789806965977,17,False,14,14107795,2,0,6013,17367008,0,0,0,0,3487485,14907,0,0,0,0,0
3,save at NativeMethodAccessorImpl.java:0,873,824,0,1789806965972,1789806965979,7,False,3,3679392,1,0,6013,16973792,0,0,0,0,704417,3001,0,0,0,0,0
3,save at NativeMethodAccessorImpl.java:0,875,826,0,1789806965973,1789806965982,9,False,6,6293114,1,0,6013,17104864,0,0,0,0,1761514,7535,0,0,0,0,0
3,save at NativeMethodAccessorImpl.java:0,874,825,0,1789806965973,1789806965986,13,False,11,11478180,1,0,6013,17367008,0,0,0,0,3830626,16382,0,0,0,0,0
3,save at NativeMethodAccessorImpl.java:0,876,827,0,1789806965977,1789806965988,11,False,8,8777401,1,0,6013,17367008,0,0,0,0,2759726,11810,0,0,0,0,0
3,save at NativeMethodAccessorImpl.java:0,877,828,0,1789806965978,1789806965991,13,False,9,9520879,1,0,6013,17367008,0,0,0,0,2806363,12007,0,0,0,0,0
3,save at NativeMethodAccessorImpl.java:0,878,829,0,1789806965982,1789806965991,9,False,7,7452329,1,0,6013,17367008,0,0,0,0,2108226,9005,0,0,0,0,0
3,save at NativeMethodAccessorImpl.java:0,879,830,0,1789806965986,1789806965994,8,False,5,5546967,1,0,6013,17104864,0,0,0,0,1407287,5995,0,0,0,0,0
3,save at NativeMethodAccessorImpl.java:0,880,831,0,1789806965988,1789806965996,8,False,6,6160549,1,0,6013,17104864,0,0,0,0,1749332,7484,0,0,0,0,0
3,save at NativeMethodAccessorImpl.java:0,881,832,0,1789806965990,1789806965997,7,False,4,4130095,1,0,6013,16973792,0,0,0,0,719523,3070,0,0,0,0,0
3,save at NativeMethodAccessorImpl.java:0,882,833,0,1789806965991,1789806966001,10,False,8,8220782,1,0,6013,17367008,0,0,0,0,2431237,10382,0,0,0,0,0
3,save at NativeMethodAccessorImpl.java:0,885,836,0,1789806965997,1789806966003,6,False,3,3385923,1,0,6013,16973792,0,0,0,0,707680,3017,0,0,0,0,0
3,save at NativeMethodAccessorImpl.java:0,883,834,0,1789806965994,1789806966004,10,False,7,7499195,1,0,6013,17367008,0,0,0,0,2130689,9097,0,0,0,0,0
3,save at NativeMethodAccessorImpl.java:0,884,835,0,1789806965996,1789806966007,11,False,8,8995932,1,0,6013,17367008,0,0,0,0,2823441,12081,0,0,0,0,0
3,save at NativeMethodAccessorImpl.java:0,886,837,0,1789806966001,1789806966009,8,False,5,5484153,1,0,6013,17104864,0,0,0,0,1388943,5918,0,0,0,0,0
3,save at NativeMethodAccessorImpl.java:0,887,838,0,1789806966002,1789806966013,11,False,8,8095943,1,0,6013,17367008,0,0,0,0,2429689,10366,0,0,0,0,0
3,save at NativeMethodAccessorImpl.java:0,888,839,0,1789806966004,1789806966014,10,False,8,8179093,1,0,6013,17367008,0,0,0,0,2446417,10449,0,0,0,0,0
3,save at NativeMethodAccessorImpl.java:0,890,841,0,1789806966009,1789806966017,8,False,6,6151808,1,0,6013,17104864,0,0,0,0,1752890,7500,0,0,0,0,0
3,save at NativeMethodAccessorImpl.java:0,889,840,0,1789806966007,1789806966017,10,False,8,8119015,1,0,6013,17367008,0,0,0,0,2436981,10404,0,0,0,0,0
3,save at NativeMethodAccessorImpl.java:0,891,842,0,1789806966013,1789806966019,6,False,4,4353660,1,0,6013,17104864,0,0,0,0,1052008,4494,0,0,0,0,0
3,save at NativeMethodAccessorImpl.java:0,892,843,0,1789806966014,1789806966023,9,False,7,7111562,1,0,6013,17367008,0,0,0,0,2100348,8974,0,0,0,0,0
3,save at NativeMethodAccessorImpl.java:0,894,845,0,1789806966017,1789806966025,8,False,6,6052024,1,0,6013,17104864,0,0,0,0,1748032,7480,0,0,0,0,0
3,save at NativeMethodAccessorImpl.java:0,895,846,0,1789806966019,1789806966030,11,False,8,8990612,1,0,6013,17367008,0,0,0,0,2823492,12082,0,0,0,0,0
3,save at NativeMethodAccessorImpl.java:0,896,847,0,1789806966023,1789806966031,8,False,5,5325146,1,0,6013,17104864,0,0,0,0,1403981,5981,0,0,0,0,0
3,save at NativeMethodAccessorImpl.java:0,893,844,0,1789806966017,1789806966031,14,False,11,11853501,1,0,6013,17367008,0,0,0,0,3520144,15040,0,0,0,0,0
3,save at NativeMethodAccessorImpl.java:0,897,848,0,1789806966025,1789806966037,12,False,9,9071764,1,0,6013,17367008,0,0,0,0,2854411,12215,0,0,0,0,0
3,save at NativeMethodAccessorImpl.java:0,900,851,0,1789806966031,1789806966037,6,False,3,3294281,1,0,6013,16973792,0,0,0,0,674518,2869,0,0,0,0,0
3,save at NativeMethodAccessorImpl.java:0,899,850,0,1789806966031,1789806966037,6,False,4,4403550,1,0,6013,17104864,0,0,0,0,1048109,4477,0,0,0,0,0
3,save at NativeMethodAccessorImpl.java:0,898,849,0,1789806966030,1789806966039,9,False,6,6436649,1,0,6013,17104864,0,0,0,0,1754659,7506,0,0,0,0,0
3,save at NativeMethodAccessorImpl.java:0,903,854,0,1789806966037,1789806966043,6,False,3,3339079,1,0,6013,16973792,0,0,0,0,690748,2942,0,0,0,0,0
3,save at NativeMethodAccessorImpl.java:0,901,852,0,1789806966036,1789806966044,8,False,5,5254789,1,0,6013,17104864,0,0,0,0,1396089,5948,0,0,0,0,0
3,save at NativeMethodAccessorImpl.java:0,902,853,0,1789806966037,1789806966045,8,False,6,6400591,1,0,6013,17104864,0,0,0,0,1772075,7577,0,0,0,0,0
3,save at NativeMethodAccessorImpl.java:0,905,856,0,1789806966043,1789806966049,6,False,3,3417650,1,0,6013,16973792,0,0,0,0,710568,3029,0,0,0,0,0
3,save at NativeMethodAccessorImpl.java:0,904,855,0,1789806966039,1789806966049,10,False,8,8240480,1,0,6013,17367008,0,0,0,0,2456279,10490,0,0,0,0,0
3,save at NativeMethodAccessorImpl.java:0,907,858,0,1789806966045,1789806966051,6,False,3,3361903,1,0,6013,16973792,0,0,0,0,718731,3066,0,0,0,0,0
3,save at NativeMethodAccessorImpl.java:0,906,857,0,1789806966044,1789806966054,10,False,8,8070980,1,0,6013,17367008,0,0,0,0,2489303,10635,0,0,0,0,0
3,save at NativeMethodAccessorImpl.java:0,908,859,0,1789806966048,1789806966056,8,False,5,5492313,1,0,6013,17104864,0,0,0,0,1378583,5872,0,0,0,0,0
3,save at NativeMethodAccessorImpl.java:0,910,861,0,1789806966051,1789806966059,8,False,5,5950045,1,0,6013,17104864,0,0,0,0,1717631,7347,0,0,0,0,0
3,save at NativeMethodAccessorImpl.java:0,909,860,0,1789806966049,1789806966060,11,False,8,8341640,1,0,6013,17367008,0,0,0,0,2457876,10497,0,0,0,0,0
3,save at NativeMethodAccessorImpl.java:0,911,862,0,1789806966054,1789806966062,8,False,6,6299090,1,0,6013,17104864,0,0,0,0,1725554,7381,0,0,0,0,0
3,save at NativeMethodAccessorImpl.java:0,912,863,0,1789806966056,1789806966064,8,False,6,6065882,1,0,6013,17104864,0,0,0,0,1736756,7427,0,0,0,0,0
3,save at NativeMethodAccessorImpl.java:0,913,864,0,1789806966059,1789806966065,6,False,4,4426562,1,0,6013,17104864,0,0,0,0,1039226,4436,0,0,0,0,0
3,save at NativeMethodAccessorImpl.java:0,914,865,0,1789806966059,1789806966067,8,False,5,5621148,1,0,6013,17104864,0,0,0,0,1389803,5921,0,0,0,0,0
3,save at NativeMethodAccessorImpl.java:0,915,866,0,1789806966062,1789806966071,9,False,6,6415715,1,0,6013,17104864,0,0,0,0,1767433,7566,0,0,0,0,0
3,save at NativeMethodAccessorImpl.java:0,917,868,0,1789806966065,1789806966072,7,False,4,4376803,1,0,6013,17104864,0,0,0,0,1068797,4562,0,0,0,0,0
3,save at NativeMethodAccessorImpl.java:0,916,867,0,1789806966064,1789806966072,8,False,5,5482417,1,0,6013,17104864,0,0,0,0,1410050,6009,0,0,0,0,0
3,save at NativeMethodAccessorImpl.java:0,918,869,0,1789806966067,1789806966078,11,False,8,8214925,1,0,6013,17367008,0,0,0,0,2444232,10442,0,0,0,0,0
3,save at NativeMethodAccessorImpl.java:0,919,870,0,1789806966071,1789806966079,8,False,6,6447713,1,0,6013,17104864,0,0,0,0,1769833,7573,0,0,0,0,0
3,save at NativeMethodAccessorImpl.java:0,920,871,0,1789806966071,1789806966080,9,False,6,6422335,1,0,6013,17104864,0,0,0,0,1040213,4444,0,0,0,0,0
3,save at NativeMethodAccessorImpl.java:0,922,873,0,1789806966077,1789806966084,7,False,3,3628229,1,0,6013,16973792,0,0,0,0,696044,2967,0,0,0,0,0
3,save at NativeMethodAccessorImpl.java:0,921,872,0,1789806966072,1789806966086,14,False,12,12072230,1,0,6013,17891296,0,0,0,0,3864601,16527,0,0,0,0,0
3,save at NativeMethodAccessorImpl.java:0,923,874,0,1789806966079,1789806966088,9,False,5,5304782,2,0,6013,16973792,0,0,0,0,703895,3001,0,0,0,0,0
3,save at NativeMethodAccessorImpl.java:0,925,876,0,1789806966083,1789806966090,7,False,4,4602657,1,0,6013,17104864,0,0,0,0,1066124,4550,0,0,0,0,0
3,save at NativeMethodAccessorImpl.java:0,924,875,0,1789806966080,1789806966091,11,False,8,8610980,1,0,6013,17367008,0,0,0,0,2472589,10556,0,0,0,0,0
3,save at NativeMethodAccessorImpl.java:0,926,877,0,1789806966086,1789806966096,10,False,7,7168921,1,0,6013,17367008,0,0,0,0,2107631,9004,0,0,0,0,0
3,save at NativeMethodAccessorImpl.java:0,929,880,0,1789806966091,1789806966098,7,False,4,4359244,1,0,6013,17104864,0,0,0,0,1063747,4541,0,0,0,0,0
3,save at NativeMethodAccessorImpl.java:0,928,879,0,1789806966090,1789806966098,8,False,5,5260760,1,0,6013,17104864,0,0,0,0,1410508,6010,0,0,0,0,0
3,save at NativeMethodAccessorImpl.java:0,930,881,0,1789806966095,1789806966100,5,False,2,2698651,1,0,6013,16908256,0,0,0,0,372898,1562,0,0,0,0,0
3,save at NativeMethodAccessorImpl.java:0,931,882,0,1789806966097,1789806966106,9,False,4,4936895,2,0,6013,17104864,0,0,0,0,1042323,4453,0,0,0,0,0
3,save at NativeMethodAccessorImpl.java:0,932,883,0,1789806966098,1789806966106,8,False,5,5590838,1,0,6013,17104864,0,0,0,0,1417097,6039,0,0,0,0,0
3,save at NativeMethodAccessorImpl.java:0,927,878,0,1789806966088,1789806966106,18,False,15,15118793,2,0,6013,17367008,0,0,0,0,3158948,13490,0,0,0,0,0
3,save at NativeMethodAccessorImpl.java:0,933,884,0,1789806966100,1789806966109,9,False,6,6145509,1,0,6013,17104864,0,0,0,0,1742525,7457,0,0,0,0,0
3,save at NativeMethodAccessorImpl.java:0,935,886,0,1789806966106,1789806966116,10,False,7,7406095,1,0,6013,17367008,0,0,0,0,2122661,9066,0,0,0,0,0
3,save at NativeMethodAccessorImpl.java:0,937,888,0,1789806966108,1789806966116,8,False,5,5402518,1,0,6013,17104864,0,0,0,0,1405884,5992,0,0,0,0,0
3,save at NativeMethodAccessorImpl.java:0,934,885,0,1789806966105,1789806966117,12,False,8,8617466,1,0,6013,17104864,0,0,0,0,1727582,7388,0,0,0,0,0
3,save at NativeMethodAccessorImpl.java:0,936,887,0,1789806966106,1789806966117,11,False,8,8480375,1,0,6013,17367008,0,0,0,0,2464172,10525,0,0,0,0,0
3,save at NativeMethodAccessorImpl.java:0,941,892,0,1789806966117,1789806966121,4,False,2,2430643,1,0,6013,16908256,0,0,0,0,355028,1485,0,0,0,0,0
3,save at NativeMethodAccessorImpl.java:0,938,889,0,1789806966115,1789806966126,11,False,8,8403460,1,0,6013,17367008,0,0,0,0,2451782,10470,0,0,0,0,0
3,save at NativeMethodAccessorImpl.java:0,939,890,0,1789806966116,1789806966127,11,False,8,8235202,1,0,6013,17367008,0,0,0,0,2468678,10545,0,0,0,0,0
3,save at NativeMethodAccessorImpl.java:0,940,891,0,1789806966116,1789806966128,12,False,7,7876535,2,0,6013,17104864,0,0,0,0,1384878,5899,0,0,0,0,0
3,save at NativeMethodAccessorImpl.java:0,942,893,0,1789806966121,1789806966129,8,False,5,5360826,1,0,6013,17104864,0,0,0,0,1399939,5964,0,0,0,0,0
3,save at NativeMethodAccessorImpl.java:0,943,894,0,1789806966126,1789806966135,9,False,6,6427366,2,0,6013,17104864,0,0,0,0,1742506,7452,0,0,0,0,0
3,save at NativeMethodAccessorImpl.java:0,945,896,0,1789806966127,1789806966136,9,False,5,5049681,2,0,6013,16973792,0,0,0,0,692320,2949,0,0,0,0,0
3,save at NativeMethodAccessorImpl.java:0,946,897,0,1789806966129,1789806966140,11,False,9,9076168,1,0,6013,17367008,0,0,0,0,2840024,12145,0,0,0,0,0
3,save at NativeMethodAccessorImpl.java:0,944,895,0,1789806966127,1789806966141,14,False,11,11920451,1,0,6013,17891296,0,0,0,0,3890293,16631,0,0,0,0,0
3,save at NativeMethodAccessorImpl.java:0,947,898,0,1789806966135,1789806966144,9,False,5,5342935,2,0,6013,16973792,0,0,0,0,708802,3022,0,0,0,0,0
3,save at NativeMethodAccessorImpl.java:0,949,900,0,1789806966140,1789806966151,11,False,5,5103865,1,0,6013,17104864,0,0,0,0,1371327,5838,0,0,0,0,0
3,save at NativeMethodAccessorImpl.java:0,948,899,0,1789806966136,1789806966159,23,False,15,12496045,2,5,6099,17367008,0,0,0,0,2468005,10538,0,0,0,0,0
3,save at NativeMethodAccessorImpl.java:0,952,903,0,1789806966147,1789806966159,12,False,5,3028471,2,2,6056,16908256,0,0,0,0,344752,1440,0,0,0,0,0
3,save at NativeMethodAccessorImpl.java:0,950,901,0,1789806966141,1789806966162,21,False,19,14238049,1,5,6056,17367008,0,0,0,0,3510290,15007,0,0,0,0,0
3,save at NativeMethodAccessorImpl.java:0,951,902,0,1789806966144,1789806966163,19,False,15,9997761,2,5,6056,17104864,0,0,0,0,1769131,7573,0,0,0,0,0
3,save at NativeMethodAccessorImpl.java:0,953,904,0,1789806966159,1789806966171,12,False,9,9043698,2,0,6013,17104864,0,0,0,0,1749671,7487,0,0,0,0,0
3,save at NativeMethodAccessorImpl.java:0,954,905,0,1789806966159,1789806966175,16,False,11,11710072,2,0,6013,17104864,0,0,0,0,1758919,7526,0,0,0,0,0
3,save at NativeMethodAccessorImpl.java:0,956,907,0,1789806966163,1789806966178,15,False,12,12096266,2,0,6013,17367008,0,0,0,0,2471757,10560,0,0,0,0,0
3,save at NativeMethodAccessorImpl.java:0,957,908,0,1789806966171,1789806966179,8,False,5,5634687,1,0,6013,17104864,0,0,0,0,1375086,5856,0,0,0,0,0
3,save at NativeMethodAccessorImpl.java:0,955,906,0,1789806966162,1789806966186,24,False,15,15985352,2,0,6013,17367008,0,0,0,0,3128398,13358,0,0,0,0,0
3,save at NativeMethodAccessorImpl.java:0,958,909,0,1789806966174,1789806966188,14,False,10,6623234,2,4,6056,17104864,0,0,0,0,1054041,4502,0,0,0,0,0
3,save at NativeMethodAccessorImpl.java:0,959,910,0,1789806966178,1789806966190,12,False,8,4831400,2,4,6056,16973792,0,0,0,0,696733,2969,0,0,0,0,0
3,save at NativeMethodAccessorImpl.java:0,960,911,0,1789806966179,1789806966200,21,False,17,11467781,1,6,6056,17367008,0,0,0,0,2760952,11811,0,0,0,0,0
3,save at NativeMethodAccessorImpl.java:0,961,912,0,1789806966186,1789806966200,14,False,10,8027005,2,2,6056,17367008,0,0,0,0,2104103,8989,0,0,0,0,0
3,save at NativeMethodAccessorImpl.java:0,962,913,0,1789806966188,1789806966202,14,False,11,9494372,1,2,6056,17367008,0,0,0,0,2792768,11949,0,0,0,0,0
3,save at NativeMethodAccessorImpl.java:0,963,914,0,1789806966190,1789806966207,17,False,12,12724325,4,2,6056,17367008,0,0,0,0,3160817,13502,0,0,0,0,0
3,save at NativeMethodAccessorImpl.java:0,964,915,0,1789806966200,1789806966208,8,False,5,5743588,1,0,6013,17104864,0,0,0,0,1370850,5833,0,0,0,0,0
3,save at NativeMethodAccessorImpl.java:0,965,916,0,1789806966200,1789806966210,10,False,6,6885007,2,0,6013,17104864,0,0,0,0,1754946,7504,0,0,0,0,0
3,save at NativeMethodAccessorImpl.java:0,966,917,0,1789806966201,1789806966211,10,False,7,7426733,1,0,6013,17367008,0,0,0,0,2095220,8946,0,0,0,0,0
3,save at NativeMethodAccessorImpl.java:0,969,920,0,1789806966209,1789806966222,13,False,8,4999138,1,3,6056,17104864,0,0,0,0,1041015,4447,0,0,0,0,0
3,save at NativeMethodAccessorImpl.java:0,968,919,0,1789806966208,1789806966222,14,False,8,5471946,2,3,6056,16973792,0,0,0,0,716445,3056,0,0,0,0,0
3,save at NativeMethodAccessorImpl.java:0,967,918,0,1789806966207,1789806966222,15,False,11,8122026,2,3,6056,17104864,0,0,0,0,1377261,5865,0,0,0,0,0
3,save at NativeMethodAccessorImpl.java:0,970,921,0,1789806966211,1789806966233,22,False,15,11997801,1,5,6099,17367008,0,0,0,0,3155453,13477,0,0,0,0,0
3,save at NativeMethodAccessorImpl.java:0,973,924,0,1789806966222,1789806966233,11,False,6,5062347,2,2,6056,17104864,0,0,0,0,1038810,4437,0,0,0,0,0
3,save at NativeMethodAccessorImpl.java:0,972,923,0,1789806966222,1789806966235,13,False,9,7583763,3,2,6056,17104864,0,0,0,0,1052146,4493,0,0,0,0,0
3,save at NativeMethodAccessorImpl.java:0,971,922,0,1789806966221,1789806966235,14,False,9,7606321,3,2,6056,17104864,0,0,0,0,1063242,4538,0,0,0,0,0
3,save at NativeMethodAccessorImpl.java:0,975,926,0,1789806966232,1789806966242,10,False,6,6362116,2,0,6013,17104864,0,0,0,0,1077125,4595,0,0,0,0,0
3,save at NativeMethodAccessorImpl.java:0,974,925,0,1789806966232,1789806966247,15,False,11,11305403,2,0,6013,17367008,0,0,0,0,2815367,12046,0,0,0,0,0
3,save at NativeMethodAccessorImpl.java:0,976,927,0,1789806966235,1789806966247,12,False,8,8560098,2,0,6013,17104864,0,0,0,0,1384999,5900,0,0,0,0,0
3,save at NativeMethodAccessorImpl.java:0,978,929,0,1789806966242,1789806966250,8,False,5,5458323,1,0,6013,17104864,0,0,0,0,1401531,5971,0,0,0,0,0
3,save at NativeMethodAccessorImpl.java:0,977,928,0,1789806966235,1789806966250,15,False,11,11759296,2,0,6013,17367008,0,0,0,0,2113402,9027,0,0,0,0,0
3,save at NativeMethodAccessorImpl.java:0,979,930,0,1789806966247,1789806966259,12,False,8,5320416,1,4,6056,17104864,0,0,0,0,1085320,4629,0,0,0,0,0
3,save at NativeMethodAccessorImpl.java:0,981,932,0,1789806966249,1789806966264,15,False,8,7791570,6,4,6056,17104864,0,0,0,0,1403109,5979,0,0,0,0,0
3,save at NativeMethodAccessorImpl.java:0,983,934,0,1789806966258,1789806966266,8,False,4,4508777,1,0,6013,17104864,0,0,0,0,1011842,4326,0,0,0,0,0
3,save at NativeMethodAccessorImpl.java:0,980,931,0,1789806966247,1789806966270,23,False,19,15750229,2,4,6056,17367008,0,0,0,0,2778981,11892,0,0,0,0,0
3,save at NativeMethodAccessorImpl.java:0,982,933,0,1789806966250,1789806966271,21,False,13,13425025,6,4,6056,17367008,0,0,0,0,2792777,11950,0,0,0,0,0
3,save at NativeMethodAccessorImpl.java:0,985,936,0,1789806966266,1789806966272,6,False,4,4279860,1,0,6013,17104864,0,0,0,0,1053026,4497,0,0,0,0,0
3,save at NativeMethodAccessorImpl.java:0,984,935,0,1789806966264,1789806966272,8,False,6,6060509,1,0,6013,17104864,0,0,0,0,1749058,7487,0,0,0,0,0
3,save at NativeMethodAccessorImpl.java:0,987,938,0,1789806966271,1789806966277,6,False,3,3404720,2,0,6013,16908256,0,0,0,0,357488,1496,0,0,0,0,0
3,save at NativeMethodAccessorImpl.java:0,989,940,0,1789806966272,1789806966279,7,False,4,4449230,1,0,6013,17104864,0,0,0,0,1054408,4500,0,0,0,0,0
3,save at NativeMethodAccessorImpl.java:0,988,939,0,1789806966272,1789806966280,8,False,5,5354150,1,0,6013,17104864,0,0,0,0,1424077,6069,0,0,0,0,0
3,save at NativeMethodAccessorImpl.java:0,991,942,0,1789806966279,1789806966286,7,False,5,5088852,1,0,6013,17104864,0,0,0,0,1405592,5988,0,0,0,0,0
3,save at NativeMethodAccessorImpl.java:0,992,943,0,1789806966279,1789806966287,8,False,5,5457518,1,0,6013,17104864,0,0,0,0,1411610,6014,0,0,0,0,0
3,save at NativeMethodAccessorImpl.java:0,986,937,0,1789806966270,1789806966288,18,False,14,14841803,2,0,6013,17367008,0,0,0,0,3141618,13412,0,0,0,0,0
3,save at NativeMethodAccessorImpl.java:0,990,941,0,1789806966277,1789806966293,16,False,12,12136317,2,0,6013,17367008,0,0,0,0,2467540,10541,0,0,0,0,0
3,save at NativeMethodAccessorImpl.java:0,994,945,0,1789806966287,1789806966296,9,False,7,7039688,1,0,6013,17367008,0,0,0,0,2107200,9002,0,0,0,0,0
3,save at NativeMethodAccessorImpl.java:0,993,944,0,1789806966286,1789806966297,11,False,9,9001996,1,0,6013,17367008,0,0,0,0,2834883,12123,0,0,0,0,0
3,save at NativeMethodAccessorImpl.java:0,995,946,0,1789806966287,1789806966302,15,False,10,10572399,2,0,6013,17367008,0,0,0,0,2092957,8938,0,0,0,0,0
3,save at NativeMethodAccessorImpl.java:0,998,949,0,1789806966297,1789806966303,6,False,4,4326613,1,0,6013,17104864,0,0,0,0,1051954,4493,0,0,0,0,0
3,save at NativeMethodAccessorImpl.java:0,997,948,0,1789806966296,1789806966306,10,False,7,7206588,1,0,6013,17367008,0,0,0,0,2103728,8987,0,0,0,0,0
3,save at NativeMethodAccessorImpl.java:0,996,947,0,1789806966292,1789806966307,15,False,10,10866269,2,0,6013,17367008,0,0,0,0,2175198,9288,0,0,0,0,0
3,save at NativeMethodAccessorImpl.java:0,1000,951,0,1789806966303,1789806966311,8,False,6,6160906,1,0,6013,17104864,0,0,0,0,1750508,7490,0,0,0,0,0
3,save at NativeMethodAccessorImpl.java:0,999,950,0,1789806966301,1789806966313,12,False,8,8392947,2,0,6013,17104864,0,0,0,0,1733477,7416,0,0,0,0,0
3,save at NativeMethodAccessorImpl.java:0,1001,952,0,1789806966306,1789806966314,8,False,6,6376298,1,0,6013,17104864,0,0,0,0,1766383,7559,0,0,0,0,0
3,save at NativeMethodAccessorImpl.java:0,1002,953,0,1789806966306,1789806966315,9,False,5,5126625,2,0,6013,17104864,0,0,0,0,1055606,4507,0,0,0,0,0
3,save at NativeMethodAccessorImpl.java:0,1005,956,0,1789806966314,1789806966322,8,False,5,5143364,1,0,6013,17104864,0,0,0,0,1398859,5957,0,0,0,0,0
3,save at NativeMethodAccessorImpl.java:0,1003,954,0,1789806966311,1789806966323,12,False,9,9554170,1,0,6013,17367008,0,0,0,0,3152824,13470,0,0,0,0,0
3,save at NativeMethodAccessorImpl.java:0,1006,957,0,1789806966315,1789806966324,9,False,7,7014602,1,0,6013,17367008,0,0,0,0,2092984,8936,0,0,0,0,0
3,save at NativeMethodAccessorImpl.java:0,1004,955,0,1789806966313,1789806966324,11,False,9,9075821,1,0,6013,17367008,0,0,0,0,2791279,11950,0,0,0,0,0
3,save at NativeMethodAccessorImpl.java:0,1007,958,0,1789806966321,1789806966330,9,False,6,6251493,1,0,6013,17104864,0,0,0,0,1777349,7607,0,0,0,0,0
3,save at NativeMethodAccessorImpl.java:0,1009,960,0,1789806966324,1789806966330,6,False,4,4250836,1,0,6013,17104864,0,0,0,0,1032637,4411,0,0,0,0,0
3,save at NativeMethodAccessorImpl.java:0,1008,959,0,1789806966323,1789806966333,10,False,7,7838711,1,0,6013,17367008,0,0,0,0,2450411,10467,0,0,0,0,0
3,save at NativeMethodAccessorImpl.java:0,1010,961,0,1789806966324,1789806966335,11,False,8,8709884,1,0,6013,17367008,0,0,0,0,2489071,10635,0,0,0,0,0
3,save at NativeMethodAccessorImpl.java:0,1012,963,0,1789806966330,1789806966337,7,False,5,5103435,1,0,6013,17104864,0,0,0,0,1419020,6047,0,0,0,0,0
3,save at NativeMethodAccessorImpl.java:0,1011,962,0,1789806966330,1789806966342,12,False,10,10020445,1,0,6013,17367008,0,0,0,0,3201164,13673,0,0,0,0,0
3,save at NativeMethodAccessorImpl.java:0,1014,965,0,1789806966335,1789806966343,8,False,5,5660081,1,0,6013,17104864,0,0,0,0,1431955,6101,0,0,0,0,0
3,save at NativeMethodAccessorImpl.java:0,1015,966,0,1789806966337,1789806966344,7,False,4,4231775,1,0,6013,17104864,0,0,0,0,1046312,4470,0,0,0,0,0
3,save at NativeMethodAccessorImpl.java:0,1013,964,0,1789806966333,1789806966344,11,False,8,8610909,1,0,6013,17367008,0,0,0,0,2792208,11948,0,0,0,0,0
3,save at NativeMethodAccessorImpl.java:0,1017,968,0,1789806966343,1789806966352,9,False,6,6282878,1,0,6013,17104864,0,0,0,0,1737189,7430,0,0,0,0,0
3,save at NativeMethodAccessorImpl.java:0,1019,970,0,1789806966344,1789806966352,8,False,5,5946623,1,0,6013,17104864,0,0,0,0,1738392,7437,0,0,0,0,0
3,save at NativeMethodAccessorImpl.java:0,1016,967,0,1789806966342,1789806966352,10,False,7,7975096,1,0,6013,17367008,0,0,0,0,2384948,10181,0,0,0,0,0
3,save at NativeMethodAccessorImpl.java:0,1018,969,0,1789806966343,1789806966354,11,False,8,8016912,1,0,6013,17367008,0,0,0,0,2470343,10550,0,0,0,0,0
3,save at NativeMethodAccessorImpl.java:0,1021,972,0,1789806966352,1789806966358,6,False,3,3507681,1,0,6013,16973792,0,0,0,0,715035,3049,0,0,0,0,0
3,save at NativeMethodAccessorImpl.java:0,1022,973,0,1789806966352,1789806966358,6,False,3,3276167,1,0,6013,16973792,0,0,0,0,697244,2972,0,0,0,0,0
3,save at NativeMethodAccessorImpl.java:0,1020,971,0,1789806966352,1789806966360,8,False,6,6190868,1,0,6013,17104864,0,0,0,0,1776674,7603,0,0,0,0,0
3,save at NativeMethodAccessorImpl.java:0,1023,974,0,1789806966353,1789806966362,9,False,6,6160164,1,0,6013,17104864,0,0,0,0,1741859,7454,0,0,0,0,0
3,save at NativeMethodAccessorImpl.java:0,1024,975,0,1789806966358,1789806966366,8,False,6,6594675,1,0,6013,17104864,0,0,0,0,1781048,7624,0,0,0,0,0
3,save at NativeMethodAccessorImpl.java:0,1025,976,0,1789806966358,1789806966369,11,False,9,9115263,1,0,6013,17367008,0,0,0,0,2804285,11996,0,0,0,0,0
3,save at NativeMethodAccessorImpl.java:0,1026,977,0,1789806966360,1789806966371,11,False,8,8953132,1,0,6013,17367008,0,0,0,0,2845693,12177,0,0,0,0,0
3,save at NativeMethodAccessorImpl.java:0,1028,979,0,1789806966366,1789806966371,5,False,2,2519621,1,0,6013,16908256,0,0,0,0,356598,1491,0,0,0,0,0
3,save at NativeMethodAccessorImpl.java:0,1027,978,0,1789806966362,1789806966372,10,False,8,8037732,1,0,6013,17367008,0,0,0,0,2481056,10598,0,0,0,0,0
3,save at NativeMethodAccessorImpl.java:0,1029,980,0,1789806966369,1789806966377,8,False,6,6013279,1,0,6013,17104864,0,0,0,0,1735628,7423,0,0,0,0,0
3,save at NativeMethodAccessorImpl.java:0,1030,981,0,1789806966371,1789806966378,7,False,5,5267695,1,0,6013,17104864,0,0,0,0,1402505,5974,0,0,0,0,0
3,save at NativeMethodAccessorImpl.java:0,1031,982,0,1789806966371,1789806966379,8,False,6,6144997,1,0,6013,17104864,0,0,0,0,1699986,7270,0,0,0,0,0
3,save at NativeMethodAccessorImpl.java:0,1032,983,0,1789806966372,1789806966380,8,False,5,5976664,1,0,6013,17104864,0,0,0,0,1727929,7389,0,0,0,0,0
3,save at NativeMethodAccessorImpl.java:0,1033,984,0,1789806966377,1789806966384,7,False,5,5175089,1,0,6013,17104864,0,0,0,0,1392252,5931,0,0,0,0,0
3,save at NativeMethodAccessorImpl.java:0,1034,985,0,1789806966378,1789806966384,6,False,4,4219287,1,0,6013,17104864,0,0,0,0,1052982,4494,0,0,0,0,0
3,save at NativeMethodAccessorImpl.java:0,1036,987,0,1789806966380,1789806966389,9,False,6,6997602,1,0,6013,17367008,0,0,0,0,2105040,8986,0,0,0,0,0
3,save at NativeMethodAccessorImpl.java:0,1038,989,0,1789806966384,1789806966389,5,False,2,2470434,1,0,6013,16908256,0,0,0,0,368693,1544,0,0,0,0,0
3,save at NativeMethodAccessorImpl.java:0,1035,986,0,1789806966379,1789806966389,10,False,7,7489210,1,0,6013,17367008,0,0,0,0,2109240,9005,0,0,0,0,0
3,save at NativeMethodAccessorImpl.java:0,1037,988,0,1789806966384,1789806966392,8,False,5,5153243,1,0,6013,17104864,0,0,0,0,1383603,5893,0,0,0,0,0
3,save at NativeMethodAccessorImpl.java:0,1041,992,0,1789806966389,1789806966396,7,False,4,4626775,1,0,6013,17104864,0,0,0,0,1039895,4446,0,0,0,0,0
3,save at NativeMethodAccessorImpl.java:0,1042,993,0,1789806966391,1789806966398,7,False,4,4337110,1,0,6013,17104864,0,0,0,0,1048970,4479,0,0,0,0,0
3,save at NativeMethodAccessorImpl.java:0,1039,990,0,1789806966389,1789806966398,9,False,7,7074316,1,0,6013,17367008,0,0,0,0,2061315,8811,0,0,0,0,0
3,save at NativeMethodAccessorImpl.java:0,1040,991,0,1789806966389,1789806966399,10,False,7,7215297,1,0,6013,17367008,0,0,0,0,2068247,8833,0,0,0,0,0
3,save at NativeMethodAccessorImpl.java:0,1046,997,0,1789806966398,1789806966403,5,False,2,2341686,1,0,6013,16908256,0,0,0,0,361845,1515,0,0,0,0,0
3,save at NativeMethodAccessorImpl.java:0,1045,996,0,1789806966398,1789806966404,6,False,4,4190789,1,0,6013,17104864,0,0,0,0,1032379,4410,0,0,0,0,0
3,save at NativeMethodAccessorImpl.java:0,1044,995,0,1789806966398,1789806966404,6,False,4,4343280,1,0,6013,17104864,0,0,0,0,1051291,4490,0,0,0,0,0
3,save at NativeMethodAccessorImpl.java:0,1043,994,0,1789806966396,1789806966405,9,False,7,7242860,1,0,6013,17367008,0,0,0,0,2118622,9044,0,0,0,0,0
3,save at NativeMethodAccessorImpl.java:0,1049,1000,0,1789806966404,1789806966412,8,False,5,5072704,1,0,6013,17104864,0,0,0,0,1399361,5959,0,0,0,0,0
3,save at NativeMethodAccessorImpl.java:0,1047,998,0,1789806966403,1789806966412,9,False,7,7158815,1,0,6013,17367008,0,0,0,0,2099258,8964,0,0,0,0,0
3,save at NativeMethodAccessorImpl.java:0,1048,999,0,1789806966404,1789806966417,13,False,10,10455162,1,0,6013,17367008,0,0,0,0,3471031,14834,0,0,0,0,0
3,save at NativeMethodAccessorImpl.java:0,1050,1001,0,1789806966405,1789806966417,12,False,9,9360601,1,0,6013,17367008,0,0,0,0,2451232,10462,0,0,0,0,0
3,save at NativeMethodAccessorImpl.java:0,1052,1003,0,1789806966412,1789806966422,10,False,7,7161385,1,0,6013,17367008,0,0,0,0,2105766,8994,0,0,0,0,0
3,save at NativeMethodAccessorImpl.java:0,1051,1002,0,1789806966412,1789806966422,10,False,7,7949228,1,0,6013,17367008,0,0,0,0,2400098,10253,0,0,0,0,0
3,save at NativeMethodAccessorImpl.java:0,1053,1004,0,1789806966416,1789806966427,11,False,8,8755183,1,0,6013,17367008,0,0,0,0,2799097,11979,0,0,0,0,0
3,save at NativeMethodAccessorImpl.java:0,1056,1007,0,1789806966422,1789806966427,5,False,3,3295129,1,0,6013,16973792,0,0,0,0,706732,3011,0,0,0,0,0
3,save at NativeMethodAccessorImpl.java:0,1054,1005,0,1789806966417,1789806966428,11,False,9,9070991,1,0,6013,17367008,0,0,0,0,2810440,12028,0,0,0,0,0
3,save at NativeMethodAccessorImpl.java:0,1055,1006,0,1789806966421,1789806966432,11,False,5,5003938,1,3,6099,17104864,0,0,0,0,1044780,4461,0,0,0,0,0
3,save at NativeMethodAccessorImpl.java:0,1058,1009,0,1789806966427,1789806966438,11,False,5,5334840,5,3,6056,17104864,0,0,0,0,1390254,5923,0,0,0,0,0
3,save at NativeMethodAccessorImpl.java:0,1059,1010,0,1789806966428,1789806966439,11,False,5,5292379,4,3,6056,17104864,0,0,0,0,1400471,5967,0,0,0,0,0
3,save at NativeMethodAccessorImpl.java:0,1060,1011,0,1789806966432,1789806966442,10,False,6,6532545,2,0,6013,17104864,0,0,0,0,1373747,5850,0,0,0,0,0
3,save at NativeMethodAccessorImpl.java:0,1057,1008,0,1789806966427,1789806966443,16,False,10,10066199,5,3,6056,17367008,0,0,0,0,3103795,13264,0,0,0,0,0
3,save at NativeMethodAccessorImpl.java:0,1064,1015,0,1789806966443,1789806966447,4,False,2,2306409,1,0,6013,16908256,0,0,0,0,348247,1457,0,0,0,0,0
3,save at NativeMethodAccessorImpl.java:0,1061,1012,0,1789806966438,1789806966448,10,False,7,7377207,1,0,6013,17367008,0,0,0,0,2141436,9140,0,0,0,0,0
3,save at NativeMethodAccessorImpl.java:0,1062,1013,0,1789806966439,1789806966448,9,False,7,7200696,1,0,6013,17367008,0,0,0,0,2093576,8943,0,0,0,0,0
3,save at NativeMethodAccessorImpl.java:0,1063,1014,0,1789806966442,1789806966451,9,False,6,6960869,1,0,6013,17367008,0,0,0,0,2078580,8874,0,0,0,0,0
3,save at NativeMethodAccessorImpl.java:0,1066,1017,0,1789806966447,1789806966453,6,False,3,3317711,1,0,6013,16973792,0,0,0,0,705757,3008,0,0,0,0,0
3,save at NativeMethodAccessorImpl.java:0,1065,1016,0,1789806966447,1789806966454,7,False,5,5426818,1,0,6013,17104864,0,0,0,0,1406302,5991,0,0,0,0,0
3,save at NativeMethodAccessorImpl.java:0,1068,1019,0,1789806966451,1789806966458,7,False,5,5125977,1,0,6013,17104864,0,0,0,0,1402677,5976,0,0,0,0,0
3,save at NativeMethodAccessorImpl.java:0,1069,1020,0,1789806966453,1789806966459,6,False,4,4181701,1,0,6013,17104864,0,0,0,0,1034576,4419,0,0,0,0,0
3,save at NativeMethodAccessorImpl.java:0,1067,1018,0,1789806966448,1789806966460,12,False,9,9776530,1,0,6013,17367008,0,0,0,0,3112570,13295,0,0,0,0,0
3,save at NativeMethodAccessorImpl.java:0,1071,1022,0,1789806966458,1789806966465,7,False,5,5074456,1,0,6013,17104864,0,0,0,0,1394007,5939,0,0,0,0,0
3,save at NativeMethodAccessorImpl.java:0,1070,1021,0,1789806966454,1789806966467,13,False,10,10769272,1,0,6013,17367008,0,0,0,0,3515462,15016,0,0,0,0,0
3,save at NativeMethodAccessorImpl.java:0,1072,1023,0,1789806966459,1789806966468,9,False,7,7059579,1,0,6013,17367008,0,0,0,0,2101811,8974,0,0,0,0,0
3,save at NativeMethodAccessorImpl.java:0,1073,1024,0,1789806966459,1789806966469,10,False,7,7173670,1,0,6013,17367008,0,0,0,0,2098733,8963,0,0,0,0,0
3,save at NativeMethodAccessorImpl.java:0,1075,1026,0,1789806966467,1789806966475,8,False,6,6003525,1,0,6013,17104864,0,0,0,0,1746468,7471,0,0,0,0,0
3,save at NativeMethodAccessorImpl.java:0,1076,1027,0,1789806966468,1789806966475,7,False,5,5047710,1,0,6013,17104864,0,0,0,0,1395904,5943,0,0,0,0,0
3,save at NativeMethodAccessorImpl.java:0,1074,1025,0,1789806966465,1789806966475,10,False,8,8033096,1,0,6013,17367008,0,0,0,0,2475393,10573,0,0,0,0,0
3,save at NativeMethodAccessorImpl.java:0,1077,1028,0,1789806966469,1789806966477,8,False,6,6120025,1,0,6013,17104864,0,0,0,0,1741126,7448,0,0,0,0,0
3,save at NativeMethodAccessorImpl.java:0,1080,1031,0,1789806966475,1789806966483,8,False,5,5328218,1,0,6013,17104864,0,0,0,0,1408234,5998,0,0,0,0,0
3,save at NativeMethodAccessorImpl.java:0,1081,1032,0,1789806966477,1789806966484,7,False,4,4278120,2,0,6013,17104864,0,0,0,0,1043219,4455,0,0,0,0,0
3,save at NativeMethodAccessorImpl.java:0,1078,1029,0,1789806966475,1789806966485,10,False,6,6540525,2,0,6013,17104864,0,0,0,0,1046639,4470,0,0,0,0,0
3,save at NativeMethodAccessorImpl.java:0,1079,1030,0,1789806966475,1789806966486,11,False,7,7813164,2,0,6013,17104864,0,0,0,0,1407566,5994,0,0,0,0,0
3,save at NativeMethodAccessorImpl.java:0,1082,1033,0,1789806966483,1789806966490,7,False,5,5165273,1,0,6013,17104864,0,0,0,0,1388150,5913,0,0,0,0,0
3,save at NativeMethodAccessorImpl.java:0,1083,1034,0,1789806966484,1789806966493,9,False,6,6992606,1,0,6013,17367008,0,0,0,0,2088482,8917,0,0,0,0,0
3,save at NativeMethodAccessorImpl.java:0,1084,1035,0,1789806966485,1789806966497,12,False,9,9138181,2,0,6013,17104864,0,0,0,0,1747485,7479,0,0,0,0,0
3,save at NativeMethodAccessorImpl.java:0,1087,1038,0,1789806966493,1789806966498,5,False,2,2275547,1,0,6013,16908256,0,0,0,0,361851,1514,0,0,0,0,0
3,save at NativeMethodAccessorImpl.java:0,1085,1036,0,1789806966486,1789806966500,14,False,10,10550452,2,0,6013,17367008,0,0,0,0,2102739,8976,0,0,0,0,0
3,save at NativeMethodAccessorImpl.java:0,1086,1037,0,1789806966490,1789806966501,11,False,9,9044964,1,0,6013,17367008,0,0,0,0,2786614,11922,0,0,0,0,0
3,save at NativeMethodAccessorImpl.java:0,1091,1042,0,1789806966501,1789806966507,6,False,4,4345959,1,0,6013,17104864,0,0,0,0,1050815,4488,0,0,0,0,0
3,save at NativeMethodAccessorImpl.java:0,1088,1039,0,1789806966497,1789806966508,11,False,9,9045870,1,0,6013,17367008,0,0,0,0,2859739,12227,0,0,0,0,0
3,save at NativeMethodAccessorImpl.java:0,1089,1040,0,1789806966497,1789806966513,16,False,12,12326235,2,0,6013,17367008,0,0,0,0,2451237,10470,0,0,0,0,0
3,save at NativeMethodAccessorImpl.java:0,1090,1041,0,1789806966500,1789806966514,14,False,10,10702505,2,0,6013,17367008,0,0,0,0,2086684,8913,0,0,0,0,0
3,save at NativeMethodAccessorImpl.java:0,1092,1043,0,1789806966507,1789806966515,8,False,5,5326941,1,0,6013,17104864,0,0,0,0,1432064,6102,0,0,0,0,0
3,save at NativeMethodAccessorImpl.java:0,1093,1044,0,1789806966508,1789806966519,11,False,7,7854355,2,0,6013,17367008,0,0,0,0,2412967,10298,0,0,0,0,0
3,save at NativeMethodAccessorImpl.java:0,1096,1047,0,1789806966515,1789806966522,7,False,5,5019332,1,0,6013,16973792,0,0,0,0,719443,3068,0,0,0,0,0
3,save at NativeMethodAccessorImpl.java:0,1095,1046,0,1789806966514,1789806966523,9,False,6,6323021,2,0,6013,17104864,0,0,0,0,1056847,4511,0,0,0,0,0
3,save at NativeMethodAccessorImpl.java:0,1097,1048,0,1789806966519,1789806966525,6,False,3,3284383,1,0,6013,16973792,0,0,0,0,715325,3050,0,0,0,0,0
3,save at NativeMethodAccessorImpl.java:0,1094,1045,0,1789806966513,1789806966525,12,False,9,9241225,2,0,6013,17104864,0,0,0,0,1750869,7492,0,0,0,0,0
3,save at NativeMethodAccessorImpl.java:0,1099,1050,0,1789806966523,1789806966533,10,False,6,6565396,2,0,6013,17104864,0,0,0,0,1040761,4441,0,0,0,0,0
3,save at NativeMethodAccessorImpl.java:0,1100,1051,0,1789806966525,1789806966533,8,False,6,6070277,1,0,6013,17104864,0,0,0,0,1749662,7486,0,0,0,0,0
3,save at NativeMethodAccessorImpl.java:0,1101,1052,0,1789806966525,1789806966536,11,False,7,7521768,2,0,6013,17104864,0,0,0,0,1361503,5796,0,0,0,0,0
3,save at NativeMethodAccessorImpl.java:0,1103,1054,0,1789806966533,1789806966537,4,False,1,1018002,2,0,6013,65536,0,0,0,0,0,0,0,0,0,0,0
3,save at NativeMethodAccessorImpl.java:0,1098,1049,0,1789806966522,1789806966538,16,False,12,12240781,2,0,6013,17367008,0,0,0,0,2828348,12094,0,0,0,0,0
3,save at NativeMethodAccessorImpl.java:0,1104,1055,0,1789806966536,1789806966543,7,False,5,5263154,1,0,6013,17104864,0,0,0,0,1396793,5948,0,0,0,0,0
3,save at NativeMethodAccessorImpl.java:0,1102,1053,0,1789806966533,1789806966545,12,False,9,9181057,2,0,6013,17367008,0,0,0,0,2804301,11992,0,0,0,0,0
3,save at NativeMethodAccessorImpl.java:0,1106,1057,0,1789806966537,1789806966546,9,False,5,5482540,2,0,6013,17104864,0,0,0,0,1074366,4584,0,0,0,0,0
3,save at NativeMethodAccessorImpl.java:0,1105,1056,0,1789806966537,1789806966547,10,False,7,7963424,1,0,6013,17104864,0,0,0,0,1775442,7600,0,0,0,0,0
3,save at NativeMethodAccessorImpl.java:0,1107,1058,0,1789806966543,1789806966549,6,False,4,4417155,1,0,6013,17104864,0,0,0,0,1037574,4431,0,0,0,0,0
3,save at NativeMethodAccessorImpl.java:0,1109,1060,0,1789806966546,1789806966551,5,False,2,2301338,1,0,6013,16908256,0,0,0,0,362550,1517,0,0,0,0,0
3,save at NativeMethodAccessorImpl.java:0,1112,1063,0,1789806966550,1789806966555,5,False,2,2367397,1,0,6013,16908256,0,0,0,0,363596,1523,0,0,0,0,0
3,save at NativeMethodAccessorImpl.java:0,1108,1059,0,1789806966545,1789806966556,11,False,8,8392938,1,0,6013,17367008,0,0,0,0,2438640,10413,0,0,0,0,0
3,save at NativeMethodAccessorImpl.java:0,1111,1062,0,1789806966549,1789806966556,7,False,4,4367747,1,0,6013,17104864,0,0,0,0,1046856,4470,0,0,0,0,0
3,save at NativeMethodAccessorImpl.java:0,1110,1061,0,1789806966547,1789806966556,9,False,6,6221921,2,0,6013,17104864,0,0,0,0,1733947,7419,0,0,0,0,0
3,save at NativeMethodAccessorImpl.java:0,1113,1064,0,1789806966555,1789806966564,9,False,7,7190788,1,0,6013,17367008,0,0,0,0,2130652,9097,0,0,0,0,0
3,save at NativeMethodAccessorImpl.java:0,1114,1065,0,1789806966556,1789806966567,11,False,9,9005162,1,0,6013,17367008,0,0,0,0,2806388,12007,0,0,0,0,0
3,save at NativeMethodAccessorImpl.java:0,1116,1067,0,1789806966556,1789806966567,11,False,7,7960159,2,0,6013,17104864,0,0,0,0,1743424,7459,0,0,0,0,0
3,save at NativeMethodAccessorImpl.java:0,1115,1066,0,1789806966556,1789806966569,13,False,11,11046850,1,0,6013,17367008,0,0,0,0,3511223,15003,0,0,0,0,0
3,save at NativeMethodAccessorImpl.java:0,1118,1069,0,1789806966567,1789806966574,7,False,4,4405228,1,0,6013,17104864,0,0,0,0,1043402,4457,0,0,0,0,0
3,save at NativeMethodAccessorImpl.java:0,1117,1068,0,1789806966564,1789806966574,10,False,7,7613666,1,0,6013,17367008,0,0,0,0,2102865,8984,0,0,0,0,0
3,save at NativeMethodAccessorImpl.java:0,1120,1071,0,1789806966569,1789806966575,6,False,3,3404243,1,0,6013,16973792,0,0,0,0,710998,3031,0,0,0,0,0
3,save at NativeMethodAccessorImpl.java:0,1119,1070,0,1789806966567,1789806966579,12,False,9,9048417,2,0,6013,17367008,0,0,0,0,2778172,11890,0,0,0,0,0
3,save at NativeMethodAccessorImpl.java:0,1121,1072,0,1789806966574,1789806966581,7,False,5,5145171,1,0,6013,17104864,0,0,0,0,1410646,6007,0,0,0,0,0
3,save at NativeMethodAccessorImpl.java:0,1123,1074,0,1789806966574,1789806966583,9,False,6,6223301,1,0,6013,17104864,0,0,0,0,1744625,7464,0,0,0,0,0
3,save at NativeMethodAccessorImpl.java:0,1122,1073,0,1789806966574,1789806966585,11,False,8,8635483,1,0,6013,17367008,0,0,0,0,2760513,11808,0,0,0,0,0
3,save at NativeMethodAccessorImpl.java:0,1124,1075,0,1789806966579,1789806966589,10,False,8,8948295,1,0,6013,17367008,0,0,0,0,2809433,12022,0,0,0,0,0
3,save at NativeMethodAccessorImpl.java:0,1125,1076,0,1789806966581,1789806966593,12,False,9,9465752,1,0,6013,17367008,0,0,0,0,2828169,12109,0,0,0,0,0
3,save at NativeMethodAccessorImpl.java:0,1126,1077,0,1789806966583,1789806966593,10,False,8,8114742,1,0,6013,17367008,0,0,0,0,2430654,10380,0,0,0,0,0
3,save at NativeMethodAccessorImpl.java:0,1127,1078,0,1789806966585,1789806966594,9,False,7,7123327,2,0,6013,17367008,0,0,0,0,2124862,9073,0,0,0,0,0
3,save at NativeMethodAccessorImpl.java:0,1128,1079,0,1789806966589,1789806966597,8,False,5,5232484,1,0,6013,17104864,0,0,0,0,1404738,5979,0,0,0,0,0
3,save at NativeMethodAccessorImpl.java:0,1129,1080,0,1789806966593,1789806966601,8,False,6,6532946,1,0,6013,17104864,0,0,0,0,1419310,6045,0,0,0,0,0
3,save at NativeMethodAccessorImpl.java:0,1131,1082,0,1789806966594,1789806966602,8,False,5,5272773,1,0,6013,17104864,0,0,0,0,1413787,6025,0,0,0,0,0
3,save at NativeMethodAccessorImpl.java:0,1130,1081,0,1789806966593,1789806966602,9,False,7,7305191,1,0,6013,17367008,0,0,0,0,2160612,9223,0,0,0,0,0
3,save at NativeMethodAccessorImpl.java:0,1132,1083,0,1789806966597,1789806966607,10,False,7,7683877,1,0,6013,17104864,0,0,0,0,1716939,7343,0,0,0,0,0
3,save at NativeMethodAccessorImpl.java:0,1135,1086,0,1789806966602,1789806966610,8,False,5,5499926,1,0,6013,17104864,0,0,0,0,1435582,6119,0,0,0,0,0
3,save at NativeMethodAccessorImpl.java:0,1134,1085,0,1789806966602,1789806966611,9,False,6,6485938,2,0,6013,17104864,0,0,0,0,1052030,4492,0,0,0,0,0
3,save at NativeMethodAccessorImpl.java:0,1133,1084,0,1789806966601,1789806966612,11,False,7,7425320,2,0,6013,17104864,0,0,0,0,1414079,6026,0,0,0,0,0
3,save at NativeMethodAccessorImpl.java:0,1136,1087,0,1789806966607,1789806966618,11,False,7,7908070,2,0,6013,17104864,0,0,0,0,1383947,5894,0,0,0,0,0
3,save at NativeMethodAccessorImpl.java:0,1139,1090,0,1789806966612,1789806966621,9,False,7,7210671,1,0,6013,17367008,0,0,0,0,2088046,8917,0,0,0,0,0
3,save at NativeMethodAccessorImpl.java:0,1137,1088,0,1789806966610,1789806966622,12,False,9,9953475,1,0,6013,17367008,0,0,0,0,3178731,13575,0,0,0,0,0
3,save at NativeMethodAccessorImpl.java:0,1138,1089,0,1789806966611,1789806966625,14,False,10,10645573,2,0,6013,17367008,0,0,0,0,2089605,8924,0,0,0,0,0
3,save at NativeMethodAccessorImpl.java:0,1142,1093,0,1789806966622,1789806966627,5,False,2,2386800,1,0,6013,16908256,0,0,0,0,349452,1461,0,0,0,0,0
3,save at NativeMethodAccessorImpl.java:0,1141,1092,0,1789806966621,1789806966630,9,False,5,5975993,1,0,6013,17104864,0,0,0,0,1752813,7501,0,0,0,0,0
3,save at NativeMethodAccessorImpl.java:0,1140,1091,0,1789806966618,1789806966630,12,False,8,8973908,2,0,6013,17104864,0,0,0,0,1729245,7394,0,0,0,0,0
3,save at NativeMethodAccessorImpl.java:0,1144,1095,0,1789806966627,1789806966642,15,False,9,6258577,1,4,6099,17104864,0,0,0,0,1731469,7405,0,0,0,0,0
3,save at NativeMethodAccessorImpl.java:0,1143,1094,0,1789806966625,1789806966644,19,False,15,10538404,2,4,6056,17104864,0,0,0,0,1748685,7481,0,0,0,0,0
3,save at NativeMethodAccessorImpl.java:0,1145,1096,0,1789806966629,1789806966651,22,False,19,14290166,1,4,6056,17367008,0,0,0,0,3189795,13623,0,0,0,0,0
3,save at NativeMethodAccessorImpl.java:0,1146,1097,0,1789806966630,1789806966658,28,False,21,19519296,5,4,6056,17367008,0,0,0,0,3826340,16365,0,0,0,0,0
3,save at NativeMethodAccessorImpl.java:0,1148,1099,0,1789806966644,1789806966660,16,False,12,12756320,2,0,6013,17367008,0,0,0,0,2095172,8947,0,0,0,0,0
3,save at NativeMethodAccessorImpl.java:0,1149,1100,0,1789806966651,1789806966663,12,False,8,8254246,2,0,6013,17104864,0,0,0,0,1439990,6136,0,0,0,0,0
3,save at NativeMethodAccessorImpl.java:0,1147,1098,0,1789806966642,1789806966663,21,False,16,16480217,3,0,6013,17367008,0,0,0,0,2788964,11931,0,0,0,0,0
3,save at NativeMethodAccessorImpl.java:0,1150,1101,0,1789806966658,1789806966679,21,False,15,11721718,2,3,6056,17367008,0,0,0,0,2104658,8986,0,0,0,0,0
3,save at NativeMethodAccessorImpl.java:0,1151,1102,0,1789806966660,1789806966679,19,False,13,9655937,2,3,6056,17104864,0,0,0,0,1719005,7349,0,0,0,0,0
3,save at NativeMethodAccessorImpl.java:0,1152,1103,0,1789806966663,1789806966682,19,False,15,12025644,2,3,6056,17367008,0,0,0,0,2466929,10528,0,0,0,0,0
3,save at NativeMethodAccessorImpl.java:0,1153,1104,0,1789806966663,1789806966682,19,False,15,11817011,2,3,6056,17367008,0,0,0,0,2446511,10443,0,0,0,0,0
3,save at NativeMethodAccessorImpl.java:0,1154,1105,0,1789806966678,1789806966687,9,False,5,5242149,2,0,6013,16973792,0,0,0,0,696735,2969,0,0,0,0,0
3,save at NativeMethodAccessorImpl.java:0,1157,1108,0,1789806966682,1789806966689,7,False,4,4579363,2,0,6013,17104864,0,0,0,0,1062469,4533,0,0,0,0,0
3,save at NativeMethodAccessorImpl.java:0,1156,1107,0,1789806966682,1789806966690,8,False,5,5469675,2,0,6013,17104864,0,0,0,0,1414221,6021,0,0,0,0,0
3,save at NativeMethodAccessorImpl.java:0,1155,1106,0,1789806966679,1789806966694,15,False,11,11335120,3,0,6013,17367008,0,0,0,0,3148116,13445,0,0,0,0,0
3,save at NativeMethodAccessorImpl.java:0,1158,1109,0,1789806966687,1789806966694,7,False,5,5261325,1,0,6013,17104864,0,0,0,0,1450391,6183,0,0,0,0,0
3,save at NativeMethodAccessorImpl.java:0,1159,1110,0,1789806966689,1789806966696,7,False,4,4575401,1,0,6013,17104864,0,0,0,0,1026703,4384,0,0,0,0,0
3,save at NativeMethodAccessorImpl.java:0,1160,1111,0,1789806966690,1789806966701,11,False,8,8790409,1,0,6013,17367008,0,0,0,0,2774105,11864,0,0,0,0,0
3,save at NativeMethodAccessorImpl.java:0,1161,1112,0,1789806966693,1789806966703,10,False,7,7006829,1,0,6013,17367008,0,0,0,0,2089552,8924,0,0,0,0,0
3,save at NativeMethodAccessorImpl.java:0,1163,1114,0,1789806966696,1789806966704,8,False,6,6315013,1,0,6013,17104864,0,0,0,0,1767325,7562,0,0,0,0,0
3,save at NativeMethodAccessorImpl.java:0,1162,1113,0,1789806966694,1789806966708,14,False,11,11514091,1,0,6013,17367008,0,0,0,0,3798585,16244,0,0,0,0,0
3,save at NativeMethodAccessorImpl.java:0,1164,1115,0,1789806966701,1789806966709,8,False,6,6256640,1,0,6013,17104864,0,0,0,0,1724590,7378,0,0,0,0,0
3,save at NativeMethodAccessorImpl.java:0,1166,1117,0,1789806966704,1789806966713,9,False,7,7157470,1,0,6013,17367008,0,0,0,0,2104224,8987,0,0,0,0,0
3,save at NativeMethodAccessorImpl.java:0,1168,1119,0,1789806966709,1789806966714,5,False,3,3267889,1,0,6013,16973792,0,0,0,0,702410,2994,0,0,0,0,0
3,save at NativeMethodAccessorImpl.java:0,1165,1116,0,1789806966702,1789806966716,14,False,11,11569156,1,0,6013,17891296,0,0,0,0,3875654,16565,0,0,0,0,0
3,save at NativeMethodAccessorImpl.java:0,1167,1118,0,1789806966708,1789806966717,9,False,7,7168069,1,0,6013,17367008,0,0,0,0,2105051,8993,0,0,0,0,0
3,save at NativeMethodAccessorImpl.java:0,1169,1120,0,1789806966713,1789806966720,7,False,4,4517605,1,0,6013,17104864,0,0,0,0,1068728,4560,0,0,0,0,0
3,save at NativeMethodAccessorImpl.java:0,1170,1121,0,1789806966714,1789806966724,10,False,8,8202264,1,0,6013,17367008,0,0,0,0,2467372,10538,0,0,0,0,0
3,save at NativeMethodAccessorImpl.java:0,1171,1122,0,1789806966716,1789806966724,8,False,6,6117850,1,0,6013,17104864,0,0,0,0,1784267,7634,0,0,0,0,0
3,save at NativeMethodAccessorImpl.java:0,1173,1124,0,1789806966720,1789806966726,6,False,4,4346722,1,0,6013,17104864,0,0,0,0,1035038,4420,0,0,0,0,0
3,save at NativeMethodAccessorImpl.java:0,1172,1123,0,1789806966717,1789806966727,10,False,7,7166307,1,0,6013,17367008,0,0,0,0,2138091,9130,0,0,0,0,0
3,save at NativeMethodAccessorImpl.java:0,1175,1126,0,1789806966724,1789806966731,7,False,4,4265341,1,0,6013,17104864,0,0,0,0,1047615,4473,0,0,0,0,0
3,save at NativeMethodAccessorImpl.java:0,1176,1127,0,1789806966726,1789806966732,6,False,3,3335143,1,0,6013,16973792,0,0,0,0,715513,3053,0,0,0,0,0
3,save at NativeMethodAccessorImpl.java:0,1174,1125,0,1789806966724,1789806966733,9,False,6,6393325,1,0,6013,17104864,0,0,0,0,1785009,7637,0,0,0,0,0
3,save at NativeMethodAccessorImpl.java:0,1177,1128,0,1789806966727,1789806966735,8,False,6,6004197,1,0,6013,17104864,0,0,0,0,1737194,7432,0,0,0,0,0
3,save at NativeMethodAccessorImpl.java:0,1179,1130,0,1789806966731,1789806966738,7,False,4,4333347,1,0,6013,17104864,0,0,0,0,1033320,4417,0,0,0,0,0
3,save at NativeMethodAccessorImpl.java:0,1178,1129,0,1789806966731,1789806966740,9,False,7,7104389,1,0,6013,17367008,0,0,0,0,2103047,8986,0,0,0,0,0
3,save at NativeMethodAccessorImpl.java:0,1181,1132,0,1789806966734,1789806966741,7,False,4,4383136,1,0,6013,17104864,0,0,0,0,1047720,4475,0,0,0,0,0
3,save at NativeMethodAccessorImpl.java:0,1180,1131,0,1789806966733,1789806966741,8,False,6,6180989,1,0,6013,17104864,0,0,0,0,1743684,7463,0,0,0,0,0
3,save at NativeMethodAccessorImpl.java:0,1182,1133,0,1789806966738,1789806966745,7,False,5,5500718,1,0,6013,17104864,0,0,0,0,1435018,6117,0,0,0,0,0
3,save at NativeMethodAccessorImpl.java:0,1183,1134,0,1789806966740,1789806966747,7,False,5,5016367,1,0,6013,17104864,0,0,0,0,1392518,5932,0,0,0,0,0
3,save at NativeMethodAccessorImpl.java:0,1185,1136,0,1789806966741,1789806966749,8,False,5,5413813,1,0,6013,17104864,0,0,0,0,1411212,6011,0,0,0,0,0
3,save at NativeMethodAccessorImpl.java:0,1184,1135,0,1789806966741,1789806966749,8,False,6,6036234,1,0,6013,17104864,0,0,0,0,1743686,7461,0,0,0,0,0
3,save at NativeMethodAccessorImpl.java:0,1188,1139,0,1789806966748,1789806966753,5,False,2,2372740,1,0,6013,16908256,0,0,0,0,367405,1539,0,0,0,0,0
3,save at NativeMethodAccessorImpl.java:0,1187,1138,0,1789806966747,1789806966755,8,False,5,5902836,1,0,6013,17104864,0,0,0,0,1754134,7507,0,0,0,0,0
3,save at NativeMethodAccessorImpl.java:0,1189,1140,0,1789806966749,1789806966757,8,False,6,6203715,1,0,6013,17104864,0,0,0,0,1765574,7560,0,0,0,0,0
3,save at NativeMethodAccessorImpl.java:0,1186,1137,0,1789806966745,1789806966757,12,False,10,10027543,1,0,6013,17367008,0,0,0,0,3187189,13614,0,0,0,0,0
3,save at NativeMethodAccessorImpl.java:0,1190,1141,0,1789806966753,1789806966760,7,False,5,5362911,1,0,6013,17104864,0,0,0,0,1402399,5974,0,0,0,0,0
3,save at NativeMethodAccessorImpl.java:0,1191,1142,0,1789806966755,1789806966762,7,False,5,5156649,1,0,6013,17104864,0,0,0,0,1417116,6040,0,0,0,0,0
3,save at NativeMethodAccessorImpl.java:0,1193,1144,0,1789806966757,1789806966766,9,False,7,7208953,1,0,6013,17367008,0,0,0,0,2089997,8925,0,0,0,0,0
3,save at NativeMethodAccessorImpl.java:0,1192,1143,0,1789806966757,1789806966767,10,False,8,8238219,1,0,6013,17367008,0,0,0,0,2471867,10559,0,0,0,0,0
3,save at NativeMethodAccessorImpl.java:0,1194,1145,0,1789806966760,1789806966769,9,False,6,6000737,1,0,6013,17104864,0,0,0,0,1725146,7380,0,0,0,0,0
3,save at NativeMethodAccessorImpl.java:0,1195,1146,0,1789806966762,1789806966771,9,False,7,7790250,1,0,6013,17367008,0,0,0,0,2416258,10320,0,0,0,0,0
3,save at NativeMethodAccessorImpl.java:0,1197,1148,0,1789806966767,1789806966773,6,False,4,4247455,1,0,6013,17104864,0,0,0,0,1027876,4391,0,0,0,0,0
3,save at NativeMethodAccessorImpl.java:0,1196,1147,0,1789806966766,1789806966776,10,False,7,7275718,1,0,6013,17367008,0,0,0,0,2081065,8887,0,0,0,0,0
3,save at NativeMethodAccessorImpl.java:0,1200,1151,0,1789806966773,1789806966778,5,False,3,3276455,1,0,6013,16973792,0,0,0,0,706787,3012,0,0,0,0,0
3,save at NativeMethodAccessorImpl.java:0,1198,1149,0,1789806966768,1789806966780,12,False,9,9816923,1,0,6013,17367008,0,0,0,0,3135672,13396,0,0,0,0,0
3,save at NativeMethodAccessorImpl.java:0,1199,1150,0,1789806966771,1789806966780,9,False,6,6896854,1,0,6013,17367008,0,0,0,0,2107824,8998,0,0,0,0,0
3,save at NativeMethodAccessorImpl.java:0,1201,1152,0,1789806966776,1789806966783,7,False,5,5447023,1,0,6013,17104864,0,0,0,0,1424071,6068,0,0,0,0,0
3,save at NativeMethodAccessorImpl.java:0,1205,1156,0,1789806966783,1789806966787,4,False,2,2289526,1,0,6013,16908256,0,0,0,0,341659,1427,0,0,0,0,0
3,save at NativeMethodAccessorImpl.java:0,1202,1153,0,1789806966778,1789806966789,11,False,8,8147738,1,0,6013,17367008,0,0,0,0,2464705,10524,0,0,0,0,0
3,save at NativeMethodAccessorImpl.java:0,1204,1155,0,1789806966780,1789806966789,9,False,6,6868219,1,0,6013,17367008,0,0,0,0,2092472,8937,0,0,0,0,0
3,save at NativeMethodAccessorImpl.java:0,1203,1154,0,1789806966780,1789806966790,10,False,7,7386047,1,0,6013,17367008,0,0,0,0,2118248,9048,0,0,0,0,0
3,save at NativeMethodAccessorImpl.java:0,1207,1158,0,1789806966788,1789806966794,6,False,3,3326977,1,0,6013,16973792,0,0,0,0,717114,3061,0,0,0,0,0
3,save at NativeMethodAccessorImpl.java:0,1208,1159,0,1789806966789,1789806966795,6,False,4,4351238,1,0,6013,17104864,0,0,0,0,1069094,4563,0,0,0,0,0
3,save at NativeMethodAccessorImpl.java:0,1206,1157,0,1789806966787,1789806966797,10,False,7,7622903,1,0,6013,17367008,0,0,0,0,2109396,9006,0,0,0,0,0
3,save at NativeMethodAccessorImpl.java:0,1209,1160,0,1789806966790,1789806966800,10,False,8,8101533,1,0,6013,17367008,0,0,0,0,2497011,10672,0,0,0,0,0
3,save at NativeMethodAccessorImpl.java:0,1211,1162,0,1789806966795,1789806966802,7,False,5,5114952,1,0,6013,17104864,0,0,0,0,1387519,5909,0,0,0,0,0
3,save at NativeMethodAccessorImpl.java:0,1212,1163,0,1789806966797,1789806966804,7,False,4,4355628,1,0,6013,17104864,0,0,0,0,1029507,4398,0,0,0,0,0
3,save at NativeMethodAccessorImpl.java:0,1210,1161,0,1789806966794,1789806966805,11,False,9,9035180,1,0,6013,17367008,0,0,0,0,2789567,11936,0,0,0,0,0
3,save at NativeMethodAccessorImpl.java:0,1214,1165,0,1789806966802,1789806966807,5,False,2,2303669,1,0,6013,16908256,0,0,0,0,363574,1522,0,0,0,0,0
3,save at NativeMethodAccessorImpl.java:0,1213,1164,0,1789806966800,1789806966808,8,False,6,6391356,1,0,6013,17104864,0,0,0,0,1766569,7556,0,0,0,0,0
3,save at NativeMethodAccessorImpl.java:0,1215,1166,0,1789806966803,1789806966810,7,False,4,4329516,1,0,6013,17104864,0,0,0,0,1027208,4388,0,0,0,0,0
3,save at NativeMethodAccessorImpl.java:0,1216,1167,0,1789806966805,1789806966811,6,False,4,4276474,1,0,6013,17104864,0,0,0,0,1072104,4575,0,0,0,0,0
3,save at NativeMethodAccessorImpl.java:0,1217,1168,0,1789806966807,1789806966814,7,False,5,5006228,1,0,6013,17104864,0,0,0,0,1395014,5941,0,0,0,0,0
3,save at NativeMethodAccessorImpl.java:0,1219,1170,0,1789806966810,1789806966817,7,False,5,5226101,1,0,6013,17104864,0,0,0,0,1398075,5956,0,0,0,0,0
3,save at NativeMethodAccessorImpl.java:0,1218,1169,0,1789806966808,1789806966819,11,False,7,7975407,1,0,6013,17367008,0,0,0,0,2443231,10429,0,0,0,0,0
3,save at NativeMethodAccessorImpl.java:0,1220,1171,0,1789806966811,1789806966820,9,False,7,7060571,1,0,6013,17367008,0,0,0,0,2091503,8919,0,0,0,0,0
3,save at NativeMethodAccessorImpl.java:0,1221,1172,0,1789806966814,1789806966824,10,False,7,7981506,1,0,6013,17367008,0,0,0,0,2441282,10424,0,0,0,0,0
3,save at NativeMethodAccessorImpl.java:0,1222,1173,0,1789806966817,1789806966825,8,False,6,6303966,1,0,6013,17104864,0,0,0,0,1716354,7341,0,0,0,0,0
3,save at NativeMethodAccessorImpl.java:0,1223,1174,0,1789806966818,1789806966827,9,False,6,6200526,1,0,6013,17104864,0,0,0,0,1739016,7438,0,0,0,0,0
3,save at NativeMethodAccessorImpl.java:0,1224,1175,0,1789806966820,1789806966830,10,False,7,7245172,1,0,6013,17367008,0,0,0,0,2081416,8888,0,0,0,0,0
3,save at NativeMethodAccessorImpl.java:0,1226,1177,0,1789806966825,1789806966836,11,False,8,8670844,1,0,6013,17367008,0,0,0,0,2761331,11812,0,0,0,0,0
3,save at NativeMethodAccessorImpl.java:0,1225,1176,0,1789806966824,1789806966836,12,False,10,10519986,1,0,6013,17367008,0,0,0,0,3560569,15223,0,0,0,0,0
3,save at NativeMethodAccessorImpl.java:0,1228,1179,0,1789806966830,1789806966837,7,False,5,5253562,1,0,6013,17104864,0,0,0,0,1411059,6014,0,0,0,0,0
3,save at NativeMethodAccessorImpl.java:0,1227,1178,0,1789806966826,1789806966838,12,False,8,8970098,1,0,6013,17367008,0,0,0,0,2807702,12013,0,0,0,0,0
3,save at NativeMethodAccessorImpl.java:0,1230,1181,0,1789806966836,1789806966846,10,False,7,4517721,1,3,6056,17104864,0,0,0,0,1057324,4514,0,0,0,0,0
3,save at NativeMethodAccessorImpl.java:0,1229,1180,0,1789806966836,1789806966846,10,False,7,4836303,1,3,6056,17104864,0,0,0,0,1035483,4423,0,0,0,0,0
3,save at NativeMethodAccessorImpl.java:0,1232,1183,0,1789806966838,1789806966847,9,False,3,3299630,4,3,6056,16973792,0,0,0,0,704256,2999,0,0,0,0,0
3,save at NativeMethodAccessorImpl.java:0,1231,1182,0,1789806966837,1789806966848,11,False,8,5802208,1,3,6056,17104864,0,0,0,0,1416487,6034,0,0,0,0,0
3,save at NativeMethodAccessorImpl.java:0,1233,1184,0,1789806966846,1789806966849,3,False,0,903686,2,0,5970,65536,0,0,0,0,0,0,0,0,0,0,0
3,save at NativeMethodAccessorImpl.java:0,1235,1186,0,1789806966846,1789806966853,7,False,4,4588395,1,0,6013,17104864,0,0,0,0,1053911,4499,0,0,0,0,0
3,save at NativeMethodAccessorImpl.java:0,1234,1185,0,1789806966846,1789806966853,7,False,5,5172824,1,0,6013,17104864,0,0,0,0,1396383,5949,0,0,0,0,0
3,save at NativeMethodAccessorImpl.java:0,1237,1188,0,1789806966849,1789806966856,7,False,4,4284232,1,0,6013,17104864,0,0,0,0,1039188,4439,0,0,0,0,0
3,save at NativeMethodAccessorImpl.java:0,1236,1187,0,1789806966847,1789806966857,10,False,7,7164489,1,0,6013,17367008,0,0,0,0,2121535,9062,0,0,0,0,0
3,save at NativeMethodAccessorImpl.java:0,1239,1190,0,1789806966853,1789806966859,6,False,4,4206438,1,0,6013,17104864,0,0,0,0,1050024,4484,0,0,0,0,0
3,save at NativeMethodAccessorImpl.java:0,1242,1193,0,1789806966859,1789806966865,6,False,3,3297033,1,0,6013,16973792,0,0,0,0,713578,3042,0,0,0,0,0
3,save at NativeMethodAccessorImpl.java:0,1240,1191,0,1789806966855,1789806966865,10,False,7,7071867,1,0,6013,17367008,0,0,0,0,2087323,8917,0,0,0,0,0
3,save at NativeMethodAccessorImpl.java:0,1238,1189,0,1789806966853,1789806966865,12,False,9,9022150,2,0,6013,17367008,0,0,0,0,2809003,12021,0,0,0,0,0
3,save at NativeMethodAccessorImpl.java:0,1241,1192,0,1789806966857,1789806966867,10,False,7,7965518,1,0,6013,17367008,0,0,0,0,2459178,10504,0,0,0,0,0
3,save at NativeMethodAccessorImpl.java:0,1246,1197,0,1789806966866,1789806966870,4,False,0,897631,1,0,5970,65536,0,0,0,0,0,0,0,0,0,0,0
3,save at NativeMethodAccessorImpl.java:0,1245,1196,0,1789806966865,1789806966870,5,False,2,2668084,1,0,6013,16908256,0,0,0,0,370978,1554,0,0,0,0,0
3,save at NativeMethodAccessorImpl.java:0,1243,1194,0,1789806966864,1789806966873,9,False,7,7021790,1,0,6013,17367008,0,0,0,0,2106404,8994,0,0,0,0,0
3,save at NativeMethodAccessorImpl.java:0,1244,1195,0,1789806966865,1789806966876,11,False,9,9324783,1,0,6013,17367008,0,0,0,0,2093085,8942,0,0,0,0,0
3,save at NativeMethodAccessorImpl.java:0,1248,1199,0,1789806966869,1789806966878,9,False,4,4843278,2,0,6013,16973792,0,0,0,0,694589,2959,0,0,0,0,0
3,save at NativeMethodAccessorImpl.java:0,1247,1198,0,1789806966869,1789806966878,9,False,6,6423994,1,0,6013,17104864,0,0,0,0,1716415,7338,0,0,0,0,0
3,save at NativeMethodAccessorImpl.java:0,1249,1200,0,1789806966873,1789806966879,6,False,4,4148794,1,0,6013,17104864,0,0,0,0,1058862,4524,0,0,0,0,0
3,save at NativeMethodAccessorImpl.java:0,1252,1203,0,1789806966878,1789806966886,8,False,6,6105585,1,0,6013,17104864,0,0,0,0,1717857,7346,0,0,0,0,0
3,save at NativeMethodAccessorImpl.java:0,1250,1201,0,1789806966876,1789806966887,11,False,7,7993611,2,0,6013,17104864,0,0,0,0,1409440,6004,0,0,0,0,0
3,save at NativeMethodAccessorImpl.java:0,1251,1202,0,1789806966877,1789806966887,10,False,6,6646260,2,0,6013,17104864,0,0,0,0,1069802,4566,0,0,0,0,0
3,save at NativeMethodAccessorImpl.java:0,1253,1204,0,1789806966879,1789806966888,9,False,6,6972376,1,0,6013,17367008,0,0,0,0,2087284,8915,0,0,0,0,0
3,save at NativeMethodAccessorImpl.java:0,1254,1205,0,1789806966886,1789806966893,7,False,5,5236787,1,0,6013,17104864,0,0,0,0,1418265,6039,0,0,0,0,0
3,save at NativeMethodAccessorImpl.java:0,1257,1208,0,1789806966888,1789806966895,7,False,4,4368081,1,0,6013,17104864,0,0,0,0,1077152,4595,0,0,0,0,0
3,save at NativeMethodAccessorImpl.java:0,1256,1207,0,1789806966887,1789806966900,13,False,9,9397182,2,0,6013,17104864,0,0,0,0,1770900,7575,0,0,0,0,0
3,save at NativeMethodAccessorImpl.java:0,1259,1210,0,1789806966895,1789806966901,6,False,4,4184935,1,0,6013,17104864,0,0,0,0,1041060,4446,0,0,0,0,0
3,save at NativeMethodAccessorImpl.java:0,1258,1209,0,1789806966893,1789806966901,8,False,5,5341579,1,0,6013,17104864,0,0,0,0,1428835,6086,0,0,0,0,0
3,save at NativeMethodAccessorImpl.java:0,1255,1206,0,1789806966887,1789806966907,20,False,16,16373597,2,0,6013,17367008,0,0,0,0,3482254,14879,0,0,0,0,0
3,save at NativeMethodAccessorImpl.java:0,1262,1213,0,1789806966901,1789806966909,8,False,6,6013318,1,0,6013,17104864,0,0,0,0,1704542,7289,0,0,0,0,0
3,save at NativeMethodAccessorImpl.java:0,1260,1211,0,1789806966900,1789806966910,10,False,6,6323255,2,0,6013,17104864,0,0,0,0,1070548,4570,0,0,0,0,0
3,save at NativeMethodAccessorImpl.java:0,1261,1212,0,1789806966901,1789806966910,9,False,7,7279196,1,0,6013,17367008,0,0,0,0,2101502,8975,0,0,0,0,0
3,save at NativeMethodAccessorImpl.java:0,1266,1217,0,1789806966910,1789806966918,8,False,5,5362667,1,0,6013,17104864,0,0,0,0,1432607,6101,0,0,0,0,0
3,save at NativeMethodAccessorImpl.java:0,1264,1215,0,1789806966909,1789806966919,10,False,7,7565477,1,0,6013,17367008,0,0,0,0,2139262,9136,0,0,0,0,0
3,save at NativeMethodAccessorImpl.java:0,1265,1216,0,1789806966909,1789806966922,13,False,9,9188732,2,0,6013,17104864,0,0,0,0,1754560,7509,0,0,0,0,0
3,save at NativeMethodAccessorImpl.java:0,1263,1214,0,1789806966907,1789806966923,16,False,13,13390546,2,0,6013,17367008,0,0,0,0,2805139,11999,0,0,0,0,0
3,save at NativeMethodAccessorImpl.java:0,1267,1218,0,1789806966917,1789806966925,8,False,5,5442847,1,0,6013,17104864,0,0,0,0,1430373,6097,0,0,0,0,0
3,save at NativeMethodAccessorImpl.java:0,1268,1219,0,1789806966919,1789806966927,8,False,5,5928151,1,0,6013,17104864,0,0,0,0,1764944,7553,0,0,0,0,0
3,save at NativeMethodAccessorImpl.java:0,1271,1222,0,1789806966925,1789806966932,7,False,4,4155803,1,0,6013,17104864,0,0,0,0,1026253,4384,0,0,0,0,0
3,save at NativeMethodAccessorImpl.java:0,1269,1220,0,1789806966922,1789806966934,12,False,9,9361617,2,0,6013,17104864,0,0,0,0,1757962,7521,0,0,0,0,0
3,save at NativeMethodAccessorImpl.java:0,1270,1221,0,1789806966923,1789806966935,12,False,8,8970199,2,0,6013,17104864,0,0,0,0,1738856,7438,0,0,0,0,0
3,save at NativeMethodAccessorImpl.java:0,1272,1223,0,1789806966926,1789806966938,12,False,9,9022195,1,0,6013,17367008,0,0,0,0,2844861,12174,0,0,0,0,0
3,save at NativeMethodAccessorImpl.java:0,1274,1225,0,1789806966934,1789806966941,7,False,4,4293691,1,0,6013,17104864,0,0,0,0,1055718,4506,0,0,0,0,0
3,save at NativeMethodAccessorImpl.java:0,1273,1224,0,1789806966931,1789806966941,10,False,7,7709127,1,0,6013,17367008,0,0,0,0,2105747,8993,0,0,0,0,0
3,save at NativeMethodAccessorImpl.java:0,1275,1226,0,1789806966935,1789806966943,8,False,5,5348002,1,0,6013,17104864,0,0,0,0,1416766,6038,0,0,0,0,0
3,save at NativeMethodAccessorImpl.java:0,1277,1228,0,1789806966940,1789806966945,5,False,2,2297973,1,0,6013,16908256,0,0,0,0,359021,1503,0,0,0,0,0
3,save at NativeMethodAccessorImpl.java:0,1276,1227,0,1789806966937,1789806966946,9,False,5,5868680,1,0,6013,17104864,0,0,0,0,1730387,7400,0,0,0,0,0
3,save at NativeMethodAccessorImpl.java:0,1281,1232,0,1789806966945,1789806966953,8,False,5,5269101,1,0,6013,17104864,0,0,0,0,1412619,6014,0,0,0,0,0
3,save at NativeMethodAccessorImpl.java:0,1279,1230,0,1789806966943,1789806966954,11,False,8,8794050,1,0,6013,17367008,0,0,0,0,2811634,12027,0,0,0,0,0
3,save at NativeMethodAccessorImpl.java:0,1278,1229,0,1789806966941,1789806966955,14,False,11,11099963,1,0,6013,17367008,0,0,0,0,2502272,10690,0,0,0,0,0
3,save at NativeMethodAccessorImpl.java:0,1280,1231,0,1789806966945,1789806966957,12,False,9,9775999,1,0,6013,17367008,0,0,0,0,3155483,13483,0,0,0,0,0
3,save at NativeMethodAccessorImpl.java:0,1284,1235,0,1789806966954,1789806966961,7,False,4,4262420,1,0,6013,17104864,0,0,0,0,1057844,4517,0,0,0,0,0
3,save at NativeMethodAccessorImpl.java:0,1282,1233,0,1789806966953,1789806966963,10,False,8,8128004,1,0,6013,17367008,0,0,0,0,2489658,10639,0,0,0,0,0
3,save at NativeMethodAccessorImpl.java:0,1283,1234,0,1789806966954,1789806966964,10,False,8,8043257,1,0,6013,17367008,0,0,0,0,2489312,10631,0,0,0,0,0
3,save at NativeMethodAccessorImpl.java:0,1285,1236,0,1789806966957,1789806966967,10,False,8,8050218,1,0,6013,17367008,0,0,0,0,2489154,10632,0,0,0,0,0
3,save at NativeMethodAccessorImpl.java:0,1286,1237,0,1789806966961,1789806966971,10,False,7,7826714,1,0,6013,17367008,0,0,0,0,2459881,10503,0,0,0,0,0
3,save at NativeMethodAccessorImpl.java:0,1287,1238,0,1789806966963,1789806966971,8,False,5,5872007,1,0,6013,17104864,0,0,0,0,1736146,7432,0,0,0,0,0
3,save at NativeMethodAccessorImpl.java:0,1288,1239,0,1789806966964,1789806966972,8,False,6,6195529,1,0,6013,17104864,0,0,0,0,1746818,7474,0,0,0,0,0
3,save at NativeMethodAccessorImpl.java:0,1291,1242,0,1789806966971,1789806966977,6,False,4,4310521,1,0,6013,17104864,0,0,0,0,1056977,4513,0,0,0,0,0
3,save at NativeMethodAccessorImpl.java:0,1290,1241,0,1789806966971,1789806966978,7,False,5,5119294,1,0,6013,17104864,0,0,0,0,1377451,5865,0,0,0,0,0
3,save at NativeMethodAccessorImpl.java:0,1289,1240,0,1789806966967,1789806966978,11,False,8,8980106,1,0,6013,17367008,0,0,0,0,2819748,12056,0,0,0,0,0
3,save at NativeMethodAccessorImpl.java:0,1292,1243,0,1789806966972,1789806966979,7,False,5,5341229,1,0,6013,17104864,0,0,0,0,1413754,6025,0,0,0,0,0
3,save at NativeMethodAccessorImpl.java:0,1296,1247,0,1789806966979,1789806966987,8,False,5,5949659,1,0,6013,17104864,0,0,0,0,1737844,7432,0,0,0,0,0
3,save at NativeMethodAccessorImpl.java:0,1294,1245,0,1789806966978,1789806966987,9,False,7,7039629,1,0,6013,17367008,0,0,0,0,2087367,8910,0,0,0,0,0
3,save at NativeMethodAccessorImpl.java:0,1295,1246,0,1789806966978,1789806966989,11,False,9,9071810,1,0,6013,17367008,0,0,0,0,2791503,11947,0,0,0,0,0
3,save at NativeMethodAccessorImpl.java:0,1293,1244,0,1789806966977,1789806966989,12,False,9,9772135,1,0,6013,17367008,0,0,0,0,3152322,13465,0,0,0,0,0
3,save at NativeMethodAccessorImpl.java:0,1298,1249,0,1789806966987,1789806966993,6,False,3,3341861,1,0,6013,16973792,0,0,0,0,688240,2932,0,0,0,0,0
3,save at NativeMethodAccessorImpl.java:0,1297,1248,0,1789806966987,1789806966997,10,False,8,8241984,1,0,6013,17367008,0,0,0,0,2464465,10528,0,0,0,0,0
3,save at NativeMethodAccessorImpl.java:0,1299,1250,0,1789806966989,1789806966998,9,False,7,7069867,1,0,6013,17367008,0,0,0,0,2106873,8996,0,0,0,0,0
3,save at NativeMethodAccessorImpl.java:0,1300,1251,0,1789806966989,1789806967000,11,False,8,8819835,1,0,6013,17367008,0,0,0,0,2804447,12004,0,0,0,0,0
3,save at NativeMethodAccessorImpl.java:0,1301,1252,0,1789806966993,1789806967002,9,False,7,7215537,1,0,6013,17367008,0,0,0,0,2129392,9093,0,0,0,0,0
3,save at NativeMethodAccessorImpl.java:0,1302,1253,0,1789806966997,1789806967004,7,False,5,5234377,1,0,6013,17104864,0,0,0,0,1392419,5932,0,0,0,0,0
3,save at NativeMethodAccessorImpl.java:0,1303,1254,0,1789806966998,1789806967005,7,False,4,4217014,1,0,6013,17104864,0,0,0,0,1044374,4459,0,0,0,0,0
3,save at NativeMethodAccessorImpl.java:0,1304,1255,0,1789806967000,1789806967007,7,False,5,5168460,1,0,6013,17104864,0,0,0,0,1411362,6014,0,0,0,0,0
3,save at NativeMethodAccessorImpl.java:0,1306,1257,0,1789806967004,1789806967011,7,False,4,4259594,1,0,6013,17104864,0,0,0,0,1036117,4424,0,0,0,0,0
3,save at NativeMethodAccessorImpl.java:0,1307,1258,0,1789806967005,1789806967013,8,False,5,5996092,1,0,6013,17104864,0,0,0,0,1743564,7461,0,0,0,0,0
3,save at NativeMethodAccessorImpl.java:0,1305,1256,0,1789806967002,1789806967013,11,False,9,9707545,1,0,6013,17367008,0,0,0,0,3180076,13580,0,0,0,0,0
3,save at NativeMethodAccessorImpl.java:0,1308,1259,0,1789806967007,1789806967015,8,False,5,5210550,1,0,6013,17104864,0,0,0,0,1394390,5940,0,0,0,0,0
3,save at NativeMethodAccessorImpl.java:0,1309,1260,0,1789806967010,1789806967017,7,False,4,4496876,1,0,6013,17104864,0,0,0,0,1042252,4452,0,0,0,0,0
3,save at NativeMethodAccessorImpl.java:0,1312,1263,0,1789806967015,1789806967022,7,False,5,5020393,1,0,6013,17104864,0,0,0,0,1389868,5921,0,0,0,0,0
3,save at NativeMethodAccessorImpl.java:0,1311,1262,0,1789806967013,1789806967024,11,False,8,8667112,1,0,6013,17367008,0,0,0,0,2776864,11880,0,0,0,0,0
3,save at NativeMethodAccessorImpl.java:0,1313,1264,0,1789806967017,1789806967026,9,False,7,7122665,1,0,6013,17367008,0,0,0,0,2075991,8865,0,0,0,0,0
3,save at NativeMethodAccessorImpl.java:0,1310,1261,0,1789806967012,1789806967027,15,False,12,12344450,1,0,6013,17891296,0,0,0,0,4183864,17856,0,0,0,0,0
3,save at NativeMethodAccessorImpl.java:0,1315,1266,0,1789806967024,1789806967030,6,False,4,4356200,1,0,6013,17104864,0,0,0,0,1049300,4480,0,0,0,0,0
3,save at NativeMethodAccessorImpl.java:0,1314,1265,0,1789806967022,1789806967031,9,False,7,7064924,1,0,6013,17367008,0,0,0,0,2092594,8935,0,0,0,0,0
3,save at NativeMethodAccessorImpl.java:0,1316,1267,0,1789806967026,1789806967032,6,False,4,4513386,1,0,6013,17104864,0,0,0,0,1081145,4613,0,0,0,0,0
3,save at NativeMethodAccessorImpl.java:0,1317,1268,0,1789806967027,1789806967037,10,False,4,4148966,1,0,6013,17104864,0,0,0,0,1067002,4561,0,0,0,0,0
3,save at NativeMethodAccessorImpl.java:0,1319,1270,0,1789806967031,1789806967044,13,False,7,4056632,1,5,6099,16973792,0,0,0,0,697830,2975,0,0,0,0,0
3,save at NativeMethodAccessorImpl.java:0,1318,1269,0,1789806967030,1789806967045,15,False,11,6156818,1,5,6056,17104864,0,0,0,0,1434259,6112,0,0,0,0,0
3,save at NativeMethodAccessorImpl.java:0,1321,1272,0,1789806967037,1789806967047,10,False,7,5989764,1,2,6056,17104864,0,0,0,0,1042222,4451,0,0,0,0,0
3,save at NativeMethodAccessorImpl.java:0,1320,1271,0,1789806967032,1789806967048,16,False,9,7443944,5,5,6056,17104864,0,0,0,0,1433935,6115,0,0,0,0,0
3,save at NativeMethodAccessorImpl.java:0,1323,1274,0,1789806967045,1789806967053,8,False,5,5254870,2,0,6013,16973792,0,0,0,0,695370,2962,0,0,0,0,0
3,save at NativeMethodAccessorImpl.java:0,1322,1273,0,1789806967044,1789806967056,12,False,7,7705355,2,0,6013,17104864,0,0,0,0,1088157,4643,0,0,0,0,0
3,save at NativeMethodAccessorImpl.java:0,1326,1277,0,1789806967053,1789806967062,9,False,6,6495659,1,0,6013,17104864,0,0,0,0,1761144,7539,0,0,0,0,0
3,save at NativeMethodAccessorImpl.java:0,1324,1275,0,1789806967047,1789806967065,18,False,14,14918095,2,0,6013,17367008,0,0,0,0,3135995,13398,0,0,0,0,0
3,save at NativeMethodAccessorImpl.java:0,1327,1278,0,1789806967056,1789806967065,9,False,6,6528234,2,0,6013,17104864,0,0,0,0,1059845,4525,0,0,0,0,0
3,save at NativeMethodAccessorImpl.java:0,1325,1276,0,1789806967047,1789806967066,19,False,15,15055959,2,0,6013,17367008,0,0,0,0,3127908,13363,0,0,0,0,0
3,save at NativeMethodAccessorImpl.java:0,1328,1279,0,1789806967061,1789806967070,9,False,6,6619056,1,0,6013,17104864,0,0,0,0,1730425,7405,0,0,0,0,0
3,save at NativeMethodAccessorImpl.java:0,1330,1281,0,1789806967065,1789806967076,11,False,7,7800591,2,0,6013,17104864,0,0,0,0,1400384,5965,0,0,0,0,0
3,save at NativeMethodAccessorImpl.java:0,1331,1282,0,1789806967066,1789806967083,17,False,12,9265162,2,4,6056,17104864,0,0,0,0,1730845,7405,0,0,0,0,0
3,save at NativeMethodAccessorImpl.java:0,1329,1280,0,1789806967064,1789806967083,19,False,13,10483443,2,4,6056,17367008,0,0,0,0,2112946,9021,0,0,0,0,0
3,save at NativeMethodAccessorImpl.java:0,1332,1283,0,1789806967070,1789806967085,15,False,12,8750273,1,4,6056,17367008,0,0,0,0,2459444,10496,0,0,0,0,0
3,save at NativeMethodAccessorImpl.java:0,1333,1284,0,1789806967076,1789806967089,13,False,5,5640569,6,4,6056,16908256,0,0,0,0,351162,1467,0,0,0,0,0
3,save at NativeMethodAccessorImpl.java:0,1336,1287,0,1789806967085,1789806967091,6,False,4,4263901,1,0,6013,17104864,0,0,0,0,1001426,4278,0,0,0,0,0
3,save at NativeMethodAccessorImpl.java:0,1334,1285,0,1789806967082,1789806967096,14,False,9,9200459,2,0,6013,17367008,0,0,0,0,2158749,9216,0,0,0,0,0
3,save at NativeMethodAccessorImpl.java:0,1335,1286,0,1789806967083,1789806967096,13,False,9,9208410,2,0,6013,17367008,0,0,0,0,2121518,9060,0,0,0,0,0
3,save at NativeMethodAccessorImpl.java:0,1337,1288,0,1789806967089,1789806967101,12,False,8,8084144,2,0,6013,17367008,0,0,0,0,2444163,10441,0,0,0,0,0
3,save at NativeMethodAccessorImpl.java:0,1338,1289,0,1789806967091,1789806967103,12,False,9,9852885,1,0,6013,17367008,0,0,0,0,3125656,13347,0,0,0,0,0
3,save at NativeMethodAccessorImpl.java:0,1339,1290,0,1789806967096,1789806967103,7,False,5,5406424,1,0,6013,17104864,0,0,0,0,1428472,6087,0,0,0,0,0
3,save at NativeMethodAccessorImpl.java:0,1340,1291,0,1789806967096,1789806967104,8,False,6,6291494,1,0,6013,17104864,0,0,0,0,1761519,7540,0,0,0,0,0
3,save at NativeMethodAccessorImpl.java:0,1341,1292,0,1789806967100,1789806967111,11,False,7,7507892,1,0,6013,17367008,0,0,0,0,2092925,8939,0,0,0,0,0
3,save at NativeMethodAccessorImpl.java:0,1343,1294,0,1789806967103,1789806967112,9,False,6,6099439,1,0,6013,17104864,0,0,0,0,1720034,7354,0,0,0,0,0
3,save at NativeMethodAccessorImpl.java:0,1342,1293,0,1789806967103,1789806967112,9,False,6,6375650,1,0,6013,17104864,0,0,0,0,1751816,7492,0,0,0,0,0
3,save at NativeMethodAccessorImpl.java:0,1344,1295,0,1789806967104,1789806967114,10,False,7,7249190,1,0,6013,17367008,0,0,0,0,2081456,8892,0,0,0,0,0
3,save at NativeMethodAccessorImpl.java:0,1347,1298,0,1789806967112,1789806967118,6,False,4,4422647,1,0,6013,17104864,0,0,0,0,1051928,4494,0,0,0,0,0
3,save at NativeMethodAccessorImpl.java:0,1345,1296,0,1789806967110,1789806967119,9,False,6,6201332,1,0,6013,17104864,0,0,0,0,1772333,7585,0,0,0,0,0
3,save at NativeMethodAccessorImpl.java:0,1348,1299,0,1789806967113,1789806967120,7,False,4,4366392,1,0,6013,17104864,0,0,0,0,1086066,4633,0,0,0,0,0
3,save at NativeMethodAccessorImpl.java:0,1346,1297,0,1789806967112,1789806967121,9,False,7,7387694,1,0,6013,17367008,0,0,0,0,2068178,8832,0,0,0,0,0
3,save at NativeMethodAccessorImpl.java:0,1350,1301,0,1789806967119,1789806967129,10,False,7,7203947,1,0,6013,17367008,0,0,0,0,2096129,8949,0,0,0,0,0
3,save at NativeMethodAccessorImpl.java:0,1349,1300,0,1789806967118,1789806967130,12,False,9,9668389,1,0,6013,17367008,0,0,0,0,3178291,13575,0,0,0,0,0
3,save at NativeMethodAccessorImpl.java:0,1351,1302,0,1789806967120,1789806967130,10,False,8,8063956,1,0,6013,17367008,0,0,0,0,2444496,10437,0,0,0,0,0
3,save at NativeMethodAccessorImpl.java:0,1352,1303,0,1789806967121,1789806967131,10,False,8,8318440,1,0,6013,17367008,0,0,0,0,2513222,10733,0,0,0,0,0
3,save at NativeMethodAccessorImpl.java:0,1356,1307,0,1789806967131,1789806967134,3,False,0,886656,1,0,5970,65536,0,0,0,0,0,0,0,0,0,0,0
3,save at NativeMethodAccessorImpl.java:0,1353,1304,0,1789806967128,1789806967135,7,False,4,4486443,1,0,6013,17104864,0,0,0,0,1037214,4434,0,0,0,0,0
3,save at NativeMethodAccessorImpl.java:0,1355,1306,0,1789806967130,1789806967140,10,False,7,7153663,1,0,6013,17367008,0,0,0,0,2105082,8991,0,0,0,0,0
3,save at NativeMethodAccessorImpl.java:0,1354,1305,0,1789806967130,1789806967141,11,False,8,8965418,1,0,6013,17367008,0,0,0,0,2766594,11833,0,0,0,0,0
3,save at NativeMethodAccessorImpl.java:0,1357,1308,0,1789806967134,1789806967142,8,False,5,5422126,1,0,6013,17104864,0,0,0,0,1411812,6013,0,0,0,0,0
3,save at NativeMethodAccessorImpl.java:0,1358,1309,0,1789806967135,1789806967143,8,False,5,5219502,1,0,6013,17104864,0,0,0,0,1420485,6051,0,0,0,0,0
3,save at NativeMethodAccessorImpl.java:0,1359,1310,0,1789806967139,1789806967147,8,False,5,5146282,1,0,6013,17104864,0,0,0,0,1422348,6059,0,0,0,0,0
3,save at NativeMethodAccessorImpl.java:0,1360,1311,0,1789806967141,1789806967149,8,False,5,5807814,1,0,6013,17104864,0,0,0,0,1712345,7322,0,0,0,0,0
3,save at NativeMethodAccessorImpl.java:0,1362,1313,0,1789806967143,1789806967152,9,False,7,7203763,1,0,6013,17367008,0,0,0,0,2138035,9129,0,0,0,0,0
3,save at NativeMethodAccessorImpl.java:0,1361,1312,0,1789806967142,1789806967153,11,False,8,8925990,1,0,6013,17367008,0,0,0,0,2804700,12004,0,0,0,0,0
3,save at NativeMethodAccessorImpl.java:0,1363,1314,0,1789806967147,1789806967156,9,False,6,6915268,1,0,6013,17367008,0,0,0,0,2107327,8998,0,0,0,0,0
3,save at NativeMethodAccessorImpl.java:0,1364,1315,0,1789806967149,1789806967157,8,False,6,6223384,1,0,6013,17104864,0,0,0,0,1736594,7426,0,0,0,0,0
3,save at NativeMethodAccessorImpl.java:0,1365,1316,0,1789806967152,1789806967163,11,False,9,9027415,1,0,6013,17367008,0,0,0,0,2837613,12143,0,0,0,0,0
3,save at NativeMethodAccessorImpl.java:0,1367,1318,0,1789806967156,1789806967165,9,False,7,7174139,1,0,6013,17367008,0,0,0,0,2106909,8997,0,0,0,0,0
3,save at NativeMethodAccessorImpl.java:0,1368,1319,0,1789806967157,1789806967171,14,False,10,10562398,2,0,6013,17367008,0,0,0,0,2138991,9138,0,0,0,0,0
3,save at NativeMethodAccessorImpl.java:0,1366,1317,0,1789806967153,1789806967171,18,False,16,16421364,1,0,6013,17891296,0,0,0,0,3838806,16425,0,0,0,0,0
3,save at NativeMethodAccessorImpl.java:0,1369,1320,0,1789806967163,1789806967172,9,False,7,7233154,1,0,6013,17367008,0,0,0,0,2072734,8860,0,0,0,0,0
3,save at NativeMethodAccessorImpl.java:0,1370,1321,0,1789806967165,1789806967174,9,False,7,7128710,1,0,6013,17367008,0,0,0,0,2096162,8952,0,0,0,0,0
3,save at NativeMethodAccessorImpl.java:0,1371,1322,0,1789806967171,1789806967180,9,False,6,6209275,1,0,6013,17104864,0,0,0,0,1742568,7451,0,0,0,0,0
3,save at NativeMethodAccessorImpl.java:0,1372,1323,0,1789806967171,1789806967180,9,False,6,6462592,1,0,6013,17104864,0,0,0,0,1414930,6031,0,0,0,0,0
3,save at NativeMethodAccessorImpl.java:0,1373,1324,0,1789806967172,1789806967182,10,False,8,8120297,1,0,6013,17367008,0,0,0,0,2451588,10472,0,0,0,0,0
3,save at NativeMethodAccessorImpl.java:0,1374,1325,0,1789806967174,1789806967184,10,False,7,7304845,1,0,6013,17367008,0,0,0,0,2088337,8920,0,0,0,0,0
3,save at NativeMethodAccessorImpl.java:0,1376,1327,0,1789806967180,1789806967188,8,False,6,6111957,1,0,6013,17104864,0,0,0,0,1735098,7418,0,0,0,0,0
3,save at NativeMethodAccessorImpl.java:0,1375,1326,0,1789806967180,1789806967189,9,False,7,7202273,1,0,6013,17367008,0,0,0,0,2116102,9038,0,0,0,0,0
3,save at NativeMethodAccessorImpl.java:0,1377,1328,0,1789806967182,1789806967190,8,False,5,5306188,1,0,6013,17104864,0,0,0,0,1405538,5988,0,0,0,0,0
3,save at NativeMethodAccessorImpl.java:0,1378,1329,0,1789806967184,1789806967191,7,False,5,5274669,1,0,6013,17104864,0,0,0,0,1419604,6048,0,0,0,0,0
3,save at NativeMethodAccessorImpl.java:0,1380,1331,0,1789806967189,1789806967196,7,False,4,4339228,1,0,6013,17104864,0,0,0,0,1051835,4492,0,0,0,0,0
3,save at NativeMethodAccessorImpl.java:0,1381,1332,0,1789806967190,1789806967197,7,False,4,4505302,1,0,6013,17104864,0,0,0,0,1055683,4506,0,0,0,0,0
3,save at NativeMethodAccessorImpl.java:0,1379,1330,0,1789806967188,1789806967199,11,False,8,8793209,1,0,6013,17104864,0,0,0,0,1736938,7433,0,0,0,0,0
3,save at NativeMethodAccessorImpl.java:0,1382,1333,0,1789806967191,1789806967200,9,False,7,7175363,1,0,6013,17367008,0,0,0,0,2084629,8905,0,0,0,0,0
3,save at NativeMethodAccessorImpl.java:0,1383,1334,0,1789806967196,1789806967200,4,False,2,2459364,1,0,6013,16908256,0,0,0,0,356041,1489,0,0,0,0,0
3,save at NativeMethodAccessorImpl.java:0,1384,1335,0,1789806967197,1789806967205,8,False,6,6179544,1,0,6013,17104864,0,0,0,0,1755251,7510,0,0,0,0,0
3,save at NativeMethodAccessorImpl.java:0,1387,1338,0,1789806967200,1789806967208,8,False,5,5264546,1,0,6013,17104864,0,0,0,0,1423402,6066,0,0,0,0,0
3,save at NativeMethodAccessorImpl.java:0,1386,1337,0,1789806967200,1789806967209,9,False,7,7277738,1,0,6013,17367008,0,0,0,0,2073455,8859,0,0,0,0,0
3,save at NativeMethodAccessorImpl.java:0,1385,1336,0,1789806967199,1789806967211,12,False,9,9064885,2,0,6013,17104864,0,0,0,0,1752333,7499,0,0,0,0,0
3,save at NativeMethodAccessorImpl.java:0,1388,1339,0,1789806967205,1789806967214,9,False,7,7101489,1,0,6013,17367008,0,0,0,0,2105948,8992,0,0,0,0,0
3,save at NativeMethodAccessorImpl.java:0,1389,1340,0,1789806967208,1789806967215,7,False,5,5337212,1,0,6013,17104864,0,0,0,0,1374763,5854,0,0,0,0,0
3,save at NativeMethodAccessorImpl.java:0,1390,1341,0,1789806967209,1789806967216,7,False,4,4361039,1,0,6013,17104864,0,0,0,0,1077077,4595,0,0,0,0,0
3,save at NativeMethodAccessorImpl.java:0,1392,1343,0,1789806967214,1789806967221,7,False,5,5202281,1,0,6013,17104864,0,0,0,0,1403356,5977,0,0,0,0,0
3,save at NativeMethodAccessorImpl.java:0,1391,1342,0,1789806967211,1789806967221,10,False,6,6649367,2,0,6013,17104864,0,0,0,0,1048304,4478,0,0,0,0,0
3,save at NativeMethodAccessorImpl.java:0,1393,1344,0,1789806967215,1789806967222,7,False,5,5197909,1,0,6013,17104864,0,0,0,0,1397545,5955,0,0,0,0,0
3,save at NativeMethodAccessorImpl.java:0,1394,1345,0,1789806967215,1789806967226,11,False,8,8010943,1,0,6013,17367008,0,0,0,0,2430968,10383,0,0,0,0,0
3,save at NativeMethodAccessorImpl.java:0,1398,1349,0,1789806967226,1789806967230,4,False,2,2315061,1,0,6013,16908256,0,0,0,0,365911,1532,0,0,0,0,0
3,save at NativeMethodAccessorImpl.java:0,1397,1348,0,1789806967222,1789806967231,9,False,6,6211941,1,0,6013,17104864,0,0,0,0,1758830,7529,0,0,0,0,0
3,save at NativeMethodAccessorImpl.java:0,1395,1346,0,1789806967221,1789806967231,10,False,7,7233326,1,0,6013,17367008,0,0,0,0,2105818,8993,0,0,0,0,0
3,save at NativeMethodAccessorImpl.java:0,1396,1347,0,1789806967221,1789806967236,15,False,11,11873836,2,0,6013,17891296,0,0,0,0,3848301,16453,0,0,0,0,0
3,save at NativeMethodAccessorImpl.java:0,1400,1351,0,1789806967231,1789806967237,6,False,4,4375571,1,0,6013,17104864,0,0,0,0,1037804,4432,0,0,0,0,0
3,save at NativeMethodAccessorImpl.java:0,1399,1350,0,1789806967230,1789806967238,8,False,5,5376518,1,0,6013,17104864,0,0,0,0,1397105,5952,0,0,0,0,0
3,save at NativeMethodAccessorImpl.java:0,1401,1352,0,1789806967231,1789806967239,8,False,6,6223115,1,0,6013,17104864,0,0,0,0,1745766,7467,0,0,0,0,0
3,save at NativeMethodAccessorImpl.java:0,1402,1353,0,1789806967236,1789806967244,8,False,6,6192904,1,0,6013,17104864,0,0,0,0,1766670,7556,0,0,0,0,0
3,save at NativeMethodAccessorImpl.java:0,1403,1354,0,1789806967237,1789806967245,8,False,5,5249691,1,0,6013,17104864,0,0,0,0,1412771,6019,0,0,0,0,0
3,save at NativeMethodAccessorImpl.java:0,1404,1355,0,1789806967237,1789806967245,8,False,5,5070537,1,0,6013,17104864,0,0,0,0,1384270,5893,0,0,0,0,0
3,save at NativeMethodAccessorImpl.java:0,1405,1356,0,1789806967239,1789806967255,16,False,9,9747707,1,0,6013,17367008,0,0,0,0,3162851,13508,0,0,0,0,0
3,save at NativeMethodAccessorImpl.java:0,1407,1358,0,1789806967244,1789806967255,11,False,4,4319097,1,3,6099,17104864,0,0,0,0,1059167,4521,0,0,0,0,0
3,save at NativeMethodAccessorImpl.java:0,1406,1357,0,1789806967244,1789806967258,14,False,11,8657926,1,3,6056,17367008,0,0,0,0,2444781,10441,0,0,0,0,0
3,save at NativeMethodAccessorImpl.java:0,1410,1361,0,1789806967255,1789806967260,5,False,3,3411478,1,0,6013,16973792,0,0,0,0,714362,3047,0,0,0,0,0
3,save at NativeMethodAccessorImpl.java:0,1408,1359,0,1789806967245,1789806967260,15,False,13,10442548,1,3,6056,17367008,0,0,0,0,3176382,13572,0,0,0,0,0
3,save at NativeMethodAccessorImpl.java:0,1409,1360,0,1789806967251,1789806967262,11,False,5,5450380,1,0,6013,17104864,0,0,0,0,1410421,6007,0,0,0,0,0
3,save at NativeMethodAccessorImpl.java:0,1411,1362,0,1789806967258,1789806967267,9,False,6,6007122,1,0,6013,17104864,0,0,0,0,1765682,7561,0,0,0,0,0
3,save at NativeMethodAccessorImpl.java:0,1413,1364,0,1789806967260,1789806967267,7,False,4,4458509,1,0,6013,17104864,0,0,0,0,1058029,4517,0,0,0,0,0
3,save at NativeMethodAccessorImpl.java:0,1412,1363,0,1789806967260,1789806967271,11,False,8,8010352,1,0,6013,17367008,0,0,0,0,2444211,10438,0,0,0,0,0
3,save at NativeMethodAccessorImpl.java:0,1414,1365,0,1789806967262,1789806967273,11,False,8,8163456,1,0,6013,17367008,0,0,0,0,2456285,10488,0,0,0,0,0
3,save at NativeMethodAccessorImpl.java:0,1415,1366,0,1789806967267,1789806967273,6,False,4,4167333,1,0,6013,17104864,0,0,0,0,1045773,4468,0,0,0,0,0
3,save at NativeMethodAccessorImpl.java:0,1416,1367,0,1789806967267,1789806967278,11,False,9,9048163,1,0,6013,17367008,0,0,0,0,2802133,11985,0,0,0,0,0
3,save at NativeMethodAccessorImpl.java:0,1417,1368,0,1789806967270,1789806967280,10,False,7,7357433,1,0,6013,17367008,0,0,0,0,2116855,9034,0,0,0,0,0
3,save at NativeMethodAccessorImpl.java:0,1419,1370,0,1789806967273,1789806967280,7,False,5,5141374,1,0,6013,17104864,0,0,0,0,1414577,6025,0,0,0,0,0
3,save at NativeMethodAccessorImpl.java:0,1418,1369,0,1789806967272,1789806967283,11,False,8,8018284,1,0,6013,17367008,0,0,0,0,2471621,10560,0,0,0,0,0
3,save at NativeMethodAccessorImpl.java:0,1420,1371,0,1789806967278,1789806967285,7,False,4,4337250,1,0,6013,17104864,0,0,0,0,1056331,4508,0,0,0,0,0
3,save at NativeMethodAccessorImpl.java:0,1422,1373,0,1789806967280,1789806967287,7,False,4,4272621,1,0,6013,17104864,0,0,0,0,1042162,4451,0,0,0,0,0
3,save at NativeMethodAccessorImpl.java:0,1423,1374,0,1789806967282,1789806967292,10,False,7,7059151,1,0,6013,17367008,0,0,0,0,2091846,8934,0,0,0,0,0
3,save at NativeMethodAccessorImpl.java:0,1424,1375,0,1789806967284,1789806967293,9,False,6,6193077,1,0,6013,17104864,0,0,0,0,1755259,7513,0,0,0,0,0
3,save at NativeMethodAccessorImpl.java:0,1421,1372,0,1789806967280,1789806967294,14,False,11,11668161,1,0,6013,17891296,0,0,0,0,3839796,16419,0,0,0,0,0
3,save at NativeMethodAccessorImpl.java:0,1425,1376,0,1789806967286,1789806967295,9,False,5,5977542,1,0,6013,17104864,0,0,0,0,1740252,7445,0,0,0,0,0
3,save at NativeMethodAccessorImpl.java:0,1426,1377,0,1789806967291,1789806967296,5,False,2,2392142,1,0,6013,16908256,0,0,0,0,360917,1510,0,0,0,0,0
3,save at NativeMethodAccessorImpl.java:0,1427,1378,0,1789806967292,1789806967298,6,False,3,3354914,1,0,6013,16973792,0,0,0,0,694273,2957,0,0,0,0,0
3,save at NativeMethodAccessorImpl.java:0,1428,1379,0,1789806967294,1789806967301,7,False,5,5235205,1,0,6013,17104864,0,0,0,0,1399750,5961,0,0,0,0,0
3,save at NativeMethodAccessorImpl.java:0,1429,1380,0,1789806967294,1789806967301,7,False,4,4127052,1,0,6013,17104864,0,0,0,0,1051398,4487,0,0,0,0,0
3,save at NativeMethodAccessorImpl.java:0,1430,1381,0,1789806967296,1789806967303,7,False,5,5227453,1,0,6013,17104864,0,0,0,0,1425732,6077,0,0,0,0,0
3,save at NativeMethodAccessorImpl.java:0,1431,1382,0,1789806967298,1789806967305,7,False,4,4479637,1,0,6013,17104864,0,0,0,0,1060500,4529,0,0,0,0,0
3,save at NativeMethodAccessorImpl.java:0,1432,1383,0,1789806967301,1789806967306,5,False,3,3180941,1,0,6013,16973792,0,0,0,0,687252,2927,0,0,0,0,0
3,save at NativeMethodAccessorImpl.java:0,1433,1384,0,1789806967301,1789806967309,8,False,6,6078280,1,0,6013,17104864,0,0,0,0,1733913,7418,0,0,0,0,0
3,save at NativeMethodAccessorImpl.java:0,1436,1387,0,1789806967306,1789806967310,4,False,2,2292099,1,0,6013,16908256,0,0,0,0,356847,1492,0,0,0,0,0
3,save at NativeMethodAccessorImpl.java:0,1434,1385,0,1789806967303,1789806967310,7,False,5,5181601,1,0,6013,17104864,0,0,0,0,1409082,6002,0,0,0,0,0
3,save at NativeMethodAccessorImpl.java:0,1437,1388,0,1789806967309,1789806967314,5,False,2,2239926,1,0,6013,16908256,0,0,0,0,352771,1474,0,0,0,0,0
3,save at NativeMethodAccessorImpl.java:0,1435,1386,0,1789806967305,1789806967314,9,False,7,7088866,1,0,6013,17367008,0,0,0,0,2096873,8956,0,0,0,0,0
3,save at NativeMethodAccessorImpl.java:0,1439,1390,0,1789806967310,1789806967317,7,False,4,4364496,1,0,6013,17104864,0,0,0,0,1078797,4605,0,0,0,0,0
3,save at NativeMethodAccessorImpl.java:0,1438,1389,0,1789806967310,1789806967318,8,False,6,6102153,1,0,6013,17104864,0,0,0,0,1747936,7478,0,0,0,0,0
3,save at NativeMethodAccessorImpl.java:0,1440,1391,0,1789806967314,1789806967320,6,False,4,4322190,1,0,6013,17104864,0,0,0,0,1067017,4554,0,0,0,0,0
3,save at NativeMethodAccessorImpl.java:0,1442,1393,0,1789806967317,1789806967324,7,False,5,5056826,1,0,6013,17104864,0,0,0,0,1420293,6055,0,0,0,0,0
3,save at NativeMethodAccessorImpl.java:0,1441,1392,0,1789806967314,1789806967324,10,False,8,8071534,1,0,6013,17367008,0,0,0,0,2447574,10450,0,0,0,0,0
3,save at NativeMethodAccessorImpl.java:0,1443,1394,0,1789806967318,1789806967324,6,False,4,4241901,1,0,6013,17104864,0,0,0,0,1052577,4494,0,0,0,0,0
3,save at NativeMethodAccessorImpl.java:0,1444,1395,0,1789806967320,1789806967326,6,False,4,4353914,1,0,6013,17104864,0,0,0,0,1074989,4585,0,0,0,0,0
3,save at NativeMethodAccessorImpl.java:0,1445,1396,0,1789806967324,1789806967332,8,False,6,6187804,1,0,6013,17104864,0,0,0,0,1775052,7596,0,0,0,0,0
3,save at NativeMethodAccessorImpl.java:0,1447,1398,0,1789806967324,1789806967332,8,False,6,6026693,1,0,6013,17104864,0,0,0,0,1744771,7467,0,0,0,0,0
3,save at NativeMethodAccessorImpl.java:0,1446,1397,0,1789806967324,1789806967333,9,False,7,7161833,1,0,6013,17367008,0,0,0,0,2089400,8924,0,0,0,0,0
3,save at NativeMethodAccessorImpl.java:0,1448,1399,0,1789806967326,1789806967333,7,False,4,4530359,1,0,6013,17104864,0,0,0,0,1064096,4543,0,0,0,0,0
3,save at NativeMethodAccessorImpl.java:0,1449,1400,0,1789806967332,1789806967339,7,False,5,5154191,1,0,6013,17104864,0,0,0,0,1394314,5940,0,0,0,0,0
3,save at NativeMethodAccessorImpl.java:0,1452,1403,0,1789806967333,1789806967341,8,False,5,5221057,1,0,6013,17104864,0,0,0,0,1408512,6001,0,0,0,0,0
3,save at NativeMethodAccessorImpl.java:0,1451,1402,0,1789806967333,1789806967341,8,False,6,6098448,1,0,6013,17104864,0,0,0,0,1753788,7502,0,0,0,0,0
3,save at NativeMethodAccessorImpl.java:0,1450,1401,0,1789806967332,1789806967342,10,False,8,8126588,1,0,6013,17367008,0,0,0,0,2480135,10594,0,0,0,0,0
3,save at NativeMethodAccessorImpl.java:0,1454,1405,0,1789806967341,1789806967347,6,False,4,4315198,1,0,6013,17104864,0,0,0,0,1058929,4521,0,0,0,0,0
3,save at NativeMethodAccessorImpl.java:0,1453,1404,0,1789806967339,1789806967348,9,False,6,6032039,1,0,6013,17104864,0,0,0,0,1766473,7562,0,0,0,0,0
3,save at NativeMethodAccessorImpl.java:0,1456,1407,0,1789806967342,1789806967349,7,False,4,4217702,1,0,6013,17104864,0,0,0,0,1039278,4438,0,0,0,0,0
3,save at NativeMethodAccessorImpl.java:0,1455,1406,0,1789806967341,1789806967350,9,False,6,6192759,1,0,6013,17104864,0,0,0,0,1741582,7448,0,0,0,0,0
3,save at NativeMethodAccessorImpl.java:0,1457,1408,0,1789806967347,1789806967355,8,False,5,5259494,1,0,6013,17104864,0,0,0,0,1416452,6036,0,0,0,0,0
3,save at NativeMethodAccessorImpl.java:0,1458,1409,0,1789806967348,1789806967356,8,False,6,6183231,1,0,6013,17104864,0,0,0,0,1777327,7608,0,0,0,0,0
3,save at NativeMethodAccessorImpl.java:0,1459,1410,0,1789806967348,1789806967358,10,False,7,7168268,1,0,6013,17367008,0,0,0,0,2086010,8915,0,0,0,0,0
3,save at NativeMethodAccessorImpl.java:0,1460,1411,0,1789806967350,1789806967358,8,False,6,6345510,1,0,6013,17104864,0,0,0,0,1776952,7605,0,0,0,0,0
3,save at NativeMethodAccessorImpl.java:0,1461,1412,0,1789806967355,1789806967364,9,False,6,6575547,1,0,6013,17104864,0,0,0,0,1784463,7634,0,0,0,0,0
3,save at NativeMethodAccessorImpl.java:0,1463,1414,0,1789806967358,1789806967365,7,False,5,5262801,1,0,6013,17104864,0,0,0,0,1400556,5966,0,0,0,0,0
3,save at NativeMethodAccessorImpl.java:0,1464,1415,0,1789806967358,1789806967369,11,False,8,8781959,1,0,6013,17367008,0,0,0,0,2477764,10584,0,0,0,0,0
3,save at NativeMethodAccessorImpl.java:0,1465,1416,0,1789806967364,1789806967372,8,False,5,5403988,1,0,6013,17104864,0,0,0,0,1372193,5843,0,0,0,0,0
3,save at NativeMethodAccessorImpl.java:0,1466,1417,0,1789806967365,1789806967374,9,False,7,7103490,1,0,6013,17367008,0,0,0,0,2093810,8942,0,0,0,0,0
3,save at NativeMethodAccessorImpl.java:0,1462,1413,0,1789806967356,1789806967375,19,False,16,16001426,2,0,6013,17367008,0,0,0,0,3470685,14830,0,0,0,0,0
3,save at NativeMethodAccessorImpl.java:0,1467,1418,0,1789806967369,1789806967377,8,False,5,5342217,1,0,6013,17104864,0,0,0,0,1398672,5958,0,0,0,0,0
3,save at NativeMethodAccessorImpl.java:0,1468,1419,0,1789806967372,1789806967377,5,False,3,3271444,1,0,6013,16973792,0,0,0,0,690518,2940,0,0,0,0,0
3,save at NativeMethodAccessorImpl.java:0,1469,1420,0,1789806967374,1789806967380,6,False,3,3265390,1,0,6013,16973792,0,0,0,0,703848,3000,0,0,0,0,0
3,save at NativeMethodAccessorImpl.java:0,1471,1422,0,1789806967376,1789806967385,9,False,6,6093045,1,0,6013,17104864,0,0,0,0,1734705,7419,0,0,0,0,0
3,save at NativeMethodAccessorImpl.java:0,1473,1424,0,1789806967380,1789806967387,7,False,5,5205694,1,0,6013,17104864,0,0,0,0,1432174,6106,0,0,0,0,0
3,save at NativeMethodAccessorImpl.java:0,1472,1423,0,1789806967377,1789806967388,11,False,8,8727312,1,0,6013,17367008,0,0,0,0,2768656,11843,0,0,0,0,0
3,save at NativeMethodAccessorImpl.java:0,1470,1421,0,1789806967375,1789806967390,15,False,11,11986604,2,0,6013,17367008,0,0,0,0,2457721,10497,0,0,0,0,0
3,save at NativeMethodAccessorImpl.java:0,1475,1426,0,1789806967387,1789806967391,4,False,2,2314651,1,0,6013,16908256,0,0,0,0,353153,1476,0,0,0,0,0
3,save at NativeMethodAccessorImpl.java:0,1476,1427,0,1789806967388,1789806967393,5,False,3,3237117,1,0,6013,16973792,0,0,0,0,703675,2999,0,0,0,0,0
3,save at NativeMethodAccessorImpl.java:0,1474,1425,0,1789806967385,1789806967397,12,False,10,10030346,1,0,6013,17367008,0,0,0,0,3186473,13613,0,0,0,0,0
3,save at NativeMethodAccessorImpl.java:0,1478,1429,0,1789806967391,1789806967398,7,False,4,4319379,1,0,6013,17104864,0,0,0,0,1033184,4414,0,0,0,0,0
3,save at NativeMethodAccessorImpl.java:0,1477,1428,0,1789806967390,1789806967403,13,False,9,9195599,2,0,6013,17104864,0,0,0,0,1779541,7613,0,0,0,0,0
3,save at NativeMethodAccessorImpl.java:0,1479,1430,0,1789806967393,1789806967404,11,False,8,8864993,1,0,6013,17367008,0,0,0,0,2808491,12011,0,0,0,0,0
3,save at NativeMethodAccessorImpl.java:0,1481,1432,0,1789806967398,1789806967406,8,False,6,6123289,1,0,6013,17104864,0,0,0,0,1743392,7456,0,0,0,0,0
3,save at NativeMethodAccessorImpl.java:0,1480,1431,0,1789806967397,1789806967407,10,False,7,7459458,1,0,6013,17367008,0,0,0,0,2070828,8849,0,0,0,0,0
3,save at NativeMethodAccessorImpl.java:0,1483,1434,0,1789806967404,1789806967411,7,False,5,5205709,1,0,6013,17104864,0,0,0,0,1403674,5977,0,0,0,0,0
3,save at NativeMethodAccessorImpl.java:0,1482,1433,0,1789806967403,1789806967415,12,False,8,8872025,2,0,6013,17104864,0,0,0,0,1772864,7590,0,0,0,0,0
3,save at NativeMethodAccessorImpl.java:0,1485,1436,0,1789806967406,1789806967416,10,False,7,7525256,1,0,6013,17367008,0,0,0,0,2086342,8912,0,0,0,0,0
3,save at NativeMethodAccessorImpl.java:0,1484,1435,0,1789806967406,1789806967417,11,False,8,8817243,1,0,6013,17367008,0,0,0,0,2776237,11875,0,0,0,0,0
3,save at NativeMethodAccessorImpl.java:0,1486,1437,0,1789806967411,1789806967420,9,False,6,6239435,1,0,6013,17104864,0,0,0,0,1768869,7572,0,0,0,0,0
3,save at NativeMethodAccessorImpl.java:0,1488,1439,0,1789806967416,1789806967423,7,False,4,4188498,1,0,6013,17104864,0,0,0,0,1038783,4436,0,0,0,0,0
3,save at NativeMethodAccessorImpl.java:0,1487,1438,0,1789806967415,1789806967424,9,False,7,7187960,1,0,6013,17367008,0,0,0,0,2091790,8936,0,0,0,0,0
3,save at NativeMethodAccessorImpl.java:0,1490,1441,0,1789806967420,1789806967427,7,False,5,5105064,1,0,6013,17104864,0,0,0,0,1426453,6081,0,0,0,0,0
3,save at NativeMethodAccessorImpl.java:0,1491,1442,0,1789806967423,1789806967428,5,False,3,3256462,1,0,6013,16973792,0,0,0,0,691893,2947,0,0,0,0,0
3,save at NativeMethodAccessorImpl.java:0,1489,1440,0,1789806967417,1789806967430,13,False,9,9977910,1,0,6013,17367008,0,0,0,0,3226257,13776,0,0,0,0,0
3,save at NativeMethodAccessorImpl.java:0,1493,1444,0,1789806967427,1789806967433,6,False,4,4244665,1,0,6013,17104864,0,0,0,0,1025772,4384,0,0,0,0,0
3,save at NativeMethodAccessorImpl.java:0,1492,1443,0,1789806967424,1789806967434,10,False,7,7935219,1,0,6013,17367008,0,0,0,0,2474346,10567,0,0,0,0,0
3,save at NativeMethodAccessorImpl.java:0,1494,1445,0,1789806967428,1789806967439,11,False,8,8090348,1,0,6013,17367008,0,0,0,0,2472078,10552,0,0,0,0,0
3,save at NativeMethodAccessorImpl.java:0,1495,1446,0,1789806967429,1789806967439,10,False,7,7099180,1,0,6013,17367008,0,0,0,0,2089096,8921,0,0,0,0,0
3,save at NativeMethodAccessorImpl.java:0,1497,1448,0,1789806967434,1789806967442,8,False,6,6027810,1,0,6013,17104864,0,0,0,0,1758317,7527,0,0,0,0,0
3,save at NativeMethodAccessorImpl.java:0,1496,1447,0,1789806967433,1789806967443,10,False,7,7238019,1,0,6013,17367008,0,0,0,0,2128062,9084,0,0,0,0,0
3,save at NativeMethodAccessorImpl.java:0,1499,1450,0,1789806967439,1789806967457,18,False,14,8426302,1,6,6056,17367008,0,0,0,0,2082403,8892,0,0,0,0,0
3,save at NativeMethodAccessorImpl.java:0,1501,1452,0,1789806967442,1789806967457,15,False,10,4703355,1,6,6056,16973792,0,0,0,0,699726,2982,0,0,0,0,0
3,save at NativeMethodAccessorImpl.java:0,1500,1451,0,1789806967442,1789806967458,16,False,13,7079641,1,6,6056,17104864,0,0,0,0,1049616,4480,0,0,0,0,0
3,save at NativeMethodAccessorImpl.java:0,1498,1449,0,1789806967438,1789806967459,21,False,17,11584611,1,6,6056,17367008,0,0,0,0,2465288,10525,0,0,0,0,0
3,save at NativeMethodAccessorImpl.java:0,1503,1454,0,1789806967457,1789806967465,8,False,4,4151844,2,0,6013,16908256,0,0,0,0,354606,1483,0,0,0,0,0
3,save at NativeMethodAccessorImpl.java:0,1502,1453,0,1789806967456,1789806967469,13,False,8,8117178,3,0,6013,17104864,0,0,0,0,1032003,4408,0,0,0,0,0
3,save at NativeMethodAccessorImpl.java:0,1504,1455,0,1789806967458,1789806967471,13,False,10,10139360,2,0,6013,17367008,0,0,0,0,2421319,10341,0,0,0,0,0
3,save at NativeMethodAccessorImpl.java:0,1505,1456,0,1789806967458,1789806967472,14,False,10,10122755,2,0,6013,17104864,0,0,0,0,1743226,7456,0,0,0,0,0
3,save at NativeMethodAccessorImpl.java:0,1506,1457,0,1789806967465,1789806967473,8,False,5,5809597,1,0,6013,17104864,0,0,0,0,1403919,5982,0,0,0,0,0
3,save at NativeMethodAccessorImpl.java:0,1507,1458,0,1789806967469,1789806967484,15,False,10,6078226,2,4,6056,17104864,0,0,0,0,1391003,5925,0,0,0,0,0
3,save at NativeMethodAccessorImpl.java:0,1510,1461,0,1789806967473,1789806967484,11,False,5,5047418,5,4,6056,17104864,0,0,0,0,1055261,4507,0,0,0,0,0
3,save at NativeMethodAccessorImpl.java:0,1508,1459,0,1789806967471,1789806967487,16,False,12,8933289,2,4,6056,17104864,0,0,0,0,1422917,6064,0,0,0,0,0
3,save at NativeMethodAccessorImpl.java:0,1509,1460,0,1789806967472,1789806967489,17,False,10,9827399,6,4,6056,17104864,0,0,0,0,1759815,7532,0,0,0,0,0
3,save at NativeMethodAccessorImpl.java:0,1511,1462,0,1789806967483,1789806967493,10,False,5,5703557,2,0,6013,17104864,0,0,0,0,1431611,6103,0,0,0,0,0
3,save at NativeMethodAccessorImpl.java:0,1514,1465,0,1789806967489,1789806967494,5,False,3,3298297,1,0,6013,16973792,0,0,0,0,722638,3082,0,0,0,0,0
3,save at NativeMethodAccessorImpl.java:0,1515,1466,0,1789806967492,1789806967495,3,False,0,981488,1,0,5970,65536,0,0,0,0,0,0,0,0,0,0,0
3,save at NativeMethodAccessorImpl.java:0,1512,1463,0,1789806967484,1789806967496,12,False,9,9170131,1,0,6013,17367008,0,0,0,0,2795807,11966,0,0,0,0,0
3,save at NativeMethodAccessorImpl.java:0,1516,1467,0,1789806967494,1789806967500,6,False,4,4199141,1,0,6013,17104864,0,0,0,0,1050060,4484,0,0,0,0,0
3,save at NativeMethodAccessorImpl.java:0,1517,1468,0,1789806967495,1789806967501,6,False,3,3235858,1,0,6013,16973792,0,0,0,0,704113,2999,0,0,0,0,0
3,save at NativeMethodAccessorImpl.java:0,1513,1464,0,1789806967487,1789806967502,15,False,11,11690977,2,0,6013,17367008,0,0,0,0,2456098,10489,0,0,0,0,0
3,save at NativeMethodAccessorImpl.java:0,1518,1469,0,1789806967496,1789806967503,7,False,5,5237718,1,0,6013,17104864,0,0,0,0,1405399,5987,0,0,0,0,0
3,save at NativeMethodAccessorImpl.java:0,1520,1471,0,1789806967501,1789806967506,5,False,3,3345729,1,0,6013,16973792,0,0,0,0,691454,2946,0,0,0,0,0
3,save at NativeMethodAccessorImpl.java:0,1519,1470,0,1789806967500,1789806967507,7,False,5,5045729,1,0,6013,17104864,0,0,0,0,1390397,5920,0,0,0,0,0
3,save at NativeMethodAccessorImpl.java:0,1522,1473,0,1789806967503,1789806967508,5,False,3,3359942,1,0,6013,16973792,0,0,0,0,700477,2987,0,0,0,0,0
3,save at NativeMethodAccessorImpl.java:0,1524,1475,0,1789806967507,1789806967512,5,False,3,3245028,1,0,6013,16973792,0,0,0,0,702861,2997,0,0,0,0,0
3,save at NativeMethodAccessorImpl.java:0,1525,1476,0,1789806967508,1789806967514,6,False,3,3229381,1,0,6013,16973792,0,0,0,0,698792,2977,0,0,0,0,0
3,save at NativeMethodAccessorImpl.java:0,1523,1474,0,1789806967506,1789806967514,8,False,6,6024789,1,0,6013,17104864,0,0,0,0,1728309,7392,0,0,0,0,0
3,save at NativeMethodAccessorImpl.java:0,1521,1472,0,1789806967502,1789806967514,12,False,8,8937570,2,0,6013,17104864,0,0,0,0,1750240,7492,0,0,0,0,0
3,save at NativeMethodAccessorImpl.java:0,1526,1477,0,1789806967512,1789806967521,9,False,7,7066631,1,0,6013,17367008,0,0,0,0,2141505,9141,0,0,0,0,0
3,save at NativeMethodAccessorImpl.java:0,1528,1479,0,1789806967514,1789806967524,10,False,7,7987755,1,0,6013,17367008,0,0,0,0,2458412,10504,0,0,0,0,0
3,save at NativeMethodAccessorImpl.java:0,1527,1478,0,1789806967513,1789806967524,11,False,8,8731865,1,0,6013,17367008,0,0,0,0,2763426,11827,0,0,0,0,0
3,save at NativeMethodAccessorImpl.java:0,1529,1480,0,1789806967514,1789806967526,12,False,8,8777340,2,0,6013,17104864,0,0,0,0,1737675,7433,0,0,0,0,0
3,save at NativeMethodAccessorImpl.java:0,1531,1482,0,1789806967524,1789806967529,5,False,3,3222169,1,0,6013,16973792,0,0,0,0,696963,2969,0,0,0,0,0
3,save at NativeMethodAccessorImpl.java:0,1530,1481,0,1789806967521,1789806967531,10,False,7,7763637,1,0,6013,17367008,0,0,0,0,2444762,10439,0,0,0,0,0
3,save at NativeMethodAccessorImpl.java:0,1532,1483,0,1789806967524,1789806967533,9,False,6,6939502,1,0,6013,17367008,0,0,0,0,2067058,8829,0,0,0,0,0
3,save at NativeMethodAccessorImpl.java:0,1534,1485,0,1789806967529,1789806967534,5,False,2,2317903,1,0,6013,16908256,0,0,0,0,353054,1477,0,0,0,0,0
3,save at NativeMethodAccessorImpl.java:0,1533,1484,0,1789806967526,1789806967537,11,False,8,8117573,2,0,6013,17367008,0,0,0,0,2457424,10496,0,0,0,0,0
3,save at NativeMethodAccessorImpl.java:0,1535,1486,0,1789806967531,1789806967539,8,False,5,5922311,1,0,6013,17104864,0,0,0,0,1760200,7534,0,0,0,0,0
3,save at NativeMethodAccessorImpl.java:0,1537,1488,0,1789806967533,1789806967540,7,False,4,4483608,1,0,6013,17104864,0,0,0,0,1050785,4485,0,0,0,0,0
3,save at NativeMethodAccessorImpl.java:0,1536,1487,0,1789806967533,1789806967541,8,False,5,5273276,1,0,6013,17104864,0,0,0,0,1404730,5981,0,0,0,0,0
3,save at NativeMethodAccessorImpl.java:0,1538,1489,0,1789806967537,1789806967546,9,False,5,5982818,1,0,6013,17104864,0,0,0,0,1763496,7549,0,0,0,0,0
3,save at NativeMethodAccessorImpl.java:0,1541,1492,0,1789806967540,1789806967546,6,False,3,3215714,1,0,6013,16973792,0,0,0,0,699429,2981,0,0,0,0,0
3,save at NativeMethodAccessorImpl.java:0,1539,1490,0,1789806967539,1789806967546,7,False,5,5005388,1,0,6013,17104864,0,0,0,0,1404033,5982,0,0,0,0,0
3,save at NativeMethodAccessorImpl.java:0,1540,1491,0,1789806967540,1789806967548,8,False,6,6065873,1,0,6013,17104864,0,0,0,0,1736354,7426,0,0,0,0,0
3,save at NativeMethodAccessorImpl.java:0,1543,1494,0,1789806967546,1789806967552,6,False,4,4391060,1,0,6013,17104864,0,0,0,0,1059755,4525,0,0,0,0,0
3,save at NativeMethodAccessorImpl.java:0,1542,1493,0,1789806967545,1789806967554,9,False,6,6075134,1,0,6013,17104864,0,0,0,0,1752538,7496,0,0,0,0,0
3,save at NativeMethodAccessorImpl.java:0,1544,1495,0,1789806967546,1789806967556,10,False,7,7711661,1,0,6013,17367008,0,0,0,0,2427812,10366,0,0,0,0,0
3,save at NativeMethodAccessorImpl.java:0,1545,1496,0,1789806967548,1789806967556,8,False,6,6063794,1,0,6013,17104864,0,0,0,0,1754982,7507,0,0,0,0,0
3,save at NativeMethodAccessorImpl.java:0,1547,1498,0,1789806967553,1789806967559,6,False,4,4142159,1,0,6013,17104864,0,0,0,0,1057350,4515,0,0,0,0,0
3,save at NativeMethodAccessorImpl.java:0,1546,1497,0,1789806967552,1789806967560,8,False,6,6118254,1,0,6013,17104864,0,0,0,0,1753376,7502,0,0,0,0,0
3,save at NativeMethodAccessorImpl.java:0,1549,1500,0,1789806967556,1789806967563,7,False,5,5369148,1,0,6013,17104864,0,0,0,0,1417275,6038,0,0,0,0,0
3,save at NativeMethodAccessorImpl.java:0,1548,1499,0,1789806967556,1789806967565,9,False,7,7839685,1,0,6013,17367008,0,0,0,0,2421821,10340,0,0,0,0,0
3,save at NativeMethodAccessorImpl.java:0,1552,1503,0,1789806967563,1789806967567,4,False,2,2319141,1,0,6013,16908256,0,0,0,0,362760,1519,0,0,0,0,0
3,save at NativeMethodAccessorImpl.java:0,1551,1502,0,1789806967560,1789806967568,8,False,6,6190905,1,0,6013,17104864,0,0,0,0,1764210,7545,0,0,0,0,0
3,save at NativeMethodAccessorImpl.java:0,1550,1501,0,1789806967559,1789806967570,11,False,8,8750482,1,0,6013,17367008,0,0,0,0,2773340,11865,0,0,0,0,0
3,save at NativeMethodAccessorImpl.java:0,1553,1504,0,1789806967565,1789806967570,5,False,3,3146968,1,0,6013,16973792,0,0,0,0,695488,2963,0,0,0,0,0
3,save at NativeMethodAccessorImpl.java:0,1554,1505,0,1789806967567,1789806967577,10,False,7,7376239,1,0,6013,17367008,0,0,0,0,2126346,9074,0,0,0,0,0
3,save at NativeMethodAccessorImpl.java:0,1556,1507,0,1789806967570,1789806967578,8,False,5,5893658,1,0,6013,17104864,0,0,0,0,1759686,7531,0,0,0,0,0
3,save at NativeMethodAccessorImpl.java:0,1555,1506,0,1789806967568,1789806967578,10,False,7,7959323,1,0,6013,17367008,0,0,0,0,2448231,10454,0,0,0,0,0
3,save at NativeMethodAccessorImpl.java:0,1557,1508,0,1789806967570,1789806967580,10,False,7,7749170,1,0,6013,17367008,0,0,0,0,2476373,10580,0,0,0,0,0
3,save at NativeMethodAccessorImpl.java:0,1558,1509,0,1789806967577,1789806967583,6,False,4,4308522,1,0,6013,17104864,0,0,0,0,1037608,4434,0,0,0,0,0
3,save at NativeMethodAccessorImpl.java:0,1560,1511,0,1789806967578,1789806967584,6,False,4,4254639,1,0,6013,17104864,0,0,0,0,1060164,4524,0,0,0,0,0
3,save at NativeMethodAccessorImpl.java:0,1559,1510,0,1789806967578,1789806967591,13,False,11,11321883,1,0,6013,17891296,0,0,0,0,3865873,16527,0,0,0,0,0
3,save at NativeMethodAccessorImpl.java:0,1562,1513,0,1789806967583,1789806967591,8,False,6,6003328,1,0,6013,17104864,0,0,0,0,1754925,7509,0,0,0,0,0
3,save at NativeMethodAccessorImpl.java:0,1561,1512,0,1789806967580,1789806967592,12,False,10,10512931,1,0,6013,17367008,0,0,0,0,3514051,15023,0,0,0,0,0
3,save at NativeMethodAccessorImpl.java:0,1563,1514,0,1789806967584,1789806967594,10,False,8,8005787,1,0,6013,17367008,0,0,0,0,2435962,10400,0,0,0,0,0
3,save at NativeMethodAccessorImpl.java:0,1564,1515,0,1789806967591,1789806967600,9,False,7,7032773,1,0,6013,17367008,0,0,0,0,2115921,9032,0,0,0,0,0
3,save at NativeMethodAccessorImpl.java:0,1567,1518,0,1789806967594,1789806967600,6,False,4,4200694,1,0,6013,17104864,0,0,0,0,1042521,4453,0,0,0,0,0
3,save at NativeMethodAccessorImpl.java:0,1565,1516,0,1789806967591,1789806967601,10,False,8,8151255,1,0,6013,17367008,0,0,0,0,2457210,10497,0,0,0,0,0
3,save at NativeMethodAccessorImpl.java:0,1566,1517,0,1789806967592,1789806967603,11,False,9,9102197,1,0,6013,17367008,0,0,0,0,2782359,11907,0,0,0,0,0
3,save at NativeMethodAccessorImpl.java:0,1568,1519,0,1789806967600,1789806967605,5,False,3,3212723,1,0,6013,16973792,0,0,0,0,709950,3026,0,0,0,0,0
3,save at NativeMethodAccessorImpl.java:0,1569,1520,0,1789806967600,1789806967608,8,False,6,6092437,1,0,6013,17104864,0,0,0,0,1754151,7507,0,0,0,0,0
3,save at NativeMethodAccessorImpl.java:0,1572,1523,0,1789806967605,1789806967610,5,False,3,3163450,1,0,6013,16973792,0,0,0,0,712696,3040,0,0,0,0,0
3,save at NativeMethodAccessorImpl.java:0,1570,1521,0,1789806967601,1789806967611,10,False,8,8126294,1,0,6013,17367008,0,0,0,0,2500642,10685,0,0,0,0,0
3,save at NativeMethodAccessorImpl.java:0,1571,1522,0,1789806967603,1789806967612,9,False,7,7078273,1,0,6013,17367008,0,0,0,0,2102983,8980,0,0,0,0,0
3,save at NativeMethodAccessorImpl.java:0,1574,1525,0,1789806967610,1789806967618,8,False,5,5854988,1,0,6013,17104864,0,0,0,0,1748036,7481,0,0,0,0,0
3,save at NativeMethodAccessorImpl.java:0,1575,1526,0,1789806967611,1789806967618,7,False,5,5113313,1,0,6013,17104864,0,0,0,0,1438416,6130,0,0,0,0,0
3,save at NativeMethodAccessorImpl.java:0,1573,1524,0,1789806967608,1789806967619,11,False,8,8950209,1,0,6013,17367008,0,0,0,0,2796562,11966,0,0,0,0,0
3,save at NativeMethodAccessorImpl.java:0,1576,1527,0,1789806967612,1789806967620,8,False,6,6037275,1,0,6013,17104864,0,0,0,0,1731293,7406,0,0,0,0,0
3,save at NativeMethodAccessorImpl.java:0,1577,1528,0,1789806967618,1789806967626,8,False,5,5911886,1,0,6013,17104864,0,0,0,0,1766208,7561,0,0,0,0,0
3,save at NativeMethodAccessorImpl.java:0,1580,1531,0,1789806967620,1789806967628,8,False,5,5954973,1,0,6013,17104864,0,0,0,0,1763079,7507,0,0,0,0,0
3,save at NativeMethodAccessorImpl.java:0,1578,1529,0,1789806967618,1789806967628,10,False,7,7928320,1,0,6013,17367008,0,0,0,0,2457891,10498,0,0,0,0,0
3,save at NativeMethodAccessorImpl.java:0,1579,1530,0,1789806967619,1789806967630,11,False,8,8096378,1,0,6013,17367008,0,0,0,0,2468417,10545,0,0,0,0,0
3,save at NativeMethodAccessorImpl.java:0,1583,1534,0,1789806967628,1789806967633,5,False,2,2278945,1,0,6013,16908256,0,0,0,0,359832,1505,0,0,0,0,0
3,save at NativeMethodAccessorImpl.java:0,1584,1535,0,1789806967629,1789806967638,9,False,5,5379557,1,0,6013,17104864,0,0,0,0,1406857,5992,0,0,0,0,0
3,save at NativeMethodAccessorImpl.java:0,1585,1536,0,1789806967632,1789806967638,6,False,3,3227377,1,0,6013,16973792,0,0,0,0,690810,2943,0,0,0,0,0
3,save at NativeMethodAccessorImpl.java:0,1581,1532,0,1789806967626,1789806967638,12,False,10,10371888,1,0,6013,17367008,0,0,0,0,3482068,14864,0,0,0,0,0
3,save at NativeMethodAccessorImpl.java:0,1582,1533,0,1789806967628,1789806967640,12,False,9,9834249,1,0,6013,17367008,0,0,0,0,3155957,13487,0,0,0,0,0
3,save at NativeMethodAccessorImpl.java:0,1588,1539,0,1789806967638,1789806967643,5,False,3,3199734,1,0,6013,16973792,0,0,0,0,701907,2991,0,0,0,0,0
3,save at NativeMethodAccessorImpl.java:0,1586,1537,0,1789806967637,1789806967645,8,False,5,5261923,1,0,6013,17104864,0,0,0,0,1432554,6107,0,0,0,0,0
3,save at NativeMethodAccessorImpl.java:0,1587,1538,0,1789806967637,1789806967647,10,False,7,7245466,1,0,6013,17367008,0,0,0,0,2096516,8953,0,0,0,0,0
3,save at NativeMethodAccessorImpl.java:0,1589,1540,0,1789806967640,1789806967647,7,False,5,5188821,1,0,6013,17104864,0,0,0,0,1423331,6064,0,0,0,0,0
3,save at NativeMethodAccessorImpl.java:0,1590,1541,0,1789806967643,1789806967651,8,False,5,5926392,1,0,6013,17104864,0,0,0,0,1746736,7470,0,0,0,0,0
3,save at NativeMethodAccessorImpl.java:0,1591,1542,0,1789806967645,1789806967658,13,False,11,7957123,1,3,6056,17367008,0,0,0,0,2470845,10551,0,0,0,0,0
3,save at NativeMethodAccessorImpl.java:0,1593,1544,0,1789806967647,1789806967660,13,False,10,7260641,1,3,6056,17367008,0,0,0,0,2099594,8968,0,0,0,0,0
3,save at NativeMethodAccessorImpl.java:0,1592,1543,0,1789806967647,1789806967660,13,False,11,8485302,1,3,6056,17367008,0,0,0,0,2481130,10597,0,0,0,0,0
3,save at NativeMethodAccessorImpl.java:0,1594,1545,0,1789806967651,1789806967663,12,False,10,7180176,1,3,6056,17367008,0,0,0,0,2137437,9128,0,0,0,0,0
3,save at NativeMethodAccessorImpl.java:0,1597,1548,0,1789806967660,1789806967667,7,False,4,4340290,1,0,6013,17104864,0,0,0,0,1063764,4541,0,0,0,0,0
3,save at NativeMethodAccessorImpl.java:0,1595,1546,0,1789806967658,1789806967667,9,False,7,7166730,1,0,6013,17367008,0,0,0,0,2130097,9094,0,0,0,0,0
3,save at NativeMethodAccessorImpl.java:0,1596,1547,0,1789806967659,1789806967669,10,False,7,7233614,1,0,6013,17367008,0,0,0,0,2063237,8813,0,0,0,0,0
3,save at NativeMethodAccessorImpl.java:0,1600,1551,0,1789806967667,1789806967674,7,False,4,4962078,1,0,6013,17104864,0,0,0,0,1378232,5869,0,0,0,0,0
3,save at NativeMethodAccessorImpl.java:0,1598,1549,0,1789806967663,1789806967674,11,False,8,8975804,1,0,6013,17367008,0,0,0,0,2821271,12069,0,0,0,0,0
3,save at NativeMethodAccessorImpl.java:0,1599,1550,0,1789806967667,1789806967677,10,False,7,7956605,1,0,6013,17367008,0,0,0,0,2449981,10458,0,0,0,0,0
3,save at NativeMethodAccessorImpl.java:0,1601,1552,0,1789806967669,1789806967679,10,False,8,8006881,1,0,6013,17367008,0,0,0,0,2443201,10435,0,0,0,0,0
3,save at NativeMethodAccessorImpl.java:0,1603,1554,0,1789806967674,1789806967682,8,False,5,5303679,1,0,6013,17104864,0,0,0,0,1400118,5967,0,0,0,0,0
3,save at NativeMethodAccessorImpl.java:0,1602,1553,0,1789806967674,1789806967684,10,False,7,7249279,1,0,6013,17104864,0,0,0,0,1732383,7407,0,0,0,0,0
3,save at NativeMethodAccessorImpl.java:0,1605,1556,0,1789806967679,1789806967686,7,False,5,5277456,1,0,6013,17104864,0,0,0,0,1386949,5907,0,0,0,0,0
3,save at NativeMethodAccessorImpl.java:0,1604,1555,0,1789806967677,1789806967689,12,False,10,10538711,1,0,6013,17367008,0,0,0,0,3453069,14753,0,0,0,0,0
3,save at NativeMethodAccessorImpl.java:0,1606,1557,0,1789806967682,1789806967690,8,False,6,6080561,1,0,6013,17104864,0,0,0,0,1753620,7504,0,0,0,0,0
3,save at NativeMethodAccessorImpl.java:0,1608,1559,0,1789806967686,1789806967692,6,False,3,3431353,1,0,6013,16973792,0,0,0,0,713060,3043,0,0,0,0,0
3,save at NativeMethodAccessorImpl.java:0,1607,1558,0,1789806967684,1789806967692,8,False,6,6106944,1,0,6013,17104864,0,0,0,0,1757208,7520,0,0,0,0,0
3,save at NativeMethodAccessorImpl.java:0,1609,1560,0,1789806967689,1789806967694,5,False,2,2396199,1,0,6013,16908256,0,0,0,0,365932,1532,0,0,0,0,0
3,save at NativeMethodAccessorImpl.java:0,1610,1561,0,1789806967690,1789806967698,8,False,6,6098769,1,0,6013,17104864,0,0,0,0,1756983,7518,0,0,0,0,0
3,save at NativeMethodAccessorImpl.java:0,1612,1563,0,1789806967692,1789806967700,8,False,6,6118601,1,0,6013,17104864,0,0,0,0,1755978,7513,0,0,0,0,0
3,save at NativeMethodAccessorImpl.java:0,1611,1562,0,1789806967691,1789806967701,10,False,7,7260720,1,0,6013,17367008,0,0,0,0,2131182,9094,0,0,0,0,0
3,save at NativeMethodAccessorImpl.java:0,1613,1564,0,1789806967694,1789806967702,8,False,6,6139905,1,0,6013,17104864,0,0,0,0,1773988,7592,0,0,0,0,0
3,save at NativeMethodAccessorImpl.java:0,1614,1565,0,1789806967698,1789806967707,9,False,7,7068621,1,0,6013,17367008,0,0,0,0,2116306,9037,0,0,0,0,0
3,save at NativeMethodAccessorImpl.java:0,1615,1566,0,1789806967700,1789806967707,7,False,5,5873331,1,0,6013,17104864,0,0,0,0,1737174,7430,0,0,0,0,0
3,save at NativeMethodAccessorImpl.java:0,1616,1567,0,1789806967701,1789806967708,7,False,5,5187855,1,0,6013,17104864,0,0,0,0,1405498,5988,0,0,0,0,0
3,save at NativeMethodAccessorImpl.java:0,1617,1568,0,1789806967702,1789806967709,7,False,5,5318846,1,0,6013,17104864,0,0,0,0,1377935,5870,0,0,0,0,0
3,save at NativeMethodAccessorImpl.java:0,1618,1569,0,1789806967707,1789806967713,6,False,4,4192354,1,0,6013,17104864,0,0,0,0,1017425,4349,0,0,0,0,0
3,save at NativeMethodAccessorImpl.java:0,1621,1572,0,1789806967709,1789806967715,6,False,4,4290342,1,0,6013,17104864,0,0,0,0,1057704,4515,0,0,0,0,0
3,save at NativeMethodAccessorImpl.java:0,1620,1571,0,1789806967708,1789806967716,8,False,6,6300262,1,0,6013,17104864,0,0,0,0,1747411,7472,0,0,0,0,0
3,save at NativeMethodAccessorImpl.java:0,1619,1570,0,1789806967707,1789806967717,10,False,7,7819664,1,0,6013,17367008,0,0,0,0,2402037,10258,0,0,0,0,0
3,save at NativeMethodAccessorImpl.java:0,1624,1575,0,1789806967716,1789806967719,3,False,0,798114,1,0,5970,65536,0,0,0,0,0,0,0,0,0,0,0
3,save at NativeMethodAccessorImpl.java:0,1622,1573,0,1789806967713,1789806967724,11,False,8,8909202,1,0,6013,17367008,0,0,0,0,2775219,11874,0,0,0,0,0
3,save at NativeMethodAccessorImpl.java:0,1625,1576,0,1789806967717,1789806967726,9,False,7,7038107,1,0,6013,17367008,0,0,0,0,2111002,9014,0,0,0,0,0
3,save at NativeMethodAccessorImpl.java:0,1623,1574,0,1789806967715,1789806967729,14,False,11,11458752,1,0,6013,17891296,0,0,0,0,3845410,16437,0,0,0,0,0
3,save at NativeMethodAccessorImpl.java:0,1626,1577,0,1789806967719,1789806967731,12,False,9,9756794,1,0,6013,17367008,0,0,0,0,3197186,13650,0,0,0,0,0
3,save at NativeMethodAccessorImpl.java:0,1628,1579,0,1789806967726,1789806967731,5,False,3,3226064,1,0,6013,16973792,0,0,0,0,721074,3076,0,0,0,0,0
3,save at NativeMethodAccessorImpl.java:0,1627,1578,0,1789806967724,1789806967732,8,False,5,5255085,1,0,6013,17104864,0,0,0,0,1387045,5907,0,0,0,0,0
3,save at NativeMethodAccessorImpl.java:0,1630,1581,0,1789806967731,1789806967738,7,False,5,5041202,1,0,6013,17104864,0,0,0,0,1414381,6027,0,0,0,0,0
3,save at NativeMethodAccessorImpl.java:0,1629,1580,0,1789806967729,1789806967738,9,False,7,7363316,1,0,6013,17367008,0,0,0,0,2133672,9109,0,0,0,0,0
3,save at NativeMethodAccessorImpl.java:0,1632,1583,0,1789806967731,1789806967739,8,False,5,5239004,1,0,6013,17104864,0,0,0,0,1444787,6156,0,0,0,0,0
3,save at NativeMethodAccessorImpl.java:0,1631,1582,0,1789806967731,1789806967740,9,False,6,6985237,1,0,6013,17367008,0,0,0,0,2087965,8921,0,0,0,0,0
3,save at NativeMethodAccessorImpl.java:0,1634,1585,0,1789806967738,1789806967745,7,False,5,5109000,1,0,6013,17104864,0,0,0,0,1409499,6005,0,0,0,0,0
3,save at NativeMethodAccessorImpl.java:0,1633,1584,0,1789806967738,1789806967746,8,False,5,5938389,1,0,6013,17104864,0,0,0,0,1735288,7426,0,0,0,0,0
3,save at NativeMethodAccessorImpl.java:0,1636,1587,0,1789806967740,1789806967746,6,False,4,4132842,1,0,6013,17104864,0,0,0,0,1074337,4585,0,0,0,0,0
3,save at NativeMethodAccessorImpl.java:0,1635,1586,0,1789806967739,1789806967748,9,False,7,7060908,1,0,6013,17367008,0,0,0,0,2128989,9090,0,0,0,0,0
3,save at NativeMethodAccessorImpl.java:0,1637,1588,0,1789806967745,1789806967754,9,False,7,7173058,1,0,6013,17367008,0,0,0,0,2122312,9062,0,0,0,0,0
3,save at NativeMethodAccessorImpl.java:0,1638,1589,0,1789806967746,1789806967755,9,False,7,7204479,1,0,6013,17367008,0,0,0,0,2109034,9006,0,0,0,0,0
3,save at NativeMethodAccessorImpl.java:0,1640,1591,0,1789806967748,1789806967756,8,False,5,5978402,1,0,6013,17104864,0,0,0,0,1718082,7346,0,0,0,0,0
3,save at NativeMethodAccessorImpl.java:0,1639,1590,0,1789806967746,1789806967760,14,False,11,11525581,1,0,6013,17367008,0,0,0,0,2118115,9040,0,0,0,0,0
3,save at NativeMethodAccessorImpl.java:0,1641,1592,0,1789806967754,1789806967763,9,False,6,6175432,1,0,6013,17104864,0,0,0,0,1743956,7456,0,0,0,0,0
3,save at NativeMethodAccessorImpl.java:0,1642,1593,0,1789806967755,1789806967764,9,False,7,7017395,1,0,6013,17367008,0,0,0,0,2084977,8905,0,0,0,0,0
3,save at NativeMethodAccessorImpl.java:0,1643,1594,0,1789806967755,1789806967765,10,False,7,7350352,1,0,6013,17367008,0,0,0,0,2111846,9021,0,0,0,0,0
3,save at NativeMethodAccessorImpl.java:0,1645,1596,0,1789806967762,1789806967768,6,False,3,3262995,1,0,6013,16973792,0,0,0,0,701846,2993,0,0,0,0,0
3,save at NativeMethodAccessorImpl.java:0,1646,1597,0,1789806967764,1789806967770,6,False,4,4256149,1,0,6013,17104864,0,0,0,0,1059004,4523,0,0,0,0,0
3,save at NativeMethodAccessorImpl.java:0,1644,1595,0,1789806967760,1789806967772,12,False,9,9144445,2,0,6013,17104864,0,0,0,0,1763576,7542,0,0,0,0,0
3,save at NativeMethodAccessorImpl.java:0,1647,1598,0,1789806967765,1789806967775,10,False,7,7925839,1,0,6013,17367008,0,0,0,0,2456599,10490,0,0,0,0,0
3,save at NativeMethodAccessorImpl.java:0,1648,1599,0,1789806967768,1789806967780,12,False,9,9710932,1,0,6013,17367008,0,0,0,0,3143371,13430,0,0,0,0,0
3,save at NativeMethodAccessorImpl.java:0,1649,1600,0,1789806967770,1789806967780,10,False,7,7892874,1,0,6013,17367008,0,0,0,0,2462951,10521,0,0,0,0,0
3,save at NativeMethodAccessorImpl.java:0,1650,1601,0,1789806967772,1789806967782,10,False,6,6276558,2,0,6013,17104864,0,0,0,0,1033861,4418,0,0,0,0,0
3,save at NativeMethodAccessorImpl.java:0,1651,1602,0,1789806967775,1789806967784,9,False,7,7024636,1,0,6013,17367008,0,0,0,0,2048888,8757,0,0,0,0,0
3,save at NativeMethodAccessorImpl.java:0,1652,1603,0,1789806967779,1789806967787,8,False,5,5228413,1,0,6013,17104864,0,0,0,0,1383976,5896,0,0,0,0,0
3,save at NativeMethodAccessorImpl.java:0,1653,1604,0,1789806967780,1789806967788,8,False,6,6018689,1,0,6013,17104864,0,0,0,0,1729975,7395,0,0,0,0,0
3,save at NativeMethodAccessorImpl.java:0,1655,1606,0,1789806967784,1789806967791,7,False,5,5337282,1,0,6013,17104864,0,0,0,0,1413393,6018,0,0,0,0,0
3,save at NativeMethodAccessorImpl.java:0,1656,1607,0,1789806967787,1789806967796,9,False,6,6961684,1,0,6013,17367008,0,0,0,0,2095599,8951,0,0,0,0,0
3,save at NativeMethodAccessorImpl.java:0,1657,1608,0,1789806967788,1789806967796,8,False,6,6109023,1,0,6013,17104864,0,0,0,0,1758509,7525,0,0,0,0,0
3,save at NativeMethodAccessorImpl.java:0,1654,1605,0,1789806967782,1789806967797,15,False,11,11719946,2,0,6013,17367008,0,0,0,0,2475781,10572,0,0,0,0,0
3,save at NativeMethodAccessorImpl.java:0,1658,1609,0,1789806967791,1789806967799,8,False,5,5803856,1,0,6013,17104864,0,0,0,0,1720563,7358,0,0,0,0,0
3,save at NativeMethodAccessorImpl.java:0,1660,1611,0,1789806967796,1789806967801,5,False,3,3448652,1,0,6013,16973792,0,0,0,0,714218,3046,0,0,0,0,0
3,save at NativeMethodAccessorImpl.java:0,1659,1610,0,1789806967795,1789806967802,7,False,4,4368015,1,0,6013,17104864,0,0,0,0,1063563,4540,0,0,0,0,0
3,save at NativeMethodAccessorImpl.java:0,1664,1615,0,1789806967802,1789806967805,3,False,0,822336,1,0,5970,65536,0,0,0,0,0,0,0,0,0,0,0
3,save at NativeMethodAccessorImpl.java:0,1661,1612,0,1789806967796,1789806967806,10,False,6,6310652,2,0,6013,17104864,0,0,0,0,1046736,4472,0,0,0,0,0
3,save at NativeMethodAccessorImpl.java:0,1662,1613,0,1789806967799,1789806967806,7,False,5,5176212,1,0,6013,17104864,0,0,0,0,1392437,5933,0,0,0,0,0
3,save at NativeMethodAccessorImpl.java:0,1666,1617,0,1789806967806,1789806967810,4,False,2,2218599,1,0,6013,16908256,0,0,0,0,375540,1573,0,0,0,0,0
3,save at NativeMethodAccessorImpl.java:0,1663,1614,0,1789806967801,1789806967811,10,False,7,7315004,1,0,6013,17367008,0,0,0,0,2128053,9086,0,0,0,0,0
3,save at NativeMethodAccessorImpl.java:0,1665,1616,0,1789806967805,1789806967811,6,False,4,4112689,1,0,6013,17104864,0,0,0,0,1049268,4479,0,0,0,0,0
3,save at NativeMethodAccessorImpl.java:0,1667,1618,0,1789806967806,1789806967817,11,False,7,7245507,2,0,6013,17104864,0,0,0,0,1744687,7467,0,0,0,0,0
3,save at NativeMethodAccessorImpl.java:0,1669,1620,0,1789806967811,1789806967819,8,False,6,6106785,1,0,6013,17104864,0,0,0,0,1757504,7521,0,0,0,0,0
3,save at NativeMethodAccessorImpl.java:0,1668,1619,0,1789806967810,1789806967821,11,False,8,8071960,1,0,6013,17367008,0,0,0,0,2434781,10395,0,0,0,0,0
3,save at NativeMethodAccessorImpl.java:0,1670,1621,0,1789806967811,1789806967824,13,False,10,10720247,1,0,6013,17367008,0,0,0,0,3465778,14807,0,0,0,0,0
3,save at NativeMethodAccessorImpl.java:0,1671,1622,0,1789806967816,1789806967827,11,False,7,7779472,1,0,6013,17367008,0,0,0,0,2453359,10479,0,0,0,0,0
3,save at NativeMethodAccessorImpl.java:0,1672,1623,0,1789806967819,1789806967828,9,False,7,7243982,1,0,6013,17367008,0,0,0,0,2089583,8921,0,0,0,0,0
3,save at NativeMethodAccessorImpl.java:0,1673,1624,0,1789806967821,1789806967829,8,False,5,5839177,1,0,6013,17104864,0,0,0,0,1732594,7411,0,0,0,0,0
3,save at NativeMethodAccessorImpl.java:0,1675,1626,0,1789806967826,1789806967832,6,False,3,3125831,1,0,6013,16973792,0,0,0,0,686287,2921,0,0,0,0,0
3,save at NativeMethodAccessorImpl.java:0,1674,1625,0,1789806967824,1789806967833,9,False,7,7183871,1,0,6013,17367008,0,0,0,0,2091986,8938,0,0,0,0,0
3,save at NativeMethodAccessorImpl.java:0,1677,1628,0,1789806967828,1789806967835,7,False,4,4143960,1,0,6013,17104864,0,0,0,0,1069032,4564,0,0,0,0,0
3,save at NativeMethodAccessorImpl.java:0,1678,1629,0,1789806967831,1789806967837,6,False,3,3167747,1,0,6013,16973792,0,0,0,0,708908,3021,0,0,0,0,0
3,save at NativeMethodAccessorImpl.java:0,1676,1627,0,1789806967828,1789806967838,10,False,8,8294070,1,0,6013,17367008,0,0,0,0,2461315,10512,0,0,0,0,0
3,save at NativeMethodAccessorImpl.java:0,1679,1630,0,1789806967833,1789806967840,7,False,5,5179737,1,0,6013,17104864,0,0,0,0,1391876,5929,0,0,0,0,0
3,save at NativeMethodAccessorImpl.java:0,1680,1631,0,1789806967835,1789806967843,8,False,5,5952478,1,0,6013,17104864,0,0,0,0,1767471,7562,0,0,0,0,0
3,save at NativeMethodAccessorImpl.java:0,1682,1633,0,1789806967838,1789806967844,6,False,3,3432924,1,0,6013,16973792,0,0,0,0,715841,3052,0,0,0,0,0
3,save at NativeMethodAccessorImpl.java:0,1683,1634,0,1789806967840,1789806967851,11,False,4,4203953,1,3,6099,17104864,0,0,0,0,1036438,4428,0,0,0,0,0
3,save at NativeMethodAccessorImpl.java:0,1681,1632,0,1789806967837,1789806967851,14,False,7,7537408,1,3,6099,17104864,0,0,0,0,1382806,5889,0,0,0,0,0
3,save at NativeMethodAccessorImpl.java:0,1684,1635,0,1789806967843,1789806967859,16,False,9,5701492,1,6,6099,17104864,0,0,0,0,1059715,4521,0,0,0,0,0
3,save at NativeMethodAccessorImpl.java:0,1685,1636,0,1789806967844,1789806967860,16,False,14,7886790,1,6,6056,17104864,0,0,0,0,1403396,5979,0,0,0,0,0
3,save at NativeMethodAccessorImpl.java:0,1687,1638,0,1789806967851,1789806967861,10,False,8,5548070,1,3,6056,17104864,0,0,0,0,1044383,4462,0,0,0,0,0
3,save at NativeMethodAccessorImpl.java:0,1689,1640,0,1789806967860,1789806967868,8,False,3,3782331,3,0,6013,16908256,0,0,0,0,365713,1531,0,0,0,0,0
3,save at NativeMethodAccessorImpl.java:0,1686,1637,0,1789806967851,1789806967868,17,False,14,11575846,2,3,6056,17104864,0,0,0,0,1707015,7297,0,0,0,0,0
3,save at NativeMethodAccessorImpl.java:0,1688,1639,0,1789806967859,1789806967868,9,False,5,5481703,2,0,6013,17104864,0,0,0,0,1040144,4443,0,0,0,0,0
3,save at NativeMethodAccessorImpl.java:0,1692,1643,0,1789806967868,1789806967873,5,False,2,2546061,1,0,6013,16908256,0,0,0,0,351350,1469,0,0,0,0,0
3,save at NativeMethodAccessorImpl.java:0,1691,1642,0,1789806967867,1789806967876,9,False,5,5141805,2,0,6013,16973792,0,0,0,0,709918,3027,0,0,0,0,0
3,save at NativeMethodAccessorImpl.java:0,1690,1641,0,1789806967861,1789806967876,15,False,11,11967010,2,0,6013,17367008,0,0,0,0,2408636,10289,0,0,0,0,0
3,save at NativeMethodAccessorImpl.java:0,1693,1644,0,1789806967868,1789806967876,8,False,5,5026932,2,0,6013,16973792,0,0,0,0,724630,3090,0,0,0,0,0
3,save at NativeMethodAccessorImpl.java:0,1697,1648,0,1789806967876,1789806967882,6,False,3,3343934,1,0,6013,16973792,0,0,0,0,683898,2912,0,0,0,0,0
3,save at NativeMethodAccessorImpl.java:0,1694,1645,0,1789806967873,1789806967883,10,False,8,8488861,1,0,6013,17367008,0,0,0,0,2417389,10319,0,0,0,0,0
3,save at NativeMethodAccessorImpl.java:0,1696,1647,0,1789806967876,1789806967887,11,False,7,7776716,2,0,6013,17104864,0,0,0,0,1413859,6019,0,0,0,0,0
3,save at NativeMethodAccessorImpl.java:0,1699,1650,0,1789806967883,1789806967895,12,False,9,5622148,1,3,6056,17104864,0,0,0,0,1376685,5863,0,0,0,0,0
3,save at NativeMethodAccessorImpl.java:0,1695,1646,0,1789806967876,1789806967896,20,False,15,11984475,2,3,6056,17367008,0,0,0,0,2446133,10449,0,0,0,0,0
3,save at NativeMethodAccessorImpl.java:0,1698,1649,0,1789806967882,1789806967896,14,False,5,5182631,2,3,6099,16973792,0,0,0,0,702090,2992,0,0,0,0,0
3,save at NativeMethodAccessorImpl.java:0,1702,1653,0,1789806967895,1789806967902,7,False,3,3412759,2,0,6013,16973792,0,0,0,0,697078,2970,0,0,0,0,0
3,save at NativeMethodAccessorImpl.java:0,1700,1651,0,1789806967887,1789806967902,15,False,11,8475743,2,3,6056,17104864,0,0,0,0,1029734,4401,0,0,0,0,0
3,save at NativeMethodAccessorImpl.java:0,1701,1652,0,1789806967895,1789806967905,10,False,6,6458547,2,0,6013,17104864,0,0,0,0,1055721,4508,0,0,0,0,0
3,save at NativeMethodAccessorImpl.java:0,1703,1654,0,1789806967896,1789806967907,11,False,8,8195954,2,0,6013,17367008,0,0,0,0,2424211,10344,0,0,0,0,0
3,save at NativeMethodAccessorImpl.java:0,1705,1656,0,1789806967902,1789806967907,5,False,2,2297447,2,0,6013,16908256,0,0,0,0,366912,1538,0,0,0,0,0
3,save at NativeMethodAccessorImpl.java:0,1704,1655,0,1789806967901,1789806967908,7,False,4,4579629,1,0,6013,17104864,0,0,0,0,1081183,4614,0,0,0,0,0
3,save at NativeMethodAccessorImpl.java:0,1706,1657,0,1789806967905,1789806967915,10,False,7,7653054,1,0,6013,17367008,0,0,0,0,2445779,10448,0,0,0,0,0
3,save at NativeMethodAccessorImpl.java:0,1708,1659,0,1789806967907,1789806967915,8,False,5,5909552,1,0,6013,17104864,0,0,0,0,1730408,7402,0,0,0,0,0
3,save at NativeMethodAccessorImpl.java:0,1707,1658,0,1789806967906,1789806967917,11,False,8,8130470,1,0,6013,17367008,0,0,0,0,2415705,10311,0,0,0,0,0
3,save at NativeMethodAccessorImpl.java:0,1710,1661,0,1789806967915,1789806967919,4,False,2,2288534,1,0,6013,16908256,0,0,0,0,358764,1500,0,0,0,0,0
3,save at NativeMethodAccessorImpl.java:0,1709,1660,0,1789806967908,1789806967920,12,False,9,9649548,1,0,6013,17367008,0,0,0,0,3143418,13422,0,0,0,0,0
3,save at NativeMethodAccessorImpl.java:0,1713,1664,0,1789806967919,1789806967923,4,False,2,2217048,1,0,6013,16908256,0,0,0,0,349542,1461,0,0,0,0,0
3,save at NativeMethodAccessorImpl.java:0,1711,1662,0,1789806967915,1789806967925,10,False,7,7754579,1,0,6013,17367008,0,0,0,0,2444052,10434,0,0,0,0,0
3,save at NativeMethodAccessorImpl.java:0,1712,1663,0,1789806967917,1789806967926,9,False,7,7209738,1,0,6013,17367008,0,0,0,0,2098782,8958,0,0,0,0,0
3,save at NativeMethodAccessorImpl.java:0,1714,1665,0,1789806967920,1789806967927,7,False,5,5438259,1,0,6013,17104864,0,0,0,0,1412011,6015,0,0,0,0,0
3,save at NativeMethodAccessorImpl.java:0,1716,1667,0,1789806967925,1789806967931,6,False,4,4169054,1,0,6013,17104864,0,0,0,0,1040381,4444,0,0,0,0,0
3,save at NativeMethodAccessorImpl.java:0,1715,1666,0,1789806967923,1789806967931,8,False,5,5736633,1,0,6013,17104864,0,0,0,0,1725442,7384,0,0,0,0,0
3,save at NativeMethodAccessorImpl.java:0,1718,1669,0,1789806967927,1789806967936,9,False,6,6055165,1,0,6013,17104864,0,0,0,0,1748287,7479,0,0,0,0,0
3,save at NativeMethodAccessorImpl.java:0,1717,1668,0,1789806967926,1789806967936,10,False,8,8070841,1,0,6013,17367008,0,0,0,0,2477812,10583,0,0,0,0,0
3,save at NativeMethodAccessorImpl.java:0,1721,1672,0,1789806967935,1789806967941,6,False,3,3224967,1,0,6013,16973792,0,0,0,0,714709,3050,0,0,0,0,0
3,save at NativeMethodAccessorImpl.java:0,1720,1671,0,1789806967931,1789806967941,10,False,7,7803093,1,0,6013,17367008,0,0,0,0,2497817,10671,0,0,0,0,0
3,save at NativeMethodAccessorImpl.java:0,1719,1670,0,1789806967931,1789806967942,11,False,8,8904968,1,0,6013,17367008,0,0,0,0,2418376,10327,0,0,0,0,0
3,save at NativeMethodAccessorImpl.java:0,1722,1673,0,1789806967936,1789806967944,8,False,6,6184661,1,0,6013,17104864,0,0,0,0,1746911,7471,0,0,0,0,0
3,save at NativeMethodAccessorImpl.java:0,1724,1675,0,1789806967941,1789806967947,6,False,4,4278202,1,0,6013,17104864,0,0,0,0,1037887,4432,0,0,0,0,0
3,save at NativeMethodAccessorImpl.java:0,1725,1676,0,1789806967942,1789806967948,6,False,3,3034558,2,0,6013,16908256,0,0,0,0,387241,1625,0,0,0,0,0
3,save at NativeMethodAccessorImpl.java:0,1723,1674,0,1789806967941,1789806967951,10,False,7,7913135,1,0,6013,17367008,0,0,0,0,2443602,10441,0,0,0,0,0
3,save at NativeMethodAccessorImpl.java:0,1727,1678,0,1789806967947,1789806967953,6,False,3,3162687,1,0,6013,16973792,0,0,0,0,678167,2884,0,0,0,0,0
3,save at NativeMethodAccessorImpl.java:0,1726,1677,0,1789806967944,1789806967953,9,False,6,6275508,1,0,6013,17104864,0,0,0,0,1779612,7618,0,0,0,0,0
3,save at NativeMethodAccessorImpl.java:0,1728,1679,0,1789806967948,1789806967953,5,False,3,3172545,1,0,6013,16973792,0,0,0,0,685857,2921,0,0,0,0,0
3,save at NativeMethodAccessorImpl.java:0,1732,1683,0,1789806967953,1789806967959,6,False,4,4107384,1,0,6013,17104864,0,0,0,0,1025066,4378,0,0,0,0,0
3,save at NativeMethodAccessorImpl.java:0,1731,1682,0,1789806967952,1789806967960,8,False,5,5167578,1,0,6013,17104864,0,0,0,0,1413386,6020,0,0,0,0,0
3,save at NativeMethodAccessorImpl.java:0,1729,1680,0,1789806967951,1789806967960,9,False,7,7755311,1,0,6013,17367008,0,0,0,0,2436128,10403,0,0,0,0,0
3,save at NativeMethodAccessorImpl.java:0,1730,1681,0,1789806967952,1789806967961,9,False,6,6044902,1,0,6013,17104864,0,0,0,0,1751125,7491,0,0,0,0,0
3,save at NativeMethodAccessorImpl.java:0,1733,1684,0,1789806967959,1789806967967,8,False,5,5898886,1,0,6013,17104864,0,0,0,0,1750966,7493,0,0,0,0,0
3,save at NativeMethodAccessorImpl.java:0,1734,1685,0,1789806967960,1789806967969,9,False,7,7120304,1,0,6013,17367008,0,0,0,0,2139605,9134,0,0,0,0,0
3,save at NativeMethodAccessorImpl.java:0,1735,1686,0,1789806967960,1789806967970,10,False,7,7745653,1,0,6013,17367008,0,0,0,0,2438722,10414,0,0,0,0,0
3,save at NativeMethodAccessorImpl.java:0,1736,1687,0,1789806967960,1789806967970,10,False,7,7790860,1,0,6013,17367008,0,0,0,0,2428239,10365,0,0,0,0,0
3,save at NativeMethodAccessorImpl.java:0,1737,1688,0,1789806967967,1789806967972,5,False,3,3154803,1,0,6013,16973792,0,0,0,0,683793,2912,0,0,0,0,0
3,save at NativeMethodAccessorImpl.java:0,1739,1690,0,1789806967970,1789806967975,5,False,3,3294907,1,0,6013,16973792,0,0,0,0,733768,3132,0,0,0,0,0
3,save at NativeMethodAccessorImpl.java:0,1738,1689,0,1789806967969,1789806967977,8,False,5,5195419,1,0,6013,17104864,0,0,0,0,1397955,5953,0,0,0,0,0
3,save at NativeMethodAccessorImpl.java:0,1741,1692,0,1789806967972,1789806967977,5,False,3,3142759,1,0,6013,16973792,0,0,0,0,721251,3076,0,0,0,0,0
3,save at NativeMethodAccessorImpl.java:0,1740,1691,0,1789806967970,1789806967980,10,False,7,7784723,1,0,6013,17367008,0,0,0,0,2399937,10245,0,0,0,0,0
3,save at NativeMethodAccessorImpl.java:0,1742,1693,0,1789806967975,1789806967981,6,False,4,4026879,1,0,6013,17104864,0,0,0,0,1015172,4339,0,0,0,0,0
3,save at NativeMethodAccessorImpl.java:0,1743,1694,0,1789806967977,1789806967986,9,False,7,7041974,1,0,6013,17367008,0,0,0,0,2119037,9052,0,0,0,0,0
3,save at NativeMethodAccessorImpl.java:0,1744,1695,0,1789806967977,1789806967988,11,False,8,8876972,1,0,6013,17367008,0,0,0,0,2820755,12070,0,0,0,0,0
3,save at NativeMethodAccessorImpl.java:0,1745,1696,0,1789806967980,1789806967989,9,False,6,6242500,1,0,6013,17104864,0,0,0,0,1769968,7572,0,0,0,0,0
3,save at NativeMethodAccessorImpl.java:0,1746,1697,0,1789806967981,1789806967991,10,False,7,7723137,1,0,6013,17367008,0,0,0,0,2427216,10366,0,0,0,0,0
3,save at NativeMethodAccessorImpl.java:0,1747,1698,0,1789806967986,1789806967995,9,False,7,7277709,1,0,6013,17367008,0,0,0,0,2120181,9051,0,0,0,0,0
3,save at NativeMethodAccessorImpl.java:0,1749,1700,0,1789806967989,1789806967996,7,False,5,5292317,1,0,6013,17104864,0,0,0,0,1405164,5986,0,0,0,0,0
3,save at NativeMethodAccessorImpl.java:0,1750,1701,0,1789806967991,1789806968000,9,False,7,7759646,1,0,6013,17367008,0,0,0,0,2439543,10411,0,0,0,0,0
3,save at NativeMethodAccessorImpl.java:0,1748,1699,0,1789806967988,1789806968001,13,False,10,10444824,1,0,6013,17367008,0,0,0,0,3137737,13399,0,0,0,0,0
3,save at NativeMethodAccessorImpl.java:0,1753,1704,0,1789806968000,1789806968007,7,False,4,4203044,1,0,6013,17104864,0,0,0,0,1046662,4473,0,0,0,0,0
3,save at NativeMethodAccessorImpl.java:0,1752,1703,0,1789806967996,1789806968007,11,False,8,8893522,1,0,6013,17367008,0,0,0,0,2822700,12079,0,0,0,0,0
3,save at NativeMethodAccessorImpl.java:0,1751,1702,0,1789806967995,1789806968008,13,False,10,10427124,1,0,6013,17367008,0,0,0,0,3170546,13538,0,0,0,0,0
3,save at NativeMethodAccessorImpl.java:0,1754,1705,0,1789806968000,1789806968009,9,False,5,5927705,1,0,6013,17104864,0,0,0,0,1748145,7478,0,0,0,0,0
3,save at NativeMethodAccessorImpl.java:0,1755,1706,0,1789806968007,1789806968015,8,False,6,6084117,1,0,6013,17104864,0,0,0,0,1772441,7585,0,0,0,0,0
3,save at NativeMethodAccessorImpl.java:0,1757,1708,0,1789806968008,1789806968015,7,False,5,5124451,1,0,6013,17104864,0,0,0,0,1433748,6105,0,0,0,0,0
3,save at NativeMethodAccessorImpl.java:0,1758,1709,0,1789806968008,1789806968015,7,False,5,5056667,1,0,6013,17104864,0,0,0,0,1407555,5995,0,0,0,0,0
3,save at NativeMethodAccessorImpl.java:0,1756,1707,0,1789806968007,1789806968018,11,False,8,8237728,1,0,6013,17367008,0,0,0,0,2497810,10669,0,0,0,0,0
3,save at NativeMethodAccessorImpl.java:0,1761,1712,0,1789806968015,1789806968022,7,False,4,4233301,1,0,6013,17104864,0,0,0,0,1043512,4457,0,0,0,0,0
3,save at NativeMethodAccessorImpl.java:0,1760,1711,0,1789806968015,1789806968023,8,False,5,5803448,1,0,6013,17104864,0,0,0,0,1748652,7480,0,0,0,0,0
3,save at NativeMethodAccessorImpl.java:0,1759,1710,0,1789806968015,1789806968024,9,False,7,7156300,1,0,6013,17367008,0,0,0,0,2031065,8682,0,0,0,0,0
3,save at NativeMethodAccessorImpl.java:0,1762,1713,0,1789806968017,1789806968028,11,False,8,8731317,1,0,6013,17367008,0,0,0,0,2765820,11834,0,0,0,0,0
3,save at NativeMethodAccessorImpl.java:0,1765,1716,0,1789806968024,1789806968029,5,False,3,3067173,1,0,6013,16973792,0,0,0,0,692912,2951,0,0,0,0,0
3,save at NativeMethodAccessorImpl.java:0,1764,1715,0,1789806968023,1789806968031,8,False,5,5785012,1,0,6013,17104864,0,0,0,0,1753622,7505,0,0,0,0,0
3,save at NativeMethodAccessorImpl.java:0,1766,1717,0,1789806968028,1789806968035,7,False,4,4252846,1,0,6013,17104864,0,0,0,0,1051485,4488,0,0,0,0,0
3,save at NativeMethodAccessorImpl.java:0,1763,1714,0,1789806968022,1789806968035,13,False,10,10669989,1,0,6013,17367008,0,0,0,0,3537697,15125,0,0,0,0,0
3,save at NativeMethodAccessorImpl.java:0,1767,1718,0,1789806968029,1789806968037,8,False,5,5853520,1,0,6013,17104864,0,0,0,0,1746307,7471,0,0,0,0,0
3,save at NativeMethodAccessorImpl.java:0,1768,1719,0,1789806968031,1789806968040,9,False,7,7778026,1,0,6013,17367008,0,0,0,0,2481544,10598,0,0,0,0,0
3,save at NativeMethodAccessorImpl.java:0,1770,1721,0,1789806968035,1789806968041,6,False,4,4408826,1,0,6013,17104864,0,0,0,0,1052083,4492,0,0,0,0,0
3,save at NativeMethodAccessorImpl.java:0,1769,1720,0,1789806968035,1789806968041,6,False,4,4342736,1,0,6013,17104864,0,0,0,0,1055225,4507,0,0,0,0,0
3,save at NativeMethodAccessorImpl.java:0,1771,1722,0,1789806968037,1789806968045,8,False,5,5054123,1,0,6013,17104864,0,0,0,0,1395706,5947,0,0,0,0,0
3,save at NativeMethodAccessorImpl.java:0,1772,1723,0,1789806968040,1789806968045,5,False,2,2175543,1,0,6013,16908256,0,0,0,0,354525,1483,0,0,0,0,0
3,save at NativeMethodAccessorImpl.java:0,1774,1725,0,1789806968041,1789806968048,7,False,4,4471928,1,0,6013,17104864,0,0,0,0,1062492,4536,0,0,0,0,0
3,save at NativeMethodAccessorImpl.java:0,1776,1727,0,1789806968044,1789806968052,8,False,5,5297263,1,0,6013,17104864,0,0,0,0,1411545,6013,0,0,0,0,0
3,save at NativeMethodAccessorImpl.java:0,1773,1724,0,1789806968041,1789806968053,12,False,9,9079207,1,0,6013,17367008,0,0,0,0,2845265,12175,0,0,0,0,0
3,save at NativeMethodAccessorImpl.java:0,1777,1728,0,1789806968048,1789806968054,6,False,4,4233274,1,0,6013,17104864,0,0,0,0,1059452,4524,0,0,0,0,0
3,save at NativeMethodAccessorImpl.java:0,1775,1726,0,1789806968044,1789806968055,11,False,8,8600228,1,0,6013,17367008,0,0,0,0,2799706,11972,0,0,0,0,0
3,save at NativeMethodAccessorImpl.java:0,1778,1729,0,1789806968052,1789806968059,7,False,4,4982890,1,0,6013,17104864,0,0,0,0,1396284,5949,0,0,0,0,0
3,save at NativeMethodAccessorImpl.java:0,1780,1731,0,1789806968054,1789806968068,14,False,5,5255030,1,5,6099,17104864,0,0,0,0,1411043,6012,0,0,0,0,0
3,save at NativeMethodAccessorImpl.java:0,1779,1730,0,1789806968053,1789806968069,16,False,14,8153359,1,5,6056,17367008,0,0,0,0,2455957,10487,0,0,0,0,0
3,save at NativeMethodAccessorImpl.java:0,1781,1732,0,1789806968055,1789806968070,15,False,13,7356963,1,5,6056,17367008,0,0,0,0,2107073,8996,0,0,0,0,0
3,save at NativeMethodAccessorImpl.java:0,1782,1733,0,1789806968059,1789806968071,12,False,10,4207702,1,5,6056,17104864,0,0,0,0,1021665,4365,0,0,0,0,0
3,save at NativeMethodAccessorImpl.java:0,1784,1735,0,1789806968069,1789806968077,8,False,4,4879069,1,0,6013,16973792,0,0,0,0,705135,3005,0,0,0,0,0
3,save at NativeMethodAccessorImpl.java:0,1783,1734,0,1789806968068,1789806968077,9,False,6,6188711,1,0,6013,17104864,0,0,0,0,1752124,7496,0,0,0,0,0
3,save at NativeMethodAccessorImpl.java:0,1786,1737,0,1789806968071,1789806968077,6,False,4,4267059,1,0,6013,17104864,0,0,0,0,1058838,4521,0,0,0,0,0
3,save at NativeMethodAccessorImpl.java:0,1789,1740,0,1789806968077,1789806968085,8,False,4,4983120,1,0,6013,17104864,0,0,0,0,1402252,5973,0,0,0,0,0
3,save at NativeMethodAccessorImpl.java:0,1785,1736,0,1789806968070,1789806968085,15,False,11,11845999,2,0,6013,17367008,0,0,0,0,2454582,10481,0,0,0,0,0
3,save at NativeMethodAccessorImpl.java:0,1787,1738,0,1789806968076,1789806968088,12,False,9,9692251,1,0,6013,17367008,0,0,0,0,3169102,13536,0,0,0,0,0
3,save at NativeMethodAccessorImpl.java:0,1790,1741,0,1789806968084,1789806968092,8,False,5,5126405,1,0,6013,17104864,0,0,0,0,1422804,6061,0,0,0,0,0
3,save at NativeMethodAccessorImpl.java:0,1788,1739,0,1789806968076,1789806968093,17,False,13,13232590,2,0,6013,17367008,0,0,0,0,2803243,11994,0,0,0,0,0
3,save at NativeMethodAccessorImpl.java:0,1792,1743,0,1789806968088,1789806968096,8,False,6,6097567,1,0,6013,17104864,0,0,0,0,1787459,7652,0,0,0,0,0
3,save at NativeMethodAccessorImpl.java:0,1791,1742,0,1789806968085,1789806968100,15,False,11,11922375,2,0,6013,17367008,0,0,0,0,2471276,10556,0,0,0,0,0
3,save at NativeMethodAccessorImpl.java:0,1793,1744,0,1789806968092,1789806968101,9,False,6,6923494,1,0,6013,17367008,0,0,0,0,2097716,8958,0,0,0,0,0
3,save at NativeMethodAccessorImpl.java:0,1794,1745,0,1789806968093,1789806968102,9,False,6,6127253,2,0,6013,17104864,0,0,0,0,1071767,4577,0,0,0,0,0
3,save at NativeMethodAccessorImpl.java:0,1795,1746,0,1789806968096,1789806968105,9,False,6,6957098,1,0,6013,17367008,0,0,0,0,2094051,8944,0,0,0,0,0
3,save at NativeMethodAccessorImpl.java:0,1797,1748,0,1789806968101,1789806968108,7,False,4,4982416,1,0,6013,17104864,0,0,0,0,1386700,5908,0,0,0,0,0
3,save at NativeMethodAccessorImpl.java:0,1796,1747,0,1789806968100,1789806968111,11,False,7,7585592,2,0,6013,17104864,0,0,0,0,1397670,5954,0,0,0,0,0
3,save at NativeMethodAccessorImpl.java:0,1798,1749,0,1789806968102,1789806968111,9,False,6,6034699,2,0,6013,17104864,0,0,0,0,1031749,4406,0,0,0,0,0
3,save at NativeMethodAccessorImpl.java:0,1799,1750,0,1789806968105,1789806968114,9,False,6,6984459,1,0,6013,17367008,0,0,0,0,2118247,9046,0,0,0,0,0
3,save at NativeMethodAccessorImpl.java:0,1800,1751,0,1789806968108,1789806968116,8,False,6,6088582,1,0,6013,17104864,0,0,0,0,1740037,7444,0,0,0,0,0
3,save at NativeMethodAccessorImpl.java:0,1802,1753,0,1789806968111,1789806968120,9,False,6,6088282,2,0,6013,17104864,0,0,0,0,1054301,4501,0,0,0,0,0
3,save at NativeMethodAccessorImpl.java:0,1801,1752,0,1789806968111,1789806968121,10,False,7,7542579,2,0,6013,17104864,0,0,0,0,1407387,5996,0,0,0,0,0
3,save at NativeMethodAccessorImpl.java:0,1803,1754,0,1789806968114,1789806968122,8,False,5,5142131,1,0,6013,17104864,0,0,0,0,1426405,6076,0,0,0,0,0
3,save at NativeMethodAccessorImpl.java:0,1804,1755,0,1789806968116,1789806968123,7,False,5,5161760,1,0,6013,17104864,0,0,0,0,1416673,6032,0,0,0,0,0
3,save at NativeMethodAccessorImpl.java:0,1808,1759,0,1789806968123,1789806968129,6,False,4,4251503,1,0,6013,17104864,0,0,0,0,1069041,4563,0,0,0,0,0
3,save at NativeMethodAccessorImpl.java:0,1807,1758,0,1789806968121,1789806968129,8,False,6,6000327,1,0,6013,17104864,0,0,0,0,1764555,7550,0,0,0,0,0
3,save at NativeMethodAccessorImpl.java:0,1806,1757,0,1789806968121,1789806968133,12,False,8,8732098,2,0,6013,17104864,0,0,0,0,1728399,7393,0,0,0,0,0
3,save at NativeMethodAccessorImpl.java:0,1805,1756,0,1789806968120,1789806968134,14,False,10,10609423,2,0,6013,17367008,0,0,0,0,2148601,9171,0,0,0,0,0
3,save at NativeMethodAccessorImpl.java:0,1809,1760,0,1789806968129,1789806968138,9,False,7,7070150,1,0,6013,17367008,0,0,0,0,2088247,8920,0,0,0,0,0
3,save at NativeMethodAccessorImpl.java:0,1810,1761,0,1789806968129,1789806968138,9,False,7,7040509,1,0,6013,17367008,0,0,0,0,2095393,8952,0,0,0,0,0
3,save at NativeMethodAccessorImpl.java:0,1811,1762,0,1789806968133,1789806968143,10,False,7,7025543,2,0,6013,17367008,0,0,0,0,2070097,8842,0,0,0,0,0
3,save at NativeMethodAccessorImpl.java:0,1812,1763,0,1789806968134,1789806968144,10,False,7,7779740,1,0,6013,17367008,0,0,0,0,2442995,10434,0,0,0,0,0
3,save at NativeMethodAccessorImpl.java:0,1814,1765,0,1789806968138,1789806968145,7,False,5,5091764,1,0,6013,17104864,0,0,0,0,1404619,5984,0,0,0,0,0
3,save at NativeMethodAccessorImpl.java:0,1813,1764,0,1789806968138,1789806968146,8,False,6,6155225,1,0,6013,17104864,0,0,0,0,1785363,7644,0,0,0,0,0
3,save at NativeMethodAccessorImpl.java:0,1815,1766,0,1789806968142,1789806968147,5,False,2,2375537,1,0,6013,16908256,0,0,0,0,354213,1482,0,0,0,0,0
3,save at NativeMethodAccessorImpl.java:0,1816,1767,0,1789806968144,1789806968150,6,False,4,4098521,1,0,6013,17104864,0,0,0,0,1039393,4440,0,0,0,0,0
3,save at NativeMethodAccessorImpl.java:0,1817,1768,0,1789806968145,1789806968153,8,False,5,5187564,1,0,6013,17104864,0,0,0,0,1411504,6012,0,0,0,0,0
3,save at NativeMethodAccessorImpl.java:0,1818,1769,0,1789806968146,1789806968156,10,False,7,7590271,1,0,6013,17367008,0,0,0,0,2434214,10400,0,0,0,0,0
3,save at NativeMethodAccessorImpl.java:0,1819,1770,0,1789806968147,1789806968163,16,False,9,9868361,1,0,6013,17367008,0,0,0,0,3223485,13765,0,0,0,0,0
3,save at NativeMethodAccessorImpl.java:0,1821,1772,0,1789806968152,1789806968170,18,False,11,8230170,1,5,6099,17367008,0,0,0,0,2472043,10551,0,0,0,0,0
3,save at NativeMethodAccessorImpl.java:0,1820,1771,0,1789806968150,1789806968171,21,False,18,13398791,1,5,6056,17891296,0,0,0,0,4199290,17934,0,0,0,0,0
3,save at NativeMethodAccessorImpl.java:0,1822,1773,0,1789806968156,1789806968174,18,False,16,10900576,1,5,6056,17367008,0,0,0,0,2068544,8833,0,0,0,0,0
3,save at NativeMethodAccessorImpl.java:0,1823,1774,0,1789806968162,1789806968175,13,False,9,7486197,2,1,6056,16973792,0,0,0,0,706386,3012,0,0,0,0,0
3,save at NativeMethodAccessorImpl.java:0,1824,1775,0,1789806968169,1789806968178,9,False,5,5678234,2,0,6013,17104864,0,0,0,0,1391627,5929,0,0,0,0,0
3,save at NativeMethodAccessorImpl.java:0,1825,1776,0,1789806968170,1789806968179,9,False,6,6653346,1,0,6013,17104864,0,0,0,0,1745606,7473,0,0,0,0,0
3,save at NativeMethodAccessorImpl.java:0,1828,1779,0,1789806968178,1789806968185,7,False,4,4456171,1,0,6013,17104864,0,0,0,0,1006382,4305,0,0,0,0,0
3,save at NativeMethodAccessorImpl.java:0,1829,1780,0,1789806968179,1789806968185,6,False,3,3368266,1,0,6013,16973792,0,0,0,0,705052,3004,0,0,0,0,0
3,save at NativeMethodAccessorImpl.java:0,1826,1777,0,1789806968174,1789806968187,13,False,10,10003049,2,0,6013,17104864,0,0,0,0,1732332,7410,0,0,0,0,0
3,save at NativeMethodAccessorImpl.java:0,1827,1778,0,1789806968175,1789806968189,14,False,11,11400178,2,0,6013,17367008,0,0,0,0,2119145,9048,0,0,0,0,0
3,save at NativeMethodAccessorImpl.java:0,1830,1781,0,1789806968185,1789806968194,9,False,6,6367292,1,0,6013,17104864,0,0,0,0,1729040,7396,0,0,0,0,0
3,save at NativeMethodAccessorImpl.java:0,1832,1783,0,1789806968187,1789806968202,15,False,11,10051804,2,1,6056,17104864,0,0,0,0,1742255,7458,0,0,0,0,0
3,save at NativeMethodAccessorImpl.java:0,1834,1785,0,1789806968194,1789806968204,10,False,6,6284818,3,1,6056,17104864,0,0,0,0,1723590,7375,0,0,0,0,0
3,save at NativeMethodAccessorImpl.java:0,1831,1782,0,1789806968185,1789806968208,23,False,15,14498273,2,1,6056,17367008,0,0,0,0,3086268,13186,0,0,0,0,0
3,save at NativeMethodAccessorImpl.java:0,1833,1784,0,1789806968189,1789806968213,24,False,19,14371635,2,5,6056,17367008,0,0,0,0,2800936,11981,0,0,0,0,0
3,save at NativeMethodAccessorImpl.java:0,1836,1787,0,1789806968204,1789806968218,14,False,11,7850106,1,4,6056,17104864,0,0,0,0,1736106,7424,0,0,0,0,0
3,save at NativeMethodAccessorImpl.java:0,1837,1788,0,1789806968204,1789806968219,15,False,8,8215391,1,0,6013,17367008,0,0,0,0,2075163,8864,0,0,0,0,0
3,save at NativeMethodAccessorImpl.java:0,1838,1789,0,1789806968213,1789806968223,10,False,6,6218079,2,1,6056,17104864,0,0,0,0,1032582,4410,0,0,0,0,0
3,save at NativeMethodAccessorImpl.java:0,1835,1786,0,1789806968202,1789806968225,23,False,15,14850916,7,5,6056,17367008,0,0,0,0,2793607,11952,0,0,0,0,0
3,save at NativeMethodAccessorImpl.java:0,1839,1790,0,1789806968218,1789806968228,10,False,7,7096234,2,1,6056,17367008,0,0,0,0,2084547,8906,0,0,0,0,0
3,save at NativeMethodAccessorImpl.java:0,1841,1792,0,1789806968223,1789806968234,11,False,7,6485837,2,2,6056,17104864,0,0,0,0,1049564,4482,0,0,0,0,0
3,save at NativeMethodAccessorImpl.java:0,1843,1794,0,1789806968228,1789806968239,11,False,7,7492026,3,2,6056,17367008,0,0,0,0,2022314,8644,0,0,0,0,0
3,save at NativeMethodAccessorImpl.java:0,1842,1793,0,1789806968225,1789806968240,15,False,12,10806540,2,2,6056,17367008,0,0,0,0,2098468,8967,0,0,0,0,0
3,save at NativeMethodAccessorImpl.java:0,1844,1795,0,1789806968234,1789806968247,13,False,9,9252193,2,0,6013,17104864,0,0,0,0,1725538,7380,0,0,0,0,0
3,save at NativeMethodAccessorImpl.java:0,1845,1796,0,1789806968239,1789806968248,9,False,7,7212930,1,0,6013,17367008,0,0,0,0,2100238,8973,0,0,0,0,0
3,save at NativeMethodAccessorImpl.java:0,1846,1797,0,1789806968240,1789806968255,15,False,11,11522577,2,0,6013,17367008,0,0,0,0,2129064,9092,0,0,0,0,0
3,save at NativeMethodAccessorImpl.java:0,1848,1799,0,1789806968248,1789806968258,10,False,6,6881066,1,0,6013,17104864,0,0,0,0,1401198,5970,0,0,0,0,0
3,save at NativeMethodAccessorImpl.java:0,1847,1798,0,1789806968246,1789806968259,13,False,9,9517781,2,0,6013,17104864,0,0,0,0,1407612,5999,0,0,0,0,0
3,save at NativeMethodAccessorImpl.java:0,1850,1801,0,1789806968257,1789806968262,5,False,2,2684017,1,0,6013,16908256,0,0,0,0,356112,1490,0,0,0,0,0
3,save at NativeMethodAccessorImpl.java:0,1849,1800,0,1789806968255,1789806968271,16,False,12,12493986,2,0,6013,17367008,0,0,0,0,2157635,9209,0,0,0,0,0
3,save at NativeMethodAccessorImpl.java:0,1851,1802,0,1789806968259,1789806968272,13,False,9,9518741,2,0,6013,17104864,0,0,0,0,1765303,7554,0,0,0,0,0
3,save at NativeMethodAccessorImpl.java:0,1852,1803,0,1789806968262,1789806968272,10,False,8,8301162,1,0,6013,17367008,0,0,0,0,2472331,10565,0,0,0,0,0
3,save at NativeMethodAccessorImpl.java:0,1853,1804,0,1789806968270,1789806968278,8,False,4,4155064,2,0,6013,16973792,0,0,0,0,726823,3102,0,0,0,0,0
3,save at NativeMethodAccessorImpl.java:0,1855,1806,0,1789806968272,1789806968281,9,False,6,6332391,1,0,6013,17104864,0,0,0,0,1762375,7540,0,0,0,0,0
3,save at NativeMethodAccessorImpl.java:0,1854,1805,0,1789806968271,1789806968281,10,False,6,6520634,2,0,6013,17104864,0,0,0,0,1748798,7484,0,0,0,0,0
3,save at NativeMethodAccessorImpl.java:0,1858,1809,0,1789806968281,1789806968287,6,False,4,4220719,1,0,6013,17104864,0,0,0,0,1057374,4514,0,0,0,0,0
3,save at NativeMethodAccessorImpl.java:0,1857,1808,0,1789806968280,1789806968287,7,False,4,4219440,1,0,6013,17104864,0,0,0,0,1032113,4410,0,0,0,0,0
3,save at NativeMethodAccessorImpl.java:0,1856,1807,0,1789806968277,1789806968290,13,False,10,10393578,1,0,6013,17367008,0,0,0,0,3466031,14812,0,0,0,0,0
3,save at NativeMethodAccessorImpl.java:0,1859,1810,0,1789806968287,1789806968295,8,False,6,6329677,1,0,6013,17104864,0,0,0,0,1792939,7669,0,0,0,0,0
3,save at NativeMethodAccessorImpl.java:0,1861,1812,0,1789806968290,1789806968296,6,False,4,4142050,1,0,6013,17104864,0,0,0,0,1041713,4450,0,0,0,0,0
3,save at NativeMethodAccessorImpl.java:0,1860,1811,0,1789806968287,1789806968299,12,False,9,9615446,1,0,6013,17367008,0,0,0,0,3136017,13398,0,0,0,0,0
3,save at NativeMethodAccessorImpl.java:0,1863,1814,0,1789806968296,1789806968304,8,False,5,5326284,1,0,6013,17104864,0,0,0,0,1432537,6104,0,0,0,0,0
3,save at NativeMethodAccessorImpl.java:0,1864,1815,0,1789806968298,1789806968305,7,False,4,4209236,1,0,6013,17104864,0,0,0,0,1036922,4430,0,0,0,0,0
3,save at NativeMethodAccessorImpl.java:0,1862,1813,0,1789806968295,1789806968305,10,False,7,7338044,2,0,6013,17367008,0,0,0,0,2109102,9008,0,0,0,0,0
3,save at NativeMethodAccessorImpl.java:0,1866,1817,0,1789806968304,1789806968311,7,False,4,4166923,1,0,6013,17104864,0,0,0,0,1054362,4500,0,0,0,0,0
3,save at NativeMethodAccessorImpl.java:0,1867,1818,0,1789806968305,1789806968314,9,False,7,7124610,1,0,6013,17367008,0,0,0,0,2101575,8976,0,0,0,0,0
3,save at NativeMethodAccessorImpl.java:0,1865,1816,0,1789806968304,1789806968315,11,False,8,8893604,1,0,6013,17367008,0,0,0,0,2778129,11889,0,0,0,0,0
3,save at NativeMethodAccessorImpl.java:0,1869,1820,0,1789806968314,1789806968321,7,False,4,4282102,1,0,6013,17104864,0,0,0,0,1056065,4509,0,0,0,0,0
3,save at NativeMethodAccessorImpl.java:0,1868,1819,0,1789806968311,1789806968322,11,False,8,8728956,1,0,6013,17367008,0,0,0,0,2772340,11854,0,0,0,0,0
3,save at NativeMethodAccessorImpl.java:0,1871,1822,0,1789806968320,1789806968326,6,False,3,3258039,1,0,6013,16973792,0,0,0,0,702146,2991,0,0,0,0,0
3,save at NativeMethodAccessorImpl.java:0,1870,1821,0,1789806968315,1789806968328,13,False,10,10630160,1,0,6013,17367008,0,0,0,0,3500685,14965,0,0,0,0,0
3,save at NativeMethodAccessorImpl.java:0,1872,1823,0,1789806968322,1789806968330,8,False,5,5952414,1,0,6013,17104864,0,0,0,0,1763968,7547,0,0,0,0,0
3,save at NativeMethodAccessorImpl.java:0,1873,1824,0,1789806968326,1789806968333,7,False,5,5326320,1,0,6013,17104864,0,0,0,0,1430561,6098,0,0,0,0,0
3,save at NativeMethodAccessorImpl.java:0,1874,1825,0,1789806968328,1789806968334,6,False,3,3310804,1,0,6013,16973792,0,0,0,0,693667,2955,0,0,0,0,0
3,save at NativeMethodAccessorImpl.java:0,1875,1826,0,1789806968330,1789806968340,10,False,7,7747687,1,0,6013,17367008,0,0,0,0,2448918,10458,0,0,0,0,0
3,save at NativeMethodAccessorImpl.java:0,1876,1827,0,1789806968333,1789806968341,8,False,5,5243047,1,0,6013,17104864,0,0,0,0,1391333,5925,0,0,0,0,0
3,save at NativeMethodAccessorImpl.java:0,1877,1828,0,1789806968333,1789806968342,9,False,6,6078230,1,0,6013,17104864,0,0,0,0,1719463,7357,0,0,0,0,0
3,save at NativeMethodAccessorImpl.java:0,1878,1829,0,1789806968339,1789806968347,8,False,5,5196808,1,0,6013,17104864,0,0,0,0,1435516,6120,0,0,0,0,0
3,save at NativeMethodAccessorImpl.java:0,1880,1831,0,1789806968341,1789806968349,8,False,5,5184980,1,0,6013,17104864,0,0,0,0,1405462,5988,0,0,0,0,0
3,save at NativeMethodAccessorImpl.java:0,1879,1830,0,1789806968341,1789806968353,12,False,10,10717915,1,0,6013,17367008,0,0,0,0,3535791,15108,0,0,0,0,0
3,save at NativeMethodAccessorImpl.java:0,1881,1832,0,1789806968347,1789806968354,7,False,5,5005703,1,0,6013,17104864,0,0,0,0,1388713,5916,0,0,0,0,0
3,save at NativeMethodAccessorImpl.java:0,1882,1833,0,1789806968348,1789806968360,12,False,8,8835072,1,0,6013,17367008,0,0,0,0,2816176,12050,0,0,0,0,0
3,save at NativeMethodAccessorImpl.java:0,1883,1834,0,1789806968353,1789806968360,7,False,4,4430935,1,0,6013,17104864,0,0,0,0,1082406,4620,0,0,0,0,0
3,save at NativeMethodAccessorImpl.java:0,1884,1835,0,1789806968353,1789806968361,8,False,5,5170762,1,0,6013,17104864,0,0,0,0,1398311,5954,0,0,0,0,0
3,save at NativeMethodAccessorImpl.java:0,1887,1838,0,1789806968361,1789806968366,5,False,3,3111282,1,0,6013,16973792,0,0,0,0,682725,2907,0,0,0,0,0
3,save at NativeMethodAccessorImpl.java:0,1886,1837,0,1789806968360,1789806968367,7,False,5,5156645,1,0,6013,17104864,0,0,0,0,1394264,5938,0,0,0,0,0
3,save at NativeMethodAccessorImpl.java:0,1885,1836,0,1789806968359,1789806968368,9,False,6,6229030,1,0,6013,17104864,0,0,0,0,1733336,7413,0,0,0,0,0
3,save at NativeMethodAccessorImpl.java:0,1889,1840,0,1789806968367,1789806968373,6,False,4,4318609,1,0,6013,17104864,0,0,0,0,1042823,4454,0,0,0,0,0
3,save at NativeMethodAccessorImpl.java:0,1888,1839,0,1789806968366,1789806968375,9,False,6,6820561,1,0,6013,17367008,0,0,0,0,2075563,8864,0,0,0,0,0
3,save at NativeMethodAccessorImpl.java:0,1890,1841,0,1789806968368,1789806968375,7,False,5,5088968,1,0,6013,17104864,0,0,0,0,1384101,5895,0,0,0,0,0
3,save at NativeMethodAccessorImpl.java:0,1892,1843,0,1789806968375,1789806968381,6,False,4,4828582,1,0,6013,17104864,0,0,0,0,1376158,5861,0,0,0,0,0
3,save at NativeMethodAccessorImpl.java:0,1891,1842,0,1789806968373,1789806968382,9,False,6,6961035,1,0,6013,17367008,0,0,0,0,2099364,8961,0,0,0,0,0
3,save at NativeMethodAccessorImpl.java:0,1893,1844,0,1789806968375,1789806968383,8,False,5,5844771,1,0,6013,17104864,0,0,0,0,1735546,7425,0,0,0,0,0
3,save at NativeMethodAccessorImpl.java:0,1895,1846,0,1789806968382,1789806968389,7,False,4,4898990,1,0,6013,17104864,0,0,0,0,1412562,6016,0,0,0,0,0
3,save at NativeMethodAccessorImpl.java:0,1894,1845,0,1789806968381,1789806968389,8,False,5,5912826,1,0,6013,17104864,0,0,0,0,1759728,7534,0,0,0,0,0
3,save at NativeMethodAccessorImpl.java:0,1896,1847,0,1789806968383,1789806968392,9,False,7,7201352,1,0,6013,17367008,0,0,0,0,2145606,9163,0,0,0,0,0
3,save at NativeMethodAccessorImpl.java:0,1898,1849,0,1789806968389,1789806968393,4,False,2,2145675,1,0,6013,16908256,0,0,0,0,356090,1489,0,0,0,0,0
3,save at NativeMethodAccessorImpl.java:0,1897,1848,0,1789806968389,1789806968397,8,False,6,6046925,1,0,6013,17104864,0,0,0,0,1735768,7427,0,0,0,0,0
3,save at NativeMethodAccessorImpl.java:0,1899,1850,0,1789806968392,1789806968397,5,False,3,3134310,1,0,6013,16973792,0,0,0,0,697143,2970,0,0,0,0,0
3,save at NativeMethodAccessorImpl.java:0,1900,1851,0,1789806968393,1789806968400,7,False,4,4176697,1,0,6013,17104864,0,0,0,0,1077834,4597,0,0,0,0,0
3,save at NativeMethodAccessorImpl.java:0,1902,1853,0,1789806968397,1789806968406,9,False,6,6819089,1,0,6013,17367008,0,0,0,0,2064494,8819,0,0,0,0,0
3,save at NativeMethodAccessorImpl.java:0,1903,1854,0,1789806968399,1789806968406,7,False,4,4970746,1,0,6013,17104864,0,0,0,0,1404032,5980,0,0,0,0,0
3,save at NativeMethodAccessorImpl.java:0,1901,1852,0,1789806968397,1789806968408,11,False,8,8629223,1,0,6013,17367008,0,0,0,0,2811328,12027,0,0,0,0,0
3,save at NativeMethodAccessorImpl.java:0,1904,1855,0,1789806968406,1789806968413,7,False,4,4969142,1,0,6013,17104864,0,0,0,0,1381259,5886,0,0,0,0,0
3,save at NativeMethodAccessorImpl.java:0,1906,1857,0,1789806968407,1789806968416,9,False,6,6040502,1,0,6013,17104864,0,0,0,0,1738786,7440,0,0,0,0,0
3,save at NativeMethodAccessorImpl.java:0,1905,1856,0,1789806968406,1789806968417,11,False,8,8811782,1,0,6013,17367008,0,0,0,0,2840859,12152,0,0,0,0,0
3,save at NativeMethodAccessorImpl.java:0,1908,1859,0,1789806968416,1789806968421,5,False,3,3194348,1,0,6013,16973792,0,0,0,0,700097,2986,0,0,0,0,0
3,save at NativeMethodAccessorImpl.java:0,1907,1858,0,1789806968413,1789806968423,10,False,7,7761121,1,0,6013,17367008,0,0,0,0,2448526,10460,0,0,0,0,0
3,save at NativeMethodAccessorImpl.java:0,1909,1860,0,1789806968417,1789806968423,6,False,4,4211121,1,0,6013,17104864,0,0,0,0,1017108,4348,0,0,0,0,0
3,save at NativeMethodAccessorImpl.java:0,1912,1863,0,1789806968423,1789806968428,5,False,3,3027982,1,0,6013,16973792,0,0,0,0,680028,2895,0,0,0,0,0
3,save at NativeMethodAccessorImpl.java:0,1910,1861,0,1789806968421,1789806968428,7,False,5,5131758,1,0,6013,17104864,0,0,0,0,1388829,5918,0,0,0,0,0
3,save at NativeMethodAccessorImpl.java:0,1911,1862,0,1789806968423,1789806968430,7,False,5,5211607,1,0,6013,17104864,0,0,0,0,1382199,5886,0,0,0,0,0
3,save at NativeMethodAccessorImpl.java:0,1913,1864,0,1789806968428,1789806968434,6,False,4,4293257,1,0,6013,17104864,0,0,0,0,1061843,4532,0,0,0,0,0
3,save at NativeMethodAccessorImpl.java:0,1914,1865,0,1789806968428,1789806968436,8,False,5,5216555,1,0,6013,17104864,0,0,0,0,1413318,6023,0,0,0,0,0
3,save at NativeMethodAccessorImpl.java:0,1915,1866,0,1789806968430,1789806968437,7,False,5,5222159,1,0,6013,17104864,0,0,0,0,1406046,5987,0,0,0,0,0
3,save at NativeMethodAccessorImpl.java:0,1916,1867,0,1789806968434,1789806968443,9,False,6,6812542,1,0,6013,17367008,0,0,0,0,2094137,8944,0,0,0,0,0
3,save at NativeMethodAccessorImpl.java:0,1917,1868,0,1789806968435,1789806968445,10,False,7,7687429,1,0,6013,17367008,0,0,0,0,2445009,10442,0,0,0,0,0
3,save at NativeMethodAccessorImpl.java:0,1919,1870,0,1789806968443,1789806968451,8,False,5,5912001,1,0,6013,17104864,0,0,0,0,1761755,7540,0,0,0,0,0
3,save at NativeMethodAccessorImpl.java:0,1920,1871,0,1789806968445,1789806968451,6,False,4,4151528,1,0,6013,17104864,0,0,0,0,1036126,4426,0,0,0,0,0
3,save at NativeMethodAccessorImpl.java:0,1918,1869,0,1789806968437,1789806968451,14,False,12,12417187,1,0,6013,17891296,0,0,0,0,4270468,18243,0,0,0,0,0
3,save at NativeMethodAccessorImpl.java:0,1921,1872,0,1789806968451,1789806968460,9,False,7,7661447,1,0,6013,17367008,0,0,0,0,2449297,10460,0,0,0,0,0
3,save at NativeMethodAccessorImpl.java:0,1923,1874,0,1789806968451,1789806968461,10,False,7,7490125,1,0,6013,17367008,0,0,0,0,2467104,10539,0,0,0,0,0
3,save at NativeMethodAccessorImpl.java:0,1922,1873,0,1789806968451,1789806968464,13,False,10,10722987,1,0,6013,17367008,0,0,0,0,3533613,15106,0,0,0,0,0
3,save at NativeMethodAccessorImpl.java:0,1925,1876,0,1789806968460,1789806968468,8,False,5,5462109,1,0,6013,17104864,0,0,0,0,1403368,5977,0,0,0,0,0
3,save at NativeMethodAccessorImpl.java:0,1926,1877,0,1789806968464,1789806968478,14,False,11,6242544,2,5,6056,17104864,0,0,0,0,1026616,4384,0,0,0,0,0
3,save at NativeMethodAccessorImpl.java:0,1924,1875,0,1789806968460,1789806968481,21,False,18,13630764,1,5,6056,17367008,0,0,0,0,3177945,13568,0,0,0,0,0
3,save at NativeMethodAccessorImpl.java:0,1927,1878,0,1789806968468,1789806968481,13,False,11,6145982,1,5,6056,17104864,0,0,0,0,1744887,7465,0,0,0,0,0
3,save at NativeMethodAccessorImpl.java:0,1928,1879,0,1789806968478,1789806968486,8,False,5,5379359,1,0,6013,17104864,0,0,0,0,1418915,6046,0,0,0,0,0
3,save at NativeMethodAccessorImpl.java:0,1929,1880,0,1789806968481,1789806968489,8,False,6,6044070,1,0,6013,17104864,0,0,0,0,1771952,7581,0,0,0,0,0
3,save at NativeMethodAccessorImpl.java:0,1930,1881,0,1789806968481,1789806968489,8,False,5,5941424,1,0,6013,17104864,0,0,0,0,1728760,7396,0,0,0,0,0
3,save at NativeMethodAccessorImpl.java:0,1931,1882,0,1789806968486,1789806968490,4,False,2,2243029,1,0,6013,16908256,0,0,0,0,349661,1461,0,0,0,0,0
3,save at NativeMethodAccessorImpl.java:0,1934,1885,0,1789806968490,1789806968498,8,False,5,5772089,1,0,6013,17104864,0,0,0,0,1761639,7536,0,0,0,0,0
3,save at NativeMethodAccessorImpl.java:0,1933,1884,0,1789806968489,1789806968499,10,False,7,7699349,1,0,6013,17367008,0,0,0,0,2476038,10579,0,0,0,0,0
3,save at NativeMethodAccessorImpl.java:0,1932,1883,0,1789806968489,1789806968500,11,False,8,8591935,1,0,6013,17367008,0,0,0,0,2796054,11961,0,0,0,0,0
3,save at NativeMethodAccessorImpl.java:0,1935,1886,0,1789806968498,1789806968502,4,False,2,2257295,1,0,6013,16908256,0,0,0,0,340253,1420,0,0,0,0,0
3,save at NativeMethodAccessorImpl.java:0,1937,1888,0,1789806968500,1789806968504,4,False,2,2292311,1,0,6013,16908256,0,0,0,0,355104,1485,0,0,0,0,0
3,save at NativeMethodAccessorImpl.java:0,1936,1887,0,1789806968499,1789806968507,8,False,6,6621462,1,0,6013,17367008,0,0,0,0,2087809,8921,0,0,0,0,0
3,save at NativeMethodAccessorImpl.java:0,1938,1889,0,1789806968502,1789806968511,9,False,6,6953835,1,0,6013,17367008,0,0,0,0,2117506,9039,0,0,0,0,0
3,save at NativeMethodAccessorImpl.java:0,1939,1890,0,1789806968504,1789806968515,11,False,8,8479930,1,0,6013,17367008,0,0,0,0,2781251,11903,0,0,0,0,0
3,save at NativeMethodAccessorImpl.java:0,1940,1891,0,1789806968507,1789806968515,8,False,5,5844534,1,0,6013,17104864,0,0,0,0,1748685,7478,0,0,0,0,0
3,save at NativeMethodAccessorImpl.java:0,1942,1893,0,1789806968515,1789806968519,4,False,2,2209137,1,0,6013,16908256,0,0,0,0,359899,1506,0,0,0,0,0
3,save at NativeMethodAccessorImpl.java:0,1941,1892,0,1789806968511,1789806968520,9,False,6,6913353,1,0,6013,17367008,0,0,0,0,2069991,8841,0,0,0,0,0
3,save at NativeMethodAccessorImpl.java:0,1943,1894,0,1789806968515,1789806968522,7,False,4,4242879,1,0,6013,17104864,0,0,0,0,1071862,4576,0,0,0,0,0
3,save at NativeMethodAccessorImpl.java:0,1944,1895,0,1789806968519,1789806968528,9,False,6,6792972,1,0,6013,17367008,0,0,0,0,2107586,9002,0,0,0,0,0
3,save at NativeMethodAccessorImpl.java:0,1945,1896,0,1789806968520,1789806968529,9,False,6,6976591,1,0,6013,17367008,0,0,0,0,2117744,9044,0,0,0,0,0
3,save at NativeMethodAccessorImpl.java:0,1947,1898,0,1789806968528,1789806968531,3,False,0,786291,1,0,5970,65536,0,0,0,0,0,0,0,0,0,0,0
3,save at NativeMethodAccessorImpl.java:0,1946,1897,0,1789806968521,1789806968531,10,False,7,7601107,1,0,6013,17367008,0,0,0,0,2432403,10389,0,0,0,0,0
3,save at NativeMethodAccessorImpl.java:0,1948,1899,0,1789806968529,1789806968538,9,False,6,6984321,1,0,6013,17367008,0,0,0,0,2092658,8938,0,0,0,0,0
3,save at NativeMethodAccessorImpl.java:0,1949,1900,0,1789806968531,1789806968539,8,False,5,5820518,1,0,6013,17104864,0,0,0,0,1727506,7389,0,0,0,0,0
3,save at NativeMethodAccessorImpl.java:0,1950,1901,0,1789806968531,1789806968539,8,False,5,5726047,1,0,6013,17104864,0,0,0,0,1700865,7273,0,0,0,0,0
3,save at NativeMethodAccessorImpl.java:0,1951,1902,0,1789806968538,1789806968543,5,False,3,3124674,1,0,6013,16973792,0,0,0,0,690155,2939,0,0,0,0,0
3,save at NativeMethodAccessorImpl.java:0,1952,1903,0,1789806968538,1789806968546,8,False,5,5696298,1,0,6013,17104864,0,0,0,0,1711495,7321,0,0,0,0,0
3,save at NativeMethodAccessorImpl.java:0,1953,1904,0,1789806968539,1789806968548,9,False,6,6872558,1,0,6013,17367008,0,0,0,0,2114686,9031,0,0,0,0,0
3,save at NativeMethodAccessorImpl.java:0,1954,1905,0,1789806968543,1789806968554,11,False,8,8360823,1,0,6013,17367008,0,0,0,0,2759988,11813,0,0,0,0,0
3,save at NativeMethodAccessorImpl.java:0,1955,1906,0,1789806968546,1789806968555,9,False,6,6675125,1,0,6013,17367008,0,0,0,0,2082955,8896,0,0,0,0,0
3,save at NativeMethodAccessorImpl.java:0,1956,1907,0,1789806968548,1789806968556,8,False,6,6069762,1,0,6013,17104864,0,0,0,0,1750340,7489,0,0,0,0,0
3,save at NativeMethodAccessorImpl.java:0,1957,1908,0,1789806968554,1789806968561,7,False,5,5117224,1,0,6013,17104864,0,0,0,0,1399182,5961,0,0,0,0,0
3,save at NativeMethodAccessorImpl.java:0,1958,1909,0,1789806968555,1789806968563,8,False,5,5700697,1,0,6013,17104864,0,0,0,0,1719895,7355,0,0,0,0,0
3,save at NativeMethodAccessorImpl.java:0,1959,1910,0,1789806968556,1789806968565,9,False,6,6918013,1,0,6013,17367008,0,0,0,0,2107133,8998,0,0,0,0,0
3,save at NativeMethodAccessorImpl.java:0,1961,1912,0,1789806968562,1789806968569,7,False,4,4170348,1,0,6013,17104864,0,0,0,0,1067377,4557,0,0,0,0,0
3,save at NativeMethodAccessorImpl.java:0,1960,1911,0,1789806968561,1789806968571,10,False,7,7553111,1,0,6013,17367008,0,0,0,0,2469256,10544,0,0,0,0,0
3,save at NativeMethodAccessorImpl.java:0,1962,1913,0,1789806968565,1789806968573,8,False,5,5903875,1,0,6013,17104864,0,0,0,0,1753000,7500,0,0,0,0,0
3,save at NativeMethodAccessorImpl.java:0,1963,1914,0,1789806968568,1789806968575,7,False,4,4217070,1,0,6013,17104864,0,0,0,0,1047104,4474,0,0,0,0,0
3,save at NativeMethodAccessorImpl.java:0,1965,1916,0,1789806968573,1789806968578,5,False,3,3170867,1,0,6013,16973792,0,0,0,0,729009,3111,0,0,0,0,0
3,save at NativeMethodAccessorImpl.java:0,1966,1917,0,1789806968574,1789806968579,5,False,2,2196049,1,0,6013,16908256,0,0,0,0,365697,1531,0,0,0,0,0
3,save at NativeMethodAccessorImpl.java:0,1964,1915,0,1789806968570,1789806968580,10,False,7,7052941,1,0,6013,17367008,0,0,0,0,2087963,8920,0,0,0,0,0
3,save at NativeMethodAccessorImpl.java:0,1969,1920,0,1789806968579,1789806968594,15,False,10,5965427,1,4,6056,17104864,0,0,0,0,1421661,6056,0,0,0,0,0
3,save at NativeMethodAccessorImpl.java:0,1967,1918,0,1789806968578,1789806968594,16,False,13,8201235,1,4,6056,17367008,0,0,0,0,2448777,10457,0,0,0,0,0
3,save at NativeMethodAccessorImpl.java:0,1968,1919,0,1789806968579,1789806968595,16,False,13,8381036,1,4,6056,17367008,0,0,0,0,2454005,10483,0,0,0,0,0
3,save at NativeMethodAccessorImpl.java:0,1970,1921,0,1789806968594,1789806968604,10,False,6,6930255,2,0,6013,17104864,0,0,0,0,1420781,6054,0,0,0,0,0
3,save at NativeMethodAccessorImpl.java:0,1972,1923,0,1789806968594,1789806968607,13,False,9,9917668,2,0,6013,17367008,0,0,0,0,2459228,10501,0,0,0,0,0
3,save at NativeMethodAccessorImpl.java:0,1971,1922,0,1789806968594,1789806968610,16,False,12,12832816,2,0,6013,17367008,0,0,0,0,3524647,15058,0,0,0,0,0
3,save at NativeMethodAccessorImpl.java:0,1974,1925,0,1789806968607,1789806968616,9,False,6,6393093,1,0,6013,17104864,0,0,0,0,1749955,7487,0,0,0,0,0
3,save at NativeMethodAccessorImpl.java:0,1973,1924,0,1789806968604,1789806968618,14,False,11,11402582,1,0,6013,17367008,0,0,0,0,3505107,14982,0,0,0,0,0
3,save at NativeMethodAccessorImpl.java:0,1975,1926,0,1789806968610,1789806968619,9,False,6,6324897,1,0,6013,17104864,0,0,0,0,1764820,7552,0,0,0,0,0
3,save at NativeMethodAccessorImpl.java:0,1976,1927,0,1789806968616,1789806968631,15,False,10,6537754,1,3,6056,17104864,0,0,0,0,1748920,7482,0,0,0,0,0
3,save at NativeMethodAccessorImpl.java:0,1978,1929,0,1789806968618,1789806968631,13,False,6,4760083,5,4,6056,17104864,0,0,0,0,1046080,4471,0,0,0,0,0
3,save at NativeMethodAccessorImpl.java:0,1977,1928,0,1789806968617,1789806968632,15,False,11,6517060,1,4,6056,17104864,0,0,0,0,1382573,5887,0,0,0,0,0
3,save at NativeMethodAccessorImpl.java:0,1980,1931,0,1789806968631,1789806968637,6,False,3,3275075,1,0,6013,16973792,0,0,0,0,715732,3053,0,0,0,0,0
3,save at NativeMethodAccessorImpl.java:0,1979,1930,0,1789806968631,1789806968642,11,False,8,8009079,1,1,6056,17367008,0,0,0,0,2435859,10400,0,0,0,0,0
3,save at NativeMethodAccessorImpl.java:0,1982,1933,0,1789806968637,1789806968644,7,False,4,4118713,1,1,6056,17104864,0,0,0,0,1037774,4430,0,0,0,0,0
3,save at NativeMethodAccessorImpl.java:0,1981,1932,0,1789806968632,1789806968645,13,False,10,10467510,1,1,6056,17367008,0,0,0,0,3443639,14711,0,0,0,0,0
3,save at NativeMethodAccessorImpl.java:0,1983,1934,0,1789806968642,1789806968646,4,False,2,2330845,1,0,6013,16908256,0,0,0,0,373554,1566,0,0,0,0,0
3,save at NativeMethodAccessorImpl.java:0,1984,1935,0,1789806968644,1789806968651,7,False,4,4898055,1,0,6013,17104864,0,0,0,0,1406975,5995,0,0,0,0,0
3,save at NativeMethodAccessorImpl.java:0,1986,1937,0,1789806968646,1789806968655,9,False,6,6126427,1,0,6013,17104864,0,0,0,0,1762862,7542,0,0,0,0,0
3,save at NativeMethodAccessorImpl.java:0,1985,1936,0,1789806968645,1789806968656,11,False,8,8954767,1,0,6013,17367008,0,0,0,0,2817318,12055,0,0,0,0,0
3,save at NativeMethodAccessorImpl.java:0,1987,1938,0,1789806968650,1789806968656,6,False,3,3037881,1,0,6013,16973792,0,0,0,0,669669,2850,0,0,0,0,0
3,save at NativeMethodAccessorImpl.java:0,1988,1939,0,1789806968654,1789806968662,8,False,5,5870403,1,0,6013,17104864,0,0,0,0,1769512,7576,0,0,0,0,0
3,save at NativeMethodAccessorImpl.java:0,1989,1940,0,1789806968656,1789806968664,8,False,6,6750486,1,0,6013,17367008,0,0,0,0,2033325,8689,0,0,0,0,0
3,save at NativeMethodAccessorImpl.java:0,1990,1941,0,1789806968656,1789806968665,9,False,6,6223864,2,0,6013,17104864,0,0,0,0,1022781,4369,0,0,0,0,0
3,save at NativeMethodAccessorImpl.java:0,1991,1942,0,1789806968662,1789806968669,7,False,4,4190183,1,0,6013,17104864,0,0,0,0,1054132,4503,0,0,0,0,0
3,save at NativeMethodAccessorImpl.java:0,1992,1943,0,1789806968664,1789806968670,6,False,3,3288522,1,0,6013,16973792,0,0,0,0,727082,3102,0,0,0,0,0
3,save at NativeMethodAccessorImpl.java:0,1994,1945,0,1789806968669,1789806968675,6,False,4,4238469,1,0,6013,17104864,0,0,0,0,1064848,4548,0,0,0,0,0
3,save at NativeMethodAccessorImpl.java:0,1993,1944,0,1789806968665,1789806968676,11,False,7,7483845,2,0,6013,17367008,0,0,0,0,2083354,8898,0,0,0,0,0
3,save at NativeMethodAccessorImpl.java:0,1995,1946,0,1789806968670,1789806968677,7,False,4,4954173,1,0,6013,17104864,0,0,0,0,1407051,5994,0,0,0,0,0
3,save at NativeMethodAccessorImpl.java:0,1996,1947,0,1789806968675,1789806968683,8,False,5,5124445,1,0,6013,17104864,0,0,0,0,1419332,6047,0,0,0,0,0
3,save at NativeMethodAccessorImpl.java:0,1998,1949,0,1789806968677,1789806968685,8,False,5,5940900,1,0,6013,17104864,0,0,0,0,1756788,7515,0,0,0,0,0
3,save at NativeMethodAccessorImpl.java:0,1999,1950,0,1789806968682,1789806968691,9,False,6,6102196,1,0,6013,17104864,0,0,0,0,1772049,7583,0,0,0,0,0
3,save at NativeMethodAccessorImpl.java:0,1997,1948,0,1789806968676,1789806968691,15,False,11,11709624,2,0,6013,17367008,0,0,0,0,2452384,10473,0,0,0,0,0
3,save at NativeMethodAccessorImpl.java:0,2000,1951,0,1789806968685,1789806968692,7,False,5,5155897,1,0,6013,17104864,0,0,0,0,1413720,6023,0,0,0,0,0
3,save at NativeMethodAccessorImpl.java:0,2001,1952,0,1789806968691,1789806968697,6,False,4,4093849,1,0,6013,17104864,0,0,0,0,1064438,4544,0,0,0,0,0
3,save at NativeMethodAccessorImpl.java:0,2002,1953,0,1789806968691,1789806968699,8,False,6,6017223,1,0,6013,17104864,0,0,0,0,1761711,7536,0,0,0,0,0
3,save at NativeMethodAccessorImpl.java:0,2003,1954,0,1789806968692,1789806968701,9,False,6,6851293,1,0,6013,17367008,0,0,0,0,2104085,8986,0,0,0,0,0
3,save at NativeMethodAccessorImpl.java:0,2005,1956,0,1789806968699,1789806968705,6,False,4,4118123,1,0,6013,17104864,0,0,0,0,1029372,4397,0,0,0,0,0
3,save at NativeMethodAccessorImpl.java:0,2004,1955,0,1789806968697,1789806968706,9,False,7,7694820,1,0,6013,17367008,0,0,0,0,2446816,10450,0,0,0,0,0
3,save at NativeMethodAccessorImpl.java:0,2006,1957,0,1789806968701,1789806968708,7,False,5,5005866,1,0,6013,17104864,0,0,0,0,1400812,5967,0,0,0,0,0
3,save at NativeMethodAccessorImpl.java:0,2008,1959,0,1789806968706,1789806968712,6,False,4,4085288,1,0,6013,17104864,0,0,0,0,1055577,4507,0,0,0,0,0
3,save at NativeMethodAccessorImpl.java:0,2007,1958,0,1789806968705,1789806968712,7,False,4,4963791,1,0,6013,17104864,0,0,0,0,1420594,6056,0,0,0,0,0
3,save at NativeMethodAccessorImpl.java:0,2010,1961,0,1789806968712,1789806968717,5,False,2,2185004,1,0,6013,16908256,0,0,0,0,365368,1529,0,0,0,0,0
3,save at NativeMethodAccessorImpl.java:0,2009,1960,0,1789806968708,1789806968717,9,False,6,6897650,1,0,6013,17367008,0,0,0,0,2105218,8992,0,0,0,0,0
3,save at NativeMethodAccessorImpl.java:0,2011,1962,0,1789806968712,1789806968719,7,False,5,5012923,1,0,6013,17104864,0,0,0,0,1401428,5969,0,0,0,0,0
3,save at NativeMethodAccessorImpl.java:0,2013,1964,0,1789806968717,1789806968724,7,False,5,5182387,1,0,6013,17104864,0,0,0,0,1453216,6195,0,0,0,0,0
3,save at NativeMethodAccessorImpl.java:0,2012,1963,0,1789806968717,1789806968724,7,False,5,5739343,1,0,6013,17104864,0,0,0,0,1733158,7420,0,0,0,0,0
3,save at NativeMethodAccessorImpl.java:0,2014,1965,0,1789806968719,1789806968729,10,False,7,7933429,1,0,6013,17367008,0,0,0,0,2439651,10417,0,0,0,0,0
3,save at NativeMethodAccessorImpl.java:0,2015,1966,0,1789806968724,1789806968730,6,False,3,3976296,1,0,6013,17104864,0,0,0,0,1068938,4565,0,0,0,0,0
3,save at NativeMethodAccessorImpl.java:0,2016,1967,0,1789806968724,1789806968732,8,False,5,5892068,1,0,6013,17104864,0,0,0,0,1727092,7383,0,0,0,0,0
3,save at NativeMethodAccessorImpl.java:0,2017,1968,0,1789806968729,1789806968736,7,False,4,4957445,1,0,6013,17104864,0,0,0,0,1389024,5916,0,0,0,0,0
3,save at NativeMethodAccessorImpl.java:0,2018,1969,0,1789806968730,1789806968737,7,False,4,4784455,1,0,6013,17104864,0,0,0,0,1380935,5884,0,0,0,0,0
3,save at NativeMethodAccessorImpl.java:0,2019,1970,0,1789806968732,1789806968742,10,False,7,7744144,1,0,6013,17367008,0,0,0,0,2449358,10457,0,0,0,0,0
3,save at NativeMethodAccessorImpl.java:0,2020,1971,0,1789806968736,1789806968744,8,False,5,5874837,1,0,6013,17104864,0,0,0,0,1751308,7499,0,0,0,0,0
3,save at NativeMethodAccessorImpl.java:0,2021,1972,0,1789806968737,1789806968748,11,False,9,9238559,1,0,6013,17367008,0,0,0,0,3130990,13377,0,0,0,0,0
3,save at NativeMethodAccessorImpl.java:0,2023,1974,0,1789806968744,1789806968749,5,False,3,3185246,1,0,6013,16973792,0,0,0,0,694807,2959,0,0,0,0,0
3,save at NativeMethodAccessorImpl.java:0,2022,1973,0,1789806968742,1789806968751,9,False,6,6939954,1,0,6013,17367008,0,0,0,0,2082367,8895,0,0,0,0,0
3,save at NativeMethodAccessorImpl.java:0,2025,1976,0,1789806968749,1789806968755,6,False,4,4064176,1,0,6013,17104864,0,0,0,0,1040497,4442,0,0,0,0,0
3,save at NativeMethodAccessorImpl.java:0,2026,1977,0,1789806968751,1789806968758,7,False,4,4815318,1,0,6013,17104864,0,0,0,0,1368340,5828,0,0,0,0,0
3,save at NativeMethodAccessorImpl.java:0,2024,1975,0,1789806968748,1789806968758,10,False,7,7603214,1,0,6013,17367008,0,0,0,0,2489246,10637,0,0,0,0,0
3,save at NativeMethodAccessorImpl.java:0,2029,1980,0,1789806968758,1789806968764,6,False,3,3972438,1,0,6013,17104864,0,0,0,0,1046124,4467,0,0,0,0,0
3,save at NativeMethodAccessorImpl.java:0,2027,1978,0,1789806968755,1789806968766,11,False,8,8451409,1,0,6013,17367008,0,0,0,0,2760160,11807,0,0,0,0,0
3,save at NativeMethodAccessorImpl.java:0,2028,1979,0,1789806968757,1789806968766,9,False,6,6936393,1,0,6013,17367008,0,0,0,0,2096316,8955,0,0,0,0,0
3,save at NativeMethodAccessorImpl.java:0,2031,1982,0,1789806968766,1789806968772,6,False,4,4209811,1,0,6013,17104864,0,0,0,0,1058334,4520,0,0,0,0,0
3,save at NativeMethodAccessorImpl.java:0,2030,1981,0,1789806968763,1789806968772,9,False,6,6819123,1,0,6013,17367008,0,0,0,0,2144349,9156,0,0,0,0,0
3,save at NativeMethodAccessorImpl.java:0,2032,1983,0,1789806968766,1789806968778,12,False,9,9604927,1,0,6013,17367008,0,0,0,0,3149755,13452,0,0,0,0,0
3,save at NativeMethodAccessorImpl.java:0,2034,1985,0,1789806968772,1789806968778,6,False,4,4065358,1,0,6013,17104864,0,0,0,0,1090076,4650,0,0,0,0,0
3,save at NativeMethodAccessorImpl.java:0,2033,1984,0,1789806968772,1789806968780,8,False,6,6074325,1,0,6013,17104864,0,0,0,0,1727167,7385,0,0,0,0,0
3,save at NativeMethodAccessorImpl.java:0,2035,1986,0,1789806968778,1789806968783,5,False,3,3146204,1,0,6013,16973792,0,0,0,0,684637,2914,0,0,0,0,0
3,save at NativeMethodAccessorImpl.java:0,2036,1987,0,1789806968778,1789806968787,9,False,6,6832626,1,0,6013,17367008,0,0,0,0,2098775,8967,0,0,0,0,0
3,save at NativeMethodAccessorImpl.java:0,2037,1988,0,1789806968780,1789806968788,8,False,6,6053104,1,0,6013,17104864,0,0,0,0,1778251,7608,0,0,0,0,0
3,save at NativeMethodAccessorImpl.java:0,2038,1989,0,1789806968783,1789806968789,6,False,3,3225938,1,0,6013,16973792,0,0,0,0,701001,2988,0,0,0,0,0
3,save at NativeMethodAccessorImpl.java:0,2039,1990,0,1789806968787,1789806968795,8,False,5,5636503,1,0,6013,17104864,0,0,0,0,1757807,7522,0,0,0,0,0
3,save at NativeMethodAccessorImpl.java:0,2040,1991,0,1789806968788,1789806968797,9,False,6,6728704,1,0,6013,17367008,0,0,0,0,2069813,8840,0,0,0,0,0
3,save at NativeMethodAccessorImpl.java:0,2041,1992,0,1789806968789,1789806968799,10,False,8,8497345,1,0,6013,17367008,0,0,0,0,2816867,12050,0,0,0,0,0
3,save at NativeMethodAccessorImpl.java:0,2044,1995,0,1789806968799,1789806968802,3,False,0,737945,1,0,5970,65536,0,0,0,0,0,0,0,0,0,0,0
3,save at NativeMethodAccessorImpl.java:0,2042,1993,0,1789806968795,1789806968804,9,False,6,6684188,1,0,6013,17367008,0,0,0,0,2120244,9056,0,0,0,0,0
3,save at NativeMethodAccessorImpl.java:0,2043,1994,0,1789806968797,1789806968805,8,False,6,6048127,1,0,6013,17104864,0,0,0,0,1736308,7427,0,0,0,0,0
3,save at NativeMethodAccessorImpl.java:0,2045,1996,0,1789806968802,1789806968807,5,False,3,3166809,1,0,6013,16973792,0,0,0,0,687727,2927,0,0,0,0,0
3,save at NativeMethodAccessorImpl.java:0,2047,1998,0,1789806968805,1789806968814,9,False,6,6016673,1,0,6013,17104864,0,0,0,0,1746320,7473,0,0,0,0,0
3,save at NativeMethodAccessorImpl.java:0,2046,1997,0,1789806968803,1789806968814,11,False,7,7754086,1,0,6013,17367008,0,0,0,0,2427458,10370,0,0,0,0,0
3,save at NativeMethodAccessorImpl.java:0,2048,1999,0,1789806968807,1789806968814,7,False,4,4941541,1,0,6013,17104864,0,0,0,0,1394221,5937,0,0,0,0,0
3,save at NativeMethodAccessorImpl.java:0,1840,1791,0,1789806968219,1789806970146,1927,False,1923,1844390280,1,75,6142,545324144,159383248,137600447,0,0,536834774,2322317,0,0,0,0,0
