t,t_rel,cpu_idle,cpu_iowait,cpu_irq,cpu_nice,cpu_softirq,cpu_steal,cpu_system,cpu_user,ctxt,mem_Cached,mem_Dirty,mem_MemAvailable,mem_MemFree,mem_MemTotal,mem_SwapCached,mem_Writeback,mem_WritebackTmp,procs_blocked,procs_running,psi_cpu_full_total,psi_cpu_some_total,psi_io_full_total,psi_io_some_total,psi_memory_full_total,psi_memory_some_total,vm_nr_dirty,vm_nr_dirty_background_threshold,vm_nr_dirty_threshold,vm_nr_writeback,vm_pgfault,vm_pgmajfault,vm_pgpgin,vm_pgpgout,vm_pswpout
1789564941.4153109,0.0,5802863,362281,0,111,61,88,73624,587086,21789850,117848,1360,63881324,64261572,64771556,0,256,0,1,1,0,10851780,2093535653,2107075338,32,32,340,1595421,3194743,64,55520008,54005,396426902,303544441,0
1789564941.665726,0.25,5803103,362298,0,111,61,88,73626,587228,21790451,127144,1372,63866316,64241476,64771556,0,256,0,0,17,0,10852081,2093563207,2107102950,32,32,343,1595215,3194331,64,55522674,54078,396439106,303544441,0
1789564941.9163673,0.501,5803475,362315,0,111,61,88,73627,587237,21791144,134440,1372,63849624,64220816,64771556,0,256,0,1,1,0,10853012,2093658556,2107198325,32,32,343,1594897,3193695,64,55527577,54112,396448342,303544441,0
1789564942.1668334,0.752,5803850,362337,0,111,61,88,73629,587238,21791874,162492,1404,63819564,64176312,64771556,0,256,0,0,2,0,10853823,2093844871,2107384648,32,32,351,1594508,3192914,64,55531816,54320,396477006,303544441,0
1789564942.4172184,1.002,5804215,362361,0,111,61,88,73631,587248,21794133,174136,1296,63803592,64154116,64771556,0,0,0,1,1,0,10854546,2093986451,2107526241,32,32,324,1594264,3192427,0,55535049,54414,396487674,303544441,0
1789564942.667603,1.252,5804585,362383,0,111,61,88,73632,587253,21795769,180588,1296,63792516,64139808,64771556,0,0,0,1,1,0,10855496,2094171541,2107711331,32,32,324,1594068,3192035,0,55537072,54420,396494126,303544441,0
1789564942.9179482,1.503,5804952,362404,0,111,61,88,73633,587263,21797092,188860,1296,63771584,64114720,64771556,0,0,0,1,1,0,10856313,2094332381,2107872198,32,32,324,1593650,3191196,0,55542198,54420,396502506,303544441,0
1789564943.168287,1.753,5805306,362414,0,111,61,88,73639,587294,21800890,191884,1296,63767496,64109156,64771556,0,0,0,1,3,0,10857094,2094358771,2107898591,32,32,324,1593584,3191065,0,55558296,54428,396505430,303544473,0
1789564943.4187405,2.003,5805662,362426,0,111,61,88,73640,587324,21803544,195304,1296,63742988,64082940,64771556,0,0,0,0,2,0,10857634,2094431010,2107970830,32,32,324,1593015,3189926,0,55565472,54429,396508850,303544473,0
1789564943.6692321,2.254,5806028,362438,0,111,61,88,73641,587345,21806726,198196,1296,63723268,64061772,64771556,0,0,0,0,5,0,10858267,2094515957,2108055777,32,32,324,1592559,3189012,0,55570356,54429,396511726,303544473,0
1789564943.919705,2.504,5806387,362452,0,111,61,88,73643,587368,21810493,201528,1296,63695072,64031872,64771556,0,0,0,0,2,0,10858870,2094597094,2108136946,32,32,324,1591898,3187689,0,55578359,54437,396515106,303544473,0
1789564944.1701882,2.755,5806739,362463,0,111,61,88,73645,587403,21813956,204448,1296,63685768,64021112,64771556,0,0,0,0,2,0,10859439,2094655284,2108195152,32,32,324,1591702,3187296,0,55580587,54442,396518026,303544473,0
1789564944.4206367,3.005,5807097,362472,0,111,61,88,73646,587436,21818765,206448,1296,63677604,64011952,64771556,0,0,0,1,1,0,10860027,2094708514,2108248382,32,32,324,1591523,3186938,0,55582377,54444,396519994,303544473,0
1789564944.6711044,3.256,5807440,362484,0,111,61,88,73650,587477,21824187,209104,1296,63683340,64016356,64771556,0,0,0,1,1,0,10860782,2094760519,2108300387,32,32,324,1591699,3187291,0,55586967,54448,396522662,303544473,0
1789564945.0633402,3.648,5808040,362510,0,111,61,88,73651,587480,21825193,237072,1296,63688572,64007224,64771556,0,0,0,1,1,0,10861904,2094994582,2108534658,32,32,324,1592189,3188271,0,55590264,54676,396551546,303544477,0
1789564945.315823,3.901,5808416,362529,0,111,61,88,73653,587484,21825839,251132,1296,63676264,63987784,64771556,0,0,0,1,1,0,10862730,2095182377,2108722557,32,32,324,1592059,3188012,0,55594189,54784,396565670,303544477,0
1789564945.5662744,4.151,5808791,362545,0,111,61,88,73654,587490,21826392,262968,1296,63660776,63966320,64771556,0,0,0,1,1,0,10864315,2095306266,2108846446,32,32,324,1591822,3187536,0,55598326,54878,396577618,303544477,0
1789564945.8166606,4.401,5809158,362560,0,111,61,88,73655,587508,21827827,269156,1296,63643924,63946248,64771556,0,0,0,1,1,0,10865010,2095401619,2108941800,32,32,324,1591482,3186855,0,55601994,54890,396584026,303544477,0
1789564946.067203,4.652,5809518,362573,0,111,61,88,73656,587534,21829134,272332,1296,63628860,63929592,64771556,0,0,0,1,1,0,10866318,2095489819,2109030003,32,32,324,1591145,3186181,0,55605574,54894,396587150,303544477,0
1789564946.3177176,4.902,5809850,362585,0,111,61,88,73658,587587,21830309,274860,1296,63565236,63864384,64771556,0,0,0,1,3,0,10866621,2095534602,2109074785,32,32,324,1589581,3183049,0,55623144,54894,396589678,303544477,0
1789564946.56825,5.153,5810201,362595,0,111,61,88,73660,587624,21831825,277568,1296,63530336,63826764,64771556,0,0,0,1,2,0,10866989,2095585382,2109125566,32,32,324,1588710,3181304,0,55631861,54894,396592402,303544477,0
1789564946.8187344,5.403,5810561,362607,0,111,61,88,73662,587653,21835463,281024,1296,63509936,63802916,64771556,0,0,0,0,3,0,10867524,2095655328,2109195520,32,32,324,1588200,3180284,0,55638111,54897,396595974,303544477,0
1789564947.0694091,5.654,5810908,362617,0,111,61,88,73664,587696,21837190,283928,1296,63500668,63790724,64771556,0,0,0,1,1,0,10867827,2095684103,2109224313,32,32,324,1587969,3179821,0,55640186,54897,396598798,303544477,0
1789564947.3198721,5.905,5811257,362626,0,111,61,88,73665,587736,21839158,286252,1396,63487908,63775672,64771556,0,0,0,1,1,0,10869117,2095725862,2109266072,32,32,349,1587651,3179185,0,55643240,54899,396600990,303544477,0
1789564947.5703285,6.155,5811618,362637,0,111,61,88,73667,587761,21840862,289764,1396,63472436,63756708,64771556,0,0,0,1,1,0,10869629,2095799754,2109339964,32,32,349,1587265,3178412,0,55646707,54899,396604518,303544477,0
1789564947.820772,6.405,5811970,362644,0,111,61,88,73668,587803,21841971,292148,1396,63461076,63742964,64771556,0,0,0,0,3,0,10869857,2095835707,2109376005,32,32,349,1586982,3177844,0,55649776,54899,396606986,303544477,0
1789564948.0712128,6.656,5812294,362645,0,111,61,88,73671,587872,21853146,293056,1396,63453380,63734396,64771556,0,0,0,0,3,0,10870495,2095840869,2109381168,32,32,349,1586789,3177459,0,55654081,54901,396607778,303544477,0
1789564948.3216639,6.906,5812629,362648,0,111,61,88,73673,587933,21859622,293564,1396,63445684,63726128,64771556,0,0,0,0,3,0,10870941,2095849972,2109390271,32,32,349,1586597,3177074,0,55656761,54901,396608286,303544477,0
1789564948.5721402,7.157,5812988,362660,0,111,61,88,73675,587959,21863111,297156,1396,63440724,63717592,64771556,0,0,0,1,1,0,10871530,2095926711,2109467010,32,32,349,1586473,3176826,0,55658086,54904,396611898,303544477,0
1789564948.8225915,7.407,5813361,362670,0,111,61,88,73677,587975,21864260,299968,1396,63433008,63707064,64771556,0,0,0,1,1,0,10872098,2096015184,2109555482,32,32,349,1586281,3176441,0,55659920,54904,396614766,303544477,0
1789564949.073075,7.658,5813724,362677,0,111,61,88,73679,588004,21866662,301644,1396,63408956,63681328,64771556,0,0,0,0,5,0,10872582,2096061316,2109601614,32,32,349,1585680,3175238,0,55665215,54904,396616366,303544477,0
1789564949.3235338,7.908,5814085,362689,0,111,61,88,73680,588029,21867452,305284,1396,63388772,63657528,64771556,0,0,0,0,2,0,10873663,2096140876,2109681174,32,32,349,1585177,3174229,0,55670754,54904,396620026,303544477,0
1789564949.5739558,8.159,5814457,362698,0,111,61,88,73682,588046,21868396,307496,1396,63368840,63635360,64771556,0,0,0,0,2,0,10874175,2096218876,2109759175,32,32,349,1584679,3173233,0,55675766,54904,396622358,303544477,0
1789564949.8243454,8.409,5814810,362705,0,111,61,88,73683,588084,21869937,309312,1396,63346484,63611188,64771556,0,0,0,0,2,0,10874442,2096258100,2109798398,32,32,349,1584121,3172115,0,55681375,54904,396624042,303544477,0
1789564950.0747328,8.659,5815167,362713,0,111,61,88,73685,588117,21872359,311252,1396,63320364,63582724,64771556,0,0,0,0,6,0,10875137,2096317362,2109857660,32,32,349,1583469,3170810,0,55687475,54904,396626378,303544477,0
1789564950.3251545,8.91,5815501,362718,0,111,61,88,73687,588174,21877799,312692,1396,63288464,63549388,64771556,0,0,0,0,5,0,10875576,2096335155,2109875453,32,32,349,1582673,3169215,0,55695570,54904,396627818,303544477,0
1789564950.5755508,9.16,5815804,362723,0,111,61,88,73691,588262,21880661,314368,1552,63242012,63501276,64771556,0,0,0,0,7,0,10875723,2096340082,2109880381,32,32,388,1581513,3166893,0,55709326,54904,396629354,303544477,0
1789564950.8262482,9.411,5816170,362734,0,111,61,88,73692,588285,21881547,317440,1552,63220536,63476724,64771556,0,0,0,0,2,0,10876169,2096419851,2109960150,32,32,388,1580977,3165820,0,55715726,54904,396632414,303544477,0
1789564951.076708,9.661,5816523,362739,0,111,61,88,73697,588320,21885094,318880,1560,63293944,63548680,64771556,0,0,0,0,2,0,10876481,2096433823,2109974122,32,32,390,1582809,3169489,0,55725972,54904,396633850,303544477,0
1789564951.3271503,9.912,5816890,362746,0,111,61,88,73698,588344,21887120,320736,1560,63270492,63523344,64771556,0,0,0,0,2,0,10877000,2096482639,2110022938,32,32,390,1582224,3168317,0,55731658,54904,396635766,303544477,0
1789564951.5775664,10.162,5817251,362753,0,111,61,88,73700,588375,21888999,322944,1560,63243260,63493904,64771556,0,0,0,1,3,0,10877337,2096528683,2110068982,32,32,390,1581544,3166956,0,55738684,54904,396637910,303544477,0
1789564951.8280287,10.413,5817596,362761,0,111,61,88,73703,588420,21893155,325388,1564,63224376,63472600,64771556,0,0,0,0,2,0,10877750,2096566208,2110106507,32,32,391,1581073,3166012,0,55743637,54905,396640370,303544477,0
1789564952.0784774,10.663,5817885,362763,0,111,61,88,73708,588522,21904912,326096,1624,63214284,63461756,64771556,0,0,0,0,5,0,10878852,2096569998,2110110297,32,32,406,1580821,3165507,0,55747895,54905,396641050,303544537,0
1789564952.3289616,10.914,5818161,362782,0,111,61,88,73719,588616,21915606,482816,1624,63135848,63226596,64771556,0,0,0,0,2,0,10879550,2096593267,2110133567,32,32,406,1578863,3161586,0,55767765,54905,396797790,303544537,0
1789564952.5794199,11.164,5818414,362784,0,111,61,88,73728,588750,21922100,523904,41912,63042616,63091964,64771556,0,0,0,0,6,0,10879949,2096596173,2110136473,32,32,10478,1576535,3156926,0,55788446,54905,396798586,303544537,0
1789564952.8298624,11.415,5818668,362800,0,111,61,88,73759,588847,21934424,910384,272456,62741428,62401908,64771556,0,0,0,0,6,0,10880568,2096619857,2110160160,32,32,68218,1568957,3141751,0,55852934,54905,396954522,303544537,0
1789564953.0803542,11.665,5818944,362816,0,111,61,88,73797,588919,21941570,1303660,509780,62511340,61775596,64771556,0,0,0,0,6,0,10881325,2096645912,2110186222,32,32,127343,1563130,3130082,0,55866764,54905,397110474,303544537,0
1789564953.3310933,11.916,5819187,362833,0,111,61,88,73819,589034,21947488,1547296,597832,62367256,61386504,64771556,0,0,0,0,10,0,10881944,2096665955,2110206371,32,32,149458,1559498,3122810,0,55877226,54905,397266410,303544537,0
1789564953.5815878,12.166,5819454,362866,0,111,61,88,73844,589108,21956890,2089864,832580,62360260,60833652,64771556,0,0,0,0,3,0,10882695,2096725361,2110265782,32,32,208145,1559252,3122317,0,55907617,54905,397573910,303544537,0
1789564953.8321638,12.417,5819710,362881,0,111,61,88,73889,589191,21962684,2414848,1012792,62105340,60251360,64771556,0,0,0,2,3,0,10883438,2096740852,2110281330,32,32,253198,1552829,3109454,0,55918323,54905,397719714,303544537,0
1789564954.0829024,12.668,5820000,362899,0,111,61,88,73914,589256,21969120,2997268,1349048,62179376,59738568,64771556,0,0,0,2,4,0,10884142,2096784388,2110324867,32,32,337262,1554580,3112961,0,55934415,54905,397966150,303544537,0
1789564954.3336415,12.918,5820256,362907,0,111,61,88,73962,589343,21975621,3382908,1544136,61867804,59038432,64771556,0,0,0,1,6,0,10884782,2096795984,2110336468,32,32,386138,1546717,3097215,0,55956664,54905,398155654,303544537,0
1789564954.5843973,13.169,5820530,362918,0,111,61,88,73991,589430,21982268,4078436,1906620,62039008,58509160,64771556,0,0,0,1,4,0,10885390,2096818322,2110358806,32,32,476756,1550864,3105520,0,55967894,54905,398488810,303544537,0
1789564954.8351488,13.42,5820791,362925,0,111,61,88,74041,589513,21987704,4473644,2107872,61779948,57851980,64771556,0,0,0,1,5,0,10885854,2096826290,2110366774,32,32,527072,1544326,3092428,0,55981180,54905,398682602,303544537,0
1789564955.085643,13.67,5821071,362937,0,111,61,88,74075,589584,21995817,5098528,2437788,62146472,57588712,64771556,0,0,0,1,7,0,10886897,2096850280,2110390765,32,32,609449,1553354,3110506,0,56008425,54905,398977334,303544537,0
1789564955.336404,13.921,5821343,362944,0,111,61,88,74124,589653,22003039,5508100,2643600,61858044,56887960,64771556,0,0,0,2,4,0,10887581,2096862948,2110403434,32,32,661004,1546095,3095971,0,56031507,54905,399181478,303544537,0
1789564955.5871575,14.172,5821608,362952,0,111,61,88,74153,589751,22008886,6129776,2997308,61933980,56337072,64771556,0,0,0,0,5,0,10888063,2096877710,2110418196,32,32,749428,1547872,3099530,0,56051331,54905,399449514,303544537,0
1789564955.837845,14.423,5821889,362964,0,111,61,88,74200,589810,22015579,6580876,3199304,61691184,55640196,64771556,0,0,0,0,6,0,10888649,2096898613,2110439101,32,32,799928,1541717,3087203,0,56069571,54905,399698338,303544537,0
1789564956.0883276,14.673,5822170,362971,0,111,61,88,74242,589882,22021008,7136964,3536236,61751904,55139908,64771556,0,0,0,0,5,0,10889145,2096912858,2110453345,32,32,884059,1543109,3089992,0,56085141,54905,399917322,303544537,0
1789564956.338819,14.924,5822437,362982,0,111,61,88,74282,589961,22028726,7670676,3762064,61667352,54518304,64771556,0,0,0,1,5,0,10889880,2096934086,2110474574,32,32,940620,1540926,3085620,0,56103609,54905,400225206,303544537,0
1789564956.5895739,15.174,5822716,362989,0,111,61,88,74327,590029,22033156,8175440,4052616,61525624,53867324,64771556,0,0,0,1,5,0,10890408,2096946198,2110486686,32,32,1013258,1537265,3078290,0,56111418,54905,400439290,303544537,0
1789564956.84035,15.425,5822988,363003,0,111,61,88,74359,590110,22040098,8792984,3440472,61664324,53384140,64771556,0,909844,0,0,6,0,10891077,2096971430,2110511923,32,32,859195,1540620,3085008,228384,56121533,54905,400759550,304458073,0
1789564957.09098,15.676,5823267,363060,0,111,61,88,74390,590144,22043541,9092288,744732,61661408,53078476,64771556,0,3805928,0,4,1,0,10891647,2097081523,2110622234,32,32,186183,1540464,3084694,951482,56130343,54905,400852966,307358657,0
1789564957.341424,15.926,5823567,363160,0,111,61,88,74390,590144,22043609,9092288,745384,61661412,53078476,64771556,0,3789544,0,4,1,0,10891649,2097331905,2110872621,32,32,186346,1540464,3084694,947386,56130344,54905,400852966,307359353,0
1789564957.591836,16.177,5823867,363260,0,111,61,88,74390,590144,22043698,9092288,745384,61661412,53078476,64771556,0,3781352,0,4,1,0,10891658,2097582219,2111122949,32,32,186346,1540464,3084694,945338,56130344,54905,400852966,307359353,0
1789564957.8421898,16.427,5824167,363361,0,111,61,88,74390,590144,22043753,9092288,745384,61661412,53078476,64771556,0,3760872,0,4,1,0,10891658,2097832292,2111373021,32,32,186346,1540464,3084694,940218,56130346,54905,400852966,307359353,0
1789564958.0925367,16.677,5824467,363461,0,111,61,88,74390,590144,22043812,9092288,745384,61677540,53094604,64771556,0,3752680,0,4,1,0,10891660,2098082586,2111623318,32,32,186346,1540866,3085500,938170,56130347,54905,400852966,307359353,0
1789564958.342858,16.928,5824767,363561,0,111,61,88,74390,590144,22043869,9092288,745384,61685848,53102912,64771556,0,3744488,0,4,1,0,10891661,2098332633,2111873367,32,32,186346,1541074,3085916,936122,56130348,54905,400852966,307359353,0
1789564958.5931807,17.178,5825068,363661,0,111,61,88,74390,590144,22043916,9092288,745384,61685848,53102912,64771556,0,3728104,0,4,1,0,10891661,2098582916,2112123651,32,32,186346,1541074,3085916,932026,56130348,54905,400852966,307359353,0
1789564958.843503,17.428,5825368,363761,0,111,61,88,74390,590144,22043965,9092288,745384,61685848,53102912,64771556,0,3719912,0,4,1,0,10891661,2098832961,2112373696,32,32,186346,1541074,3085916,929978,56130349,54905,400852966,307359353,0
1789564959.0938394,17.679,5825668,363861,0,111,61,88,74390,590144,22044029,9092288,745384,61693912,53110976,64771556,0,3707624,0,4,1,0,10891661,2099083320,2112624054,32,32,186346,1541275,3086319,926906,56130350,54905,400852966,307359353,0
1789564959.3442414,17.929,5825968,363962,0,111,61,88,74390,590144,22044091,9092288,745384,61693912,53110976,64771556,0,3691240,0,4,1,0,10891663,2099333405,2112874144,32,32,186346,1541275,3086319,922810,56130351,54905,400852966,307359353,0
1789564959.5945864,18.179,5826268,364062,0,111,61,88,74390,590144,22044144,9092288,745384,61693912,53110976,64771556,0,3683048,0,4,1,0,10891668,2099583599,2113124439,32,32,186346,1541275,3086319,920762,56130352,54905,400852966,307359353,0
1789564959.8449376,18.43,5826569,364162,0,111,61,88,74390,590144,22044192,9092288,745384,61693912,53110976,64771556,0,3666664,0,4,1,0,10891673,2099833732,2113374754,32,32,186346,1541275,3086319,916666,56130353,54905,400852966,307359353,0
1789564960.0952535,18.68,5826869,364262,0,111,61,88,74391,590144,22044249,9092288,745384,61704936,53122000,64771556,0,3654376,0,4,1,0,10891682,2100083848,2113625044,32,32,186346,1541550,3086870,913594,56130353,54905,400852966,307359353,0
1789564960.3455791,18.93,5827169,364362,0,111,61,88,74391,590144,22044306,9092288,745384,61704936,53122000,64771556,0,3646184,0,4,1,0,10891689,2100334039,2113875348,32,32,186346,1541550,3086870,911546,56130355,54905,400852966,307359353,0
1789564960.595925,19.181,5827469,364462,0,111,61,88,74391,590144,22044354,9092288,745384,61704936,53122000,64771556,0,3629800,0,4,1,0,10891693,2100584144,2114125650,32,32,186346,1541550,3086870,907450,56130355,54905,400852966,307359353,0
1789564960.846241,19.431,5827770,364562,0,111,61,88,74391,590144,22044400,9092288,745384,61704936,53122000,64771556,0,3621608,0,4,1,0,10891697,2100834330,2114375939,32,32,186346,1541550,3086870,905402,56130357,54905,400852966,307359353,0
1789564961.0965664,19.681,5828070,364662,0,111,61,88,74391,590144,22044469,9092288,745384,61713000,53130064,64771556,0,3605224,0,4,1,0,10891707,2101084429,2114626252,32,32,186346,1541751,3087273,901306,56130357,54905,400852966,307359353,0
1789564961.3469317,19.932,5828370,364762,0,111,61,88,74391,590144,22044548,9092288,745384,61713000,53130064,64771556,0,3592904,0,4,1,0,10891717,2101334599,2114876577,32,32,186346,1541751,3087273,898226,56130358,54905,400852966,307359353,0
1789564961.5972536,20.182,5828670,364862,0,111,61,88,74391,590144,22044632,9092288,745384,61713000,53130064,64771556,0,3584712,0,4,1,0,10891728,2101584533,2115126610,32,32,186346,1541751,3087273,896178,56130359,54905,400852966,307359353,0
1789564961.847582,20.432,5828968,364963,0,111,61,88,74391,590146,22044897,9092316,745384,61708492,53125540,64771556,0,3568328,0,4,1,0,10891741,2101830437,2115372842,32,32,186346,1541639,3087048,892082,56130645,54906,400852998,307359353,0
1789564962.098054,20.683,5829269,365063,0,111,61,88,74391,590146,22044954,9092316,745384,61716556,53133604,64771556,0,3560136,0,4,1,0,10891742,2102080787,2115623197,32,32,186346,1541841,3087452,890034,56130645,54906,400852998,307359353,0
1789564962.3484223,20.933,5829569,365163,0,111,61,88,74391,590146,22045005,9092316,745384,61716556,53133604,64771556,0,3547848,0,4,1,0,10891745,2102331097,2115873513,32,32,186346,1541841,3087452,886962,56130647,54906,400852998,307359353,0
1789564962.5987513,21.183,5829865,365263,0,111,61,88,74395,590146,22045090,9092364,102160,61715284,53132236,64771556,0,4174688,0,4,1,0,10891747,2102572697,2116115122,32,32,25540,1541809,3087388,1043672,56130647,54906,400853002,308002601,0
1789564962.8491058,21.434,5830165,365363,0,111,61,88,74395,590146,22045139,9092364,102160,61715284,53132236,64771556,0,4166496,0,4,1,0,10891747,2102823013,2116365438,32,32,25540,1541809,3087388,1041624,56130649,54906,400853002,308002601,0
1789564963.0994325,21.684,5830466,365464,0,111,61,88,74395,590146,22045204,9092364,102160,61730828,53147780,64771556,0,4150112,0,4,1,0,10891747,2103073296,2116615720,32,32,25540,1542197,3088165,1037528,56130649,54906,400853002,308002601,0
1789564963.349757,21.934,5830766,365564,0,111,61,88,74395,590146,22045261,9092364,102160,61730828,53147780,64771556,0,4137824,0,4,1,0,10891749,2103323607,2116866035,32,32,25540,1542197,3088165,1034456,56130651,54906,400853002,308002601,0
1789564963.6000936,22.185,5831066,365664,0,111,61,88,74395,590146,22045312,9092364,102160,61730828,53147780,64771556,0,4129632,0,4,1,0,10891749,2103573643,2117116071,32,32,25540,1542197,3088165,1032408,56130652,54906,400853002,308002601,0
1789564963.8504148,22.435,5831366,365764,0,111,61,88,74395,590146,22045357,9092364,102160,61730828,53147780,64771556,0,4113248,0,4,1,0,10891749,2103823931,2117366359,32,32,25540,1542197,3088165,1028312,56130653,54906,400853002,308002601,0
1789564964.100729,22.685,5831666,365864,0,111,61,88,74395,590146,22045419,9092364,102160,61730588,53147540,64771556,0,4105056,0,4,1,0,10891750,2104073984,2117616412,32,32,25540,1542191,3088153,1026264,56130654,54906,400853002,308002601,0
1789564964.3510628,22.936,5831966,365964,0,111,61,88,74395,590146,22045476,9092364,102160,61737060,53154012,64771556,0,4088672,0,4,1,0,10891751,2104324270,2117866701,32,32,25540,1542352,3088476,1022168,56130655,54906,400853002,308002601,0
1789564964.6013794,23.186,5832266,366065,0,111,61,88,74395,590146,22045529,9092364,102160,61737060,53154012,64771556,0,4076384,0,4,1,0,10891751,2104574301,2118116733,32,32,25540,1542352,3088476,1019096,56130655,54906,400853002,308002601,0
1789564964.8517091,23.436,5832564,366167,0,111,61,88,74396,590147,22045696,9093000,102160,61737836,53153764,64771556,0,4068192,0,4,1,0,10891762,2104818406,2118361036,32,32,25540,1542372,3088515,1017048,56131334,54925,400854034,308002601,0
1789564965.102102,23.687,5832857,366270,0,111,61,88,74397,590149,22046375,9095740,104200,61751276,53164284,64771556,0,4051808,0,4,2,0,10891877,2105049624,2118596816,32,32,26050,1542707,3089186,1012952,56134080,54979,400856942,308002601,0
1789564965.3524818,23.937,5833157,366360,0,111,61,88,74399,590156,22047031,9101052,104200,61739324,53145312,64771556,0,4043616,0,5,1,0,10892234,2105276746,2118847133,32,32,26050,1542404,3088579,1010904,56137726,55015,400863822,308002601,0
1789564965.6028173,24.188,5833448,366459,0,111,61,88,74401,590165,22047611,9104664,104200,61734016,53136028,64771556,0,4031296,0,4,2,0,10892714,2105495418,2119079927,32,32,26050,1542265,3088301,1007824,56141009,55022,400867638,308002601,0
1789564965.8531532,24.438,5833736,366561,0,111,61,88,74403,590171,22048487,9107068,105592,61731328,53130180,64771556,0,4014912,0,4,1,0,10892766,2105718659,2119306501,32,32,26398,1542197,3088164,1003728,56146204,55057,400870526,308002605,0
1789564966.1035807,24.688,5834035,366661,0,111,61,88,74404,590173,22048635,9107200,105592,61740360,53139096,64771556,0,4006720,0,4,1,0,10892801,2105966351,2119554634,32,32,26398,1542422,3088616,1001680,56146250,55057,400870586,308002605,0
1789564966.3540037,24.939,5834336,366761,0,111,61,88,74404,590173,22048688,9107200,105592,61752740,53151476,64771556,0,3990336,0,4,1,0,10892803,2106216688,2119804976,32,32,26398,1542731,3089235,997584,56146253,55057,400870586,308002605,0
1789564966.6043527,25.189,5834636,366861,0,111,61,88,74404,590173,22048740,9107200,105592,61752740,53151476,64771556,0,3982144,0,4,1,0,10892805,2106466985,2120055275,32,32,26398,1542731,3089235,995536,56146253,55057,400870586,308002605,0
1789564966.8546975,25.439,5834936,366962,0,111,61,88,74404,590173,22048793,9107200,105592,61752740,53151476,64771556,0,3969856,0,4,1,0,10892805,2106717081,2120305371,32,32,26398,1542731,3089235,992464,56146254,55057,400870586,308002605,0
1789564967.105068,25.69,5835236,367062,0,111,61,88,74404,590173,22048886,9107200,105592,61758492,53157228,64771556,0,3953472,0,4,1,0,10892819,2106966980,2120555464,32,32,26398,1542875,3089522,988368,56146254,55057,400870586,308002605,0
1789564967.3554592,25.94,5835536,367162,0,111,61,88,74404,590173,22048941,9107200,105592,61766684,53165420,64771556,0,3945280,0,4,1,0,10892824,2107217211,2120805795,32,32,26398,1543079,3089932,986320,56146255,55057,400870586,308002605,0
1789564967.6057968,26.19,5835836,367262,0,111,61,88,74404,590173,22049004,9107200,105648,61774872,53173604,64771556,0,3937088,0,4,1,0,10892831,2107467435,2121056126,32,32,26412,1543284,3090341,984272,56146255,55057,400870586,308002829,0
1789564967.8561835,26.441,5836137,367362,0,111,61,88,74404,590173,22049054,9107200,105648,61775164,53173860,64771556,0,3916608,0,4,1,0,10892838,2107717494,2121306448,32,32,26412,1543291,3090355,979152,56146258,55057,400870586,308002829,0
1789564968.1065216,26.691,5836437,367462,0,111,61,88,74404,590173,22049112,9107200,105648,61780000,53178696,64771556,0,3908416,0,4,1,0,10892844,2107967699,2121556752,32,32,26412,1543412,3090597,977104,56146258,55057,400870586,308002829,0
1789564968.3568504,26.942,5836737,367562,0,111,61,88,74404,590173,22049169,9107200,105648,61788192,53186888,64771556,0,3892032,0,4,1,0,10892850,2108217571,2121806808,32,32,26412,1543616,3091007,973008,56146258,55057,400870586,308002829,0
1789564968.607173,27.192,5837037,367662,0,111,61,88,74404,590173,22049221,9107200,105648,61787940,53186636,64771556,0,3883840,0,4,1,0,10892854,2108467754,2122057086,32,32,26412,1543610,3090994,970960,56146259,55057,400870586,308002829,0
1789564968.8574877,27.442,5837338,367762,0,111,61,88,74404,590173,22049267,9107200,105648,61787940,53186636,64771556,0,3871544,0,4,1,0,10892858,2108717893,2122307390,32,32,26412,1543610,3090994,967886,56146260,55057,400870586,308002829,0
1789564969.107827,27.693,5837638,367863,0,111,61,88,74404,590173,22049363,9107200,105648,61787700,53186396,64771556,0,3855160,0,4,1,0,10892874,2108967749,2122557474,32,32,26412,1543604,3090982,963790,56146263,55057,400870586,308002829,0
1789564969.3582,27.943,5837938,367963,0,111,61,88,74404,590173,22049469,9107200,105648,61809456,53208152,64771556,0,3846968,0,4,1,0,10892887,2109217949,2122807799,32,32,26412,1544147,3092070,961742,56146264,55057,400870586,308002829,0
1789564969.6085465,28.193,5838238,368063,0,111,61,88,74404,590173,22049514,9107200,105648,61809180,53207876,64771556,0,3838776,0,4,1,0,10892890,2109468135,2123058089,32,32,26412,1544140,3092056,959694,56146265,55057,400870586,308002829,0
1789564969.8588681,28.444,5838538,368163,0,111,61,88,74404,590173,22049564,9107200,105648,61809180,53207876,64771556,0,3818272,0,4,1,0,10892897,2109718177,2123308386,32,32,26412,1544140,3092056,954568,56146265,55057,400870586,308002829,0
1789564970.1091924,28.694,5838839,368263,0,111,61,88,74404,590173,22049630,9107200,105648,61811896,53210592,64771556,0,3810080,0,4,1,0,10892908,2109968372,2123558693,32,32,26412,1544208,3092192,952520,56146268,55057,400870586,308002829,0
1789564970.3595333,28.944,5839139,368363,0,111,61,88,74404,590173,22049684,9107200,105648,61819464,53218160,64771556,0,3793696,0,4,1,0,10892914,2110218496,2123808995,32,32,26412,1544397,3092570,948424,56146268,55057,400870586,308002829,0
1789564970.60986,29.195,5839439,368463,0,111,61,88,74404,590173,22049727,9107200,105648,61819200,53217896,64771556,0,3785504,0,4,1,0,10892917,2110468688,2124059274,32,32,26412,1544390,3092557,946376,56146270,55057,400870586,308002829,0
1789564970.860172,29.445,5839739,368563,0,111,61,88,74404,590173,22049773,9107200,105648,61819200,53217896,64771556,0,3777312,0,4,1,0,10892920,2110718895,2124309564,32,32,26412,1544390,3092557,944328,56146270,55057,400870586,308002829,0
1789564971.1104836,29.695,5840039,368663,0,111,61,88,74404,590173,22049832,9107200,105648,61833148,53231844,64771556,0,3765024,0,4,1,0,10892927,2110969026,2124559836,32,32,26412,1544738,3093254,941256,56146271,55057,400870586,308002829,0
1789564971.36082,29.946,5840340,368763,0,111,61,88,74404,590173,22049904,9107200,105648,61839796,53238492,64771556,0,3748640,0,4,1,0,10892939,2111219124,2124810144,32,32,26412,1544904,3093586,937160,56146272,55057,400870586,308002829,0
1789564971.6111362,30.196,5840640,368863,0,111,61,88,74404,590173,22049952,9107200,105648,61839532,53238228,64771556,0,3740448,0,4,1,0,10892943,2111469279,2125060415,32,32,26412,1544898,3093573,935112,56146273,55057,400870586,308002829,0
1789564971.861464,30.446,5840940,368964,0,111,61,88,74404,590173,22050025,9107200,105648,61839532,53238228,64771556,0,3724064,0,4,1,0,10892951,2111719523,2125310818,32,32,26412,1544898,3093573,931016,56146273,55057,400870586,308002829,0
1789564972.1119401,30.697,5841240,369064,0,111,61,88,74405,590173,22050088,9107200,105648,61850436,53249132,64771556,0,3711776,0,4,1,0,10892958,2111969728,2125561170,32,32,26412,1545170,3094118,927944,56146275,55057,400870586,308002829,0
1789564972.362283,30.947,5841539,369165,0,111,61,88,74405,590173,22050298,9107200,101036,61855440,53254116,64771556,0,3703584,0,4,1,0,10892974,2112216477,2125807962,32,32,25259,1545295,3094368,925896,56146275,55057,400870586,308007625,0
1789564972.612671,31.197,5841839,369265,0,111,61,88,74405,590174,22050348,9107200,101036,61855440,53254116,64771556,0,3687200,0,4,1,0,10892974,2112466555,2126058040,32,32,25259,1545295,3094368,921800,56146277,55057,400870586,308007625,0
1789564972.8630254,31.448,5842139,369366,0,111,61,88,74405,590174,22050406,9107200,101052,61855440,53254116,64771556,0,3679008,0,4,1,0,10892979,2112716756,2126308347,32,32,25263,1545295,3094368,919752,56146277,55057,400870586,308007685,0
1789564973.113353,31.698,5842440,369466,0,111,61,88,74405,590174,22050477,9107200,101052,61864068,53262744,64771556,0,3662624,0,4,1,0,10892987,2112966850,2126558652,32,32,25263,1545510,3094800,915656,56146278,55057,400870586,308007685,0
1789564973.3637104,31.948,5842740,369566,0,111,61,88,74405,590174,22050581,9107200,101052,61876284,53274960,64771556,0,3650328,0,4,1,0,10893004,2113217018,2126808982,32,32,25263,1545815,3095410,912582,56146279,55057,400870586,308007685,0
1789564973.614059,32.199,5843040,369666,0,111,61,88,74405,590174,22050626,9107200,101052,61876284,53274960,64771556,0,3642136,0,4,1,0,10893009,2113467179,2127059269,32,32,25263,1545815,3095410,910534,56146280,55057,400870586,308007685,0
1789564973.864394,32.449,5843340,369766,0,111,61,88,74405,590174,22050677,9107200,101052,61876284,53274960,64771556,0,3625752,0,4,1,0,10893016,2113717276,2127309582,32,32,25263,1545815,3095410,906438,56146282,55057,400870586,308007685,0
1789564974.1147249,32.699,5843640,369866,0,111,61,88,74405,590174,22050740,9107200,101052,61883516,53282192,64771556,0,3617560,0,4,2,0,10893021,2113967242,2127559646,32,32,25263,1545996,3095772,904390,56146282,55057,400870586,308007685,0
1789564974.3650668,32.95,5843941,369966,0,111,61,88,74405,590174,22050792,9107200,101052,61887592,53286268,64771556,0,3605248,0,4,1,0,10893028,2114217373,2127809947,32,32,25263,1546097,3095975,901312,56146283,55057,400870586,308007685,0
1789564974.6153984,33.2,5844241,370066,0,111,61,88,74405,590174,22050842,9107200,101052,61887340,53286016,64771556,0,3588864,0,4,1,0,10893034,2114467481,2128060243,32,32,25263,1546091,3095963,897216,56146283,55057,400870586,308007685,0
1789564974.8657396,33.45,5844541,370166,0,111,61,88,74405,590174,22050899,9107200,101052,61887340,53286016,64771556,0,3580784,0,4,1,0,10893041,2114717792,2128310589,32,32,25263,1546091,3095963,895196,56146286,55057,400870586,308007685,0
1789564975.1160936,33.701,5844841,370266,0,111,61,88,74405,590174,22050962,9107200,101052,61888568,53287244,64771556,0,3564288,0,4,1,0,10893041,2114968090,2128560887,32,32,25263,1546122,3096024,891072,56146286,55057,400870586,308007685,0
1789564975.3664298,33.951,5845141,370367,0,111,61,88,74406,590174,22051021,9107200,101052,61891928,53290604,64771556,0,3552000,0,4,1,0,10893044,2115218136,2128810939,32,32,25263,1546206,3096192,888000,56146287,55057,400870586,308007685,0
1789564975.6167536,34.201,5845442,370467,0,111,61,88,74406,590174,22051071,9107200,101052,61896600,53295264,64771556,0,3543808,0,4,1,0,10893044,2115468447,2129061250,32,32,25263,1546322,3096426,885952,56146287,55057,400870586,308007685,0
1789564975.8671062,34.452,5845742,370567,0,111,61,88,74406,590174,22051116,9107200,101052,61896348,53295012,64771556,0,3527424,0,4,1,0,10893044,2115718749,2129311552,32,32,25263,1546316,3096413,881856,56146288,55057,400870586,308007685,0
1789564976.1174495,34.702,5846042,370667,0,111,61,88,74406,590174,22051233,9107200,101052,61900420,53299084,64771556,0,3519232,0,4,1,0,10893052,2115968497,2129561385,32,32,25263,1546418,3096617,879808,56146291,55057,400870586,308007685,0
1789564976.3677983,34.952,5846342,370767,0,111,61,88,74406,590174,22051296,9107200,101052,61903600,53302264,64771556,0,3502848,0,4,1,0,10893060,2116218697,2129811704,32,32,25263,1546497,3096776,875712,56146291,55057,400870586,308007685,0
1789564976.618133,35.203,5846642,370867,0,111,61,88,74406,590174,22051347,9107200,101052,61903348,53302012,64771556,0,3490560,0,4,1,0,10893064,2116468575,2130061728,32,32,25263,1546491,3096763,872640,56146292,55057,400870586,308007685,0
1789564976.8684342,35.453,5846942,370967,0,111,61,88,74406,590174,22051396,9107200,101052,61903348,53302012,64771556,0,3482368,0,4,1,0,10893068,2116718749,2130312005,32,32,25263,1546491,3096763,870592,56146292,55057,400870586,308007685,0
1789564977.118746,35.703,5847242,371067,0,111,61,88,74406,590174,22051476,9107200,101052,61907172,53305836,64771556,0,3465984,0,4,1,0,10893077,2116968801,2130562335,32,32,25263,1546586,3096954,866496,56146293,55057,400870586,308007685,0
1789564977.3691258,35.954,5847543,371168,0,111,61,88,74406,590174,22051591,9107208,100804,61922036,53320672,64771556,0,3457792,0,4,1,0,10893098,2117218951,2130812658,32,32,25201,1546957,3097697,864448,56146295,55057,400870590,308007937,0
1789564977.6194625,36.204,5847843,371267,0,111,61,88,74406,590174,22051655,9107208,100804,61922036,53320672,64771556,0,3437304,0,4,1,0,10893108,2117468974,2131062944,32,32,25201,1546957,3097697,859326,56146297,55057,400870590,308007937,0
1789564977.8697827,36.454,5848143,371368,0,111,61,88,74406,590174,22051702,9107208,100804,61922036,53320672,64771556,0,3429112,0,4,1,0,10893111,2117719310,2131313286,32,32,25201,1546957,3097697,857278,56146297,55057,400870590,308007937,0
1789564978.120174,36.705,5848443,371468,0,111,61,88,74406,590175,22051770,9107208,100816,61925448,53324084,64771556,0,3420920,0,4,1,0,10893115,2117969166,2131563631,32,32,25204,1547042,3097868,855230,56146299,55057,400870590,308007989,0
1789564978.3705616,36.955,5848744,371568,0,111,61,88,74407,590175,22051823,9107208,100816,61927688,53326324,64771556,0,3404536,0,4,1,0,10893117,2118219287,2131813757,32,32,25204,1547098,3097980,851134,56146299,55057,400870590,308007989,0
1789564978.621002,37.206,5849044,371668,0,111,61,88,74407,590175,22051874,9107208,100816,61927436,53326072,64771556,0,3392224,0,4,1,0,10893117,2118469642,2132064112,32,32,25204,1547092,3097967,848056,56146300,55057,400870590,308007989,0
1789564978.871419,37.456,5849344,371768,0,111,61,88,74407,590175,22051926,9107208,100816,61927436,53326072,64771556,0,3384032,0,4,1,0,10893117,2118719777,2132314246,32,32,25204,1547092,3097967,846008,56146302,55057,400870590,308007989,0
1789564979.1218324,37.707,5849644,371868,0,111,61,88,74407,590175,22051989,9107208,100816,61936688,53335324,64771556,0,3367648,0,4,1,0,10893120,2118969884,2132564358,32,32,25204,1547323,3098430,841912,56146303,55057,400870590,308007989,0
1789564979.372212,37.957,5849945,371969,0,111,61,88,74407,590175,22052042,9107208,100816,61938656,53337292,64771556,0,3359456,0,4,1,0,10893121,2119220224,2132814700,32,32,25204,1547372,3098528,839864,56146303,55057,400870590,308007989,0
1789564979.6226175,38.207,5850245,372069,0,111,61,88,74407,590175,22052094,9107208,100816,61938420,53337056,64771556,0,3343072,0,4,1,0,10893121,2119470318,2133064795,32,32,25204,1547366,3098516,835768,56146304,55057,400870590,308007989,0
1789564979.8730278,38.458,5850545,372169,0,111,61,88,74407,590175,22052143,9107208,100816,61938420,53337056,64771556,0,3330784,0,4,1,0,10893121,2119720425,2133314902,32,32,25204,1547366,3098516,832696,56146305,55057,400870590,308007989,0
1789564980.1234083,38.708,5850845,372269,0,111,61,88,74407,590175,22052204,9107208,100816,61943868,53342504,64771556,0,3322592,0,4,1,0,10893121,2119970774,2133565250,32,32,25204,1547502,3098789,830648,56146306,55057,400870590,308007989,0
1789564980.373786,38.958,5851145,372369,0,111,61,88,74407,590175,22052259,9107208,100816,61945848,53344484,64771556,0,3306208,0,4,1,0,10893123,2120220875,2133815354,32,32,25204,1547552,3098888,826552,56146307,55057,400870590,308007989,0
1789564980.6241858,39.209,5851446,372470,0,111,61,88,74407,590175,22052307,9107208,100816,61945848,53344484,64771556,0,3298016,0,4,1,0,10893123,2120471215,2134065694,32,32,25204,1547552,3098888,824504,56146308,55057,400870590,308007989,0
1789564980.8745546,39.459,5851746,372570,0,111,61,88,74407,590175,22052348,9107208,100816,61945848,53344484,64771556,0,3285728,0,4,1,0,10893123,2120721558,2134316037,32,32,25204,1547552,3098888,821432,56146308,55057,400870590,308007989,0
1789564981.1250029,39.71,5852046,372670,0,111,61,88,74407,590175,22052437,9107208,100816,61950400,53349036,64771556,0,3269576,0,4,1,0,10893132,2120971966,2134566493,32,32,25204,1547665,3099115,817394,56146310,55057,400870598,308007989,0
1789564981.3754616,39.96,5852346,372770,0,111,61,88,74407,590175,22052543,9107208,100816,61960096,53358732,64771556,0,3261504,0,4,1,0,10893143,2121222066,2134816607,32,32,25204,1547907,3099600,815376,56146310,55057,400870598,308007989,0
1789564981.6258512,40.211,5852647,372870,0,111,61,88,74407,590175,22052603,9107208,100816,61960096,53358732,64771556,0,3244916,0,4,1,0,10893143,2121472133,2135066674,32,32,25204,1547907,3099600,811229,56146312,55057,400870598,308007989,0
1789564981.8762145,40.461,5852947,372971,0,111,61,88,74407,590175,22052660,9107208,100816,61960096,53358732,64771556,0,3232872,0,4,1,0,10893144,2121722272,2135316818,32,32,25204,1547907,3099600,808218,56146316,55057,400870598,308007989,0
1789564982.1266506,40.711,5853247,373071,0,111,61,88,74408,590175,22052713,9107208,100820,61961596,53360232,64771556,0,3224280,0,4,2,0,10893144,2121972619,2135567164,32,32,25205,1547945,3099675,806070,56146318,55057,400870598,308007989,0
1789564982.3770337,40.962,5853547,373171,0,111,61,88,74408,590175,22052774,9107208,100820,61969052,53367688,64771556,0,3207896,0,4,1,0,10893146,2122222949,2135817498,32,32,25205,1548131,3100047,801974,56146318,55057,400870598,308007989,0
1789564982.6274064,41.212,5853847,373271,0,111,61,88,74408,590175,22052838,9107216,100668,61971408,53370028,64771556,0,3199704,0,4,1,0,10893149,2122473261,2136067817,32,32,25167,1548190,3100165,799926,56146320,55057,400870598,308008141,0
1789564982.8777266,41.462,5854147,373371,0,111,61,88,74408,590175,22052887,9107216,100668,61971408,53370028,64771556,0,3183320,0,4,1,0,10893149,2122723319,2136317875,32,32,25167,1548190,3100165,795830,56146320,55057,400870598,308008141,0
1789564983.1280713,41.713,5854447,373471,0,111,61,88,74408,590175,22052956,9107216,99884,61979796,53378416,64771556,0,3171008,0,4,1,0,10893149,2122973614,2136568169,32,32,24971,1548399,3100585,792752,56146322,55057,400870598,308008897,0
1789564983.378397,41.963,5854747,373572,0,111,61,89,74408,590175,22053025,9107216,99936,61989008,53387628,64771556,0,3162816,0,4,1,0,10893151,2123223392,2136817957,32,32,24984,1548629,3101045,790704,56146322,55057,400870598,308008961,0
1789564983.6287036,42.213,5855048,373672,0,111,61,89,74408,590175,22053075,9107216,99936,61989008,53387628,64771556,0,3154624,0,4,1,0,10893151,2123473701,2137068265,32,32,24984,1548629,3101045,788656,56146323,55057,400870598,308008961,0
1789564983.8790598,42.464,5855348,373772,0,111,61,89,74408,590175,22053120,9107216,99936,61989008,53387628,64771556,0,3138240,0,4,1,0,10893151,2123723995,2137318560,32,32,24984,1548629,3101045,784560,56146324,55057,400870598,308008961,0
1789564984.1293702,42.714,5855648,373872,0,111,61,89,74408,590175,22053177,9107216,99936,62004268,53402888,64771556,0,3126060,0,4,1,0,10893151,2123974295,2137568859,32,32,24984,1549010,3101808,781515,56146325,55057,400870598,308008961,0
1789564984.3797088,42.964,5855948,373972,0,111,61,89,74408,590175,22053228,9107216,99936,62005620,53404240,64771556,0,3117852,0,4,1,0,10893152,2124224607,2137819182,32,32,24984,1549044,3101875,779463,56146326,55057,400870598,308008961,0
1789564984.630052,43.215,5856248,374072,0,111,61,89,74408,590175,22053275,9107216,99936,62005620,53404240,64771556,0,3101744,0,4,1,0,10893152,2124474895,2138069470,32,32,24984,1549044,3101875,775436,56146326,55057,400870598,308008961,0
1789564984.880365,43.465,5856549,374173,0,111,61,89,74408,590175,22053322,9107216,99936,62005620,53404240,64771556,0,3093480,0,4,1,0,10893152,2124725182,2138319757,32,32,24984,1549044,3101875,773370,56146328,55057,400870598,308008961,0
1789564985.130687,43.715,5856849,374273,0,111,61,89,74409,590176,22053395,9107216,99936,62020032,53418652,64771556,0,3077056,0,4,1,0,10893156,2124975504,2138570089,32,32,24984,1549404,3102596,769264,56146328,55057,400870598,308008961,0
1789564985.3810527,43.966,5857149,374373,0,111,61,89,74409,590176,22053494,9107216,99936,62030696,53429316,64771556,0,3064512,0,4,1,0,10893166,2125225774,2138820380,32,32,24984,1549670,3103129,766128,56146329,55057,400870598,308008961,0
1789564985.6313672,44.216,5857449,374473,0,111,61,89,74409,590176,22053545,9107216,99936,62030696,53429316,64771556,0,3056320,0,4,1,0,10893166,2125475824,2139070430,32,32,24984,1549670,3103129,764080,56146329,55057,400870598,308008961,0
1789564985.8817394,44.466,5857749,374573,0,111,61,89,74409,590176,22053593,9107216,99936,62030696,53429316,64771556,0,3039936,0,4,1,0,10893166,2125726172,2139320778,32,32,24984,1549670,3103129,759984,56146331,55057,400870598,308008961,0
1789564986.1321294,44.717,5858049,374673,0,111,61,89,74409,590176,22053710,9107216,99936,62044344,53442964,64771556,0,3031744,0,4,1,0,10893172,2125975229,2139569936,32,32,24984,1550010,3103811,757936,56146344,55057,400870598,308008961,0
1789564986.382566,44.967,5858349,374774,0,111,61,89,74409,590176,22053759,9107216,99936,62044344,53442964,64771556,0,3019456,0,4,1,0,10893175,2126225554,2139820266,32,32,24984,1550010,3103811,754864,56146346,55057,400870598,308008961,0
1789564986.632947,45.218,5858649,374874,0,111,61,89,74409,590176,22053809,9107216,99936,62044700,53443320,64771556,0,3003072,0,4,1,0,10893177,2126475885,2140070600,32,32,24984,1550019,3103829,750768,56146346,55057,400870598,308008961,0
1789564986.8832793,45.468,5858949,374974,0,111,61,89,74409,590176,22053859,9107216,99936,62044700,53443320,64771556,0,2994880,0,4,1,0,10893178,2126726169,2140320886,32,32,24984,1550019,3103829,748720,56146347,55057,400870598,308008961,0
1789564987.1335924,45.718,5859250,375074,0,111,61,89,74409,590176,22053923,9107216,99936,62046300,53444920,64771556,0,2978496,0,4,2,0,10893184,2126976399,2140571193,32,32,24984,1550059,3103909,744624,56146348,55057,400870598,308008961,0
1789564987.3839848,45.969,5859550,375174,0,111,61,89,74409,590176,22053974,9107216,99936,62049692,53448312,64771556,0,2966176,0,4,1,0,10893187,2127226738,2140821550,32,32,24984,1550144,3104078,741544,56146350,55057,400870598,308008961,0
1789564987.6343286,46.219,5859850,375274,0,111,61,89,74409,590176,22054032,9107216,99936,62049692,53448312,64771556,0,2957984,0,4,1,0,10893189,2127477022,2141071838,32,32,24984,1550144,3104078,739496,56146350,55057,400870598,308008961,0
1789564987.8846564,46.469,5860150,375374,0,111,61,89,74409,590176,22054079,9107208,99936,62049440,53448060,64771556,0,2941916,0,4,1,0,10893192,2127727295,2141322127,32,32,24984,1550138,3104066,735479,56146351,55057,400870598,308008961,0
1789564988.134996,46.72,5860450,375475,0,111,61,89,74410,590176,22054149,9107216,10564,62048172,53446708,64771556,0,3022780,0,4,1,0,10893196,2127975092,2141569931,32,32,2641,1550105,3104000,755695,56146351,55057,400870598,308098333,0
1789564988.3853302,46.97,5860750,375575,0,111,61,89,74410,590176,22054205,9107216,10240,62058668,53457176,64771556,0,3006720,0,4,1,0,10893198,2128225395,2141820237,32,32,2560,1550367,3104524,751680,56146352,55057,400870598,308098657,0
1789564988.6356978,47.22,5861050,375675,0,111,61,89,74410,590177,22054279,9107216,10212,62065764,53464272,64771556,0,2994644,0,4,1,0,10893201,2128475496,2142070344,32,32,2553,1550544,3104879,748661,56146353,55057,400870598,308099097,0
1789564988.8860781,47.471,5861350,375775,0,111,61,89,74410,590177,22054326,9107216,10092,62065764,53464272,64771556,0,2986572,0,4,1,0,10893203,2128725807,2142320657,32,32,2523,1550544,3104879,746643,56146355,55057,400870598,308099217,0
1789564989.1363869,47.721,5861650,375875,0,111,61,89,74410,590177,22054406,9107216,9896,62070612,53469120,64771556,0,2970384,0,4,1,0,10893208,2128976063,2142570936,32,32,2474,1550665,3105121,742596,56146355,55057,400870598,308099413,0
1789564989.3867047,47.971,5861950,375975,0,111,61,89,74410,590177,22054498,9107216,9732,62079680,53478188,64771556,0,2962356,0,4,1,0,10893217,2129226338,2142821249,32,32,2433,1550891,3105575,740589,56146356,55057,400870598,308099577,0
1789564989.6370404,48.222,5862250,376076,0,111,61,89,74410,590177,22054561,9107216,9504,62079680,53478188,64771556,0,2942104,0,4,1,0,10893219,2129476360,2143071275,32,32,2376,1550891,3105575,735526,56146356,55057,400870598,308099805,0
1789564989.8873363,48.472,5862551,376176,0,111,61,89,74410,590177,22054609,9107216,9464,62079680,53478188,64771556,0,2933952,0,4,1,0,10893222,2129726620,2143321552,32,32,2366,1550891,3105575,733488,56146357,55057,400870598,308099845,0
1789564990.1376543,48.722,5862851,376276,0,111,61,89,74410,590177,22054684,9107212,9120,62085900,53484408,64771556,0,2918052,0,4,1,0,10893231,2129976777,2143571843,32,32,2280,1551046,3105886,729513,56146359,55057,400870598,308100189,0
1789564990.3879852,48.973,5863151,376376,0,111,61,89,74410,590177,22054733,9107212,9060,62085900,53484408,64771556,0,2909992,0,4,1,0,10893236,2130226948,2143822130,32,32,2265,1551046,3105886,727498,56146360,55057,400870598,308100249,0
1789564990.6383069,49.223,5863451,376476,0,111,61,89,74410,590177,22054789,9107204,8684,62085620,53484128,64771556,0,2898028,0,4,1,0,10893242,2130477059,2144072404,32,32,2171,1551039,3105872,724507,56146360,55057,400870598,308100625,0
1789564990.8886006,49.473,5863751,376576,0,111,61,89,74410,590177,22054836,9107200,8552,62085620,53484128,64771556,0,2890040,0,4,1,0,10893248,2130727222,2144322678,32,32,2138,1551039,3105872,722510,56146361,55057,400870598,308100757,0
1789564991.1389318,49.724,5864052,376676,0,111,61,89,74411,590177,22054921,9107200,8484,62085620,53484128,64771556,0,2873652,0,4,1,0,10893259,2130977295,2144572982,32,32,2121,1551039,3105872,718413,56146361,55057,400870598,308100925,0
1789564991.38927,49.974,5864352,376776,0,111,61,89,74411,590177,22054970,9107200,8484,62087068,53485576,64771556,0,2865608,0,4,1,0,10893264,2131227503,2144823309,32,32,2121,1551076,3105944,716402,56146364,55057,400870598,308101025,0
1789564991.6395996,50.224,5864652,376876,0,111,61,89,74411,590177,22055033,9107200,8072,62091916,53490424,64771556,0,2849476,0,4,1,0,10893274,2131477583,2145073589,32,32,2018,1551197,3106186,712369,56146364,55057,400870598,308101245,0
1789564991.8899562,50.475,5864952,376977,0,111,61,89,74411,590177,22055166,9107216,6228,62091936,53490440,64771556,0,2837956,0,4,1,0,10893278,2131727509,2145323524,32,32,1557,1551197,3106187,709489,56146364,55057,400870598,308103081,0
1789564992.1404185,50.725,5865252,377077,0,111,61,89,74411,590177,22055289,9107120,4012,62092252,53490840,64771556,0,2825984,0,4,1,0,10893283,2131977713,2145573734,32,32,1003,1551205,3106203,706496,56146374,55057,400870598,308105861,0
1789564992.3907645,50.975,5865552,377177,0,111,61,89,74411,590177,22055369,9107120,4012,62093556,53492144,64771556,0,2815884,0,4,1,0,10893285,2132228049,2145824073,32,32,1003,1551237,3106268,703971,56146374,55057,400870598,308105861,0
1789564992.641146,51.226,5865853,377277,0,111,61,89,74411,590177,22055462,9107120,4012,62093540,53492128,64771556,0,2801408,0,4,1,0,10893286,2132478105,2146074132,32,32,1003,1551237,3106267,700352,56146376,55057,400870598,308105861,0
1789564992.891469,51.476,5866153,377377,0,111,61,89,74411,590177,22055537,9107120,4012,62093796,53492384,64771556,0,2791568,0,4,1,0,10893288,2132728396,2146324425,32,32,1003,1551243,3106280,697892,56146377,55057,400870598,308105861,0
1789564993.1417844,51.726,5866453,377477,0,111,61,89,74411,590177,22055656,9107120,4012,62095024,53493612,64771556,0,2777032,0,4,1,0,10893294,2132978437,2146574480,32,32,1003,1551274,3106342,694258,56146378,55057,400870598,308105861,0
1789564993.392127,51.977,5866753,377577,0,111,61,89,74411,590177,22055785,9107120,4012,62119964,53518552,64771556,0,2767244,0,4,1,0,10893304,2133228699,2146824783,32,32,1003,1551897,3107588,691811,56146378,55057,400870598,308105861,0
1789564993.642464,52.227,5867053,377677,0,111,61,89,74411,590177,22055899,9106712,4012,62119788,53518780,64771556,0,2752592,0,4,1,0,10893307,2133478726,2147074813,32,32,1003,1551892,3107579,688148,56146379,55057,400870598,308105861,0
1789564993.892828,52.478,5867353,377778,0,111,61,89,74411,590177,22056000,9106712,4072,62119480,53518408,64771556,0,2740532,0,4,1,0,10893309,2133728554,2147324645,32,32,1018,1551885,3107564,685031,56146380,55057,400870598,308106041,0
1789564994.1431565,52.728,5867653,377878,0,111,61,89,74411,590177,22056087,9106712,4072,62119736,53518664,64771556,0,2728312,0,4,1,0,10893312,2133978842,2147574937,32,32,1018,1551891,3107577,682078,56146382,55057,400870598,308106041,0
1789564994.3934846,52.978,5867953,377978,0,111,61,89,74412,590177,22056190,9106712,4072,62120788,53519716,64771556,0,2718092,0,4,1,0,10893319,2134229178,2147825291,32,32,1018,1551917,3107629,679523,56146382,55057,400870598,308106041,0
1789564994.6439352,53.229,5868254,378078,0,111,61,89,74412,590177,22056283,9106712,4072,62120840,53519768,64771556,0,2703556,0,4,1,0,10893322,2134479504,2148075639,32,32,1018,1551919,3107632,675889,56146383,55057,400870598,308106041,0
1789564994.8942683,53.479,5868554,378178,0,111,61,89,74412,590177,22056365,9106712,4072,62120840,53519768,64771556,0,2693972,0,4,1,0,10893323,2134729794,2148325932,32,32,1018,1551919,3107632,673493,56146384,55057,400870598,308106041,0
1789564995.144604,53.729,5868854,378278,0,111,61,89,74412,590177,22056486,9106616,4068,62125036,53524060,64771556,0,2679384,0,4,1,0,10893327,2134979838,2148575982,32,32,1017,1552023,3107842,669846,56146386,55057,400870598,308106041,0
1789564995.394948,53.98,5869154,378378,0,111,61,89,74412,590177,22056585,9106152,4672,62124804,53524076,64771556,0,2669624,0,4,1,0,10893334,2135230037,2148826188,32,32,1168,1552018,3107830,667406,56146396,55057,400870598,308106041,0
1789564995.6453028,54.23,5869454,378479,0,111,61,89,74412,590177,22056692,9106152,4672,62124532,53523804,64771556,0,2654640,0,4,1,0,10893336,2135480067,2149076221,32,32,1168,1552011,3107817,663660,56146398,55057,400870598,308106041,0
1789564995.8956113,54.48,5869755,378579,0,111,61,89,74412,590178,22056785,9106152,4672,62124532,53523804,64771556,0,2645056,0,4,1,0,10893338,2135730341,2149326498,32,32,1168,1552011,3107817,661264,56146398,55057,400870598,308106041,0
1789564996.1459725,54.731,5870054,378679,0,111,61,89,74412,590178,22056953,9106152,4676,62133816,53533088,64771556,0,2630696,0,4,1,0,10893346,2135980069,2149576398,32,32,1169,1552242,3108281,657674,56146405,55057,400870598,308106041,0
1789564996.396389,54.981,5870353,378779,0,111,61,89,74412,590179,22057068,9106152,4676,62131408,53530668,64771556,0,2620468,0,4,1,0,10893350,2136225965,2149822300,32,32,1169,1552182,3108160,655117,56147107,55057,400870598,308106041,0
1789564996.6467779,55.231,5870648,378878,0,111,62,89,74415,590182,22058007,9106308,8936,62129840,53528940,64771556,0,2606120,0,4,1,0,10893459,2136463291,2150061371,32,32,2234,1552143,3108082,651530,56153392,55057,400870598,308106041,0
1789564996.8972194,55.482,5870948,378978,0,111,62,89,74415,590182,22058106,9106308,8936,62129840,53528940,64771556,0,2596260,0,4,1,0,10893462,2136713630,2150311715,32,32,2234,1552143,3108082,649065,56153393,55057,400870598,308106041,0
1789564997.1475952,55.732,5871247,379079,0,111,62,89,74415,590182,22058261,9106308,9020,62138816,53537916,64771556,0,2581532,0,4,1,0,10893481,2136963599,2150561817,32,32,2255,1552367,3108531,645383,56153394,55057,400870598,308106041,0
1789564997.398004,55.983,5871547,379179,0,111,62,89,74415,590182,22058426,9106308,8752,62148740,53547836,64771556,0,2567060,0,4,1,0,10893494,2137213627,2150811898,32,32,2188,1552615,3109027,641765,56153394,55057,400870598,308106309,0
1789564997.6483648,56.233,5871848,379279,0,111,62,89,74415,590182,22058519,9105928,8748,62149000,53548352,64771556,0,2557460,0,4,1,0,10893497,2137463917,2151062192,32,32,2187,1552622,3109040,639365,56153395,55057,400870598,308106309,0
1789564997.898712,56.483,5872148,379379,0,111,62,89,74415,590182,22058622,9106076,9336,62149056,53548260,64771556,0,2547540,0,4,1,0,10893501,2137713872,2151312150,32,32,2334,1552623,3109042,636885,56153406,55057,400870598,308106309,0
1789564998.149074,56.734,5872448,379479,0,111,62,89,74415,590182,22058758,9106076,9336,62150584,53549788,64771556,0,2533244,0,4,1,0,10893506,2137964178,2151562465,32,32,2334,1552661,3109119,633311,56153407,55057,400870598,308106309,0
1789564998.3994226,56.984,5872748,379579,0,111,62,89,74416,590182,22058880,9106076,9336,62150332,53549536,64771556,0,2518864,0,4,1,0,10893508,2138214246,2151812536,32,32,2334,1552655,3109106,629716,56153408,55057,400870598,308106309,0
1789564998.6497753,57.234,5873048,379679,0,111,62,89,74416,590182,22058979,9106076,9336,62151156,53550360,64771556,0,2508572,0,4,1,0,10893510,2138464564,2152062856,32,32,2334,1552675,3109147,627143,56153409,55057,400870598,308106309,0
1789564998.9001195,57.485,5873348,379780,0,111,62,89,74416,590182,22059100,9105696,9388,62155244,53554696,64771556,0,2494172,0,4,1,0,10893513,2138714089,2152312384,32,32,2347,1552777,3109352,623543,56153409,55057,400870598,308106565,0
1789564999.1504636,57.735,5873649,379880,0,111,62,89,74416,590182,22059215,9105696,9388,62156200,53555652,64771556,0,2484160,0,4,1,0,10893516,2138964406,2152562706,32,32,2347,1552801,3109400,621040,56153410,55057,400870598,308106565,0
1789564999.4007974,57.985,5873949,379980,0,111,62,89,74416,590183,22059326,9105696,9388,62159340,53558792,64771556,0,2472896,0,4,1,0,10893520,2139214462,2152812770,32,32,2347,1552880,3109557,618224,56153411,55057,400870598,308106565,0
1789564999.6511354,58.236,5874249,380080,0,111,62,89,74416,590183,22059370,9105696,9388,62159340,53558792,64771556,0,2464704,0,4,1,0,10893521,2139464754,2153063064,32,32,2347,1552880,3109557,616176,56153412,55057,400870598,308106565,0
1789564999.901462,58.486,5874549,380180,0,111,62,89,74416,590183,22059435,9105696,9388,62159088,53558540,64771556,0,2456512,0,4,1,0,10893523,2139715076,2153313388,32,32,2347,1552873,3109544,614128,56153414,55057,400870598,308106565,0
1789565000.1518245,58.737,5874849,380280,0,111,62,89,74416,590183,22059506,9105696,9388,62159084,53558536,64771556,0,2440128,0,4,1,0,10893526,2139965134,2153563450,32,32,2347,1552873,3109544,610032,56153414,55057,400870598,308106565,0
1789565000.402167,58.987,5875149,380381,0,111,62,89,74416,590183,22059555,9105696,9388,62158832,53558284,64771556,0,2431936,0,4,1,0,10893527,2140215425,2153813744,32,32,2347,1552867,3109531,607984,56153415,55057,400870598,308106565,0
1789565000.6524959,59.237,5875450,380481,0,111,62,89,74416,590183,22059606,9105696,9388,62158832,53558284,64771556,0,2419648,0,4,1,0,10893529,2140465463,2154063784,32,32,2347,1552867,3109531,604912,56153415,55057,400870598,308106565,0
1789565000.90282,59.488,5875750,380581,0,111,62,89,74416,590183,22059667,9105696,9388,62158832,53558284,64771556,0,2403264,0,4,1,0,10893533,2140715734,2154314076,32,32,2347,1552867,3109531,600816,56153416,55057,400870598,308106565,0
1789565001.1531522,59.738,5876050,380681,0,111,62,89,74416,590183,22059736,9105696,9388,62161840,53561292,64771556,0,2395072,0,4,1,0,10893541,2140966009,2154564375,32,32,2347,1552942,3109682,598768,56153417,55057,400870598,308106565,0
1789565001.4035006,59.988,5876350,380781,0,111,62,89,74416,590183,22059831,9105696,9388,62177108,53576560,64771556,0,2378688,0,4,1,0,10893551,2141216281,2154814688,32,32,2347,1553323,3110445,594672,56153418,55057,400870598,308106565,0
1789565001.6538522,60.239,5876650,380881,0,111,62,89,74416,590183,22059882,9105696,9388,62177108,53576560,64771556,0,2366400,0,4,1,0,10893553,2141466580,2155064993,32,32,2347,1553323,3110445,591600,56153419,55057,400870598,308106565,0
1789565001.9041927,60.489,5876950,380981,0,111,62,89,74417,590183,22059947,9105696,9388,62177108,53576560,64771556,0,2358208,0,4,1,0,10893558,2141716621,2155315369,32,32,2347,1553323,3110445,589552,56153423,55057,400870598,308106565,0
1789565002.1546037,60.739,5877251,381082,0,111,62,89,74417,590183,22060014,9105696,9388,62180556,53580008,64771556,0,2341936,0,4,1,0,10893563,2141966949,2155565716,32,32,2347,1553409,3110617,585484,56153423,55057,400870598,308106565,0
1789565002.4050221,60.99,5877551,381182,0,111,62,89,74417,590183,22060059,9105696,9388,62180304,53579756,64771556,0,2333644,0,4,1,0,10893565,2142217292,2155816062,32,32,2347,1553403,3110604,583411,56153425,55057,400870598,308106565,0
1789565002.65537,61.24,5877851,381282,0,111,62,89,74417,590183,22060107,9105696,9388,62180304,53579756,64771556,0,2313492,0,4,1,0,10893566,2142467587,2156066360,32,32,2347,1553403,3110604,578373,56153425,55057,400870598,308106565,0
1789565002.905712,61.49,5878151,381382,0,111,62,89,74417,590183,22060162,9105696,9388,62180304,53579756,64771556,0,2305340,0,4,1,0,10893570,2142717908,2156316700,32,32,2347,1553403,3110604,576335,56153427,55057,400870598,308106621,0
1789565003.1560674,61.741,5878451,381482,0,111,62,89,74417,590183,22060238,9105696,9304,62183292,53582744,64771556,0,2296824,0,4,1,0,10893575,2142968155,2156566999,32,32,2326,1553478,3110754,574206,56153427,55057,400870598,308106621,0
1789565003.4063997,61.991,5878751,381583,0,111,62,89,74417,590183,22060296,9105688,9304,62183292,53582744,64771556,0,2280440,0,4,1,0,10893578,2143217983,2156816832,32,32,2326,1553478,3110754,570110,56153428,55057,400870598,308106673,0
1789565003.6567593,62.241,5879052,381683,0,111,62,89,74417,590183,22060342,9105688,9304,62183328,53582780,64771556,0,2272248,0,4,1,0,10893579,2143468292,2157067143,32,32,2326,1553478,3110756,568062,56153428,55057,400870598,308106673,0
1789565003.907098,62.492,5879352,381783,0,111,62,89,74417,590183,22060409,9105688,9316,62186916,53586368,64771556,0,2251768,0,4,1,0,10893582,2143718332,2157317188,32,32,2329,1553568,3110935,562942,56153429,55057,400870598,308106809,0
1789565004.1574433,62.742,5879652,381883,0,111,62,89,74417,590183,22060465,9105688,9316,62188192,53587644,64771556,0,2243692,0,4,1,0,10893586,2143968631,2157567498,32,32,2329,1553600,3110999,560923,56153431,55057,400870598,308106809,0
1789565004.4077766,62.992,5879952,381983,0,111,62,89,74417,590183,22060518,9105688,9316,62188192,53587644,64771556,0,2227288,0,4,1,0,10893589,2144218960,2157817832,32,32,2329,1553600,3110999,556822,56153431,55057,400870598,308106809,0
1789565004.6581535,63.243,5880252,382083,0,111,62,89,74417,590183,22060564,9105688,9316,62187940,53587392,64771556,0,2219060,0,4,1,0,10893591,2144469254,2158068129,32,32,2329,1553594,3110986,554765,56153432,55057,400870598,308106809,0
1789565004.9084744,63.493,5880552,382184,0,111,62,89,74417,590183,22060625,9105696,9360,62187580,53587032,64771556,0,2206712,0,4,1,0,10893596,2144719303,2158318184,32,32,2340,1553585,3110968,551678,56153432,55057,400870598,308106809,0
1789565005.1588185,63.744,5880853,382284,0,111,62,89,74417,590183,22060690,9105696,9360,62187824,53587276,64771556,0,2198520,0,4,1,0,10893600,2144969599,2158568495,32,32,2340,1553591,3110980,549630,56153433,55057,400870598,308106809,0
1789565005.4091628,63.994,5881153,382384,0,111,62,89,74417,590183,22060788,9105696,9360,62202328,53601780,64771556,0,2182080,0,4,1,0,10893613,2145219876,2158818815,32,32,2340,1553953,3111705,545520,56153435,55057,400870598,308106809,0
1789565005.659519,64.244,5881453,382484,0,111,62,89,74417,590183,22060834,9105696,9360,62202328,53601780,64771556,0,2173888,0,4,1,0,10893615,2145470168,2159069110,32,32,2340,1553953,3111705,543472,56153436,55057,400870598,308106809,0
1789565005.909828,64.495,5881753,382584,0,111,62,89,74418,590183,22060884,9105696,9360,62202328,53601780,64771556,0,2157504,0,4,1,0,10893617,2145720439,2159319386,32,32,2340,1553953,3111705,539376,56153436,55057,400870598,308106809,0
1789565006.1601596,64.745,5882053,382684,0,111,62,89,74418,590184,22061007,9105696,9360,62202564,53602016,64771556,0,2145544,0,4,1,0,10893625,2145970227,2159569257,32,32,2340,1553959,3111717,536386,56153444,55057,400870598,308106809,0
1789565006.4105766,64.995,5882353,382784,0,111,62,89,74418,590184,22061053,9105696,9360,62203396,53602848,64771556,0,2137076,0,4,1,0,10893631,2146220525,2159819581,32,32,2340,1553979,3111759,534269,56153444,55057,400870598,308106809,0
1789565006.6609616,65.246,5882653,382885,0,111,62,89,74418,590184,22061108,9105696,9360,62203144,53602596,64771556,0,2120740,0,4,1,0,10893634,2146470809,2160069904,32,32,2340,1553973,3111746,530185,56153446,55057,400870598,308106809,0
1789565006.911299,65.496,5882954,382985,0,111,62,89,74418,590184,22061172,9105696,9360,62203144,53602596,64771556,0,2104600,0,4,1,0,10893638,2146720866,2160319966,32,32,2340,1553973,3111746,526150,56153447,55057,400870598,308106809,0
1789565007.1616342,65.746,5883254,383085,0,111,62,89,74418,590184,22061249,9105696,9360,62207484,53606936,64771556,0,2100160,0,4,1,0,10893674,2146971086,2160570276,32,32,2340,1554081,3111963,525040,56153448,55057,400870598,308106809,0
1789565007.411991,65.997,5883554,383185,0,111,62,89,74418,590184,22061302,9105696,9360,62207484,53606936,64771556,0,2083776,0,4,1,0,10893680,2147221370,2160820588,32,32,2340,1554081,3111963,520944,56153448,55057,400870598,308106809,0
1789565007.662335,66.247,5883854,383285,0,111,62,89,74418,590184,22061350,9105696,9360,62207232,53606684,64771556,0,2075584,0,4,1,0,10893682,2147471663,2161070884,32,32,2340,1554075,3111951,518896,56153450,55057,400870598,308106809,0
1789565007.9126678,66.497,5884154,383385,0,111,62,89,74418,590184,22061403,9105696,9360,62207232,53606684,64771556,0,2059200,0,4,1,0,10893687,2147721984,2161321232,32,32,2340,1554075,3111951,514800,56153450,55057,400870598,308106809,0
1789565008.1630619,66.748,5884455,383485,0,111,62,89,74418,590184,22061472,9105696,9348,62213516,53612960,64771556,0,2046912,0,4,1,0,10893693,2147972269,2161571561,32,32,2337,1554232,3112265,511728,56153454,55057,400870598,308106825,0
1789565008.4134097,66.998,5884755,383586,0,111,62,89,74418,590184,22061523,9105696,9348,62213528,53612972,64771556,0,2038720,0,4,1,0,10893697,2148222571,2161821869,32,32,2337,1554232,3112265,509680,56153454,55057,400870598,308106825,0
1789565008.6637595,67.248,5885055,383686,0,111,62,89,74418,590184,22061568,9105696,9348,62213528,53612972,64771556,0,2022336,0,4,1,0,10893700,2148472896,2162072198,32,32,2337,1554232,3112265,505584,56153455,55057,400870598,308106825,0
1789565008.9141095,67.499,5885355,383786,0,111,62,89,74419,590184,22061623,9105696,9348,62213528,53612972,64771556,0,2005952,0,4,1,0,10893702,2148722946,2162322253,32,32,2337,1554232,3112265,501488,56153457,55057,400870598,308106825,0
1789565009.164442,67.749,5885655,383886,0,111,62,89,74419,590184,22061698,9105696,9356,62216296,53615740,64771556,0,1997840,0,4,1,0,10893707,2148973254,2162572571,32,32,2339,1554301,3112404,499460,56153457,55057,400870598,308106893,0
1789565009.414827,68.0,5885956,383986,0,111,62,89,74419,590184,22061796,9105696,9356,62225200,53624644,64771556,0,1985636,0,4,1,0,10893719,2149223559,2162822907,32,32,2339,1554524,3112849,496409,56153459,55057,400870598,308106893,0
1789565009.6651661,68.25,5886256,384086,0,111,62,89,74419,590184,22061840,9105696,9356,62225200,53624644,64771556,0,1977492,0,4,1,0,10893721,2149473860,2163073212,32,32,2339,1554524,3112849,494373,56153459,55057,400870598,308106893,0
1789565009.9154975,68.5,5886556,384186,0,111,62,89,74419,590184,22061892,9105696,9356,62225200,53624644,64771556,0,1961024,0,4,1,0,10893724,2149724147,2163323504,32,32,2339,1554524,3112849,490256,56153460,55057,400870598,308106893,0
1789565010.165822,68.751,5886856,384287,0,111,62,89,74419,590184,22061947,9105696,9356,62227792,53627236,64771556,0,1952704,0,4,1,0,10893731,2149974413,2163573796,32,32,2339,1554588,3112978,488176,56153460,55057,400870598,308106893,0
1789565010.4161596,69.001,5887156,384387,0,111,62,89,74419,590184,22061995,9105696,9356,62227540,53626984,64771556,0,1940608,0,4,1,0,10893734,2150224705,2163824092,32,32,2339,1554582,3112966,485152,56153462,55057,400870598,308106893,0
1789565010.6664739,69.251,5887457,384487,0,111,62,89,74419,590184,22062038,9105696,9356,62227540,53626984,64771556,0,1924072,0,4,1,0,10893737,2150474984,2164074386,32,32,2339,1554582,3112966,481018,56153462,55057,400870598,308106893,0
1789565010.916797,69.501,5887757,384587,0,111,62,89,74419,590184,22062090,9105696,9356,62227540,53626984,64771556,0,1916184,0,4,1,0,10893740,2150725276,2164324682,32,32,2339,1554582,3112966,479046,56153464,55057,400870598,308106893,0
1789565011.1671274,69.752,5888057,384687,0,111,62,89,74419,590184,22062183,9105696,9356,62228032,53627476,64771556,0,1899456,0,4,1,0,10893745,2150975316,2164574732,32,32,2339,1554594,3112990,474864,56153464,55057,400870598,308106893,0
1789565011.417467,70.002,5888357,384787,0,111,62,89,74419,590184,22062237,9105696,9356,62227780,53627224,64771556,0,1887168,0,4,1,0,10893747,2151225618,2164825038,32,32,2339,1554588,3112978,471792,56153465,55057,400870598,308106893,0
1789565011.6678243,70.253,5888657,384888,0,111,62,89,74419,590184,22062278,9105696,9356,62227780,53627224,64771556,0,1878976,0,4,1,0,10893750,2151475919,2165075344,32,32,2339,1554588,3112978,469744,56153466,55057,400870598,308106893,0
1789565011.9181585,70.503,5888957,384988,0,111,62,89,74419,590184,22062353,9105696,9356,62228868,53628312,64771556,0,1862692,0,4,1,0,10893755,2151726220,2165325724,32,32,2339,1554615,3113032,465673,56153472,55057,400870598,308106893,0
1789565012.1685953,70.753,5889258,385088,0,111,62,89,74419,590185,22062420,9105696,9360,62229108,53628552,64771556,0,1854400,0,4,1,0,10893761,2151976545,2165576072,32,32,2340,1554621,3113044,463600,56153473,55057,400870598,308106893,0
1789565012.4189963,71.004,5889558,385188,0,111,62,89,74419,590185,22062466,9105696,9360,62229112,53628556,64771556,0,1846208,0,4,1,0,10893765,2152226869,2165826403,32,32,2340,1554621,3113044,461552,56153474,55057,400870598,308106893,0
1789565012.6693492,71.254,5889858,385288,0,111,62,89,74419,590185,22062567,9105696,9360,62228608,53628052,64771556,0,1825728,0,4,1,0,10893772,2152476906,2166076506,32,32,2340,1554609,3113019,456432,56153485,55057,400870598,308106893,0
1789565012.9197567,71.504,5890158,385388,0,111,62,89,74420,590185,22062621,9105696,9360,62228608,53628052,64771556,0,1817536,0,4,1,0,10893777,2152727184,2166326874,32,32,2340,1554609,3113019,454384,56153486,55057,400870598,308106893,0
1789565013.1701422,71.755,5890458,385488,0,111,62,89,74420,590185,22062705,9105696,9368,62229248,53628692,64771556,0,1801472,0,4,1,0,10893784,2152977480,2166577188,32,32,2342,1554625,3113051,450368,56153487,55057,400870598,308106893,0
1789565013.4204721,72.005,5890759,385589,0,111,62,89,74420,590185,22062805,9105696,9368,62237984,53637428,64771556,0,1793316,0,4,1,0,10893795,2153227724,2166827520,32,32,2342,1554843,3113488,448329,56153488,55057,400870598,308106893,0
1789565013.6708405,72.256,5891059,385689,0,111,62,89,74420,590185,22062863,9105696,9368,62237732,53637176,64771556,0,1780876,0,4,1,0,10893797,2153478022,2167077822,32,32,2342,1554837,3113475,445219,56153489,55057,400870598,308106893,0
1789565013.9211676,72.506,5891359,385789,0,111,62,89,74420,590185,22062916,9105696,9368,62237732,53637176,64771556,0,1764428,0,4,1,0,10893800,2153728327,2167328130,32,32,2342,1554837,3113475,441107,56153490,55057,400870598,308106893,0
1789565014.1715102,72.756,5891659,385889,0,111,62,89,74420,590185,22062979,9105696,9368,62237972,53637416,64771556,0,1756096,0,4,1,0,10893805,2153978630,2167578441,32,32,2342,1554843,3113487,439024,56153490,55057,400870598,308107229,0
1789565014.4219139,73.007,5891959,385989,0,111,62,89,74420,590185,22063043,9105696,9408,62237440,53636884,64771556,0,1739820,0,4,1,0,10893808,2154228786,2167828602,32,32,2352,1554829,3113461,434955,56153491,55057,400870598,308107281,0
1789565014.6723123,73.257,5892260,386089,0,111,62,89,74420,590185,22063090,9105696,9408,62237440,53636884,64771556,0,1727796,0,4,1,0,10893810,2154478873,2168078692,32,32,2352,1554829,3113461,431949,56153492,55057,400870598,308107281,0
1789565014.9226909,73.507,5892560,386190,0,111,62,89,74420,590185,22063135,9105696,9408,62237440,53636884,64771556,0,1719320,0,4,1,0,10893814,2154729270,2168329095,32,32,2352,1554829,3113461,429830,56153493,55057,400870598,308107281,0
1789565015.1731253,73.758,5892860,386290,0,111,62,89,74420,590185,22063206,9105696,9036,62239032,53638476,64771556,0,1702848,0,4,1,0,10893818,2154979363,2168579196,32,32,2259,1554869,3113540,425712,56153494,55057,400870598,308107281,0
1789565015.4235103,74.008,5893160,386390,0,111,62,89,74420,590185,22063258,9105696,9036,62239032,53638476,64771556,0,1694656,0,4,1,0,10893821,2155229733,2168829571,32,32,2259,1554869,3113540,423664,56153494,55057,400870598,308107281,0
1789565015.6739724,74.259,5893461,386490,0,111,62,89,74420,590185,22063314,9105696,9036,62238780,53638224,64771556,0,1686464,0,4,1,0,10893824,2155479898,2169079741,32,32,2259,1554863,3113528,421616,56153496,55057,400870598,308107281,0
1789565015.9243793,74.509,5893761,386590,0,111,62,89,74420,590185,22063365,9105696,9036,62238780,53638224,64771556,0,1665984,0,4,1,0,10893827,2155729999,2169329847,32,32,2259,1554863,3113528,416496,56153496,55057,400870598,308107281,0
1789565016.1747968,74.759,5894061,386691,0,111,62,89,74421,590186,22063463,9105696,9036,62242028,53641472,64771556,0,1658060,0,4,1,0,10893834,2155979163,2169579295,32,32,2259,1554944,3113690,414515,56153510,55057,400870598,308107281,0
1789565016.4252996,75.01,5894361,386791,0,111,62,89,74421,590186,22063516,9105696,9036,62241776,53641220,64771556,0,1641636,0,4,1,0,10893838,2156229501,2169829640,32,32,2259,1554938,3113677,410409,56153511,55057,400870598,308107281,0
1789565016.675654,75.26,5894661,386891,0,111,62,89,74421,590186,22063562,9105696,9036,62241776,53641220,64771556,0,1633272,0,4,1,0,10893841,2156479784,2170079929,32,32,2259,1554938,3113677,408318,56153512,55057,400870598,308107281,0
1789565016.926,75.511,5894961,386991,0,111,62,89,74421,590186,22063614,9105696,9036,62241776,53641220,64771556,0,1621308,0,4,1,0,10893844,2156730075,2170330224,32,32,2259,1554938,3113677,405327,56153513,55057,400870598,308107281,0
1789565017.1763234,75.761,5895260,387092,0,111,62,89,74421,590186,22063800,9105672,5308,62245960,53645404,64771556,0,1613400,0,4,1,0,10893871,2156977428,2170577892,32,32,1327,1555042,3113886,403350,56153521,55057,400870598,308111073,0
1789565017.4266918,76.011,5895561,387192,0,111,62,89,74421,590186,22063905,9105696,5296,62249212,53648656,64771556,0,1596352,0,4,1,0,10893883,2157227712,2170828210,32,32,1324,1555123,3114049,399088,56153521,55057,400870598,308111073,0
1789565017.677044,76.262,5895861,387292,0,111,62,89,74421,590186,22063948,9105696,5296,62248960,53648404,64771556,0,1588160,0,4,1,0,10893885,2157478012,2171078512,32,32,1324,1555117,3114036,397040,56153523,55057,400870598,308111073,0
1789565017.9273646,76.512,5896161,387392,0,111,62,89,74422,590186,22063999,9105696,5296,62248960,53648404,64771556,0,1571776,0,4,1,0,10893888,2157728285,2171328805,32,32,1324,1555117,3114036,392944,56153523,55057,400870598,308111073,0
1789565018.177688,76.762,5896461,387493,0,111,62,89,74422,590186,22064061,9105696,5296,62248964,53648408,64771556,0,1559488,0,4,1,0,10893891,2157978592,2171579116,32,32,1324,1555117,3114037,389872,56153524,55057,400870598,308111073,0
1789565018.4280355,77.013,5896761,387593,0,111,62,89,74422,590186,22064112,9105696,5296,62248712,53648156,64771556,0,1551296,0,4,1,0,10893894,2158228878,2171829406,32,32,1324,1555111,3114024,387824,56153525,55057,400870598,308111073,0
1789565018.678349,77.263,5897062,387693,0,111,62,89,74422,590186,22064162,9105696,5296,62249292,53648736,64771556,0,1534912,0,4,1,0,10893896,2158479187,2172079719,32,32,1324,1555125,3114053,383728,56153526,55057,400870598,308111073,0
1789565018.9286876,77.513,5897362,387793,0,111,62,89,74422,590186,22064215,9105696,5296,62249612,53649056,64771556,0,1518528,0,4,1,0,10893899,2158729496,2172330032,32,32,1324,1555133,3114069,379632,56153527,55057,400870598,308111073,0
1789565019.179042,77.764,5897662,387893,0,111,62,89,74422,590186,22064285,9105696,5296,62249844,53649288,64771556,0,1514432,0,4,1,0,10893907,2158979796,2172580347,32,32,1324,1555139,3114081,378608,56153528,55057,400870598,308111073,0
1789565019.429376,78.014,5897962,387993,0,111,62,89,74422,590186,22064341,9105696,5296,62249592,53649036,64771556,0,1498084,0,4,1,0,10893910,2159229827,2172830381,32,32,1324,1555133,3114068,374521,56153529,55057,400870598,308111073,0
1789565019.6796906,78.264,5898262,388094,0,111,62,89,74422,590186,22064389,9105696,5296,62249592,53649036,64771556,0,1490128,0,4,1,0,10893912,2159480126,2173080683,32,32,1324,1555133,3114068,372532,56153529,55057,400870598,308111073,0
1789565019.9300086,78.515,5898562,388194,0,111,62,89,74422,590186,22064458,9105696,5316,62250220,53649664,64771556,0,1473576,0,4,1,0,10893914,2159730138,2173330698,32,32,1329,1555148,3114099,368394,56153530,55057,400870598,308111133,0
1789565020.1803005,78.765,5898862,388294,0,111,62,89,74422,590186,22064521,9105696,5316,62250464,53649908,64771556,0,1461184,0,4,1,0,10893917,2159980404,2173580968,32,32,1329,1555154,3114112,365296,56153530,55057,400870598,308111133,0
1789565020.430602,79.015,5899163,388394,0,111,62,89,74422,590186,22064579,9105696,5316,62250212,53649656,64771556,0,1444800,0,4,1,0,10893920,2160230426,2173830994,32,32,1329,1555148,3114099,361200,56153531,55057,400870598,308111133,0
1789565020.6809456,79.266,5899463,388494,0,111,62,89,74422,590186,22064621,9105696,5316,62250212,53649656,64771556,0,1436608,0,4,1,0,10893924,2160480747,2174081320,32,32,1329,1555148,3114099,359152,56153533,55057,400870598,308111133,0
1789565020.9312592,79.516,5899763,388595,0,111,62,89,74422,590186,22064669,9105696,5316,62250212,53649656,64771556,0,1428416,0,4,1,0,10893928,2160731015,2174331593,32,32,1329,1555148,3114099,357104,56153535,55057,400870598,308111133,0
1789565021.1815724,79.766,5900063,388695,0,111,62,89,74422,590186,22064748,9105696,5316,62250828,53650272,64771556,0,1412184,0,4,1,0,10893935,2160981308,2174581904,32,32,1329,1555163,3114130,353046,56153535,55057,400870598,308111133,0
1789565021.4319592,80.017,5900363,388795,0,111,62,89,74422,590186,22064852,9105696,5316,62255920,53655364,64771556,0,1400016,0,4,1,0,10893946,2161231610,2174832229,32,32,1329,1555291,3114384,350004,56153536,55057,400870598,308111133,0
1789565021.6822858,80.267,5900664,388895,0,111,62,89,74422,590186,22064893,9105696,5316,62255920,53655364,64771556,0,1392016,0,4,1,0,10893949,2161481908,2175082531,32,32,1329,1555291,3114384,348004,56153536,55057,400870598,308111133,0
1789565021.932647,80.517,5900964,388995,0,111,62,89,74422,590187,22064978,9105696,5316,62255920,53655364,64771556,0,1375600,0,4,1,0,10893957,2161731390,2175332708,32,32,1329,1555291,3114384,343900,56153542,55057,400870598,308111133,0
1789565022.1831462,80.768,5901264,389095,0,111,62,89,74422,590187,22065037,9105696,5316,62256156,53655600,64771556,0,1366976,0,4,1,0,10893962,2161981752,2175583079,32,32,1329,1555296,3114396,341744,56153543,55057,400870598,308111133,0
1789565022.433528,81.018,5901564,389195,0,111,62,89,74423,590187,22065096,9105696,5316,62255904,53655348,64771556,0,1346496,0,4,1,0,10893965,2162231830,2175833163,32,32,1329,1555290,3114384,336624,56153544,55057,400870598,308111133,0
1789565022.6839101,81.269,5901864,389295,0,111,62,89,74423,590187,22065135,9105696,5316,62255904,53655348,64771556,0,1338304,0,4,1,0,10893967,2162482148,2176083486,32,32,1329,1555290,3114384,334576,56153544,55057,400870598,308111133,0
1789565022.9342375,81.519,5902164,389396,0,111,62,89,74423,590187,22065195,9105696,1936,62253900,53653332,64771556,0,1325300,0,4,1,0,10893972,2162731719,2176333064,32,32,484,1555240,3114283,331325,56153545,55057,400870598,308114513,0
1789565023.1846008,81.769,5902464,389496,0,111,62,89,74423,590187,22065257,9105696,1936,62254144,53653576,64771556,0,1317108,0,4,1,0,10893976,2162982041,2176583393,32,32,484,1555246,3114296,329277,56153545,55057,400870598,308114513,0
1789565023.4350066,82.02,5902765,389596,0,111,62,89,74423,590187,22065326,9105696,1936,62253892,53653324,64771556,0,1304820,0,4,1,0,10893981,2163232132,2176833492,32,32,484,1555240,3114283,326205,56153548,55057,400870598,308114513,0
1789565023.6853616,82.27,5903065,389696,0,111,62,89,74423,590187,22065367,9105696,1936,62253892,53653324,64771556,0,1296788,0,4,1,0,10893983,2163482422,2177083788,32,32,484,1555240,3114283,324197,56153548,55057,400870598,308114513,0
1789565023.9356866,82.52,5903365,389797,0,111,62,89,74423,590187,22065426,9105696,1936,62253892,53653324,64771556,0,1280396,0,4,1,0,10893988,2163732498,2177333871,32,32,484,1555240,3114283,320099,56153549,55057,400870598,308114513,0
1789565024.186045,82.771,5903665,389897,0,111,62,89,74423,590187,22065481,9105696,1936,62254128,53653560,64771556,0,1272052,0,4,1,0,10893992,2163982791,2177584172,32,32,484,1555246,3114295,318013,56153549,55057,400870598,308114513,0
1789565024.4363697,83.021,5903965,389997,0,111,62,89,74423,590187,22065534,9105696,1936,62254128,53653560,64771556,0,1255716,0,4,1,0,10893999,2164233061,2177834474,32,32,484,1555246,3114295,313929,56153549,55057,400870598,308114513,0
1789565024.6867213,83.271,5904265,390097,0,111,62,89,74423,590187,22065575,9105696,1936,62253876,53653308,64771556,0,1243604,0,4,1,0,10894002,2164483397,2178084816,32,32,484,1555240,3114282,310901,56153552,55057,400870598,308114513,0
1789565024.9370902,83.522,5904566,390197,0,111,62,89,74423,590187,22065637,9105696,1956,62253848,53653280,64771556,0,1235384,0,4,1,0,10894004,2164733711,2178335133,32,32,489,1555239,3114281,308846,56153552,55057,400870598,308114573,0
1789565025.1874306,83.772,5904866,390297,0,111,62,89,74423,590187,22065702,9105696,1956,62254084,53653516,64771556,0,1218804,0,4,1,0,10894011,2164983997,2178585440,32,32,489,1555245,3114293,304701,56153553,55057,400870598,308114573,0
1789565025.4377651,84.022,5905166,390397,0,111,62,89,74423,590187,22065795,9105696,1956,62260032,53659464,64771556,0,1210612,0,4,1,0,10894022,2165234291,2178835755,32,32,489,1555393,3114590,302653,56153553,55057,400870598,308114573,0
1789565025.6881208,84.273,5905466,390497,0,111,62,89,74423,590187,22065840,9105696,1956,62259780,53659212,64771556,0,1198324,0,4,1,0,10894026,2165484570,2179086042,32,32,489,1555387,3114577,299581,56153554,55057,400870598,308114573,0
1789565025.9384604,84.523,5905766,390598,0,111,62,89,74423,590187,22065894,9105696,1956,62259780,53659212,64771556,0,1181940,0,4,1,0,10894030,2165734882,2179336370,32,32,489,1555387,3114577,295485,56153555,55057,400870598,308114573,0
1789565026.1888509,84.774,5906066,390698,0,111,62,89,74423,590188,22065989,9105696,1956,62260016,53659448,64771556,0,1173792,0,4,1,0,10894044,2165984460,2179586311,32,32,489,1555393,3114589,293448,56153561,55057,400870598,308114573,0
1789565026.4393156,85.024,5906367,390798,0,111,62,89,74424,590188,22066044,9105696,1956,62260012,53659444,64771556,0,1157364,0,4,1,0,10894047,2166234805,2179836664,32,32,489,1555393,3114589,289341,56153561,55057,400870598,308114573,0
1789565026.6896935,85.274,5906667,390898,0,111,62,89,74424,590188,22066093,9105696,1956,62259760,53659192,64771556,0,1145076,0,4,1,0,10894052,2166484887,2180086754,32,32,489,1555386,3114576,286269,56153562,55057,400870598,308114573,0
1789565026.940066,85.525,5906967,390998,0,111,62,89,74424,590188,22066143,9105696,1956,62259760,53659192,64771556,0,1136884,0,4,1,0,10894054,2166735188,2180337059,32,32,489,1555386,3114576,284221,56153562,55057,400870598,308114573,0
1789565027.1904187,85.775,5907265,391098,0,111,62,89,74424,590189,22066240,9105696,1956,62257576,53657008,64771556,0,1120500,0,4,1,0,10894063,2166981029,2180582976,32,32,489,1555332,3114467,280125,56154269,55057,400870598,308114573,0
1789565027.4407783,86.025,5907543,391198,0,111,62,89,74427,590209,22066710,9105696,4260,62232400,53631832,64771556,0,1112308,0,4,2,0,10894281,2167185593,2180788396,32,32,1065,1554703,3113209,278077,56164044,55057,400870598,308114593,0
1789565027.6912463,86.276,5907836,391298,0,111,62,89,74430,590213,22067398,9105684,4968,62228872,53628300,64771556,0,1096352,0,4,1,0,10894316,2167419586,2181023586,32,32,1242,1554615,3113032,274088,56169118,55057,400870602,308117249,0
1789565027.9417136,86.526,5908136,391398,0,111,62,89,74430,590213,22067450,9105684,4968,62228872,53628300,64771556,0,1084204,0,4,1,0,10894321,2167669917,2181273944,32,32,1242,1554615,3113032,271051,56169118,55057,400870602,308117249,0
1789565028.1920893,86.777,5908436,391499,0,111,62,89,74430,590213,22067526,9105696,3356,62232876,53632188,64771556,0,1077572,0,4,1,0,10894330,2167920220,2181524277,32,32,839,1554715,3113232,269393,56169119,55057,400870602,308119037,0
1789565028.4424415,87.027,5908737,391599,0,111,62,89,74430,590213,22067571,9105696,3356,62232624,53631936,64771556,0,1061188,0,4,1,0,10894333,2168170512,2181774572,32,32,839,1554709,3113220,265297,56169119,55057,400870602,308119037,0
1789565028.692776,87.277,5909037,391699,0,111,62,89,74430,590213,22067619,9105696,3356,62232624,53631936,64771556,0,1052996,0,4,1,0,10894336,2168420827,2182024893,32,32,839,1554709,3113220,263249,56169121,55057,400870602,308119037,0
1789565028.943105,87.528,5909337,391799,0,111,62,89,74430,590213,22067666,9105696,3356,62232624,53631936,64771556,0,1040708,0,4,1,0,10894338,2168671098,2182275167,32,32,839,1554709,3113220,260177,56169122,55057,400870602,308119037,0
1789565029.1934016,87.778,5909637,391899,0,111,62,89,74430,590213,22067750,9105696,3356,62234376,53633688,64771556,0,1032516,0,4,1,0,10894348,2168921360,2182525451,32,32,839,1554753,3113307,258129,56169122,55057,400870602,308119037,0
1789565029.443725,88.028,5909937,391999,0,111,62,89,74431,590213,22067854,9105696,3356,62244052,53643364,64771556,0,1015792,0,4,1,0,10894357,2169171392,2182775504,32,32,839,1554994,3113791,253948,56169123,55057,400870602,308119037,0
1789565029.6940434,88.279,5910237,392099,0,111,62,89,74431,590213,22067914,9105696,3356,62244052,53643364,64771556,0,1007600,0,4,1,0,10894360,2169421656,2183025772,32,32,839,1554994,3113791,251900,56169123,55057,400870602,308119037,0
1789565029.9443533,88.529,5910538,392199,0,111,62,89,74431,590213,22067959,9105696,3356,62244052,53643364,64771556,0,991216,0,4,1,0,10894361,2169671930,2183276047,32,32,839,1554994,3113791,247804,56169126,55057,400870602,308119037,0
1789565030.1946454,88.779,5910838,392300,0,111,62,89,74431,590213,22068030,9105696,3360,62243812,53643124,64771556,0,978928,0,4,2,0,10894365,2169921940,2183526063,32,32,840,1554988,3113779,244732,56169127,55057,400870602,308119101,0
1789565030.444969,89.03,5911138,392400,0,111,62,89,74431,590213,22068077,9105696,3360,62244040,53643352,64771556,0,970736,0,4,1,0,10894367,2170172198,2183776324,32,32,840,1554994,3113791,242684,56169128,55057,400870602,308119101,0
1789565030.695265,89.28,5911438,392500,0,111,62,89,74431,590213,22068130,9105696,3360,62244040,53643352,64771556,0,954352,0,4,1,0,10894371,2170422222,2184026353,32,32,840,1554994,3113791,238588,56169128,55057,400870602,308119101,0
1789565030.9455855,89.53,5911738,392600,0,111,62,89,74431,590213,22068185,9105696,3360,62243788,53643100,64771556,0,946160,0,4,1,0,10894373,2170672255,2184276388,32,32,840,1554988,3113778,236540,56169130,55057,400870602,308119101,0
1789565031.1959085,89.781,5912038,392700,0,111,62,89,74431,590213,22068260,9105696,3360,62244256,53643568,64771556,0,933872,0,4,1,0,10894380,2170922546,2184526692,32,32,840,1554999,3113801,233468,56169130,55057,400870602,308119101,0
1789565031.44625,90.031,5912339,392801,0,111,62,89,74431,590213,22068319,9105696,3360,62244004,53643316,64771556,0,917488,0,4,1,0,10894382,2171172588,2184776738,32,32,840,1554993,3113789,229372,56169131,55057,400870602,308119101,0
1789565031.6965735,90.281,5912639,392901,0,111,62,89,74431,590213,22068378,9105696,3360,62244004,53643316,64771556,0,901104,0,4,1,0,10894386,2171422608,2185026765,32,32,840,1554993,3113789,225276,56169132,55057,400870602,308119101,0
1789565031.9469304,90.532,5912939,393001,0,111,62,89,74431,590213,22068446,9105696,3360,62249008,53648320,64771556,0,892912,0,4,1,0,10894393,2171672333,2185277166,32,32,840,1555118,3114039,223228,56169136,55057,400870602,308119101,0
1789565032.1973586,90.782,5913239,393101,0,111,62,89,74431,590213,22068510,9105696,3360,62249240,53648552,64771556,0,880716,0,4,1,0,10894401,2171922648,2185527513,32,32,840,1555124,3114050,220179,56169137,55057,400870602,308119101,0
1789565032.4477081,91.032,5913539,393201,0,111,62,89,74432,590213,22068555,9105696,3360,62249240,53648552,64771556,0,864380,0,4,1,0,10894403,2172172984,2185777852,32,32,840,1555124,3114050,216095,56169138,55057,400870602,308119101,0
1789565032.698067,91.283,5913839,393301,0,111,62,89,74432,590213,22068602,9105696,3360,62248988,53648300,64771556,0,856084,0,4,1,0,10894406,2172423264,2186028138,32,32,840,1555118,3114038,214021,56169138,55057,400870602,308119101,0
1789565032.9483812,91.533,5914140,393401,0,111,62,89,74432,590213,22068659,9105696,3360,62248988,53648300,64771556,0,839732,0,4,1,0,10894409,2172673568,2186278446,32,32,840,1555118,3114038,209933,56169140,55057,400870602,308119101,0
1789565033.19873,91.783,5914440,393501,0,111,62,89,74432,590214,22068729,9105696,3360,62250428,53649740,64771556,0,831472,0,4,1,0,10894418,2172923901,2186528801,32,32,840,1555154,3114110,207868,56169140,55057,400870602,308119101,0
1789565033.449124,92.034,5914740,393601,0,111,62,89,74432,590214,22068843,9105696,3360,62257332,53656644,64771556,0,819184,0,4,1,0,10894427,2173174212,2186779129,32,32,840,1555326,3114455,204796,56169141,55057,400870602,308119101,0
1789565033.6994739,92.284,5915040,393702,0,111,62,89,74432,590214,22068896,9105696,3360,62257676,53656988,64771556,0,810992,0,4,1,0,10894431,2173424504,2187029428,32,32,840,1555334,3114472,202748,56169143,55057,400870602,308119101,0
1789565033.9497974,92.534,5915340,393802,0,111,62,89,74432,590214,22068946,9105696,3360,62258016,53657328,64771556,0,794608,0,4,1,0,10894433,2173674827,2187279754,32,32,840,1555343,3114489,198652,56169143,55057,400870602,308119101,0
1789565034.2001426,92.785,5915640,393902,0,111,62,89,74432,590214,22069049,9105696,3304,62258012,53657324,64771556,0,775368,0,4,1,0,10894437,2173924843,2187529793,32,32,826,1555343,3114489,193842,56169144,55057,400870602,308119141,0
1789565034.450471,93.035,5915940,394002,0,111,62,89,74432,590214,22069288,9105696,3304,62258424,53657736,64771556,0,765580,0,4,1,0,10894439,2174174908,2187779861,32,32,826,1555353,3114510,191395,56169145,55057,400870602,308119141,0
1789565034.7008388,93.286,5916240,394102,0,111,62,89,74432,590214,22069641,9105688,4412,62259740,53659052,64771556,0,750872,0,4,1,0,10894446,2174424172,2188029135,32,32,1103,1555386,3114575,187718,56169168,55057,400870602,308119141,0
1789565034.9512012,93.536,5916540,394203,0,111,62,89,74433,590214,22069893,9105688,4412,62259740,53659052,64771556,0,741132,0,4,1,0,10894450,2174673995,2188278985,32,32,1103,1555386,3114575,185283,56169169,55057,400870602,308119141,0
1789565035.2015848,93.786,5916841,394303,0,111,62,89,74433,590214,22070005,9105688,4412,62262444,53661760,64771556,0,738652,0,4,1,0,10894458,2174924326,2188529342,32,32,1103,1555454,3114711,184663,56169170,55057,400870602,308119141,0
1789565035.4519846,94.037,5917141,394403,0,111,62,89,74433,590214,22070073,9105676,4412,62262444,53661760,64771556,0,718760,0,4,1,0,10894460,2175174379,2188779397,32,32,1103,1555454,3114711,179690,56169170,55057,400870602,308119337,0
1789565035.702328,94.287,5917441,394503,0,111,62,89,74433,590214,22070132,9105676,4412,62264364,53663680,64771556,0,710568,0,4,2,0,10894463,2175424415,2189029439,32,32,1103,1555501,3114807,177642,56169172,55057,400870602,308119337,0
1789565035.9526517,94.537,5917741,394603,0,111,62,89,74433,590214,22070179,9105676,4412,62264364,53663680,64771556,0,698868,0,4,1,0,10894465,2175674705,2189279732,32,32,1103,1555501,3114807,174717,56169172,55057,400870602,308119337,0
1789565036.2030413,94.788,5918041,394702,0,111,62,89,74433,590216,22070305,9105560,4768,62267264,53666932,64771556,0,678976,0,4,1,0,10894481,2175919924,2189529147,32,32,1192,1555574,3114952,169744,56169182,55057,400870602,308119337,0
1789565036.4534748,95.038,5918341,394802,0,111,62,89,74433,590216,22070348,9105560,4768,62267264,53666932,64771556,0,670784,0,4,1,0,10894483,2176170260,2189779487,32,32,1192,1555574,3114952,167696,56169182,55057,400870602,308119337,0
1789565036.703824,95.289,5918641,394902,0,111,62,89,74433,590216,22070401,9105560,4768,62267264,53666932,64771556,0,659084,0,4,1,0,10894486,2176420330,2190029562,32,32,1192,1555574,3114952,164771,56169183,55057,400870602,308119337,0
1789565036.9541821,95.539,5918941,395003,0,111,62,89,74433,590216,22070457,9105560,4768,62267012,53666680,64771556,0,650892,0,4,1,0,10894489,2176670614,2190279863,32,32,1192,1555568,3114939,162723,56169183,55057,400870602,308119337,0
1789565037.2045217,95.789,5919242,395103,0,111,62,89,74433,590216,22070534,9105560,4768,62267368,53667036,64771556,0,639192,0,4,1,0,10894500,2176920860,2190530200,32,32,1192,1555576,3114957,159798,56169185,55057,400870602,308119337,0
1789565037.4549193,96.04,5919542,395203,0,111,62,89,74433,590216,22070630,9105560,4768,62272424,53672092,64771556,0,619300,0,4,1,0,10894509,2177170933,2190780289,32,32,1192,1555703,3115210,154825,56169186,55057,400870602,308119337,0
1789565037.7052429,96.29,5919842,395303,0,111,62,89,74433,590216,22070679,9105560,4768,62272424,53672092,64771556,0,611108,0,4,1,0,10894514,2177421205,2191030578,32,32,1192,1555703,3115210,152777,56169186,55057,400870602,308119337,0
1789565037.955557,96.54,5920142,395403,0,111,62,89,74433,590216,22070732,9105560,4768,62272424,53672092,64771556,0,599408,0,4,1,0,10894515,2177671481,2191280856,32,32,1192,1555703,3115210,149852,56169187,55057,400870602,308119337,0
1789565038.20587,96.791,5920442,395503,0,111,62,89,74433,590216,22070797,9105560,4768,62272664,53672332,64771556,0,583192,0,4,1,0,10894520,2177921785,2191531168,32,32,1192,1555709,3115222,145798,56169187,55057,400870602,308119337,0
1789565038.4562068,97.041,5920742,395603,0,111,62,89,74433,590216,22070843,9105560,4768,62272412,53672080,64771556,0,571336,0,4,1,0,10894522,2178172062,2191781448,32,32,1192,1555702,3115209,142834,56169188,55057,400870602,308119337,0
1789565038.7065315,97.291,5921043,395703,0,111,62,89,74433,590216,22070886,9105560,4768,62272412,53672080,64771556,0,563296,0,4,1,0,10894525,2178422368,2192031759,32,32,1192,1555702,3115209,140824,56169190,55057,400870602,308119337,0
1789565038.9568563,97.542,5921343,395804,0,111,62,89,74434,590216,22070947,9105560,4768,62272412,53672080,64771556,0,551716,0,4,1,0,10894529,2178672622,2192282038,32,32,1192,1555702,3115209,137929,56169192,55057,400870602,308119353,0
1789565039.207163,97.792,5921643,395904,0,111,62,89,74434,590216,22071025,9105560,4756,62273624,53673292,64771556,0,539732,0,4,1,0,10894534,2178922882,2192532310,32,32,1189,1555733,3115270,134933,56169192,55057,400870602,308119353,0
1789565039.4574726,98.042,5921943,396004,0,111,62,89,74434,590216,22071080,9105560,4756,62273372,53673040,64771556,0,523348,0,4,1,0,10894535,2179173144,2192782575,32,32,1189,1555726,3115257,130837,56169193,55057,400870602,308119353,0
1789565039.7077675,98.292,5922243,396104,0,111,62,89,74434,590216,22071131,9105560,4756,62273372,53673040,64771556,0,511648,0,4,1,0,10894538,2179423409,2193032843,32,32,1189,1555726,3115257,127912,56169193,55057,400870602,308119353,0
1789565039.9580703,98.543,5922544,396204,0,111,62,89,74434,590216,22071180,9105560,4756,62273372,53673040,64771556,0,499948,0,4,1,0,10894540,2179673665,2193283101,32,32,1189,1555726,3115257,124987,56169195,55057,400870602,308119353,0
1789565040.2083738,98.793,5922844,396304,0,111,62,89,74434,590216,22071279,9105560,4756,62276060,53675728,64771556,0,492108,0,4,1,0,10894694,2179923514,2193533389,32,32,1189,1555793,3115391,123027,56169196,55057,400870602,308119353,0
1789565040.458686,99.043,5923144,396404,0,111,62,89,74434,590216,22071331,9105560,4756,62275808,53675476,64771556,0,480444,0,4,1,0,10894695,2180173796,2193783673,32,32,1189,1555787,3115379,120111,56169197,55057,400870602,308119353,0
1789565040.709001,99.294,5923444,396504,0,111,62,89,74434,590216,22071388,9105548,4756,62275808,53675476,64771556,0,464032,0,4,1,0,10894698,2180423825,2194033707,32,32,1189,1555787,3115379,116008,56169197,55057,400870602,308119425,0
1789565040.959318,99.544,5923744,396605,0,111,62,89,74434,590216,22071440,9105548,4756,62275808,53675476,64771556,0,452264,0,4,1,0,10894700,2180673840,2194283724,32,32,1189,1555787,3115379,113066,56169198,55057,400870602,308119425,0
1789565041.209619,99.794,5924044,396705,0,111,62,89,74434,590216,22071521,9105560,4772,62277572,53677240,64771556,0,440272,0,4,1,0,10894711,2180924116,2194534035,32,32,1193,1555831,3115467,110068,56169198,55057,400870602,308119425,0
1789565041.459998,100.045,5924344,396805,0,111,62,89,74434,590216,22071611,9105560,4772,62278712,53678380,64771556,0,423888,0,4,1,0,10894719,2181174129,2194784074,32,32,1193,1555860,3115524,105972,56169201,55057,400870602,308119425,0
1789565041.7102983,100.295,5924644,396905,0,111,62,89,74434,590216,22071654,9105560,4772,62278712,53678380,64771556,0,420380,0,4,1,0,10894724,2181424395,2195034357,32,32,1193,1555860,3115524,105095,56169201,55057,400870602,308119425,0
1789565041.9606175,100.545,5924945,397005,0,111,62,89,74434,590217,22071721,9105560,4772,62278712,53678380,64771556,0,400488,0,4,1,0,10894727,2181674502,2195284470,32,32,1193,1555860,3115524,100122,56169205,55057,400870602,308119425,0
1789565042.211029,100.796,5925245,397105,0,111,62,89,74434,590217,22071782,9105560,4772,62278928,53678596,64771556,0,392312,0,4,1,0,10894733,2181924804,2195534783,32,32,1193,1555865,3115535,98078,56169206,55057,400870602,308119425,0
1789565042.4613533,101.046,5925545,397205,0,111,62,89,74434,590217,22071840,9105560,4780,62279248,53678916,64771556,0,380596,0,4,1,0,10894735,2182175082,2195785064,32,32,1195,1555873,3115551,95149,56169207,55057,400870602,308119425,0
1789565042.711667,101.296,5925845,397306,0,111,62,89,74434,590217,22071899,9105560,4780,62279248,53678916,64771556,0,360704,0,4,1,0,10894738,2182425389,2196035376,32,32,1195,1555873,3115551,90176,56169208,55057,400870602,308119425,0
1789565042.9620042,101.547,5926145,397406,0,111,62,89,74434,590217,22071948,9105560,4780,62279248,53678916,64771556,0,352816,0,4,1,0,10894740,2182675663,2196285653,32,32,1195,1555873,3115551,88204,56169208,55057,400870602,308119425,0
1789565043.2123094,101.797,5926446,397506,0,111,62,89,74434,590217,22072011,9105560,4780,62279248,53678916,64771556,0,340844,0,4,1,0,10894746,2182925906,2196535926,32,32,1195,1555873,3115551,85211,56169209,55057,400870602,308119425,0
1789565043.4626112,102.047,5926746,397606,0,111,62,89,74434,590217,22072060,9105560,4780,62279248,53678916,64771556,0,332996,0,4,1,0,10894748,2183176170,2196786192,32,32,1195,1555873,3115551,83249,56169209,55057,400870602,308119425,0
1789565043.7129211,102.298,5927046,397706,0,111,62,89,74434,590217,22072108,9105560,4780,62279248,53678916,64771556,0,320952,0,4,1,0,10894752,2183426427,2197036467,32,32,1195,1555873,3115551,80238,56169210,55057,400870602,308119425,0
1789565043.963228,102.548,5927346,397806,0,111,62,89,74434,590217,22072168,9105560,4780,62279248,53678916,64771556,0,304768,0,4,1,0,10894754,2183676718,2197286761,32,32,1195,1555873,3115551,76192,56169211,55057,400870602,308119425,0
1789565044.213534,102.798,5927646,397906,0,111,62,89,74434,590217,22072236,9105560,4780,62279472,53679140,64771556,0,292836,0,4,1,0,10894758,2183926998,2197537047,32,32,1195,1555879,3115562,73209,56169213,55057,400870602,308119425,0
1789565044.463846,103.049,5927946,398006,0,111,62,89,74434,590217,22072288,9105560,4780,62279472,53679140,64771556,0,281168,0,4,1,0,10894759,2184177252,2197787303,32,32,1195,1555879,3115562,70292,56169213,55057,400870602,308119425,0
1789565044.714133,103.299,5928247,398107,0,111,62,89,74435,590217,22072331,9105560,4780,62279472,53679140,64771556,0,273284,0,4,1,0,10894762,2184427504,2198037559,32,32,1195,1555879,3115562,68321,56169214,55057,400870602,308119425,0
1789565044.964415,103.549,5928547,398207,0,111,62,89,74435,590217,22072385,9105560,4780,62279876,53679544,64771556,0,253132,0,4,1,0,10894764,2184677754,2198287812,32,32,1195,1555889,3115582,63283,56169214,55057,400870602,308119425,0
1789565045.214723,103.799,5928847,398307,0,111,62,89,74435,590217,22072457,9105560,4780,62280168,53679836,64771556,0,244860,0,4,1,0,10894770,2184928047,2198538118,32,32,1195,1555896,3115597,61215,56169216,55057,400870602,308119425,0
1789565045.4650323,104.05,5929147,398407,0,111,62,89,74435,590217,22072551,9105560,4532,62282700,53682364,64771556,0,233160,0,4,1,0,10894777,2185178294,2198788375,32,32,1133,1555959,3115723,58290,56169217,55057,400870602,308119609,0
1789565045.7153256,104.3,5929447,398507,0,111,62,89,74435,590217,22072613,9105560,4532,62282700,53682364,64771556,0,221460,0,4,1,0,10894786,2185428525,2199038643,32,32,1133,1555959,3115723,55365,56169218,55057,400870602,308119609,0
1789565045.9656177,104.55,5929747,398607,0,111,62,89,74435,590217,22072678,9105548,4532,62282700,53682364,64771556,0,205076,0,4,1,0,10894787,2185678539,2199288659,32,32,1133,1555959,3115723,51269,56169218,55057,400870602,308119677,0
1789565046.215942,104.801,5930047,398707,0,111,62,89,74435,590217,22072778,9105560,4588,62282420,53682084,64771556,0,193376,0,4,1,0,10894798,2185928336,2199538969,32,32,1147,1555952,3115709,48344,56169221,55057,400870602,308119677,0
1789565046.4662623,105.051,5930347,398807,0,111,62,89,74435,590217,22072828,9105560,4588,62282420,53682084,64771556,0,181676,0,4,1,0,10894800,2186178605,2199789240,32,32,1147,1555952,3115709,45419,56169222,55057,400870602,308119677,0
1789565046.7165453,105.301,5930648,398908,0,111,62,89,74435,590217,22072885,9105560,4588,62282420,53682084,64771556,0,165580,0,4,1,0,10894802,2186428627,2200039265,32,32,1147,1555952,3115709,41395,56169223,55057,400870602,308119677,0
1789565046.9668498,105.552,5930948,399008,0,111,62,89,74435,590217,22072930,9105560,4588,62282420,53682084,64771556,0,161984,0,4,1,0,10894804,2186678884,2200289524,32,32,1147,1555952,3115709,40496,56169224,55057,400870602,308119677,0
1789565047.217136,105.802,5931248,399108,0,111,62,89,74435,590218,22073009,9105560,4588,62282420,53682084,64771556,0,145400,0,4,1,0,10894814,2186928827,2200539551,32,32,1147,1555952,3115709,36350,56169225,55057,400870602,308119677,0
1789565047.4674435,106.052,5931548,399208,0,111,62,89,74435,590218,22073056,9105560,4588,62282420,53682084,64771556,0,133700,0,4,1,0,10894816,2187179089,2200789815,32,32,1147,1555952,3115709,33425,56169225,55057,400870602,308119677,0
1789565047.7177465,106.302,5931848,399308,0,111,62,89,74435,590218,22073109,9105560,4588,62282420,53682084,64771556,0,122000,0,4,1,0,10894818,2187429138,2201039868,32,32,1147,1555952,3115709,30500,56169226,55057,400870602,308119677,0
1789565047.968062,106.553,5932148,399408,0,111,62,89,74435,590218,22073166,9105560,4588,62282420,53682084,64771556,0,113808,0,4,1,0,10894820,2187679403,2201290135,32,32,1147,1555952,3115709,28452,56169227,55057,400870602,308119677,0
1789565048.2183645,106.803,5932448,399509,0,111,62,89,74435,590218,22073362,9105560,4588,62282392,53682056,64771556,0,91708,0,4,1,0,10894824,2187929207,2201539944,32,32,1147,1555952,3115708,22927,56169228,55057,400870602,308119677,0
1789565048.468699,107.053,5932749,399609,0,111,62,89,74435,590218,22073535,9105560,4588,62282396,53682060,64771556,0,82052,0,4,1,0,10894827,2188179239,2201789998,32,32,1147,1555952,3115708,20513,56169229,55057,400870602,308119677,0
1789565048.719043,107.304,5933049,399709,0,111,62,89,74435,590218,22073784,9105560,4588,62283332,53682996,64771556,0,67272,0,4,1,0,10894830,2188429042,2202039806,32,32,1147,1555975,3115755,16818,56169229,55057,400870602,308119677,0
1789565048.9693947,107.554,5933349,399809,0,111,62,90,74435,590218,22073984,9105560,4992,62282928,53682592,64771556,0,57604,0,4,1,0,10894834,2188678969,2202289736,32,32,1248,1555965,3115735,14401,56169240,55057,400870602,308119677,0
1789565049.219826,107.805,5933649,399909,0,111,62,90,74435,590218,22074254,9105348,5204,62283396,53683396,64771556,0,42936,0,4,1,0,10894842,2188929070,2202539864,32,32,1301,1555977,3115758,10734,56169241,55057,400870602,308119677,0
1789565049.4701974,108.055,5933949,400009,0,111,62,90,74435,590218,22074470,9105348,5204,62286604,53686604,64771556,0,33164,0,4,1,0,10894850,2189179102,2202789908,32,32,1301,1556057,3115918,8291,56169242,55057,400870602,308119677,0
1789565049.7205217,108.305,5934249,400110,0,111,62,90,74435,590218,22074747,9105348,5608,62286624,53686628,64771556,0,18660,0,4,1,0,10894854,2189428722,2203039531,32,32,1402,1556057,3115920,4665,56169253,55057,400870602,308119677,0
1789565049.9708366,108.556,5934549,400210,0,111,62,90,74436,590218,22074943,9105348,5608,62286624,53686628,64771556,0,8796,0,4,1,0,10894857,2189679024,2203289838,32,32,1402,1556057,3115920,2199,56169254,55057,400870602,308119677,0
1789565050.221192,108.806,5934835,400261,0,111,62,90,74469,590246,22077905,9267688,541544,62198808,53436112,64771556,0,0,0,2,5,0,10896975,2189792404,2203403515,32,32,135386,1553867,3111534,0,56179024,55057,400998390,308119677,0
1789565050.4716694,109.056,5935094,400281,0,111,62,90,74491,590345,22083352,9802888,848572,62138260,52836184,64771556,0,0,0,1,4,0,10897443,2189825857,2203436968,32,32,212244,1552235,3108266,0,56195873,55057,401225282,308119677,0
1789565050.7221532,109.307,5935377,400300,0,111,62,90,74534,590399,22087666,10225328,1047320,61835232,52107636,64771556,0,0,0,4,2,0,10898281,2189866527,2203477638,32,32,261830,1544597,3092971,0,56205175,55057,401449918,308119677,0
1789565050.9726317,109.557,5935652,400324,0,111,62,90,74558,590476,22093784,10797312,1365848,61993444,51689264,64771556,0,0,0,1,6,0,10898895,2189916149,2203527260,32,32,341462,1548432,3100650,0,56219311,55057,401703082,308120261,0
1789565051.2231386,109.808,5935936,400343,0,111,62,90,74603,590527,22098665,11199396,1553192,61720248,51011216,64771556,0,0,0,3,2,0,10899886,2189953629,2203564744,32,32,388298,1541542,3086853,0,56247893,55057,401918298,308120261,0
1789565051.4736369,110.058,5936223,400362,0,111,62,90,74628,590595,22104305,11843412,1879968,61972632,50614892,64771556,0,0,0,0,5,0,10900598,2189997463,2203608579,32,32,469992,1547726,3099237,0,56251868,55057,402235022,308120261,0
1789565051.7244318,110.309,5936519,400369,0,111,62,90,74675,590647,22108701,12301848,2121620,61696796,49877276,64771556,0,0,0,0,5,0,10901157,2190013316,2203624432,32,32,530405,1540757,3085281,0,56272521,55057,402451730,308120261,0
1789565051.9751995,110.56,5936817,400378,0,111,62,90,74707,590707,22114082,12974272,2503220,61862900,49365400,64771556,0,0,0,0,5,0,10901881,2190036249,2203647365,32,32,625805,1544732,3093241,0,56282660,55057,402741834,308120261,0
1789565052.225899,110.811,5937088,400386,0,111,62,90,74756,590777,22120833,13460252,2716856,62140996,49154284,64771556,0,0,0,0,5,0,10902807,2190052503,2203663638,32,32,679214,1551626,3107046,0,56303367,55057,403014874,308120261,0
1789565052.4766083,111.061,5937376,400393,0,111,62,90,74801,590840,22126075,13973004,3034556,62083536,48579676,64771556,0,0,0,0,7,0,10903268,2190068408,2203679543,32,32,758537,1550072,3103934,0,56325210,55057,403209642,308120261,0
1789565052.727325,111.312,5937668,400409,0,111,62,90,74835,590896,22132875,14533984,3277952,62070356,48001736,64771556,0,0,0,0,5,0,10904008,2190105065,2203716199,32,32,819589,1549669,3103127,0,56343326,55057,403527730,308120261,0
1789565052.9781406,111.563,5937946,400417,0,111,62,90,74882,590962,22138855,14996784,3538696,61891684,47356220,64771556,0,0,0,1,4,0,10904534,2190122236,2203733371,32,32,884674,1545085,3093947,0,56364241,55057,403729794,308120261,0
1789565053.2288427,111.814,5938236,400429,0,111,62,90,74911,591030,22146095,15657080,3858508,61916900,46714668,64771556,0,0,0,2,3,0,10905253,2190148235,2203759371,32,32,964728,1545555,3094890,0,56375583,55057,404070134,308120261,0
1789565053.479331,112.064,5938511,400436,0,111,62,90,74961,591096,22152951,16078796,4085216,61606236,45976540,64771556,0,0,0,0,6,0,10905796,2190158818,2203769955,32,32,1021304,1537687,3079133,0,56398747,55057,404265626,308120261,0
1789565053.7300606,112.315,5938795,400456,0,111,62,90,74986,591164,22159358,16674844,4291532,61832528,45596664,64771556,0,118196,0,1,4,0,10907540,2190197864,2203809068,32,32,1072883,1543072,3089917,29549,56408709,55057,404529706,308245365,0
1789565053.9805264,112.565,5939064,400475,0,111,62,90,75025,591237,22166689,17078972,4534928,61846700,45200524,64771556,0,110004,0,1,4,0,10908264,2190226710,2203837936,32,32,1133732,1543261,3090296,27501,56415882,55057,404690222,308245365,0
1789565054.2310398,112.816,5939340,400499,0,111,62,90,75056,591303,22174554,17517388,4755076,62430324,45339024,64771556,0,93620,0,2,3,0,10909504,2190267903,2203879193,32,32,1188769,1557660,3119129,23405,56419738,55057,404908558,308245365,0
1789565054.481542,113.066,5939641,400512,0,111,62,90,75083,591359,22180211,17807924,4916100,62593324,45206704,64771556,0,85736,0,0,2,0,10910054,2190285492,2203896841,32,32,1229025,1561613,3127045,21434,56426393,55057,405037906,308245365,0
1789565054.7320502,113.317,5939879,400512,0,111,62,90,75094,591508,22188616,17779668,4887820,62526268,45167068,64771556,0,69352,0,0,11,0,10910812,2190285659,2203897009,32,32,1221955,1559919,3123653,17338,56440303,55057,405038022,308245365,0
1789565054.9825165,113.567,5940132,400512,0,111,62,90,75095,591654,22189590,17779668,4887820,62520816,45161616,64771556,0,60872,0,0,9,0,10911203,2190285659,2203897167,32,32,1221955,1559783,3123380,15218,56442233,55057,405038022,308245365,0
1789565055.2329936,113.818,5940394,400512,0,111,62,90,75099,591786,22191229,17779464,4887524,62522588,45163648,64771556,0,44468,0,0,7,0,10911367,2190285659,2203897167,32,32,1221881,1559829,3123472,11117,56443411,55057,405038022,308245365,0
1789565055.48347,114.068,5940675,400512,0,111,62,90,75105,591899,22194279,17779464,4887524,62521076,45162136,64771556,0,36276,0,0,5,0,10911490,2190285659,2203897270,32,32,1221881,1559791,3123396,9069,56443894,55057,405038022,308245365,0
1789565055.7339756,114.319,5940962,400512,0,111,62,90,75110,592008,22195587,17779560,4887620,62520940,45161912,64771556,0,19892,0,0,5,0,10911563,2190285659,2203897372,32,32,1221905,1559788,3123390,4973,56443980,55057,405038022,308245365,0
1789565055.9844515,114.569,5941236,400512,0,111,62,90,75117,592127,22198116,17779560,4887692,62490452,45131420,64771556,0,3508,0,0,5,0,10912188,2190285662,2203897478,32,32,1221923,1559027,3121866,877,56451342,55057,405038022,308245913,0
1789565056.234958,114.82,5941528,400512,0,111,62,90,75121,592230,22198801,17779560,4887692,62458812,45099780,64771556,0,0,0,0,5,0,10912248,2190285662,2203897478,32,32,1221923,1558237,3120284,0,56460127,55057,405038022,308245913,0
1789565056.4854355,115.07,5941824,400512,0,111,62,90,75126,592330,22199886,17779656,4887788,62428804,45069668,64771556,0,0,0,0,5,0,10912277,2190285662,2203897478,32,32,1221947,1557488,3118784,0,56467868,55057,405038022,308245913,0
1789565056.7359307,115.321,5942113,400512,0,111,62,90,75131,592437,22200835,17779656,4887788,62427424,45068288,64771556,0,0,0,0,6,0,10912300,2190285662,2203897478,32,32,1221947,1557453,3118715,0,56468038,55057,405038022,308245913,0
1789565056.9864097,115.571,5942399,400512,0,111,62,90,75135,592548,22201963,17779656,4887788,62404780,45045644,64771556,0,0,0,0,5,0,10912320,2190285662,2203897478,32,32,1221947,1556888,3117583,0,56473048,55057,405038022,308245913,0
1789565057.236857,115.822,5942688,400512,0,111,62,90,75140,592655,22203134,17779752,4887884,62377468,45018240,64771556,0,0,0,0,9,0,10912388,2190285662,2203897478,32,32,1221971,1556206,3116218,0,56482237,55057,405038022,308245913,0
1789565057.4875333,116.072,5942961,400512,0,111,62,90,75145,592775,22205871,17779752,4887884,62375788,45016556,64771556,0,0,0,0,6,0,10912488,2190285662,2203897478,32,32,1221971,1556164,3116134,0,56483125,55057,405038022,308245913,0
1789565057.7380188,116.323,5943252,400512,0,111,62,90,75150,592880,22206384,17779752,4887884,62371648,45012416,64771556,0,0,0,0,5,0,10912510,2190285662,2203897478,32,32,1221971,1556061,3115927,0,56485281,55057,405038022,308245913,0
1789565057.9885101,116.573,5943545,400512,0,111,62,90,75155,592983,22207055,17779848,4888000,62371676,45012352,64771556,0,0,0,0,5,0,10912519,2190285684,2203897533,32,32,1222000,1556062,3115928,0,56485453,55057,405038022,308245941,0
1789565058.238977,116.824,5943837,400513,0,111,62,90,75162,593084,22207756,17779848,4886688,62380056,45020728,64771556,0,0,0,0,5,0,10912619,2190285979,2203897828,32,32,1221672,1556271,3116347,0,56486575,55057,405038022,308249129,0
1789565058.4894316,117.074,5944128,400513,0,111,62,90,75169,593185,22209224,17779944,4888996,62375884,45016456,64771556,0,0,0,0,6,0,10912811,2190285979,2203897828,32,32,1222249,1556167,3116139,0,56492883,55057,405038022,308249129,0
1789565058.7399673,117.325,5944410,400513,0,111,62,90,75176,593295,22209755,17779968,4513740,62375928,45016456,64771556,0,374548,0,0,6,0,10912822,2190286003,2203897855,32,32,1128435,1556168,3116141,93637,56492891,55057,405038022,308624385,0
1789565058.9904454,117.575,5944698,400513,0,111,62,90,75181,593402,22210658,17779968,4513740,62375928,45016456,64771556,0,360212,0,0,5,0,10913294,2190286062,2203898071,32,32,1128435,1556168,3116141,90053,56492924,55057,405038022,308624385,0
1789565059.2409532,117.826,5944981,400513,0,111,62,90,75186,593515,22211319,17780064,4513836,62389116,45029548,64771556,0,349920,0,0,5,0,10913375,2190286062,2203898071,32,32,1128459,1556497,3116800,87480,56492952,55057,405038022,308624385,0
1789565059.4914365,118.076,5945249,400513,0,111,62,90,75193,593640,22213020,17780064,4513836,62388864,45029296,64771556,0,335868,0,0,5,0,10913477,2190286062,2203898071,32,32,1128459,1556491,3116787,83967,56493539,55057,405038022,308624385,0
1789565059.7419224,118.327,5945540,400513,0,111,62,90,75197,593745,22213919,17780064,4513836,62388864,45029296,64771556,0,325344,0,0,5,0,10913529,2190286062,2203898071,32,32,1128459,1556491,3116787,81336,56493681,55057,405038022,308624385,0
1789565059.9923854,118.577,5945836,400513,0,111,62,90,75201,593845,22214303,17780160,4513932,62388960,45029296,64771556,0,319200,0,0,6,0,10913657,2190286062,2203898197,32,32,1128483,1556493,3116792,79800,56493699,55057,405038022,308624385,0
1789565060.2428434,118.828,5946130,400513,0,111,62,90,75206,593947,22214800,17780160,4513932,62403736,45044072,64771556,0,301528,0,0,6,0,10913783,2190286062,2203898197,32,32,1128483,1556862,3117531,75382,56493710,55057,405038022,308624385,0
1789565060.4933252,119.078,5946426,400513,0,111,62,90,75212,594044,22215407,17780160,4513932,62402476,45042812,64771556,0,294676,0,0,5,0,10913959,2190286062,2203898320,32,32,1128483,1556830,3117468,73669,56494239,55057,405038022,308624385,0
1789565060.7438192,119.329,5946721,400513,0,111,62,90,75216,594146,22215726,17780256,4514028,62402508,45042748,64771556,0,276952,0,0,5,0,10914007,2190286062,2203898320,32,32,1128507,1556831,3117469,69238,56494247,55057,405038022,308624385,0
1789565060.9942758,119.579,5947019,400513,0,111,62,90,75221,594243,22216222,17780256,4514028,62402508,45042748,64771556,0,261848,0,0,5,0,10914429,2190286062,2203898432,32,32,1128507,1556831,3117469,65462,56494259,55057,405038022,308624385,0
1789565061.244738,119.829,5947312,400513,0,111,62,90,75226,594345,22217301,17780256,4514052,62425372,45065608,64771556,0,252376,0,0,5,0,10914545,2190286062,2203898433,32,32,1128513,1557402,3118612,63094,56494358,55057,405038022,308624445,0
1789565061.4952195,120.08,5947597,400513,0,111,62,90,75229,594457,22218731,17780352,4514148,62423716,45063856,64771556,0,245472,0,0,5,0,10914687,2190286062,2203898454,32,32,1128537,1557361,3118530,61368,56495207,55057,405038022,308624445,0
1789565061.7456958,120.33,5947893,400513,0,111,62,90,75235,594555,22219244,17780352,4514148,62401324,45041464,64771556,0,227800,0,0,5,0,10914734,2190286062,2203898454,32,32,1128537,1556802,3117410,56950,56499332,55057,405038022,308624445,0
1789565061.99617,120.581,5948190,400513,0,111,62,90,75239,594654,22219495,17780448,4514244,62401104,45041152,64771556,0,220948,0,0,5,0,10914777,2190286062,2203898454,32,32,1128561,1556796,3117399,55237,56499332,55057,405038022,308624445,0
1789565062.2466378,120.831,5948483,400513,0,111,62,90,75243,594758,22219982,17780448,4514244,62410960,45051008,64771556,0,203028,0,0,6,0,10915220,2190286062,2203898569,32,32,1128561,1557042,3117892,50757,56499335,55057,405038022,308624445,0
1789565062.497111,121.082,5948777,400513,0,111,62,90,75248,594859,22220579,17780448,4514244,62412064,45052104,64771556,0,196116,0,0,5,0,10915281,2190286062,2203898569,32,32,1128561,1557070,3117947,49029,56499922,55057,405038022,308624445,0
1789565062.7475886,121.332,5949070,400513,0,111,62,90,75254,594960,22221065,17780544,4514340,62411932,45051880,64771556,0,178196,0,0,5,0,10915670,2190286062,2203898687,32,32,1128585,1557066,3117940,44549,56499936,55057,405038022,308624445,0
1789565062.9980562,121.583,5949363,400513,0,111,62,90,75260,595063,22221564,17780544,4514340,62411932,45051880,64771556,0,163100,0,0,5,0,10915704,2190286062,2203898687,32,32,1128585,1557066,3117940,40775,56499952,55057,405038022,308624445,0
1789565063.2485309,121.833,5949659,400513,0,111,62,90,75264,595163,22222307,17780544,4514340,62423816,45063764,64771556,0,153612,0,0,5,0,10915795,2190286062,2203898799,32,32,1128585,1557363,3118535,38403,56499974,55057,405038022,308624445,0
1789565063.4990175,122.084,5949938,400513,0,111,62,90,75270,595279,22224153,17780640,4514436,62422344,45062188,64771556,0,147240,0,0,5,0,10915891,2190286062,2203898895,32,32,1128609,1557326,3118461,36810,56501066,55057,405038022,308624445,0
1789565063.7494774,122.334,5950233,400513,0,111,62,90,75274,595381,22224790,17780640,4514436,62420728,45060572,64771556,0,129292,0,0,5,0,10915962,2190286062,2203899005,32,32,1128609,1557286,3118380,32323,56501389,55057,405038022,308624445,0
1789565063.9999738,122.585,5950532,400513,0,111,62,90,75279,595478,22225030,17780640,4514436,62420428,45060272,64771556,0,122452,0,0,5,0,10916009,2190286062,2203899119,32,32,1128609,1557279,3118365,30613,56501390,55057,405038022,308624445,0
1789565064.2504463,122.835,5950830,400514,0,111,62,90,75289,595571,22225784,17780744,4514532,62397152,45036896,64771556,0,104460,0,0,5,0,10916130,2190286499,2203899671,32,32,1128633,1556698,3117202,26115,56510098,55058,405038034,308624445,0
1789565064.5009398,123.086,5951119,400514,0,111,62,90,75294,595677,22226066,17780744,4514532,62397152,45036896,64771556,0,89372,0,0,5,0,10916283,2190286499,2203899788,32,32,1128633,1556698,3117202,22343,56510112,55058,405038034,308624445,0
1789565064.7513983,123.336,5951470,400514,0,111,62,90,75294,595726,22226175,17780744,4514532,62397152,45036896,64771556,0,79884,0,0,2,0,10916342,2190286499,2203899788,32,32,1128633,1556698,3117202,19971,56510113,55058,405038034,308624445,0
1789565065.0018575,123.587,5951843,400514,0,111,62,90,75302,595746,22226361,17949084,4682868,62393228,44861400,64771556,0,65036,0,0,2,0,10916488,2190286499,2203899788,32,32,1170717,1556519,3116844,16259,56510118,55058,405038034,308624445,0
1789565065.2523193,123.837,5952219,400514,0,111,62,90,75307,595765,22226445,17949476,4683260,62400192,44867840,64771556,0,55308,0,0,2,0,10916667,2190286499,2203899788,32,32,1170815,1556689,3117185,13827,56510142,55058,405038034,308624445,0
1789565065.5027921,124.087,5952593,400514,0,111,62,90,75318,595781,22226678,17949476,4683260,62194528,44662176,64771556,0,40460,0,0,2,0,10918505,2190286499,2203900547,32,32,1170815,1551555,3106904,10115,56561596,55058,405038034,308624445,0
1789565065.7532558,124.338,5952969,400514,0,111,62,90,75318,595806,22226721,17949476,4683260,62194528,44662176,64771556,0,30732,0,0,2,0,10918573,2190286499,2203900547,32,32,1170815,1551555,3106904,7683,56561597,55058,405038034,308624445,0
1789565066.003602,124.588,5953344,400514,0,111,62,90,75318,595831,22226774,17949476,4683260,62194528,44662176,64771556,0,23836,0,0,2,0,10918723,2190286499,2203901008,32,32,1170815,1551555,3106904,5959,56561598,55058,405038034,308624445,0
1789565066.2539668,124.839,5953718,400514,0,111,62,90,75318,595857,22227173,17949476,4683260,62198876,44666516,64771556,0,5916,0,0,2,0,10919039,2190286503,2203901012,32,32,1170815,1551664,3107122,1479,56562166,55058,405038034,308624489,0
1789565066.5044127,125.089,5954093,400514,0,111,62,90,75318,595882,22227220,17949476,4683260,62198876,44666516,64771556,0,0,0,0,2,0,10919115,2190286503,2203901012,32,32,1170815,1551664,3107122,0,56562167,55058,405038034,308624489,0
1789565066.7547414,125.339,5954469,400514,0,111,62,90,75318,595907,22227261,17949476,4683260,62198876,44666516,64771556,0,0,0,0,2,0,10919115,2190286503,2203901012,32,32,1170815,1551664,3107122,0,56562167,55058,405038034,308624489,0
1789565067.0051026,125.59,5954844,400514,0,111,62,90,75318,595932,22227302,17949476,4683260,62198876,44666516,64771556,0,0,0,0,2,0,10919115,2190286503,2203901012,32,32,1170815,1551664,3107122,0,56562170,55058,405038034,308624489,0
1789565067.2554195,125.84,5955220,400514,0,111,62,90,75318,595957,22227368,17949476,4683260,62203980,44671620,64771556,0,0,0,0,2,0,10919241,2190286503,2203901012,32,32,1170815,1551791,3107377,0,56562170,55058,405038034,308624489,0
1789565067.5057454,126.09,5955595,400514,0,111,62,90,75318,595983,22227411,17949476,4683260,62203980,44671620,64771556,0,0,0,0,2,0,10919252,2190286503,2203901012,32,32,1170815,1551791,3107377,0,56562171,55058,405038034,308624489,0
1789565067.756113,126.341,5955960,400514,0,111,62,90,75318,596018,22227746,17949476,4683260,62205416,44673056,64771556,0,0,0,0,10,0,10919276,2190286503,2203901012,32,32,1170815,1551827,3107449,0,56562359,55058,405038034,308624489,0
1789565068.0067914,126.591,5956308,400514,0,111,62,90,75320,596070,22228177,17949476,4683260,62194976,44662608,64771556,0,0,0,0,2,0,10919295,2190286503,2203901012,32,32,1170815,1551566,3106927,0,56563563,55058,405038034,308624489,0
1789565068.257272,126.842,5956670,400514,0,111,62,90,75321,596105,22228951,17949476,4683260,62184556,44652188,64771556,0,0,0,0,2,0,10919425,2190286503,2203901012,32,32,1170815,1551306,3106406,0,56566705,55058,405038034,308624489,0
1789565068.5077639,127.092,5957016,400514,0,111,62,90,75341,596138,22230358,15569460,3566652,62206068,47071044,64771556,0,0,0,0,2,0,10930078,2190287345,2203901854,32,32,891396,1552269,3108334,0,56567620,55059,405038146,308624489,0
1789565068.7582524,127.343,5957391,400514,0,111,62,90,75366,596138,22230691,12445872,1883688,62225428,50257020,64771556,0,0,0,0,2,0,10941896,2190287345,2203901854,32,32,470922,1553821,3111441,0,56567620,55059,405038146,308624489,0
1789565069.0086782,127.593,5957766,400514,0,111,62,90,75392,596139,22230989,9333904,238564,62353584,53551148,64771556,0,0,0,0,2,0,10948528,2190287345,2203901854,32,32,59385,1558371,3120552,0,56567622,55059,405038146,308624489,0
1789565069.2591414,127.844,5958160,400514,0,111,62,90,75397,596140,22231457,8722536,6424,62386968,54219704,64771556,0,0,0,0,1,0,10952199,2190287345,2203901854,32,32,1606,1559808,3123431,0,56567922,55059,405038146,308624489,0
