t,t_rel,cpu_idle,cpu_iowait,cpu_irq,cpu_nice,cpu_softirq,cpu_steal,cpu_system,cpu_user,ctxt,mem_Cached,mem_Dirty,mem_MemAvailable,mem_MemFree,mem_MemTotal,mem_SwapCached,mem_Writeback,mem_WritebackTmp,procs_blocked,procs_running,psi_cpu_full_total,psi_cpu_some_total,psi_io_full_total,psi_io_some_total,psi_memory_full_total,psi_memory_some_total,vm_nr_dirty,vm_nr_dirty_background_threshold,vm_nr_dirty_threshold,vm_nr_writeback,vm_pgfault,vm_pgmajfault,vm_pgpgin,vm_pgpgout,vm_pswpout
1789731842.0705295,0.0,813123,11687,0,262,49,33,16152,202582,3999037,116996,1272,63895732,64277280,64771556,0,0,0,1,1,0,12385741,53588942,54938316,6,34,318,1595799,3195500,0,16687657,6298,26276794,95773045,0
1789731842.3260384,0.256,813371,11704,0,262,49,33,16154,202722,3999644,126612,1372,63880760,64256580,64771556,0,0,0,0,17,0,12387086,53616984,54966373,6,34,343,1595578,3195057,0,16690313,6371,26288674,95773045,0
1789731842.5766406,0.506,813742,11720,0,262,49,33,16156,202733,4000313,132904,1372,63866268,64238356,64771556,0,0,0,1,1,0,12387861,53718999,55068405,6,34,343,1595309,3194519,0,16695104,6397,26296786,95773045,0
1789731842.8271646,0.757,814117,11742,0,262,49,33,16158,202734,4001014,161788,1404,63835904,64193088,64771556,0,0,0,1,1,0,12388654,53863080,55212496,6,34,351,1594923,3193746,0,16699330,6595,26325950,95773045,0
1789731843.0775807,1.007,814481,11765,0,262,49,33,16160,202745,4003083,171648,1404,63821264,64173444,64771556,0,0,0,1,1,0,12389654,53999518,55349005,6,34,351,1594683,3193265,0,16702351,6708,26336058,95773045,0
1789731843.3280802,1.258,814851,11787,0,262,49,33,16161,202754,4004770,179128,1404,63810512,64158976,64771556,0,0,0,1,1,0,12390683,54172254,55521751,6,34,351,1594507,3192913,0,16704559,6714,26343282,95773045,0
1789731843.5785604,1.508,815217,11808,0,262,49,33,16162,202765,4005913,187472,1404,63788700,64132968,64771556,0,0,0,1,1,0,12391583,54336899,55686419,6,34,351,1594067,3192032,0,16709661,6714,26351642,95773045,0
1789731843.829051,1.759,815577,11819,0,262,49,33,16168,202790,4009281,190876,1404,63796596,64139140,64771556,0,0,0,0,5,0,12392014,54371653,55721174,6,34,351,1594307,3192513,0,16721772,6722,26355026,95773077,0
1789731844.0795984,2.009,815929,11831,0,262,49,33,16171,202824,4011855,193728,1404,63762080,64103208,64771556,0,0,0,0,2,0,12392974,54433339,55782860,6,34,351,1593481,3190859,0,16732463,6723,26357918,95773077,0
1789731844.3301108,2.26,816296,11843,0,262,49,33,16172,202846,4014280,196744,1404,63741916,64081524,64771556,0,0,0,0,3,0,12393902,54520215,55869747,6,34,351,1593016,3189927,0,16737175,6723,26361002,95773077,0
1789731844.5805516,2.51,816656,11855,0,262,49,33,16174,202869,4017326,199612,1404,63725516,64063692,64771556,0,0,0,0,2,0,12394576,54598303,55947836,6,34,351,1592642,3189179,0,16741135,6723,26363810,95773077,0
1789731844.8309784,2.76,817012,11868,0,262,49,33,16178,202896,4020151,202844,1404,63702876,64039432,64771556,0,0,0,1,2,0,12395284,54668937,56018469,6,34,351,1592117,3188128,0,16747765,6734,26367066,95773077,0
1789731845.0814462,3.011,817361,11874,0,262,49,33,16181,202939,4027152,204580,1404,63693360,64029024,64771556,0,0,0,0,4,0,12395892,54699688,56049220,6,34,351,1591902,3187697,0,16750294,6739,26368750,95773077,0
1789731845.3319378,3.261,817716,11888,0,262,49,33,16182,202968,4029522,207404,1404,63686404,64020668,64771556,0,0,0,0,5,0,12396453,54777941,56127474,6,34,351,1591763,3187419,0,16751830,6741,26371590,95773077,0
1789731845.5825682,3.512,818083,11895,0,262,49,33,16185,202991,4033117,208812,1404,63722884,64056220,64771556,0,0,0,1,1,0,12396706,54797735,56147268,6,34,351,1592697,3189289,0,16756947,6743,26373418,95773081,0
1789731845.8411787,3.771,818473,11918,0,262,49,33,16185,202992,4033762,236292,1404,63706416,64025908,64771556,0,0,0,1,1,0,12398038,55034443,56383975,6,34,351,1592632,3189158,0,16758721,6971,26401262,95773081,0
1789731846.0959415,4.025,818852,11936,0,262,49,33,16187,202998,4034399,250148,1404,63688704,64001160,64771556,0,0,0,1,1,0,12398941,55217570,56567136,6,34,351,1592365,3188624,0,16762560,7076,26415298,95773081,0
1789731846.3494687,4.279,819232,11952,0,262,49,33,16188,203006,4034928,261496,1404,63674828,63981552,64771556,0,0,0,1,1,0,12400942,55381105,56730684,6,34,351,1592162,3188217,0,16766453,7169,26426630,95773081,0
1789731846.5999484,4.529,819602,11967,0,262,49,33,16189,203021,4036771,267904,1404,63656584,63960048,64771556,0,0,0,0,3,0,12401799,55484051,56833631,6,34,351,1591788,3187468,0,16769834,7181,26433310,95773081,0
1789731846.8503518,4.78,819960,11980,0,262,49,33,16190,203049,4038474,270900,1404,63638920,63940892,64771556,0,0,0,0,2,0,12402321,55564066,56913663,6,34,351,1591384,3186659,0,16773620,7183,26436222,95773081,0
1789731847.1008573,5.03,820302,11990,0,262,49,33,16193,203096,4041087,273340,1404,63597760,63898484,64771556,0,0,0,1,4,0,12403409,55607905,56957508,6,34,351,1590388,3184664,0,16785497,7185,26438654,95773081,0
1789731847.351332,5.281,820631,12001,0,262,49,33,16196,203152,4043001,275720,1404,63549640,63848412,64771556,0,0,0,1,1,0,12403693,55643046,56992652,6,34,351,1589201,3182288,0,16798456,7185,26441214,95773081,0
1789731847.6017947,5.531,820999,12011,0,262,49,33,16197,203172,4044815,278920,1404,63533372,63828948,64771556,0,0,0,0,6,0,12404284,55722472,57072090,6,34,351,1588795,3181475,0,16803336,7185,26444414,95773081,0
1789731847.8523154,5.782,821334,12021,0,262,49,33,16200,203222,4049747,281464,1404,63518028,63810976,64771556,0,0,0,0,3,0,12404786,55756555,57106173,6,34,351,1588412,3180708,0,16807832,7188,26447058,95773081,0
1789731848.1028104,6.032,821701,12028,0,262,49,33,16202,203247,4051159,283632,1404,63510732,63801500,64771556,0,0,0,0,2,0,12406169,55811891,57161530,6,34,351,1588230,3180343,0,16809657,7189,26449150,95773081,0
1789731848.3532946,6.283,822052,12039,0,262,49,33,16203,203281,4053522,286896,1504,63501452,63789060,64771556,0,0,0,1,1,0,12406743,55869473,57219124,6,34,376,1587998,3179879,0,16812494,7190,26452302,95773081,0
1789731848.603827,6.533,822408,12049,0,262,49,33,16205,203315,4055789,290108,1504,63490312,63774612,64771556,0,0,0,1,2,0,12407066,55897300,57246969,6,34,376,1587720,3179322,0,16815047,7190,26455506,95773081,0
1789731848.8543115,6.784,822764,12053,0,262,49,33,16207,203352,4057666,291608,1504,63481728,63764540,64771556,0,0,0,0,2,0,12407904,55909242,57258911,6,34,376,1587506,3178893,0,16817117,7190,26457050,95773081,0
1789731849.1047919,7.034,823089,12055,0,262,49,33,16211,203420,4069358,292264,1504,63475592,63757760,64771556,0,0,0,0,2,0,12408764,55913615,57263284,6,34,376,1587352,3178586,0,16819245,7192,26457674,95773081,0
1789731849.3552966,7.285,823420,12058,0,262,49,33,16214,203481,4074886,292880,236,63462812,63744340,64771556,0,0,0,0,3,0,12409186,55922351,57272026,6,34,59,1587033,3177947,0,16822836,7192,26458278,95774565,0
1789731849.6057427,7.535,823763,12067,0,262,49,33,16217,203526,4079224,295200,236,63457836,63737140,64771556,0,0,0,0,2,0,12409743,55960576,57310251,6,34,59,1586909,3177699,0,16824354,7195,26460614,95774565,0
1789731849.8561394,7.786,824136,12077,0,262,49,33,16218,203543,4080167,298596,236,63452812,63728720,64771556,0,0,0,0,2,0,12410506,56058850,57408525,6,34,59,1586784,3177448,0,16825738,7195,26464058,95774565,0
1789731850.1065056,8.036,824509,12085,0,262,49,33,16218,203562,4081127,300264,236,63442048,63716280,64771556,0,0,0,0,2,0,12411973,56092369,57442044,6,34,59,1586515,3176909,0,16828441,7195,26465662,95774565,0
1789731850.357015,8.286,824854,12092,0,262,50,33,16221,203607,4083634,302512,232,63421852,63693816,64771556,0,0,0,1,1,0,12412342,56125793,57475474,6,34,58,1586011,3175900,0,16833243,7195,26467982,95774565,0
1789731850.6083205,8.538,825231,12104,0,262,50,33,16222,203618,4084132,305764,232,63404304,63673052,64771556,0,0,0,0,2,0,12413233,56243662,57593344,6,34,58,1585573,3175023,0,16837975,7195,26471170,95774565,0
1789731850.858783,8.788,825594,12109,0,262,50,33,16223,203650,4085535,306852,232,63385044,63652672,64771556,0,0,0,0,7,0,12413748,56259669,57609351,6,34,58,1585092,3174060,0,16842693,7195,26472386,95774565,0
1789731851.1095207,9.039,825952,12117,0,262,50,33,16225,203682,4086562,308920,232,63361896,63627468,64771556,0,0,0,0,3,0,12414164,56311021,57660709,6,34,58,1584514,3172903,0,16848140,7195,26474326,95774565,0
1789731851.36001,9.289,826307,12124,0,262,50,33,16227,203717,4088493,310680,232,63336540,63599760,64771556,0,0,0,0,3,0,12414601,56351669,57701366,6,34,58,1583881,3171635,0,16853666,7195,26476674,95774565,0
1789731851.6103628,9.54,826644,12129,0,262,50,33,16230,203773,4093707,311784,232,63307196,63569328,64771556,0,0,0,0,3,0,12415084,56369959,57719657,6,34,58,1583149,3170169,0,16860822,7195,26478002,95774565,0
1789731851.8608108,9.79,826951,12133,0,262,50,33,16234,203858,4096641,313160,384,63258136,63518804,64771556,0,0,0,0,3,0,12415259,56373540,57723238,6,34,96,1581924,3167716,0,16873446,7195,26479230,95774565,0
1789731852.111341,10.041,827321,12144,0,262,50,33,16236,203876,4097550,316428,388,63239188,63496596,64771556,0,0,0,0,2,0,12416084,56465822,57815610,6,34,97,1581451,3166769,0,16877999,7195,26482278,95774565,0
1789731852.3618205,10.291,827673,12149,0,262,50,33,16241,203914,4100293,317712,396,63340836,63596956,64771556,0,0,0,0,2,0,12416570,56474417,57824206,6,34,99,1583988,3171850,0,16887457,7195,26483526,95774565,0
1789731852.6123192,10.542,828039,12156,0,262,50,33,16242,203940,4102756,319492,396,63323780,63578116,64771556,0,0,0,0,2,0,12417130,56522805,57872605,6,34,99,1583563,3170998,0,16891946,7195,26485354,95774565,0
1789731852.862729,10.792,828410,12162,0,262,50,33,16243,203962,4103746,321420,396,63301728,63554140,64771556,0,0,0,0,2,0,12419450,56551945,57901757,6,34,99,1583012,3169895,0,16897357,7195,26487286,95774565,0
1789731853.1131172,11.043,828767,12169,0,262,50,33,16245,203994,4106123,323676,400,63280468,63530600,64771556,0,0,0,0,2,0,12419908,56594317,57944189,6,34,100,1582481,3168832,0,16902950,7196,26489554,95774565,0
1789731853.3634875,11.293,829097,12173,0,262,50,33,16247,204057,4109381,324780,448,63267480,63516516,64771556,0,0,0,0,3,0,12420250,56610089,57959961,6,34,112,1582157,3168183,0,16906377,7196,26490602,95774621,0
1789731853.6138945,11.543,829421,12174,0,262,50,33,16249,204127,4116094,325440,456,63259052,63507404,64771556,0,0,0,0,2,0,12420781,56612295,57962167,6,34,114,1581947,3167762,0,16908342,7196,26491254,95774621,0
1789731853.864387,11.794,829789,12182,0,262,50,33,16250,204151,4118295,365188,456,63252648,63461280,64771556,0,0,0,0,2,0,12421485,56670544,58020415,6,34,114,1581787,3167442,0,16910047,7196,26530978,95774621,0
1789731854.1148748,12.044,830133,12182,0,262,50,33,16254,204203,4122803,388108,23276,63231112,63416596,64771556,0,0,0,0,3,0,12422073,56671087,58020959,6,34,5819,1581249,3166365,0,16914433,7196,26531062,95774621,0
1789731854.3653793,12.295,830502,12183,0,262,50,33,16261,204227,4125829,461072,57812,63150620,63263192,64771556,0,0,0,0,2,0,12422466,56678727,58028598,6,34,14453,1579240,3162342,0,16932126,7196,26569338,95774621,0
1789731854.6158807,12.545,830857,12186,0,262,50,33,16265,204264,4127738,531372,89792,63152332,63194048,64771556,0,0,0,0,2,0,12422837,56698433,58048305,6,34,22448,1579272,3162405,0,16932751,7196,26607614,95774621,0
1789731854.8663714,12.796,831223,12187,0,262,50,33,16274,204289,4130352,588588,109140,63075968,63060064,64771556,0,0,0,0,2,0,12423241,56705476,58055348,6,34,27285,1577356,3158568,0,16936021,7196,26645906,95774621,0
1789731855.1168857,13.046,831584,12188,0,262,50,33,16278,204324,4131902,664360,146100,63079940,62987928,64771556,0,0,0,0,2,0,12423503,56709862,58059742,6,34,36525,1577446,3158750,0,16942187,7196,26684182,95774621,0
1789731855.367364,13.297,831955,12189,0,262,50,33,16283,204347,4133409,743516,187288,63043112,62871356,64771556,0,0,0,0,2,0,12423809,56717657,58067537,6,34,46822,1576512,3156880,0,16947012,7196,26722458,95774621,0
1789731855.6177983,13.547,832310,12190,0,262,50,33,16292,204382,4135709,793000,217820,62966396,62744716,64771556,0,0,0,1,1,0,12424138,56725344,58075224,6,34,54455,1574586,3153022,0,16949539,7196,26741410,95774621,0
1789731855.8682976,13.798,832679,12194,0,262,50,33,16294,204407,4137321,859020,245564,62959420,62671380,64771556,0,0,0,1,1,0,12424440,56737999,58087879,6,34,61391,1574403,3152656,0,16950094,7196,26779942,95774621,0
1789731856.1186528,14.048,833052,12196,0,262,50,33,16297,204430,4138397,944092,281952,62935392,62561812,64771556,0,0,0,0,2,0,12425052,56762973,58112854,6,34,70488,1573791,3151431,0,16955531,7196,26829010,95774621,0
1789731856.3690639,14.299,833424,12196,0,262,50,33,16306,204449,4139404,997744,326688,62870724,62443064,64771556,0,0,0,0,2,0,12425197,56764057,58113937,6,34,81776,1572177,3148199,0,16962975,7196,26837286,95774621,0
1789731856.61951,14.549,833796,12198,0,262,50,33,16311,204472,4140609,1065320,354012,62870752,62375000,64771556,0,0,0,1,1,0,12425568,56774202,58124083,6,34,88503,1572155,3148154,0,16963754,7196,26877794,95774621,0
1789731856.8699598,14.799,834158,12199,0,262,50,33,16317,204502,4143076,1176276,390604,62875020,62267844,64771556,0,0,0,0,3,0,12426025,56784220,58134100,6,34,97651,1572250,3148344,0,16970060,7196,26952114,95774621,0
1789731857.1204503,15.05,834532,12199,0,262,50,33,16324,204523,4143267,1221576,435692,62841004,62187980,64771556,0,0,0,0,2,0,12426153,56784220,58134100,6,34,108923,1571387,3146616,0,16971746,7196,26952114,95774621,0
1789731857.3708942,15.3,834904,12202,0,262,50,33,16329,204543,4144417,1286232,462072,62841660,62123744,64771556,0,0,0,0,2,0,12426783,56814044,58163925,6,34,115518,1571195,3146233,0,16972423,7196,26990390,95774621,0
1789731857.6213582,15.551,835277,12206,0,262,50,33,16331,204565,4145345,1361460,498880,62852436,62058752,64771556,0,0,0,0,2,0,12427277,56843833,58193714,6,34,124720,1571653,3147149,0,16975002,7196,27028818,95774621,0
1789731857.871789,15.801,835650,12209,0,262,50,33,16336,204585,4146787,1445040,544328,62839644,61961908,64771556,0,0,0,0,2,0,12427796,56875432,58225312,6,34,136082,1571320,3146483,0,16981677,7196,27066942,95774621,0
1789731858.1222847,16.052,836017,12211,0,262,50,33,16343,204608,4147750,1503596,564608,62796696,61860020,64771556,0,0,0,0,2,0,12429111,56890028,58239909,6,34,141152,1570240,3144319,0,16983538,7196,27105218,95774621,0
1789731858.3726876,16.302,836391,12212,0,262,50,33,16347,204629,4148505,1585240,607824,62824224,61805340,64771556,0,0,0,0,2,0,12429529,56899740,58249620,6,34,151956,1570912,3145666,0,16983544,7196,27143646,95774621,0
1789731858.623142,16.553,836764,12213,0,262,50,33,16355,204648,4149782,1668664,653464,62798228,61695468,64771556,0,0,0,0,2,0,12429839,56907463,58257343,6,34,163366,1570253,3144346,0,16990517,7196,27181770,95775005,0
1789731858.8736055,16.803,837125,12216,0,262,50,33,16362,204678,4151482,1725012,671660,62765964,61606472,64771556,0,0,0,0,2,0,12430190,56927263,58277143,6,34,167915,1569438,3142714,0,16992686,7196,27220046,95775005,0
1789731859.1241024,17.054,837500,12219,0,262,50,33,16366,204697,4152309,1800112,708360,62785040,61550124,64771556,0,0,0,0,2,0,12430885,56961931,58311811,6,34,177090,1569906,3143651,0,16993226,7196,27258322,95775005,0
1789731859.3745098,17.304,837874,12222,0,262,50,33,16368,204717,4153026,1876284,746328,62821216,61509648,64771556,0,0,0,0,2,0,12431398,56993859,58343739,6,34,186582,1570797,3145435,0,16993481,7196,27296598,95775005,0
1789731859.624913,17.554,838243,12223,0,262,50,33,16379,204737,4155006,1940084,771780,62741896,61366140,64771556,0,0,0,0,2,0,12431769,57003313,58353193,6,34,192945,1568807,3141451,0,17001160,7196,27334874,95775005,0
1789731859.8753803,17.805,838617,12224,0,262,50,33,16382,204760,4155675,2023284,816848,62771140,61311644,64771556,0,0,0,0,2,0,12432075,57012011,58361892,6,34,204212,1569524,3142886,0,17001164,7196,27373150,95775005,0
1789731860.125773,18.055,838986,12225,0,262,50,33,16385,204787,4156525,2106108,861224,62810452,61267524,64771556,0,0,0,0,3,0,12432495,57019247,58369127,6,34,215306,1570490,3144820,0,17001457,7197,27411458,95775005,0
1789731860.376319,18.306,839359,12226,0,262,50,33,16393,204806,4157614,2171832,888972,62749404,61140300,64771556,0,0,0,0,2,0,12433028,57027463,58377344,6,34,222243,1568955,3141746,0,17003382,7197,27449734,95775005,0
1789731860.6267633,18.556,839731,12229,0,262,50,33,16399,204826,4159380,2246452,925016,62733812,61049720,64771556,0,0,0,0,2,0,12433565,57058104,58407984,6,34,231254,1568557,3140949,0,17017262,7197,27488010,95775005,0
1789731860.8772728,18.807,840086,12230,0,262,50,33,16404,204867,4160775,2326856,966924,62756784,60991640,64771556,0,0,0,0,2,0,12433801,57062986,58412867,6,34,241731,1569114,3142065,0,17019732,7197,27526346,95775005,0
1789731861.1277733,19.057,840445,12234,0,262,50,33,16413,204897,4161775,2391896,994748,62702332,60871684,64771556,0,0,0,0,2,0,12434261,57069689,58419569,6,34,248687,1567750,3139334,0,17023988,7217,27565678,95775069,0
1789731861.3783019,19.308,840797,12248,0,262,50,33,16418,204924,4163209,2478140,1039340,62710140,60791164,64771556,0,0,0,0,3,0,12434707,57119739,58469620,6,34,259835,1567931,3139696,0,17028578,7270,27609478,95775069,0
1789731861.6287296,19.558,841147,12265,0,262,50,33,16423,204951,4164295,2567280,1084348,62731628,60722352,64771556,0,0,0,1,2,0,12435267,57202197,58552078,6,34,271087,1568449,3140733,0,17031815,7309,27653810,95775069,0
1789731861.8791404,19.809,841491,12276,0,262,50,33,16434,204982,4166043,2632996,1109900,62687680,60612172,64771556,0,0,0,0,3,0,12435659,57221519,58571503,6,34,277475,1567340,3138513,0,17039400,7325,27695118,95775073,0
1789731862.1296139,20.059,841860,12280,0,262,50,33,16439,205004,4167544,2716716,1154680,62725660,60565148,64771556,0,0,0,0,2,0,12436064,57230667,58580654,6,34,288771,1568275,3140384,0,17042378,7346,27734926,95775121,0
1789731862.3801196,20.31,842231,12281,0,262,50,33,16443,205028,4168139,2800764,1200452,62722752,60477944,64771556,0,0,0,0,2,0,12436367,57238351,58588337,6,34,300113,1568169,3140172,0,17043007,7346,27773202,95775121,0
1789731862.6304934,20.56,842585,12285,0,262,50,33,16449,205065,4169156,2859208,1220364,62699192,60395556,64771556,0,0,0,0,3,0,12436654,57257331,58607317,6,34,305091,1567590,3139013,0,17044506,7346,27811478,95775121,0
1789731862.8809795,20.81,842953,12285,0,262,50,33,16454,205091,4170648,2939892,1263028,62702868,60317896,64771556,0,0,0,0,2,0,12437007,57265273,58615260,6,34,315757,1567668,3139169,0,17054214,7346,27849754,95775121,0
1789731863.1313508,21.061,843310,12290,0,262,50,33,16458,205124,4173255,3024388,1175972,62708556,60238588,64771556,0,8192,0,0,3,0,12437440,57274761,58624840,6,34,293993,1567797,3139428,2048,17055185,7346,27888030,95908381,0
1789731863.3817313,21.311,843675,12298,0,262,50,33,16468,205141,4176110,3079440,1000180,62628592,60103240,64771556,0,0,0,0,2,0,12438220,57322765,58673238,6,34,250045,1565793,3135414,0,17057420,7346,27926306,96101165,0
1789731863.632211,21.562,844049,12302,0,262,50,33,16471,205161,4176847,3157436,1039376,62633184,60029496,64771556,0,0,0,0,2,0,12438715,57352961,58703434,6,34,259947,1565899,3135627,0,17057422,7346,27964582,96101545,0
1789731863.8825786,21.812,844424,12305,0,262,50,33,16474,205179,4177511,3233740,1077596,62634992,59954536,64771556,0,0,0,0,2,0,12439232,57387636,58738109,6,34,269399,1565932,3135694,0,17057423,7346,28002858,96101545,0
1789731864.133009,22.062,844792,12306,0,262,50,33,16483,205201,4179331,3299060,1104784,62588740,59842560,64771556,0,0,0,0,2,0,12439898,57391619,58742092,6,34,276196,1564768,3133363,0,17064994,7346,28041134,96101545,0
1789731864.3835049,22.313,845167,12307,0,262,50,33,16486,205222,4179940,3382192,1149456,62639964,59810112,64771556,0,0,0,0,2,0,12440342,57400720,58751193,6,34,287364,1566033,3135896,0,17065046,7346,28079410,96101545,0
1789731864.6338954,22.563,845542,12310,0,262,50,33,16489,205241,4180619,3458912,1188336,62656556,59749308,64771556,0,0,0,0,2,0,12440889,57435564,58786038,6,34,297084,1566431,3136692,0,17065051,7346,28117686,96101545,0
1789731864.8842783,22.814,845910,12311,0,262,50,33,16498,205265,4181508,3524620,1215516,62601756,59628608,64771556,0,0,0,0,2,0,12441163,57442097,58792570,6,34,303879,1565058,3133943,0,17067043,7346,28155962,96101545,0
1789731865.134725,23.064,846284,12314,0,262,50,33,16500,205286,4182256,3602264,1254884,62634500,59582956,64771556,0,0,0,0,3,0,12441868,57475014,58825487,6,34,313721,1565856,3135542,0,17067048,7346,28194238,96101545,0
1789731865.3851583,23.315,846656,12318,0,262,50,33,16507,205305,4184051,3676052,1290396,62602904,59477128,64771556,0,0,0,0,2,0,12442369,57507093,58857566,6,34,322599,1565057,3133940,0,17083093,7346,28232514,96101545,0
1789731865.6356251,23.565,847015,12319,0,262,50,33,16516,205335,4185843,3740392,1316484,62537292,59346768,64771556,0,0,0,0,2,0,12442626,57513387,58863873,6,34,329121,1563409,3130640,0,17085276,7346,28270790,96101545,0
1789731865.8861406,23.816,847390,12320,0,262,50,33,16520,205356,4186432,3823356,1361248,62735992,59461964,64771556,0,0,0,0,2,0,12442946,57522506,58872992,6,34,340312,1568355,3140546,0,17085276,7346,28309066,96101545,0
1789731866.1365428,24.066,847765,12321,0,262,50,33,16523,205377,4187063,3906516,1406032,62768392,59410828,64771556,0,0,0,0,2,0,12443464,57531906,58882393,6,34,351508,1569145,3142126,0,17085284,7346,28347342,96101545,0
1789731866.3869991,24.316,848138,12322,0,262,50,33,16532,205395,4187878,3971452,1432908,62716752,59293568,64771556,0,0,0,0,2,0,12444260,57540303,58890789,6,34,358227,1567849,3139531,0,17087192,7346,28385618,96101545,0
1789731866.6374812,24.567,848510,12322,0,262,50,33,16536,205417,4189315,4053372,1476032,62737468,59231620,64771556,0,0,0,0,2,0,12444596,57548466,58898953,6,34,369008,1568347,3140529,0,17092997,7346,28423894,96101545,0
1789731866.8879704,24.817,848884,12323,0,262,50,33,16540,205440,4189956,4140444,1525132,62754544,59160820,64771556,0,0,0,0,2,0,12444904,57558196,58908682,6,34,381283,1568753,3141343,0,17093015,7346,28462170,96101545,0
1789731867.1383853,25.068,849257,12324,0,262,50,33,16548,205457,4190941,4201572,1547984,62692188,59037032,64771556,0,0,0,0,2,0,12445306,57564033,58914519,6,34,386996,1567189,3138210,0,17094930,7346,28500446,96101545,0
1789731867.3888626,25.318,849630,12328,0,262,50,33,16553,205478,4192471,4278612,1586748,62683996,58951272,64771556,0,0,0,0,2,0,12445855,57597189,58947676,6,34,396687,1566971,3137775,0,17101034,7346,28538722,96101545,0
1789731867.6393123,25.569,849993,12329,0,262,50,33,16556,205512,4193613,4364432,1634364,62674196,58854872,64771556,0,0,0,0,2,0,12446137,57606517,58957017,6,34,408591,1566707,3137246,0,17101783,7346,28576998,96101545,0
1789731867.8897748,25.819,850365,12330,0,262,50,33,16565,205531,4194521,4424832,1656416,62622616,58742600,64771556,0,0,0,0,2,0,12447386,57614923,58965423,6,34,414104,1565412,3134652,0,17103720,7346,28615274,96101545,0
1789731868.1402614,26.07,850740,12332,0,262,50,33,16568,205551,4195204,4504596,1697904,62665660,58705252,64771556,0,0,0,0,2,0,12447988,57636697,58987197,6,34,424476,1566471,3136773,0,17103721,7346,28653550,96101545,0
1789731868.3907075,26.32,851095,12346,0,262,50,33,16578,205571,4205981,4588944,1206472,62682980,58637532,64771556,0,4616,0,1,2,0,12449715,57682182,59034354,6,34,301618,1566887,3137606,1104,17104262,7346,28691834,96639017,0
1789731868.6411834,26.571,851453,12361,0,262,50,33,16588,205587,4210962,4641840,889088,62643400,58544948,64771556,0,0,0,0,2,0,12450468,57731815,59084400,6,34,222272,1565897,3135623,0,17105881,7346,28730110,96971433,0
1789731868.8916416,26.821,851828,12362,0,262,50,33,16591,205609,4211582,4723408,932304,62680408,58499640,64771556,0,0,0,0,2,0,12450855,57741188,59093773,6,34,233076,1566802,3137436,0,17105889,7346,28768386,96971433,0
1789731869.1420631,27.072,852203,12363,0,262,50,33,16594,205630,4212209,4808428,979124,62716736,58450308,64771556,0,0,0,0,2,0,12451372,57750450,59103035,6,34,244781,1567693,3139220,0,17105896,7346,28806662,96971433,0
1789731869.3924346,27.322,852575,12363,0,262,50,33,16603,205648,4213058,4870712,1003180,62653804,58324692,64771556,0,0,0,0,2,0,12451790,57756647,59109245,6,34,250795,1566112,3136054,0,17107888,7346,28844938,96971433,0
1789731869.6429536,27.572,852930,12364,0,262,50,33,16607,205688,4215226,4949948,1044092,62645040,58236116,64771556,0,0,0,0,2,0,12451928,57758434,59111031,6,34,261023,1565879,3135587,0,17115382,7346,28883214,96971433,0
1789731869.8934193,27.823,853303,12365,0,262,50,33,16611,205711,4215869,5036112,1091980,62673004,58177156,64771556,0,0,0,0,2,0,12452253,57767819,59120416,6,34,272995,1566558,3136947,0,17115605,7346,28921490,96971433,0
1789731870.1438332,28.073,853675,12367,0,262,50,33,16620,205730,4217408,5093936,1111528,62629396,58075412,64771556,0,0,0,0,3,0,12453080,57779967,59132565,6,34,277882,1565462,3134752,0,17117493,7346,28959766,96971433,0
1789731870.3943233,28.324,854050,12368,0,262,50,33,16622,205752,4218016,5174036,1153352,62666848,58032172,64771556,0,0,0,0,2,0,12454050,57786822,59139432,6,34,288338,1566382,3136594,0,17117498,7346,28998042,96971433,0
1789731870.6448214,28.574,854422,12369,0,262,50,33,16628,205774,4219707,5259640,1200680,62670668,57949776,64771556,0,0,0,0,2,0,12454392,57795245,59147855,6,34,300170,1566452,3136734,0,17123378,7346,29036318,96971433,0
1789731870.8953068,28.825,854792,12370,0,262,50,33,16637,205794,4220474,5319080,1221780,62641940,57861244,64771556,0,0,0,0,2,0,12454907,57803773,59156383,6,34,305445,1565736,3135300,0,17125229,7346,29074594,96971433,0
1789731871.145769,29.075,855166,12370,0,262,50,33,16640,205817,4221107,5399644,1264116,62679124,57817176,64771556,0,0,0,0,2,0,12455331,57812420,59165030,6,34,316029,1566646,3137124,0,17125236,7346,29112894,96971433,0
1789731871.396195,29.326,855534,12371,0,262,50,33,16645,205844,4221718,5483152,1309364,62667728,57721604,64771556,0,0,0,0,3,0,12455577,57819116,59171726,6,34,327341,1566346,3136522,0,17125872,7346,29151146,96971433,0
1789731871.6466343,29.576,855903,12372,0,262,50,33,16652,205867,4222995,5546228,1334132,62641188,57631740,64771556,0,0,0,0,2,0,12455887,57827077,59179688,6,34,333533,1565677,3135183,0,17128284,7346,29189422,96971433,0
1789731871.8971522,29.827,856266,12373,0,262,50,33,16655,205900,4224400,5633524,1372808,62637064,57539640,64771556,0,0,0,0,2,0,12456233,57834705,59187315,6,34,343202,1565569,3134967,0,17128300,7346,29238586,96971433,0
1789731872.1476314,30.077,856641,12374,0,262,50,33,16661,205919,4224794,5706628,1418012,62607956,57436844,64771556,0,0,0,0,3,0,12457290,57835290,59187900,6,34,354503,1564815,3133456,0,17129266,7346,29265974,96971433,0
1789731872.398032,30.328,857014,12377,0,262,50,33,16666,205937,4225825,5767692,1440740,62626140,57393664,64771556,0,0,0,0,2,0,12457853,57864142,59216752,6,34,360185,1565262,3134351,0,17130219,7346,29304250,96971433,0
1789731872.648498,30.578,857390,12381,0,262,50,33,16668,205956,4226490,5843840,1478616,62645652,57336476,64771556,0,0,0,0,2,0,12458422,57898705,59251315,6,34,369654,1565735,3135298,0,17130220,7346,29342526,96971433,0
1789731872.8990045,30.828,857759,12384,0,262,50,33,16673,205979,4228149,5919640,1516180,62655380,57269880,64771556,0,12,0,0,2,0,12458874,57927879,59280490,6,34,379149,1565975,3135780,3,17136019,7346,29380806,96971541,0
1789731873.1494992,31.079,858130,12387,0,262,50,33,16683,205997,4229108,5980884,1539108,62593360,57146276,64771556,0,0,0,0,2,0,12459343,57955191,59307817,6,34,384777,1564408,3132642,0,17137949,7346,29419082,96971541,0
1789731873.4000258,31.329,858505,12390,0,262,50,33,16686,206016,4229769,6058364,1578328,62616040,57090932,64771556,0,0,0,0,2,0,12459847,57985936,59338578,6,34,394582,1564961,3133748,0,17137949,7346,29457358,96971541,0
1789731873.6504688,31.58,858880,12394,0,262,50,33,16689,206036,4230453,6135132,1616904,62642272,57039792,64771556,0,0,0,0,2,0,12460280,58015720,59368362,6,34,404226,1565600,3135029,0,17137952,7346,29495634,96971929,0
1789731873.9008875,31.83,859252,12397,0,262,50,33,16698,206051,4231271,6195724,1638860,62579624,56916096,64771556,0,0,0,0,2,0,12460812,58047462,59400105,6,34,409816,1564025,3131875,0,17139866,7346,29533910,96971929,0
1789731874.1513705,32.081,859610,12398,0,262,50,33,16704,206086,4233395,6275044,1680060,62577888,56834460,64771556,0,0,0,0,2,0,12461382,58050212,59402856,6,34,420015,1563968,3131761,0,17146209,7346,29572186,96971929,0
1789731874.4018662,32.331,859985,12399,0,262,50,33,16706,206108,4233912,6355980,1722992,62633072,56808104,64771556,0,0,0,0,2,0,12461760,58059142,59411786,6,34,430748,1565331,3134489,0,17146210,7346,29610462,96971929,0
1789731874.6522686,32.582,860355,12402,0,262,50,33,16714,206128,4234663,6416784,1745516,62552752,56666528,64771556,0,0,0,0,2,0,12462162,58083243,59435887,6,34,436379,1563314,3130452,0,17148136,7346,29648738,96971929,0
1789731874.9027052,32.832,860729,12403,0,262,50,33,16717,206150,4235259,6498768,1785428,62597036,56628288,64771556,0,384,0,0,2,0,12462519,58091944,59444588,6,34,446357,1564406,3132638,96,17148136,7346,29687014,96975601,0
1789731875.1531458,33.083,861102,12404,0,262,50,33,16721,206172,4236740,6579764,1827748,62602732,56552780,64771556,0,0,0,0,2,0,12463784,58100255,59452900,6,34,456937,1564543,3132913,0,17154188,7346,29725290,96975601,0
1789731875.4036262,33.333,861471,12405,0,262,50,33,16730,206194,4237387,6645496,1855828,62536028,56419488,64771556,0,0,0,0,2,0,12464122,58107563,59460208,6,34,463957,1562857,3129535,0,17156117,7346,29763566,96975601,0
1789731875.6541123,33.584,861845,12406,0,262,50,33,16733,206216,4237926,6727648,1899560,62578752,56379516,64771556,0,0,0,0,2,0,12464425,58116761,59469406,6,34,474890,1563910,3131644,0,17156134,7346,29801842,96975601,0
1789731875.9044755,33.834,862220,12407,0,262,50,33,16737,206236,4238487,6808556,1942180,62606048,56325140,64771556,0,0,0,0,2,0,12464815,58127417,59480061,6,34,485545,1564572,3132970,0,17156135,7346,29840118,96975601,0
1789731876.1548808,34.084,862580,12408,0,262,50,33,16745,206267,4239493,6874652,1969844,62530936,56183644,64771556,0,0,0,0,3,0,12465179,58128584,59481230,6,34,492461,1562690,3129201,0,17160650,7346,29878394,96975601,0
1789731876.4053428,34.335,862943,12409,0,262,50,33,16749,206300,4240707,6956504,2013232,62601636,56171744,64771556,0,0,0,0,2,0,12465481,58134896,59487542,6,34,503308,1564436,3132698,0,17161697,7346,29916670,96975601,0
1789731876.655804,34.585,863319,12412,0,262,50,33,16751,206319,4241362,7031628,2050384,62621976,56116352,64771556,0,0,0,0,2,0,12466050,58170835,59523481,6,34,512596,1564929,3133684,0,17161699,7346,29954946,96975601,0
1789731876.9062274,34.836,863688,12413,0,262,50,33,16759,206340,4242022,7097420,2077696,62554440,55982784,64771556,0,0,0,0,2,0,12466271,58174578,59527224,6,34,519424,1563237,3130296,0,17163623,7346,29993222,96975601,0
1789731877.1566744,35.086,864064,12416,0,262,50,33,16763,206359,4242679,7175980,2117940,62557336,55906548,64771556,0,0,0,0,2,0,12467807,58206006,59558652,6,34,529485,1563295,3130412,0,17163625,7346,30031498,96975601,0
1789731877.4071221,35.337,864436,12419,0,262,50,33,16767,206379,4244226,7253060,2156872,62529680,55801300,64771556,0,0,0,0,2,0,12468326,58232238,59584884,6,34,539218,1562589,3128998,0,17171295,7346,30069774,96975601,0
1789731877.6575813,35.587,864806,12422,0,262,50,33,16775,206399,4245054,7314248,2179852,62457176,55667072,64771556,0,0,0,0,2,0,12468638,58246614,59599260,6,34,544963,1560768,3125353,0,17173345,7346,30108050,96975601,0
1789731877.9080682,35.838,865181,12425,0,262,50,33,16777,206418,4245706,7391484,2218744,62491148,55623332,64771556,0,0,0,0,2,0,12469963,58274813,59627459,6,34,554686,1561604,3127027,0,17173346,7346,30146326,96975601,0
1789731878.1584315,36.088,865556,12429,0,262,50,33,16779,206438,4246432,7467988,2256980,62529492,55584488,64771556,0,0,0,0,2,0,12470492,58309069,59661730,6,34,564245,1562544,3128909,0,17173351,7346,30184602,96975633,0
1789731878.4088237,36.338,865920,12432,0,262,50,33,16790,206462,4248239,7532524,2283212,62452572,55442548,64771556,0,0,0,0,3,0,12471619,58316191,59668852,6,34,570803,1560612,3125041,0,17181421,7346,30222878,96975633,0
1789731878.6593533,36.589,866274,12434,0,262,50,33,16794,206503,4249543,7609120,2321556,62447520,55360556,64771556,0,0,0,0,2,0,12471872,58326237,59678908,6,34,580389,1560478,3124771,0,17182733,7346,30261154,96975993,0
1789731878.9098313,36.839,866648,12435,0,262,50,33,16796,206526,4250116,7690912,2365084,62512304,55342764,64771556,0,0,0,0,2,0,12473212,58335155,59687826,6,34,591271,1562075,3127970,0,17182733,7346,30299430,96975993,0
1789731879.1602325,37.09,867020,12435,0,262,50,33,16805,206544,4250938,7756632,2392308,62440328,55204596,64771556,0,0,0,0,2,0,12473888,58342901,59695572,6,34,598077,1560267,3124349,0,17184768,7346,30337706,96975993,0
1789731879.410724,37.34,867395,12436,0,262,50,33,16809,206565,4251511,7840252,2437644,62486436,55166532,64771556,0,0,0,0,2,0,12474187,58351948,59704619,6,34,609411,1561404,3126626,0,17184771,7346,30375982,96975993,0
1789731879.661136,37.591,867768,12438,0,262,50,33,16814,206584,4252990,7919388,2478700,62493976,55094316,64771556,0,0,0,0,2,0,12474610,58370626,59723298,6,34,619675,1561577,3126972,0,17191936,7346,30414258,96975993,0
1789731879.911613,37.841,868142,12442,0,262,50,33,16822,206599,4253786,7981176,2502212,62420384,54958500,64771556,0,0,0,0,2,0,12475235,58403328,59756000,6,34,625553,1559729,3123271,0,17193845,7346,30452534,96975993,0
1789731880.162137,38.092,868517,12442,0,262,50,33,16825,206622,4254355,8063612,2546180,62473412,54928536,64771556,0,0,0,0,2,0,12475664,58411531,59764308,6,34,636646,1561039,3125895,0,17193847,7346,30490810,96975993,0
1789731880.412644,38.342,868892,12443,0,262,50,33,16828,206642,4254914,8144560,2588720,62499876,54873448,64771556,0,0,0,0,2,0,12477080,58421539,59774315,6,34,647281,1561684,3127188,0,17193849,7346,30529086,96975993,0
1789731880.6631389,38.593,869264,12444,0,262,50,33,16836,206663,4255920,8209480,2615816,62430052,54738248,64771556,0,0,0,0,2,0,12477392,58430247,59783024,6,34,653954,1559930,3123674,0,17198812,7346,30567362,96975993,0
1789731880.9136436,38.843,869629,12445,0,262,50,33,16839,206695,4257099,8290800,2658928,62503828,54730160,64771556,0,0,0,0,2,0,12477673,58436829,59789606,6,34,664732,1561758,3127335,0,17198830,7346,30605638,96975993,0
1789731881.1641586,39.094,870003,12446,0,262,50,33,16842,206717,4257635,8373104,2702576,62536924,54680160,64771556,0,0,0,0,2,0,12478191,58445875,59798652,6,34,675644,1562565,3128950,0,17198832,7346,30643914,96975993,0
1789731881.4146535,39.344,870377,12447,0,262,50,33,16851,206735,4258264,8440072,2731400,62480768,54556772,64771556,0,0,0,0,2,0,12478479,58455135,59807911,6,34,682850,1561156,3126130,0,17200739,7346,30682190,96975993,0
1789731881.6651769,39.595,870752,12448,0,262,50,33,16854,206756,4258843,8521504,2774712,62517420,54511240,64771556,0,0,0,0,2,0,12478826,58467591,59820367,6,34,693678,1562052,3127924,0,17200747,7346,30720466,96975993,0
1789731881.9156833,39.845,871125,12449,0,262,50,33,16860,206777,4260216,8602796,2817492,62516364,54428288,64771556,0,0,0,0,2,0,12479207,58478965,59831741,6,34,704373,1562011,3127841,0,17207910,7346,30758742,96975993,0
1789731882.1662133,40.096,871499,12450,0,262,50,33,16868,206794,4260830,8668300,2845032,62466388,54312360,64771556,0,0,0,0,2,0,12479658,58487351,59840127,6,34,711258,1560752,3125321,0,17209825,7346,30797018,96975993,0
1789731882.4167109,40.346,871873,12451,0,262,50,33,16870,206818,4261420,8749912,2888388,62505744,54269552,64771556,0,0,0,0,2,0,12480016,58495967,59848744,6,34,722097,1561721,3127260,0,17209828,7346,30835294,96975993,0
1789731882.6672451,40.597,872247,12452,0,262,50,33,16873,206840,4261957,8835900,2935904,62526568,54203576,64771556,0,0,0,0,2,0,12480339,58504834,59857611,6,34,733976,1562220,3128261,0,17210073,7346,30873570,96975993,0
1789731882.9177482,40.847,872620,12455,0,262,50,33,16882,206855,4263344,8892256,2954080,62464372,54084776,64771556,0,0,0,0,2,0,12480989,58533591,59886409,6,34,738520,1560662,3125139,0,17216188,7346,30911846,96975993,0
1789731883.1682959,41.098,872985,12458,0,262,50,33,16885,206883,4264648,8967692,2990756,62571304,54115732,64771556,0,0,0,0,2,0,12481330,58548525,59901346,6,34,747689,1563317,3130458,0,17216417,7346,30950122,96976365,0
1789731883.4187934,41.348,873360,12460,0,262,50,33,16888,206904,4265223,9045628,3030356,62592532,54058428,64771556,0,0,0,0,2,0,12481732,58568724,59921545,6,34,757589,1563832,3131489,0,17216420,7346,30988398,96976365,0
1789731883.6693025,41.599,873733,12464,0,262,50,33,16898,206918,4265993,9106012,3052676,62525508,53930768,64771556,0,0,0,0,2,0,12482344,58601807,59954627,6,34,763169,1562153,3128126,0,17218322,7346,31026674,96976729,0
1789731883.9197989,41.849,874108,12467,0,262,50,33,16901,206937,4266656,9182300,3090724,62563468,53891900,64771556,0,0,0,0,2,0,12482886,58636746,59989566,6,34,772681,1563087,3129996,0,17218326,7346,31064950,96976729,0
1789731884.17029,42.1,874481,12468,0,262,50,33,16906,206958,4268093,9263068,3132636,62577752,53824772,64771556,0,0,0,0,2,0,12483248,58644701,59997536,6,34,783159,1563428,3130679,0,17228040,7346,31103226,96976861,0
1789731884.420813,42.35,874847,12471,0,262,50,33,16915,206981,4268895,9326352,3157732,62510272,53693588,64771556,0,0,0,0,2,0,12484511,58667267,60020117,6,34,789433,1561733,3127284,0,17229966,7346,31141502,96976861,0
1789731884.6713135,42.601,875222,12474,0,262,50,33,16917,207000,4269541,9404784,3197576,62543232,53647572,64771556,0,0,0,0,2,0,12485040,58699634,60052484,6,34,799394,1562542,3128905,0,17229970,7346,31179778,96976861,0
1789731884.9218142,42.851,875594,12476,0,262,50,33,16920,207025,4270100,9486304,3240984,62574680,53596920,64771556,0,0,0,0,2,0,12486256,58711027,60063877,6,34,810246,1563313,3130448,0,17229977,7346,31218054,96976861,0
1789731885.1723335,43.102,875967,12479,0,262,50,33,16931,207039,4271578,9548232,3264680,62509884,53469712,64771556,0,0,0,0,2,0,12487111,58740752,60093602,6,34,816170,1561683,3127185,0,17235488,7346,31256330,96976861,0
1789731885.4228225,43.352,876330,12480,0,262,50,33,16934,207073,4272753,9631116,3309184,62594872,53471268,64771556,0,0,0,0,2,0,12487362,58747110,60099960,6,34,827296,1563791,3131406,0,17237145,7346,31294606,96976861,0
1789731885.6733332,43.603,876696,12481,0,262,50,33,16941,207097,4274190,9712468,3355248,62620528,53414648,64771556,0,0,0,0,2,0,12487681,58754250,60107099,6,34,838812,1564412,3132649,0,17244541,7349,31333122,96976861,0
1789731885.923827,43.853,877071,12482,0,262,50,33,16950,207113,4274970,9778052,3382740,62554188,53282448,64771556,0,0,0,0,2,0,12488218,58763252,60116102,6,34,845685,1562749,3129319,0,17246474,7349,31371398,96976861,0
1789731886.1743085,44.104,877444,12485,0,262,50,33,16953,207133,4276031,9857456,3423988,62598196,53246504,64771556,0,0,0,0,2,0,12488866,58797259,60150109,6,34,855997,1563833,3131491,0,17246529,7349,31409674,96976861,0
1789731886.4246926,44.354,877813,12489,0,262,50,33,16959,207156,4277656,9935092,3463540,62598116,53168140,64771556,0,0,0,0,2,0,12489356,58824488,60177338,6,34,865885,1563815,3131455,0,17256250,7349,31447950,96976861,0
1789731886.6752365,44.605,878188,12491,0,262,50,33,16966,207172,4278428,10000284,3490516,62535108,53039516,64771556,0,0,0,0,2,0,12490162,58849854,60202704,6,34,872629,1562232,3128284,0,17258162,7349,31486226,96976861,0
1789731886.92573,44.855,878556,12494,0,262,50,33,16969,207200,4279120,10079008,3530884,62568876,52994016,64771556,0,0,0,0,3,0,12490563,58874272,60227122,6,34,882721,1563061,3129945,0,17258166,7349,31524522,96976861,0
1789731887.1764553,45.106,878929,12498,0,262,50,33,16972,207221,4279813,10154996,3568684,62609408,52957960,64771556,0,0,0,0,2,0,12491227,58905886,60258736,6,34,892171,1564058,3131941,0,17258179,7349,31562798,96976861,0
1789731887.426989,45.356,879299,12501,0,262,50,33,16982,207238,4281376,10214672,3590208,62520188,52808612,64771556,0,0,0,0,2,0,12491706,58936036,60288886,6,34,897552,1561820,3127458,0,17264215,7349,31601074,96976861,0
1789731887.6774898,45.607,879663,12504,0,262,50,33,16985,207267,4282679,10290080,3626936,62551500,52764168,64771556,0,0,0,0,2,0,12491966,58945899,60298760,6,34,906837,1562593,3129006,0,17265163,7349,31639350,96976861,0
1789731887.9280405,45.858,880037,12508,0,262,50,33,16988,207287,4283384,10365684,3664668,62621372,52757840,64771556,0,0,0,0,2,0,12492461,58979470,60332330,6,34,916167,1564322,3132469,0,17265166,7349,31677626,96976861,0
1789731888.1785328,46.108,880412,12509,0,262,50,33,16998,207304,4284045,10438188,3698896,62572920,52636220,64771556,0,0,0,0,2,0,12493942,58988917,60341777,6,34,924724,1563096,3130014,0,17267075,7349,31715902,96976861,0
1789731888.4290485,46.359,880786,12510,0,262,50,33,17000,207326,4284624,10512368,3734776,62609248,52598028,64771556,0,0,0,0,2,0,12494309,58997686,60350568,6,34,933694,1563994,3131813,0,17267088,7349,31754178,96977225,0
1789731888.6795492,46.609,881159,12511,0,262,50,33,17005,207348,4286031,10591732,3776028,62613040,52521844,64771556,0,0,0,0,2,0,12494688,59008778,60361660,6,34,944007,1564074,3131972,0,17274978,7349,31792454,96977225,0
1789731888.9300084,46.859,881534,12512,0,262,50,33,17014,207364,4286654,10661696,3807928,62545076,52383260,64771556,0,0,0,0,2,0,12495089,59017672,60370554,6,34,951982,1562361,3128542,0,17276886,7349,31830730,96977225,0
1789731889.180521,47.11,881910,12512,0,262,50,33,17018,207385,4287149,10739364,3847148,62588576,52348752,64771556,0,0,0,0,3,0,12495619,59025796,60378678,6,34,961787,1563438,3130700,0,17276887,7349,31869006,96977225,0
1789731889.4310558,47.361,882285,12513,0,262,50,33,17020,207407,4287653,10821192,3890872,62619596,52297136,64771556,0,0,0,0,2,0,12495950,59034788,60387670,6,34,972718,1564192,3132210,0,17276888,7349,31907282,96977225,0
1789731889.6814334,47.611,882659,12515,0,262,50,33,17029,207423,4288661,10885904,3917440,62561264,52173632,64771556,0,0,0,0,2,0,12496416,59047437,60400319,6,34,979360,1562725,3129271,0,17279724,7349,31945558,96977225,0
1789731889.931912,47.861,883023,12515,0,262,50,33,17032,207455,4289786,10968036,3961016,62595876,52125568,64771556,0,0,0,0,2,0,12496727,59052745,60405626,6,34,990254,1563575,3130974,0,17280037,7349,31983834,96977225,0
1789731890.182382,48.112,883398,12516,0,262,50,33,17035,207476,4290313,11050836,4005212,62677140,52123460,64771556,0,0,0,0,2,0,12497168,59061709,60414591,6,34,1001303,1565590,3135008,0,17280039,7349,32022110,96977225,0
1789731890.4327664,48.362,883770,12519,0,262,50,33,17044,207492,4291144,11112896,4028988,62608428,51992200,64771556,0,0,0,0,2,0,12498723,59074327,60427209,6,34,1007247,1563862,3131548,0,17281947,7349,32060362,96977225,0
1789731890.6832952,48.613,884145,12520,0,262,50,33,17047,207513,4291721,11194464,4072808,62637504,51939148,64771556,0,0,0,0,2,0,12499076,59083653,60436534,6,34,1018202,1564574,3132973,0,17281950,7349,32098638,96977225,0
1789731890.933691,48.863,884518,12521,0,262,50,33,17052,207536,4293072,11274044,4113880,62607088,51828524,64771556,0,0,0,0,2,0,12499465,59092438,60445320,6,34,1028470,1563799,3131422,0,17291653,7349,32136914,96977225,0
1789731891.1842167,49.114,884892,12522,0,262,50,33,17060,207553,4293742,11341428,4142988,62551552,51705168,64771556,0,0,0,0,2,0,12499822,59101187,60454069,6,34,1035747,1562402,3128624,0,17293564,7349,32175190,96977225,0
1789731891.4346936,49.364,885267,12525,0,262,50,33,17062,207572,4294361,11418608,4181932,62589496,51665388,64771556,0,0,0,0,2,0,12500318,59133695,60486577,6,34,1045483,1563335,3130494,0,17293564,7349,32213466,96977225,0
1789731891.685109,49.615,885643,12528,0,262,50,33,17064,207591,4295010,11495788,4220748,62614732,51612836,64771556,0,0,0,0,2,0,12500862,59164742,60517624,6,34,1055187,1563950,3131725,0,17293566,7349,32251742,96977225,0
1789731891.935589,49.865,886015,12531,0,262,50,33,17074,207605,4296714,11556336,4243068,62526080,51463184,64771556,0,0,0,0,2,0,12501341,59196151,60549045,6,34,1060767,1561726,3127271,0,17301457,7349,32290018,96977225,0
1789731892.1861012,50.116,886380,12535,0,262,50,33,17077,207634,4298008,11633204,4281660,62570412,51430312,64771556,0,0,0,0,2,0,12501904,59222096,60575009,6,34,1070415,1562824,3129470,0,17301614,7349,32328294,96977225,0
1789731892.4366045,50.366,886755,12538,0,262,50,33,17080,207655,4298701,11709988,4320080,62658964,51441468,64771556,0,0,0,0,2,0,12502411,59253882,60606812,6,34,1080020,1565019,3133866,0,17301615,7349,32366570,96977225,0
1789731892.6871269,50.617,887130,12539,0,262,50,33,17088,207670,4299407,11779432,4351356,62589532,51301940,64771556,0,0,0,0,2,0,12502838,59262775,60615705,6,34,1087839,1563270,3130362,0,17303527,7349,32404846,96977225,0
1789731892.9375887,50.867,887505,12540,0,262,50,33,17091,207692,4299940,11859568,4393232,62632184,51264116,64771556,0,0,0,0,2,0,12503207,59271586,60624517,6,34,1098308,1564326,3132478,0,17303529,7349,32443122,96977225,0
1789731893.1881301,51.118,887877,12541,0,262,50,33,17097,207713,4301436,11939300,4434892,62637120,51188288,64771556,0,0,0,0,2,0,12504474,59279962,60632892,6,34,1108723,1564430,3132686,0,17313467,7349,32481398,96977225,0
1789731893.4386342,51.368,888251,12542,0,262,50,33,17106,207730,4302093,12007056,4464232,62575304,51058484,64771556,0,0,0,0,2,0,12504806,59289141,60642071,6,34,1116058,1562875,3129571,0,17315378,7349,32519674,96977661,0
1789731893.6891303,51.619,888626,12545,0,262,50,33,17109,207748,4302724,12085116,4504072,62614788,51019356,64771556,0,0,0,0,2,0,12505369,59322194,60675125,6,34,1126018,1563847,3131517,0,17315379,7349,32557950,96977661,0
1789731893.9395251,51.869,889000,12549,0,262,50,33,17111,207769,4303375,12162232,4542576,62639652,50966500,64771556,0,0,0,0,2,0,12505862,59355142,60708073,6,34,1135747,1564452,3132730,0,17315381,7349,32596226,96977661,0
1789731894.1900446,52.12,889374,12549,0,262,50,33,17120,207785,4304396,12228092,4570444,62585296,50845820,64771556,0,0,0,0,2,0,12506497,59364010,60716940,6,34,1142611,1563084,3129990,0,17318611,7349,32634502,96977661,0
1789731894.4405365,52.37,889726,12560,0,262,50,33,17126,207816,4310420,12299784,4386452,62609444,50797920,64771556,0,56,0,0,2,0,12507307,59402922,60756361,6,34,1096613,1563678,3131180,14,17319609,7349,32672778,97195021,0
1789731894.6910484,52.621,890101,12561,0,262,50,33,17130,207836,4310960,12382244,4430552,62680412,50785632,64771556,0,56,0,0,2,0,12507659,59412120,60765559,6,34,1107638,1565430,3134688,14,17319609,7349,32711054,97195021,0
1789731894.9414637,52.871,890472,12564,0,262,50,33,17139,207854,4311694,12449924,4460124,62618632,50655708,64771556,0,56,0,0,2,0,12508992,59439117,60792557,6,34,1115031,1563876,3131576,14,17321519,7349,32749330,97195021,0
1789731895.1919951,53.121,890848,12568,0,262,50,33,17142,207873,4312363,12520372,4492212,62658656,50624944,64771556,0,0,0,0,2,0,12509606,59474035,60827485,6,34,1123053,1564867,3133560,0,17321519,7349,32787606,97195021,0
1789731895.4424725,53.372,891221,12569,0,262,50,33,17148,207894,4313704,12600136,4533700,62652368,50538272,64771556,0,0,0,0,2,0,12509959,59481902,60835352,6,34,1133425,1564694,3133215,0,17331295,7349,32825882,97195021,0
1789731895.692944,53.622,891596,12569,0,262,50,33,17157,207910,4314274,12673508,4568816,62590388,50402288,64771556,0,0,0,0,2,0,12510280,59490787,60844237,6,34,1142204,1563131,3130085,0,17333327,7349,32864158,97195021,0
1789731895.9434295,53.873,891971,12570,0,262,50,33,17161,207931,4314814,12750464,4607396,62625856,50360456,64771556,0,0,0,0,2,0,12511619,59500253,60853703,6,34,1151849,1564008,3131841,0,17333329,7349,32902434,97195021,0
1789731896.1938353,54.123,892343,12573,0,262,50,33,17162,207954,4315494,12827388,4646124,62654360,50311420,64771556,0,0,0,0,2,0,12512168,59527867,60881317,6,34,1161531,1564704,3133235,0,17333334,7349,32940710,97195021,0
1789731896.4443533,54.374,892717,12576,0,262,50,33,17171,207969,4316231,12892988,4677500,62594560,50185368,64771556,0,0,0,0,2,0,12512706,59557392,60910842,6,34,1169375,1563182,3130187,0,17335249,7349,32975318,97195021,0
1789731896.6948252,54.624,893077,12578,0,262,50,33,17176,208002,4318339,12969380,4711792,62600184,50114260,64771556,0,0,0,0,2,0,12513026,59565219,60918669,6,34,1177948,1563327,3130477,0,17341698,7349,33017262,97195021,0
1789731896.945207,54.875,893452,12579,0,262,50,33,17179,208023,4318885,13051056,4755048,62689336,50120940,64771556,0,0,0,0,2,0,12513378,59574116,60927566,6,34,1188762,1565533,3134894,0,17341700,7349,33055538,97195021,0
1789731897.1956258,55.125,893824,12580,0,262,50,33,17189,208040,4319602,13120528,4786180,62627868,49989536,64771556,0,0,0,0,2,0,12513844,59585331,60938781,6,34,1196545,1563987,3131798,0,17343617,7349,33093814,97195021,0
1789731897.446164,55.376,894200,12581,0,262,50,33,17192,208062,4320131,13198796,4826508,62664696,49947756,64771556,0,0,0,0,2,0,12514223,59594791,60948241,6,34,1206627,1564908,3133642,0,17343619,7349,33132090,97195021,0
1789731897.696653,55.626,894573,12582,0,262,50,33,17196,208083,4321562,13279388,4868164,62654368,49856048,64771556,0,0,0,0,2,0,12514581,59603232,60956682,6,34,1217041,1564620,3133066,0,17354305,7349,33170366,97195021,0
1789731897.947146,55.877,894947,12582,0,262,50,33,17206,208099,4322181,13345700,4896596,62590680,49725576,64771556,0,0,0,0,2,0,12515057,59612481,60965931,6,34,1224149,1563018,3129859,0,17356218,7349,33208642,97195021,0
1789731898.1976125,56.127,895323,12583,0,262,50,33,17208,208120,4322719,13429224,4941700,62631944,49682776,64771556,0,0,0,0,2,0,12515559,59622413,60975863,6,34,1235425,1564035,3131894,0,17356218,7349,33246918,97195021,0
1789731898.4480152,56.377,895698,12587,0,262,50,33,17212,208139,4323368,13505412,4979760,62662064,49636096,64771556,0,0,0,0,2,0,12517089,59658498,61011963,6,34,1244940,1564772,3133370,0,17356220,7349,33285194,97195417,0
1789731898.6983967,56.628,896072,12590,0,262,50,33,17221,208153,4324525,13567584,5003680,62592636,49504036,64771556,0,0,0,0,2,0,12517563,59687838,61041303,6,34,1250920,1563027,3129877,0,17359471,7349,33323470,97195417,0
1789731898.9488711,56.878,896435,12593,0,262,50,33,17225,208183,4325822,13644428,5041932,62622704,49456912,64771556,0,0,0,0,2,0,12517933,59709542,61063007,6,34,1260483,1563769,3131362,0,17360395,7349,33361746,97195417,0
1789731899.199238,57.129,896810,12596,0,262,50,33,17228,208201,4326483,13721696,5081156,62706600,49462928,64771556,0,0,0,0,2,0,12518595,59740326,61093791,6,34,1270289,1565848,3135525,0,17360395,7349,33400022,97195417,0
1789731899.4495962,57.379,897182,12598,0,262,50,33,17238,208218,4327826,13790844,5079856,62631792,49318308,64771556,0,7936,0,1,2,0,12518932,59748424,61101915,6,34,1269964,1563964,3131753,1984,17362317,7349,33438298,97228033,0
1789731899.7000923,57.63,897531,12618,0,262,50,33,17251,208235,4337820,13845260,4415368,62660136,49291876,64771556,0,6912,0,1,3,0,12522494,59850107,61207889,6,34,1103842,1564663,3133153,1728,17362320,7349,33465098,97920033,0
1789731899.9504633,57.88,897903,12622,0,262,50,33,17257,208254,4339707,13931412,4415820,62664968,49209972,64771556,0,0,0,0,3,0,12523040,59876537,61234347,6,34,1103955,1564769,3133365,0,17369247,7349,33514850,97956201,0
1789731900.200815,58.13,898277,12622,0,262,50,33,17267,208271,4340271,13976660,4460856,62612144,49111292,64771556,0,0,0,0,2,0,12523170,59876537,61234347,6,34,1115214,1563424,3130672,0,17373732,7349,33514850,97956201,0
1789731900.4512155,58.381,898651,12623,0,262,50,33,17271,208290,4341537,14082356,4489636,62629692,49022732,64771556,0,0,0,0,2,0,12523939,59894938,61252748,6,34,1122409,1563863,3131551,0,17374204,7349,33591402,97956201,0
1789731900.701701,58.631,899026,12627,0,262,50,33,17274,208309,4342261,14161472,4530444,62655484,48968792,64771556,0,0,0,0,2,0,12524461,59931020,61288830,6,34,1132611,1564492,3132809,0,17374209,7349,33629678,97956201,0
1789731900.9521112,58.882,899400,12628,0,262,50,33,17282,208326,4342823,14212272,4568948,62600788,48862644,64771556,0,0,0,1,1,0,12524698,59941488,61299298,6,34,1142237,1563110,3130042,0,17376143,7349,33642230,97956201,0
1789731901.2025764,59.132,899760,12632,0,262,50,33,17288,208355,4345272,14289364,4596900,62604376,48788804,64771556,0,0,0,0,2,0,12525240,59964634,61322451,6,34,1149225,1563191,3130205,0,17383251,7349,33692050,97956201,0
1789731901.4530573,59.383,900135,12636,0,262,50,33,17292,208374,4346137,14377104,4633524,62686908,48782996,64771556,0,0,0,1,1,0,12525830,59999532,61357349,6,34,1158381,1565236,3134300,0,17383260,7349,33742782,97956201,0
1789731901.7034304,59.633,900510,12636,0,262,50,33,17299,208391,4346235,14423812,4678356,62650252,48699020,64771556,0,0,0,0,2,0,12525856,60001485,61359302,6,34,1169589,1564306,3132437,0,17384754,7349,33744530,97956201,0
1789731901.9537795,59.883,900883,12639,0,262,50,33,17302,208413,4347434,14489176,4705404,62661672,48644824,64771556,0,0,0,0,5,0,12527311,60031639,61389456,6,34,1176351,1564585,3132996,0,17385236,7349,33782830,97956201,0
1789731902.204309,60.134,901256,12642,0,262,50,33,17306,208432,4348417,14564336,4741844,62677504,48584948,64771556,0,0,0,0,2,0,12527984,60063846,61421663,6,34,1185461,1564967,3133760,0,17389379,7349,33821234,97956201,0
1789731902.4547758,60.384,901629,12646,0,262,50,33,17311,208453,4350045,14647564,4787280,62675032,48498416,64771556,0,0,0,0,2,0,12528475,60092139,61449956,6,34,1196820,1564884,3133595,0,17396474,7349,33859358,97956201,0
1789731902.7052824,60.635,901999,12646,0,262,50,33,17319,208475,4350644,14707080,4808372,62622644,48386300,64771556,0,0,0,0,2,0,12528790,60096417,61454234,6,34,1202093,1563571,3130965,0,17398193,7349,33897634,97956201,0
1789731902.955739,60.885,902374,12647,0,262,50,33,17322,208496,4351189,14787668,4850816,62639532,48321876,64771556,0,0,0,0,2,0,12529148,60106141,61463957,6,34,1212704,1563974,3131772,0,17398194,7349,33936062,97956201,0
1789731903.2061858,61.136,902749,12650,0,262,50,33,17324,208515,4351821,14871044,4895932,62647208,48245508,64771556,0,0,0,0,2,0,12529681,60136668,61494485,6,34,1223983,1564149,3132124,0,17398298,7349,33974186,97956201,0
1789731903.4565616,61.386,903122,12653,0,262,50,33,17333,208532,4353001,14926632,4912960,62588212,48130672,64771556,0,0,0,0,2,0,12530291,60168179,61525996,6,34,1228240,1562670,3129162,0,17402537,7349,34012462,97956625,0
1789731903.7070835,61.637,903487,12656,0,262,50,33,17337,208561,4354362,15003696,4952080,62664340,48129180,64771556,0,0,0,0,2,0,12530692,60189320,61547145,6,34,1238020,1564557,3132940,0,17402855,7349,34050738,97956625,0
1789731903.9575438,61.887,903862,12660,0,262,50,33,17340,208580,4355005,15080756,4990560,62688332,48075500,64771556,0,0,0,0,2,0,12531235,60224173,61581997,6,34,1247640,1565141,3134109,0,17402855,7349,34089014,97956625,0
1789731904.2079048,62.137,904236,12661,0,262,50,33,17349,208597,4355676,15146268,5017976,62635752,47957164,64771556,0,0,0,0,2,0,12532035,60232212,61590036,6,34,1254494,1563822,3131468,0,17404760,7349,34127290,97956625,0
1789731904.458255,62.388,904611,12664,0,262,50,33,17352,208616,4356369,15222744,5056300,62648316,47892708,64771556,0,0,0,0,2,0,12532979,60251304,61609134,6,34,1264075,1564122,3132069,0,17404760,7349,34165566,97956625,0
1789731904.7086525,62.638,904979,12667,0,262,50,33,17360,208638,4357856,15285296,5097204,62579468,47760688,64771556,0,0,0,0,2,0,12534363,60271615,61629445,6,34,1274301,1562377,3128574,0,17411604,7349,34187214,97956625,0
1789731904.9591727,62.889,905346,12671,0,262,50,33,17364,208663,4358723,15354644,5130700,62631496,47742796,64771556,0,0,0,1,1,0,12535340,60303110,61660940,6,34,1282675,1563673,3131169,0,17412275,7349,34223310,97956625,0
1789731905.20967,63.139,905698,12686,0,262,50,33,17374,208685,4367429,15417772,4794732,62635528,47683232,64771556,0,7680,0,1,3,0,12536353,60346952,61705445,6,34,1198555,1563762,3131348,2048,17413184,7349,34255786,98323625,0
1789731905.4603295,63.39,906022,12705,0,262,50,33,17385,208734,4378769,15488332,4325628,62841988,47818640,64771556,0,0,0,1,2,0,12537082,60379282,61738315,6,34,1081407,1568904,3141645,0,17416647,7349,34292518,98826101,0
1789731905.7109349,63.64,906392,12708,0,262,50,33,17391,208755,4379945,15557200,4359120,62840916,47748188,64771556,0,0,0,0,3,0,12537589,60405808,61764841,6,34,1089780,1568865,3141566,0,17417815,7349,34327934,98826101,0
1789731905.9616883,63.891,906749,12711,0,262,50,33,17395,208791,4382183,15634584,4396832,62834808,47664152,64771556,0,0,0,0,2,0,12538040,60428270,61787318,6,34,1099208,1568699,3141233,0,17419048,7349,34367622,98826101,0
1789731906.2123964,64.142,907117,12716,0,262,50,33,17400,208814,4383426,15702120,4427848,62841864,47603176,64771556,0,0,0,0,2,0,12538604,60460928,61819976,6,34,1106962,1568862,3141561,0,17419992,7349,34403702,98826101,0
1789731906.4631364,64.393,907490,12719,0,262,50,33,17407,208831,4384693,15770116,4461324,62841484,47534208,64771556,0,0,0,1,1,0,12539234,60497989,61857037,6,34,1115331,1568838,3141513,0,17421133,7349,34438382,98826101,0
1789731906.7136803,64.643,907855,12724,0,262,50,33,17410,208860,4386219,15848248,4498616,62842788,47456888,64771556,0,0,0,0,2,0,12539734,60528819,61887889,6,34,1124654,1568858,3141553,0,17422946,7349,34479470,98826101,0
1789731906.9645207,64.894,908225,12728,0,262,50,33,17416,208881,4387330,15914244,4531996,62840928,47388548,64771556,0,0,0,0,2,0,12540225,60561124,61920195,6,34,1132999,1568800,3141436,0,17424278,7349,34511942,98826101,0
1789731907.215261,65.145,908590,12732,0,262,50,33,17419,208910,4389095,15991864,4569800,62843100,47312532,64771556,0,0,0,0,2,0,12540880,60601083,61960153,6,34,1142450,1568839,3141515,0,17425378,7349,34551654,98826101,0
1789731907.4659748,65.395,908965,12736,0,262,50,33,17426,208925,4390000,16059840,4601560,62845760,47246728,64771556,0,0,0,0,2,0,12541504,60643183,62002254,6,34,1150390,1568894,3141625,0,17426282,7349,34587710,98826101,0
1789731907.716675,65.646,909338,12740,0,262,50,33,17431,208944,4391423,16128156,4634204,62843588,47175612,64771556,0,0,0,0,2,0,12542106,60680083,62039154,6,34,1158551,1568824,3141485,0,17427635,7349,34623790,98826101,0
1789731907.967433,65.897,909702,12744,0,262,50,33,17434,208973,4393189,16206616,4672728,62847388,47100488,64771556,0,0,0,0,2,0,12542611,60708692,62067763,6,34,1168182,1568908,3141652,0,17429561,7349,34663478,98826101,0
1789731908.2181685,66.148,910075,12748,0,262,50,33,17440,208991,4394353,16271760,4705380,62849556,47036996,64771556,0,0,0,0,2,0,12543336,60743759,62102830,6,34,1176345,1568948,3141733,0,17430894,7349,34695974,98826101,0
1789731908.4688606,66.398,910442,12752,0,262,50,33,17445,209016,4395929,16354376,4744728,62844100,46948252,64771556,0,0,0,0,5,0,12543912,60773106,62132176,6,34,1186182,1568796,3141428,0,17432542,7349,34739246,98826529,0
1789731908.7196143,66.649,910805,12755,0,262,50,33,17455,209038,4398004,16422992,4778328,62843172,46877632,64771556,0,0,0,0,2,0,12544501,60795831,62154902,6,34,1194582,1568746,3141328,0,17439634,7349,34775326,98826545,0
1789731908.970425,66.9,911178,12758,0,262,50,33,17460,209057,4399216,16493040,4812232,62844968,46808236,64771556,0,0,0,0,2,0,12545129,60825016,62184086,6,34,1203058,1568762,3141361,0,17441247,7349,34811406,98826545,0
1789731909.2211702,67.151,911538,12762,0,262,50,33,17464,209090,4401258,16571360,4850904,62864652,46748616,64771556,0,0,0,0,2,0,12545822,60851206,62210286,6,34,1212726,1569229,3142295,0,17443568,7349,34851094,98826545,0
1789731909.4716525,67.401,911910,12766,0,262,50,33,17470,209109,4402514,16637280,4882636,62930060,46747124,64771556,0,0,0,1,1,0,12546386,60885702,62244782,6,34,1220659,1570837,3145516,0,17445206,7349,34885262,98826545,0
1789731909.7221599,67.652,912248,12766,0,262,50,33,17475,209167,4407045,16642888,4886208,62898372,46709376,64771556,0,0,0,0,3,0,12546629,60887040,62246120,6,34,1221552,1570035,3143909,0,17451740,7349,34887290,98826545,0
1789731909.972651,67.902,912574,12766,0,262,50,33,17476,209239,4409245,16642888,4886208,62894984,46705988,64771556,0,0,0,0,4,0,12546746,60887040,62246120,6,34,1221552,1569950,3143740,0,17454382,7349,34887290,98826545,0
1789731910.223206,68.153,912908,12766,0,262,50,33,17478,209304,4410871,16642908,4886208,62888464,46699444,64771556,0,0,0,0,2,0,12547167,60887040,62246120,6,34,1221552,1569788,3143414,0,17457229,7349,34887290,98826545,0
1789731910.473704,68.403,913265,12766,0,262,50,33,17479,209347,4412310,16642908,4886208,62881916,46692896,64771556,0,0,0,0,2,0,12547650,60887040,62246120,6,34,1221552,1569624,3143087,0,17458263,7349,34887290,98826545,0
1789731910.7242277,68.654,913629,12767,0,262,50,33,17481,209379,4414643,16642908,4820672,62881664,46692644,64771556,0,8192,0,0,3,0,12547799,60888239,62247365,6,34,1205168,1569618,3143074,2048,17458416,7349,34887290,98892081,0
1789731910.9747283,68.904,913970,12783,0,262,50,33,17492,209411,4419096,16642956,4125424,62881736,46692644,64771556,0,0,0,0,2,0,12549096,60952808,62313923,6,34,1031356,1569620,3143078,0,17458443,7349,34887290,99587329,0
1789731911.2252533,69.155,914341,12783,0,262,50,33,17493,209439,4419532,16642956,4125424,62885392,46696300,64771556,0,0,0,0,2,0,12549255,60952808,62313923,6,34,1031356,1569711,3143261,0,17458480,7349,34887290,99587329,0
1789731911.4757476,69.405,914714,12783,0,262,50,33,17494,209466,4419783,16642956,4125424,62885392,46696300,64771556,0,0,0,0,2,0,12549268,60952808,62313923,6,34,1031356,1569711,3143261,0,17458502,7349,34887290,99587329,0
1789731911.726277,69.656,915085,12783,0,262,50,33,17495,209494,4420295,16642956,4125424,62884988,46695896,64771556,0,0,0,0,2,0,12549286,60952808,62313923,6,34,1031356,1569701,3143240,0,17458783,7349,34887290,99587329,0
1789731911.9767692,69.906,915460,12783,0,262,50,33,17495,209520,4420527,16642956,4125424,62884484,46695392,64771556,0,0,0,0,2,0,12550042,60952808,62313923,6,34,1031356,1569688,3143215,0,17458819,7349,34887290,99587329,0
1789731912.2273273,70.157,915828,12783,0,262,50,33,17496,209551,4420985,16642956,4125424,62888056,46698964,64771556,0,0,0,0,2,0,12550864,60952808,62313923,6,34,1031356,1569778,3143394,0,17458846,7349,34887290,99587329,0
1789731912.4778128,70.407,916203,12783,0,262,50,33,17497,209576,4421194,16642956,4125424,62888056,46698964,64771556,0,0,0,0,2,0,12550934,60952808,62313923,6,34,1031356,1569778,3143394,0,17458850,7349,34887290,99587329,0
1789731912.728335,70.658,916577,12783,0,262,50,33,17498,209602,4421453,16642956,4125424,62888056,46698964,64771556,0,0,0,0,2,0,12550959,60952808,62313923,6,34,1031356,1569778,3143394,0,17458864,7349,34887290,99587329,0
1789731912.9788275,70.908,916948,12783,0,262,50,33,17499,209630,4421988,16642956,4125424,62887552,46698460,64771556,0,0,0,0,2,0,12550996,60952808,62313923,6,34,1031356,1569765,3143368,0,17459371,7349,34887290,99587329,0
1789731913.229362,71.159,917311,12783,0,262,50,33,17501,209667,4422737,16642956,4125424,62888168,46699076,64771556,0,0,0,0,2,0,12551780,60952808,62313923,6,34,1031356,1569780,3143399,0,17459962,7349,34887290,99587329,0
1789731913.4798808,71.409,917686,12783,0,262,50,33,17501,209693,4423012,16642956,4125424,62887612,46698520,64771556,0,0,0,0,2,0,12551788,60952808,62313923,6,34,1031356,1569766,3143371,0,17459976,7349,34887290,99587329,0
1789731913.7304006,71.66,918058,12783,0,262,50,33,17502,209721,4423183,16642956,4125424,62887612,46698520,64771556,0,0,0,0,2,0,12551794,60952808,62313923,6,34,1031356,1569766,3143371,0,17459978,7349,34887290,99587329,0
1789731913.9808831,71.91,918430,12783,0,262,50,33,17502,209749,4423421,16642956,4125008,62891416,46702324,64771556,0,0,0,0,2,0,12551821,60952808,62313923,6,34,1031252,1569861,3143562,0,17459979,7349,34887290,99587745,0
1789731914.2313766,72.161,918804,12783,0,262,50,33,17503,209774,4423689,16643052,4125104,62894220,46705040,64771556,0,0,0,0,2,0,12551885,60952808,62313923,6,34,1031276,1569931,3143702,0,17459982,7349,34887290,99587745,0
1789731914.481855,72.411,919179,12783,0,262,50,33,17504,209800,4424020,16643044,4125104,62895912,46706732,64771556,0,0,0,0,2,0,12551958,60952808,62313923,6,34,1031276,1569974,3143786,0,17459984,7349,34887290,99587893,0
1789731914.7323704,72.662,919553,12783,0,262,50,33,17505,209826,4424429,16643044,4125104,62895416,46706228,64771556,0,0,0,0,2,0,12551975,60952808,62313923,6,34,1031276,1569961,3143762,0,17460252,7349,34887290,99587893,0
1789731914.9828806,72.912,919927,12783,0,262,50,33,17506,209851,4424684,16643044,4125104,62895416,46706228,64771556,0,0,0,0,2,0,12552007,60952808,62313923,6,34,1031276,1569961,3143762,0,17460258,7349,34887290,99587893,0
1789731915.23337,73.163,920299,12783,0,262,50,33,17506,209878,4424907,16643052,4125132,62896620,46707432,64771556,0,0,0,0,2,0,12552037,60952808,62313923,6,34,1031283,1569991,3143822,0,17460259,7349,34887290,99587893,0
1789731915.483885,73.413,920674,12783,0,262,50,33,17507,209904,4425143,16643052,4125132,62896368,46707180,64771556,0,0,0,0,2,0,12552048,60952808,62313923,6,34,1031283,1569985,3143809,0,17460266,7349,34887290,99587893,0
1789731915.734373,73.664,921049,12783,0,262,50,33,17507,209929,4425336,16643052,4125132,62896368,46707180,64771556,0,0,0,0,2,0,12552061,60952808,62313923,6,34,1031283,1569985,3143809,0,17460267,7349,34887290,99587893,0
1789731915.9848788,73.914,921418,12783,0,262,50,33,17508,209960,4425474,16643052,4125132,62896368,46707180,64771556,0,0,0,0,2,0,12552094,60952808,62313923,6,34,1031283,1569985,3143809,0,17460269,7349,34887290,99587893,0
1789731916.2353868,74.165,921783,12783,0,262,50,33,17510,209994,4426333,16643052,4125132,62892616,46703428,64771556,0,0,0,0,2,0,12552846,60952808,62313923,6,34,1031283,1569891,3143622,0,17461342,7349,34887290,99587893,0
1789731916.4858797,74.415,922138,12796,0,262,50,33,17514,210021,4430705,16643032,3677588,62892472,46703284,64771556,0,8696,0,1,2,0,12553943,60987404,62349107,6,34,919397,1569888,3143614,2174,17461370,7349,34887294,100035741,0
1789731916.7363744,74.666,922486,12815,0,262,50,33,17519,210048,4436889,16643016,3251464,62892472,46703284,64771556,0,972,0,0,2,0,12554660,61032951,62395379,6,34,812866,1569888,3143614,243,17461377,7349,34887298,100462277,0
1789731916.9868906,74.916,922861,12815,0,262,50,33,17520,210073,4437088,16643016,3251464,62892472,46703284,64771556,0,972,0,0,2,0,12554694,61032951,62395379,6,34,812866,1569888,3143614,243,17461380,7349,34887298,100462277,0
1789731917.237362,75.167,923236,12815,0,262,50,33,17521,210098,4437391,16643212,3250848,62892672,46703288,64771556,0,0,0,0,2,0,12554745,61032951,62395379,6,34,812712,1569893,3143624,0,17461383,7349,34887298,100462277,0
1789731917.4878807,75.417,923609,12815,0,262,50,33,17521,210125,4437808,16643212,3250848,62892428,46703036,64771556,0,0,0,0,2,0,12554760,61032951,62395379,6,34,812712,1569887,3143612,0,17461696,7349,34887298,100462277,0
1789731917.7383692,75.668,923983,12815,0,262,50,33,17522,210151,4438075,16643212,3250848,62892176,46702784,64771556,0,0,0,0,2,0,12554765,61032951,62395379,6,34,812712,1569880,3143600,0,17461704,7349,34887298,100462277,0
1789731917.9888704,75.918,924357,12815,0,262,50,33,17523,210177,4438287,16643212,3250848,62892176,46702784,64771556,0,0,0,0,2,0,12554791,61032951,62395379,6,34,812712,1569880,3143600,0,17461732,7349,34887298,100462277,0
1789731918.2393415,76.169,924726,12815,0,262,50,33,17524,210207,4438517,16643212,3250848,62892680,46703288,64771556,0,0,0,0,2,0,12554921,61032951,62395379,6,34,812712,1569893,3143625,0,17461742,7349,34887298,100462277,0
1789731918.489833,76.419,925099,12815,0,262,50,33,17525,210234,4438861,16643212,3250848,62892956,46703564,64771556,0,0,0,0,2,0,12554981,61032951,62395379,6,34,812712,1569900,3143639,0,17461749,7349,34887298,100462277,0
1789731918.7403307,76.67,925474,12815,0,262,50,33,17526,210259,4439019,16643212,3250848,62892704,46703312,64771556,0,0,0,0,2,0,12554989,61032951,62395379,6,34,812712,1569894,3143626,0,17461753,7349,34887298,100462277,0
1789731918.990819,76.92,925838,12815,0,262,50,33,17527,210294,4439865,16643212,3250848,62891492,46702100,64771556,0,0,0,0,2,0,12555035,61032951,62395379,6,34,812712,1569863,3143565,0,17462776,7349,34887298,100462277,0
1789731919.2413306,77.171,926207,12815,0,262,50,33,17528,210325,4440086,16643212,3250848,62890384,46700992,64771556,0,0,0,0,2,0,12555139,61032951,62395379,6,34,812712,1569836,3143510,0,17462781,7349,34887298,100462277,0
1789731919.4918048,77.421,926582,12815,0,262,50,33,17529,210350,4440269,16643212,3250332,62898196,46708804,64771556,0,0,0,0,2,0,12555143,61032951,62395379,6,34,812583,1570031,3143901,0,17462786,7349,34887298,100462761,0
1789731919.7423332,77.672,926955,12815,0,262,50,33,17530,210376,4440702,16643212,3250332,62898196,46708804,64771556,0,0,0,0,2,0,12555153,61032951,62395379,6,34,812583,1570031,3143901,0,17462793,7349,34887298,100462761,0
1789731919.9928074,77.922,927330,12815,0,262,50,33,17530,210402,4440961,16643308,3250428,62898032,46708552,64771556,0,0,0,0,2,0,12555187,61032951,62395379,6,34,812607,1570027,3143892,0,17462798,7349,34887298,100462761,0
1789731920.2433205,78.173,927703,12815,0,262,50,33,17530,210429,4441450,16643308,3250428,62898588,46709108,64771556,0,0,0,0,2,0,12555319,61032951,62395379,6,34,812607,1570040,3143920,0,17463124,7349,34887298,100462761,0
1789731920.4938064,78.423,928076,12815,0,262,50,33,17531,210456,4441864,16643308,3250428,62898588,46709108,64771556,0,0,0,0,2,0,12555357,61032951,62395379,6,34,812607,1570040,3143920,0,17463164,7349,34887298,100462761,0
1789731920.7443304,78.674,928450,12815,0,262,50,33,17532,210480,4442467,16643308,3250428,62898084,46708604,64771556,0,0,0,0,2,0,12555377,61032951,62395379,6,34,812607,1570028,3143895,0,17463180,7349,34887298,100462761,0
1789731920.9947941,78.924,928824,12815,0,262,50,33,17534,210506,4443250,16643308,3250428,62898084,46708604,64771556,0,0,0,0,2,0,12555440,61032951,62395379,6,34,812607,1570028,3143895,0,17463240,7349,34887298,100462761,0
1789731921.245329,79.175,929195,12815,0,262,50,33,17534,210535,4443535,16643308,3250428,62904812,46715332,64771556,0,0,0,0,2,0,12555558,61032951,62395379,6,34,812607,1570196,3144231,0,17463257,7349,34887298,100462761,0
1789731921.4957867,79.425,929570,12815,0,262,50,33,17534,210561,4443719,16643308,3250428,62904812,46715332,64771556,0,0,0,0,2,0,12555573,61032951,62395379,6,34,812607,1570196,3144231,0,17463274,7349,34887298,100462761,0
1789731921.7463057,79.676,929942,12815,0,262,50,33,17535,210588,4444090,16643308,3250428,62902540,46713060,64771556,0,0,0,0,2,0,12555593,61032951,62395379,6,34,812607,1570139,3144118,0,17464051,7349,34887298,100462761,0
1789731921.996779,79.926,930302,12817,0,262,50,33,17537,210623,4445618,16643316,3156588,62901040,46711548,64771556,0,3800,0,1,2,0,12556239,61035116,62397588,6,34,789147,1570102,3144043,950,17464295,7349,34887298,100556749,0
1789731922.2473013,80.177,930651,12835,0,262,50,33,17543,210650,4450167,16643356,2489724,62907988,46718436,64771556,0,0,0,0,2,0,12558133,61097196,62460433,6,34,622431,1570275,3144390,0,17464302,7349,34887298,101223617,0
1789731922.4977732,80.427,931022,12835,0,262,50,33,17544,210678,4450337,16643356,2489724,62907988,46718436,64771556,0,0,0,0,2,0,12558172,61097196,62460433,6,34,622431,1570275,3144390,0,17464309,7349,34887298,101223617,0
1789731922.7483144,80.678,931397,12835,0,262,50,33,17544,210703,4450489,16643356,2489724,62907736,46718184,64771556,0,0,0,0,2,0,12558197,61097196,62460433,6,34,622431,1570269,3144377,0,17464325,7349,34887298,101223617,0
1789731922.9987917,80.928,931771,12835,0,262,50,33,17545,210730,4450759,16643356,2489724,62910588,46720628,64771556,0,0,0,0,2,0,12558318,61097196,62460433,6,34,622431,1570411,3144663,0,17464332,7349,34887298,101223617,0
1789731923.2493725,81.179,932142,12835,0,262,50,33,17546,210758,4451154,16643452,2489820,62912228,46722572,64771556,0,0,0,0,2,0,12558344,61097196,62460433,6,34,622455,1570381,3144602,0,17465190,7349,34887298,101223617,0
1789731923.499834,81.429,932517,12835,0,262,50,33,17547,210783,4451249,16643452,2489820,62912228,46722572,64771556,0,0,0,0,2,0,12558359,61097196,62460433,6,34,622455,1570381,3144602,0,17465195,7349,34887298,101223617,0
1789731923.7502382,81.68,932892,12835,0,262,50,33,17547,210807,4451338,16643452,2489820,62912228,46722572,64771556,0,0,0,0,2,0,12558366,61097196,62460433,6,34,622455,1570381,3144602,0,17465197,7349,34887298,101223617,0
1789731924.0006654,81.93,933266,12835,0,262,50,33,17548,210834,4451481,16643452,2489820,62912228,46722572,64771556,0,0,0,0,2,0,12558388,61097196,62460433,6,34,622455,1570381,3144602,0,17465206,7349,34887298,101223617,0
1789731924.251161,82.181,933641,12835,0,262,50,33,17549,210858,4451601,16643452,2489756,62911952,46722288,64771556,0,0,0,0,2,0,12558753,61097196,62460433,6,34,622439,1570374,3144588,0,17465208,7349,34887298,101223649,0
1789731924.5015988,82.431,934016,12835,0,262,50,33,17550,210883,4451710,16643452,2489756,62916704,46727040,64771556,0,0,0,0,2,0,12559764,61097196,62460433,6,34,622439,1570493,3144826,0,17465218,7349,34887298,101223649,0
1789731924.752092,82.682,934389,12835,0,262,50,33,17551,210910,4452078,16643452,2489756,62912984,46723320,64771556,0,0,0,0,3,0,12559784,61097196,62460433,6,34,622439,1570400,3144640,0,17466279,7349,34887298,101223649,0
1789731925.0025773,82.932,934744,12835,0,262,50,33,17551,210956,4452570,16643452,2489756,62912432,46722768,64771556,0,0,0,0,2,0,12559817,61097196,62460433,6,34,622439,1570386,3144612,0,17466459,7349,34887298,101223649,0
1789731925.2530441,83.183,935119,12835,0,262,50,33,17552,210981,4452657,16643452,2489756,62912520,46722856,64771556,0,0,0,0,3,0,12559845,61097196,62460433,6,34,622439,1570388,3144617,0,17466461,7349,34887298,101223649,0
1789731925.5034018,83.433,935493,12835,0,262,50,33,17553,211006,4452727,16643452,2489756,62912624,46722960,64771556,0,0,0,0,2,0,12559848,61097196,62460433,6,34,622439,1570391,3144622,0,17466461,7349,34887298,101223649,0
1789731925.7538164,83.683,935869,12835,0,262,50,33,17553,211031,4452790,16643452,2489756,62912372,46722708,64771556,0,0,0,0,2,0,12559869,61097196,62460433,6,34,622439,1570385,3144609,0,17466463,7349,34887298,101223649,0
1789731926.0042,83.934,936244,12835,0,262,50,33,17554,211056,4452873,16643548,2489852,62912688,46722936,64771556,0,0,0,0,2,0,12559897,61097196,62460433,6,34,622463,1570392,3144625,0,17466464,7349,34887298,101223649,0
1789731926.2546604,84.184,936617,12835,0,262,50,33,17555,211081,4453240,16643548,2489852,62916440,46726688,64771556,0,0,0,0,2,0,12559953,61097196,62460433,6,34,622463,1570486,3144813,0,17466651,7349,34887298,101223649,0
1789731926.50516,84.435,936992,12835,0,262,50,33,17556,211107,4453312,16643548,2489852,62916440,46726688,64771556,0,0,0,0,2,0,12560006,61097196,62460433,6,34,622463,1570486,3144813,0,17466654,7349,34887298,101223649,0
1789731926.7556183,84.685,937360,12835,0,262,50,33,17556,211139,4453389,16643548,2489852,62916440,46726688,64771556,0,0,0,0,2,0,12560012,61097196,62460433,6,34,622463,1570486,3144813,0,17466665,7349,34887298,101223649,0
1789731927.006102,84.936,937735,12835,0,262,50,33,17557,211163,4453458,16643548,2489852,62916440,46726688,64771556,0,0,0,0,2,0,12560034,61097196,62460433,6,34,622463,1570486,3144813,0,17466665,7349,34887298,101223649,0
1789731927.2565491,85.186,938105,12835,0,262,50,33,17558,211194,4453613,16643548,2489892,62916104,46726344,64771556,0,0,0,0,3,0,12560063,61097196,62460433,6,34,622473,1570478,3144796,0,17466677,7349,34887298,101223721,0
1789731927.5070372,85.437,938472,12835,0,262,50,33,17558,211227,4453707,16643548,2489892,62920072,46730312,64771556,0,0,0,0,2,0,12560072,61097196,62460433,6,34,622473,1570577,3144994,0,17466693,7349,34887298,101223721,0
1789731927.757508,85.687,938828,12848,0,262,50,33,17563,211253,4457816,16643532,2023652,62920328,46730568,64771556,0,7228,0,1,2,0,12560814,61143843,62507917,6,34,505913,1570583,3145007,1807,17466698,7349,34887298,101690033,0
1789731928.007984,85.937,939176,12858,0,262,50,33,17568,211289,4460931,16643540,1620752,62917172,46727380,64771556,0,0,0,0,2,0,12561113,61163015,62527447,6,34,405188,1570504,3144849,0,17467336,7349,34887302,102093209,0
1789731928.2584648,86.188,939543,12859,0,262,50,33,17568,211322,4461092,16643612,1620448,62916740,46726876,64771556,0,0,0,0,2,0,12561871,61163320,62527752,6,34,405112,1570494,3144828,0,17467403,7349,34887302,102093261,0
1789731928.508963,86.438,939918,12859,0,262,50,33,17569,211347,4461225,16643612,1620448,62916740,46726876,64771556,0,0,0,0,2,0,12561903,61163320,62527752,6,34,405112,1570494,3144828,0,17467405,7349,34887302,102093261,0
1789731928.7594402,86.689,940293,12859,0,262,50,33,17569,211372,4461326,16643612,1620448,62916740,46726876,64771556,0,0,0,0,2,0,12561925,61163320,62527752,6,34,405112,1570494,3144828,0,17467407,7349,34887302,102093261,0
1789731929.0099084,86.939,940668,12859,0,262,50,33,17570,211397,4461420,16643612,1620448,62916740,46726876,64771556,0,0,0,0,2,0,12561944,61163320,62527752,6,34,405112,1570494,3144828,0,17467418,7349,34887302,102093261,0
1789731929.2604046,87.19,941042,12859,0,262,50,33,17571,211423,4461556,16643708,1620544,62919656,46729696,64771556,0,0,0,0,2,0,12561970,61163320,62527752,6,34,405136,1570566,3144973,0,17467427,7349,34887302,102093261,0
1789731929.5108898,87.44,941417,12859,0,262,50,33,17572,211447,4461625,16643708,1620544,62919656,46729696,64771556,0,0,0,0,2,0,12561974,61163320,62527752,6,34,405136,1570566,3144973,0,17467430,7349,34887302,102093261,0
1789731929.7613323,87.691,941790,12859,0,262,50,33,17573,211474,4461917,16643708,1620544,62919152,46729192,64771556,0,0,0,0,3,0,12561991,61163320,62527752,6,34,405136,1570554,3144948,0,17467618,7349,34887302,102093261,0
1789731930.011795,87.941,942165,12859,0,262,50,33,17573,211499,4462007,16643708,1620544,62919152,46729192,64771556,0,0,0,0,2,0,12562008,61163320,62527752,6,34,405136,1570554,3144948,0,17467624,7349,34887302,102093261,0
1789731930.2622695,88.192,942536,12859,0,262,50,33,17574,211528,4462114,16643708,1620544,62921988,46732028,64771556,0,0,0,0,2,0,12562889,61163320,62527752,6,34,405136,1570625,3145090,0,17467631,7349,34887302,102093261,0
1789731930.5127678,88.442,942909,12859,0,262,50,33,17574,211554,4462248,16643708,1620544,62921988,46732028,64771556,0,0,0,0,3,0,12562922,61163320,62527752,6,34,405136,1570625,3145090,0,17467641,7349,34887302,102093261,0
1789731930.7632644,88.693,943284,12859,0,262,50,33,17576,211579,4462344,16643708,1620544,62921988,46732028,64771556,0,0,0,0,2,0,12562941,61163320,62527752,6,34,405136,1570625,3145090,0,17467643,7349,34887302,102093261,0
1789731931.0137188,88.943,943660,12859,0,262,50,33,17576,211604,4462451,16643708,1620544,62921988,46732028,64771556,0,0,0,0,2,0,12562973,61163320,62527752,6,34,405136,1570625,3145090,0,17467651,7349,34887302,102093261,0
1789731931.2641737,89.194,944028,12859,0,262,50,33,17577,211635,4462575,16643708,1620544,62924372,46734404,64771556,0,0,0,0,2,0,12563187,61163320,62527752,6,34,405136,1570684,3145209,0,17467671,7349,34887302,102093261,0
1789731931.5146706,89.444,944392,12859,0,262,50,33,17579,211670,4463332,16643708,1620544,62921140,46731172,64771556,0,0,0,0,2,0,12563222,61163320,62527752,6,34,405136,1570603,3145047,0,17468716,7349,34887302,102093261,0
1789731931.7651544,89.695,944767,12859,0,262,50,33,17579,211695,4463387,16643708,1620544,62921140,46731172,64771556,0,0,0,0,2,0,12563226,61163320,62527752,6,34,405136,1570603,3145047,0,17468828,7349,34887302,102093261,0
1789731932.0155587,89.945,945142,12859,0,262,50,33,17580,211720,4463469,16643708,1620544,62921140,46731172,64771556,0,0,0,0,3,0,12563246,61163320,62527752,6,34,405136,1570603,3145047,0,17468832,7349,34887302,102093261,0
1789731932.2660854,90.196,945518,12859,0,262,50,33,17581,211744,4463551,16643804,1620640,62923500,46733444,64771556,0,0,0,0,2,0,12564234,61163320,62527752,6,34,405160,1570662,3145165,0,17468832,7349,34887302,102093261,0
1789731932.5164516,90.446,945893,12859,0,262,50,33,17582,211768,4463661,16643804,1620640,62923500,46733444,64771556,0,0,0,0,2,0,12564266,61163320,62527752,6,34,405160,1570662,3145165,0,17468832,7349,34887302,102093261,0
1789731932.7668939,90.696,946268,12859,0,262,50,33,17582,211793,4463800,16643804,1620640,62923212,46733156,64771556,0,0,0,0,2,0,12564279,61163320,62527752,6,34,405160,1570655,3145151,0,17468844,7349,34887302,102093261,0
1789731933.0173788,90.947,946640,12859,0,262,50,33,17583,211821,4463911,16643804,1620640,62923212,46733156,64771556,0,0,0,0,2,0,12565208,61163320,62527752,6,34,405160,1570655,3145151,0,17468849,7349,34887302,102093261,0
1789731933.2678707,91.197,947010,12862,0,262,50,33,17584,211847,4465388,16643792,1514144,62925136,46735080,64771556,0,8192,0,1,2,0,12565403,61171350,62535950,6,34,378536,1570703,3145247,2048,17468867,7349,34887302,102199833,0
1789731933.518361,91.448,947359,12880,0,262,50,33,17591,211872,4469429,16643808,860176,62924380,46734288,64771556,0,332,0,0,2,0,12565950,61216729,62581975,6,34,215044,1570684,3145209,83,17468869,7349,34887302,102854133,0
1789731933.768856,91.698,947734,12880,0,262,50,33,17592,211896,4469505,16643808,860176,62924380,46734288,64771556,0,332,0,0,2,0,12565955,61216729,62581975,6,34,215044,1570684,3145209,83,17468870,7349,34887302,102854133,0
1789731934.0192463,91.949,948110,12880,0,262,50,33,17593,211921,4469578,16643808,860176,62924380,46734288,64771556,0,332,0,0,2,0,12565976,61216729,62581975,6,34,215044,1570684,3145209,83,17468870,7349,34887302,102854133,0
1789731934.2696285,92.199,948485,12880,0,262,50,33,17594,211946,4469690,16643852,859884,62924416,46734288,64771556,0,0,0,0,2,0,12566017,61216729,62581975,6,34,214971,1570685,3145211,0,17468872,7349,34887302,102854133,0
1789731934.520049,92.45,948853,12880,0,262,50,33,17594,211977,4469834,16643852,859884,62924680,46734544,64771556,0,0,0,0,2,0,12566270,61216729,62581975,6,34,214971,1570692,3145224,0,17468897,7349,34887302,102854133,0
1789731934.7705405,92.7,949226,12880,0,262,50,33,17595,212004,4470043,16643852,859884,62924680,46734544,64771556,0,0,0,0,2,0,12566277,61216729,62581975,6,34,214971,1570692,3145224,0,17468904,7349,34887302,102854133,0
1789731935.021063,92.951,949601,12880,0,262,50,33,17596,212029,4470323,16643852,859884,62924680,46734544,64771556,0,0,0,0,2,0,12566286,61216729,62581975,6,34,214971,1570692,3145224,0,17469011,7349,34887302,102854133,0
1789731935.2715483,93.201,949966,12880,0,262,50,33,17597,212063,4470791,16643852,859884,62926400,46736264,64771556,0,0,0,0,2,0,12566375,61216729,62581975,6,34,214971,1570725,3145290,0,17469013,7349,34887302,102854133,0
1789731935.5220907,93.452,950331,12880,0,262,50,33,17598,212098,4471278,16643852,859884,62925616,46735480,64771556,0,0,0,0,2,0,12566407,61216729,62581975,6,34,214971,1570715,3145271,0,17469014,7349,34887302,102854133,0
1789731935.772587,93.702,950695,12880,0,262,50,33,17599,212134,4471797,16643852,859884,62925616,46735480,64771556,0,0,0,0,2,0,12566455,61216729,62581975,6,34,214971,1570715,3145271,0,17469015,7349,34887302,102854133,0
1789731936.023151,93.953,951060,12880,0,262,50,33,17600,212170,4472312,16643948,859980,62925648,46735416,64771556,0,0,0,0,2,0,12566503,61216729,62581975,6,34,214995,1570716,3145273,0,17469016,7349,34887302,102854133,0
1789731936.2736359,94.203,951416,12880,0,262,50,33,17601,212212,4472827,16643948,859980,62927284,46737052,64771556,0,0,0,0,2,0,12566607,61216729,62581975,6,34,214995,1570747,3145334,0,17469028,7349,34887302,102854133,0
1789731936.524162,94.454,951781,12880,0,262,50,33,17601,212247,4473364,16643948,859980,62926512,46736280,64771556,0,0,0,0,2,0,12566672,61216729,62581975,6,34,214995,1570738,3145316,0,17469028,7349,34887302,102854133,0
1789731936.774644,94.704,952146,12880,0,262,50,33,17603,212282,4473863,16643948,859980,62926512,46736280,64771556,0,0,0,0,2,0,12566716,61216729,62581975,6,34,214995,1570738,3145316,0,17469029,7349,34887302,102854133,0
1789731937.0251756,94.955,952511,12880,0,262,50,33,17604,212316,4474360,16643948,859980,62926512,46736280,64771556,0,0,0,0,2,0,12566748,61216729,62581975,6,34,214995,1570738,3145316,0,17469032,7349,34887302,102854133,0
1789731937.275639,95.205,952876,12880,0,262,50,33,17606,212349,4474844,16643948,859980,62927008,46736776,64771556,0,0,0,0,2,0,12566801,61216729,62581975,6,34,214995,1570750,3145341,0,17469034,7349,34887302,102854133,0
1789731937.526148,95.456,953241,12880,0,262,50,33,17606,212385,4475346,16643948,859980,62927008,46736776,64771556,0,0,0,0,2,0,12566839,61216729,62581975,6,34,214995,1570750,3145341,0,17469037,7349,34887302,102854133,0
1789731937.7766156,95.706,953612,12880,0,262,50,33,17606,212414,4475656,16643948,859980,62927008,46736776,64771556,0,0,0,0,5,0,12566867,61216729,62581975,6,34,214995,1570750,3145341,0,17469038,7349,34887302,102854133,0
1789731938.0271068,95.957,953971,12880,0,262,50,33,17608,212454,4476323,16643948,859980,62927008,46736776,64771556,0,0,0,0,2,0,12567458,61216729,62581975,6,34,214995,1570750,3145341,0,17469044,7349,34887302,102854133,0
1789731938.2775745,96.207,954335,12880,0,262,50,33,17609,212488,4476982,16643948,859980,62928432,46738200,64771556,0,0,0,0,2,0,12567521,61216729,62581975,6,34,214995,1570785,3145412,0,17469050,7349,34887302,102854133,0
1789731938.5281222,96.458,954700,12880,0,262,50,33,17610,212523,4477615,16643948,859980,62927660,46737428,64771556,0,0,0,0,2,0,12567585,61216729,62581975,6,34,214995,1570766,3145373,0,17469052,7349,34887302,102854133,0
1789731938.7786114,96.708,955066,12880,0,262,50,33,17611,212557,4478497,16643948,859980,62925004,46734772,64771556,0,0,0,0,6,0,12567625,61216729,62581975,6,34,214995,1570700,3145241,0,17469768,7349,34887302,102854133,0
1789731939.0293148,96.959,955392,12891,0,262,50,33,17622,212609,4483658,16643928,373388,62904092,46713860,64771556,0,11304,0,1,6,0,12568244,61240173,62606128,6,34,93347,1570178,3144195,2523,17478013,7349,34887302,103343545,0
1789731939.2798116,97.209,955733,12899,0,262,50,33,17629,212652,4485843,16644004,86044,62892488,46702112,64771556,0,0,0,0,3,0,12568948,61261275,62627400,6,34,21511,1569887,3143612,0,17484551,7349,34887302,103631949,0
1789731939.530299,97.46,956094,12899,0,262,50,33,17629,212690,4486486,16644100,86140,62892584,46702112,64771556,0,0,0,0,5,0,12568999,61261275,62627400,6,34,21535,1569889,3143617,0,17484559,7349,34887302,103631965,0
1789731939.7807717,97.71,956458,12899,0,262,50,33,17630,212725,4487048,16644100,86140,62892584,46702112,64771556,0,0,0,0,2,0,12569039,61261275,62627400,6,34,21535,1569889,3143617,0,17484559,7349,34887302,103631965,0
1789731940.031274,97.961,956823,12899,0,262,50,33,17631,212759,4487582,16644100,86140,62894104,46703632,64771556,0,0,0,0,2,0,12569160,61261275,62627400,6,34,21535,1569927,3143693,0,17484562,7349,34887302,103631965,0
1789731940.2817497,98.211,957188,12899,0,262,50,33,17631,212795,4488112,16644100,86140,62898772,46708300,64771556,0,0,0,0,2,0,12569227,61261275,62627400,6,34,21535,1570044,3143927,0,17484564,7349,34887302,103631965,0
1789731940.5322504,98.462,957552,12899,0,262,50,33,17632,212831,4488678,16644100,86140,62898772,46708300,64771556,0,0,0,0,2,0,12569293,61261275,62627400,6,34,21535,1570034,3143906,0,17484568,7349,34887302,103631965,0
1789731940.782787,98.712,957917,12899,0,262,50,33,17633,212867,4489259,16644100,86140,62897996,46707524,64771556,0,0,0,0,2,0,12569353,61261275,62627400,6,34,21535,1570024,3143888,0,17484570,7349,34887302,103631965,0
1789731941.0332956,98.963,958280,12899,0,262,50,33,17634,212903,4489828,16644100,86140,62898952,46708480,64771556,0,0,0,0,2,0,12569437,61261275,62627400,6,34,21535,1570048,3143936,0,17484592,7349,34887302,103631965,0
1789731941.2837844,99.213,958644,12899,0,262,50,33,17635,212938,4490372,16644100,86140,62901596,46711124,64771556,0,0,0,0,2,0,12569506,61261275,62627400,6,34,21535,1570114,3144068,0,17484593,7349,34887302,103631965,0
1789731941.5342982,99.464,959009,12899,0,262,50,33,17636,212973,4490937,16644100,86140,62901596,46711124,64771556,0,0,0,0,2,0,12569543,61261275,62627400,6,34,21535,1570114,3144068,0,17484594,7349,34887302,103631965,0
1789731941.7848122,99.714,959373,12899,0,262,50,33,17637,213009,4491436,16644100,86140,62900816,46710344,64771556,0,0,0,0,2,0,12569579,61261275,62627400,6,34,21535,1570095,3144029,0,17484596,7349,34887302,103631965,0
1789731942.0353258,99.965,959738,12899,0,262,50,33,17637,213044,4491937,16644100,86140,62900816,46710344,64771556,0,0,0,0,2,0,12569627,61261275,62627400,6,34,21535,1570095,3144029,0,17484598,7349,34887302,103631965,0
1789731942.2857938,100.215,960098,12899,0,262,50,33,17638,213083,4492745,16644100,86140,62908480,46718008,64771556,0,0,0,0,10,0,12569703,61261275,62627400,6,34,21535,1570286,3144412,0,17484603,7349,34887302,103631965,0
1789731942.536293,100.466,960454,12899,0,262,50,33,17640,213125,4493440,16644100,86140,62908076,46717604,64771556,0,0,0,0,2,0,12569792,61261275,62627400,6,34,21535,1570276,3144392,0,17484655,7349,34887302,103631965,0
1789731942.7868052,100.716,960824,12899,0,262,50,33,17640,213156,4493745,16644100,86140,62907724,46717252,64771556,0,0,0,0,6,0,12569829,61261275,62627400,6,34,21535,1570267,3144374,0,17484661,7349,34887302,103631965,0
1789731943.0372646,100.967,961189,12899,0,262,50,33,17641,213190,4494258,16644196,86236,62911440,46720872,64771556,0,0,0,0,5,0,12569938,61261275,62627400,6,34,21559,1570360,3144560,0,17484662,7349,34887302,103631965,0
1789731943.2877584,101.217,961547,12899,0,262,50,33,17642,213233,4494954,16644196,86236,62910680,46720112,64771556,0,0,0,0,2,0,12570001,61261275,62627400,6,34,21559,1570341,3144522,0,17484668,7349,34887302,103631965,0
1789731943.5382226,101.468,961922,12899,0,262,50,33,17642,213258,4494988,16644196,86236,62910680,46720112,64771556,0,0,0,0,2,0,12570001,61261275,62627400,6,34,21559,1570341,3144522,0,17484669,7349,34887302,103631965,0
1789731943.7885947,101.718,962287,12899,0,262,50,33,17643,213293,4495503,16644196,86236,62910428,46719860,64771556,0,0,0,0,2,0,12570036,61261275,62627400,6,34,21559,1570335,3144509,0,17484671,7349,34887302,103631965,0
1789731944.0390718,101.969,962649,12899,0,262,50,33,17644,213330,4496022,16644196,86236,62910176,46719608,64771556,0,0,0,0,2,0,12570161,61261275,62627400,6,34,21559,1570328,3144497,0,17484683,7349,34887302,103631965,0
1789731944.2895017,102.219,963013,12899,0,262,50,33,17644,213366,4496535,16644196,86236,62913772,46723204,64771556,0,0,0,0,2,0,12570266,61261275,62627400,6,34,21559,1570408,3144656,0,17484686,7349,34887302,103631965,0
1789731944.5400336,102.47,963375,12901,0,262,50,33,17646,213401,4497953,16644184,4968,62913000,46722432,64771556,0,96,0,0,2,0,12570375,61262862,62629019,6,34,1242,1570399,3144638,24,17484688,7349,34887302,103713401,0
1789731944.7904837,102.72,963739,12901,0,262,50,33,17647,213436,4498499,16644184,4968,62913000,46722432,64771556,0,96,0,0,2,0,12570433,61262862,62629019,6,34,1242,1570399,3144638,24,17484691,7349,34887302,103713401,0
1789731945.041003,102.97,964104,12901,0,262,50,33,17648,213470,4499012,16644184,4968,62913912,46723344,64771556,0,96,0,0,2,0,12570466,61262862,62629019,6,34,1242,1570422,3144683,24,17484693,7349,34887302,103713401,0
1789731945.2914667,103.221,964469,12901,0,262,50,33,17649,213504,4499527,16644204,4916,62916020,46725440,64771556,0,0,0,0,2,0,12570527,61262862,62629019,6,34,1229,1570474,3144789,0,17484693,7349,34887302,103713401,0
1789731945.542004,103.471,964833,12901,0,262,50,33,17650,213538,4500048,16644204,4916,62915244,46724664,64771556,0,0,0,0,2,0,12570592,61262862,62629019,6,34,1229,1570455,3144750,0,17484697,7349,34887302,103713401,0
1789731945.7925007,103.722,965197,12901,0,262,50,33,17651,213575,4500590,16644204,4916,62915244,46724664,64771556,0,0,0,0,2,0,12570626,61262862,62629019,6,34,1229,1570455,3144750,0,17484701,7349,34887302,103713401,0
1789731946.0430257,103.972,965562,12901,0,262,50,33,17652,213611,4501132,16644204,4916,62916136,46725556,64771556,0,0,0,0,2,0,12570692,61262862,62629019,6,34,1229,1570477,3144795,0,17484703,7349,34887302,103713401,0
1789731946.2934654,104.223,965927,12901,0,262,50,33,17653,213644,4501655,16644204,4916,62917968,46727388,64771556,0,0,0,0,2,0,12570730,61262862,62629019,6,34,1229,1570523,3144886,0,17484704,7349,34887302,103713401,0
1789731946.5439594,104.473,966291,12901,0,262,50,33,17653,213679,4502146,16644204,4916,62917200,46726620,64771556,0,0,0,0,2,0,12570792,61262862,62629019,6,34,1229,1570504,3144848,0,17484708,7349,34887302,103713401,0
1789731946.7944067,104.724,966651,12901,0,262,50,33,17654,213720,4502655,16644204,4916,62917200,46726620,64771556,0,0,0,0,2,0,12570822,61262862,62629019,6,34,1229,1570504,3144848,0,17484736,7349,34887302,103713401,0
1789731947.0448895,104.974,967015,12901,0,262,50,33,17655,213755,4503180,16644204,4916,62918080,46727500,64771556,0,0,0,0,2,0,12570873,61262862,62629019,6,34,1229,1570526,3144892,0,17484740,7349,34887302,103713401,0
1789731947.2953722,105.225,967380,12901,0,262,50,33,17656,213790,4503742,16644300,5012,62921180,46730504,64771556,0,0,0,0,2,0,12570925,61262862,62629019,6,34,1253,1570603,3145047,0,17484741,7349,34887302,103713401,0
1789731947.5459003,105.475,967745,12901,0,262,50,33,17657,213824,4504227,16644300,5012,62920404,46729728,64771556,0,0,0,0,2,0,12570959,61262862,62629019,6,34,1253,1570584,3145008,0,17484743,7349,34887302,103713401,0
1789731947.796375,105.726,968109,12901,0,262,50,33,17658,213859,4504726,16644300,5012,62920404,46729728,64771556,0,0,0,0,2,0,12570992,61262862,62629019,6,34,1253,1570584,3145008,0,17484753,7349,34887302,103713401,0
1789731948.0468624,105.976,968474,12901,0,262,50,33,17659,213893,4505235,16644300,5012,62923516,46732840,64771556,0,0,0,0,2,0,12571763,61262862,62629019,6,34,1253,1570661,3145163,0,17484755,7349,34887302,103713401,0
1789731948.2973733,106.227,968838,12901,0,262,50,33,17660,213928,4505730,16644300,5012,62922748,46732072,64771556,0,0,0,0,2,0,12571804,61262862,62629019,6,34,1253,1570642,3145125,0,17484760,7349,34887302,103713401,0
1789731948.547828,106.477,969200,12901,0,262,50,33,17660,213965,4506256,16644300,5012,62922748,46732072,64771556,0,0,0,0,2,0,12571855,61262862,62629019,6,34,1253,1570642,3145125,0,17484769,7349,34887302,103713401,0
1789731948.7983255,106.728,969564,12901,0,262,50,33,17661,214001,4506801,16644300,5012,62922496,46731820,64771556,0,0,0,0,2,0,12571898,61262862,62629019,6,34,1253,1570636,3145112,0,17484800,7349,34887302,103713401,0
1789731949.0488105,106.978,969930,12901,0,262,50,33,17662,214036,4507377,16644300,5012,62923304,46732628,64771556,0,0,0,0,2,0,12571933,61262862,62629019,6,34,1253,1570656,3145153,0,17484815,7349,34887302,103713401,0
1789731949.2993734,107.229,970295,12901,0,262,50,33,17663,214070,4507975,16644300,5012,62923340,46732664,64771556,0,0,0,0,2,0,12571964,61262862,62629019,6,34,1253,1570657,3145155,0,17484820,7349,34887302,103713401,0
1789731949.5498865,107.479,970661,12901,0,262,50,33,17664,214103,4508507,16644300,5012,62923340,46732664,64771556,0,0,0,0,2,0,12572009,61262862,62629019,6,34,1253,1570657,3145155,0,17484826,7349,34887302,103713401,0
1789731949.800402,107.73,971026,12901,0,262,50,33,17664,214138,4509091,16644396,4148,62923372,46732600,64771556,0,4,0,0,2,0,12572066,61262862,62629019,6,34,1037,1570658,3145156,1,17484856,7349,34887302,103714365,0
1789731950.0509033,107.98,971390,12901,0,262,50,33,17665,214173,4509738,16644396,4148,62923500,46732728,64771556,0,4,0,0,2,0,12572115,61262862,62629019,6,34,1037,1570661,3145163,1,17484897,7349,34887302,103714365,0
1789731950.3014088,108.231,971755,12901,0,262,50,33,17666,214209,4510400,16644396,4164,62923500,46732728,64771556,0,0,0,0,2,0,12572909,61262867,62629025,6,34,1041,1570661,3145163,0,17484914,7349,34887302,103714401,0
1789731950.5519133,108.481,972119,12901,0,262,50,33,17667,214245,4511081,16644396,4164,62922744,46731972,64771556,0,0,0,0,2,0,12572999,61262867,62629025,6,34,1041,1570642,3145125,0,17484960,7349,34887302,103714401,0
1789731950.8024218,108.732,972478,12901,0,262,50,33,17668,214285,4511746,16644396,4164,62915068,46724296,64771556,0,0,0,0,2,0,12573067,61262867,62629025,6,34,1041,1570450,3144741,0,17486607,7349,34887302,103714401,0
1789731951.0529356,108.982,972841,12901,0,262,50,33,17669,214324,4512592,16644396,4164,62915684,46724912,64771556,0,0,0,0,2,0,12573161,61262867,62629025,6,34,1041,1570466,3144772,0,17486761,7349,34887302,103714401,0
1789731951.3034098,109.233,973216,12901,0,262,50,33,17670,214348,4512623,16644396,4164,62915684,46724912,64771556,0,0,0,0,2,0,12573180,61262867,62629025,6,34,1041,1570466,3144772,0,17486762,7349,34887302,103714401,0
1789731951.5537899,109.483,973581,12901,0,262,50,33,17670,214383,4513146,16644396,4164,62915684,46724912,64771556,0,0,0,0,2,0,12573209,61262867,62629025,6,34,1041,1570466,3144772,0,17486766,7349,34887302,103714401,0
1789731951.804303,109.734,973947,12901,0,262,50,33,17672,214417,4513635,16644396,4164,62915684,46724912,64771556,0,0,0,0,2,0,12573243,61262867,62629025,6,34,1041,1570466,3144772,0,17486767,7349,34887302,103714401,0
1789731952.0547805,109.984,974312,12901,0,262,50,33,17672,214452,4514163,16644396,4164,62915432,46724660,64771556,0,0,0,0,2,0,12573285,61262867,62629025,6,34,1041,1570460,3144759,0,17486771,7349,34887302,103714401,0
1789731952.3053677,110.235,974665,12901,0,262,50,33,17673,214499,4515107,16644396,4164,62915416,46724644,64771556,0,0,0,0,2,0,12573354,61262867,62629025,6,34,1041,1570459,3144759,0,17486781,7349,34887302,103714401,0
1789731952.5558646,110.485,975031,12901,0,262,50,33,17674,214532,4515630,16644396,4164,62914660,46723888,64771556,0,0,0,0,2,0,12573412,61262867,62629025,6,34,1041,1570440,3144721,0,17486783,7349,34887302,103714401,0
1789731952.8063467,110.736,975397,12901,0,262,50,33,17674,214566,4516113,16644396,4164,62914660,46723888,64771556,0,0,0,0,2,0,12573455,61262867,62629025,6,34,1041,1570440,3144721,0,17486784,7349,34887302,103714649,0
1789731953.0568693,110.986,975762,12901,0,262,50,33,17675,214601,4516594,16644396,4164,62915408,46724636,64771556,0,0,0,0,2,0,12573485,61262867,62629025,6,34,1041,1570459,3144758,0,17486785,7349,34887302,103714649,0
1789731953.3073559,111.237,976128,12901,0,262,50,33,17675,214635,4517082,16644396,3916,62915648,46724876,64771556,0,0,0,0,2,0,12573528,61262867,62629025,6,34,979,1570455,3144750,0,17486786,7349,34887302,103714649,0
1789731953.5578997,111.487,976494,12901,0,262,50,33,17676,214669,4517588,16644396,3916,62914892,46724120,64771556,0,0,0,0,2,0,12573558,61262867,62629025,6,34,979,1570446,3144732,0,17486789,7349,34887302,103714649,0
1789731953.8083909,111.738,976860,12901,0,262,50,33,17677,214702,4518047,16644396,3916,62914892,46724120,64771556,0,0,0,0,2,0,12573591,61262867,62629025,6,34,979,1570446,3144732,0,17486792,7349,34887302,103714649,0
1789731954.0588903,111.988,977224,12901,0,262,50,33,17678,214738,4518576,16644396,3916,62925120,46734348,64771556,0,0,0,0,2,0,12573697,61262867,62629025,6,34,979,1570701,3145244,0,17486794,7349,34887302,103714649,0
1789731954.3093557,112.239,977599,12901,0,262,50,33,17678,214763,4518718,16644492,4012,62925212,46734344,64771556,0,0,0,0,2,0,12573725,61262867,62629025,6,34,1003,1570704,3145248,0,17486796,7349,34887302,103714649,0
1789731954.5598216,112.489,977974,12901,0,262,50,33,17679,214787,4518760,16644492,4012,62924456,46733588,64771556,0,0,0,0,2,0,12573787,61262867,62629025,6,34,1003,1570685,3145210,0,17486797,7349,34887302,103714649,0
1789731954.810238,112.74,978350,12901,0,262,50,33,17683,214808,4518881,16644492,4012,62852140,46661272,64771556,0,0,0,0,2,0,12573813,61262867,62629025,6,34,1003,1568880,3141596,0,17503251,7349,34887302,103714649,0
1789731955.060678,112.99,978725,12901,0,262,50,33,17691,214825,4518950,16644492,4012,62684820,46493952,64771556,0,0,0,0,2,0,12573815,61262867,62629025,6,34,1003,1564703,3133232,0,17544376,7349,34887302,103714649,0
1789731955.311096,113.241,979100,12901,0,262,50,33,17700,214842,4519009,16644492,4012,62482708,46291840,64771556,0,0,0,0,2,0,12573840,61262867,62629025,6,34,1003,1559657,3123128,0,17593723,7349,34887302,103714649,0
1789731955.561432,113.491,979476,12901,0,262,50,33,17707,214860,4519064,16644492,4012,62345348,46154480,64771556,0,0,0,0,2,0,12573840,61262867,62629025,6,34,1003,1556228,3116262,0,17629708,7349,34887302,103714649,0
1789731955.8117604,113.741,979851,12901,0,262,50,33,17711,214881,4519146,16644492,4012,62256872,46066004,64771556,0,0,0,0,2,0,12573862,61264633,62630790,6,34,1003,1554020,3111839,0,17651301,7350,34887314,103714649,0
1789731956.0621288,113.992,980226,12901,0,262,50,33,17711,214906,4519207,16644492,4012,62257616,46066748,64771556,0,0,0,0,2,0,12573885,61264633,62630790,6,34,1003,1554038,3111877,0,17651302,7350,34887314,103714649,0
1789731956.3124895,114.242,980602,12901,0,262,50,33,17711,214931,4519251,16644504,4012,62256628,46065752,64771556,0,0,0,0,2,0,12574908,61264633,62630790,6,34,1003,1554014,3111827,0,17651303,7350,34887314,103714649,0
1789731956.5628195,114.492,980977,12901,0,262,50,33,17711,214956,4519326,16644504,4012,62256628,46065752,64771556,0,0,0,0,2,0,12575950,61264633,62630790,6,34,1003,1554014,3111827,0,17651306,7350,34887314,103714649,0
1789731956.813196,114.743,981353,12901,0,262,50,33,17711,214981,4519357,16644504,4012,62256628,46065752,64771556,0,0,0,0,2,0,12575973,61264633,62630790,6,34,1003,1554014,3111827,0,17651306,7350,34887314,103714649,0
1789731957.0635073,114.993,981728,12901,0,262,50,33,17711,215006,4519405,16644504,4012,62257364,46066488,64771556,0,0,0,0,2,0,12575973,61264633,62630790,6,34,1003,1554032,3111864,0,17651307,7350,34887314,103714649,0
1789731957.3138156,115.243,982103,12901,0,262,50,33,17711,215031,4519436,16644504,4012,62257364,46066488,64771556,0,0,0,0,2,0,12575989,61264633,62630790,6,34,1003,1554032,3111864,0,17651307,7350,34887314,103714649,0
1789731957.5641432,115.494,982479,12901,0,262,50,33,17711,215056,4519477,16644504,4012,62257364,46066488,64771556,0,0,0,0,2,0,12575989,61264633,62630790,6,34,1003,1554022,3111844,0,17651308,7350,34887314,103714649,0
1789731957.8145015,115.744,982853,12901,0,262,50,33,17712,215081,4519852,16644504,4012,62256204,46065328,64771556,0,0,0,0,2,0,12576004,61264633,62630790,6,34,1003,1554003,3111806,0,17651467,7350,34887314,103714649,0
1789731958.0649893,115.994,983229,12901,0,262,50,33,17712,215106,4519897,16644504,4012,62256880,46066004,64771556,0,0,0,0,2,0,12576148,61264633,62630790,6,34,1003,1554020,3111840,0,17651469,7350,34887314,103714649,0
1789731958.3153417,116.245,983604,12901,0,262,50,33,17712,215131,4519929,16644504,4012,62256628,46065752,64771556,0,0,0,0,2,0,12576163,61264633,62630790,6,34,1003,1554014,3111827,0,17651469,7350,34887314,103714649,0
1789731958.565672,116.495,983980,12901,0,262,50,33,17712,215157,4519970,16644504,4012,62256628,46065752,64771556,0,0,0,0,2,0,12576192,61264633,62630790,6,34,1003,1554014,3111827,0,17651471,7350,34887314,103714649,0
1789731958.8160486,116.746,984355,12901,0,262,50,33,17712,215182,4520021,16644504,4012,62257228,46066352,64771556,0,0,0,0,2,0,12576207,61264633,62630790,6,34,1003,1554029,3111857,0,17651471,7350,34887314,103714649,0
1789731959.0663762,116.996,984731,12901,0,262,50,33,17712,215207,4520068,16644504,4012,62257468,46066592,64771556,0,0,0,0,2,0,12576331,61264633,62630790,6,34,1003,1554035,3111869,0,17651471,7350,34887314,103714649,0
1789731959.3167121,117.246,985106,12901,0,262,50,33,17712,215232,4520097,16644504,4012,62257216,46066340,64771556,0,0,0,0,2,0,12576344,61264633,62630790,6,34,1003,1554028,3111857,0,17651472,7350,34887314,103714649,0
1789731959.567075,117.497,985481,12902,0,262,50,33,17712,215257,4520147,16644504,4020,62256964,46066088,64771556,0,0,0,0,2,0,12576344,61264655,62630813,6,34,1005,1554022,3111844,0,17651473,7350,34887314,103714697,0
1789731959.8174114,117.747,985857,12902,0,262,50,33,17712,215282,4520176,16644504,4020,62256964,46066088,64771556,0,0,0,0,2,0,12576344,61264655,62630813,6,34,1005,1554022,3111844,0,17651475,7350,34887314,103714697,0
1789731960.067741,117.997,986229,12902,0,262,50,33,17714,215308,4520311,16698512,57976,62251672,46005576,64771556,0,0,0,0,3,0,12576367,61264655,62630813,6,34,14494,1553860,3111519,0,17651489,7350,34887314,103714749,0
1789731960.3182194,118.248,986604,12902,0,262,50,33,17715,215332,4520373,16758080,117544,62255376,45948072,64771556,0,0,0,0,2,0,12576441,61264655,62630813,6,34,29386,1553911,3111622,0,17651490,7350,34887314,103714749,0
1789731960.568561,118.498,986980,12902,0,262,50,33,17717,215355,4520428,16818164,177628,62242076,45873072,64771556,0,0,0,0,2,0,12576467,61264655,62630813,6,34,44508,1553549,3110897,0,17651490,7350,34887314,103714749,0
1789731960.8189201,118.748,987355,12902,0,262,50,33,17720,215377,4520506,16878240,237712,62245120,45814404,64771556,0,0,0,0,2,0,12576486,61264655,62630813,6,34,59428,1553574,3110947,0,17651493,7350,34887314,103714777,0
1789731961.0693135,118.999,987730,12902,0,262,50,33,17721,215401,4520557,16937920,297392,62248648,45756636,64771556,0,0,0,0,2,0,12576486,61264655,62630813,6,34,74348,1553622,3111043,0,17651497,7350,34887314,103714777,0
1789731961.319647,119.249,988106,12902,0,262,50,33,17724,215424,4520584,16998008,357480,62244828,45691112,64771556,0,0,0,0,2,0,12576503,61264655,62630813,6,34,89370,1553486,3110771,0,17651498,7350,34887314,103714777,0
1789731961.570014,119.499,988481,12902,0,262,50,33,17726,215447,4520623,17057276,416748,62247704,45633104,64771556,0,0,0,0,2,0,12576503,61264655,62630813,6,34,104187,1553518,3110834,0,17651498,7350,34887314,103714777,0
1789731961.8203783,119.75,988857,12902,0,262,50,33,17728,215469,4520662,17116552,476024,62251016,45575512,64771556,0,0,0,0,2,0,12576503,61264655,62630813,6,34,119006,1553560,3110918,0,17651499,7350,34887314,103714777,0
1789731962.070749,120.0,989232,12902,0,262,50,33,17730,215492,4520716,17176992,536464,62247024,45509364,64771556,0,0,0,0,2,0,12576541,61264655,62630813,6,34,134116,1553417,3110633,0,17651499,7350,34887314,103714777,0
1789731962.32114,120.251,989608,12902,0,262,50,33,17732,215515,4520753,17201432,560904,62245876,45482968,64771556,0,0,0,0,2,0,12576560,61264655,62630813,6,34,140226,1553368,3110535,0,17651502,7350,34887314,103714777,0
1789731962.571534,120.501,989982,12902,0,262,50,33,17734,215540,4520830,17201792,561264,62245572,45482128,64771556,0,0,0,0,2,0,12576603,61264655,62630813,6,34,140316,1553356,3110510,0,17651795,7350,34887314,103714777,0
1789731962.821903,120.751,990357,12902,0,262,50,33,17734,215565,4520879,17201800,561284,62245124,45481680,64771556,0,0,0,0,2,0,12576624,61264655,62630813,6,34,140321,1553345,3110488,0,17651796,7350,34887314,103714777,0
1789731963.0722501,121.002,990733,12902,0,262,50,33,17734,215590,4520926,17201800,561284,62245356,45481912,64771556,0,0,0,0,2,0,12576652,61264655,62630813,6,34,140321,1553351,3110500,0,17651796,7350,34887314,103714777,0
1789731963.3225842,121.252,991079,12902,0,262,50,33,17735,215643,4524504,17201800,561284,62234072,45470628,64771556,0,0,0,0,4,0,12576957,61264655,62630813,6,34,140321,1553069,3109935,0,17653721,7350,34887314,103714777,0
1789731963.57311,121.503,991431,12902,0,262,50,33,17742,215681,4537951,17201800,561284,62234088,45470628,64771556,0,0,0,0,2,0,12578681,61264655,62630813,6,34,140321,1553069,3109936,0,17653899,7350,34887314,103714777,0
1789731963.82362,121.753,991784,12902,0,262,50,33,17747,215724,4552945,17201800,561284,62234088,45470628,64771556,0,0,0,0,3,0,12580943,61264655,62630813,6,34,140321,1553069,3109936,0,17653915,7350,34887314,103714777,0
1789731964.0741389,122.004,992132,12902,0,262,50,33,17757,215765,4565951,16644624,4108,62221744,46030196,64771556,0,0,0,0,2,0,12583828,61264655,62630813,6,34,1027,1553130,3110057,0,17659722,7350,34887314,103714777,0
1789731964.3245993,122.254,992507,12902,0,262,50,33,17758,215790,4566024,16644624,4108,62205180,46013632,64771556,0,0,0,0,2,0,12583885,61264655,62630813,6,34,1027,1552716,3109229,0,17662283,7350,34887314,103714777,0
1789731964.5750508,122.505,992881,12902,0,262,50,33,17759,215815,4566156,16644504,3988,62188752,45997588,64771556,0,0,0,0,2,0,12583939,61264655,62630813,6,34,997,1552313,3108422,0,17666710,7350,34887314,103714777,0
1789731964.825479,122.755,993257,12902,0,262,50,33,17760,215839,4566211,16644504,3988,62180704,45989540,64771556,0,0,0,0,2,0,12583962,61264655,62630813,6,34,997,1552112,3108019,0,17669876,7350,34887314,103714777,0
1789731965.0760093,123.005,993621,12902,0,262,50,33,17761,215874,4566703,16644504,3988,62158448,45967284,64771556,0,0,0,0,2,0,12583996,61264655,62630813,6,34,997,1551556,3106907,0,17675721,7350,34887314,103714777,0
1789731965.326515,123.256,993985,12902,0,262,50,33,17762,215909,4567382,16644504,3988,62158196,45967032,64771556,0,0,0,0,2,0,12584038,61264655,62630813,6,34,997,1551550,3106894,0,17675730,7350,34887314,103714777,0
1789731965.5770276,123.506,994350,12902,0,262,50,33,17763,215944,4568117,16644504,3988,62158196,45967032,64771556,0,0,0,0,2,0,12584084,61264655,62630813,6,34,997,1551550,3106894,0,17675735,7350,34887314,103714777,0
1789731965.8274884,123.757,994713,12902,0,262,50,33,17764,215980,4568851,16644600,4084,62157972,45966720,64771556,0,0,0,0,2,0,12584133,61264655,62630813,6,34,1021,1551544,3106883,0,17675736,7350,34887314,103714777,0
1789731966.0779705,124.007,995069,12902,0,262,50,33,17775,216013,4570053,15178760,4112,62181356,47474816,64771556,0,0,0,0,2,0,12586464,61265965,62632123,6,34,1028,1552597,3108990,0,17676138,7351,34887426,103714821,0
1789731966.3284643,124.258,995444,12902,0,262,50,33,17800,216013,4570289,11600612,4112,62263244,51180896,64771556,0,0,0,0,2,0,12592623,61265965,62632123,6,34,1028,1555793,3115391,0,17676139,7351,34887426,103714821,0
1789731966.578924,124.508,995820,12902,0,262,50,33,17821,216016,4570690,8721464,4112,62310676,54146224,64771556,0,0,0,0,1,0,12604985,61265965,62632123,6,34,1028,1557944,3119698,0,17676349,7351,34887426,103714821,0
1789731966.829403,124.759,996220,12902,0,262,50,33,17821,216016,4570737,8721464,4112,62310676,54146224,64771556,0,0,0,0,1,0,12604985,61265965,62632123,6,34,1028,1557944,3119698,0,17676350,7351,34887426,103714821,0
