t,t_rel,cpu_idle,cpu_iowait,cpu_irq,cpu_nice,cpu_softirq,cpu_steal,cpu_system,cpu_user,ctxt,mem_Cached,mem_Dirty,mem_MemAvailable,mem_MemFree,mem_MemTotal,mem_SwapCached,mem_Writeback,mem_WritebackTmp,procs_blocked,procs_running,psi_cpu_full_total,psi_cpu_some_total,psi_io_full_total,psi_io_some_total,psi_memory_full_total,psi_memory_some_total,vm_nr_dirty,vm_nr_dirty_background_threshold,vm_nr_dirty_threshold,vm_nr_writeback,vm_pgfault,vm_pgmajfault,vm_pgpgin,vm_pgpgout,vm_pswpout
1789567077.2312088,0.0,8668204,599724,0,111,80,118,109904,860952,32480785,118204,1424,63854396,64235044,64771556,0,0,0,1,1,0,14366551,3188909547,3207848249,48,48,356,1594780,3193460,0,80982787,81119,603101410,438145153,0
1789567077.4816191,0.25,8668444,599741,0,111,80,118,109905,861093,32481425,127856,1424,63840204,64214908,64771556,0,0,0,1,17,0,14366731,3188937640,3207876391,48,48,356,1594585,3193069,0,80985459,81192,603113646,438145153,0
1789567077.7321477,0.501,8668815,599758,0,111,80,118,109907,861102,32482125,136956,1424,63824268,64194108,64771556,0,0,0,1,1,0,14367599,3189031780,3207970633,48,48,356,1594308,3192515,0,80990464,81229,603124058,438145153,0
1789567077.9825299,0.751,8669191,599781,0,111,80,118,109908,861103,32482839,164160,1456,63801516,64157156,64771556,0,0,0,1,1,0,14368436,3189196002,3208134856,48,48,364,1594095,3192088,0,80994691,81439,603151790,438145153,0
1789567078.2328663,1.002,8669556,599804,0,111,80,118,109909,861111,32485138,174784,1068,63785500,64136020,64771556,0,0,0,1,1,0,14369386,3189339635,3208278497,48,48,267,1593824,3191546,0,80997870,81528,603162274,438145153,0
1789567078.4832106,1.252,8669927,599826,0,111,80,118,109911,861117,32486789,181132,1068,63774972,64122288,64771556,0,0,0,1,1,0,14370511,3189525061,3208463924,48,48,267,1593641,3191179,0,80999934,81534,603168758,438145153,0
1789567078.73352,1.502,8670293,599848,0,111,80,118,109912,861128,32488242,189468,1068,63753116,64096280,64771556,0,0,0,1,1,0,14371383,3189683718,3208622612,48,48,267,1593199,3190294,0,81005058,81534,603177126,438145153,0
1789567078.983834,1.753,8670647,599857,0,111,80,118,109917,861160,32491912,192420,1036,63751868,64093536,64771556,0,32,0,1,1,0,14371788,3189704070,3208642967,48,48,259,1593205,3190307,8,81021332,81542,603180078,438145185,0
1789567079.2342503,2.003,8671006,599869,0,111,80,118,109919,861186,32494423,196112,1068,63719228,64059052,64771556,0,0,0,1,1,0,14372399,3189779526,3208718429,48,48,267,1592437,3188767,0,81028597,81543,603183542,438145185,0
1789567079.4846613,2.253,8671369,599881,0,111,80,118,109920,861209,32497714,198996,1068,63700200,64038588,64771556,0,0,0,1,1,0,14373028,3189863275,3208802178,48,48,267,1591997,3187888,0,81033405,81543,603186422,438145185,0
1789567079.7350776,2.504,8671731,599896,0,111,80,118,109924,861227,32501605,202496,1068,63675060,64011708,64771556,0,0,0,1,1,0,14373736,3189953628,3208892531,48,48,267,1591413,3186718,0,81040949,81551,603189958,438145185,0
1789567079.9854755,2.754,8672082,599906,0,111,80,118,109926,861263,32506095,205152,1068,63665500,64000820,64771556,0,0,0,0,3,0,14374204,3190005881,3208944783,48,48,267,1591208,3186307,0,81043538,81556,603192606,438145185,0
1789567080.2358265,3.005,8672441,599917,0,111,80,118,109928,861288,32510375,207592,1068,63657616,63991888,64771556,0,0,0,0,3,0,14374836,3190050957,3208989878,48,48,267,1591037,3185965,0,81045297,81559,603195090,438145185,0
1789567080.4862235,3.255,8672787,599928,0,111,80,118,109931,861330,32515850,209620,1068,63699856,64033100,64771556,0,0,0,0,2,0,14375279,3190091510,3209030431,48,48,267,1592117,3188128,0,81050006,81562,603197266,438145189,0
1789567080.773484,3.542,8673220,599953,0,111,80,118,109932,861332,32516822,237372,1068,63679188,63998188,64771556,0,0,0,1,1,0,14376266,3190275463,3209214387,48,48,267,1591957,3187807,0,81053031,81790,603226038,438145189,0
1789567081.0259502,3.795,8673595,599972,0,111,80,118,109933,861337,32517457,251424,1068,63662156,63974260,64771556,0,0,0,1,1,0,14377055,3190465675,3209404598,48,48,267,1591704,3187300,0,81056985,81898,603240162,438145189,0
1789567081.2763176,4.045,8673970,599989,0,111,80,118,109934,861343,32518018,263640,1068,63645796,63951352,64771556,0,0,0,1,1,0,14377944,3190635366,3209574301,48,48,267,1591459,3186810,0,81061150,81992,603252186,438145189,0
1789567081.5266423,4.295,8674337,600004,0,111,81,119,109936,861360,32519571,270040,1068,63626328,63928544,64771556,0,0,0,0,2,0,14378393,3190692841,3209631778,48,48,267,1591056,3186003,0,81065092,82004,603258746,438145189,0
1789567081.777035,4.546,8674696,600017,0,111,81,119,109937,861386,32521233,273068,1068,63610256,63910944,64771556,0,0,0,0,2,0,14378964,3190776464,3209715401,48,48,267,1590693,3185276,0,81069381,82008,603261874,438145189,0
1789567082.0274432,4.796,8675022,600030,0,111,81,119,109940,861445,32522863,275864,1068,63544744,63843320,64771556,0,0,0,0,4,0,14379246,3190819165,3209758103,48,48,267,1589075,3182036,0,81089233,82008,603264670,438145189,0
1789567082.2779152,5.047,8675378,600040,0,111,81,119,109942,861477,32524774,278568,1068,63521100,63816976,64771556,0,0,0,0,3,0,14380095,3190877559,3209816507,48,48,267,1588485,3180854,0,81094947,82008,603267278,438145189,0
1789567082.5283647,5.297,8675729,600052,0,111,81,119,109945,861513,32528476,282084,1068,63503584,63795908,64771556,0,0,0,0,2,0,14380512,3190907871,3209846844,48,48,267,1588048,3179978,0,81101001,82011,603271014,438145189,0
1789567082.7788224,5.548,8676084,600064,0,111,81,119,109946,861543,32530022,285544,1068,63493756,63782320,64771556,0,0,0,1,1,0,14380888,3190961547,3209900614,48,48,267,1587802,3179487,0,81104300,82033,603274854,438145189,0
1789567083.0292535,5.798,8676418,600086,0,111,81,119,109949,861582,32532754,291892,3096,63470124,63750872,64771556,0,0,0,0,3,0,14381171,3190994818,3209933978,48,48,774,1587213,3178307,0,81111946,82086,603282470,438145189,0
1789567083.2796566,6.048,8676750,600112,0,111,81,119,109951,861621,32535309,301080,3192,63439224,63710220,64771556,0,0,0,1,3,0,14381689,3191091835,3210030999,48,48,798,1586441,3176762,0,81120404,82125,603292238,438145189,0
1789567083.5300808,6.299,8677070,600128,0,111,81,119,109954,861680,32540646,305816,3192,63419404,63685452,64771556,0,0,0,1,4,0,14382113,3191142211,3210081382,48,48,798,1585947,3175771,0,81127010,82134,603297110,438145193,0
1789567083.7804759,6.549,8677379,600134,0,111,81,119,109959,861756,32548884,308660,5012,63404256,63667004,64771556,0,0,0,0,5,0,14383587,3191147717,3210086900,48,48,1253,1585568,3175014,0,81135874,82166,603300034,438145193,0
1789567084.0309558,6.8,8677701,600137,0,111,81,119,109961,861831,32553827,309416,5012,63397852,63659884,64771556,0,0,0,1,3,0,14384069,3191157087,3210096270,48,48,1253,1585409,3174694,0,81138424,82168,603300790,438145193,0
1789567084.281392,7.05,8678068,600151,0,111,81,119,109962,861849,32555434,313604,5012,63393812,63651712,64771556,0,0,0,0,2,0,14385647,3191265178,3210204378,48,48,1253,1585308,3174492,0,81139679,82169,603305034,438145193,0
1789567084.531731,7.301,8678439,600159,0,111,81,119,109964,861869,32556699,315812,5012,63383048,63638620,64771556,0,0,0,1,2,0,14386073,3191332391,3210271591,48,48,1253,1585039,3173954,0,81142870,82169,603307210,438145193,0
1789567084.782075,7.551,8678791,600167,0,111,81,119,109966,861907,32559251,317752,5012,63366280,63619948,64771556,0,0,0,0,4,0,14386551,3191375880,3210315080,48,48,1253,1584620,3173116,0,81147206,82169,603309210,438145193,0
1789567085.0324206,7.801,8679160,600180,0,111,81,119,109966,861925,32559887,321496,5012,63344024,63593916,64771556,0,0,0,1,1,0,14387166,3191479490,3210418690,48,48,1253,1584065,3172003,0,81152688,82169,603312890,438145193,0
1789567085.2827582,8.052,8679528,600187,0,111,81,119,109968,861949,32560999,323188,5012,63322048,63570264,64771556,0,0,0,0,5,0,14387469,3191533262,3210472470,48,48,1253,1583516,3170905,0,81157613,82169,603314686,438145193,0
1789567085.533163,8.302,8679877,600195,0,111,81,119,109969,861990,32563035,325268,5012,63298880,63544992,64771556,0,0,0,0,2,0,14387765,3191576052,3210515263,48,48,1253,1582938,3169746,0,81164216,82169,603316666,438145193,0
1789567085.7835746,8.552,8680223,600203,0,111,81,119,109972,862033,32567752,327184,5012,63275564,63519340,64771556,0,0,0,0,4,0,14388203,3191611820,3210551031,48,48,1253,1582355,3168579,0,81170181,82169,603318962,438145193,0
1789567086.0340252,8.803,8680557,600208,0,111,81,119,109976,862090,32572767,328664,5016,63230612,63472920,64771556,0,0,0,0,3,0,14388527,3191624884,3210564138,48,48,1254,1581233,3166332,0,81179516,82169,603320518,438145193,0
1789567086.284485,9.053,8680874,600213,0,111,81,119,109979,862163,32575522,330184,5168,63190180,63430952,64771556,0,0,0,0,2,0,14389215,3191630244,3210569500,48,48,1292,1580224,3164311,0,81191631,82169,603321962,438145193,0
1789567086.5349677,9.304,8681238,600224,0,111,81,119,109981,862187,32577552,333368,5168,63162048,63399676,64771556,0,0,0,0,5,0,14389662,3191696494,3210635757,48,48,1292,1579521,3162905,0,81200617,82169,603324990,438145193,0
1789567086.7854018,9.554,8681599,600230,0,111,81,119,109983,862215,32581295,334920,5176,63244884,63480932,64771556,0,0,0,0,3,0,14390017,3191726917,3210666180,48,48,1294,1581589,3167046,0,81207258,82169,603326534,438145193,0
1789567087.035818,9.805,8681967,600237,0,111,81,119,109985,862239,32582387,336796,5176,63224008,63458156,64771556,0,0,0,0,3,0,14390512,3191790034,3210729297,48,48,1294,1581068,3166002,0,81213234,82169,603328518,438145193,0
1789567087.2861888,10.055,8682328,600247,0,111,81,119,109986,862267,32584537,339828,5176,63200864,63432032,64771556,0,0,0,0,3,0,14390746,3191819916,3210759185,48,48,1294,1580490,3164845,0,81219474,82170,603331442,438145193,0
1789567087.5367966,10.306,8682654,600251,0,111,81,119,109988,862332,32591155,341108,5232,63181264,63411124,64771556,0,0,0,0,5,0,14391154,3191836034,3210775313,48,48,1308,1580001,3163865,0,81224848,82170,603332746,438145253,0
1789567087.7874718,10.556,8682920,600253,0,111,81,119,109994,862458,32600218,342228,5240,63158512,63387216,64771556,0,0,0,0,4,0,14391561,3191837610,3210776889,48,48,1310,1579433,3162728,0,81232524,82170,603333834,438145253,0
1789567088.037957,10.807,8683234,600271,0,111,81,119,110003,862516,32608579,499216,5240,63087616,63159300,64771556,0,0,0,0,9,0,14392271,3191866453,3210805734,48,48,1310,1577663,3159184,0,81255964,82170,603490822,438145253,0
1789567088.288621,11.057,8683476,600272,0,111,81,119,110020,862654,32617987,647780,153732,62916752,62837932,64771556,0,0,0,0,5,0,14392685,3191866571,3210805851,48,48,38433,1573358,3150563,0,81296889,82170,603490938,438145253,0
1789567088.5393603,11.308,8683744,600304,0,111,81,119,110042,862732,32628828,1133056,326928,62753840,62187520,64771556,0,0,0,0,6,0,14393391,3191906794,3210846100,48,48,81833,1569234,3142306,0,81332204,82170,603802810,438145253,0
1789567088.789853,11.559,8684007,600313,0,111,81,119,110088,862812,32638399,1412580,510824,62412596,61564396,64771556,0,0,0,4,1,0,14395546,3191917044,3210856365,48,48,127706,1560655,3125127,0,81342214,82170,603899030,438145253,0
1789567089.0404413,11.809,8684259,600335,0,111,81,119,110106,862916,32645375,1796660,679088,62583936,61349640,64771556,0,0,0,0,7,0,14396095,3191946532,3210885879,48,48,169772,1564884,3133595,0,81367557,82170,604114698,438145253,0
1789567089.2911992,12.06,8684535,600353,0,111,81,119,110139,862990,32650249,2293428,1019684,62416776,60681516,64771556,0,0,0,0,4,0,14396532,3191982284,3210921631,48,48,254716,1560587,3124990,0,81409151,82170,604270634,438145253,0
1789567089.54187,12.311,8684796,600373,0,111,81,119,110176,863069,32657633,2637536,1167552,62136244,60054580,64771556,0,0,0,3,3,0,14398730,3192007372,3210946777,48,48,291888,1553546,3110890,0,81426184,82170,604466874,438145253,0
1789567089.792342,12.561,8685081,600403,0,111,81,119,110198,863132,32663806,3187588,1445752,62106360,59470864,64771556,0,0,0,0,5,0,14399394,3192058062,3210997469,48,48,361438,1552706,3109210,0,81439032,82170,604738442,438145253,0
1789567090.042838,12.812,8685328,600420,0,111,81,119,110247,863219,32670470,3495948,1598460,61877936,58931864,64771556,0,0,0,0,8,0,14399963,3192081234,3211020827,48,48,399717,1546959,3097701,0,81459137,82170,604894378,438145253,0
1789567090.2935224,13.062,8685609,600450,0,111,81,119,110271,863281,32677200,4025760,1843020,61970524,58490716,64771556,0,0,0,3,2,0,14400589,3192130048,3211069828,48,48,460755,1549162,3102113,0,81495142,82170,605180162,438145253,0
1789567090.5440307,13.313,8685875,600467,0,111,81,119,110316,863350,32683952,4357868,2027576,61662288,57847664,64771556,0,0,0,1,6,0,14401274,3192152539,3211092399,48,48,506894,1541400,3086569,0,81515075,82170,605328098,438145253,0
1789567090.7947185,13.564,8686159,600492,0,111,81,119,110340,863416,32689642,4884832,2336024,61899920,57553996,64771556,0,0,0,2,3,0,14401875,3192207811,3211147672,48,48,584006,1547225,3098233,0,81529048,82170,605546530,438145253,0
1789567091.045213,13.814,8686436,600508,0,111,81,119,110388,863476,32696350,5267032,2533520,61656992,56925960,64771556,0,0,0,1,4,0,14402684,3192234160,3211174040,48,48,633380,1541076,3085920,0,81548763,82170,605731554,438145253,0
1789567091.2956922,14.064,8686715,600531,0,111,81,119,110411,863551,32704706,5815824,2826784,61777332,56493644,64771556,0,0,0,1,7,0,14403352,3192276200,3211216121,48,48,706696,1543994,3091764,0,81558999,82170,605985930,438145253,0
1789567091.5464392,14.315,8687002,600547,0,111,81,119,110458,863602,32709611,6200024,3039168,61500796,55829504,64771556,0,0,0,2,7,0,14403914,3192305139,3211245062,48,48,759792,1537000,3077758,0,81572791,82170,606158794,438145253,0
1789567091.7972124,14.566,8687281,600576,0,111,81,119,110479,863671,32715386,6743052,3286236,61575408,55357292,64771556,0,0,0,0,5,0,14404505,3192349917,3211289845,48,48,821765,1538794,3081350,0,81595413,82170,606453738,438145253,0
1789567092.0479786,14.817,8687556,600584,0,111,81,119,110528,863739,32721421,7207572,3545456,61284376,54598052,64771556,0,0,0,0,7,0,14405091,3192365460,3211305389,48,48,886364,1531415,3066574,0,81617907,82170,606659930,438145253,0
1789567092.2986827,15.067,8687824,600596,0,111,81,119,110554,863834,32728125,7817940,3853928,61432880,54131788,64771556,0,0,0,0,5,0,14405663,3192385511,3211325444,48,48,963586,1535014,3073782,0,81634343,82170,606960530,438145253,0
1789567092.5494385,15.318,8688101,600605,0,111,81,119,110599,863903,32733095,8262020,4086068,61217756,53469268,64771556,0,0,0,0,5,0,14406322,3192398859,3211338797,48,48,1021517,1529561,3062863,0,81644350,82170,607172890,438145253,0
1789567092.7999468,15.569,8688384,600629,0,111,81,119,110619,863974,32738866,8852784,4371336,61411692,53068224,64771556,0,0,0,0,5,0,14406934,3192436074,3211376016,48,48,1092937,1534297,3072347,0,81649580,82170,607479254,438145801,0
1789567093.0504022,15.819,8688625,600660,0,111,81,119,110672,864046,32743795,9160460,1322864,61276264,52622056,64771556,0,3242768,0,3,3,0,14407835,3192473202,3211413184,48,48,330716,1530841,3065426,810692,81665945,82170,607584426,441396761,0
1789567093.3008766,16.07,8688921,600741,0,111,81,119,110681,864060,32745395,9327360,891216,61333964,52511648,64771556,0,3754768,0,3,2,0,14408550,3192671352,3211611389,48,48,222906,1532252,3068251,938692,81666462,82170,607662394,441916953,0
1789567093.5513213,16.32,8689220,600821,0,111,81,119,110691,864070,32746717,9436032,952668,61289752,52358324,64771556,0,3738384,0,3,2,0,14409062,3192868340,3211808459,48,48,238167,1531137,3066019,934596,81668600,82170,607710474,441916953,0
1789567093.8017607,16.571,8689520,600903,0,111,81,119,110697,864083,32747976,9594396,1041648,61311796,52220204,64771556,0,3730192,0,3,2,0,14409270,3193063262,3212003407,48,48,260412,1531642,3067030,932548,81669023,82170,607779346,441916953,0
1789567094.0521395,16.821,8689819,600985,0,111,81,119,110706,864094,32749497,9713248,1082560,61297520,52086536,64771556,0,3717904,0,3,2,0,14410050,3193265682,3212206174,48,48,270640,1531273,3066290,929476,81672790,82170,607857314,441916953,0
1789567094.302578,17.071,8690114,601061,0,111,81,119,110718,864112,32751068,9839552,1167476,61251872,51913104,64771556,0,3701520,0,4,3,0,14410915,3193447444,3212388906,48,48,291869,1530099,3063939,925380,81677374,82170,607898802,441916953,0
1789567094.5530393,17.322,8690371,601143,0,111,81,119,110723,864167,32752464,9995644,1247440,61277800,51781816,64771556,0,3693328,0,4,2,0,14411418,3193591014,3212532530,48,48,311860,1530718,3065179,923332,81682687,82170,607975090,441916953,0
1789567094.8034942,17.572,8690665,601222,0,111,81,119,110733,864184,32754069,10119508,1293872,61229172,51609008,64771556,0,3676944,0,3,3,0,14412362,3193770198,3212718219,48,48,323468,1529486,3062712,919236,81684837,82170,608052234,441916953,0
1789567095.0539541,17.823,8690965,601302,0,111,81,119,110739,864200,32755459,10291384,1387780,61273752,51480076,64771556,0,3664656,0,3,2,0,14413132,3193961980,3212912030,48,48,346945,1530568,3064879,916164,81684848,82170,608130202,441916953,0
1789567095.3044157,18.073,8691263,601378,0,111,81,119,110750,864215,32756640,10401016,1458024,61278736,51374960,64771556,0,3656464,0,3,2,0,14414112,3194144464,3213101359,48,48,364506,1530670,3065084,914116,81687002,82170,608169338,441916953,0
1789567095.5548751,18.324,8691562,601458,0,111,81,119,110757,864228,32758470,10567900,1547344,61298584,51226072,64771556,0,3640080,0,3,2,0,14414353,3194334050,3213291591,48,48,386836,1531130,3066004,910020,81689913,82170,608247154,441916953,0
1789567095.8055468,18.574,8691846,601538,0,111,81,119,110770,864253,32761643,10669452,1584644,61916692,51742028,64771556,0,3631888,0,4,1,0,14414631,3194501799,3213462721,48,48,396161,1546545,3096872,907972,81691720,82170,608311790,441916953,0
1789567096.056134,18.825,8692136,601615,0,111,81,119,110777,864279,32762974,10811436,1673928,61985380,51667360,64771556,0,3615504,0,3,2,0,14415699,3194675232,3213641991,48,48,418482,1548226,3100237,903876,81692681,82170,608364106,441916953,0
1789567096.3066015,19.075,8692434,601696,0,111,81,119,110787,864290,32765240,10939508,1724032,62007072,51560316,64771556,0,3603216,0,3,2,0,14415942,3194864903,3213832769,48,48,431008,1548750,3101288,900804,81696479,82170,608442074,441916953,0
1789567096.5570726,19.326,8692734,601773,0,111,81,119,110797,864303,32766299,11054324,1799864,62013316,51450708,64771556,0,3595024,0,3,3,0,14416328,3195050806,3214023653,48,48,449966,1548881,3101549,898756,81698619,82170,608481082,441916953,0
1789567096.8074915,19.576,8693023,601854,0,111,81,119,110805,864328,32768571,11197396,1864968,62009600,51302980,64771556,0,3578640,0,3,2,0,14416991,3195226104,3214202204,48,48,466242,1548764,3101316,894660,81711826,82170,608559026,441916953,0
1789567097.0579646,19.827,8693322,601933,0,111,81,119,110815,864340,32770031,11328900,1925948,61966484,51127304,64771556,0,3570448,0,4,1,0,14417265,3195418024,3214394410,48,48,481487,1547662,3099108,892612,81713960,82170,608629678,441916953,0
1789567097.3084223,20.077,8693618,602016,0,111,81,119,110820,864355,32771733,11486880,2006000,62019220,51020916,64771556,0,3558128,0,4,1,0,14417865,3195608119,3214584821,48,48,501500,1548949,3101686,889532,81714271,82171,608707990,441916953,0
1789567097.5588682,20.328,8693901,602094,0,111,81,119,110833,864381,32773295,11594996,2067304,61974128,50866996,64771556,0,3541744,0,3,2,0,14418311,3195772822,3214751400,48,48,516826,1547806,3099397,885436,81719825,82171,608754034,441916953,0
1789567097.8093317,20.578,8694201,602175,0,111,81,119,110837,864396,32774728,11757120,2152020,62002744,50732248,64771556,0,3533552,0,3,2,0,14418707,3195963455,3214947464,48,48,538005,1548489,3100765,883388,81720086,82171,608832002,441917753,0
1789567098.0598278,20.829,8694497,602253,0,111,81,119,110848,864411,32776436,11863480,2216636,61930192,50552260,64771556,0,3517168,0,3,5,0,14420254,3196153096,3215138218,48,48,554159,1546652,3097086,879292,81725078,82171,608874002,441917753,0
1789567098.3104496,21.079,8694790,602333,0,111,81,119,110855,864432,32777866,12028068,2306016,61938048,50394216,64771556,0,3504880,0,3,2,0,14420393,3196335839,3215321771,48,48,576504,1546796,3097374,876220,81725722,82171,608948954,441917753,0
1789567098.5609121,21.33,8695090,602411,0,111,81,119,110868,864442,32779382,12151624,1657220,61909284,50241236,64771556,0,4191024,0,3,2,0,14422087,3196524008,3215520272,48,48,414305,1546084,3095948,1047756,81727215,82171,609026926,442612089,0
1789567098.8113537,21.58,8695389,602489,0,111,81,119,110880,864454,32780538,12271040,1737652,61866044,50077276,64771556,0,4174640,0,3,3,0,14422767,3196717844,3215714927,48,48,434413,1544972,3093721,1043660,81734445,82171,609065910,442612089,0
1789567099.0617845,21.831,8695688,602570,0,111,81,119,110885,864468,32782043,12429108,1817728,61946508,49998504,64771556,0,4166448,0,3,3,0,14423253,3196912082,3215909889,48,48,454432,1546950,3097683,1041612,81734447,82171,609144030,442612089,0
1789567099.3122253,22.081,8696004,602635,0,111,81,119,110896,864477,32783597,12551408,1863896,61891740,49820692,64771556,0,4150064,0,4,1,0,14423906,3197095024,3216137588,48,48,465974,1545565,3094910,1037516,81736578,82171,609220418,442612089,0
1789567099.5626707,22.331,8696295,602715,0,111,81,119,110901,864500,32785747,12708776,1943808,61913492,49683908,64771556,0,4145968,0,4,1,0,14424483,3197271389,3216316397,48,48,485952,1546079,3095939,1036492,81740206,82171,609297618,442612089,0
1789567099.8131487,22.582,8696593,602794,0,111,81,119,110910,864514,32786712,12821736,2015460,61851608,49508124,64771556,0,4129584,0,3,2,0,14425278,3197463889,3216509180,48,48,503865,1544511,3092798,1032396,81742333,82171,609338798,442612089,0
1789567100.063585,22.832,8696901,602866,0,111,81,119,110917,864527,32788562,12986916,2102672,61899172,49389192,64771556,0,4121392,0,3,3,0,14425509,3197656547,3216721040,48,48,525771,1545676,3095131,1030348,81746947,82171,609416766,442612089,0
1789567100.314055,23.083,8697215,602932,0,111,81,119,110927,864538,32790017,13116872,2154660,61853508,49213232,64771556,0,4105008,0,3,2,0,14426827,3197840742,3216942416,48,48,538665,1544507,3092791,1026252,81749075,82171,609494734,442612089,0
1789567100.5644946,23.333,8697514,603010,0,111,81,119,110938,864551,32790775,13244608,2243412,61820300,49050608,64771556,0,4092720,0,3,2,0,14427063,3198029412,3217131211,48,48,560853,1543646,3091067,1023180,81750991,82171,609533718,442612089,0
1789567100.8149562,23.584,8697805,603088,0,111,81,119,110944,864574,32792982,13395332,2316168,61808944,48887424,64771556,0,4076336,0,3,2,0,14427718,3198201766,3217311445,48,48,579143,1543345,3090464,1019084,81752899,82171,609611686,442612089,0
1789567101.0654042,23.834,8698125,603146,0,111,81,119,110955,864587,32794299,13516224,2369480,61829468,48786212,64771556,0,4068144,0,4,1,0,14428622,3198377860,3217546592,48,48,592370,1543826,3091428,1017036,81755032,82171,609679650,442612089,0
1789567101.3158374,24.085,8698421,603228,0,111,81,119,110960,864604,32795838,13676916,2449388,61893196,48688112,64771556,0,4059952,0,3,3,0,14429220,3198573727,3217742665,48,48,612347,1545376,3094531,1014988,81759157,82171,609760562,442612089,0
1789567101.566195,24.335,8698728,603297,0,111,81,119,110972,864615,32797316,13788504,2514580,61867152,48549592,64771556,0,4043568,0,3,2,0,14429909,3198758735,3217952673,48,48,628645,1544716,3093209,1010892,81764805,82171,609806606,442612089,0
1789567101.8166416,24.585,8699043,603364,0,111,81,119,110977,864629,32798633,13957664,2605328,61920996,48432888,64771556,0,4031248,0,3,2,0,14430666,3198947746,3218175068,48,48,651434,1546026,3095833,1007812,81764807,82171,609884574,442612089,0
1789567102.0670736,24.836,8699353,603419,0,111,81,119,110988,864653,32800677,14069916,2660312,61871320,48270196,64771556,0,4023056,0,4,1,0,14431861,3199101098,3218385468,48,48,665078,1544768,3093313,1005764,81770912,82171,609942510,442612089,0
1789567102.3175094,25.086,8699653,603497,0,111,81,119,110997,864667,32801796,14217960,2748956,61907416,48157008,64771556,0,4006672,0,3,2,0,14432685,3199292863,3218577387,48,48,687239,1545638,3095055,1001668,81772413,82171,610001526,442612089,0
1789567102.567919,25.337,8699962,603566,0,111,81,119,111003,864681,32803317,14363184,2816212,61923468,48026820,64771556,0,3990288,0,3,2,0,14433095,3199480124,3218789496,48,48,704053,1546013,3095807,997572,81773043,82171,610079494,442612089,0
1789567102.8183527,25.587,8700261,603645,0,111,81,119,111015,864692,32805072,14494608,2875120,61845320,47816276,64771556,0,3986192,0,3,2,0,14433318,3199669989,3218980009,48,48,718780,1544038,3091852,996548,81783771,82171,610152066,442612633,0
1789567103.0687842,25.838,8700561,603728,0,111,81,119,111018,864706,32806440,14654632,2955024,61864656,47674440,64771556,0,3969808,0,4,2,0,14433710,3199870595,3219180718,48,48,738756,1544492,3092760,992452,81783773,82171,610232186,442612633,0
1789567103.3191683,26.088,8700869,603796,0,111,81,119,111029,864718,32807911,14762032,3020220,61828312,47529792,64771556,0,3961616,0,3,2,0,14434430,3200058107,3219386402,48,48,755055,1543562,3090899,990404,81789010,82171,610274390,442612633,0
1789567103.569613,26.338,8701162,603875,0,111,81,119,111034,864742,32809708,14930912,3111132,61903752,47434972,64771556,0,3945232,0,3,2,0,14435157,3200236318,3219569039,48,48,777783,1545411,3094601,986308,81789359,82171,610352358,442612633,0
1789567103.820083,26.589,8701461,603955,0,111,81,119,111045,864752,32811003,15039028,3166112,61884224,47306580,64771556,0,3932944,0,4,1,0,14435593,3200434666,3219767644,48,48,791528,1544905,3093588,983236,81791496,82171,610405622,442612633,0
1789567104.0704918,26.839,8701760,604035,0,111,81,119,111053,864764,32812520,15192044,3255312,61903644,47172156,64771556,0,3924752,0,3,2,0,14436477,3200631043,3219964799,48,48,813726,1545339,3094457,981188,81800939,82171,610469310,442612633,0
1789567104.3210392,27.09,8702057,604116,0,111,81,119,111063,864778,32814020,15320328,3305852,61876544,47015544,64771556,0,3908368,0,3,2,0,14437306,3200822269,3220156161,48,48,826463,1544662,3093102,977092,81802792,82171,610547278,442612633,0
1789567104.5714889,27.34,8702357,604194,0,111,81,119,111074,864789,32815018,15434740,3381056,61848988,46872008,64771556,0,3900176,0,3,2,0,14437996,3201016762,3220351039,48,48,845264,1543935,3091646,975044,81804937,82171,610586414,442612633,0
1789567104.8219354,27.591,8702649,604273,0,111,81,119,111081,864812,32817255,15588744,3457092,61912188,46779124,64771556,0,3879696,0,3,3,0,14438512,3201190277,3220531322,48,48,864273,1545541,3094861,969924,81808409,82171,610664230,442612633,0
1789567105.0723972,27.841,8702952,604349,0,111,81,119,111091,864822,32818702,15701136,3507196,61881408,46634228,64771556,0,3871504,0,4,1,0,14439144,3201382702,3220729105,48,48,876799,1544650,3093076,967876,81810575,82171,610726902,442612633,0
1789567105.3228505,28.092,8703253,604429,0,111,81,119,111097,864835,32820157,15850628,3587232,61923324,46524356,64771556,0,3863312,0,4,1,0,14440224,3201582796,3220930960,48,48,896808,1545652,3095083,965828,81816928,82171,610796486,442612633,0
1789567105.5733032,28.342,8703569,604488,0,111,81,119,111108,864849,32822228,15961780,3635240,61860480,46348944,64771556,0,3846928,0,3,2,0,14441502,3201753237,3221156821,48,48,908810,1544035,3091845,961732,81822585,82171,610859150,442612633,0
1789567105.8237529,28.593,8703872,604567,0,111,81,119,111112,864862,32823703,16124192,3719652,61916504,46240244,64771556,0,3838736,0,3,2,0,14442321,3201947109,3221358953,48,48,929963,1545373,3094524,959684,81822599,82171,610937118,442612633,0
1789567106.07412,28.843,8704174,604641,0,111,81,119,111123,864874,32825079,16233276,3789752,61863784,46076512,64771556,0,3826416,0,3,2,0,14443026,3202132405,3221554841,48,48,947542,1544021,3091818,956604,81828226,82171,610976102,442612633,0
1789567106.3245754,29.093,8704475,604710,0,111,81,119,111130,864898,32826840,16401496,3880004,62001264,46043024,64771556,0,3810032,0,3,2,0,14443695,3202298868,3221747033,48,48,970001,1547374,3098533,952508,81828494,82171,611054070,442612633,0
1789567106.5750592,29.344,8704773,604791,0,111,81,119,111140,864909,32828447,16514112,3924400,61929640,45857460,64771556,0,3801840,0,4,1,0,14443998,3202490457,3221938981,48,48,981100,1545553,3094886,950460,81830636,82171,611122418,442612633,0
1789567106.825632,29.594,8705067,604869,0,111,81,119,111151,864926,32830100,16627640,3999052,61927624,45739684,64771556,0,3785456,0,3,2,0,14445125,3202672883,3222123362,48,48,999763,1545447,3094672,946364,81836680,82171,611161078,442612633,0
1789567107.0761528,29.845,8705356,604950,0,111,81,119,111159,864948,32832560,16756112,4066660,61942644,45624356,64771556,0,3773168,0,3,11,0,14445690,3202857792,3222309333,48,48,1016665,1545776,3095332,943292,81840257,82171,611222062,442612633,0
1789567107.3266447,30.095,8705645,605030,0,111,81,119,111166,864973,32834964,16879704,4131472,62205996,45762308,64771556,0,3764976,0,4,1,0,14445962,3203038549,3222491241,48,48,1032868,1552305,3108406,941244,81841507,82171,611280678,442612633,0
1789567107.5771313,30.346,8705921,605110,0,111,81,119,111175,865007,32838005,17000676,4194692,62221320,45655220,64771556,0,3748592,0,3,3,0,14446183,3203195530,3222650911,48,48,1048673,1552651,3109099,937148,81843487,82171,611338374,442612633,0
1789567107.8278487,30.597,8706214,605190,0,111,81,119,111183,865026,32840389,17133284,4263920,62240324,45539236,64771556,0,3740400,0,3,2,0,14446725,3203376383,3222833343,48,48,1065980,1553077,3109952,935100,81847331,82171,611402110,442613053,0
1789567108.0782979,30.847,8706503,605270,0,111,81,119,111192,865047,32842728,17254952,4327420,62262492,45437808,64771556,0,3724016,0,3,2,0,14447119,3203550989,3223010017,48,48,1081855,1553572,3110943,931004,81848741,82171,611460190,442613053,0
1789567108.328784,31.098,8706790,605351,0,111,81,119,111200,865071,32845486,17372376,4382676,62262464,45318656,64771556,0,3711728,0,3,3,0,14447404,3203723615,3223184963,48,48,1095669,1553528,3110854,927932,81851148,82171,611517314,442618041,0
1789567108.5794945,31.348,8707080,605431,0,111,81,119,111207,865092,32847972,17494724,4446180,62356504,45288284,64771556,0,3703536,0,3,9,0,14448137,3203899775,3223363255,48,48,1111545,1555826,3115456,925884,81854184,82171,611576350,442618041,0
1789567108.830105,31.599,8707376,605512,0,111,81,119,111213,865110,32850023,17620372,4512568,62348408,45152712,64771556,0,3687152,0,4,1,0,14448842,3204086253,3223550507,48,48,1128142,1555574,3114953,921788,81857872,82171,611635610,442618041,0
1789567109.0806682,31.849,8707665,605589,0,111,81,119,111222,865136,32852862,17746304,4578600,62359936,45036244,64771556,0,3678960,0,4,1,0,14449322,3204257027,3223728412,48,48,1144650,1555814,3115433,919740,81860139,82171,611695566,442618041,0
1789567109.331161,32.1,8707978,605666,0,111,81,119,111228,865141,32853760,17782944,4597912,62490408,45129116,64771556,0,3666672,0,3,1,0,14449789,3204476420,3223948341,48,48,1149478,1559047,3121906,916668,81862911,82171,611712838,442618041,0
1789567109.581596,32.35,8708303,605741,0,111,81,119,111228,865141,32853840,17782944,4597912,62490408,45129116,64771556,0,3650288,0,3,1,0,14449796,3204726738,3224198668,48,48,1149478,1559047,3121906,912572,81862912,82171,611712838,442618041,0
1789567109.8319492,32.601,8708628,605816,0,111,81,119,111228,865141,32853887,17782944,4597912,62490408,45129116,64771556,0,3642096,0,3,1,0,14449796,3204977043,3224448973,48,48,1149478,1559047,3121906,910524,81862913,82171,611712838,442618041,0
1789567110.082256,32.851,8708953,605892,0,111,81,119,111228,865141,32853952,17782944,4597912,62493664,45132372,64771556,0,3625712,0,3,1,0,14449796,3205226988,3224698919,48,48,1149478,1559128,3122068,906428,81862913,82171,611712838,442618041,0
1789567110.3325787,33.101,8709278,605967,0,111,81,119,111228,865141,32854010,17782944,4597912,62498504,45137212,64771556,0,3613392,0,3,1,0,14449798,3205477225,3224949192,48,48,1149478,1559249,3122310,903348,81862914,82171,611712838,442618041,0
1789567110.5828946,33.352,8709604,606042,0,111,81,119,111228,865141,32854065,17782944,4597912,62498504,45137212,64771556,0,3597008,0,3,1,0,14449798,3205727183,3225199150,48,48,1149478,1559249,3122310,899252,81862916,82171,611712838,442618041,0
1789567110.833201,33.602,8709929,606117,0,111,81,119,111228,865141,32854106,17782944,4597912,62498504,45137212,64771556,0,3588816,0,3,1,0,14449798,3205977451,3225449417,48,48,1149478,1559249,3122310,897204,81862917,82171,611712838,442618041,0
1789567111.0834858,33.852,8710254,606192,0,111,81,119,111228,865141,32854177,17782944,4597912,62501356,45140064,64771556,0,3572432,0,3,1,0,14449798,3206227378,3225699344,48,48,1149478,1559320,3122453,893108,81862917,82171,611712838,442618041,0
1789567111.3337746,34.103,8710579,606267,0,111,81,119,111228,865141,32854246,17782944,4597912,62521984,45160692,64771556,0,3564240,0,3,1,0,14449807,3206477544,3225949618,48,48,1149478,1559835,3123484,891060,81862920,82171,611712838,442618041,0
1789567111.584073,34.353,8710904,606342,0,111,81,119,111228,865141,32854299,17782944,4597912,62521984,45160692,64771556,0,3551952,0,3,1,0,14449807,3206727465,3226199539,48,48,1149478,1559835,3123484,887988,81862920,82171,611712838,442618041,0
1789567111.8343613,34.603,8711229,606417,0,111,81,119,111228,865141,32854342,17782944,4597912,62521984,45160692,64771556,0,3543760,0,3,1,0,14449807,3206977725,3226449799,48,48,1149478,1559835,3123484,885940,81862923,82171,611712838,442618041,0
1789567112.0846372,34.853,8711554,606493,0,111,81,119,111228,865141,32854402,17782944,4597912,62524476,45163184,64771556,0,3527376,0,3,1,0,14449807,3207227976,3226700050,48,48,1149478,1559897,3123609,881844,81862923,82171,611712838,442618041,0
1789567112.3349411,35.104,8711880,606568,0,111,81,119,111228,865141,32854500,17782944,4597912,62539372,45178080,64771556,0,3519184,0,3,1,0,14449810,3207478191,3226950322,48,48,1149478,1560269,3124353,879796,81862927,82171,611712838,442618041,0
1789567112.5852194,35.354,8712205,606643,0,111,81,119,111228,865141,32854559,17782944,4597912,62539628,45178336,64771556,0,3498704,0,3,1,0,14449810,3207728109,3227200240,48,48,1149478,1560275,3124366,874676,81862927,82171,611712838,442618041,0
1789567112.8355,35.604,8712530,606718,0,111,81,119,111228,865141,32854611,17782944,4597924,62539628,45178336,64771556,0,3490512,0,3,1,0,14449810,3207978363,3227450493,48,48,1149481,1560275,3124366,872628,81862928,82171,611712838,442618241,0
1789567113.0857797,35.855,8712855,606793,0,111,81,119,111228,865141,32854683,17782944,4597924,62547008,45185716,64771556,0,3482320,0,3,1,0,14449810,3208228639,3227700769,48,48,1149481,1560460,3124735,870580,81862929,82171,611712838,442618241,0
1789567113.3360863,36.105,8713180,606868,0,111,81,119,111228,865141,32854754,17782952,4597484,62558560,45197248,64771556,0,3465936,0,3,1,0,14449814,3208478829,3227951023,48,48,1149371,1560748,3125312,866484,81862932,82171,611712838,442618685,0
1789567113.5863743,36.355,8713505,606943,0,111,81,119,111228,865141,32854850,17782952,4597484,62566288,45204976,64771556,0,3453648,0,3,1,0,14449822,3208729093,3228201297,48,48,1149371,1560941,3125699,863412,81862932,82171,611712838,442618685,0
1789567113.8366776,36.605,8713830,607018,0,111,81,119,111228,865141,32854911,17782952,4597488,62566288,45204976,64771556,0,3445456,0,3,1,0,14449822,3208979047,3228451252,48,48,1149372,1560941,3125699,861364,81862934,82171,611712838,442618685,0
1789567114.0869968,36.856,8714156,607093,0,111,81,119,111228,865141,32854979,17782952,4597488,62573916,45212604,64771556,0,3429204,0,3,1,0,14449824,3209228960,3228701203,48,48,1149372,1561131,3126080,857301,81862934,82171,611712838,442618685,0
1789567114.3373187,37.106,8714480,607169,0,111,81,119,111229,865142,32855053,17782952,4597488,62582576,45221264,64771556,0,3420880,0,3,1,0,14449837,3209477595,3228949841,48,48,1149372,1561348,3126513,855220,81863611,82171,611712838,442618685,0
1789567114.587673,37.356,8714789,607250,0,111,81,119,111233,865147,32856029,17789312,4601464,62574996,45207116,64771556,0,3404496,0,4,2,0,14449902,3209702540,3229177663,48,48,1150366,1561157,3126132,851124,81870966,82240,611719418,442618685,0
1789567114.8381324,37.607,8715089,607336,0,111,81,119,111236,865158,32856909,17797300,4602112,62584064,45207568,64771556,0,3392176,0,3,2,0,14450109,3209907650,3229383014,48,48,1150528,1561381,3126580,848044,81874129,82314,611727930,442618685,0
1789567115.0885117,37.857,8715391,607418,0,111,81,119,111238,865173,32857298,17808088,4607180,62584280,45196792,64771556,0,3384008,0,3,2,0,14450752,3210109781,3229585354,48,48,1151795,1561385,3126589,846002,81875216,82374,611733834,442619201,0
1789567115.3388374,38.108,8715687,607500,0,111,81,119,111245,865187,32862072,17812344,4602516,62585688,45192804,64771556,0,3367648,0,5,1,0,14450929,3210300277,3229777010,48,48,1150629,1561416,3126651,841912,81876074,82394,611736101,442627213,0
1789567115.589204,38.358,8715978,607598,0,111,81,119,111248,865195,32864497,17813940,4602548,62578184,45180092,64771556,0,3359408,0,3,2,0,14451063,3210486149,3229964606,48,48,1150637,1561218,3126254,839852,81881042,82411,611740754,442627321,0
1789567115.8396358,38.608,8716281,607673,0,111,81,119,111251,865215,32864912,17817884,4604488,62498572,45098428,64771556,0,3347120,0,3,2,0,14451085,3210679681,3230158282,48,48,1151122,1559230,3122273,836780,81901394,82413,611740806,442627321,0
1789567116.0903237,38.859,8716581,607748,0,111,81,119,111253,865237,32864976,17817884,4604488,62446304,45046160,64771556,0,3338928,0,3,3,0,14451129,3210867492,3230346345,48,48,1151122,1557925,3119660,834732,81917149,82413,611740806,442627321,0
1789567116.3410118,39.11,8716882,607823,0,111,81,119,111254,865262,32865055,17817884,4604488,62432800,45032656,64771556,0,3322544,0,3,2,0,14451210,3211055290,3230534453,48,48,1151122,1557588,3118985,830636,81925822,82413,611740806,442627321,0
1789567116.5916834,39.36,8717191,607901,0,111,81,119,111256,865274,32865516,17831692,4604648,62445120,45028644,64771556,0,3306160,0,3,1,0,14451250,3211265580,3230744902,48,48,1151162,1557883,3119576,826540,81926269,82418,611740826,442642977,0
1789567116.8421307,39.611,8717516,607976,0,111,81,119,111256,865274,32865576,17831692,4604648,62445120,45028644,64771556,0,3293872,0,3,1,0,14451258,3211515768,3230995232,48,48,1151162,1557883,3119576,823468,81926270,82418,611740826,442642977,0
1789567117.0924616,39.861,8717841,608051,0,111,81,119,111256,865274,32865644,17831692,4604648,62455888,45039412,64771556,0,3285680,0,3,1,0,14451260,3211765966,3231245500,48,48,1151162,1558152,3120115,821420,81926271,82418,611740826,442642977,0
1789567117.342752,40.112,8718166,608127,0,111,81,119,111256,865274,32865749,17831692,4604652,62473724,45057244,64771556,0,3269296,0,3,1,0,14451270,3212015019,3231494800,48,48,1151163,1558598,3121006,817324,81926288,82418,611740826,442642977,0
1789567117.593077,40.362,8718491,608202,0,111,81,119,111256,865274,32865847,17831692,4604652,62473344,45056864,64771556,0,3261104,0,3,1,0,14451277,3212265207,3231745065,48,48,1151163,1558588,3120987,815276,81926289,82418,611740826,442642977,0
1789567117.8433664,40.612,8718816,608277,0,111,81,119,111256,865274,32865886,17831692,4604652,62473344,45056864,64771556,0,3252912,0,3,1,0,14451279,3212515394,3231995317,48,48,1151163,1558588,3120987,813228,81926289,82418,611740826,442642977,0
1789567118.093648,40.862,8719141,608352,0,111,81,119,111256,865274,32865956,17831692,4604652,62486944,45070464,64771556,0,3240624,0,3,1,0,14451283,3212765544,3232245570,48,48,1151163,1558928,3121667,810156,81926290,82418,611740826,442642977,0
1789567118.343959,41.113,8719466,608427,0,111,81,119,111256,865274,32866039,17831692,4604660,62496428,45079948,64771556,0,3224240,0,3,1,0,14451290,3213015716,3232495848,48,48,1151165,1559164,3122141,806060,81926291,82418,611740826,442643037,0
1789567118.5942478,41.363,8719792,608502,0,111,81,119,111256,865274,32866114,17831700,4603588,62496272,45079696,64771556,0,3207856,0,3,1,0,14451293,3213265567,3232745769,48,48,1150897,1559160,3122133,801964,81926293,82418,611740826,442644097,0
1789567118.8445337,41.613,8720117,608577,0,111,81,119,111257,865274,32866199,17831700,4603588,62499112,45082536,64771556,0,3199664,0,3,1,0,14451296,3213515637,3232996021,48,48,1150897,1559231,3122275,799916,81926320,82418,611740826,442644097,0
1789567119.0948255,41.864,8720441,608652,0,111,81,119,111257,865275,32866334,17831700,4603588,62522656,45106080,64771556,0,3187344,0,3,1,0,14451301,3213762541,3233243039,48,48,1150897,1559819,3123452,796836,81926564,82418,611740826,442644097,0
1789567119.345178,42.114,8720766,608727,0,111,81,119,111257,865275,32866394,17831700,4603588,62532068,45115492,64771556,0,3179152,0,3,1,0,14451309,3214012695,3233493333,48,48,1150897,1560054,3123923,794788,81926564,82418,611740826,442644097,0
1789567119.5955102,42.364,8721091,608802,0,111,81,119,111257,865275,32866446,17831700,4603588,62532400,45115824,64771556,0,3162768,0,3,1,0,14451313,3214262886,3233743614,48,48,1150897,1560062,3123939,790692,81926567,82418,611740826,442644097,0
1789567119.8458169,42.615,8721417,608877,0,111,81,119,111257,865275,32866490,17831700,4603588,62532400,45115824,64771556,0,3154576,0,3,1,0,14451318,3214513084,3233993883,48,48,1150897,1560062,3123939,788644,81926567,82418,611740826,442644097,0
1789567120.096103,42.865,8721742,608952,0,111,81,119,111257,865275,32866565,17831700,4603588,62540372,45123796,64771556,0,3134484,0,3,1,0,14451320,3214762942,3234243808,48,48,1150897,1560261,3124338,783621,81926568,82418,611740826,442644097,0
1789567120.346389,43.115,8722067,609027,0,111,81,119,111257,865275,32866624,17831700,4603588,62549572,45132996,64771556,0,3126196,0,3,1,0,14451326,3215013101,3234494064,48,48,1150897,1560491,3124798,781549,81926569,82418,611740826,442644097,0
1789567120.5966806,43.365,8722392,609103,0,111,81,119,111257,865275,32866676,17831700,4603588,62549196,45132620,64771556,0,3117928,0,3,1,0,14451329,3215263303,3234744340,48,48,1150897,1560482,3124779,779482,81926571,82418,611740826,442644097,0
1789567120.846984,43.616,8722717,609178,0,111,81,119,111257,865275,32866725,17831700,4603588,62549196,45132620,64771556,0,3101472,0,3,1,0,14451332,3215513154,3234994261,48,48,1150897,1560482,3124779,775368,81926571,82418,611740826,442644097,0
1789567121.0972779,43.866,8723043,609253,0,111,81,119,111257,865275,32866801,17831700,4603588,62556580,45140004,64771556,0,3093136,0,3,1,0,14451338,3215763337,3235244537,48,48,1150897,1560666,3125148,773284,81926572,82418,611740826,442644097,0
1789567121.3475974,44.116,8723368,609328,0,111,81,119,111257,865275,32866895,17831700,4603588,62569056,45152480,64771556,0,3080848,0,3,1,0,14451353,3216013199,3235494545,48,48,1150897,1560977,3125772,770212,81926572,82418,611740826,442644097,0
1789567121.5980208,44.367,8723693,609403,0,111,81,119,111257,865275,32866967,17831700,4603588,62571616,45155040,64771556,0,3064464,0,3,1,0,14451357,3216263416,3235744846,48,48,1150897,1561041,3125900,766116,81926574,82418,611740826,442644097,0
1789567121.8483539,44.617,8724018,609478,0,111,81,119,111257,865275,32867011,17831700,4603588,62571616,45155040,64771556,0,3056272,0,3,1,0,14451360,3216513632,3235995142,48,48,1150897,1561041,3125900,764068,81926575,82418,611740826,442644097,0
1789567122.0986593,44.867,8724343,609553,0,111,81,119,111257,865276,32867079,17831700,4603588,62578732,45162156,64771556,0,3039888,0,3,1,0,14451363,3216763470,3236245078,48,48,1150897,1561219,3126255,759972,81926576,82418,611740826,442644097,0
1789567122.3489819,45.118,8724669,609628,0,111,81,119,111258,865276,32867134,17831700,4603588,62579900,45163324,64771556,0,3027688,0,3,1,0,14451370,3217013645,3236495359,48,48,1150897,1561248,3126314,756922,81926576,82418,611740826,442644097,0
1789567122.5992987,45.368,8724994,609703,0,111,81,119,111258,865276,32867184,17831700,4603588,62579556,45162980,64771556,0,3019628,0,3,1,0,14451375,3217263832,3236745642,48,48,1150897,1561239,3126297,754907,81926577,82418,611740826,442644097,0
1789567122.8495948,45.618,8725319,609778,0,111,81,119,111258,865276,32867239,17831692,4603588,62584596,45168020,64771556,0,3003108,0,3,1,0,14451377,3217514035,3236995918,48,48,1150897,1561365,3126549,750777,81926577,82418,611740826,442644097,0
1789567123.0999365,45.869,8725644,609854,0,111,81,119,111258,865276,32867309,17831684,4603588,62585980,45169404,64771556,0,2986724,0,3,1,0,14451382,3217763934,3237245907,48,48,1150897,1561400,3126618,746681,81926580,82418,611740826,442644097,0
1789567123.350243,46.119,8725969,609929,0,111,81,119,111258,865276,32867381,17831680,4603628,62592760,45176184,64771556,0,2978820,0,3,1,0,14451388,3218014114,3237496187,48,48,1150907,1561569,3126957,744705,81926580,82418,611740826,442644149,0
1789567123.6005504,46.369,8726295,610004,0,111,81,119,111258,865276,32867443,17831680,4603628,62595848,45179272,64771556,0,2966288,0,3,1,0,14451391,3218264311,3237746455,48,48,1150907,1561646,3127111,741572,81926581,82418,611740826,442644149,0
1789567123.8508391,46.62,8726620,610079,0,111,81,119,111258,865276,32867482,17831680,4603628,62595520,45178944,64771556,0,2958096,0,3,1,0,14451393,3218514497,3237996706,48,48,1150907,1561638,3127095,739524,81926581,82418,611740826,442644149,0
1789567124.1011236,46.87,8726944,610154,0,111,81,119,111259,865276,32867569,17831704,4342780,62599756,45183120,64771556,0,3202560,0,3,1,0,14451397,3218759793,3238242101,48,48,1085695,1561743,3127306,800640,81926582,82418,611740830,442904997,0
1789567124.3514676,47.12,8727269,610229,0,111,81,119,111259,865276,32867626,17831704,4342780,62604364,45187728,64771556,0,3194368,0,3,1,0,14451405,3219009962,3238492385,48,48,1085695,1561858,3127536,798592,81926583,82418,611740830,442904997,0
1789567124.6017826,47.371,8727594,610304,0,111,81,119,111259,865276,32867688,17831704,4342780,62604032,45187396,64771556,0,3173888,0,3,1,0,14451412,3219260142,3238742676,48,48,1085695,1561850,3127519,793472,81926585,82418,611740830,442904997,0
1789567124.852086,47.621,8727919,610379,0,111,81,119,111259,865276,32867731,17831704,4342780,62604032,45187396,64771556,0,3165696,0,3,1,0,14451414,3219510330,3238992930,48,48,1085695,1561850,3127519,791424,81926585,82418,611740830,442904997,0
1789567125.1023638,47.871,8728245,610454,0,111,81,119,111259,865276,32867802,17831724,4342780,62613920,45197284,64771556,0,3157344,0,3,1,0,14451418,3219760195,3239242881,48,48,1085695,1562097,3128014,789336,81926585,82418,611740830,442904997,0
1789567125.3526816,48.121,8728570,610529,0,111,81,119,111259,865276,32867903,17831724,4342780,62620200,45203564,64771556,0,3140960,0,3,1,0,14451429,3220010357,3239493161,48,48,1085695,1562254,3128328,785240,81926586,82418,611740830,442904997,0
1789567125.602991,48.372,8728895,610604,0,111,81,119,111259,865276,32867959,17831724,4342780,62620200,45203564,64771556,0,3128664,0,3,1,0,14451437,3220260527,3239743438,48,48,1085695,1562254,3128328,782166,81926586,82418,611740830,442904997,0
1789567125.8533013,48.622,8729220,610679,0,111,81,119,111260,865276,32868017,17831724,4342780,62619392,45202756,64771556,0,3120472,0,3,1,0,14451445,3220510347,3239993359,48,48,1085695,1562234,3128287,780118,81926589,82418,611740830,442904997,0
1789567126.103572,48.872,8729545,610754,0,111,81,119,111260,865276,32868075,17831724,4342780,62623084,45206448,64771556,0,3104236,0,3,1,0,14451448,3220760520,3240243611,48,48,1085695,1562326,3128472,776059,81926589,82418,611740830,442904997,0
1789567126.353853,49.123,8729871,610830,0,111,81,119,111260,865276,32868132,17831724,4342780,62622272,45205636,64771556,0,3096008,0,3,1,0,14451455,3221010681,3240493859,48,48,1085695,1562305,3128431,774002,81926590,82418,611740830,442904997,0
1789567126.6041274,49.373,8730196,610905,0,111,81,119,111260,865276,32868182,17831724,4342780,62622272,45205636,64771556,0,3079628,0,3,1,0,14451457,3221260865,3240744107,48,48,1085695,1562305,3128431,769907,81926590,82418,611740830,442904997,0
1789567126.8544023,49.623,8730521,610980,0,111,81,119,111260,865276,32868227,17831724,4342780,62622272,45205636,64771556,0,3067268,0,3,1,0,14451460,3221511046,3240994351,48,48,1085695,1562305,3128431,766817,81926591,82418,611740830,442904997,0
1789567127.1046784,49.873,8730846,611055,0,111,81,119,111260,865276,32868293,17831724,4342780,62628960,45212324,64771556,0,3059104,0,3,1,0,14451465,3221761229,3241244626,48,48,1085695,1562462,3128745,764776,81926593,82418,611740830,442904997,0
1789567127.3549833,50.124,8731171,611130,0,111,81,119,111260,865276,32868382,17831724,4342780,62628168,45211532,64771556,0,3042720,0,3,1,0,14451473,3222010324,3241493884,48,48,1085695,1562453,3128726,760680,81926600,82418,611740830,442904997,0
1789567127.6052601,50.374,8731496,611205,0,111,81,119,111260,865276,32868428,17831724,4342780,62628168,45211532,64771556,0,3034716,0,3,1,0,14451475,3222260508,3241744132,48,48,1085695,1562453,3128726,758679,81926600,82418,611740830,442904997,0
1789567127.8555486,50.624,8731822,611280,0,111,81,119,111260,865276,32868494,17831656,4344816,62627900,45211440,64771556,0,3017812,0,3,1,0,14451479,3222510264,3241993967,48,48,1086204,1562446,3128712,754453,81926634,82418,611740830,442904997,0
1789567128.1059058,50.875,8732150,611350,0,111,81,119,111261,865277,32868652,17831092,4360732,62645072,45229056,64771556,0,3003568,0,2,1,0,14452443,3222745819,3242229750,48,48,1090183,1562874,3129570,750892,81926925,82418,611740830,442904997,0
1789567128.3562694,51.125,8732501,611400,0,111,81,119,111261,865277,32868744,17831092,4360732,62645072,45229056,64771556,0,2992892,0,2,1,0,14452445,3222996108,3242480043,48,48,1090183,1562874,3129570,748122,81926927,82418,611740830,442904997,0
1789567128.6065676,51.375,8732851,611450,0,111,81,119,111261,865277,32868831,17831032,4363104,62644588,45228736,64771556,0,2979000,0,2,1,0,14452447,3223244270,3242728205,48,48,1090776,1562862,3129546,744750,81926962,82418,611740830,442905429,0
1789567128.8568637,51.626,8733201,611500,0,111,81,119,111261,865277,32868908,17831032,4363104,62644588,45228736,64771556,0,2969192,0,2,1,0,14452447,3223494535,3242978470,48,48,1090776,1562862,3129546,742298,81926963,82418,611740830,442905429,0
1789567129.107165,51.876,8733550,611550,0,111,81,119,111262,865277,32869025,17831032,4363104,62764276,45348424,64771556,0,2954472,0,2,1,0,14452513,3223740899,3243224835,48,48,1090776,1565850,3135529,738618,81926963,82418,611740830,442905429,0
1789567129.3575058,52.126,8733892,611600,0,111,81,119,111270,865277,32869223,17830936,2750144,62774472,45358564,64771556,0,4558400,0,2,1,0,14452964,3223958360,3243442356,48,48,687536,1566104,3136038,1139600,81926981,82418,611740830,444519309,0
1789567129.607854,52.377,8734243,611645,0,111,81,119,111274,865277,32869374,17830364,2817592,62761988,45346656,64771556,0,4543372,0,1,1,0,14452967,3224183100,3243667095,48,48,704398,1565793,3135414,1135843,81928156,82418,611740830,444519309,0
1789567129.8581562,52.627,8734619,611670,0,111,81,119,111274,865277,32869441,17830364,2817592,62761988,45346656,64771556,0,4533832,0,1,1,0,14452967,3224433369,3243917365,48,48,704398,1565793,3135414,1133458,81928158,82418,611740830,444519309,0
1789567130.1084557,52.877,8734994,611695,0,111,81,119,111274,865277,32869562,17829956,2818164,62773544,45358620,64771556,0,4519180,0,1,1,0,14452971,3224683180,3244167176,48,48,704541,1566081,3135992,1129795,81928168,82418,611740830,444519309,0
1789567130.358753,53.128,8735369,611720,0,111,81,119,111274,865277,32869652,17829956,2818164,62775368,45360444,64771556,0,4509464,0,1,1,0,14452976,3224933449,3244417455,48,48,704541,1566127,3136083,1127366,81928169,82418,611740830,444519309,0
1789567130.6090534,53.378,8735744,611745,0,111,81,119,111274,865277,32869746,17829956,2818164,62775320,45360396,64771556,0,4495068,0,1,1,0,14452976,3225183707,3244667713,48,48,704541,1566126,3136081,1123767,81928169,82418,611740830,444519309,0
1789567130.8593497,53.628,8736119,611770,0,111,81,119,111274,865277,32869835,17829956,2818164,62775320,45360396,64771556,0,4485100,0,1,1,0,14452976,3225433971,3244917976,48,48,704541,1566126,3136081,1121275,81928172,82418,611740830,444519309,0
1789567131.1096287,53.878,8736495,611795,0,111,81,119,111274,865277,32869951,17829956,2818164,62781260,45366336,64771556,0,4470184,0,1,1,0,14452981,3225683167,3245167238,48,48,704541,1566274,3136378,1117546,81928173,82418,611740830,444519309,0
1789567131.359939,54.129,8736870,611820,0,111,81,119,111274,865278,32870072,17829784,2818176,62804040,45389248,64771556,0,4460504,0,1,1,0,14452991,3225933380,3245417463,48,48,704544,1566843,3137517,1115126,81928178,82418,611740830,444519309,0
1789567131.6102364,54.379,8737245,611846,0,111,81,119,111274,865278,32870169,17829784,2818176,62804040,45389248,64771556,0,4446104,0,1,1,0,14452991,3226183632,3245667714,48,48,704544,1566843,3137517,1111526,81928179,82418,611740830,444519309,0
1789567131.8605094,54.629,8737620,611871,0,111,81,119,111274,865278,32870269,17829784,2818176,62804040,45389248,64771556,0,4434428,0,1,1,0,14452991,3226433878,3245917961,48,48,704544,1566843,3137517,1108505,81928179,82418,611740830,444519309,0
1789567132.1107836,54.88,8737995,611896,0,111,81,119,111274,865278,32870320,17829784,2818176,62805480,45390688,64771556,0,4428648,0,1,2,0,14452991,3226684136,3246168219,48,48,704544,1566879,3137589,1107162,81928180,82418,611740830,444519309,0
1789567132.3610775,55.13,8738371,611921,0,111,81,119,111274,865278,32870386,17829784,2818176,62807608,45392816,64771556,0,4412264,0,1,1,0,14452999,3226933392,3246417490,48,48,704544,1566932,3137695,1103066,81928181,82418,611740830,444519309,0
1789567132.6113625,55.38,8738746,611946,0,111,81,119,111275,865278,32870435,17829784,2818176,62807320,45392528,64771556,0,4404072,0,1,1,0,14452999,3227183643,3246667741,48,48,704544,1566924,3137680,1101018,81928183,82418,611740830,444519309,0
1789567132.861642,55.63,8739121,611971,0,111,81,119,111275,865278,32870487,17829784,2818176,62807912,45393120,64771556,0,4387688,0,1,1,0,14452999,3227432908,3246917006,48,48,704544,1566939,3137710,1096922,81928183,82418,611740830,444519309,0
1789567133.111951,55.881,8739496,611996,0,111,81,119,111275,865278,32870564,17829784,2818176,62815724,45400932,64771556,0,4375400,0,1,1,0,14452999,3227683171,3247167269,48,48,704544,1567134,3138101,1093850,81928184,82418,611740830,444519309,0
1789567133.362235,56.131,8739871,612021,0,111,81,119,111275,865278,32870656,17829784,2818176,62826532,45411740,64771556,0,4367208,0,1,1,0,14453011,3227933410,3247417525,48,48,704544,1567404,3138641,1091802,81928184,82418,611740830,444519309,0
1789567133.6125376,56.381,8740247,612046,0,111,81,119,111275,865278,32870711,17829784,2818528,62825972,45411180,64771556,0,4350824,0,1,1,0,14453011,3228183669,3247667784,48,48,704632,1567390,3138613,1087706,81928186,82418,611740830,444519981,0
1789567133.8628185,56.632,8740622,612071,0,111,81,119,111275,865278,32870759,17829784,2818528,62825972,45411180,64771556,0,4342632,0,1,1,0,14453011,3228433927,3247918041,48,48,704632,1567390,3138613,1085658,81928186,82418,611740830,444519981,0
1789567134.1130996,56.882,8740997,612096,0,111,81,119,111275,865278,32870806,17829784,2818528,62826788,45411996,64771556,0,4326248,0,1,1,0,14453011,3228684172,3248168286,48,48,704632,1567410,3138654,1081562,81928188,82418,611740830,444519981,0
1789567134.3633733,57.132,8741368,612121,0,111,81,119,111279,865278,32870907,17829756,2078792,62828772,45413980,64771556,0,5053696,0,1,2,0,14453022,3228899184,3248383316,48,48,519357,1567460,3138753,1263765,81928188,82418,611740838,445260421,0
1789567134.613674,57.382,8741740,612146,0,111,81,119,111282,865278,32870993,17829872,1428172,62827280,45412320,64771556,0,5696124,0,1,1,0,14453024,3229121051,3248605183,48,48,357043,1567423,3138678,1424031,81928189,82418,611740838,445910337,0
1789567134.8639817,57.633,8742116,612171,0,111,81,119,111282,865278,32871053,17829872,1428172,62827520,45412560,64771556,0,5679740,0,1,1,0,14453024,3229371312,3248855443,48,48,357043,1567429,3138690,1419935,81928190,82418,611740838,445910337,0
1789567135.1142566,57.883,8742491,612196,0,111,81,119,111282,865278,32871110,17829872,1428172,62832684,45417724,64771556,0,5671548,0,1,1,0,14453024,3229621562,3249105694,48,48,357043,1567558,3138948,1417887,81928192,82418,611740838,445910337,0
1789567135.3645334,58.133,8742866,612222,0,111,81,119,111282,865278,32871170,17829872,1428172,62832408,45417448,64771556,0,5659260,0,1,1,0,14453032,3229871754,3249355943,48,48,357043,1567551,3138935,1414815,81928192,82418,611740838,445910337,0
1789567135.6148095,58.384,8743241,612247,0,111,81,119,111282,865278,32871220,17829868,1428172,62832408,45417448,64771556,0,5643040,0,1,1,0,14453032,3230122013,3249606202,48,48,357043,1567551,3138935,1410760,81928195,82418,611740838,445910337,0
1789567135.8650956,58.634,8743616,612272,0,111,81,119,111282,865278,32871267,17829864,1428172,62832416,45417448,64771556,0,5634760,0,1,1,0,14453032,3230371265,3249855454,48,48,357043,1567551,3138935,1408690,81928195,82418,611740838,445910337,0
1789567136.1153662,58.884,8743992,612297,0,111,81,119,111282,865278,32871320,17829860,1428172,62836964,45421996,64771556,0,5626736,0,1,1,0,14453032,3230621514,3250105703,48,48,357043,1567664,3139162,1406684,81928196,82418,611740838,445910337,0
1789567136.3656447,59.134,8744367,612322,0,111,81,119,111282,865278,32871390,17829856,1428172,62842412,45427444,64771556,0,5606144,0,1,1,0,14453042,3230871704,3250355964,48,48,357043,1567800,3139435,1401536,81928196,82418,611740838,445910337,0
1789567136.6159506,59.385,8744742,612347,0,111,81,119,111282,865278,32871437,17829852,1428172,62843740,45428772,64771556,0,5597952,0,1,1,0,14453042,3231121958,3250606219,48,48,357043,1567834,3139501,1399488,81928197,82418,611740838,445910337,0
1789567136.866229,59.635,8745117,612372,0,111,81,119,111282,865278,32871488,17829852,1428172,62843740,45428772,64771556,0,5589708,0,1,1,0,14453042,3231372206,3250856466,48,48,357043,1567834,3139501,1397427,81928198,82418,611740838,445910337,0
1789567137.1164992,59.885,8745493,612397,0,111,81,119,111282,865278,32871557,17829872,1428172,62849056,45434088,64771556,0,5573244,0,1,1,0,14453042,3231622470,3251106730,48,48,357043,1567966,3139767,1393311,81928198,82418,611740838,445910337,0
1789567137.3668177,60.136,8745868,612422,0,111,81,119,111282,865278,32871682,17829872,1428172,62849800,45434832,64771556,0,5565052,0,1,1,0,14453059,3231871489,3251356016,48,48,357043,1567985,3139804,1391263,81928206,82418,611740838,445910337,0
1789567137.6171074,60.386,8746243,612447,0,111,81,119,111282,865278,32871732,17829872,1428172,62849800,45434832,64771556,0,5544572,0,1,1,0,14453059,3232121757,3251606283,48,48,357043,1567985,3139804,1386143,81928206,82418,611740838,445910337,0
1789567137.8673987,60.636,8746618,612472,0,111,81,119,111282,865278,32871773,17829872,1428172,62849800,45434832,64771556,0,5536380,0,1,1,0,14453059,3232372007,3251856534,48,48,357043,1567985,3139804,1384095,81928207,82418,611740838,445910337,0
1789567138.117673,60.886,8746993,612497,0,111,81,119,111282,865278,32871834,17829872,1428172,62852232,45437264,64771556,0,5520252,0,1,2,0,14453059,3232622262,3252106788,48,48,357043,1568046,3139926,1380063,81928207,82418,611740838,445910337,0
1789567138.3679774,61.137,8747369,612522,0,111,81,119,111282,865278,32871884,17829872,1428172,62853324,45438356,64771556,0,5511912,0,1,1,0,14453063,3232872504,3252357039,48,48,357043,1568073,3139980,1377978,81928209,82418,611740838,445910337,0
1789567138.6182637,61.387,8747744,612547,0,111,81,119,111282,865278,32871937,17829872,1428172,62853048,45438080,64771556,0,5499768,0,1,1,0,14453063,3233121777,3252606311,48,48,357043,1568066,3139966,1374942,81928210,82418,611740838,445910337,0
1789567138.8685515,61.637,8748119,612572,0,111,81,119,111282,865278,32871980,17829868,1428172,62853048,45438080,64771556,0,5491772,0,1,1,0,14453063,3233372028,3252856562,48,48,357043,1568066,3139966,1372943,81928211,82418,611740838,445910337,0
1789567139.118826,61.888,8748494,612597,0,111,81,119,111282,865278,32872065,17829856,1428172,62857332,45442364,64771556,0,5475440,0,1,1,0,14453063,3233620308,3253104842,48,48,357043,1568173,3140180,1368860,81928211,82418,611740838,445910681,0
1789567139.3691075,62.138,8748869,612623,0,111,81,119,111282,865278,32872128,17829856,1428172,62857068,45442100,64771556,0,5467324,0,1,1,0,14453067,3233870546,3253355087,48,48,357043,1568166,3140167,1366831,81928212,82418,611740838,445910681,0
1789567139.6193817,62.388,8749238,612648,0,111,81,119,111289,865278,32872237,17829812,79720,62854984,45440016,64771556,0,6794968,0,1,1,0,14453073,3234067294,3253551836,48,48,19930,1568114,3140063,1698742,81928213,82418,611740838,447258961,0
1789567139.8696814,62.638,8749613,612673,0,111,81,119,111289,865278,32872278,17829812,79720,62854984,45440016,64771556,0,6786996,0,1,1,0,14453073,3234317571,3253802112,48,48,19930,1568114,3140063,1696749,81928215,82418,611740838,447258961,0
1789567140.1199753,62.889,8749988,612698,0,111,81,119,111289,865278,32872328,17829808,79720,62856856,45441888,64771556,0,6778984,0,1,1,0,14453073,3234567819,3254052360,48,48,19930,1568161,3140157,1694746,81928215,82418,611740838,447258961,0
1789567140.370251,63.139,8750363,612723,0,111,81,119,111290,865278,32872389,17829804,79720,62858300,45443332,64771556,0,6762268,0,1,1,0,14453076,3234818072,3254302619,48,48,19930,1568197,3140229,1690567,81928216,82418,611740838,447258961,0
1789567140.6205363,63.389,8750739,612748,0,111,81,119,111290,865278,32872450,17829804,79720,62858300,45443332,64771556,0,6745884,0,1,1,0,14453076,3235068324,3254552872,48,48,19930,1568197,3140229,1686471,81928216,82418,611740838,447258961,0
1789567140.870815,63.64,8751114,612773,0,111,81,119,111290,865278,32872495,17829804,79720,62858300,45443332,64771556,0,6733596,0,1,1,0,14453076,3235318582,3254803130,48,48,19930,1568197,3140229,1683399,81928217,82418,611740838,447258961,0
1789567141.1211054,63.89,8751489,612798,0,111,81,119,111290,865278,32872573,17829960,79788,62860956,45445852,64771556,0,6724916,0,1,1,0,14453080,3235568831,3255053385,48,48,19947,1568263,3140362,1681229,81928219,82418,611740838,447258961,0
1789567141.3713853,64.14,8751864,612823,0,111,81,119,111290,865278,32872674,17829960,79788,62866660,45451556,64771556,0,6716724,0,1,1,0,14453089,3235819090,3255303657,48,48,19947,1568406,3140647,1679181,81928222,82418,611740838,447258961,0
1789567141.6216855,64.39,8752239,612848,0,111,81,119,111290,865278,32872722,17829960,79788,62866392,45451288,64771556,0,6700340,0,1,1,0,14453089,3236069367,3255553934,48,48,19947,1568399,3140633,1675085,81928222,82418,611740838,447258961,0
1789567141.8719878,64.641,8752615,612873,0,111,81,119,111290,865278,32872770,17829960,79788,62866392,45451288,64771556,0,6688052,0,1,1,0,14453089,3236319622,3255804190,48,48,19947,1568399,3140633,1672013,81928223,82418,611740838,447258961,0
1789567142.1222663,64.891,8752990,612898,0,111,81,119,111290,865278,32872841,17829960,79788,62867816,45452712,64771556,0,6671668,0,1,1,0,14453089,3236568873,3256053440,48,48,19947,1568435,3140705,1667917,81928224,82418,611740838,447258961,0
1789567142.3725388,65.141,8753365,612923,0,111,81,119,111290,865279,32872914,17829960,79788,62868528,45453424,64771556,0,6663476,0,1,1,0,14453105,3236818925,3256303697,48,48,19947,1568452,3140740,1665869,81928227,82418,611740838,447258961,0
1789567142.6228302,65.392,8753740,612948,0,111,81,119,111290,865279,32872967,17829960,79788,62868528,45453424,64771556,0,6655284,0,1,1,0,14453105,3237068189,3256552961,48,48,19947,1568452,3140740,1663821,81928229,82418,611740838,447258961,0
1789567142.8731062,65.642,8754115,612973,0,111,81,119,111290,865279,32873014,17829960,79788,62868528,45453424,64771556,0,6638900,0,1,1,0,14453105,3237318446,3256803217,48,48,19947,1568452,3140740,1659725,81928229,82418,611740838,447258961,0
1789567143.1233866,65.892,8754491,612998,0,111,81,119,111290,865279,32873077,17829960,79788,62869776,45454672,64771556,0,6626612,0,1,1,0,14453105,3237568689,3257053461,48,48,19947,1568484,3140803,1656653,81928230,82418,611740838,447258961,0
1789567143.3736546,66.142,8754866,613023,0,111,81,119,111290,865279,32873133,17829960,79788,62869776,45454672,64771556,0,6618420,0,1,1,0,14453110,3237818929,3257303709,48,48,19947,1568484,3140803,1654605,81928230,82418,611740838,447258961,0
1789567143.623958,66.393,8755241,613049,0,111,81,119,111290,865279,32873180,17829960,79788,62869776,45454672,64771556,0,6602036,0,1,1,0,14453110,3238069183,3257553963,48,48,19947,1568484,3140803,1650509,81928231,82418,611740838,447258961,0
1789567143.8742464,66.643,8755616,613074,0,111,81,119,111290,865279,32873229,17829960,79788,62869776,45454672,64771556,0,6593844,0,1,1,0,14453110,3238318448,3257803228,48,48,19947,1568484,3140803,1648461,81928233,82418,611740838,447258961,0
1789567144.1245258,66.893,8755991,613099,0,111,81,119,111290,865279,32873301,17829960,79792,62875412,45460308,64771556,0,6581540,0,1,1,0,14453110,3238568705,3258053485,48,48,19948,1568624,3141084,1645385,81928236,82418,611740838,447258977,0
1789567144.3748136,67.144,8756367,613124,0,111,81,119,111290,865279,32873364,17829944,79792,62875412,45460308,64771556,0,6565236,0,1,1,0,14453114,3238817962,3258302749,48,48,19948,1568624,3141084,1641309,81928236,82418,611740838,447259149,0
1789567144.6251047,67.394,8756742,613149,0,111,81,119,111290,865279,32873411,17829944,79792,62875412,45460308,64771556,0,6557300,0,1,1,0,14453114,3239068220,3258553007,48,48,19948,1568624,3141084,1639325,81928238,82418,611740838,447259149,0
1789567144.8753881,67.644,8757117,613174,0,111,81,119,111290,865279,32873466,17829944,79792,62875412,45460308,64771556,0,6540916,0,1,1,0,14453114,3239317475,3258802261,48,48,19948,1568624,3141084,1635229,81928238,82418,611740838,447259149,0
1789567145.1256633,67.894,8757492,613199,0,111,81,119,111290,865279,32873535,17829960,79860,62876668,45461564,64771556,0,6528308,0,1,1,0,14453114,3239567731,3259052518,48,48,19965,1568656,3141147,1632077,81928240,82418,611740838,447259149,0
1789567145.3759677,68.145,8757866,613224,0,111,81,119,111290,865281,32873655,17829960,79860,62879960,45464852,64771556,0,6520116,0,1,1,0,14453127,3239802053,3259286854,48,48,19965,1568738,3141312,1630029,81928945,82418,611740838,447259149,0
1789567145.626278,68.395,8758217,613251,0,111,81,119,111294,865298,32874353,17829960,74680,62851420,45436220,64771556,0,6503992,0,1,2,0,14453358,3239933431,3259418286,48,48,18670,1568025,3139885,1625998,81938837,82418,611740842,447264389,0
1789567145.8766563,68.645,8758585,613276,0,111,81,119,111297,865302,32875036,17829960,78052,62847076,45431868,64771556,0,6495492,0,1,1,0,14453390,3240131427,3259616361,48,48,19513,1567917,3139667,1623873,81943990,82419,611740842,447264393,0
1789567146.1270583,68.896,8758961,613301,0,111,81,119,111297,865302,32875090,17829960,78052,62848376,45433168,64771556,0,6479240,0,1,1,0,14453390,3240381752,3259866685,48,48,19513,1567949,3139732,1619810,81943992,82419,611740842,447264393,0
1789567146.3773913,69.146,8759336,613326,0,111,81,119,111297,865302,32875142,17829960,78052,62848124,45432916,64771556,0,6467056,0,1,1,0,14453395,3240631027,3260115971,48,48,19513,1567943,3139720,1616764,81943992,82419,611740842,447264393,0
1789567146.627706,69.396,8759711,613351,0,111,81,119,111297,865302,32875195,17829960,78052,62848124,45432916,64771556,0,6459016,0,1,1,0,14453395,3240880322,3260365266,48,48,19513,1567943,3139720,1614754,81943994,82419,611740842,447264393,0
1789567146.8780143,69.647,8760086,613376,0,111,81,119,111297,865302,32875260,17829948,78056,62848124,45432916,64771556,0,6442292,0,1,1,0,14453405,3241129505,3260614533,48,48,19514,1567943,3139720,1610573,81943996,82419,611740842,447264477,0
1789567147.1282985,69.897,8760462,613401,0,111,81,119,111297,865302,32875318,17829948,78056,62848524,45433316,64771556,0,6434184,0,1,1,0,14453405,3241379761,3260864789,48,48,19514,1567953,3139740,1608546,81943996,82419,611740842,447264477,0
1789567147.3785892,70.147,8760837,613426,0,111,81,119,111297,865302,32875402,17829948,78056,62851740,45436532,64771556,0,6421776,0,1,1,0,14453419,3241628762,3261114056,48,48,19514,1568033,3139901,1605444,81944000,82419,611740842,447264477,0
1789567147.6288867,70.398,8761212,613451,0,111,81,119,111297,865302,32875461,17829944,78056,62851740,45436532,64771556,0,6405748,0,1,1,0,14453419,3241879030,3261364324,48,48,19514,1568033,3139901,1601437,81944000,82419,611740842,447264477,0
1789567147.8791697,70.648,8761587,613476,0,111,81,119,111297,865302,32875512,17829944,78056,62851740,45436532,64771556,0,6397292,0,1,1,0,14453419,3242129290,3261614583,48,48,19514,1568033,3139901,1599323,81944002,82419,611740842,447264477,0
1789567148.1294615,70.898,8761962,613501,0,111,81,119,111298,865302,32875604,17829944,78060,62852612,45437404,64771556,0,6380932,0,1,1,0,14453419,3242379564,3261864858,48,48,19515,1568055,3139944,1595233,81944009,82419,611740842,447264477,0
1789567148.3797817,71.149,8762338,613526,0,111,81,119,111298,865302,32875664,17829944,78060,62852360,45437152,64771556,0,6368676,0,1,1,0,14453423,3242628833,3262114136,48,48,19515,1568049,3139932,1592169,81944010,82419,611740842,447264477,0
1789567148.630076,71.399,8762713,613551,0,111,81,119,111298,865302,32875717,17829944,78060,62855328,45440120,64771556,0,6360436,0,1,1,0,14453423,3242879098,3262364401,48,48,19515,1568123,3140080,1590109,81944010,82419,611740842,447264477,0
1789567148.8803825,71.649,8763088,613576,0,111,81,119,111298,865302,32875775,17829940,78060,62855328,45440120,64771556,0,6344032,0,1,1,0,14453424,3243128364,3262613666,48,48,19515,1568123,3140080,1586008,81944012,82419,611740842,447264477,0
1789567149.1306589,71.899,8763463,613602,0,111,81,119,111298,865302,32875854,17830028,78084,62857244,45441896,64771556,0,6335796,0,1,1,0,14453427,3243378608,3262863918,48,48,19521,1568169,3140173,1583949,81944012,82419,611740842,447264477,0
1789567149.3809597,72.15,8763838,613627,0,111,81,119,111298,865302,32875959,17830028,78084,62860364,45445016,64771556,0,6315408,0,1,1,0,14453437,3243627855,3263113177,48,48,19521,1568247,3140329,1578852,81944014,82419,611740842,447264525,0
1789567149.6312373,72.4,8764213,613652,0,111,81,119,111298,865302,32876006,17830028,78084,62860364,45445016,64771556,0,6307140,0,1,1,0,14453437,3243878107,3263363429,48,48,19521,1568247,3140329,1576785,81944014,82419,611740842,447264525,0
1789567149.8815162,72.65,8764589,613677,0,111,81,119,111298,865302,32876063,17830028,78084,62860364,45445016,64771556,0,6299020,0,1,1,0,14453437,3244128368,3263613690,48,48,19521,1568247,3140329,1574755,81944015,82419,611740842,447264525,0
1789567150.1318195,72.901,8764964,613702,0,111,81,119,111298,865302,32876120,17830028,78084,62861600,45446252,64771556,0,6282880,0,1,1,0,14453443,3244378630,3263863960,48,48,19521,1568288,3140411,1570720,81944016,82419,611740842,447264525,0
1789567150.3821015,73.151,8765339,613727,0,111,81,119,111298,865302,32876172,17830028,78084,62862316,45446968,64771556,0,6274412,0,1,1,0,14453447,3244628877,3264114214,48,48,19521,1568296,3140426,1568603,81944017,82419,611740842,447264525,0
1789567150.632382,73.401,8765714,613752,0,111,81,119,111298,865302,32876226,17830028,78084,62864916,45449568,64771556,0,6262404,0,1,1,0,14453447,3244879139,3264364476,48,48,19521,1568361,3140556,1565601,81944017,82419,611740842,447264525,0
1789567150.8826718,73.651,8766090,613777,0,111,81,119,111298,865302,32876287,17830028,76144,62864916,45449568,64771556,0,6254268,0,1,1,0,14453447,3245127420,3264612757,48,48,19036,1568361,3140556,1563567,81944019,82419,611740842,447266469,0
1789567151.1329694,73.902,8766465,613802,0,111,81,119,111298,865302,32876370,17830028,76140,62866320,45450972,64771556,0,6237492,0,1,1,0,14453447,3245376686,3264862023,48,48,19035,1568396,3140627,1559373,81944019,82419,611740842,447266469,0
1789567151.3832784,74.152,8766840,613827,0,111,81,119,111299,865302,32876449,17830028,76140,62866576,45451228,64771556,0,6221620,0,1,1,0,14453451,3245626007,3265111350,48,48,19035,1568402,3140639,1555405,81944024,82419,611740842,447266469,0
1789567151.633629,74.402,8767215,613852,0,111,81,119,111299,865302,32876499,17830028,76140,62866576,45451228,64771556,0,6209216,0,1,1,0,14453451,3245876285,3265361628,48,48,19035,1568402,3140639,1552304,81944024,82419,611740842,447266469,0
1789567151.883947,74.653,8767590,613878,0,111,81,119,111299,865302,32876553,17830028,76140,62866576,45451228,64771556,0,6200836,0,1,1,0,14453451,3246126569,3265611912,48,48,19035,1568402,3140639,1550209,81944024,82419,611740842,447266469,0
1789567152.1342385,74.903,8767966,613903,0,111,81,119,111299,865302,32876600,17830028,76140,62866576,45451228,64771556,0,6184396,0,1,1,0,14453451,3246376833,3265862176,48,48,19035,1568402,3140639,1546099,81944026,82419,611740842,447266469,0
1789567152.3845248,75.153,8768341,613928,0,111,81,119,111299,865302,32876654,17830028,76140,62866576,45451228,64771556,0,6176236,0,1,1,0,14453455,3246627084,3266112433,48,48,19035,1568402,3140639,1544059,81944026,82419,611740842,447266469,0
1789567152.6348176,75.404,8768716,613953,0,111,81,119,111299,865302,32876705,17830028,76140,62868588,45453240,64771556,0,6159992,0,1,1,0,14453455,3246877350,3266362698,48,48,19035,1568452,3140740,1539998,81944028,82419,611740842,447266469,0
1789567152.8851016,75.654,8769091,613978,0,111,81,119,111299,865302,32876755,17830028,76140,62868588,45453240,64771556,0,6147716,0,1,1,0,14453455,3247127602,3266612950,48,48,19035,1568452,3140740,1536929,81944028,82419,611740842,447266469,0
1789567153.1353834,75.904,8769466,614003,0,111,81,119,111299,865302,32876823,17830028,76140,62868828,45453480,64771556,0,6139188,0,1,1,0,14453455,3247377857,3266863205,48,48,19035,1568458,3140752,1534797,81944029,82419,611740842,447266469,0
1789567153.3856683,76.154,8769842,614028,0,111,81,119,111299,865302,32876921,17830028,76140,62872564,45457216,64771556,0,6122804,0,1,1,0,14453464,3247628128,3267113489,48,48,19035,1568552,3140939,1530701,81944029,82419,611740842,447266469,0
1789567153.6359856,76.405,8770217,614053,0,111,81,119,111299,865302,32876967,17830028,76140,62872564,45457216,64771556,0,6114612,0,1,1,0,14453464,3247878381,3267363742,48,48,19035,1568552,3140939,1528653,81944031,82419,611740842,447266469,0
1789567153.8862593,76.655,8770592,614078,0,111,81,119,111299,865302,32877012,17830028,76140,62872564,45457216,64771556,0,6102324,0,1,1,0,14453464,3248128628,3267613990,48,48,19035,1568552,3140939,1525581,81944031,82419,611740842,447266469,0
1789567154.1365578,76.905,8770967,614103,0,111,81,119,111300,865302,32877076,17830028,76140,62874552,45459204,64771556,0,6086044,0,1,1,0,14453464,3248378895,3267864256,48,48,19035,1568601,3141038,1521511,81944033,82419,611740842,447266469,0
1789567154.3868427,77.156,8771343,614128,0,111,81,119,111300,865302,32877127,17830028,75332,62874552,45459204,64771556,0,6078108,0,1,1,0,14453468,3248629143,3268114510,48,48,18833,1568601,3141038,1519527,81944033,82419,611740842,447267385,0
1789567154.6371179,77.406,8771718,614153,0,111,81,119,111300,865302,32877192,17830016,75176,62874968,45459584,64771556,0,6061364,0,1,1,0,14453468,3248878406,3268363773,48,48,18794,1568612,3141059,1515341,81944035,82419,611740842,447267441,0
1789567154.8874044,77.656,8772093,614178,0,111,81,119,111300,865302,32877239,17830016,74668,62874720,45459336,64771556,0,6053680,0,1,1,0,14453468,3249128658,3268614025,48,48,18667,1568605,3141046,1513420,81944036,82419,611740842,447267949,0
1789567155.1376872,77.906,8772468,614203,0,111,81,119,111300,865303,32877299,17830016,74668,62874720,45459336,64771556,0,6041392,0,1,1,0,14453468,3249378947,3268864314,48,48,18667,1568605,3141046,1510348,81944037,82419,611740842,447267949,0
1789567155.3880043,78.157,8772843,614228,0,111,81,119,111300,865303,32877353,17830016,74668,62874720,45459336,64771556,0,6025008,0,1,1,0,14453472,3249629198,3269114572,48,48,18667,1568605,3141046,1506252,81944037,82419,611740842,447267949,0
1789567155.63829,78.407,8773219,614253,0,111,81,119,111300,865303,32877401,17830016,74668,62876460,45461076,64771556,0,6016816,0,1,1,0,14453472,3249879464,3269364839,48,48,18667,1568649,3141133,1504204,81944038,82419,611740842,447267949,0
1789567155.8885806,78.657,8773594,614278,0,111,81,119,111300,865303,32877450,17830016,74668,62876460,45461076,64771556,0,6000800,0,1,1,0,14453472,3250129713,3269615088,48,48,18667,1568649,3141133,1500200,81944038,82419,611740842,447267949,0
1789567156.1388552,78.908,8773969,614303,0,111,81,119,111300,865303,32877494,17830016,74668,62876460,45461076,64771556,0,5996336,0,1,1,0,14453472,3250379968,3269865343,48,48,18667,1568649,3141133,1499084,81944038,82419,611740842,447267949,0
1789567156.3891451,79.158,8774344,614328,0,111,81,119,111300,865303,32877562,17830016,74668,62876460,45461076,64771556,0,5979952,0,1,1,0,14453476,3250630222,3270115603,48,48,18667,1568649,3141133,1494988,81944041,82419,611740842,447267949,0
1789567156.639424,79.408,8774720,614354,0,111,81,119,111300,865303,32877615,17830016,74668,62876460,45461076,64771556,0,5971908,0,1,1,0,14453476,3250880481,3270365862,48,48,18667,1568649,3141133,1492977,81944041,82419,611740842,447267949,0
1789567156.8897092,79.659,8775095,614379,0,111,81,119,111300,865303,32877660,17830016,74668,62876460,45461076,64771556,0,5955608,0,1,1,0,14453476,3251130759,3270616140,48,48,18667,1568649,3141133,1488902,81944042,82419,611740842,447267949,0
1789567157.1400156,79.909,8775470,614404,0,111,81,119,111300,865303,32877729,17830028,74712,62876484,45461084,64771556,0,5943088,0,1,1,0,14453476,3251381022,3270866403,48,48,18678,1568649,3141135,1485772,81944043,82419,611740842,447267949,0
1789567157.3903093,80.159,8775845,614429,0,111,81,119,111300,865303,32877866,17830028,74712,62880872,45465472,64771556,0,5934896,0,1,1,0,14453490,3251630050,3271115675,48,48,18678,1568759,3141354,1483724,81944047,82419,611740842,447267949,0
1789567157.640602,80.409,8776220,614454,0,111,81,119,111300,865303,32877919,17830028,74712,62880872,45465472,64771556,0,5918776,0,1,1,0,14453490,3251879321,3271364946,48,48,18678,1568759,3141354,1479694,81944048,82419,611740842,447267949,0
1789567157.8909206,80.66,8776596,614479,0,111,81,119,111300,865303,32877965,17830028,74712,62880872,45465472,64771556,0,5910472,0,1,1,0,14453490,3252129599,3271615224,48,48,18678,1568759,3141354,1477618,81944050,82419,611740842,447267949,0
1789567158.1411934,80.91,8776971,614504,0,111,81,119,111300,865303,32878014,17830028,74712,62880872,45465472,64771556,0,5894040,0,1,1,0,14453490,3252379852,3271865478,48,48,18678,1568759,3141354,1473510,81944050,82419,611740842,447267949,0
1789567158.391486,81.16,8777346,614529,0,111,81,119,111300,865303,32878066,17830028,74712,62880852,45465452,64771556,0,5881768,0,1,1,0,14453494,3252630099,3272115733,48,48,18678,1568758,3141353,1470442,81944051,82419,611740842,447267949,0
1789567158.64177,81.411,8777721,614554,0,111,81,119,111300,865303,32878118,17830028,74712,62882184,45466784,64771556,0,5873496,0,1,1,0,14453494,3252880366,3272365999,48,48,18678,1568792,3141420,1468374,81944051,82419,611740842,447267949,0
1789567158.8920662,81.661,8778097,614579,0,111,81,119,111300,865303,32878168,17830028,74712,62882184,45466784,64771556,0,5857196,0,1,1,0,14453494,3253130623,3272616257,48,48,18678,1568792,3141420,1464299,81944052,82419,611740842,447267949,0
1789567159.1423566,81.911,8778472,614604,0,111,81,119,111300,865303,32878224,17830028,74712,62882184,45466784,64771556,0,5848912,0,1,1,0,14453494,3253380880,3272866514,48,48,18678,1568792,3141420,1462228,81944054,82419,611740842,447267949,0
1789567159.3926356,82.161,8778847,614629,0,111,81,119,111300,865303,32878277,17830028,74712,62882184,45466784,64771556,0,5828672,0,1,1,0,14453498,3253631126,3273116765,48,48,18678,1568792,3141420,1457168,81944055,82419,611740842,447267949,0
1789567159.6429322,82.412,8779222,614654,0,111,81,119,111300,865303,32878330,17830028,74712,62882184,45466784,64771556,0,5820316,0,1,1,0,14453498,3253881401,3273367040,48,48,18678,1568792,3141420,1455079,81944055,82419,611740842,447268049,0
1789567159.8932135,82.662,8779597,614679,0,111,81,119,111301,865303,32878404,17830028,74724,62882172,45466772,64771556,0,5804096,0,1,1,0,14453498,3254130662,3273616302,48,48,18681,1568791,3141419,1451024,81944056,82419,611740842,447268101,0
1789567160.1434903,82.912,8779972,614704,0,111,81,119,111301,865303,32878469,17830024,4016,62882172,45466772,64771556,0,5866292,0,1,1,0,14453498,3254376965,3273862604,48,48,1004,1568791,3141419,1466573,81944056,82419,611740842,447338741,0
1789567160.3937702,83.163,8780347,614729,0,111,81,119,111301,865303,32878523,17830024,4016,62882172,45466772,64771556,0,5853984,0,1,1,0,14453502,3254627228,3274112873,48,48,1004,1568791,3141419,1463496,81944059,82419,611740842,447338741,0
1789567160.6440587,83.413,8780723,614754,0,111,81,119,111301,865303,32878570,17830024,4016,62883340,45467940,64771556,0,5846044,0,1,1,0,14453502,3254877482,3274363127,48,48,1004,1568821,3141477,1461511,81944059,82419,611740842,447338741,0
1789567160.8943393,83.663,8781098,614780,0,111,81,119,111301,865303,32878623,17830024,4016,62883340,45467940,64771556,0,5829684,0,1,1,0,14453502,3255126749,3274612395,48,48,1004,1568821,3141477,1457421,81944059,82419,611740842,447338741,0
1789567161.1446288,83.913,8781473,614805,0,111,81,119,111301,865303,32878688,17830036,3984,62883792,45468380,64771556,0,5821216,0,1,1,0,14453502,3255377004,3274862649,48,48,996,1568832,3141500,1455304,81944060,82419,611740842,447338741,0
1789567161.39493,84.164,8781848,614830,0,111,81,120,111301,865303,32878789,17830036,3984,62886652,45471240,64771556,0,5800736,0,1,1,0,14453511,3255627273,3275112930,48,48,996,1568903,3141643,1450184,81944060,82419,611740842,447338741,0
1789567161.6452258,84.414,8782223,614855,0,111,81,120,111301,865303,32878838,17830036,3984,62886652,45471240,64771556,0,5792544,0,1,1,0,14453511,3255877531,3275363188,48,48,996,1568903,3141643,1448136,81944062,82419,611740842,447338741,0
1789567161.8955045,84.664,8782599,614880,0,111,81,120,111301,865303,32878889,17830036,3984,62886652,45471240,64771556,0,5776160,0,1,1,0,14453511,3256126787,3275612444,48,48,996,1568903,3141643,1444040,81944063,82419,611740842,447338741,0
1789567162.1457791,84.915,8782974,614905,0,111,81,120,111301,865304,32878943,17830036,3984,62886652,45471240,64771556,0,5768100,0,1,1,0,14453511,3256377047,3275862705,48,48,996,1568903,3141643,1442025,81944064,82419,611740842,447338741,0
1789567162.3960679,85.165,8783349,614930,0,111,81,120,111301,865304,32878995,17830036,3984,62887244,45471832,64771556,0,5759844,0,1,1,0,14453514,3256627291,3276112954,48,48,996,1568918,3141673,1439961,81944064,82419,611740842,447338741,0
1789567162.6463532,85.415,8783724,614955,0,111,81,120,111301,865304,32879055,17830036,3984,62887244,45471832,64771556,0,5747488,0,1,1,0,14453514,3256877541,3276363204,48,48,996,1568918,3141673,1436872,81944065,82419,611740842,447338741,0
1789567162.8966424,85.665,8784100,614980,0,111,81,120,111301,865304,32879109,17830036,3984,62887244,45471832,64771556,0,5731448,0,1,1,0,14453514,3257127805,3276613468,48,48,996,1568918,3141673,1432862,81944066,82419,611740842,447338741,0
1789567163.1469414,85.916,8784475,615005,0,111,81,120,111301,865304,32879162,17830036,3984,62887244,45471832,64771556,0,5722916,0,1,1,0,14453514,3257378078,3276863742,48,48,996,1568918,3141673,1430729,81944069,82419,611740842,447338741,0
1789567163.3972287,86.166,8784850,615030,0,111,81,120,111302,865304,32879276,17830036,3984,62889744,45474332,64771556,0,5706928,0,1,1,0,14453518,3257627333,3277113001,48,48,996,1568980,3141797,1426732,81944069,82419,611740842,447338741,0
1789567163.6475153,86.416,8785225,615055,0,111,81,120,111302,865304,32879325,17830036,3984,62889744,45474332,64771556,0,5694604,0,1,1,0,14453518,3257877585,3277363254,48,48,996,1568980,3141797,1423651,81944070,82419,611740842,447338741,0
1789567163.8977942,86.667,8785600,615080,0,111,81,120,111302,865304,32879377,17830036,3984,62889744,45474332,64771556,0,5686352,0,1,1,0,14453518,3258127852,3277613521,48,48,996,1568980,3141797,1421588,81944070,82419,611740842,447338741,0
1789567164.148089,86.917,8785976,615105,0,111,81,120,111302,865304,32879426,17830036,3984,62889744,45474332,64771556,0,5669740,0,1,1,0,14453518,3258378105,3277863773,48,48,996,1568980,3141797,1417435,81944071,82419,611740842,447338741,0
1789567164.3983727,87.167,8786351,615130,0,111,81,120,111302,865304,32879476,17830036,3984,62889744,45474332,64771556,0,5661592,0,1,1,0,14453522,3258628355,3278114030,48,48,996,1568980,3141797,1415398,81944072,82419,611740842,447338741,0
1789567164.6486526,87.417,8786726,615155,0,111,81,120,111302,865304,32879533,17830036,3984,62889744,45474332,64771556,0,5645280,0,1,1,0,14453522,3258878617,3278364291,48,48,996,1568980,3141797,1411320,81944074,82419,611740842,447338741,0
1789567164.8989592,87.668,8787101,615180,0,111,81,120,111302,865304,32879578,17830036,3984,62889744,45474332,64771556,0,5632920,0,1,1,0,14453522,3259128870,3278614544,48,48,996,1568980,3141797,1408230,81944074,82419,611740842,447338741,0
1789567165.1492357,87.918,8787476,615206,0,111,81,120,111302,865304,32879661,17830036,3424,62889676,45474264,64771556,0,5625196,0,1,1,0,14453522,3259379133,3278864807,48,48,856,1568979,3141794,1406299,81944075,82419,611740842,447339409,0
1789567165.3995311,88.168,8787852,615231,0,111,81,120,111302,865304,32879749,17830036,3424,62891864,45476452,64771556,0,5608812,0,1,1,0,14453531,3259629378,3279115066,48,48,856,1569033,3141903,1402203,81944075,82419,611740842,447339409,0
1789567165.649826,88.419,8788227,615256,0,111,81,120,111302,865304,32879798,17830036,3424,62891864,45476452,64771556,0,5600620,0,1,1,0,14453531,3259879646,3279365333,48,48,856,1569033,3141903,1400155,81944076,82419,611740842,447339409,0
1789567165.9001071,88.669,8788602,615281,0,111,81,120,111302,865304,32879846,17830036,3424,62891864,45476452,64771556,0,5588332,0,1,1,0,14453531,3260128905,3279614593,48,48,856,1569033,3141903,1397083,81944078,82419,611740842,447339409,0
1789567166.1503913,88.919,8788977,615306,0,111,81,120,111302,865304,32879902,17830036,3424,62891864,45476452,64771556,0,5572036,0,1,1,0,14453531,3260379163,3279864850,48,48,856,1569033,3141903,1393009,81944078,82419,611740842,447339409,0
1789567166.4006736,89.169,8789353,615331,0,111,81,120,111302,865304,32879950,17830036,3424,62891864,45476452,64771556,0,5563772,0,1,1,0,14453535,3260629404,3280115098,48,48,856,1569033,3141903,1390943,81944079,82419,611740842,447339409,0
1789567166.6509728,89.42,8789728,615356,0,111,81,120,111302,865304,32880008,17830036,3424,62891864,45476452,64771556,0,5547776,0,1,1,0,14453535,3260879663,3280365356,48,48,856,1569033,3141903,1386944,81944080,82419,611740842,447339409,0
1789567166.9012485,89.67,8790103,615381,0,111,81,120,111302,865304,32880053,17830036,3424,62891864,45476452,64771556,0,5539448,0,1,1,0,14453535,3261129905,3280615598,48,48,856,1569033,3141903,1384862,81944081,82419,611740842,447339409,0
1789567167.1515164,89.92,8790478,615406,0,111,81,120,111302,865304,32880116,17830036,3424,62891864,45476452,64771556,0,5523120,0,1,2,0,14453535,3261379156,3280864850,48,48,856,1569033,3141903,1380780,81944081,82419,611740842,447339409,0
1789567167.401795,90.171,8790853,615431,0,111,81,120,111302,865304,32880206,17830036,3424,62891856,45476416,64771556,0,5514604,0,1,2,0,14453545,3261628200,3281114126,48,48,856,1569033,3141903,1378651,81944089,82419,611740842,447339409,0
1789567167.6520922,90.421,8791228,615456,0,111,81,120,111302,865304,32880261,17830036,3424,62891856,45476416,64771556,0,5506412,0,1,1,0,14453545,3261878453,3281364379,48,48,856,1569033,3141903,1376603,81944089,82419,611740842,447339409,0
1789567167.902384,90.671,8791604,615481,0,111,81,120,111302,865304,32880304,17830036,3424,62891856,45476416,64771556,0,5490028,0,1,1,0,14453545,3262128708,3281614634,48,48,856,1569033,3141903,1372507,81944091,82419,611740842,447339409,0
1789567168.1526554,90.921,8791979,615506,0,111,81,120,111302,865304,32880362,17830036,3424,62891856,45476416,64771556,0,5477856,0,1,1,0,14453545,3262378953,3281864880,48,48,856,1569033,3141903,1369464,81944091,82419,611740842,447339409,0
1789567168.402948,91.172,8792354,615531,0,111,81,120,111302,865304,32880411,17830036,3424,62891856,45476416,64771556,0,5461472,0,1,1,0,14453549,3262629200,3282115133,48,48,856,1569033,3141903,1365368,81944092,82419,611740842,447339409,0
1789567168.6532235,91.422,8792729,615556,0,111,81,120,111302,865304,32880464,17830036,3424,62891856,45476416,64771556,0,5453424,0,1,1,0,14453549,3262879452,3282365385,48,48,856,1569033,3141903,1363356,81944092,82419,611740842,447339409,0
1789567168.9035003,91.672,8793105,615581,0,111,81,120,111302,865304,32880512,17830036,3424,62891856,45476416,64771556,0,5437008,0,1,1,0,14453549,3263129703,3282615636,48,48,856,1569033,3141903,1359252,81944094,82419,611740842,447339409,0
1789567169.153784,91.923,8793480,615606,0,111,81,120,111302,865305,32880577,17830036,3424,62891836,45476396,64771556,0,5432684,0,1,1,0,14453549,3263379981,3282865914,48,48,856,1569033,3141902,1358171,81944094,82419,611740842,447339409,0
1789567169.4040923,92.173,8793855,615631,0,111,81,120,111302,865305,32880695,17830036,3424,62894004,45478564,64771556,0,5416300,0,1,1,0,14453558,3263630245,3283116191,48,48,856,1569087,3142010,1354075,81944104,82419,611740842,447339409,0
1789567169.6543918,92.423,8794230,615657,0,111,81,120,111302,865305,32880747,17830036,3424,62894004,45478564,64771556,0,5408108,0,1,1,0,14453558,3263880512,3283366458,48,48,856,1569087,3142010,1352027,81944105,82419,611740842,447339409,0
1789567169.904688,92.673,8794606,615682,0,111,81,120,111302,865305,32880790,17830036,3424,62894004,45478564,64771556,0,5391968,0,1,1,0,14453558,3264130812,3283616759,48,48,856,1569087,3142010,1347992,81944105,82419,611740842,447339409,0
1789567170.1550243,92.924,8794980,615707,0,111,81,120,111303,865305,32880880,17830024,3424,62893984,45478544,64771556,0,5376204,0,1,1,0,14453558,3264377157,3283863104,48,48,856,1569086,3142009,1344051,81944107,82419,611740842,447339481,0
1789567170.405303,93.174,8795356,615732,0,111,81,120,111303,865305,32881034,17830036,3448,62894244,45478804,64771556,0,5365404,0,1,1,0,14453571,3264627366,3284113366,48,48,862,1569093,3142022,1341351,81944108,82419,611740842,447339481,0
1789567170.6556027,93.424,8795731,615757,0,111,81,120,111303,865305,32881091,17830036,3448,62894244,45478804,64771556,0,5353704,0,1,1,0,14453571,3264876636,3284362636,48,48,862,1569093,3142022,1338426,81944110,82419,611740842,447339481,0
1789567170.9058993,93.675,8796106,615782,0,111,81,120,111303,865305,32881146,17830036,3448,62894244,45478804,64771556,0,5337320,0,1,1,0,14453571,3265125913,3284611913,48,48,862,1569093,3142022,1334330,81944110,82419,611740842,447339481,0
1789567171.1561856,93.925,8796481,615807,0,111,81,120,111303,865305,32881203,17830036,3448,62894244,45478804,64771556,0,5333812,0,1,1,0,14453576,3265376138,3284862181,48,48,862,1569093,3142022,1333453,81944111,82419,611740842,447339481,0
1789567171.40648,94.175,8796856,615832,0,111,81,120,111303,865305,32881273,17830036,3448,62894244,45478804,64771556,0,5313920,0,1,1,0,14453581,3265625410,3285111460,48,48,862,1569093,3142022,1328480,81944111,82419,611740842,447339481,0
1789567171.656793,94.426,8797232,615857,0,111,81,120,111303,865305,32881320,17830036,3448,62894244,45478804,64771556,0,5305728,0,1,1,0,14453581,3265875675,3285361725,48,48,862,1569093,3142022,1326432,81944113,82419,611740842,447339481,0
1789567171.9070961,94.676,8797607,615882,0,111,81,120,111303,865305,32881386,17830036,3448,62894244,45478804,64771556,0,5294148,0,1,1,0,14453581,3266124951,3285611001,48,48,862,1569093,3142022,1323537,81944114,82419,611740842,447339481,0
1789567172.157381,94.926,8797982,615908,0,111,81,120,111303,865305,32881437,17830036,3448,62894244,45478804,64771556,0,5286164,0,1,1,0,14453581,3266375203,3285861253,48,48,862,1569093,3142022,1321541,81944115,82419,611740842,447339481,0
1789567172.4076605,95.176,8798357,615933,0,111,81,120,111303,865305,32881498,17830036,3448,62894244,45478804,64771556,0,5274168,0,1,1,0,14453585,3266624454,3286110511,48,48,862,1569093,3142022,1318542,81944115,82419,611740842,447339481,0
1789567172.657956,95.427,8798732,615958,0,111,81,120,111303,865305,32881559,17830036,3448,62894244,45478804,64771556,0,5254276,0,1,1,0,14453585,3266874706,3286360763,48,48,862,1569093,3142022,1313569,81944116,82419,611740842,447339481,0
1789567172.9082294,95.677,8799108,615983,0,111,81,120,111303,865305,32881606,17830036,3448,62894244,45478804,64771556,0,5246212,0,1,1,0,14453585,3267124956,3286611013,48,48,862,1569093,3142022,1311553,81944117,82419,611740842,447339481,0
1789567173.1585145,95.927,8799483,616008,0,111,81,120,111303,865305,32881671,17830036,3448,62894204,45478764,64771556,0,5234352,0,1,1,0,14453585,3267375215,3286861272,48,48,862,1569092,3142020,1308588,81944119,82419,611740842,447339481,0
1789567173.408791,96.178,8799858,616033,0,111,81,120,111303,865305,32881760,17830036,3448,62895880,45480440,64771556,0,5217968,0,1,1,0,14453598,3267625415,3287111533,48,48,862,1569134,3142104,1304492,81944119,82419,611740842,447339481,0
1789567173.659083,96.428,8800233,616058,0,111,81,120,111303,865305,32881810,17830036,3448,62895880,45480440,64771556,0,5206268,0,1,1,0,14453598,3267875673,3287361791,48,48,862,1569134,3142104,1301567,81944120,82419,611740842,447339481,0
1789567173.9093618,96.678,8800609,616083,0,111,81,120,111303,865305,32881865,17830036,3448,62895880,45480440,64771556,0,5194568,0,1,1,0,14453598,3268125917,3287612035,48,48,862,1569134,3142104,1298642,81944120,82419,611740842,447339481,0
1789567174.159632,96.928,8800984,616108,0,111,81,120,111303,865305,32881918,17830036,3448,62895880,45480440,64771556,0,5186376,0,1,1,0,14453598,3268376171,3287862289,48,48,862,1569134,3142104,1296594,81944120,82419,611740842,447339481,0
1789567174.4099445,97.179,8801359,616133,0,111,81,120,111303,865305,32881965,17830036,3448,62895880,45480440,64771556,0,5174708,0,1,1,0,14453602,3268626444,3288112569,48,48,862,1569134,3142104,1293677,81944123,82419,611740842,447339481,0
1789567174.6602268,97.429,8801734,616158,0,111,81,120,111304,865305,32882022,17830036,3448,62895880,45480440,64771556,0,5158420,0,1,1,0,14453602,3268876711,3288362835,48,48,862,1569134,3142104,1289605,81944123,82419,611740842,447339481,0
1789567174.9105165,97.679,8802110,616183,0,111,81,120,111304,865305,32882087,17830036,3448,62895880,45480440,64771556,0,5146968,0,1,1,0,14453602,3269126974,3288613098,48,48,862,1569134,3142104,1286742,81944125,82419,611740842,447339497,0
1789567175.1608124,97.93,8802485,616208,0,111,81,120,111304,865305,32882146,17830024,3448,62895880,45480440,64771556,0,5134956,0,1,1,0,14453602,3269377232,3288863356,48,48,862,1569134,3142104,1283739,81944125,82419,611740842,447339609,0
1789567175.4111035,98.18,8802860,616233,0,111,81,120,111304,865305,32882206,17830024,3448,62895880,45480440,64771556,0,5119180,0,1,1,0,14453607,3269626505,3289112636,48,48,862,1569134,3142104,1279795,81944126,82419,611740842,447339609,0
1789567175.6614068,98.43,8803235,616258,0,111,81,120,111304,865305,32882254,17830024,3448,62895880,45480440,64771556,0,5115400,0,1,1,0,14453607,3269876776,3289362907,48,48,862,1569134,3142104,1278850,81944127,82419,611740842,447339609,0
1789567175.9117239,98.681,8803611,616283,0,111,81,120,111304,865305,32882299,17830024,3448,62895880,45480440,64771556,0,5099376,0,1,1,0,14453607,3270126080,3289612212,48,48,862,1569134,3142104,1274844,81944129,82419,611740842,447339609,0
1789567176.1620364,98.931,8803986,616308,0,111,81,120,111304,865305,32882356,17830024,3448,62895880,45480440,64771556,0,5087572,0,1,1,0,14453607,3270376346,3289862477,48,48,862,1569134,3142104,1271893,81944129,82419,611740842,447339609,0
1789567176.4123378,99.181,8804360,616333,0,111,81,120,111304,865306,32882424,17830024,3448,62896436,45480996,64771556,0,5075648,0,1,1,0,14453611,3270620764,3290106902,48,48,862,1569147,3142132,1268912,81944805,82419,611740842,447339609,0
1789567176.6626678,99.431,8804728,616359,0,111,81,120,111308,865309,32883316,17830032,4776,62890604,45475096,64771556,0,5058832,0,1,1,0,14453674,3270818664,3290304973,48,48,1194,1569002,3141840,1264708,81951130,82419,611740842,447339609,0
1789567176.9130461,99.682,8805102,616385,0,111,81,120,111308,865309,32883563,17830040,256,62890428,45474904,64771556,0,5047160,0,1,1,0,14453679,3271058795,3290545104,48,48,64,1568997,3141831,1261790,81951131,82419,611740846,447344485,0
1789567177.1633925,99.932,8805477,616410,0,111,81,120,111308,865309,32883638,17830040,256,62890428,45474904,64771556,0,5035460,0,1,1,0,14453679,3271308096,3290794405,48,48,64,1568997,3141831,1258865,81951133,82419,611740846,447344485,0
1789567177.4137008,100.182,8805852,616435,0,111,81,120,111308,865310,32883763,17830032,256,62890428,45474904,64771556,0,5027248,0,1,1,0,14453712,3271557037,3291043702,48,48,64,1568997,3141831,1256812,81951136,82419,611740846,447344537,0
1789567177.664014,100.433,8806228,616460,0,111,81,120,111308,865310,32883810,17830032,256,62890428,45474904,64771556,0,5015548,0,1,1,0,14453712,3271807305,3291293970,48,48,64,1568997,3141831,1253887,81951137,82419,611740846,447344537,0
1789567177.914308,100.683,8806603,616485,0,111,81,120,111308,865310,32883866,17830032,172,62890444,45474904,64771556,0,4995740,0,1,1,0,14453712,3272057569,3291544235,48,48,43,1568997,3141832,1248935,81951139,82419,611740846,447344621,0
1789567178.164599,100.933,8806978,616510,0,111,81,120,111308,865310,32883921,17830032,172,62891940,45476400,64771556,0,4987548,0,1,2,0,14453712,3272307821,3291794486,48,48,43,1569035,3141906,1246887,81951139,82419,611740846,447344621,0
1789567178.4148965,101.184,8807353,616535,0,111,81,120,111308,865310,32883976,17830032,172,62892856,45477316,64771556,0,4975848,0,1,1,0,14453716,3272557093,3292043768,48,48,43,1569058,3141952,1243962,81951139,82419,611740846,447344621,0
1789567178.665182,101.434,8807729,616560,0,111,81,120,111308,865310,32884042,17830032,172,62892856,45477316,64771556,0,4967656,0,1,1,0,14453716,3272807347,3292294022,48,48,43,1569058,3141952,1241914,81951141,82419,611740846,447344621,0
1789567178.9154625,101.684,8808104,616585,0,111,81,120,111308,865310,32884098,17830032,172,62892856,45477316,64771556,0,4947764,0,1,1,0,14453716,3273057603,3292544277,48,48,43,1569058,3141952,1236941,81951141,82419,611740846,447344621,0
1789567179.1657422,101.935,8808479,616610,0,111,81,120,111308,865310,32884164,17830032,172,62894424,45478884,64771556,0,4936244,0,1,1,0,14453716,3273307865,3292794540,48,48,43,1569097,3142031,1234061,81951142,82419,611740846,447344621,0
1789567179.4160328,102.185,8808854,616635,0,111,81,120,111308,865310,32884207,17830032,172,62894424,45478884,64771556,0,4928180,0,1,1,0,14453720,3273558107,3293044787,48,48,43,1569097,3142031,1232045,81951142,82419,611740846,447344621,0
1789567179.6663165,102.435,8809230,616660,0,111,81,120,111308,865310,32884263,17830032,172,62894424,45478884,64771556,0,4916204,0,1,1,0,14453720,3273808370,3293295051,48,48,43,1569097,3142031,1229051,81951144,82419,611740846,447344621,0
1789567179.9166048,102.685,8809605,616685,0,111,81,120,111308,865310,32884317,17830032,172,62894680,45479140,64771556,0,4900124,0,1,1,0,14453720,3274058638,3293545318,48,48,43,1569103,3142043,1225031,81951144,82419,611740846,447344621,0
1789567180.1669304,102.936,8809980,616710,0,111,81,120,111308,865310,32884377,17830032,172,62895524,45479984,64771556,0,4888488,0,1,1,0,14453720,3274308930,3293795610,48,48,43,1569124,3142086,1222122,81951146,82419,611740846,447344621,0
1789567180.4172232,103.186,8810355,616735,0,111,81,120,111308,865310,32884444,17830032,172,62896436,45480896,64771556,0,4876756,0,1,1,0,14453723,3274559189,3294045875,48,48,43,1569147,3142131,1219189,81951146,82419,611740846,447344693,0
1789567180.667517,103.436,8810731,616761,0,111,81,120,111308,865310,32884500,17830032,172,62896436,45480896,64771556,0,4868404,0,1,1,0,14453723,3274809439,3294296125,48,48,43,1569147,3142131,1217101,81951147,82419,611740846,447344693,0
1789567180.917799,103.687,8811106,616786,0,111,81,120,111308,865310,32884553,17830032,172,62896436,45480896,64771556,0,4856560,0,1,1,0,14453723,3275059710,3294546396,48,48,43,1569147,3142131,1214140,81951148,82419,611740846,447344693,0
1789567181.1680937,103.937,8811481,616811,0,111,81,120,111308,865310,32884634,17830044,188,62896784,45481232,64771556,0,4840020,0,1,1,0,14453727,3275308959,3294795655,48,48,47,1569156,3142149,1210005,81951149,82419,611740846,447344693,0
1789567181.4183679,104.187,8811856,616836,0,111,81,120,111308,865310,32884733,17830044,188,62896988,45481436,64771556,0,4828320,0,1,1,0,14453736,3275558200,3295044910,48,48,47,1569161,3142159,1207080,81951149,82419,611740846,447344693,0
1789567181.6686494,104.437,8812231,616861,0,111,81,120,111308,865310,32884782,17830044,188,62896988,45481436,64771556,0,4816620,0,1,1,0,14453736,3275808462,3295295172,48,48,47,1569161,3142159,1204155,81951151,82419,611740846,447344693,0
1789567181.918949,104.688,8812606,616886,0,111,81,120,111309,865310,32884838,17830044,188,62896736,45481184,64771556,0,4800236,0,1,1,0,14453736,3276057721,3295544431,48,48,47,1569155,3142146,1200059,81951151,82419,611740846,447344693,0
1789567182.1692357,104.938,8812982,616911,0,111,81,120,111309,865310,32884893,17830044,188,62896736,45481184,64771556,0,4788672,0,1,1,0,14453736,3276307989,3295794698,48,48,47,1569155,3142146,1197168,81951153,82419,611740846,447344693,0
1789567182.4195263,105.188,8813357,616936,0,111,81,120,111309,865310,32884954,17830044,188,62896736,45481184,64771556,0,4776868,0,1,1,0,14453742,3276558244,3296044963,48,48,47,1569155,3142146,1194217,81951154,82419,611740846,447344693,0
1789567182.6698167,105.439,8813732,616961,0,111,81,120,111309,865310,32885012,17830044,188,62896736,45481184,64771556,0,4768720,0,1,1,0,14453742,3276808517,3296295237,48,48,47,1569155,3142146,1192180,81951154,82419,611740846,447344693,0
1789567182.9201157,105.689,8814107,616986,0,111,81,120,111309,865310,32885058,17830044,188,62896736,45481184,64771556,0,4756976,0,1,1,0,14453742,3277058770,3296545489,48,48,47,1569155,3142146,1189244,81951155,82419,611740846,447344693,0
1789567183.1703956,105.939,8814482,617011,0,111,81,120,111309,865310,32885129,17830044,188,62897868,45482316,64771556,0,4737068,0,1,1,0,14453742,3277308054,3296794773,48,48,47,1569183,3142203,1184267,81951156,82419,611740846,447344693,0
1789567183.420699,106.189,8814858,617036,0,111,81,120,111309,865310,32885184,17830044,188,62897868,45482316,64771556,0,4733076,0,1,1,0,14453747,3277558321,3297045048,48,48,47,1569183,3142203,1183269,81951158,82419,611740846,447344693,0
1789567183.6709878,106.44,8815233,617061,0,111,81,120,111309,865310,32885244,17830044,188,62897868,45482316,64771556,0,4712716,0,1,1,0,14453747,3277808568,3297295295,48,48,47,1569183,3142203,1178179,81951158,82419,611740846,447344693,0
1789567183.9212651,106.69,8815608,617087,0,111,81,120,111309,865310,32885285,17830044,188,62897868,45482316,64771556,0,4708716,0,1,1,0,14453747,3278058816,3297545543,48,48,47,1569183,3142203,1177179,81951159,82419,611740846,447344693,0
1789567184.1715407,106.94,8815983,617112,0,111,81,120,111309,865310,32885337,17830044,188,62897868,45482316,64771556,0,4700344,0,1,1,0,14453747,3278309075,3297795802,48,48,47,1569183,3142203,1175086,81951159,82419,611740846,447344693,0
1789567184.4218404,107.191,8816358,617137,0,111,81,120,111309,865310,32885617,17830040,592,62898624,45483080,64771556,0,4677992,0,1,1,0,14453762,3278556722,3298043535,48,48,148,1569202,3142241,1169498,81951171,82419,611740846,447344693,0
1789567184.672125,107.441,8816734,617162,0,111,81,120,111309,865310,32885680,17830040,592,62898624,45483080,64771556,0,4669172,0,1,1,0,14453762,3278805985,3298292798,48,48,148,1569202,3142241,1167293,81951172,82419,611740846,447344693,0
1789567184.9224198,107.691,8817109,617187,0,111,81,120,111309,865310,32885731,17830040,592,62898624,45483080,64771556,0,4661052,0,1,1,0,14453762,3279056244,3298543057,48,48,148,1569202,3142241,1165263,81951174,82419,611740846,447344693,0
1789567185.1726947,107.941,8817484,617212,0,111,81,120,111309,865310,32885818,17829992,816,62899180,45483696,64771556,0,4644268,0,1,1,0,14453767,3279305512,3298792332,48,48,204,1569216,3142268,1161067,81951174,82419,611740846,447344693,0
1789567185.423003,108.192,8817859,617237,0,111,81,120,111309,865310,32885904,17829992,816,62900312,45484828,64771556,0,4636076,0,1,1,0,14453777,3279555759,3299042595,48,48,204,1569244,3142325,1159019,81951175,82419,611740846,447344693,0
1789567185.6732802,108.442,8818234,617262,0,111,81,120,111309,865310,32885971,17829980,616,62900312,45484828,64771556,0,4619684,0,1,1,0,14453777,3279805018,3299291855,48,48,154,1569244,3142325,1154921,81951175,82419,611740846,447345025,0
1789567185.923559,108.692,8818610,617287,0,111,81,120,111309,865310,32886018,17829980,616,62900312,45484828,64771556,0,4611492,0,1,1,0,14453777,3280055269,3299542106,48,48,154,1569244,3142325,1152873,81951176,82419,611740846,447345025,0
1789567186.173848,108.943,8818985,617312,0,111,81,120,111310,865310,32886079,17829980,616,62900568,45485084,64771556,0,4595172,0,1,1,0,14453777,3280305534,3299792371,48,48,154,1569250,3142338,1148793,81951178,82419,611740846,447345025,0
1789567186.4241302,109.193,8819360,617337,0,111,81,120,111310,865310,32886126,17829980,616,62900568,45485084,64771556,0,4587104,0,1,1,0,14453783,3280555784,3300042631,48,48,154,1569250,3142338,1146776,81951179,82419,611740846,447345025,0
1789567186.6744194,109.443,8819735,617362,0,111,81,120,111310,865310,32886181,17829980,616,62900568,45485084,64771556,0,4570828,0,1,1,0,14453783,3280805043,3300291890,48,48,154,1569250,3142338,1142707,81951179,82419,611740846,447345025,0
1789567186.924694,109.693,8820111,617387,0,111,81,120,111310,865310,32886228,17829980,616,62900568,45485084,64771556,0,4562508,0,1,1,0,14453783,3281055308,3300542155,48,48,154,1569250,3142338,1140627,81951179,82419,611740846,447345025,0
1789567187.1749866,109.944,8820486,617413,0,111,81,120,111310,865310,32886301,17829980,616,62900568,45485084,64771556,0,4546264,0,1,1,0,14453783,3281303566,3300790414,48,48,154,1569250,3142338,1136566,81951180,82419,611740846,447345025,0
1789567187.4252775,110.194,8820861,617438,0,111,81,120,111310,865311,32886376,17829980,616,62903500,45488016,64771556,0,4537908,0,1,1,0,14453793,3281551663,3301038754,48,48,154,1569323,3142484,1134477,81951182,82419,611740846,447345025,0
1789567187.6756377,110.444,8821236,617463,0,111,81,120,111310,865311,32886430,17829980,616,62903500,45488016,64771556,0,4521408,0,1,1,0,14453793,3281801947,3301289037,48,48,154,1569323,3142484,1130352,81951184,82419,611740846,447345025,0
1789567187.9259567,110.695,8821611,617488,0,111,81,120,111310,865311,32886477,17829980,616,62903500,45488016,64771556,0,4513284,0,1,1,0,14453793,3282051217,3301538308,48,48,154,1569323,3142484,1128321,81951184,82419,611740846,447345025,0
1789567188.1762497,110.945,8821986,617513,0,111,81,120,111310,865311,32886545,17829980,616,62903500,45488016,64771556,0,4496820,0,1,1,0,14453793,3282301497,3301788587,48,48,154,1569323,3142484,1124205,81951185,82419,611740846,447345025,0
1789567188.4265583,111.195,8822362,617538,0,111,81,120,111310,865311,32886590,17829980,616,62903500,45488016,64771556,0,4488832,0,1,1,0,14453798,3282551745,3302038844,48,48,154,1569323,3142484,1122208,81951185,82419,611740846,447345025,0
1789567188.6768527,111.446,8822737,617563,0,111,81,120,111310,865311,32886647,17829980,616,62903500,45488016,64771556,0,4472412,0,1,1,0,14453798,3282802017,3302289115,48,48,154,1569323,3142484,1118103,81951187,82419,611740846,447345025,0
1789567188.9271452,111.696,8823112,617588,0,111,81,120,111310,865311,32886690,17829980,616,62903500,45488016,64771556,0,4464332,0,1,1,0,14453798,3283052279,3302539377,48,48,154,1569323,3142484,1116083,81951187,82419,611740846,447345025,0
1789567189.1774323,111.946,8823487,617613,0,111,81,120,111310,865311,32886766,17829992,648,62903528,45488044,64771556,0,4447652,0,1,1,0,14453798,3283302531,3302789629,48,48,162,1569324,3142486,1111913,81951189,82419,611740846,447345025,0
1789567189.4277177,112.197,8823863,617638,0,111,81,120,111310,865311,32886841,17829992,648,62903876,45488392,64771556,0,4439460,0,1,1,0,14453807,3283552792,3303039903,48,48,162,1569333,3142503,1109865,81951189,82419,611740846,447345025,0
1789567189.6780155,112.447,8824238,617663,0,111,81,120,111310,865311,32886912,17829992,648,62903876,45488392,64771556,0,4424252,0,1,1,0,14453807,3283803046,3303290157,48,48,162,1569333,3142503,1106063,81951190,82419,611740846,447345025,0
1789567189.928302,112.697,8824613,617688,0,111,81,120,111310,865311,32886957,17829992,648,62903876,45488392,64771556,0,4416060,0,1,1,0,14453807,3284053304,3303540416,48,48,162,1569333,3142503,1104015,81951191,82419,611740846,447345025,0
1789567190.178577,112.947,8824988,617713,0,111,81,120,111310,865311,32887023,17829992,648,62903876,45488392,64771556,0,4399864,0,1,1,0,14453807,3284303554,3303790665,48,48,162,1569333,3142503,1099966,81951192,82419,611740846,447345025,0
1789567190.4288514,113.198,8825363,617738,0,111,81,120,111310,865311,32887073,17829992,648,62903876,45488392,64771556,0,4391828,0,1,1,0,14453811,3284553799,3304040916,48,48,162,1569333,3142503,1097957,81951193,82419,611740846,447345025,0
1789567190.6791356,113.448,8825738,617763,0,111,81,120,111310,865311,32887142,17829992,676,62903876,45488392,64771556,0,4375280,0,1,1,0,14453811,3284803065,3304290183,48,48,169,1569333,3142503,1093820,81951194,82419,611740846,447345065,0
1789567190.9294205,113.698,8826114,617788,0,111,81,120,111310,865311,32887190,17829992,676,62903876,45488392,64771556,0,4367012,0,1,1,0,14453811,3285053315,3304540432,48,48,169,1569333,3142503,1091753,81951194,82419,611740846,447345065,0
1789567191.1797018,113.948,8826489,617814,0,111,81,120,111310,865311,32887250,17829992,676,62903876,45488392,64771556,0,4350840,0,1,1,0,14453811,3285303589,3304790707,48,48,169,1569333,3142503,1087710,81951194,82419,611740846,447345065,0
1789567191.4300077,114.199,8826864,617839,0,111,81,120,111310,865311,32887307,17829992,676,62903876,45488392,64771556,0,4342584,0,1,1,0,14453815,3285553844,3305040968,48,48,169,1569333,3142503,1085646,81951196,82419,611740846,447345065,0
1789567191.6802862,114.449,8827239,617864,0,111,81,120,111310,865311,32887361,17829992,676,62903876,45488392,64771556,0,4326288,0,1,1,0,14453815,3285804105,3305291229,48,48,169,1569333,3142503,1081572,81951197,82419,611740846,447345065,0
1789567191.9305718,114.699,8827615,617889,0,111,81,120,111310,865311,32887406,17829992,676,62903876,45488392,64771556,0,4317892,0,1,1,0,14453815,3286054357,3305541480,48,48,169,1569333,3142503,1079473,81951199,82419,611740846,447345065,0
1789567192.1808522,114.95,8827990,617914,0,111,81,120,111310,865311,32887464,17829992,676,62903876,45488392,64771556,0,4301384,0,1,1,0,14453815,3286304617,3305791741,48,48,169,1569333,3142503,1075346,81951199,82419,611740846,447345065,0
1789567192.4311457,115.2,8828365,617939,0,111,81,120,111310,865311,32887519,17829992,676,62903876,45488392,64771556,0,4293196,0,1,1,0,14453819,3286553871,3306041000,48,48,169,1569333,3142503,1073299,81951200,82419,611740846,447345065,0
1789567192.681422,115.45,8828740,617964,0,111,81,120,111310,865311,32887577,17829992,676,62903876,45488392,64771556,0,4276752,0,1,1,0,14453819,3286804126,3306291256,48,48,169,1569333,3142503,1069188,81951200,82419,611740846,447345065,0
1789567192.9317188,115.701,8829116,617989,0,111,81,120,111310,865311,32887624,17829992,676,62903876,45488392,64771556,0,4268776,0,1,1,0,14453819,3287054412,3306541541,48,48,169,1569333,3142503,1067194,81951201,82419,611740846,447345065,0
1789567193.182033,115.951,8829491,618014,0,111,81,120,111310,865311,32887698,17829992,672,62904252,45488768,64771556,0,4252168,0,1,1,0,14453819,3287303705,3306790835,48,48,168,1569342,3142522,1063042,81951201,82419,611740846,447345065,0
1789567193.4323661,116.201,8829866,618039,0,111,81,120,111310,865311,32887791,17829992,672,62904252,45488768,64771556,0,4243976,0,1,1,0,14453828,3287552984,3307040127,48,48,168,1569342,3142522,1060994,81951203,82419,611740846,447345065,0
1789567193.6826835,116.451,8830241,618064,0,111,81,120,111310,865311,32887842,17829992,672,62904252,45488768,64771556,0,4235784,0,1,1,0,14453828,3287803284,3307290426,48,48,168,1569342,3142522,1058946,81951204,82419,611740846,447345065,0
1789567193.9330032,116.702,8830616,618089,0,111,81,120,111310,865311,32887897,17829992,672,62904252,45488768,64771556,0,4219392,0,1,1,0,14453828,3288052566,3307539708,48,48,168,1569342,3142522,1054848,81951205,82419,611740846,447345065,0
1789567194.1833,116.952,8830992,618114,0,111,81,120,111310,865311,32887952,17829992,672,62904252,45488768,64771556,0,4203028,0,1,1,0,14453828,3288302836,3307789978,48,48,168,1569342,3142522,1050757,81951205,82419,611740846,447345065,0
1789567194.4335961,117.202,8831367,618140,0,111,81,120,111310,865311,32888003,17829992,672,62904252,45488768,64771556,0,4195128,0,1,1,0,14453832,3288552109,3308039257,48,48,168,1569342,3142522,1048782,81951206,82419,611740846,447345065,0
1789567194.6839101,117.453,8831742,618165,0,111,81,120,111311,865311,32888058,17829992,672,62904252,45488768,64771556,0,4186836,0,1,1,0,14453832,3288802396,3308289545,48,48,168,1569342,3142522,1046709,81951206,82419,611740846,447345065,0
1789567194.9342217,117.703,8832117,618190,0,111,81,120,111311,865311,32888121,17829992,672,62904252,45488768,64771556,0,4166384,0,1,1,0,14453832,3289051696,3308538845,48,48,168,1569342,3142522,1041596,81951211,82419,611740846,447345065,0
1789567195.1845443,117.953,8832493,618215,0,111,81,120,111311,865311,32888170,17829992,672,62904252,45488768,64771556,0,4158176,0,1,1,0,14453832,3289301970,3308789119,48,48,168,1569342,3142522,1039544,81951212,82419,611740846,447345065,0
1789567195.4348376,118.204,8832868,618240,0,111,81,120,111311,865311,32888231,17829992,672,62904252,45488768,64771556,0,4150208,0,1,1,0,14453836,3289551236,3309038390,48,48,168,1569342,3142522,1037552,81951212,82419,611740846,447345065,0
1789567195.6851277,118.454,8833243,618265,0,111,81,120,111311,865311,32888330,17829984,684,62904012,45488528,64771556,0,4132956,0,1,1,0,14453842,3289801457,3309288655,48,48,171,1569336,3142510,1033037,81951215,82419,611740846,447345177,0
1789567195.935422,118.704,8833618,618290,0,111,81,120,111311,865311,32888404,17829980,56,62904268,45488784,64771556,0,4121700,0,1,1,0,14453842,3290051714,3309538913,48,48,14,1569343,3142523,1030425,81951215,82419,611740846,447345809,0
1789567196.1857102,118.955,8833994,618315,0,111,81,120,111311,865311,32888451,17829980,56,62904268,45488784,64771556,0,4113508,0,1,1,0,14453842,3290301990,3309789188,48,48,14,1569343,3142523,1028377,81951217,82419,611740846,447345809,0
1789567196.4360049,119.205,8834369,618340,0,111,81,120,111311,865311,32888514,17829980,56,62904268,45488784,64771556,0,4097116,0,1,1,0,14453851,3290551231,3310038447,48,48,14,1569343,3142523,1024279,81951218,82419,611740846,447345809,0
1789567196.686285,119.455,8834744,618365,0,111,81,120,111311,865311,32888565,17829980,56,62904268,45488784,64771556,0,4080732,0,1,1,0,14453851,3290801480,3310288695,48,48,14,1569343,3142523,1020183,81951219,82419,611740846,447345809,0
1789567196.936559,119.705,8835119,618390,0,111,81,120,111311,865311,32888615,17829980,56,62904268,45488784,64771556,0,4072540,0,1,1,0,14453851,3291050729,3310537944,48,48,14,1569343,3142523,1018135,81951219,82419,611740846,447345809,0
1789567197.1868331,119.956,8835494,618415,0,111,81,120,111311,865311,32888691,17829992,120,62904268,45488784,64771556,0,4056228,0,1,1,0,14453851,3291300974,3310788190,48,48,30,1569343,3142523,1014057,81951220,82419,611740846,447345809,0
1789567197.437117,120.206,8835869,618440,0,111,81,120,111311,865312,32888826,17829992,120,62904268,45488784,64771556,0,4048256,0,1,1,0,14453868,3291550982,3311038451,48,48,30,1569343,3142523,1012064,81951223,82419,611740846,447345809,0
1789567197.6874003,120.456,8836245,618465,0,111,81,120,111311,865312,32888877,17829992,120,62904268,45488784,64771556,0,4031780,0,1,1,0,14453868,3291801237,3311288705,48,48,30,1569343,3142523,1007945,81951224,82419,611740846,447345809,0
1789567197.937681,120.706,8836620,618490,0,111,81,120,111311,865312,32888926,17829992,120,62904268,45488784,64771556,0,4023484,0,1,1,0,14453868,3292050513,3311537982,48,48,30,1569343,3142523,1005871,81951225,82419,611740846,447345809,0
1789567198.1879826,120.957,8836995,618516,0,111,81,120,111311,865312,32888978,17829992,120,62904268,45488784,64771556,0,4007200,0,1,1,0,14453869,3292299770,3311787238,48,48,30,1569343,3142523,1001800,81951226,82419,611740846,447345809,0
1789567198.438255,121.207,8837370,618541,0,111,81,120,111311,865312,32889028,17829992,120,62904268,45488784,64771556,0,3998928,0,1,1,0,14453873,3292550008,3312037484,48,48,30,1569343,3142523,999732,81951226,82419,611740846,447345809,0
1789567198.6885276,121.457,8837745,618566,0,111,81,120,111311,865312,32889083,17829992,120,62904268,45488784,64771556,0,3982724,0,1,1,0,14453873,3292799266,3312286742,48,48,30,1569343,3142523,995681,81951227,82419,611740846,447345809,0
1789567198.9388096,121.708,8838121,618591,0,111,81,120,111311,865312,32889128,17829992,120,62904268,45488784,64771556,0,3974564,0,1,1,0,14453873,3293049517,3312536992,48,48,30,1569343,3142523,993641,81951228,82419,611740846,447345809,0
1789567199.1890788,121.958,8838496,618616,0,111,81,120,111311,865312,32889183,17829992,120,62904268,45488784,64771556,0,3966332,0,1,1,0,14453873,3293298785,3312786260,48,48,30,1569343,3142523,991583,81951229,82419,611740846,447345809,0
1789567199.4393713,122.208,8838871,618641,0,111,81,120,111311,865312,32889239,17829992,120,62904268,45488784,64771556,0,3950224,0,1,1,0,14453876,3293549033,3313036514,48,48,30,1569343,3142523,987556,81951230,82419,611740846,447345809,0
1789567199.6896513,122.458,8839246,618666,0,111,81,120,111311,865312,32889297,17829992,120,62904268,45488784,64771556,0,3933744,0,1,1,0,14453876,3293799288,3313286769,48,48,30,1569343,3142523,983436,81951230,82419,611740846,447345809,0
1789567199.9399512,122.709,8839622,618691,0,111,81,120,111311,865312,32889343,17829992,120,62904268,45488784,64771556,0,3925424,0,1,1,0,14453876,3294049538,3313537019,48,48,30,1569343,3142523,981356,81951231,82419,611740846,447345809,0
1789567200.1902294,122.959,8839997,618716,0,111,81,120,111311,865312,32889388,17829992,120,62904268,45488784,64771556,0,3917224,0,1,1,0,14453876,3294299793,3313787274,48,48,30,1569343,3142523,979306,81951232,82419,611740846,447345809,0
1789567200.4405084,123.209,8840372,618741,0,111,81,120,111311,865312,32889443,17829992,120,62904268,45488784,64771556,0,3901084,0,1,1,0,14453880,3294550048,3314037534,48,48,30,1569343,3142523,975271,81951233,82419,611740846,447345809,0
1789567200.690797,123.46,8840747,618766,0,111,81,120,111311,865312,32889495,17829992,120,62904268,45488784,64771556,0,3892948,0,1,1,0,14453880,3294800328,3314287814,48,48,30,1569343,3142523,973237,81951233,82419,611740846,447345809,0
1789567200.9411168,123.71,8841123,618791,0,111,81,120,111311,865312,32889559,17829992,144,62904268,45488784,64771556,0,3876376,0,1,1,0,14453880,3295050601,3314538087,48,48,36,1569343,3142523,969094,81951235,82419,611740846,447345893,0
1789567201.1914275,123.96,8841498,618816,0,111,81,120,111311,865312,32889633,17829992,144,62904524,45489040,64771556,0,3867740,0,1,1,0,14453880,3295299913,3314787399,48,48,36,1569349,3142535,966935,81951235,82419,611740846,447345893,0
1789567201.4417913,124.211,8841873,618841,0,111,81,120,111312,865312,32889728,17829992,144,62904524,45489040,64771556,0,3851356,0,1,1,0,14453891,3295549263,3315036765,48,48,36,1569349,3142535,962839,81951238,82419,611740846,447345893,0
1789567201.6921806,124.461,8842248,618866,0,111,81,120,111312,865312,32889779,17829992,144,62904524,45489040,64771556,0,3843164,0,1,1,0,14453891,3295798605,3315286107,48,48,36,1569349,3142535,960791,81951238,82419,611740846,447345893,0
1789567201.9425523,124.711,8842624,618892,0,111,81,120,111312,865312,32889833,17829992,144,62904524,45489040,64771556,0,3830876,0,1,1,0,14453891,3296048947,3315536449,48,48,36,1569349,3142535,957719,81951239,82419,611740846,447345893,0
1789567202.1929462,124.962,8842999,618917,0,111,81,120,111312,865312,32889905,17829992,144,62904524,45489040,64771556,0,3814876,0,1,1,0,14453891,3296297332,3315784834,48,48,36,1569349,3142535,953719,81951239,82419,611740846,447345893,0
1789567202.4433355,125.212,8843374,618942,0,111,81,120,111312,865312,32889966,17829992,144,62904524,45489040,64771556,0,3807116,0,1,1,0,14453901,3296547485,3316035173,48,48,36,1569349,3142535,951779,81951242,82419,611740846,447345893,0
1789567202.6937246,125.463,8843750,618967,0,111,81,120,111312,865312,32890021,17829992,144,62904524,45489040,64771556,0,3790740,0,1,1,0,14453902,3296795880,3316283568,48,48,36,1569349,3142535,947685,81951243,82419,611740846,447345893,0
1789567202.9441123,125.713,8844125,618992,0,111,81,120,111312,865312,32890079,17829992,144,62904524,45489040,64771556,0,3778908,0,1,1,0,14453902,3297046213,3316533902,48,48,36,1569349,3142535,944727,81951244,82419,611740846,447345893,0
1789567203.1944828,125.963,8844500,619017,0,111,81,120,111312,865312,32890130,17829992,144,62904524,45489040,64771556,0,3762656,0,1,1,0,14453902,3297296546,3316784234,48,48,36,1569349,3142535,940664,81951244,82419,611740846,447345893,0
1789567203.4448402,126.214,8844876,619042,0,111,81,120,111312,865312,32890181,17829992,144,62904524,45489040,64771556,0,3754244,0,1,1,0,14453907,3297546858,3317034558,48,48,36,1569349,3142535,938561,81951245,82419,611740846,447345893,0
1789567203.6951935,126.464,8845251,619067,0,111,81,120,111312,865312,32890234,17829992,144,62904524,45489040,64771556,0,3738032,0,1,1,0,14453907,3297795214,3317282915,48,48,36,1569349,3142535,934508,81951245,82419,611740846,447345893,0
1789567203.945579,126.714,8845626,619092,0,111,81,120,111312,865312,32890277,17829992,144,62904524,45489040,64771556,0,3729788,0,1,1,0,14453907,3298045560,3317533261,48,48,36,1569349,3142535,932447,81951246,82419,611740846,447345893,0
1789567204.1959765,126.965,8846002,619117,0,111,81,120,111312,865312,32890329,17829992,144,62904524,45489040,64771556,0,3721620,0,1,1,0,14453918,3298295844,3317783622,48,48,36,1569349,3142535,930405,81951248,82419,611740846,447345893,0
1789567204.4463344,127.215,8846377,619142,0,111,81,120,111312,865312,32890383,17829992,144,62904524,45489040,64771556,0,3705144,0,1,1,0,14453925,3298545192,3318032980,48,48,36,1569349,3142535,926286,81951248,82419,611740846,447345893,0
1789567204.696713,127.466,8846752,619167,0,111,81,120,111312,865313,32890434,17829992,144,62904524,45489040,64771556,0,3697176,0,1,1,0,14453925,3298794508,3318282296,48,48,36,1569349,3142535,924294,81951249,82419,611740846,447345893,0
1789567204.9470417,127.716,8847127,619192,0,111,81,120,111312,865313,32890481,17829992,144,62904524,45489040,64771556,0,3680644,0,1,1,0,14453925,3299044790,3318532578,48,48,36,1569349,3142535,920161,81951249,82419,611740846,447345893,0
1789567205.1973498,127.966,8847503,619217,0,111,81,120,111312,865313,32890549,17829992,144,62904748,45489264,64771556,0,3672308,0,1,2,0,14453925,3299295066,3318782855,48,48,36,1569355,3142547,918077,81951250,82419,611740846,447345893,0
1789567205.4476788,128.216,8847878,619242,0,111,81,120,111313,865313,32890627,17829992,144,62904748,45489264,64771556,0,3655996,0,1,1,0,14453934,3299545355,3319033156,48,48,36,1569355,3142547,913999,81951252,82419,611740846,447345893,0
1789567205.69799,128.467,8848253,619267,0,111,81,120,111313,865313,32890679,17829992,148,62904748,45489264,64771556,0,3648096,0,1,1,0,14453934,3299795620,3319283421,48,48,37,1569355,3142547,912024,81951254,82419,611740846,447345905,0
1789567205.948283,128.717,8848629,619293,0,111,81,120,111313,865313,32890728,17829992,148,62904748,45489264,64771556,0,3631616,0,1,1,0,14453934,3300045875,3319533676,48,48,37,1569355,3142547,907904,81951255,82419,611740846,447345905,0
1789567206.1985657,128.967,8849004,619318,0,111,81,120,111313,865313,32890793,17829992,148,62904748,45489264,64771556,0,3623680,0,1,1,0,14453934,3300294154,3319781955,48,48,37,1569355,3142547,905920,81951256,82419,611740846,447345997,0
1789567206.4488533,129.218,8849379,619343,0,111,81,120,111313,865313,32890844,17829992,148,62904748,45489264,64771556,0,3607184,0,1,1,0,14453938,3300544401,3320032208,48,48,37,1569355,3142547,901796,81951256,82419,611740846,447345997,0
1789567206.6991482,129.468,8849754,619368,0,111,81,120,111313,865313,32890894,17829992,148,62904748,45489264,64771556,0,3598976,0,1,1,0,14453938,3300794669,3320282476,48,48,37,1569355,3142547,899744,81951258,82419,611740846,447345997,0
1789567206.9494293,129.718,8850129,619393,0,111,81,120,111313,865313,32890948,17829992,148,62904748,45489264,64771556,0,3582464,0,1,1,0,14453938,3301044924,3320532731,48,48,37,1569355,3142547,895616,81951259,82419,611740846,447345997,0
1789567207.1997294,129.969,8850505,619418,0,111,81,120,111313,865313,32891006,17829992,148,62904748,45489264,64771556,0,3574404,0,1,1,0,14453938,3301295258,3320783065,48,48,37,1569355,3142547,893601,81951261,82419,611740846,447345997,0
1789567207.4501023,130.219,8850878,619443,0,111,81,120,111314,865314,32891148,17829992,140,62903084,45487600,64771556,0,3557620,0,1,1,0,14453948,3301528551,3321016566,48,48,35,1569313,3142464,889405,81951969,82419,611740846,447345997,0
1789567207.7004478,130.469,8851228,619469,0,111,81,120,111319,865333,32891784,17830012,3276,62871372,45455888,64771556,0,3541556,0,1,2,0,14454106,3301661003,3321149739,48,48,819,1568521,3140878,885389,81962613,82421,611741050,447346021,0
1789567207.9508395,130.72,8851598,619493,0,111,81,120,111322,865336,32892458,17830152,4336,62869272,45453616,64771556,0,3533428,0,1,1,0,14454317,3301867396,3321361190,48,48,1084,1568469,3140773,883357,81967757,82421,611741050,447346069,0
1789567208.2012193,130.97,8851973,619518,0,111,81,120,111322,865336,32892539,17830152,3384,62870156,45454500,64771556,0,3517204,0,1,1,0,14454324,3302116700,3321610507,48,48,846,1568491,3140817,879301,81967758,82421,611741050,447347117,0
1789567208.4515483,131.22,8852348,619543,0,111,81,120,111322,865336,32892584,17830152,3384,62870156,45454500,64771556,0,3508728,0,1,1,0,14454324,3302366974,3321860781,48,48,846,1568491,3140817,877182,81967760,82421,611741050,447347117,0
1789567208.701837,131.471,8852723,619568,0,111,81,120,111322,865336,32892641,17830152,3384,62871172,45455516,64771556,0,3492500,0,1,1,0,14454324,3302616245,3322110052,48,48,846,1568516,3140868,873125,81967760,82421,611741050,447347117,0
1789567208.9521298,131.721,8853099,619593,0,111,81,120,111322,865336,32892684,17830152,3384,62871172,45455516,64771556,0,3484156,0,1,1,0,14454324,3302866501,3322360308,48,48,846,1568516,3140868,871039,81967761,82421,611741050,447347117,0
1789567209.2024093,131.971,8853474,619619,0,111,81,120,111322,865336,32892765,17830180,3320,62878108,45462356,64771556,0,3475700,0,1,1,0,14454333,3303116644,3322610561,48,48,830,1568689,3141215,868925,81967761,82421,611741050,447347117,0
1789567209.4526944,132.221,8853849,619644,0,111,81,120,111322,865336,32892853,17830180,3320,62878108,45462356,64771556,0,3459316,0,1,1,0,14454338,3303366911,3322860836,48,48,830,1568689,3141215,864829,81967763,82421,611741050,447347117,0
1789567209.702996,132.472,8854224,619669,0,111,81,120,111322,865336,32892915,17830180,3320,62878108,45462356,64771556,0,3451124,0,1,1,0,14454338,3303617168,3323111092,48,48,830,1568689,3141215,862781,81967763,82421,611741050,447347117,0
1789567209.953285,132.722,8854599,619694,0,111,81,120,111322,865336,32892966,17830180,3320,62878108,45462356,64771556,0,3434740,0,1,1,0,14454338,3303866433,3323360357,48,48,830,1568689,3141215,858685,81967765,82421,611741050,447347117,0
1789567210.2035685,132.972,8854975,619719,0,111,81,120,111322,865336,32893038,17830180,3320,62881792,45466040,64771556,0,3426596,0,1,1,0,14454344,3304116645,3323610606,48,48,830,1568781,3141399,856649,81967765,82421,611741050,447347117,0
1789567210.453857,133.223,8855350,619744,0,111,81,120,111322,865336,32893093,17830180,3320,62881792,45466040,64771556,0,3410440,0,1,1,0,14454344,3304366905,3323860866,48,48,830,1568781,3141399,852610,81967767,82421,611741050,447347117,0
1789567210.7041364,133.473,8855725,619769,0,111,81,120,111322,865336,32893150,17830180,3320,62882388,45466636,64771556,0,3402184,0,1,1,0,14454344,3304617160,3324111120,48,48,830,1568796,3141429,850546,81967767,82421,611741050,447347117,0
1789567210.9544222,133.723,8856100,619794,0,111,81,120,111322,865336,32893205,17830180,3320,62882388,45466636,64771556,0,3386012,0,1,1,0,14454344,3304867414,3324361374,48,48,830,1568796,3141429,846503,81967768,82421,611741050,447347117,0
1789567211.2046998,133.973,8856476,619819,0,111,81,120,111322,865336,32893275,17830180,3320,62886520,45470768,64771556,0,3377740,0,1,1,0,14454349,3305117668,3324611638,48,48,830,1568899,3141635,844435,81967769,82421,611741050,447347117,0
1789567211.4549925,134.224,8856851,619844,0,111,81,120,111322,865336,32893340,17830180,3320,62886264,45470512,64771556,0,3361264,0,1,1,0,14454350,3305366930,3324860900,48,48,830,1568893,3141622,840316,81967770,82421,611741050,447347181,0
1789567211.7052782,134.474,8857226,619869,0,111,81,120,111322,865336,32893392,17830180,3320,62886264,45470512,64771556,0,3353124,0,1,1,0,14454350,3305617185,3325111154,48,48,830,1568893,3141622,838281,81967771,82421,611741050,447347181,0
1789567211.9555547,134.724,8857601,619894,0,111,81,120,111322,865336,32893442,17830180,3320,62886264,45470512,64771556,0,3336724,0,1,1,0,14454350,3305867439,3325361409,48,48,830,1568893,3141622,834181,81967772,82421,611741050,447347181,0
1789567212.205835,134.975,8857976,619919,0,111,81,120,111322,865336,32893495,17830180,3320,62888964,45473212,64771556,0,3328612,0,1,1,0,14454354,3306117686,3325611662,48,48,830,1568960,3141757,832153,81967772,82421,611741050,447347181,0
1789567212.4561162,135.225,8858352,619944,0,111,81,120,111322,865336,32893548,17830180,3320,62888964,45473212,64771556,0,3312172,0,1,1,0,14454354,3306366946,3325860923,48,48,830,1568960,3141757,828043,81967772,82421,611741050,447347181,0
1789567212.706394,135.475,8858727,619969,0,111,81,120,111322,865336,32893603,17830180,3320,62888964,45473212,64771556,0,3303900,0,1,1,0,14454354,3306617193,3326111169,48,48,830,1568960,3141757,825975,81967774,82421,611741050,447347181,0
1789567212.9566758,135.725,8859102,619995,0,111,81,120,111323,865336,32893651,17830180,3320,62889380,45473628,64771556,0,3287496,0,1,1,0,14454354,3306867450,3326361427,48,48,830,1568971,3141778,821874,81967775,82421,611741050,447347181,0
1789567213.206972,135.976,8859477,620020,0,111,81,120,111323,865336,32893740,17830180,3320,62892160,45476408,64771556,0,3279092,0,1,1,0,14454358,3307117705,3326611688,48,48,830,1569040,3141917,819773,81967776,82421,611741050,447347181,0
1789567213.457259,136.226,8859852,620045,0,111,81,120,111323,865336,32893823,17830180,3320,62892160,45476408,64771556,0,3262708,0,1,1,0,14454365,3307367948,3326861939,48,48,830,1569040,3141917,815677,81967776,82421,611741050,447347181,0
1789567213.7075415,136.476,8860228,620070,0,111,81,120,111323,865336,32893871,17830180,3320,62892160,45476408,64771556,0,3254516,0,1,1,0,14454365,3307618204,3327112194,48,48,830,1569040,3141917,813629,81967777,82421,611741050,447347181,0
1789567213.9578285,136.727,8860603,620095,0,111,81,120,111323,865336,32893921,17830180,3320,62892160,45476408,64771556,0,3238132,0,1,1,0,14454365,3307868458,3327362449,48,48,830,1569040,3141917,809533,81967778,82421,611741050,447347181,0
1789567214.2081158,136.977,8860978,620120,0,111,81,120,111323,865336,32893982,17830180,3320,62894240,45478488,64771556,0,3230176,0,1,1,0,14454368,3308118717,3327612714,48,48,830,1569092,3142021,807544,81967780,82421,611741050,447347181,0
1789567214.4583972,137.227,8861353,620145,0,111,81,120,111323,865336,32894038,17830180,3320,62894240,45478488,64771556,0,3213664,0,1,1,0,14454368,3308367970,3327861967,48,48,830,1569092,3142021,803416,81967780,82421,611741050,447347181,0
1789567214.7086754,137.477,8861729,620170,0,111,81,120,111323,865336,32894085,17830180,3320,62894240,45478488,64771556,0,3205396,0,1,1,0,14454368,3308618218,3328112215,48,48,830,1569092,3142021,801349,81967781,82421,611741050,447347181,0
1789567214.9589663,137.728,8862104,620195,0,111,81,120,111323,865336,32894131,17830180,3320,62894240,45478488,64771556,0,3197308,0,1,1,0,14454368,3308868464,3328362461,48,48,830,1569092,3142021,799327,81967781,82421,611741050,447347181,0
1789567215.209241,137.978,8862479,620220,0,111,81,120,111323,865336,32894188,17830180,3320,62896060,45480308,64771556,0,3180880,0,1,1,0,14454372,3309118713,3328612716,48,48,830,1569137,3142112,795220,81967782,82421,611741050,447347181,0
1789567215.4595177,138.228,8862854,620245,0,111,81,120,111323,865336,32894231,17830180,3320,62896060,45480308,64771556,0,3172808,0,1,1,0,14454372,3309368957,3328862960,48,48,830,1569137,3142112,793202,81967783,82421,611741050,447347181,0
1789567215.7098138,138.479,8863229,620270,0,111,81,120,111323,865336,32894284,17830180,3320,62896060,45480308,64771556,0,3156484,0,1,1,0,14454372,3309619239,3329113242,48,48,830,1569137,3142112,789121,81967785,82421,611741050,447347181,0
1789567215.9601007,138.729,8863605,620295,0,111,81,120,111323,865336,32894344,17830180,3320,62896060,45480308,64771556,0,3148248,0,1,1,0,14454372,3309869499,3329363502,48,48,830,1569137,3142112,787062,81967785,82421,611741050,447347181,0
1789567216.2103844,138.979,8863980,620320,0,111,81,120,111323,865336,32894399,17830180,3320,62897652,45481900,64771556,0,3131628,0,1,1,0,14454376,3310119747,3329613757,48,48,830,1569177,3142192,782907,81967786,82421,611741050,447347181,0
1789567216.460667,139.229,8864355,620345,0,111,81,120,111323,865336,32894455,17830180,3320,62897652,45481900,64771556,0,3123748,0,1,1,0,14454376,3310370006,3329864016,48,48,830,1569177,3142192,780937,81967786,82421,611741050,447347181,0
1789567216.7109742,139.48,8864730,620371,0,111,81,120,111323,865336,32894510,17830180,3320,62897396,45481644,64771556,0,3107248,0,1,1,0,14454376,3310620278,3330114287,48,48,830,1569171,3142179,776812,81967787,82421,611741050,447347249,0
1789567216.9612865,139.73,8865106,620396,0,111,81,120,111323,865336,32894563,17830180,3320,62897396,45481644,64771556,0,3098992,0,1,1,0,14454376,3310870548,3330364558,48,48,830,1569171,3142179,774748,81967789,82421,611741050,447347249,0
1789567217.2115645,139.98,8865481,620421,0,111,81,120,111323,865336,32894634,17830180,3320,62898788,45483036,64771556,0,3082476,0,1,1,0,14454381,3311120796,3330614813,48,48,830,1569206,3142248,770619,81967789,82421,611741050,447347249,0
1789567217.461847,140.231,8865856,620446,0,111,81,120,111323,865337,32894743,17830180,3320,62898788,45483036,64771556,0,3074284,0,1,1,0,14454391,3311370785,3330865067,48,48,830,1569206,3142248,768571,81967792,82421,611741050,447347249,0
1789567217.7121298,140.481,8866231,620471,0,111,81,120,111323,865337,32894788,17830180,3320,62898788,45483036,64771556,0,3057900,0,1,1,0,14454391,3311621036,3331115318,48,48,830,1569206,3142248,764475,81967792,82421,611741050,447347249,0
1789567217.9624093,140.731,8866606,620496,0,111,81,120,111323,865337,32894844,17830180,3320,62898788,45483036,64771556,0,3049708,0,1,1,0,14454391,3311871293,3331365575,48,48,830,1569206,3142248,762427,81967793,82421,611741050,447347249,0
1789567218.2127016,140.981,8866981,620521,0,111,81,120,111323,865337,32894914,17830180,3320,62900004,45484252,64771556,0,3033324,0,1,1,0,14454399,3312120561,3331614861,48,48,830,1569236,3142309,758331,81967795,82421,611741050,447347249,0
1789567218.4630048,141.232,8867357,620546,0,111,81,120,111323,865337,32894970,17830180,3320,62900004,45484252,64771556,0,3025132,0,1,1,0,14454399,3312370821,3331865121,48,48,830,1569236,3142309,756283,81967796,82421,611741050,447347249,0
1789567218.7132907,141.482,8867732,620571,0,111,81,120,111323,865337,32895023,17830180,3320,62900004,45484252,64771556,0,3008748,0,1,1,0,14454399,3312620077,3332114377,48,48,830,1569236,3142309,752187,81967796,82421,611741050,447347249,0
1789567218.963569,141.732,8868107,620596,0,111,81,120,111323,865337,32895073,17830180,3320,62900004,45484252,64771556,0,3000556,0,1,1,0,14454399,3312870324,3332364624,48,48,830,1569236,3142309,750139,81967797,82421,611741050,447347249,0
1789567219.213841,141.983,8868482,620621,0,111,81,120,111323,865337,32895141,17830180,3320,62900960,45485208,64771556,0,2984172,0,1,1,0,14454403,3313120566,3332614872,48,48,830,1569260,3142357,746043,81967797,82421,611741050,447347249,0
1789567219.4641244,142.233,8868857,620646,0,111,81,120,111323,865337,32895192,17830180,3320,62900960,45485208,64771556,0,2967788,0,1,1,0,14454403,3313369833,3332864138,48,48,830,1569260,3142357,741947,81967800,82421,611741050,447347249,0
1789567219.714402,142.483,8869233,620671,0,111,81,120,111323,865337,32895238,17830180,3320,62900960,45485208,64771556,0,2959596,0,1,1,0,14454403,3313620082,3333114387,48,48,830,1569260,3142357,739899,81967800,82421,611741050,447347249,0
1789567219.9646754,142.733,8869608,620696,0,111,81,120,111323,865337,32895283,17830180,3320,62900960,45485208,64771556,0,2951404,0,1,1,0,14454403,3313870327,3333364632,48,48,830,1569260,3142357,737851,81967801,82421,611741050,447347249,0
1789567220.2149637,142.984,8869983,620722,0,111,81,120,111323,865337,32895348,17830180,3320,62900960,45485208,64771556,0,2935404,0,1,1,0,14454406,3314119573,3333613884,48,48,830,1569260,3142357,733851,81967801,82421,611741050,447347249,0
1789567220.4652352,143.234,8870358,620747,0,111,81,120,111323,865337,32895398,17830180,3320,62900960,45485208,64771556,0,2926828,0,1,1,0,14454406,3314369835,3333864146,48,48,830,1569260,3142357,731707,81967802,82421,611741050,447347249,0
1789567220.7155287,143.484,8870734,620772,0,111,81,120,111323,865337,32895450,17830180,3320,62900960,45485208,64771556,0,2910444,0,1,1,0,14454406,3314620087,3334114398,48,48,830,1569260,3142357,727611,81967804,82421,611741050,447347249,0
1789567220.9658167,143.735,8871109,620797,0,111,81,120,111323,865337,32895499,17830180,3320,62900960,45485208,64771556,0,2902252,0,1,1,0,14454406,3314870349,3334364660,48,48,830,1569260,3142357,725563,81967805,82421,611741050,447347249,0
1789567221.2160952,143.985,8871484,620822,0,111,81,120,111323,865337,32895569,17830180,3320,62901208,45485456,64771556,0,2886008,0,1,1,0,14454410,3315120593,3334614909,48,48,830,1569266,3142369,721502,81967806,82421,611741050,447347249,0
1789567221.4663732,144.235,8871859,620847,0,111,81,120,111324,865337,32895668,17830180,3204,62901208,45485456,64771556,0,2869624,0,1,1,0,14454415,3315369854,3334864176,48,48,801,1569266,3142369,717406,81967807,82421,611741050,447347313,0
1789567221.7166605,144.485,8872234,620872,0,111,81,120,111324,865337,32895725,17830180,3256,62900956,45485204,64771556,0,2861432,0,1,1,0,14454415,3315620106,3335114427,48,48,814,1569260,3142357,715358,81967808,82421,611741050,447347373,0
1789567221.9669545,144.736,8872609,620897,0,111,81,120,111324,865337,32895776,17830180,3256,62900956,45485204,64771556,0,2849732,0,1,1,0,14454415,3315869358,3335363680,48,48,814,1569260,3142357,712433,81967808,82421,611741050,447347373,0
1789567222.2172334,144.986,8872985,620922,0,111,81,120,111324,865337,32895848,17830180,3256,62900956,45485204,64771556,0,2835920,0,1,1,0,14454420,3316118611,3335612940,48,48,814,1569260,3142357,708980,81967811,82421,611741050,447347373,0
1789567222.4675107,145.236,8873360,620947,0,111,81,120,111324,865337,32895898,17830180,3256,62900956,45485204,64771556,0,2825132,0,1,1,0,14454420,3316367862,3335862190,48,48,814,1569260,3142357,706283,81967811,82421,611741050,447347373,0
1789567222.717787,145.487,8873735,620972,0,111,81,120,111324,865337,32895968,17830180,3256,62900956,45485204,64771556,0,2811036,0,1,1,0,14454420,3316618141,3336112469,48,48,814,1569260,3142357,702759,81967812,82421,611741050,447347373,0
1789567222.9680994,145.737,8874110,620997,0,111,81,120,111324,865337,32896028,17830180,3256,62900956,45485204,64771556,0,2803060,0,1,1,0,14454420,3316867401,3336361729,48,48,814,1569260,3142357,700765,81967812,82421,611741050,447347373,0
1789567223.2183785,145.987,8874486,621022,0,111,81,120,111324,865337,32896097,17830180,3256,62901228,45485476,64771556,0,2786420,0,1,1,0,14454423,3317117645,3336611979,48,48,814,1569266,3142370,696605,81967813,82421,611741050,447347373,0
1789567223.4686654,146.237,8874861,621048,0,111,81,120,111324,865337,32896162,17830180,3256,62901228,45485476,64771556,0,2770036,0,1,1,0,14454423,3317366911,3336861245,48,48,814,1569266,3142370,692509,81967814,82421,611741050,447347373,0
1789567223.7189734,146.488,8875236,621073,0,111,81,120,111324,865337,32896207,17830180,3256,62901228,45485476,64771556,0,2761836,0,1,1,0,14454423,3317617172,3337111506,48,48,814,1569266,3142370,690459,81967816,82421,611741050,447347373,0
1789567223.9692466,146.738,8875611,621098,0,111,81,120,111324,865337,32896266,17830180,3256,62901228,45485476,64771556,0,2745452,0,1,1,0,14454424,3317866426,3337360760,48,48,814,1569266,3142370,686363,81967816,82421,611741050,447347373,0
1789567224.2195206,146.988,8875986,621123,0,111,81,120,111324,865337,32896328,17830180,3256,62901228,45485476,64771556,0,2737588,0,1,1,0,14454427,3318116672,3337611012,48,48,814,1569266,3142370,684397,81967817,82421,611741050,447347373,0
1789567224.4698153,147.239,8876362,621148,0,111,81,120,111324,865337,32896387,17830180,3256,62901008,45485256,64771556,0,2729060,0,1,1,0,14454427,3318365940,3337860279,48,48,814,1569261,3142359,682265,81967817,82421,611741050,447347373,0
1789567224.7200978,147.489,8876737,621173,0,111,81,120,111324,865337,32896436,17830180,3256,62901008,45485256,64771556,0,2712668,0,1,1,0,14454427,3318616205,3338110544,48,48,814,1569261,3142359,678167,81967819,82421,611741050,447347373,0
1789567224.9703774,147.739,8877112,621198,0,111,81,120,111324,865337,32896484,17830180,3256,62901008,45485256,64771556,0,2704476,0,1,1,0,14454427,3318866449,3338360789,48,48,814,1569261,3142359,676119,81967820,82421,611741050,447347373,0
1789567225.2206495,147.989,8877487,621223,0,111,81,120,111324,865337,32896551,17830180,3256,62901252,45485500,64771556,0,2688084,0,1,1,0,14454431,3319116701,3338611046,48,48,814,1569267,3142372,672021,81967820,82421,611741050,447347373,0
1789567225.4709554,148.24,8877863,621248,0,111,81,120,111324,865337,32896635,17830180,3256,62901252,45485500,64771556,0,2679892,0,1,1,0,14454437,3319366943,3338861296,48,48,814,1569267,3142372,669973,81967821,82421,611741050,447347373,0
1789567225.7212298,148.49,8878238,621273,0,111,81,120,111324,865337,32896687,17830180,3256,62902500,45486748,64771556,0,2663500,0,1,1,0,14454438,3319616218,3339110571,48,48,814,1569298,3142434,665875,81967822,82421,611741050,447347373,0
1789567225.971526,148.74,8878613,621298,0,111,81,120,111324,865337,32896740,17830180,3256,62902500,45486748,64771556,0,2655308,0,1,1,0,14454438,3319865472,3339359825,48,48,814,1569298,3142434,663827,81967824,82421,611741050,447347373,0
1789567226.2217984,148.991,8878988,621323,0,111,81,120,111324,865337,32896801,17830180,3256,62902500,45486748,64771556,0,2639156,0,1,1,0,14454443,3320115722,3339610082,48,48,814,1569298,3142434,659789,81967824,82421,611741050,447347373,0
1789567226.4720907,149.241,8879363,621348,0,111,81,120,111324,865337,32896852,17830180,3256,62902516,45486764,64771556,0,2630724,0,1,1,0,14454443,3320365977,3339860337,48,48,814,1569299,3142435,657681,81967826,82421,611741050,447347373,0
1789567226.7223692,149.491,8879739,621373,0,111,81,120,111324,865337,32896917,17830180,3220,62902516,45486764,64771556,0,2614348,0,1,1,0,14454443,3320616233,3340110593,48,48,805,1569299,3142435,653587,81967826,82421,611741050,447347389,0
1789567226.9726593,149.741,8880114,621398,0,111,81,120,111324,865337,32896970,17830172,3220,62902516,45486764,64771556,0,2606156,0,1,1,0,14454443,3320866483,3340360844,48,48,805,1569299,3142435,651539,81967828,82421,611741050,447347509,0
1789567227.2229598,149.992,8880489,621423,0,111,81,120,111325,865337,32897037,17830172,3220,62902516,45486764,64771556,0,2590000,0,1,1,0,14454449,3321116781,3340611150,48,48,805,1569299,3142435,647500,81967828,82421,611741050,447347509,0
1789567227.473316,150.242,8880864,621448,0,111,81,120,111325,865338,32897110,17830172,3220,62902516,45486764,64771556,0,2581652,0,1,1,0,14454455,3321366859,3340861436,48,48,805,1569299,3142435,645413,81967829,82421,611741050,447347509,0
1789567227.7236187,150.492,8881240,621474,0,111,81,120,111325,865338,32897164,17830172,3220,62902516,45486764,64771556,0,2565436,0,1,1,0,14454455,3321617128,3341111706,48,48,805,1569299,3142435,641359,81967829,82421,611741050,447347509,0
1789567227.9739347,150.743,8881615,621499,0,111,81,120,111325,865338,32897214,17830172,3220,62902516,45486764,64771556,0,2557340,0,1,1,0,14454455,3321867409,3341361986,48,48,805,1569299,3142435,639335,81967831,82421,611741050,447347509,0
1789567228.2242198,150.993,8881989,621524,0,111,81,120,111325,865338,32897284,17830172,3220,62902516,45486764,64771556,0,2541104,0,1,1,0,14454461,3322117658,3341612244,48,48,805,1569299,3142435,635276,81967831,82421,611741050,447347509,0
1789567228.4745116,151.243,8882365,621549,0,111,81,120,111325,865338,32897339,17830180,3280,62902508,45486756,64771556,0,2532388,0,1,1,0,14454465,3322367915,3341862509,48,48,820,1569298,3142434,633097,81967833,82421,611741050,447347509,0
1789567228.7247941,151.494,8882739,621574,0,111,81,120,111325,865338,32897464,17830180,144,62902508,45486756,64771556,0,2516204,0,1,1,0,14454466,3322611499,3342106094,48,48,36,1569298,3142434,629051,81967833,82421,611741050,447350645,0
1789567228.975084,151.744,8883114,621599,0,111,81,120,111325,865338,32897515,17830180,144,62902508,45486756,64771556,0,2508012,0,1,1,0,14454466,3322861757,3342356352,48,48,36,1569298,3142434,627003,81967834,82421,611741050,447350645,0
1789567229.2253678,151.994,8883489,621625,0,111,81,120,111325,865338,32897600,17830180,144,62902892,45487140,64771556,0,2491428,0,1,1,0,14454471,3323112007,3342606609,48,48,36,1569308,3142454,622857,81967837,82421,611741050,447350645,0
1789567229.4756544,152.244,8883865,621650,0,111,81,120,111325,865338,32897675,17830180,144,62902892,45487140,64771556,0,2483236,0,1,1,0,14454476,3323362256,3342856864,48,48,36,1569308,3142454,620809,81967837,82421,611741050,447350645,0
1789567229.7259626,152.495,8884240,621675,0,111,81,120,111326,865338,32897725,17830180,144,62902892,45487140,64771556,0,2466852,0,1,1,0,14454476,3323612521,3343107129,48,48,36,1569308,3142454,616713,81967839,82421,611741050,447350645,0
1789567229.9762433,152.745,8884615,621700,0,111,81,120,111326,865338,32897767,17830180,144,62902892,45487140,64771556,0,2458660,0,1,1,0,14454476,3323862772,3343357380,48,48,36,1569308,3142454,614665,81967839,82421,611741050,447350645,0
1789567230.226521,152.995,8884990,621725,0,111,81,120,111326,865338,32897842,17830180,144,62902892,45487140,64771556,0,2442620,0,1,1,0,14454488,3324112030,3343606655,48,48,36,1569308,3142454,610655,81967840,82421,611741050,447350645,0
1789567230.476825,153.246,8885366,621750,0,111,81,120,111326,865338,32897885,17830180,144,62902892,45487140,64771556,0,2434224,0,1,1,0,14454488,3324362300,3343856925,48,48,36,1569308,3142454,608556,81967840,82421,611741050,447350645,0
1789567230.7271304,153.496,8885741,621775,0,111,81,120,111326,865338,32897934,17830180,144,62902892,45487140,64771556,0,2426276,0,1,1,0,14454488,3324612592,3344107218,48,48,36,1569308,3142454,606569,81967842,82421,611741050,447350645,0
1789567230.977462,153.746,8886116,621800,0,111,81,120,111326,865338,32897979,17830180,144,62902892,45487140,64771556,0,2409740,0,1,1,0,14454488,3324862866,3344357491,48,48,36,1569308,3142454,602435,81967843,82421,611741050,447350645,0
1789567231.2277575,153.997,8886492,621825,0,111,81,120,111326,865338,32898048,17830180,144,62902892,45487140,64771556,0,2401316,0,1,1,0,14454492,3325113132,3344607765,48,48,36,1569308,3142454,600329,81967844,82421,611741050,447350645,0
1789567231.4780612,154.247,8886867,621850,0,111,81,120,111326,865338,32898109,17830180,144,62902892,45487140,64771556,0,2385248,0,1,1,0,14454492,3325363388,3344858021,48,48,36,1569308,3142454,596312,81967846,82421,611741050,447350645,0
1789567231.7283456,154.497,8887242,621875,0,111,81,120,111326,865338,32898157,17830180,144,62902892,45487140,64771556,0,2376996,0,1,1,0,14454492,3325613646,3345108279,48,48,36,1569308,3142454,594249,81967847,82421,611741050,447350645,0
1789567231.978629,154.747,8887617,621900,0,111,81,120,111326,865338,32898220,17830180,144,62902892,45487140,64771556,0,2360612,0,1,1,0,14454493,3325862904,3345357537,48,48,36,1569308,3142454,590153,81967847,82421,611741050,447350645,0
1789567232.2289324,154.998,8887992,621925,0,111,81,120,111326,865338,32898292,17830172,144,62902892,45487140,64771556,0,2352164,0,1,1,0,14454497,3326113191,3345607831,48,48,36,1569308,3142454,588041,81967849,82421,611741050,447350717,0
1789567232.4792464,155.248,8888368,621950,0,111,81,120,111326,865338,32898337,17830172,144,62902892,45487140,64771556,0,2335780,0,1,1,0,14454497,3326363463,3345858103,48,48,36,1569308,3142454,583945,81967850,82421,611741050,447350717,0
1789567232.7295272,155.498,8888743,621975,0,111,81,120,111326,865338,32898390,17830172,144,62902892,45487140,64771556,0,2327588,0,1,1,0,14454497,3326613726,3346108366,48,48,36,1569308,3142454,581897,81967851,82421,611741050,447350717,0
1789567232.9798198,155.749,8889118,622000,0,111,81,120,111326,865338,32898444,17830172,144,62902892,45487140,64771556,0,2311204,0,1,1,0,14454497,3326862986,3346357626,48,48,36,1569308,3142454,577801,81967851,82421,611741050,447350717,0
1789567233.2301004,155.999,8889493,622025,0,111,81,120,111327,865338,32898519,17830180,156,62903008,45487216,64771556,0,2303212,0,1,1,0,14454501,3327113250,3346607897,48,48,39,1569311,3142459,575803,81967852,82421,611741050,447350717,0
1789567233.4803994,156.249,8889869,622050,0,111,81,120,111327,865338,32898594,17830180,156,62903008,45487216,64771556,0,2286996,0,1,1,0,14454506,3327363495,3346858149,48,48,39,1569311,3142459,571749,81967853,82421,611741050,447350717,0
1789567233.7306883,156.499,8890244,622075,0,111,81,120,111327,865338,32898643,17830180,156,62903008,45487216,64771556,0,2278640,0,1,1,0,14454506,3327613779,3347108433,48,48,39,1569311,3142459,569660,81967855,82421,611741050,447350717,0
1789567233.9809847,156.75,8890619,622101,0,111,81,120,111327,865338,32898700,17830180,156,62903008,45487216,64771556,0,2262300,0,1,1,0,14454506,3327863035,3347357689,48,48,39,1569311,3142459,565575,81967856,82421,611741050,447350717,0
1789567234.2312655,157.0,8890994,622126,0,111,81,120,111327,865338,32898758,17830180,156,62903008,45487216,64771556,0,2253968,0,1,1,0,14454512,3328113284,3347607946,48,48,39,1569311,3142459,563492,81967856,82421,611741050,447350717,0
1789567234.4815462,157.25,8891369,622151,0,111,81,120,111327,865338,32898809,17830180,156,62903008,45487216,64771556,0,2237476,0,1,1,0,14454512,3328363539,3347858200,48,48,39,1569311,3142459,559369,81967857,82421,611741050,447350717,0
1789567234.731826,157.501,8891745,622176,0,111,81,120,111327,865338,32898860,17830180,156,62903008,45487216,64771556,0,2229284,0,1,1,0,14454512,3328612793,3348107454,48,48,39,1569311,3142459,557321,81967857,82421,611741050,447350717,0
1789567234.982122,157.751,8892120,622201,0,111,81,120,111327,865338,32898910,17830180,156,62903008,45487216,64771556,0,2212900,0,1,1,0,14454512,3328863061,3348357722,48,48,39,1569311,3142459,553225,81967859,82421,611741050,447350717,0
1789567235.232405,158.001,8892495,622226,0,111,81,120,111327,865338,32898970,17830180,156,62903008,45487216,64771556,0,2204708,0,1,1,0,14454516,3329113309,3348607977,48,48,39,1569311,3142459,551177,81967859,82421,611741050,447350717,0
1789567235.4826908,158.251,8892870,622251,0,111,81,120,111327,865338,32899016,17830180,156,62903008,45487216,64771556,0,2188324,0,1,1,0,14454516,3329363575,3348858243,48,48,39,1569311,3142459,547081,81967861,82421,611741050,447350717,0
1789567235.7329838,158.502,8893246,622276,0,111,81,120,111327,865338,32899061,17830180,156,62903008,45487216,64771556,0,2180132,0,1,1,0,14454516,3329613829,3349108497,48,48,39,1569311,3142459,545033,81967861,82421,611741050,447350717,0
1789567235.983268,158.752,8893621,622301,0,111,81,120,111327,865338,32899114,17830180,156,62903008,45487216,64771556,0,2163748,0,1,1,0,14454516,3329863082,3349357750,48,48,39,1569311,3142459,540937,81967862,82421,611741050,447350717,0
1789567236.233552,159.002,8893996,622326,0,111,81,120,111327,865338,32899179,17830180,156,62903008,45487216,64771556,0,2155800,0,1,1,0,14454521,3330113346,3349608022,48,48,39,1569311,3142459,538950,81967863,82421,611741050,447350729,0
1789567236.4838424,159.253,8894371,622351,0,111,81,120,111327,865338,32899236,17830180,156,62903008,45487216,64771556,0,2139196,0,1,1,0,14454521,3330363600,3349858276,48,48,39,1569311,3142459,534799,81967865,82421,611741050,447350729,0
1789567236.7341187,159.503,8894747,622376,0,111,81,120,111327,865338,32899285,17830180,156,62903008,45487216,64771556,0,2131232,0,1,1,0,14454521,3330613851,3350108527,48,48,39,1569311,3142459,532808,81967865,82421,611741050,447350729,0
1789567236.984396,159.753,8895122,622401,0,111,81,120,111327,865338,32899333,17830180,156,62903008,45487216,64771556,0,2114840,0,1,1,0,14454521,3330864098,3350358774,48,48,39,1569311,3142459,528710,81967867,82421,611741050,447350729,0
1789567237.2346666,160.003,8895497,622426,0,111,81,120,111327,865338,32899413,17830180,148,62903008,45487216,64771556,0,2106404,0,1,1,0,14454529,3331113337,3350608026,48,48,37,1569311,3142459,526601,81967867,82421,611741050,447350729,0
1789567237.4849696,160.254,8895872,622452,0,111,81,120,111327,865338,32899540,17830172,148,62903008,45487216,64771556,0,2090020,0,1,1,0,14454539,3331361370,3350856318,48,48,37,1569311,3142459,522505,81967870,82421,611741050,447350797,0
1789567237.7352636,160.504,8896247,622477,0,111,81,120,111327,865338,32899588,17830172,148,62903008,45487216,64771556,0,2081828,0,1,1,0,14454539,3331611623,3351106571,48,48,37,1569311,3142459,520457,81967870,82421,611741050,447350797,0
1789567237.98554,160.754,8896622,622502,0,111,81,120,111327,865338,32899640,17830172,148,62903008,45487216,64771556,0,2065444,0,1,1,0,14454539,3331860886,3351355834,48,48,37,1569311,3142459,516361,81967870,82421,611741050,447350797,0
1789567238.2358239,161.005,8896997,622527,0,111,81,120,111328,865338,32899704,17830180,152,62903000,45487208,64771556,0,2057472,0,1,1,0,14454549,3332111120,3351606086,48,48,38,1569311,3142459,514368,81967871,82421,611741050,447350797,0
1789567238.4861052,161.255,8897372,622552,0,111,81,120,111328,865339,32899794,17830168,152,62903000,45487208,64771556,0,2041388,0,1,1,0,14454554,3332355497,3351850510,48,48,38,1569311,3142459,510347,81968544,82421,611741054,447350845,0
1789567238.736449,161.505,8897740,622577,0,111,81,120,111331,865342,32900670,17830172,3780,62898908,45483108,64771556,0,2033164,0,1,1,0,14454602,3332554524,3352049807,48,48,945,1569209,3142254,508291,81975006,82421,611741054,447350845,0
1789567238.9868186,161.756,8898115,622602,0,111,81,120,111332,865342,32900806,17830172,3292,62898908,45483108,64771556,0,2016624,0,1,1,0,14454603,3332802857,3352298140,48,48,823,1569209,3142254,504156,81975007,82421,611741054,447351685,0
1789567239.237123,162.006,8898490,622627,0,111,81,120,111332,865342,32900895,17830184,3164,62901364,45485532,64771556,0,2008100,0,1,1,0,14454612,3333052125,3352547426,48,48,791,1569270,3142377,502025,81975008,82421,611741054,447351685,0
1789567239.4874246,162.256,8898865,622652,0,111,81,120,111332,865342,32900941,17830184,3164,62901364,45485532,64771556,0,1991716,0,1,1,0,14454612,3333301386,3352796687,48,48,791,1569270,3142377,497929,81975008,82421,611741054,447351685,0
1789567239.7377057,162.506,8899240,622677,0,111,81,120,111332,865343,32900986,17830184,3164,62902284,45486452,64771556,0,1983524,0,1,1,0,14454612,3333551663,3353046964,48,48,791,1569293,3142423,495881,81975010,82421,611741054,447351685,0
1789567239.9880118,162.757,8899616,622702,0,111,81,120,111332,865343,32901037,17830184,3164,62902284,45486452,64771556,0,1967140,0,1,1,0,14454612,3333801913,3353297214,48,48,791,1569293,3142423,491785,81975010,82421,611741054,447351685,0
1789567240.2382982,163.007,8899991,622727,0,111,81,120,111332,865343,32901111,17830184,3164,62902660,45486828,64771556,0,1958980,0,1,1,0,14454618,3334051171,3353546481,48,48,791,1569302,3142442,489745,81975012,82421,611741054,447351685,0
1789567240.4885762,163.257,8900366,622752,0,111,81,120,111332,865343,32901156,17830184,3164,62902660,45486828,64771556,0,1942672,0,1,1,0,14454618,3334301418,3353796728,48,48,791,1569302,3142442,485668,81975012,82421,611741054,447351685,0
1789567240.738853,163.508,8900741,622778,0,111,81,120,111332,865343,32901221,17830184,3164,62902660,45486828,64771556,0,1934488,0,1,1,0,14454618,3334550677,3354045987,48,48,791,1569302,3142442,483622,81975013,82421,611741054,447351685,0
1789567240.989129,163.758,8901117,622803,0,111,81,120,111332,865343,32901264,17830184,3164,62902660,45486828,64771556,0,1926188,0,1,1,0,14454618,3334800923,3354296233,48,48,791,1569302,3142442,481547,81975013,82421,611741054,447351685,0
1789567241.2394009,164.008,8901492,622828,0,111,81,120,111332,865343,32901340,17830184,3164,62903568,45487736,64771556,0,1909796,0,1,1,0,14454622,3335051169,3354546486,48,48,791,1569325,3142487,477449,81975015,82421,611741054,447351685,0
1789567241.4896922,164.258,8901867,622853,0,111,81,120,111332,865343,32901450,17830184,3164,62903568,45487736,64771556,0,1893508,0,1,1,0,14454628,3335301450,3354796773,48,48,791,1569325,3142487,473377,81975017,82421,611741054,447351685,0
1789567241.7400055,164.509,8902242,622878,0,111,81,120,111332,865343,32901500,17830184,3164,62903568,45487736,64771556,0,1885440,0,1,1,0,14454628,3335551725,3355047049,48,48,791,1569325,3142487,471360,81975018,82421,611741054,447351685,0
1789567241.990305,164.759,8902617,622903,0,111,81,120,111332,865343,32901549,17830184,3164,62903820,45487988,64771556,0,1869040,0,1,1,0,14454628,3335801982,3355297305,48,48,791,1569331,3142500,467260,81975018,82421,611741054,447351685,0
1789567242.2405856,165.009,8902993,622928,0,111,81,120,111332,865343,32901621,17830184,3164,62904532,45488700,64771556,0,1860644,0,1,1,0,14454632,3336052228,3355547558,48,48,791,1569349,3142535,465161,81975018,82421,611741054,447351685,0
1789567242.4908788,165.26,8903368,622953,0,111,81,120,111332,865343,32901676,17830184,3164,62904532,45488700,64771556,0,1844260,0,1,1,0,14454632,3336302493,3355797822,48,48,791,1569349,3142535,461065,81975020,82421,611741054,447351685,0
1789567242.7411659,165.51,8903743,622978,0,111,81,120,111332,865343,32901739,17830184,3164,62904532,45488700,64771556,0,1836068,0,1,1,0,14454632,3336551780,3356047110,48,48,791,1569349,3142535,459017,81975021,82421,611741054,447351753,0
1789567242.9914672,165.76,8904118,623003,0,111,81,120,111332,865343,32901788,17830184,3164,62904532,45488700,64771556,0,1819684,0,1,1,0,14454632,3336802039,3356297368,48,48,791,1569349,3142535,454921,81975022,82421,611741054,447351753,0
1789567243.2417512,166.011,8904493,623028,0,111,81,120,111332,865343,32901854,17830184,3164,62904532,45488700,64771556,0,1811692,0,1,1,0,14454636,3337052306,3356547644,48,48,791,1569349,3142535,452923,81975022,82421,611741054,447351753,0
1789567243.4920604,166.261,8904869,623053,0,111,81,120,111332,865343,32901901,17830184,3164,62904532,45488700,64771556,0,1795384,0,1,1,0,14454636,3337302556,3356797893,48,48,791,1569349,3142535,448846,81975023,82421,611741054,447351753,0
1789567243.7423327,166.511,8905244,623078,0,111,81,120,111332,865343,32901944,17830184,3164,62904532,45488700,64771556,0,1786984,0,1,1,0,14454636,3337552805,3357048143,48,48,791,1569349,3142535,446746,81975023,82421,611741054,447351753,0
1789567243.9926217,166.761,8905619,623103,0,111,81,120,111332,865343,32902000,17830184,3164,62904532,45488700,64771556,0,1770908,0,1,1,0,14454636,3337803064,3357298401,48,48,791,1569349,3142535,442727,81975025,82421,611741054,447351753,0
1789567244.2429338,167.012,8905995,623128,0,111,81,120,111332,865343,32902057,17830184,3164,62904292,45488460,64771556,0,1762340,0,1,1,0,14454640,3338053345,3357548689,48,48,791,1569343,3142523,440585,81975026,82421,611741054,447351753,0
1789567244.4932163,167.262,8906370,623153,0,111,81,120,111332,865343,32902110,17830184,3164,62904292,45488460,64771556,0,1754148,0,1,2,0,14454640,3338302597,3357797942,48,48,791,1569343,3142523,438537,81975027,82421,611741054,447351753,0
1789567244.7434886,167.512,8906745,623179,0,111,81,120,111332,865343,32902162,17830184,3164,62904292,45488460,64771556,0,1737764,0,1,1,0,14454640,3338551853,3358047197,48,48,791,1569343,3142523,434441,81975027,82421,611741054,447351753,0
1789567244.9937656,167.763,8907120,623204,0,111,81,120,111332,865343,32902215,17830184,3164,62904292,45488460,64771556,0,1729572,0,1,1,0,14454640,3338802117,3358297461,48,48,791,1569343,3142523,432393,81975028,82421,611741054,447351753,0
1789567245.2440524,168.013,8907495,623229,0,111,81,120,111332,865343,32902294,17830184,3164,62904548,45488716,64771556,0,1713560,0,1,1,0,14454644,3339052373,3358547723,48,48,791,1569349,3142536,428390,81975028,82421,611741054,447351753,0
1789567245.494355,168.263,8907870,623254,0,111,81,120,111332,865343,32902379,17830184,3164,62904548,45488716,64771556,0,1696972,0,1,1,0,14454651,3339301636,3358796995,48,48,791,1569349,3142536,424243,81975031,82421,611741054,447351753,0
1789567245.7446382,168.513,8908246,623279,0,111,81,120,111333,865343,32902425,17830184,3164,62904548,45488716,64771556,0,1688844,0,1,1,0,14454651,3339551897,3359047256,48,48,791,1569349,3142536,422211,81975032,82421,611741054,447351753,0
1789567245.9949417,168.764,8908621,623304,0,111,81,120,111333,865343,32902471,17830184,3164,62904548,45488716,64771556,0,1680504,0,1,1,0,14454651,3339802173,3359297532,48,48,791,1569349,3142536,420126,81975033,82421,611741054,447351753,0
1789567246.245224,169.014,8908996,623329,0,111,81,120,111333,865343,32902532,17830184,3164,62904804,45488972,64771556,0,1664036,0,1,1,0,14454654,3340052419,3359547784,48,48,791,1569356,3142549,416009,81975034,82421,611741054,447351753,0
1789567246.495505,169.264,8909371,623354,0,111,81,120,111333,865343,32902589,17830184,3164,62904804,45488972,64771556,0,1655844,0,1,1,0,14454654,3340302673,3359798037,48,48,791,1569356,3142549,413961,81975034,82421,611741054,447351753,0
1789567246.7457929,169.515,8909747,623379,0,111,81,120,111333,865343,32902638,17830184,3164,62904804,45488972,64771556,0,1639828,0,1,1,0,14454654,3340552965,3360048329,48,48,791,1569356,3142549,409957,81975036,82421,611741054,447351753,0
1789567246.9961069,169.765,8910122,623404,0,111,81,120,111333,865343,32902692,17830184,3164,62904804,45488972,64771556,0,1631592,0,1,1,0,14454655,3340802234,3360297598,48,48,791,1569356,3142549,407898,81975036,82421,611741054,447351753,0
1789567247.246397,170.015,8910497,623429,0,111,81,120,111333,865343,32902797,17830184,3164,62904612,45488780,64771556,0,1614884,0,1,1,0,14454663,3341051236,3360546852,48,48,791,1569351,3142539,403721,81975041,82421,611741054,447351753,0
1789567247.4966877,170.265,8910872,623454,0,111,81,120,111333,865343,32902843,17830184,3164,62904612,45488780,64771556,0,1606692,0,1,1,0,14454663,3341301517,3360797134,48,48,791,1569351,3142539,401673,81975042,82421,611741054,447351753,0
1789567247.746987,170.516,8911247,623479,0,111,81,120,111333,865343,32902893,17830184,3164,62904612,45488780,64771556,0,1590308,0,1,1,0,14454663,3341551773,3361047390,48,48,791,1569351,3142539,397577,81975043,82421,611741054,447351753,0
1789567247.9972684,170.766,8911622,623504,0,111,81,120,111333,865343,32902958,17830176,3164,62904612,45488780,64771556,0,1582116,0,1,1,0,14454664,3341800050,3361295666,48,48,791,1569351,3142539,395529,81975043,82421,611741054,447351821,0
1789567248.2475555,171.016,8911998,623529,0,111,81,120,111333,865343,32903023,17830184,3164,62904868,45489036,64771556,0,1565844,0,1,1,0,14454668,3342050293,3361545919,48,48,791,1569357,3142552,391461,81975046,82421,611741054,447351821,0
1789567248.4978347,171.267,8912373,623555,0,111,81,120,111333,865343,32903071,17830184,3164,62904868,45489036,64771556,0,1558012,0,1,1,0,14454668,3342300539,3361796164,48,48,791,1569357,3142552,389503,81975046,82421,611741054,447351821,0
1789567248.7481077,171.517,8912748,623580,0,111,81,120,111333,865343,32903129,17830184,3164,62904868,45489036,64771556,0,1541316,0,1,1,0,14454668,3342549791,3362045416,48,48,791,1569357,3142552,385329,81975047,82421,611741054,447351821,0
1789567248.9983966,171.767,8913123,623605,0,111,81,120,111333,865343,32903178,17830184,3164,62904868,45489036,64771556,0,1533112,0,1,1,0,14454668,3342799063,3362294689,48,48,791,1569357,3142552,383278,81975048,82421,611741054,447351821,0
1789567249.2486825,172.017,8913498,623630,0,111,81,120,111333,865343,32903259,17830184,3164,62904868,45489036,64771556,0,1516580,0,1,1,0,14454677,3343049319,3362544962,48,48,791,1569357,3142552,379145,81975049,82421,611741054,447351821,0
1789567249.49898,172.268,8913874,623655,0,111,81,120,111333,865343,32903337,17830184,3164,62904868,45489036,64771556,0,1508388,0,1,1,0,14454682,3343299575,3362795225,48,48,791,1569357,3142552,377097,81975050,82421,611741054,447351821,0
1789567249.7492712,172.518,8914249,623680,0,111,81,120,111333,865343,32903384,17830184,3164,62904868,45489036,64771556,0,1492004,0,1,1,0,14454682,3343549832,3363045481,48,48,791,1569357,3142552,373001,81975051,82421,611741054,447351821,0
1789567249.9995496,172.768,8914624,623705,0,111,81,120,111333,865343,32903434,17830184,3164,62904868,45489036,64771556,0,1483812,0,1,1,0,14454683,3343799082,3363294731,48,48,791,1569357,3142552,370953,81975051,82421,611741054,447351821,0
1789567250.2498295,173.019,8914999,623730,0,111,81,120,111333,865344,32903503,17830184,3164,62904868,45489036,64771556,0,1467636,0,1,1,0,14454686,3344049341,3363544997,48,48,791,1569357,3142552,366909,81975053,82421,611741054,447351821,0
1789567250.5001144,173.269,8915375,623755,0,111,81,120,111333,865344,32903555,17830184,3164,62904868,45489036,64771556,0,1452460,0,1,1,0,14454686,3344299585,3363795240,48,48,791,1569357,3142552,363115,81975053,82421,611741054,447351821,0
1789567250.750384,173.519,8915750,623780,0,111,81,120,111333,865344,32903615,17830184,3164,62904868,45489036,64771556,0,1441896,0,1,1,0,14454686,3344549837,3364045492,48,48,791,1569357,3142552,360474,81975053,82421,611741054,447351821,0
1789567251.0006626,173.769,8916125,623805,0,111,81,120,111333,865344,32903671,17830184,3164,62904868,45489036,64771556,0,1427696,0,1,1,0,14454686,3344800087,3364295743,48,48,791,1569357,3142552,356924,81975055,82421,611741054,447351821,0
1789567251.2509558,174.02,8916500,623830,0,111,81,120,111333,865344,32903737,17830184,3164,62904868,45489036,64771556,0,1420648,0,1,1,0,14454690,3345050333,3364545994,48,48,791,1569357,3142552,355162,81975055,82421,611741054,447351821,0
1789567251.5012403,174.27,8916875,623855,0,111,81,120,111334,865344,32903810,17830184,3164,62904868,45489036,64771556,0,1404264,0,1,1,0,14454690,3345299595,3364795255,48,48,791,1569357,3142552,351066,81975058,82421,611741054,447351821,0
1789567251.7515123,174.52,8917251,623880,0,111,81,120,111334,865344,32903859,17830184,3164,62904868,45489036,64771556,0,1396292,0,1,1,0,14454690,3345549842,3365045502,48,48,791,1569357,3142552,349073,81975058,82421,611741054,447351821,0
1789567252.0017884,174.771,8917626,623905,0,111,81,120,111334,865344,32903914,17830184,3164,62904868,45489036,64771556,0,1379820,0,1,1,0,14454690,3345799113,3365294774,48,48,791,1569357,3142552,344955,81975059,82421,611741054,447351821,0
1789567252.2520819,175.021,8918001,623930,0,111,81,120,111334,865344,32903977,17830184,3164,62904868,45489036,64771556,0,1371480,0,1,1,0,14454693,3346049361,3365545027,48,48,791,1569357,3142552,342870,81975060,82421,611741054,447351821,0
1789567252.5023644,175.271,8918376,623956,0,111,81,120,111334,865344,32904041,17830184,3164,62904868,45489036,64771556,0,1355096,0,1,1,0,14454694,3346298630,3365794296,48,48,791,1569357,3142552,338774,81975061,82421,611741054,447351821,0
1789567252.752659,175.521,8918751,623981,0,111,81,120,111334,865344,32904090,17830184,3040,62904868,45489036,64771556,0,1346896,0,1,1,0,14454694,3346548884,3366044550,48,48,760,1569357,3142552,336724,81975062,82421,611741054,447351881,0
1789567253.0029542,175.772,8919127,624006,0,111,81,120,111334,865344,32904147,17830184,3040,62904868,45489036,64771556,0,1330512,0,1,1,0,14454694,3346798150,3366293816,48,48,760,1569357,3142552,332628,81975063,82421,611741054,447351881,0
1789567253.2532413,176.022,8919502,624031,0,111,81,120,111334,865344,32904229,17830176,3040,62904868,45489036,64771556,0,1322340,0,1,1,0,14454698,3347047426,3366543099,48,48,760,1569357,3142552,330585,81975063,82421,611741054,447351977,0
1789567253.5035477,176.272,8919877,624056,0,111,81,120,111334,865344,32904313,17830176,3040,62904616,45488784,64771556,0,1305944,0,1,1,0,14454705,3347297692,3366793373,48,48,760,1569351,3142540,326486,81975064,82421,611741054,447351977,0
1789567253.753833,176.523,8920252,624081,0,111,81,120,111334,865344,32904363,17830176,3040,62904616,45488784,64771556,0,1298060,0,1,1,0,14454705,3347547942,3367043623,48,48,760,1569351,3142540,324515,81975065,82421,611741054,447351977,0
1789567254.004106,176.773,8920627,624106,0,111,81,120,111334,865344,32904412,17830176,3040,62904616,45488784,64771556,0,1289868,0,1,1,0,14454705,3347797197,3367292878,48,48,760,1569351,3142540,322467,81975066,82421,611741054,447351977,0
1789567254.2543898,177.023,8921002,624131,0,111,81,120,111334,865344,32904487,17830184,3120,62904616,45488784,64771556,0,1273480,0,1,1,0,14454709,3348045471,3367541158,48,48,780,1569351,3142540,318370,81975067,82421,611741054,447351977,0
1789567254.5046635,177.273,8921378,624157,0,111,81,120,111334,865344,32904545,17830184,3120,62904616,45488784,64771556,0,1265072,0,1,1,0,14454709,3348294732,3367790419,48,48,780,1569351,3142540,316268,81975068,82421,611741054,447351977,0
1789567254.7549622,177.524,8921753,624182,0,111,81,120,111334,865344,32904615,17830184,3120,62904616,45488784,64771556,0,1248680,0,1,1,0,14454709,3348543007,3368038694,48,48,780,1569351,3142540,312170,81975068,82421,611741054,447351977,0
1789567255.005243,177.774,8922128,624207,0,111,81,120,111334,865344,32904682,17830184,3120,62904616,45488784,64771556,0,1232520,0,1,1,0,14454710,3348791279,3368286967,48,48,780,1569351,3142540,308130,81975069,82421,611741054,447351977,0
1789567255.2555213,178.024,8922503,624232,0,111,81,120,111334,865344,32904745,17830184,3120,62905000,45489168,64771556,0,1223976,0,1,1,0,14454713,3349041521,3368537213,48,48,780,1569361,3142559,305994,81975070,82421,611741054,447351977,0
1789567255.5058162,178.275,8922878,624257,0,111,81,120,111334,865344,32904800,17830184,3120,62905000,45489168,64771556,0,1207592,0,1,1,0,14454713,3349290799,3368786491,48,48,780,1569361,3142559,301898,81975071,82421,611741054,447351977,0
1789567255.7560897,178.525,8923253,624282,0,111,81,120,111334,865344,32904847,17830184,3120,62905000,45489168,64771556,0,1199392,0,1,1,0,14454713,3349540047,3369035739,48,48,780,1569361,3142559,299848,81975072,82421,611741054,447351977,0
1789567256.006356,178.775,8923629,624307,0,111,81,120,111334,865344,32904910,17830184,3120,62905000,45489168,64771556,0,1191200,0,1,2,0,14454714,3349788317,3369284010,48,48,780,1569361,3142559,297598,81975072,82421,611741054,447351977,0
1789567256.2566288,179.025,8924004,624332,0,111,81,120,111334,865344,32904975,17830184,3120,62905000,45489168,64771556,0,1174900,0,1,1,0,14454717,3350037565,3369533263,48,48,780,1569361,3142559,293725,81975073,82421,611741054,447351977,0
1789567256.506922,179.276,8924379,624358,0,111,81,120,111334,865344,32905028,17830184,3120,62905000,45489168,64771556,0,1166996,0,1,1,0,14454717,3350286837,3369782535,48,48,780,1569361,3142559,291749,81975074,82421,611741054,447351977,0
1789567256.7572083,179.526,8924754,624383,0,111,81,120,111334,865344,32905093,17830184,3120,62905000,45489168,64771556,0,1150976,0,1,1,0,14454723,3350535109,3370030817,48,48,780,1569361,3142559,287744,81975076,82421,611741054,447351977,0
1789567257.0074804,179.776,8925129,624408,0,111,81,120,111335,865344,32905138,17830184,3120,62905000,45489168,64771556,0,1142448,0,1,1,0,14454723,3350785353,3370281061,48,48,780,1569361,3142559,285612,81975076,82421,611741054,447351977,0
1789567257.2578347,180.027,8925504,624433,0,111,81,120,111335,865345,32905259,17830184,3120,62905000,45489168,64771556,0,1125964,0,1,1,0,14454734,3351027845,3370523789,48,48,780,1569361,3142559,281491,81975080,82421,611741054,447351977,0
1789567257.5081956,180.277,8925879,624458,0,111,81,120,111335,865345,32905374,17830184,3120,62905000,45489168,64771556,0,1117568,0,1,1,0,14454740,3351277142,3370773093,48,48,780,1569361,3142559,279392,81975080,82421,611741054,447351977,0
1789567257.7585144,180.527,8926254,624483,0,111,81,120,111335,865345,32905431,17830184,3120,62905000,45489168,64771556,0,1101176,0,1,1,0,14454740,3351525448,3371021399,48,48,780,1569361,3142559,275294,81975081,82421,611741054,447351977,0
1789567258.0088315,180.778,8926629,624509,0,111,81,120,111335,865345,32905480,17830184,3120,62905000,45489168,64771556,0,1093244,0,1,1,0,14454740,3351774724,3371270674,48,48,780,1569361,3142559,273311,81975083,82421,611741054,447351977,0
1789567258.259116,181.028,8927004,624534,0,111,81,120,111335,865345,32905575,17830172,3120,62905284,45489428,64771556,0,1076472,0,1,1,0,14454748,3352022996,3371518959,48,48,780,1569368,3142573,269118,81975083,82421,611741054,447352037,0
1789567258.5094092,181.278,8927379,624559,0,111,81,120,111335,865345,32905624,17830172,3120,62905284,45489428,64771556,0,1068280,0,1,1,0,14454748,3352272260,3371768223,48,48,780,1569368,3142573,267070,81975084,82421,611741054,447352037,0
1789567258.7596989,181.528,8927754,624584,0,111,81,120,111335,865345,32905705,17830172,3120,62905284,45489428,64771556,0,1052008,0,1,1,0,14454748,3352520560,3372016522,48,48,780,1569368,3142573,263002,81975084,82421,611741054,447352037,0
1789567259.0099995,181.779,8928130,624609,0,111,81,120,111335,865345,32905758,17830172,3120,62905284,45489428,64771556,0,1043740,0,1,1,0,14454748,3352769825,3372265787,48,48,780,1569368,3142573,260935,81975086,82421,611741054,447352037,0
1789567259.260293,182.029,8928505,624634,0,111,81,120,111335,865345,32905852,17830184,3152,62905284,45489428,64771556,0,1027304,0,1,1,0,14454752,3353018095,3372514064,48,48,788,1569368,3142573,256826,81975087,82421,611741054,447352037,0
1789567259.5105822,182.279,8928880,624660,0,111,81,120,111335,865345,32905908,17830184,3152,62905284,45489428,64771556,0,1017816,0,1,1,0,14454752,3353267359,3372763329,48,48,788,1569368,3142573,254454,81975089,82421,611741054,447352037,0
1789567259.7608554,182.53,8929255,624685,0,111,81,120,111335,865345,32905959,17830184,3152,62905284,45489428,64771556,0,1001432,0,1,1,0,14454753,3353516611,3373012581,48,48,788,1569368,3142573,250358,81975089,82421,611741054,447352037,0
1789567260.0111277,182.78,8929630,624710,0,111,81,120,111335,865345,32906005,17830184,3156,62905284,45489428,64771556,0,993240,0,1,1,0,14454753,3353766857,3373262827,48,48,789,1569368,3142573,248310,81975091,82421,611741054,447352037,0
1789567260.2613983,183.03,8930006,624735,0,111,81,120,111335,865345,32906064,17830184,3156,62905540,45489684,64771556,0,985048,0,1,1,0,14454756,3354017104,3373513080,48,48,789,1569374,3142586,246262,81975091,82421,611741054,447352037,0
1789567260.5116866,183.28,8930381,624760,0,111,81,120,111335,865345,32906121,17830184,3156,62905540,45489684,64771556,0,968664,0,1,1,0,14454756,3354267385,3373763360,48,48,789,1569374,3142586,242166,81975092,82421,611741054,447352037,0
1789567260.7619948,183.531,8930756,624785,0,111,81,120,111335,865345,32906167,17830184,3156,62905540,45489684,64771556,0,960472,0,1,1,0,14454756,3354517646,3374013621,48,48,789,1569374,3142586,240118,81975094,82421,611741054,447352037,0
1789567261.012276,183.781,8931131,624810,0,111,81,120,111335,865345,32906240,17830184,3156,62905540,45489684,64771556,0,944088,0,1,1,0,14454756,3354767909,3374263884,48,48,789,1569374,3142586,236022,81975095,82421,611741054,447352037,0
1789567261.2625685,184.031,8931506,624835,0,111,81,120,111335,865345,32906321,17830184,3156,62905540,45489684,64771556,0,935896,0,1,1,0,14454760,3355018157,3374514138,48,48,789,1569374,3142586,233974,81975095,82421,611741054,447352037,0
1789567261.512848,184.282,8931882,624860,0,111,81,120,111335,865346,32906410,17830184,3156,62905540,45489684,64771556,0,919512,0,1,1,0,14454765,3355268413,3374764401,48,48,789,1569374,3142586,229878,81975095,82421,611741054,447352037,0
1789567261.7631414,184.532,8932257,624885,0,111,81,120,111335,865346,32906453,17830184,3156,62905540,45489684,64771556,0,911320,0,1,1,0,14454765,3355518668,3375014656,48,48,789,1569374,3142586,227830,81975096,82421,611741054,447352037,0
1789567262.013434,184.782,8932632,624910,0,111,81,120,111335,865346,32906502,17830184,3156,62905540,45489684,64771556,0,895164,0,1,1,0,14454765,3355768954,3375264942,48,48,789,1569374,3142586,223791,81975098,82421,611741054,447352037,0
1789567262.2637434,185.033,8933007,624935,0,111,81,120,111335,865346,32906568,17830184,3156,62905540,45489684,64771556,0,886744,0,1,1,0,14454776,3356018151,3375514221,48,48,789,1569374,3142586,221686,81975100,82421,611741054,447352037,0
1789567262.5140386,185.283,8933383,624960,0,111,81,120,111335,865346,32906624,17830184,3156,62905540,45489684,64771556,0,870360,0,1,1,0,14454786,3356268221,3375764474,48,48,789,1569374,3142586,217590,81975100,82421,611741054,447352037,0
1789567262.7643228,185.533,8933758,624985,0,111,81,120,111335,865346,32906673,17830184,3156,62905540,45489684,64771556,0,862168,0,1,1,0,14454786,3356517478,3376013731,48,48,789,1569374,3142586,215542,81975101,82421,611741054,447352037,0
1789567263.0145984,185.783,8934133,625011,0,111,81,120,111335,865346,32906741,17830184,3156,62905540,45489684,64771556,0,845784,0,1,1,0,14454787,3356765748,3376262002,48,48,789,1569374,3142586,211446,81975101,82421,611741054,447352037,0
1789567263.2649055,186.034,8934508,625036,0,111,81,120,111336,865346,32906815,17830184,3156,62905300,45489444,64771556,0,837592,0,1,1,0,14454792,3357015035,3376511298,48,48,789,1569368,3142574,209398,81975103,82421,611741054,447352037,0
1789567263.5151954,186.284,8934883,625061,0,111,81,120,111336,865346,32906876,17830172,3156,62905300,45489444,64771556,0,821208,0,1,1,0,14454792,3357264297,3376760560,48,48,789,1569368,3142574,205302,81975104,82421,611741054,447352117,0
1789567263.7654777,186.534,8935259,625086,0,111,81,120,111336,865346,32906932,17830172,3156,62905300,45489444,64771556,0,813016,0,1,2,0,14454793,3357513554,3377009818,48,48,789,1569368,3142574,203254,81975105,82421,611741054,447352117,0
1789567264.0157616,186.785,8935634,625111,0,111,81,120,111336,865346,32907001,17830172,3156,62905300,45489444,64771556,0,796632,0,1,1,0,14454793,3357761839,3377258102,48,48,789,1569368,3142574,199158,81975105,82421,611741054,447352117,0
1789567264.266054,187.035,8936009,625136,0,111,81,120,111336,865346,32907067,17830184,3176,62905112,45489256,64771556,0,788440,0,1,1,0,14454797,3358011089,3377507361,48,48,794,1569363,3142564,197110,81975106,82421,611741054,447352117,0
1789567264.5163386,187.285,8936384,625162,0,111,81,120,111336,865346,32907141,17830184,3176,62905112,45489256,64771556,0,772416,0,1,1,0,14454798,3358259372,3377755643,48,48,794,1569363,3142564,193104,81975107,82421,611741054,447352117,0
1789567264.7666178,187.535,8936759,625187,0,111,81,120,111336,865346,32907191,17830184,3176,62905112,45489256,64771556,0,764236,0,1,1,0,14454798,3358508633,3378004904,48,48,794,1569363,3142564,191059,81975109,82421,611741054,447352117,0
1789567265.0169122,187.786,8937134,625212,0,111,81,120,111336,865346,32907251,17830184,3176,62905112,45489256,64771556,0,747524,0,1,1,0,14454798,3358757905,3378254176,48,48,794,1569363,3142564,186881,81975109,82421,611741054,447352117,0
1789567265.267184,188.036,8937509,625237,0,111,81,120,111336,865346,32907326,17830184,3176,62905112,45489256,64771556,0,739288,0,1,1,0,14454802,3359007174,3378503451,48,48,794,1569363,3142564,184822,81975110,82421,611741054,447352117,0
1789567265.5174854,188.286,8937884,625262,0,111,81,120,111336,865346,32907423,17830184,3176,62905112,45489256,64771556,0,722904,0,1,1,0,14454807,3359255470,3378751753,48,48,794,1569363,3142564,180726,81975110,82421,611741054,447352117,0
1789567265.7677913,188.537,8938260,625287,0,111,81,120,111336,865346,32907477,17830184,3176,62905112,45489256,64771556,0,714712,0,1,1,0,14454808,3359504755,3379001039,48,48,794,1569363,3142564,178678,81975110,82421,611741054,447352117,0
1789567266.018101,188.787,8938635,625313,0,111,81,120,111336,865346,32907537,17830184,3176,62905112,45489256,64771556,0,698328,0,1,1,0,14454808,3359753045,3379249329,48,48,794,1569363,3142564,174582,81975112,82421,611741054,447352117,0
1789567266.2683883,189.037,8939010,625338,0,111,81,120,111336,865346,32907600,17830184,3176,62905112,45489256,64771556,0,690136,0,1,1,0,14454813,3360002301,3379498593,48,48,794,1569363,3142564,172534,81975113,82421,611741054,447352117,0
1789567266.518669,189.287,8939385,625363,0,111,81,120,111336,865346,32907661,17830184,3176,62905112,45489256,64771556,0,673752,0,1,1,0,14454813,3360250572,3379746863,48,48,794,1569363,3142564,168438,81975114,82421,611741054,447352117,0
1789567266.7689633,189.538,8939760,625388,0,111,81,120,111336,865346,32907710,17830184,3176,62905112,45489256,64771556,0,665560,0,1,1,0,14454813,3360499827,3379996118,48,48,794,1569363,3142564,166390,81975114,82421,611741054,447352117,0
1789567267.0192425,189.788,8940135,625413,0,111,81,120,111336,865346,32907782,17830184,3160,62905116,45489256,64771556,0,649192,0,1,1,0,14454814,3360748102,3380244393,48,48,790,1569364,3142565,162298,81975116,82421,611741054,447352133,0
1789567267.2695282,190.038,8940510,625438,0,111,81,120,111336,865346,32907908,17830184,3164,62905116,45489256,64771556,0,640984,0,1,1,0,14454826,3360994211,3380490752,48,48,791,1569364,3142565,160246,81975133,82421,611741054,447352133,0
1789567267.5198236,190.289,8940885,625464,0,111,81,120,111336,865346,32907968,17830184,3164,62905856,45489996,64771556,0,624600,0,1,1,0,14454827,3361243478,3380740020,48,48,791,1569382,3142602,156150,81975135,82421,611741054,447352133,0
1789567267.770106,190.539,8941260,625489,0,111,81,120,111336,865346,32908009,17830184,3164,62905856,45489996,64771556,0,616408,0,1,1,0,14454827,3361493740,3380990281,48,48,791,1569382,3142602,154102,81975136,82421,611741054,447352133,0
1789567268.0204,190.789,8941636,625514,0,111,81,120,111336,865346,32908056,17830184,3164,62905856,45489996,64771556,0,600024,0,1,1,0,14454827,3361743990,3381240531,48,48,791,1569382,3142602,150006,81975138,82421,611741054,447352133,0
1789567268.2706745,191.039,8942011,625539,0,111,81,120,111336,865347,32908125,17830184,3168,62905604,45489744,64771556,0,591832,0,1,1,0,14454833,3361993233,3381489787,48,48,792,1569376,3142589,147958,81975138,82421,611741054,447352133,0
1789567268.5209699,191.29,8942386,625564,0,111,81,120,111336,865347,32908189,17830172,3168,62905604,45489744,64771556,0,575448,0,1,1,0,14454833,3362243487,3381740041,48,48,792,1569376,3142589,143862,81975139,82421,611741054,447352189,0
1789567268.7712476,191.54,8942761,625589,0,111,81,120,111336,865347,32908238,17830172,3168,62905604,45489744,64771556,0,567372,0,1,1,0,14454833,3362492745,3381989299,48,48,792,1569376,3142589,141843,81975139,82421,611741054,447352189,0
1789567269.0215232,191.79,8943136,625614,0,111,81,120,111336,865347,32908292,17830172,3168,62905604,45489744,64771556,0,550872,0,1,1,0,14454834,3362742011,3382238565,48,48,792,1569376,3142589,137718,81975141,82421,611741054,447352193,0
1789567269.2718093,192.041,8943512,625639,0,111,81,120,111336,865347,32908365,17830184,3148,62905616,45489744,64771556,0,542680,0,1,1,0,14454845,3362992239,3382488809,48,48,787,1569376,3142590,135670,81975141,82421,611741054,447352193,0
1789567269.5220847,192.291,8943884,625665,0,111,81,120,111337,865348,32908537,17830184,184,62905640,45489744,64771556,0,526312,0,1,1,0,14454863,3363221452,3382718088,48,48,46,1569377,3142591,131578,81975847,82421,611741054,447355249,0
1789567269.7723947,192.541,8944237,625690,0,111,81,120,111340,865367,32909002,17830188,2824,62872904,45457008,64771556,0,518096,0,1,2,0,14455417,3363354271,3382851220,48,48,706,1568559,3140954,129524,81985617,82421,611741054,447355249,0
1789567270.0227757,192.792,8944606,625714,0,111,81,120,111343,865370,32909658,17830184,4196,62869276,45453356,64771556,0,501708,0,1,1,0,14455560,3363560055,3383059861,48,48,1049,1568469,3140773,125427,81990697,82421,611741054,447355253,0
1789567270.2731698,193.042,8944982,625739,0,111,81,120,111343,865370,32909733,17830184,4336,62870300,45454380,64771556,0,493528,0,1,1,0,14455581,3363809067,3383309164,48,48,1084,1568494,3140824,123382,81990699,82421,611741054,447355253,0
1789567270.523478,193.292,8945357,625765,0,111,81,120,111343,865370,32909801,17830184,4336,62870300,45454380,64771556,0,477144,0,1,1,0,14455595,3364056913,3383557472,48,48,1084,1568494,3140824,119286,81990699,82421,611741054,447355253,0
1789567270.773787,193.543,8945732,625790,0,111,81,120,111343,865370,32909860,17830184,4336,62870300,45454380,64771556,0,466260,0,1,1,0,14455613,3364305813,3383806764,48,48,1084,1568494,3140824,116565,81990701,82421,611741054,447355253,0
1789567271.0240839,193.793,8946107,625815,0,111,81,120,111343,865370,32909910,17830184,4336,62870300,45454380,64771556,0,455376,0,1,1,0,14455632,3364555717,3384057018,48,48,1084,1568494,3140824,113844,81990701,82421,611741054,447355253,0
1789567271.2743652,194.043,8946482,625840,0,111,81,120,111343,865370,32909997,17830184,4336,62871716,45455796,64771556,0,444492,0,1,1,0,14455655,3364804651,3384306286,48,48,1084,1568530,3140895,111123,81990702,82421,611741054,447355253,0
1789567271.5246537,194.293,8946858,625865,0,111,81,120,111343,865370,32910059,17830184,4336,62872200,45456280,64771556,0,433608,0,1,1,0,14455674,3365053586,3384555550,48,48,1084,1568542,3140919,108402,81990702,82421,611741054,447355253,0
1789567271.7749584,194.544,8947233,625890,0,111,81,120,111343,865370,32910124,17830184,4336,62872200,45456280,64771556,0,422724,0,1,1,0,14455701,3365302536,3384804812,48,48,1084,1568542,3140919,105681,81990704,82421,611741054,447355253,0
1789567272.0252433,194.794,8947608,625915,0,111,81,120,111343,865370,32910191,17830184,4336,62872200,45456280,64771556,0,403648,0,1,1,0,14455727,3365550289,3385053094,48,48,1084,1568542,3140919,100912,81990705,82421,611741054,447355253,0
1789567272.2755213,195.044,8947983,625941,0,111,81,120,111343,865370,32910272,17830184,4336,62872200,45456280,64771556,0,393160,0,1,1,0,14455753,3365799470,3385302351,48,48,1084,1568542,3140919,98290,81990706,82421,611741054,447355253,0
1789567272.5257952,195.295,8948358,625966,0,111,81,120,111343,865370,32910333,17830184,4336,62872200,45456280,64771556,0,379324,0,1,1,0,14455754,3366048736,3385551618,48,48,1084,1568542,3140919,94831,81990706,82421,611741054,447355253,0
1789567272.7760875,195.545,8948733,625991,0,111,81,120,111343,865370,32910393,17830184,4336,62872200,45456280,64771556,0,368444,0,1,1,0,14455754,3366298991,3385801872,48,48,1084,1568542,3140919,92111,81990709,82421,611741054,447355253,0
1789567273.0263643,195.795,8949109,626016,0,111,81,120,111343,865370,32910440,17830184,4336,62872200,45456280,64771556,0,360184,0,1,1,0,14455754,3366549240,3386052121,48,48,1084,1568542,3140919,90046,81990710,82421,611741054,447355253,0
1789567273.2766457,196.045,8949484,626041,0,111,81,120,111343,865370,32910514,17830184,4336,62876952,45461032,64771556,0,343812,0,1,1,0,14455758,3366799498,3386302387,48,48,1084,1568660,3141157,85953,81990712,82421,611741054,447355253,0
1789567273.5269523,196.296,8949859,626066,0,111,81,120,111343,865370,32910613,17830184,4336,62876952,45461032,64771556,0,335548,0,1,1,0,14455765,3367049748,3386552646,48,48,1084,1568660,3141157,83887,81990712,82421,611741054,447355253,0
1789567273.7772362,196.546,8950234,626091,0,111,81,120,111343,865370,32910670,17830184,4336,62876952,45461032,64771556,0,319164,0,1,1,0,14455765,3367300006,3386802904,48,48,1084,1568660,3141157,79791,81990713,82421,611741054,447355305,0
1789567274.027523,196.796,8950609,626116,0,111,81,120,111343,865370,32910720,17830184,4336,62876952,45461032,64771556,0,310972,0,1,1,0,14455765,3367550258,3387053156,48,48,1084,1568660,3141157,77743,81990713,82421,611741054,447355305,0
1789567274.277815,197.047,8950985,626141,0,111,81,120,111343,865370,32910769,17830184,4336,62876952,45461032,64771556,0,294588,0,1,1,0,14455769,3367800524,3387303429,48,48,1084,1568660,3141157,73647,81990713,82421,611741054,447355305,0
1789567274.5281098,197.297,8951360,626166,0,111,81,120,111343,865370,32910817,17830184,4336,62876952,45461032,64771556,0,286396,0,1,1,0,14455769,3368050788,3387553693,48,48,1084,1568660,3141157,71599,81990716,82421,611741054,447355305,0
1789567274.7783883,197.547,8951735,626191,0,111,81,120,111344,865370,32910869,17830184,4336,62876952,45461032,64771556,0,270028,0,1,1,0,14455786,3368300642,3387803945,48,48,1084,1568660,3141157,67507,81990717,82421,611741054,447355305,0
1789567275.0286708,197.797,8952110,626216,0,111,81,120,111344,865370,32910919,17830184,4336,62876952,45461032,64771556,0,261948,0,1,1,0,14455799,3368550501,3388054193,48,48,1084,1568660,3141157,65487,81990719,82421,611741054,447355305,0
1789567275.2789583,198.048,8952486,626241,0,111,81,120,111344,865370,32910988,17830184,4336,62876952,45461032,64771556,0,245796,0,1,1,0,14455827,3368799049,3388303451,48,48,1084,1568660,3141157,61449,81990719,82421,611741054,447355305,0
1789567275.5292368,198.298,8952861,626266,0,111,81,120,111344,865370,32911043,17830184,4336,62876952,45461032,64771556,0,237644,0,1,1,0,14455846,3369047509,3388552708,48,48,1084,1568660,3141157,59411,81990720,82421,611741054,447355305,0
1789567275.7795115,198.548,8953236,626291,0,111,81,120,111344,865370,32911086,17830184,4336,62876952,45461032,64771556,0,221040,0,1,1,0,14455861,3369296708,3388802959,48,48,1084,1568660,3141157,55260,81990720,82421,611741054,447355305,0
1789567276.0297966,198.799,8953612,626316,0,111,81,120,111344,865370,32911136,17830184,4336,62876952,45461032,64771556,0,212832,0,1,1,0,14455876,3369546578,3389053223,48,48,1084,1568660,3141157,53208,81990723,82421,611741054,447355305,0
1789567276.2800825,199.049,8953987,626341,0,111,81,120,111344,865370,32911199,17830184,4336,62876952,45461032,64771556,0,196568,0,1,1,0,14455892,3369795151,3389302480,48,48,1084,1568660,3141157,49142,81990723,82421,611741054,447355305,0
1789567276.5303645,199.299,8954362,626366,0,111,81,120,111344,865370,32911244,17830184,4336,62876952,45461032,64771556,0,188356,0,1,1,0,14455901,3370045034,3389552749,48,48,1084,1568660,3141157,47089,81990724,82421,611741054,447355305,0
1789567276.7806604,199.549,8954737,626391,0,111,81,120,111344,865370,32911295,17830184,4336,62876952,45461032,64771556,0,171736,0,1,1,0,14455916,3370293563,3389802005,48,48,1084,1568660,3141157,42934,81990724,82421,611741054,447355305,0
1789567277.0309594,199.8,8955113,626416,0,111,81,120,111344,865370,32911340,17830184,4336,62876952,45461032,64771556,0,163576,0,1,1,0,14455928,3370543452,3390052266,48,48,1084,1568660,3141157,40894,81990725,82421,611741054,447355305,0
1789567277.2812612,200.05,8955487,626441,0,111,81,121,111344,865370,32911453,17830184,4336,62881216,45465296,64771556,0,147524,0,1,1,0,14455954,3370791150,3390300587,48,48,1084,1568767,3141370,36881,81990733,82421,611741054,447355305,0
1789567277.5315433,200.3,8955863,626466,0,111,81,121,111344,865370,32911538,17830184,4336,62881216,45465296,64771556,0,138940,0,1,1,0,14455965,3371041392,3390550843,48,48,1084,1568767,3141370,34735,81990734,82421,611741054,447355305,0
1789567277.7818284,200.551,8956238,626491,0,111,81,121,111344,865370,32911588,17830184,4336,62881216,45465296,64771556,0,122556,0,1,1,0,14455965,3371290654,3390800105,48,48,1084,1568767,3141370,30639,81990734,82421,611741054,447355305,0
1789567278.0321107,200.801,8956613,626516,0,111,81,121,111345,865370,32911635,17830184,4340,62881216,45465296,64771556,0,114364,0,1,1,0,14455969,3371540862,3391050363,48,48,1085,1568767,3141370,28591,81990736,82421,611741054,447355305,0
1789567278.2823935,201.051,8956988,626542,0,111,81,121,111345,865370,32911689,17830184,4340,62881216,45465296,64771556,0,97980,0,1,1,0,14455974,3371791103,3391300614,48,48,1085,1568767,3141370,24495,81990736,82421,611741054,447355305,0
1789567278.5326803,201.301,8957364,626567,0,111,81,121,111345,865370,32911752,17830184,4340,62881216,45465296,64771556,0,86400,0,1,1,0,14455974,3372040389,3391549900,48,48,1085,1568767,3141370,21600,81990737,82421,611741054,447355305,0
1789567278.782976,201.552,8957739,626592,0,111,81,121,111345,865370,32911806,17830184,4340,62881216,45465296,64771556,0,75876,0,1,1,0,14455974,3372290643,3391800154,48,48,1085,1568767,3141370,18969,81990739,82421,611741054,447355305,0
1789567279.0332565,201.802,8958114,626617,0,111,81,121,111345,865370,32911889,17830184,5068,62885252,45469332,64771556,0,62468,0,1,1,0,14455984,3372539321,3392048842,48,48,1267,1568868,3141572,15617,81990750,82421,611741054,447355389,0
1789567279.2835376,202.052,8958489,626641,0,111,81,121,111346,865371,32911970,17830444,16800,62883228,45467048,64771556,0,45888,0,0,2,0,14456000,3372781589,3392291120,48,48,4200,1568802,3141440,11472,81990955,82421,611741054,447355389,0
1789567279.533845,202.303,8958777,626641,0,111,81,121,111358,865469,32917866,17829940,128892,62773160,45357484,64771556,0,37496,0,0,7,0,14456549,3372781803,3392291334,48,48,32223,1566069,3135968,9374,82010052,82421,611741170,447355389,0
1789567279.7843394,202.553,8958998,626642,0,111,81,121,111362,865646,32920233,17829940,128892,62760244,45344548,64771556,0,29704,0,0,9,0,14457212,3372781927,3392291458,48,48,32223,1565747,3135323,7426,82015352,82422,611741174,447355389,0
1789567280.0350592,202.804,8959247,626642,0,111,81,121,111364,865796,32921184,17829940,128892,62733480,45317784,64771556,0,13320,0,0,10,0,14457277,3372781927,3392291458,48,48,32223,1565079,3133985,3330,82021127,82422,611741174,447355389,0
1789567280.285745,203.055,8959494,626642,0,111,81,121,111370,865943,32923582,17829944,128892,62709976,45294276,64771556,0,628,0,0,7,0,14457422,3372781927,3392291575,48,48,32223,1564492,3132810,157,82026418,82422,611741174,447355389,0
1789567280.536294,203.305,8959770,626642,0,111,81,121,111377,866061,32925556,17829944,128892,62682100,45266400,64771556,0,628,0,0,6,0,14457459,3372781927,3392291575,48,48,32223,1563796,3131416,157,82033620,82422,611741174,447355389,0
1789567280.7870462,203.556,8960052,626642,0,111,81,121,111384,866172,32926959,17829944,128892,62635652,45219952,64771556,0,620,0,0,5,0,14457505,3372781927,3392291575,48,48,32223,1562637,3129095,155,82045502,82422,611741174,447355389,0
1789567281.0375113,203.806,8960320,626642,0,111,81,121,111393,866296,32929166,17829944,128892,62571512,45155812,64771556,0,620,0,0,5,0,14457594,3372781927,3392291575,48,48,32223,1561036,3125888,155,82060566,82422,611741174,447355389,0
1789567281.2880144,204.057,8960613,626642,0,111,81,121,111397,866399,32929668,17830040,128988,62541096,45125300,64771556,0,0,0,0,5,0,14457876,3372781927,3392291575,48,48,32247,1560276,3124368,0,82069653,82422,611741174,447355389,0
1789567281.5384889,204.307,8960907,626642,0,111,81,121,111403,866499,32930404,17830136,129084,62511776,45095888,64771556,0,0,0,0,6,0,14457913,3372781927,3392291575,48,48,32271,1559544,3122902,0,82075629,82422,611741174,447355389,0
1789567281.7889628,204.558,8961197,626642,0,111,81,121,111408,866606,32931347,17830136,129084,62511776,45095888,64771556,0,0,0,0,6,0,14457930,3372781927,3392291575,48,48,32271,1559544,3122902,0,82075881,82422,611741174,447355389,0
1789567282.0394254,204.808,8961473,626642,0,111,81,121,111413,866725,32932446,17830136,129084,62512628,45096740,64771556,0,0,0,0,7,0,14457993,3372781927,3392291575,48,48,32271,1559566,3122945,0,82075958,82422,611741174,447355389,0
1789567282.2898896,205.059,8961759,626642,0,111,81,121,111415,866837,32933303,17830232,129180,62512660,45096680,64771556,0,0,0,0,6,0,14458074,3372781927,3392291575,48,48,32295,1559566,3122946,0,82076517,82422,611741174,447355389,0
1789567282.5405016,205.309,8962036,626642,0,111,81,121,111420,866957,32934200,17830232,129180,62512660,45096680,64771556,0,0,0,0,6,0,14458094,3372781927,3392291575,48,48,32295,1559566,3122946,0,82077415,82422,611741174,447355389,0
1789567282.7911599,205.56,8962323,626642,0,111,81,121,111424,867066,32935294,17830232,129180,62512260,45096276,64771556,0,0,0,0,5,0,14458116,3372781927,3392291575,48,48,32295,1559556,3122926,0,82077554,82422,611741174,447355389,0
1789567283.041765,205.811,8962595,626642,0,111,81,121,111429,867187,32937047,17830328,129276,62510432,45094348,64771556,0,0,0,0,5,0,14458184,3372781927,3392291575,48,48,32319,1559511,3122835,0,82078569,82422,611741174,447355389,0
1789567283.2922347,206.061,8962891,626642,0,111,81,121,111433,867287,32937872,17830328,129276,62497816,45081732,64771556,0,0,0,0,5,0,14458611,3372781927,3392291575,48,48,32319,1559196,3122204,0,82081470,82422,611741174,447355389,0
1789567283.5427132,206.312,8963182,626642,0,111,81,121,111439,867392,32938476,17830328,129276,62497816,45081732,64771556,0,0,0,0,5,0,14458621,3372781927,3392291575,48,48,32319,1559196,3122204,0,82081729,82422,611741174,447355389,0
1789567283.79321,206.562,8963474,626642,0,111,81,121,111443,867495,32939180,17830424,129372,62497444,45081268,64771556,0,0,0,0,7,0,14458632,3372781927,3392291575,48,48,32343,1559187,3122186,0,82081790,82422,611741174,447355389,0
1789567284.043657,206.812,8963748,626642,0,111,81,121,111449,867617,32940250,17830424,129204,62498980,45082800,64771556,0,0,0,0,5,0,14458699,3372781927,3392291575,48,48,32301,1559225,3122263,0,82082271,82422,611741174,447355501,0
1789567284.294134,207.063,8964017,626642,0,111,81,121,111454,867741,32941377,17830424,129204,62495328,45079148,64771556,0,0,0,0,8,0,14458750,3372781927,3392291575,48,48,32301,1559134,3122080,0,82084493,82422,611741174,447355501,0
1789567284.5446022,207.313,8964313,626642,0,111,81,121,111460,867840,32942060,17830520,129300,62494856,45078584,64771556,0,0,0,0,5,0,14458758,3372781927,3392291575,48,48,32325,1559122,3122056,0,82084508,82422,611741174,447355501,0
1789567284.795089,207.564,8964603,626642,0,111,81,121,111465,867945,32942840,17830520,129300,62491220,45074948,64771556,0,0,0,0,5,0,14458775,3372781927,3392291575,48,48,32325,1559031,3121875,0,82084774,82422,611741174,447355501,0
1789567285.0455704,207.814,8964900,626642,0,111,81,121,111470,868043,32943384,17830520,129300,62490824,45074552,64771556,0,0,0,0,5,0,14458814,3372781927,3392291575,48,48,32325,1559021,3121855,0,82084783,82422,611741174,447355501,0
1789567285.2960696,208.065,8965183,626642,0,111,81,121,111476,868153,32944713,17830616,129396,62468140,45051768,64771556,0,0,0,0,5,0,14458888,3372781927,3392291575,48,48,32349,1558455,3120721,0,82090576,82422,611741174,447355501,0
1789567285.5465431,208.315,8965474,626642,0,111,81,121,111481,868259,32945276,17830616,129756,62467900,45051528,64771556,0,0,0,0,5,0,14458914,3372781929,3392291576,48,48,32439,1558449,3120709,0,82091217,82422,611741174,447355869,0
1789567285.7970293,208.566,8965771,626642,0,111,81,121,111484,868359,32945750,17830712,129852,62467928,45051464,64771556,0,0,0,0,5,0,14458921,3372781929,3392291576,48,48,32463,1558450,3120710,0,82091472,82422,611741174,447355869,0
1789567286.0474942,208.816,8966063,626642,0,111,81,121,111491,868461,32946088,17830712,129852,62467928,45051464,64771556,0,0,0,0,5,0,14458931,3372781929,3392291576,48,48,32463,1558450,3120710,0,82091482,82422,611741174,447355869,0
1789567286.2980127,209.067,8966358,626642,0,111,81,121,111496,868561,32947296,17830712,129852,62469884,45053416,64771556,0,0,0,0,5,0,14458988,3372781929,3392291576,48,48,32463,1558499,3120808,0,82092539,82422,611741174,447355869,0
1789567286.5486398,209.317,8966655,626642,0,111,81,121,111500,868660,32947735,17830808,129948,62469752,45053192,64771556,0,0,0,0,5,0,14458993,3372781929,3392291576,48,48,32487,1558495,3120802,0,82092545,82422,611741174,447355869,0
1789567286.7991486,209.568,8966952,626642,0,111,81,121,111506,868758,32948079,17830808,129948,62469752,45053192,64771556,0,0,0,0,6,0,14459008,3372781929,3392291576,48,48,32487,1558495,3120802,0,82092547,82422,611741174,447355869,0
1789567287.0498524,209.819,8967247,626642,0,111,81,121,111512,868858,32948551,17830808,129948,62472440,45055880,64771556,0,0,0,0,6,0,14459186,3372781929,3392291576,48,48,32487,1558562,3120936,0,82092549,82422,611741174,447355869,0
1789567287.3005505,210.069,8967530,626642,0,111,81,121,111518,868971,32950074,17830904,130044,62475596,45058936,64771556,0,0,0,0,5,0,14459257,3372781929,3392291576,48,48,32511,1558641,3121094,0,82093434,82422,611741174,447355869,0
1789567287.551039,210.32,8967826,626642,0,111,81,121,111523,869069,32950459,17830904,130044,62473832,45057172,64771556,0,0,0,0,5,0,14459265,3372781929,3392291576,48,48,32511,1558597,3121006,0,82093894,82422,611741174,447355869,0
1789567287.8015273,210.57,8968121,626642,0,111,81,121,111527,869172,32950770,17830904,130044,62473832,45057172,64771556,0,0,0,0,5,0,14459271,3372781929,3392291576,48,48,32511,1558597,3121006,0,82094025,82422,611741174,447355869,0
1789567288.0520148,210.821,8968415,626642,0,111,81,121,111532,869273,32951169,17831008,5664,62478408,45061644,64771556,0,124340,0,0,8,0,14459333,3372781935,3392291583,48,48,1416,1558711,3121234,31085,82094027,82422,611741174,447480345,0
1789567288.3024745,211.071,8968708,626642,0,111,81,121,111537,869373,32952438,17831008,5664,62483988,45067216,64771556,0,110004,0,0,5,0,14459452,3372781935,3392291739,48,48,1416,1558851,3121513,27501,82094653,82422,611741174,447480345,0
1789567288.5529628,211.322,8969001,626642,0,111,81,121,111543,869474,32953262,17831104,5760,62484268,45067404,64771556,0,99892,0,0,5,0,14459501,3372781935,3392291844,48,48,1440,1558858,3121527,24973,82094708,82422,611741174,447480345,0
1789567288.8036397,211.572,8969297,626642,0,111,81,121,111547,869575,32953747,17831104,5760,62484268,45067404,64771556,0,85428,0,0,5,0,14459551,3372781935,3392291844,48,48,1440,1558858,3121527,21357,82094736,82422,611741174,447480345,0
1789567289.0543396,211.823,8969595,626642,0,111,81,121,111553,869671,32954148,17831104,5760,62487988,45071124,64771556,0,69044,0,0,5,0,14459590,3372781936,3392291846,48,48,1440,1558951,3121713,17261,82094740,82422,611741174,447480345,0
1789567289.3050394,212.074,8969894,626642,0,111,81,121,111562,869763,32954945,17831208,5856,62416512,44999540,64771556,0,60852,0,0,5,0,14459668,3372782231,3392292140,48,48,1464,1557166,3118140,15213,82112144,82422,611741182,447480345,0
1789567289.555716,212.325,8970166,626642,0,111,81,121,111568,869886,32955809,17831208,5856,62373228,44956252,64771556,0,50612,0,0,5,0,14459734,3372782231,3392292140,48,48,1464,1556086,3115977,12653,82119795,82422,611741182,447480345,0
1789567289.8063605,212.575,8970494,626642,0,111,81,121,111570,869956,32955937,17831208,5856,62348124,44931148,64771556,0,36276,0,0,2,0,14459799,3372782231,3392292283,48,48,1464,1555459,3114722,9069,82125323,82422,611741182,447480345,0
1789567290.0568225,212.826,8970867,626642,0,111,81,121,111574,869980,32956205,17929576,104224,62348512,44830744,64771556,0,26036,0,0,3,0,14459958,3372782231,3392292283,48,48,26056,1555408,3114620,6509,82125400,82422,611741182,447480345,0
1789567290.307182,213.076,8971242,626642,0,111,81,121,111581,869999,32956312,17999864,174512,62353848,44764176,64771556,0,11700,0,0,2,0,14460065,3372782233,3392292285,48,48,43628,1555501,3114806,2925,82126091,82422,611741182,447480345,0
1789567290.5575976,213.326,8971616,626642,0,111,81,121,111588,870017,32956438,17999864,174512,62249212,44659540,64771556,0,0,0,0,2,0,14460204,3372782233,3392292285,48,48,43628,1552889,3109575,0,82149387,82422,611741182,447480345,0
1789567290.8079438,213.577,8971992,626642,0,111,81,121,111589,870041,32956521,17999936,174584,62225048,44635024,64771556,0,0,0,0,2,0,14460233,3372782233,3392292285,48,48,43646,1552279,3108353,0,82155632,82422,611741182,447480345,0
1789567291.0582728,213.827,8972367,626642,0,111,81,121,111590,870066,32956552,17999936,174584,62224788,44634764,64771556,0,0,0,0,2,0,14460233,3372782233,3392292285,48,48,43646,1552272,3108340,0,82155715,82422,611741182,447480345,0
1789567291.308589,214.077,8972742,626642,0,111,81,121,111590,870091,32956933,17999936,174584,62230124,44640100,64771556,0,0,0,0,2,0,14460377,3372782233,3392292285,48,48,43646,1552406,3108607,0,82156118,82422,611741182,447480345,0
1789567291.5590694,214.328,8973117,626642,0,111,81,121,111590,870116,32956966,17999936,174584,62230124,44640100,64771556,0,0,0,0,2,0,14460377,3372782233,3392292285,48,48,43646,1552406,3108607,0,82156120,82422,611741182,447480345,0
1789567291.8093953,214.578,8973492,626642,0,111,81,121,111590,870141,32957006,17999936,174584,62230124,44640100,64771556,0,0,0,0,2,0,14460377,3372782233,3392292285,48,48,43646,1552406,3108607,0,82156120,82422,611741182,447480345,0
1789567292.059729,214.829,8973868,626642,0,111,81,121,111590,870166,32957041,17999936,174584,62229864,44639840,64771556,0,0,0,0,2,0,14460476,3372782233,3392292285,48,48,43646,1552399,3108594,0,82156122,82422,611741182,447480345,0
1789567292.3100493,215.079,8974243,626642,0,111,81,121,111590,870191,32957108,17999936,174584,62234220,44644196,64771556,0,0,0,0,2,0,14460515,3372782233,3392292285,48,48,43646,1552508,3108812,0,82156122,82422,611741182,447480345,0
1789567292.5603542,215.329,8974619,626642,0,111,81,121,111590,870216,32957151,17999936,174584,62234220,44644196,64771556,0,0,0,0,2,0,14460515,3372782233,3392292285,48,48,43646,1552508,3108812,0,82156123,82422,611741182,447480345,0
1789567292.8106444,215.579,8974994,626642,0,111,81,121,111590,870242,32957186,17999936,174584,62234220,44644196,64771556,0,0,0,0,2,0,14460524,3372782233,3392292285,48,48,43646,1552508,3108812,0,82156125,82422,611741182,447480345,0
1789567293.061001,215.83,8975334,626642,0,111,81,121,111591,870300,32957816,17999936,174612,62225048,44635024,64771556,0,0,0,0,2,0,14460604,3372782233,3392292285,48,48,43653,1552279,3108353,0,82158331,82422,611741182,447480409,0
1789567293.311439,216.08,8975708,626642,0,111,81,121,111592,870326,32958007,17999936,174612,62226832,44636808,64771556,0,0,0,0,2,0,14460645,3372782233,3392292285,48,48,43653,1552323,3108443,0,82158351,82422,611741182,447480409,0
1789567293.5618193,216.331,8976039,626642,0,111,81,121,111601,870385,32961640,17308556,5988,62233684,45347812,64771556,0,0,0,0,3,0,14461634,3372782543,3392292595,48,48,1497,1552814,3109425,0,82162389,82423,611741294,447480409,0
1789567293.8122644,216.581,8976405,626642,0,111,81,121,111626,870394,32961989,13885244,5984,62264936,48848848,64771556,0,0,0,0,2,0,14475606,3372782543,3392292595,48,48,1496,1554747,3113295,0,82162389,82423,611741294,447480409,0
1789567294.062667,216.831,8976780,626642,0,111,81,121,111651,870394,32962348,10460152,5980,62342004,52395152,64771556,0,0,0,0,2,0,14479826,3372782543,3392292595,48,48,1495,1557787,3119384,0,82162392,82423,611741294,447480409,0
1789567294.313036,217.082,8977166,626642,0,111,81,121,111664,870395,32962885,8772988,5980,62384412,54160204,64771556,0,0,0,0,1,0,14487860,3372782543,3392292595,48,48,1495,1559724,3123262,0,82162742,82423,611741294,447480409,0
1789567294.5634232,217.332,8977566,626642,0,111,81,121,111664,870395,32963124,8772988,5980,62384008,54159800,64771556,0,0,0,0,1,0,14487895,3372782543,3392292595,48,48,1495,1559714,3123242,0,82162779,82423,611741294,447480409,0
