t,t_rel,cpu_idle,cpu_iowait,cpu_irq,cpu_nice,cpu_softirq,cpu_steal,cpu_system,cpu_user,ctxt,mem_Cached,mem_Dirty,mem_MemAvailable,mem_MemFree,mem_MemTotal,mem_SwapCached,mem_Writeback,mem_WritebackTmp,procs_blocked,procs_running,psi_cpu_full_total,psi_cpu_some_total,psi_io_full_total,psi_io_some_total,psi_memory_full_total,psi_memory_some_total,vm_nr_dirty,vm_nr_dirty_background_threshold,vm_nr_dirty_threshold,vm_nr_writeback,vm_pgfault,vm_pgmajfault,vm_pgpgin,vm_pgpgout,vm_pswpout
1789651908.1513836,0.0,5642429,334470,0,224,66,51,57194,434791,16508660,145424,1216,63819964,64186032,64771540,0,0,0,1,1,0,7884615,2014488779,2017804668,448,448,304,1594226,3192351,0,42640815,43334,296251994,295984325,0
1789651908.4017868,0.25,5642668,334488,0,224,66,51,57195,434934,16509307,154688,1228,63807632,64168128,64771540,0,0,0,1,16,0,7884758,2014516523,2017832464,448,448,307,1594076,3192049,0,42643480,43407,296264290,295984325,0
1789651908.6523023,0.501,5643041,334505,0,224,66,51,57198,434942,16510018,164052,1228,63791620,64146820,64771540,0,0,0,1,1,0,7885320,2014614675,2017930713,448,448,307,1593808,3191514,0,42648506,43445,296274906,295984325,0
1789651908.9026854,0.751,5643416,334527,0,224,66,51,57199,434943,16510713,191004,1260,63765340,64106828,64771540,0,0,0,1,1,0,7886148,2014800318,2018116361,448,448,315,1593494,3190885,0,42652719,43655,296302462,295984325,0
1789651909.1530137,1.002,5643782,334550,0,224,66,51,57200,434953,16512980,201632,1260,63750048,64086204,64771540,0,0,0,1,1,0,7886751,2014880086,2018196137,448,448,315,1593246,3190387,0,42655876,43743,296312738,295984325,0
1789651909.4033887,1.252,5644152,334573,0,224,66,51,57201,434959,16514637,208084,1260,63738092,64070996,64771540,0,0,0,1,1,0,7887829,2015064994,2018381045,448,448,315,1593029,3189953,0,42657922,43749,296319174,295984325,0
1789651909.65376,1.502,5644519,334594,0,224,66,51,57203,434970,16516037,216500,1260,63717436,64046124,64771540,0,0,0,1,1,0,7888732,2015225795,2018541878,448,448,315,1592618,3189131,0,42663051,43749,296327590,295984325,0
1789651909.9041288,1.753,5644872,334604,0,224,66,51,57208,435000,16519614,219488,1260,63710544,64037708,64771540,0,0,0,1,1,0,7889377,2015246897,2018562980,448,448,315,1592484,3188862,0,42679289,43757,296330562,295984357,0
1789651910.154597,2.003,5645231,334616,0,224,66,51,57210,435026,16521686,222952,1260,63686952,64012332,64771540,0,0,0,1,1,0,7891412,2015322635,2018638724,448,448,315,1591940,3187772,0,42686265,43758,296334202,295984357,0
1789651910.4050095,2.254,5645594,334629,0,224,66,51,57211,435048,16524331,225860,1260,63666444,63990344,64771540,0,0,0,0,2,0,7892117,2015407158,2018723256,448,448,315,1591465,3186821,0,42691210,43758,296337094,295984357,0
1789651910.6554298,2.504,5645957,334644,0,224,66,51,57214,435068,16527726,229352,1260,63638124,63960264,64771540,0,0,0,0,2,0,7892803,2015499454,2018815553,448,448,315,1590802,3185493,0,42698761,43765,296340578,295984357,0
1789651910.9058304,2.754,5646303,334657,0,224,66,51,57215,435104,16532175,233124,1260,63624004,63944092,64771540,0,0,0,0,3,0,7893258,2015551442,2018867546,448,448,315,1590500,3184890,0,42701836,43791,296344762,295984357,0
1789651911.1562705,3.005,5646645,334677,0,224,66,51,57219,435134,16536961,237996,2988,63613368,63930700,64771540,0,0,0,0,2,0,7894034,2015581695,2018897862,448,448,747,1590304,3184496,0,42709036,43850,296350806,295984357,0
1789651911.4066718,3.255,5646985,334688,0,224,66,51,57223,435177,16542415,241256,4088,63644660,63960276,64771540,0,0,0,0,2,0,7894659,2015620503,2018936671,448,448,1022,1591128,3186146,0,42714483,43864,296353514,295984361,0
1789651911.6905396,3.539,5647414,334713,0,224,66,51,57224,435179,16543313,269072,4088,63624656,63925984,64771540,0,0,0,1,1,0,7895699,2015864486,2019180707,448,448,1022,1590985,3185860,0,42717451,44092,296382242,295984361,0
1789651911.9430406,3.792,5647789,334732,0,224,66,51,57225,435184,16543935,282704,4088,63612020,63901820,64771540,0,0,0,1,1,0,7896458,2016054475,2019370729,448,448,1022,1590726,3185342,0,42721397,44198,296395966,295984361,0
1789651912.1936069,4.042,5648165,334749,0,224,66,51,57226,435191,16544476,294664,4088,63601880,63879576,64771540,0,0,0,1,1,0,7897456,2016225103,2019541457,448,448,1022,1590473,3184835,0,42725608,44292,296408022,295984361,0
1789651912.4439855,4.293,5648532,334764,0,224,66,51,57227,435206,16546317,300960,4088,63589252,63860856,64771540,0,0,0,0,2,0,7898036,2016299448,2019615806,448,448,1022,1590158,3184204,0,42729475,44304,296414482,295984361,0
1789651912.6943834,4.543,5648890,334777,0,224,66,51,57229,435232,16548319,303796,4088,63574464,63842832,64771540,0,0,0,1,1,0,7898605,2016383856,2019700213,448,448,1022,1589789,3183465,0,42733699,44308,296417502,295984361,0
1789651912.9448202,4.793,5649216,334790,0,224,66,51,57233,435289,16550348,306640,4088,63508060,63773596,64771540,0,0,0,0,4,0,7898926,2016426309,2019742670,448,448,1022,1588131,3180146,0,42753944,44308,296420398,295984361,0
1789651913.195492,5.044,5649571,334800,0,224,66,51,57235,435322,16552575,309092,4088,63486344,63749444,64771540,0,0,0,0,2,0,7899402,2016483405,2019799781,448,448,1022,1587589,3179060,0,42760525,44308,296422894,295984361,0
1789651913.4459372,5.295,5649920,334811,0,224,66,51,57238,435358,16558225,312588,4088,63465932,63725520,64771540,0,0,0,1,2,0,7900086,2016512323,2019828735,448,448,1022,1587079,3178040,0,42766388,44311,296426446,295984361,0
1789651913.6964028,5.545,5650277,334821,0,224,66,51,57239,435389,16559882,315352,4088,63458420,63715296,64771540,0,0,0,0,2,0,7900561,2016566955,2019883373,448,448,1022,1586892,3177664,0,42769071,44312,296429434,295984361,0
1789651913.946841,5.795,5650624,334831,0,224,66,51,57241,435431,16562603,318476,4092,63446288,63700056,64771540,0,0,0,1,1,0,7900992,2016614256,2019930673,448,448,1023,1586589,3177058,0,42772280,44313,296432346,295984361,0
1789651914.1972787,6.046,5650980,334842,0,224,66,51,57242,435462,16564431,322608,4188,63432440,63682008,64771540,0,0,0,0,3,0,7901687,2016676586,2019993090,448,448,1047,1586243,3176365,0,42776719,44313,296436022,295984361,0
1789651914.4477134,6.296,5651330,334846,0,224,66,51,57244,435506,16568236,324212,4188,63423156,63671084,64771540,0,0,0,0,3,0,7902117,2016697747,2020014252,448,448,1047,1586012,3175901,0,42779140,44313,296437626,295984361,0
1789651914.6982026,6.547,5651650,334848,0,224,66,51,57248,435580,16575703,324696,4188,63410080,63657512,64771540,0,0,0,0,6,0,7902576,2016701680,2020018185,448,448,1047,1585685,3175248,0,42785050,44315,296438258,295984361,0
1789651914.948908,6.798,5651988,334853,0,224,66,51,57251,435634,16581205,325900,4188,63403856,63650092,64771540,0,0,0,1,1,0,7903095,2016723461,2020039966,448,448,1047,1585530,3174937,0,42786734,44318,296439582,295984361,0
1789651915.1993585,7.048,5652362,334866,0,224,66,51,57251,435646,16582322,330112,4188,63399276,63641316,64771540,0,0,0,0,3,0,7903967,2016856851,2020173361,448,448,1047,1585415,3174708,0,42788064,44318,296443526,295984361,0
1789651915.4497643,7.298,5652734,334873,0,224,66,51,57252,435668,16583372,332160,4188,63388952,63628980,64771540,0,0,0,0,2,0,7905309,2016917643,2020234152,448,448,1047,1585158,3174192,0,42790678,44318,296445574,295984361,0
1789651915.7001438,7.549,5653083,334883,0,224,66,51,57253,435708,16585865,334772,4188,63367416,63604772,64771540,0,0,0,0,4,0,7905717,2016967372,2020283882,448,448,1047,1584620,3173115,0,42795687,44318,296448202,295984361,0
1789651915.9505923,7.799,5653457,334896,0,224,66,51,57254,435720,16586532,338348,4188,63344260,63578048,64771540,0,0,0,0,2,0,7906614,2017088257,2020404766,448,448,1047,1584042,3171958,0,42801345,44318,296451770,295984361,0
1789651916.200986,8.05,5653814,334902,0,224,66,51,57255,435756,16588263,339692,4188,63324084,63556528,64771540,0,0,0,1,2,0,7906996,2017124408,2020440918,448,448,1047,1583538,3170949,0,42806377,44318,296453146,295984361,0
1789651916.4514039,8.3,5654178,334910,0,224,66,51,57257,435782,16589461,341760,4188,63298308,63528684,64771540,0,0,0,0,2,0,7907425,2017183062,2020499572,448,448,1047,1582895,3169660,0,42812929,44318,296455182,295984361,0
1789651916.7017946,8.55,5654519,334918,0,224,66,51,57259,435830,16593420,343772,4188,63272284,63500232,64771540,0,0,0,0,4,0,7907881,2017215935,2020532444,448,448,1047,1582245,3168360,0,42819320,44318,296457590,295984361,0
1789651916.9522321,8.801,5654840,334922,0,224,66,51,57263,435900,16598040,345384,4344,63214536,63440892,64771540,0,0,0,0,5,0,7908297,2017229197,2020545706,448,448,1086,1580804,3165473,0,42833842,44318,296459050,295984361,0
1789651917.2026978,9.051,5655181,334932,0,224,66,51,57265,435946,16599856,347900,4344,63186944,63410804,64771540,0,0,0,0,2,0,7908606,2017261121,2020577666,448,448,1086,1580115,3164094,0,42841044,44318,296461582,295984361,0
1789651917.453145,9.302,5655535,334939,0,224,66,51,57268,435980,16602934,349868,4352,63153816,63375672,64771540,0,0,0,0,2,0,7908887,2017281658,2020598210,448,448,1088,1579288,3162438,0,42850979,44318,296463594,295984361,0
1789651917.7035947,9.552,5655902,334946,0,224,66,51,57271,436002,16605411,352000,4352,63272616,63492336,64771540,0,0,0,1,1,0,7909359,2017336629,2020653181,448,448,1088,1582254,3168376,0,42856474,44318,296465654,295984361,0
1789651917.9539351,9.803,5656273,334953,0,224,66,51,57272,436022,16606395,354132,4352,63244772,63462360,64771540,0,0,0,0,2,0,7909808,2017400055,2020716608,448,448,1088,1581558,3166984,0,42863080,44318,296467786,295984361,0
1789651918.20428,10.053,5656612,334961,0,224,66,51,57275,436070,16610815,356600,4356,63224776,63439888,64771540,0,0,0,0,5,0,7910953,2017423027,2020739579,448,448,1089,1581059,3165985,0,42868976,44319,296470250,295984361,0
1789651918.454707,10.303,5656938,334965,0,224,66,51,57277,436135,16616846,357680,4408,63215284,63429308,64771540,0,0,0,0,4,0,7911353,2017429612,2020746165,448,448,1102,1580822,3165510,0,42872009,44320,296471334,295984421,0
1789651918.7051218,10.554,5657195,334971,0,224,66,51,57284,436263,16626619,400428,4416,63134696,63305964,64771540,0,0,0,2,4,0,7911845,2017435044,2020751597,448,448,1104,1578810,3161481,0,42893835,44320,296515226,295984421,0
1789651918.955623,10.804,5657468,334984,0,224,66,51,57295,436363,16636989,486884,4416,63048008,63132460,64771540,0,0,0,0,12,0,7912514,2017453303,2020769860,448,448,1104,1576646,3157148,0,42918243,44320,296600606,295984421,0
1789651919.2062335,11.055,5657719,334990,0,224,66,51,57311,436489,16645249,627664,89764,62859956,62803256,64771540,0,0,0,4,5,0,7913108,2017456345,2020773049,448,448,22441,1571942,3147727,0,42952736,44320,296657062,295984421,0
1789651919.4567244,11.305,5658003,335008,0,224,66,51,57327,436567,16651491,929936,215404,62711952,62351400,64771540,0,0,0,1,4,0,7913580,2017494565,2020811285,448,448,53851,1568208,3140250,0,42990236,44320,296833318,295984421,0
1789651919.7072022,11.556,5658281,335010,0,224,66,51,57359,436655,16655503,1104932,367440,62401904,61864704,64771540,0,0,0,0,12,0,7914132,2017499602,2020816323,448,448,91860,1560414,3124644,0,43012401,44320,296855630,295984421,0
1789651919.95792,11.807,5658530,335025,0,224,66,51,57371,436778,16660114,1322772,452088,62420180,61663776,64771540,0,0,0,0,6,0,7914868,2017517873,2020834717,448,448,113022,1560847,3125512,0,43019264,44320,296989470,295984421,0
1789651920.2084079,12.057,5658797,335046,0,224,66,51,57390,436870,16667886,1660736,574812,62388656,61292656,64771540,0,0,0,1,4,0,7915334,2017543392,2020860251,448,448,143703,1560021,3123857,0,43046866,44320,297204958,295984421,0
1789651920.4589012,12.308,5659087,335050,0,224,66,51,57423,436943,16671096,1855552,729164,62105280,60812848,64771540,0,0,0,2,6,0,7915690,2017552427,2020869286,448,448,182291,1552907,3109611,0,43068352,44320,297245334,295984421,0
1789651920.7093887,12.558,5659357,335074,0,224,66,51,57437,437035,16676065,2147620,813908,62089180,60503208,64771540,0,0,0,3,2,0,7916102,2017586476,2020903425,448,448,203477,1552468,3108732,0,43082629,44320,297453002,295984421,0
1789651920.9599626,12.809,5659652,335091,0,224,66,51,57452,437108,16681424,2461720,959204,62128912,60226964,64771540,0,0,0,0,14,0,7916611,2017627796,2020944745,448,448,239801,1553413,3110625,0,43096929,44320,297620654,295984421,0
1789651921.2105393,13.059,5659928,335102,0,224,66,51,57485,437187,16686483,2693012,1090544,61820712,59685736,64771540,0,0,0,2,5,0,7917002,2017640004,2020956973,448,448,272636,1545677,3095133,0,43112742,44320,297721758,295984421,0
1789651921.4610293,13.31,5660208,335118,0,224,66,51,57496,437279,16689721,2959536,1202024,61877856,59475272,64771540,0,0,0,0,5,0,7917450,2017670824,2020987792,449,449,300506,1547076,3097935,0,43114540,44320,297875670,295984421,0
1789651921.7115119,13.56,5660491,335133,0,224,66,51,57517,437364,16696368,3226364,1341336,61862664,59191680,64771540,0,0,0,0,5,0,7917894,2017697516,2021014496,449,449,335334,1546658,3097098,0,43138986,44320,298003174,295984421,0
1789651921.9619837,13.811,5660771,335148,0,224,66,51,57546,437438,16700492,3462928,1452584,61578740,58669184,64771540,0,0,0,1,4,0,7918314,2017716539,2021033534,449,449,363146,1539520,3082804,0,43145782,44320,298128622,295984421,0
1789651922.2124712,14.061,5661065,335155,0,224,66,51,57563,437517,16706151,3747852,1607764,61626088,58429880,64771540,0,0,0,0,5,0,7918696,2017730129,2021047125,449,449,402042,1540659,3085085,0,43170662,44320,298258182,295984421,0
1789651922.4629192,14.312,5661355,335161,0,224,66,51,57576,437608,16708304,4058832,1791800,61679696,58169928,64771540,0,0,0,0,6,0,7918988,2017744421,2021061418,449,449,447950,1541922,3087615,0,43171576,44320,298385686,295984421,0
1789651922.7133899,14.562,5661621,335166,0,224,66,51,57608,437702,16716958,4304488,1886664,61393392,57636440,64771540,0,0,0,0,10,0,7919449,2017751452,2021068456,449,449,471666,1534747,3073246,0,43197794,44320,298535970,295984421,0
1789651922.963857,14.812,5661912,335175,0,224,66,51,57619,437790,16720807,4686840,2045192,61501540,57359948,64771540,0,0,0,0,5,0,7919893,2017771266,2021088270,449,449,511298,1537390,3078539,0,43198519,44320,298760510,295984421,0
1789651923.214308,15.063,5662204,335178,0,224,66,51,57651,437862,16723723,4935628,2181240,61282356,56889784,64771540,0,0,0,1,5,0,7920344,2017778275,2021095281,449,449,545310,1531864,3067473,0,43205534,44320,298873178,295984421,0
1789651923.464778,15.313,5662494,335183,0,224,66,51,57666,437949,16729158,5244368,2339096,61342256,56639196,64771540,0,0,0,0,5,0,7920698,2017787905,2021104910,449,449,584774,1533315,3070380,0,43228014,44320,299023206,295984421,0
1789651923.7152493,15.564,5662765,335198,0,224,66,51,57683,438046,16731778,5547272,1005256,61420076,56411172,64771540,0,1496608,0,2,4,0,7921840,2017812319,2021129380,449,449,251417,1535196,3074145,374152,43228065,44320,299150714,297497945,0
1789651923.9656966,15.814,5663062,335292,0,224,66,51,57683,438055,16731955,5574360,1032344,61430384,56393664,64771540,0,1472032,0,4,1,0,7921857,2018038742,2021355840,449,449,258086,1535425,3074604,368008,43228095,44320,299150714,297497945,0
1789651924.216058,16.065,5663362,335392,0,224,66,51,57683,438055,16732026,5574360,1032344,61430384,56393664,64771540,0,1451552,0,4,1,0,7921857,2018288309,2021605407,449,449,258086,1535425,3074604,362888,43228096,44320,299150714,297497945,0
1789651924.466397,16.315,5663662,335493,0,224,66,51,57684,438055,16732154,5574360,1032344,61430384,56393664,64771540,0,1426976,0,4,1,0,7921869,2018537846,2021854969,449,449,258086,1535425,3074604,356744,43228097,44320,299150714,297497945,0
1789651924.7167106,16.565,5663961,335593,0,224,66,51,57684,438055,16732224,5574360,1032344,61430384,56393664,64771540,0,1398304,0,4,1,0,7921869,2018787117,2022104240,449,449,258086,1535425,3074604,349576,43228099,44320,299150714,297497945,0
1789651924.9669964,16.816,5664261,335694,0,224,66,51,57684,438055,16732310,5574360,1032344,61430384,56393664,64771540,0,1373728,0,4,1,0,7921874,2019036138,2022353267,449,449,258086,1535425,3074604,343432,43228099,44320,299150714,297497945,0
1789651925.2172794,17.066,5664561,335794,0,224,66,51,57684,438055,16732396,5574360,1032344,61430384,56393664,64771540,0,1353248,0,4,1,0,7921878,2019285644,2022602786,449,449,258086,1535425,3074604,338312,43228100,44320,299150714,297497945,0
1789651925.4675603,17.316,5664861,335895,0,224,66,51,57684,438055,16732471,5574360,1032344,61430384,56393664,64771540,0,1328672,0,4,1,0,7921881,2019535390,2022852538,449,449,258086,1535425,3074604,332168,43228100,44320,299150714,297497945,0
1789651925.7178411,17.566,5665161,335995,0,224,66,51,57684,438055,16732540,5574360,1032344,61430384,56393664,64771540,0,1299968,0,4,1,0,7921881,2019784904,2023102052,449,449,258086,1535425,3074604,324992,43228102,44320,299150714,297497945,0
1789651925.9681344,17.817,5665459,336096,0,224,66,51,57684,438057,16732765,5574388,1032344,61430416,56393664,64771540,0,1275392,0,4,1,0,7921881,2020030569,2023347717,449,449,258086,1535425,3074605,318848,43228365,44321,299150746,297497945,0
1789651926.2185032,18.067,5665758,336196,0,224,66,51,57684,438057,16732854,5574388,1032344,61430416,56393664,64771540,0,1250816,0,4,1,0,7921882,2020279870,2023597019,449,449,258086,1535425,3074605,312704,43228366,44321,299150746,297497945,0
1789651926.468822,18.317,5666058,336297,0,224,66,51,57685,438057,16732934,5574388,1032344,61430416,56393664,64771540,0,1230336,0,4,1,0,7921887,2020529392,2023846555,449,449,258086,1535425,3074605,307584,43228366,44321,299150746,297497945,0
1789651926.7191164,18.568,5666358,336397,0,224,66,51,57685,438057,16733004,5574388,1032344,61430416,56393664,64771540,0,1205760,0,4,1,0,7921887,2020778908,2024096070,449,449,258086,1535425,3074605,301440,43228367,44321,299150746,297497945,0
1789651926.9694223,18.818,5666658,336497,0,224,66,51,57685,438057,16733077,5574388,1032344,61430416,56393664,64771540,0,1177088,0,4,1,0,7921887,2021028416,2024345579,449,449,258086,1535425,3074605,294272,43228368,44321,299150746,297497945,0
1789651927.2197058,19.068,5666958,336598,0,224,66,51,57685,438057,16733161,5574388,1032344,61432716,56395964,64771540,0,1152512,0,4,1,0,7921888,2021277693,2024594856,449,449,258086,1535483,3074720,288128,43228370,44321,299150746,297497945,0
1789651927.4700058,19.319,5667257,336699,0,224,66,51,57685,438057,16733263,5574388,1032344,61432716,56395964,64771540,0,1123840,0,4,1,0,7921891,2021526732,2024843902,449,449,258086,1535483,3074720,280960,43228370,44321,299150746,297497945,0
1789651927.720309,19.569,5667557,336799,0,224,66,51,57685,438057,16733334,5574388,1032344,61432716,56395964,64771540,0,1107456,0,4,1,0,7921892,2021776273,2025093445,449,449,258086,1535483,3074720,276864,43228371,44321,299150746,297497945,0
1789651927.9706366,19.819,5667857,336899,0,224,66,51,57685,438057,16733413,5574388,1032344,61432716,56395964,64771540,0,1078752,0,4,1,0,7921892,2022025582,2025342754,449,449,258086,1535483,3074720,269688,43228371,44321,299150746,297497945,0
1789651928.2209592,20.07,5668157,337000,0,224,66,51,57685,438057,16733501,5574388,1032344,61440536,56403784,64771540,0,1054176,0,4,1,0,7921894,2022274876,2025592050,449,449,258086,1535678,3075111,263544,43228373,44321,299150746,297497945,0
1789651928.4712784,20.32,5668457,337100,0,224,66,51,57685,438057,16733633,5574388,1032344,61440536,56403784,64771540,0,1025504,0,4,1,0,7921905,2022523908,2025841099,449,449,258086,1535678,3075111,256376,43228374,44321,299150746,297497945,0
1789651928.7215936,20.57,5668753,337201,0,224,66,51,57689,438057,16733723,5574428,138340,61440132,56403308,64771540,0,1903224,0,4,1,0,7922015,2022764560,2026081784,449,449,34585,1535668,3075090,475806,43228375,44321,299150746,298392409,0
1789651928.9719245,20.821,5669052,337301,0,224,66,51,57689,438057,16733796,5574428,138340,61440132,56403308,64771540,0,1874552,0,4,1,0,7922016,2023013862,2026331086,449,449,34585,1535668,3075090,468638,43228375,44321,299150746,298392409,0
1789651929.222245,21.071,5669352,337401,0,224,66,51,57690,438057,16733894,5574428,138340,61455808,56418984,64771540,0,1858168,0,4,1,0,7922022,2023263331,2026580637,449,449,34585,1536059,3075874,464542,43228376,44321,299150746,298392409,0
1789651929.4725714,21.321,5669652,337502,0,224,66,51,57690,438057,16733981,5574428,138340,61455808,56418984,64771540,0,1821304,0,4,1,0,7922024,2023512374,2026829686,449,449,34585,1536059,3075874,455326,43228377,44321,299150746,298392409,0
1789651929.7228787,21.571,5669952,337602,0,224,66,51,57690,438057,16734032,5574428,138340,61455808,56418984,64771540,0,1804920,0,4,1,0,7922024,2023762149,2027079461,449,449,34585,1536059,3075874,451230,43228379,44321,299150746,298392409,0
1789651929.9731717,21.822,5670252,337703,0,224,66,51,57690,438057,16734103,5574428,138340,61455808,56418984,64771540,0,1780344,0,4,1,0,7922025,2024011693,2027329005,449,449,34585,1536059,3075874,445086,43228379,44321,299150746,298392409,0
1789651930.2234902,22.072,5670552,337803,0,224,66,51,57690,438057,16734183,5574428,138340,61484472,56447648,64771540,0,1759832,0,4,1,0,7922026,2024260968,2027578281,449,449,34585,1536774,3077307,439958,43228380,44321,299150746,298392409,0
1789651930.4737854,22.322,5670851,337904,0,224,66,51,57690,438057,16734280,5574428,138340,61484472,56447648,64771540,0,1727064,0,4,1,0,7922029,2024510005,2027827323,449,449,34585,1536774,3077307,431766,43228380,44321,299150746,298392409,0
1789651930.7240906,22.573,5671151,338004,0,224,66,51,57690,438057,16734340,5574428,138340,61484220,56447396,64771540,0,1706584,0,4,1,0,7922029,2024759291,2028076610,449,449,34585,1536768,3077294,426646,43228382,44321,299150746,298392409,0
1789651930.9744117,22.823,5671451,338105,0,224,66,51,57690,438057,16734437,5574428,138340,61484220,56447396,64771540,0,1682008,0,4,1,0,7922029,2025008836,2028326155,449,449,34585,1536768,3077294,420502,43228383,44321,299150746,298392409,0
1789651931.2247138,23.073,5671751,338205,0,224,66,51,57690,438057,16734530,5574428,138340,61515484,56478660,64771540,0,1661528,0,4,1,0,7922048,2025257857,2028575195,449,449,34585,1537549,3078857,415382,43228384,44321,299150746,298392409,0
1789651931.475011,23.324,5672050,338305,0,224,66,51,57690,438058,16734653,5574488,138340,61515340,56478408,64771540,0,1636952,0,4,1,0,7922052,2025505099,2028822540,449,449,34585,1537545,3078850,409238,43228444,44321,299150806,298392409,0
1789651931.7253854,23.574,5672349,338406,0,224,66,51,57690,438058,16734730,5574488,138340,61515356,56478408,64771540,0,1608280,0,4,1,0,7922052,2025754167,2029071607,449,449,34585,1537545,3078851,402070,43228446,44321,299150806,298392409,0
1789651931.9756846,23.824,5672649,338506,0,224,66,51,57690,438058,16734807,5574488,138340,61515356,56478408,64771540,0,1583704,0,4,1,0,7922052,2026003447,2029320888,449,449,34585,1537545,3078851,395926,43228446,44321,299150806,298392409,0
1789651932.2259824,24.075,5672949,338607,0,224,66,51,57690,438058,16734885,5574488,138340,61542624,56505676,64771540,0,1559128,0,4,1,0,7922053,2026252976,2029570418,449,449,34585,1538226,3080214,389782,43228448,44321,299150806,298392409,0
1789651932.4762836,24.325,5673249,338707,0,224,66,51,57691,438059,16735051,5574488,138340,61548392,56511444,64771540,0,1538616,0,4,1,0,7922209,2026502358,2029820191,449,449,34585,1538370,3080502,384654,43228448,44321,299150806,298392409,0
1789651932.7265778,24.575,5673548,338807,0,224,66,51,57691,438059,16735125,5574488,138340,61548392,56511444,64771540,0,1514040,0,4,1,0,7922209,2026751881,2030069714,449,449,34585,1538370,3080502,378510,43228450,44321,299150806,298392409,0
1789651932.9768763,24.825,5673848,338908,0,224,66,51,57691,438059,16735203,5574488,138340,61548392,56511444,64771540,0,1485368,0,4,1,0,7922209,2027000908,2030318741,449,449,34585,1538370,3080502,371342,43228451,44321,299150806,298392409,0
1789651933.227158,25.076,5674148,339008,0,224,66,51,57691,438059,16735308,5574488,138340,61576828,56539840,64771540,0,1460792,0,4,1,0,7922212,2027250686,2030568525,449,449,34585,1539080,3081923,365198,43228454,44321,299150806,298392409,0
1789651933.4774685,25.326,5674448,339109,0,224,66,51,57691,438059,16735395,5574496,138340,61576576,56539588,64771540,0,1440312,0,4,1,0,7922218,2027500177,2030818048,449,449,34585,1539074,3081911,360078,43228455,44321,299150806,298392409,0
1789651933.7277558,25.576,5674748,339209,0,224,66,51,57691,438059,16735462,5574496,138368,61575992,56539004,64771540,0,1415736,0,4,1,0,7922218,2027749682,2031067553,449,449,34592,1539059,3081882,353934,43228456,44321,299150806,298392561,0
1789651933.978026,25.827,5675047,339310,0,224,66,51,57691,438059,16735551,5574496,138368,61575992,56539004,64771540,0,1387056,0,4,1,0,7922224,2027998745,2031316821,449,449,34592,1539059,3081882,346764,43228456,44321,299150806,298392561,0
1789651934.2283127,26.077,5675347,339410,0,224,66,51,57691,438059,16735635,5574496,138368,61604612,56567624,64771540,0,1362480,0,4,1,0,7922231,2028248082,2031566340,449,449,34592,1539774,3083312,340620,43228457,44321,299150806,298392561,0
1789651934.4786072,26.327,5675647,339510,0,224,66,51,57691,438059,16735722,5574496,138368,61604288,56567300,64771540,0,1333784,0,4,1,0,7922239,2028497401,2031815877,449,449,34592,1539765,3083296,333446,43228458,44321,299150806,298392561,0
1789651934.728902,26.578,5675947,339611,0,224,66,51,57691,438059,16735779,5574496,138368,61604288,56567300,64771540,0,1317400,0,4,1,0,7922247,2028747258,2032065878,449,449,34592,1539765,3083296,329350,43228460,44321,299150806,298392561,0
1789651934.979176,26.828,5676247,339711,0,224,66,51,57691,438059,16735861,5574496,138368,61604288,56567300,64771540,0,1288728,0,4,1,0,7922254,2028996600,2032315408,449,449,34592,1539765,3083296,322182,43228460,44321,299150806,298392561,0
1789651935.229482,27.078,5676547,339811,0,224,66,51,57692,438059,16735945,5574496,138368,61624124,56587136,64771540,0,1272344,0,4,1,0,7922264,2029246199,2032565164,449,449,34592,1540261,3084288,318086,43228461,44321,299150806,298392561,0
1789651935.4797595,27.328,5676847,339912,0,224,66,51,57692,438059,16736038,5574496,138368,61631808,56594820,64771540,0,1235480,0,4,1,0,7922272,2029495184,2032814440,449,449,34592,1540452,3084672,308870,43228462,44321,299150806,298392561,0
1789651935.7300482,27.579,5677147,340012,0,224,66,51,57692,438059,16736099,5574496,138368,61631168,56594180,64771540,0,1219096,0,4,1,0,7922275,2029744807,2033064190,449,449,34592,1540436,3084640,304774,43228464,44321,299150806,298392561,0
1789651935.9803371,27.829,5677447,340112,0,224,66,51,57692,438059,16736213,5574496,138368,61630916,56593928,64771540,0,1194520,0,4,1,0,7922280,2029993917,2033313484,449,449,34592,1540430,3084627,298630,43228470,44321,299150806,298392561,0
1789651936.230636,28.079,5677746,340213,0,224,66,51,57692,438059,16736288,5574496,138368,61648988,56612000,64771540,0,1174032,0,4,1,0,7922287,2030243528,2033563258,449,449,34592,1540881,3085531,293508,43228472,44321,299150806,298392561,0
1789651936.4809287,28.33,5678046,340313,0,224,66,51,57692,438059,16736430,5574496,138368,61650812,56613824,64771540,0,1141264,0,4,1,0,7922303,2030492639,2033812528,449,449,34592,1540927,3085622,285316,43228475,44321,299150806,298392561,0
1789651936.731223,28.58,5678346,340413,0,224,66,51,57692,438059,16736550,5574496,138368,61650756,56613768,64771540,0,1118180,0,4,1,0,7922304,2030741913,2034061803,449,449,34592,1540925,3085619,279545,43228477,44321,299150806,298392561,0
1789651936.9815078,28.83,5678645,340514,0,224,66,51,57692,438059,16736808,5574408,138644,61650796,56613896,64771540,0,1088820,0,4,1,0,7922307,2030990828,2034310721,449,449,34661,1540926,3085621,272205,43228485,44321,299150806,298392561,0
1789651937.2318113,29.08,5678945,340614,0,224,66,51,57693,438059,16737116,5574368,141692,61660740,56623880,64771540,0,1061604,0,4,1,0,7922322,2031239127,2034559042,449,449,35423,1541175,3086118,265401,43228574,44321,299150806,298392561,0
1789651937.48217,29.331,5679245,340713,0,224,66,51,57695,438060,16737338,5574160,155824,61652292,56615640,64771540,0,1040000,0,4,1,0,7922342,2031485733,2034805672,449,449,38956,1540964,3085696,260000,43228934,44321,299150806,298392561,0
1789651937.7325082,29.581,5679545,340813,0,224,66,51,57696,438060,16737549,5574080,168008,61651060,56614488,64771540,0,1020392,0,4,1,0,7922347,2031732459,2035052404,449,449,42002,1540933,3085634,255098,43229253,44321,299150806,298392561,0
1789651937.9828103,29.831,5679844,340913,0,224,66,51,57697,438060,16737849,5573992,172640,61645532,56609048,64771540,0,991204,0,4,1,0,7922359,2031980404,2035300362,449,449,43160,1540795,3085358,247801,43229384,44321,299150806,298392561,0
1789651938.2331378,30.082,5680141,341005,0,224,66,51,57701,438066,16738982,5605308,220668,61647728,56579928,64771540,0,962328,0,2,3,0,7922473,2032203241,2035523259,449,449,55167,1540850,3085468,240505,43230694,44321,299182682,298392561,0
1789651938.4836102,30.332,5680440,341081,0,224,66,51,57705,438087,16739825,5678044,273576,61663672,56522768,64771540,0,942460,0,3,2,0,7923897,2032391541,2035711963,449,449,68495,1541249,3086266,235615,43231056,44321,299214558,298392561,0
1789651938.7340782,30.583,5680735,341137,0,224,66,51,57719,438125,16742716,5812500,388508,61605720,56329304,64771540,0,922936,0,3,3,0,7925158,2032521616,2035843201,449,449,97127,1539768,3083301,230734,43244168,44321,299278310,298392561,0
1789651938.9847393,30.833,5681008,341187,0,224,66,51,57743,438178,16746322,5958716,515476,62249240,56825976,64771540,0,894104,0,0,8,0,7926111,2032608542,2035930716,449,449,128869,1555816,3115436,223526,43248219,44321,299374090,298397265,0
1789651939.2353177,31.084,5681286,341202,0,224,66,51,57765,438261,16751888,6234584,640640,62105688,56404660,64771540,0,873624,0,3,4,0,7927736,2032632005,2035954264,449,449,160160,1552186,3108168,218406,43283999,44321,299537326,298397265,0
1789651939.4860868,31.335,5681582,341217,0,224,66,51,57779,438336,16754679,6547792,786180,62094972,56078736,64771540,0,852756,0,1,4,0,7929120,2032663054,2035985352,449,449,196545,1551869,3107532,213189,43285675,44321,299704226,298397265,0
1789651939.736566,31.585,5681860,341229,0,224,66,51,57803,438419,16759882,6819228,909644,61939040,55649472,64771540,0,828180,0,0,5,0,7929704,2032684517,2036006833,449,449,227411,1547928,3099642,207045,43315961,44321,299852078,298397265,0
1789651939.987039,31.836,5682158,341243,0,224,66,51,57819,438492,16762508,7087948,1051152,61964516,55404360,64771540,0,799120,0,0,5,0,7931162,2032712472,2036034844,449,449,262788,1548518,3100823,199780,43319264,44321,299979582,298397265,0
1789651940.2375214,32.086,5682451,341255,0,224,66,51,57840,438568,16767506,7361932,1197204,61928460,55092036,64771540,0,778248,0,0,5,0,7931902,2032734048,2036056427,449,449,299301,1547561,3098906,194562,43340047,44321,300107086,298397265,0
1789651940.4880135,32.337,5682714,341266,0,224,66,51,57863,438671,16770383,7635944,1343468,61807364,54694852,64771540,0,753672,0,0,7,0,7932642,2032750646,2036073109,449,449,335867,1544487,3092750,188418,43351114,44321,300234590,298397265,0
1789651940.7387192,32.587,5682974,341278,0,224,66,51,57880,438782,16775906,7903208,1472568,61756788,54374832,64771540,0,732804,0,0,8,0,7933686,2032768878,2036091364,449,449,368142,1543169,3090112,183201,43373341,44321,300373410,298397265,0
1789651940.9893951,32.838,5683268,341291,0,224,66,51,57905,438849,16779325,8188256,1609132,61611600,53942728,64771540,0,703744,0,0,7,0,7934406,2032792204,2036114731,449,449,402386,1539508,3082781,175936,43378657,44321,300521474,298397265,0
1789651941.2398472,33.088,5683555,341306,0,224,66,51,57928,438924,16785604,8483316,1727496,61550540,53584752,64771540,0,679168,0,2,3,0,7935584,2032819105,2036141666,449,449,431874,1537929,3079618,169792,43408756,44321,300699458,298397265,0
1789651941.4902992,33.339,5683851,341318,0,224,66,51,57943,439002,16788364,8779304,1881580,61559872,53296136,64771540,0,650108,0,0,7,0,7937057,2032845838,2036168496,449,449,470395,1538123,3080007,162527,43410441,44321,300840258,298397265,0
1789651941.7407289,33.589,5684134,341333,0,224,66,51,57972,439077,16794480,9051900,1994904,61417000,52878592,64771540,0,621048,0,0,8,0,7938207,2032873845,2036196542,449,449,498726,1534495,3072741,155262,43434192,44321,300999614,298397265,0
1789651941.991194,33.84,5684418,341345,0,224,66,51,57986,439166,16797337,9323984,2139096,61466000,52653744,64771540,0,604664,0,0,5,0,7938504,2032896802,2036219500,449,449,534774,1535674,3075103,151166,43437539,44321,301127118,298397265,0
1789651942.2416792,34.09,5684695,341367,0,224,66,51,58005,439248,16800669,9607640,2294376,61432404,52332916,64771540,0,583792,0,0,6,0,7939053,2032932225,2036254942,449,449,573594,1534776,3073304,145948,43445344,44343,301259314,298397265,0
1789651942.4923239,34.341,5684956,341393,0,224,66,51,58036,439330,16806744,9871752,2425372,61272872,51906528,64771540,0,554724,0,1,5,0,7940224,2032974091,2036296925,449,449,606444,1530735,3065213,138681,43474884,44382,301392750,298397265,0
1789651942.7427607,34.591,5685219,341417,0,224,66,51,58054,439424,16810403,10172704,2556896,61329856,51660256,64771540,0,538340,0,1,5,0,7942174,2033010606,2036333527,449,449,639224,1532103,3067953,134585,43481748,44387,301562550,298397269,0
1789651942.993223,34.842,5685514,341429,0,224,66,51,58076,439494,16813286,10450368,2703984,61245940,51296584,64771540,0,509276,0,1,4,0,7944509,2033031139,2036354150,449,449,675996,1529966,3063674,127319,43486745,44387,301694286,298397269,0
1789651943.243692,35.092,5685794,341442,0,224,66,51,58100,439575,16818898,10699600,2816436,61271112,51070780,64771540,0,484308,0,2,4,0,7946120,2033053213,2036376286,449,449,704109,1530516,3064774,121077,43516170,44387,301831646,298397269,0
1789651943.4941435,35.343,5686088,341458,0,224,66,51,58115,439650,16821913,11012488,2959588,61265656,50750416,64771540,0,455636,0,0,5,0,7947332,2033085907,2036409050,449,449,739897,1530355,3064451,113909,43517777,44387,302000174,298397269,0
1789651943.7446373,35.593,5686377,341472,0,224,66,51,58136,439726,16825239,11298200,3091624,61154544,50351520,64771540,0,434760,0,0,5,0,7948126,2033106799,2036429979,449,449,772906,1527529,3058793,108690,43521233,44387,302154554,298397269,0
1789651943.995392,35.844,5686670,341487,0,224,66,51,58156,439796,16831012,11561900,3222800,61104236,50035916,64771540,0,405700,0,0,5,0,7948679,2033132813,2036456066,449,449,805700,1526234,3056200,101425,43545496,44387,302287058,298397829,0
1789651944.2458503,36.094,5686969,341498,0,224,66,51,58173,439869,16833412,11853200,3386548,61145092,49782800,64771540,0,389316,0,0,5,0,7950081,2033155172,2036478501,449,449,846637,1527187,3058108,97329,43547308,44387,302414562,298398273,0
1789651944.4963205,36.345,5687246,341509,0,224,66,51,58200,439952,16839268,12101080,3506376,61007408,49395732,64771540,0,360248,0,0,5,0,7950838,2033172873,2036496236,449,449,876594,1523700,3051126,90062,43576639,44387,302542066,298398273,0
1789651944.7467752,36.595,5687540,341525,0,224,66,51,58213,440029,16842940,12387820,3644960,61321188,49420588,64771540,0,331188,0,0,5,0,7951675,2033202533,2036525990,449,449,911240,1531504,3066753,82797,43577837,44387,302690426,298398273,0
1789651944.9972649,36.846,5687837,341538,0,224,66,51,58235,440096,16846040,12671792,3788344,61253956,49067092,64771540,0,314804,0,1,5,0,7952399,2033229819,2036553289,449,449,947086,1529756,3063252,78701,43582034,44387,302830778,298398273,0
1789651945.247731,37.096,5688121,341551,0,224,66,51,58255,440178,16850893,12966288,3943436,61210304,48726932,64771540,0,293936,0,0,5,0,7953623,2033253866,2036577379,449,449,985963,1528616,3060970,73484,43596878,44387,302970406,298398273,0
1789651945.4982095,37.347,5688418,341566,0,224,66,51,58273,440249,16854232,13370704,4176120,61234588,48343472,64771540,0,269360,0,0,5,0,7954829,2033284555,2036608112,449,449,1044030,1529139,3062017,67340,43598959,44387,303139794,298398273,0
1789651945.7486756,37.597,5688698,341580,0,224,66,51,58300,440330,16859148,13652124,4310860,61729260,48554784,64771540,0,240300,0,2,3,0,7955396,2033312509,2036636079,449,449,1077715,1541436,3086642,60075,43602908,44387,303289310,298398273,0
1789651945.9991398,37.848,5688987,341597,0,224,66,51,58314,440410,16864470,13929596,4411092,61958120,48504428,64771540,0,211240,0,0,5,0,7956821,2033343626,2036667264,449,449,1102773,1547109,3098001,52810,43604549,44387,303466026,298398273,0
1789651946.2496126,38.098,5689265,341609,0,224,66,51,58339,440493,16868847,14215748,4551496,61977352,48235456,64771540,0,194856,0,0,5,0,7958890,2033368892,2036692624,449,449,1137874,1547538,3098859,48714,43609607,44387,303612146,298398273,0
1789651946.5000935,38.349,5689560,341624,0,224,66,51,58356,440566,16872866,14527968,4703268,62111928,48055660,64771540,0,165796,0,2,3,0,7959343,2033395396,2036719194,449,449,1175817,1550843,3105479,41449,43612088,44387,303772446,298398273,0
1789651946.7505596,38.599,5689845,341638,0,224,66,51,58380,440641,16877377,14819032,4841292,62249500,47899112,64771540,0,144928,0,1,4,0,7959963,2033419806,2036743644,449,449,1210323,1554202,3112204,36232,43616536,44387,303925394,298398273,0
1789651947.0010283,38.85,5690140,341655,0,224,66,51,58396,440715,16881626,15152476,5005812,62348664,47663320,64771540,0,120352,0,1,4,0,7960452,2033459127,2036783030,449,449,1251453,1556629,3117064,30088,43618665,44387,304094398,298398273,0
1789651947.2514908,39.1,5690422,341668,0,224,66,51,58422,440794,16886273,15440796,5142552,62395248,47418124,64771540,0,83152,0,0,5,0,7961627,2033478576,2036802577,449,449,1285638,1557715,3119239,20788,43623759,44387,304245798,298398273,0
1789651947.5019524,39.351,5690718,341683,0,224,66,51,58435,440868,16890264,15782788,5313308,62473612,47152208,64771540,0,70416,0,1,4,0,7962290,2033504917,2036828941,449,449,1328327,1559614,3123042,17604,43626447,44387,304417566,298398273,0
1789651947.7524333,39.601,5691004,341696,0,224,66,51,58457,440946,16894745,16198364,5580844,62456908,46717032,64771540,0,45840,0,1,4,0,7963138,2033525573,2036849646,449,449,1395107,1559125,3122062,11460,43633830,44387,304565058,298398273,0
1789651948.0028932,39.852,5691298,341713,0,224,66,51,58471,441021,16899221,16435740,5633480,62434768,46455704,64771540,0,16776,0,1,4,0,7965056,2033559109,2036883300,449,449,1408471,1558517,3120845,4194,43637640,44387,304749578,298398273,0
1789651948.2533574,40.102,5691612,341722,0,224,66,51,58491,441076,16902584,16689984,5783612,62571776,46334100,64771540,0,0,0,0,3,0,7965611,2033582197,2036906401,449,449,1446004,1561809,3127436,0,43643212,44387,304853602,298398273,0
1789651948.5038202,40.352,5691893,341722,0,224,66,51,58504,441181,16910175,16644568,5738220,62547244,46353424,64771540,0,0,0,0,7,0,7966006,2033582459,2036906663,449,449,1434555,1561188,3126193,0,43652700,44387,304853718,298398273,0
1789651948.754296,40.603,5692125,341722,0,224,66,51,58505,441349,16912884,16644568,5738220,62541436,46347616,64771540,0,0,0,0,11,0,7966096,2033582459,2036906663,449,449,1434555,1561043,3125903,0,43654554,44387,304853718,298398273,0
1789651949.0049822,40.854,5692384,341722,0,224,66,51,58508,441487,16916040,16644572,5738220,62537108,46343264,64771540,0,0,0,0,5,0,7966244,2033582459,2036906663,449,449,1434555,1560935,3125686,0,43655164,44387,304853718,298398273,0
1789651949.2554762,41.104,5692662,341722,0,224,66,51,58512,441606,16918111,16644580,5737932,62534052,46340188,64771540,0,0,0,0,5,0,7966321,2033582460,2036906668,449,449,1434483,1560858,3125533,0,43661826,44387,304853718,298399117,0
1789651949.505953,41.355,5692947,341722,0,224,66,51,58517,441716,16919584,16644676,5738028,62533840,46339884,64771540,0,0,0,0,5,0,7966360,2033582460,2036906668,449,449,1434507,1560853,3125523,0,43661895,44387,304853718,298399117,0
1789651949.7564394,41.605,5693234,341722,0,224,66,51,58520,441826,16921066,16644676,5738028,62525224,46331268,64771540,0,0,0,0,5,0,7966398,2033582460,2036906668,449,449,1434507,1560638,3125092,0,43664087,44387,304853718,298399117,0
1789651950.007047,41.856,5693515,341722,0,224,66,51,58524,441942,16922262,16644772,5738124,62522532,46328480,64771540,0,0,0,0,5,0,7966436,2033582460,2036906668,449,449,1434531,1560571,3124958,0,43665050,44387,304853718,298399117,0
1789651950.2576988,42.106,5693790,341722,0,224,66,51,58527,442063,16924330,16644772,5738124,62494584,46300532,64771540,0,0,0,0,5,0,7966676,2033582460,2036906668,449,449,1434531,1559873,3123561,0,43671560,44387,304853718,298399117,0
1789651950.5084016,42.357,5694080,341722,0,224,66,51,58530,442171,16926183,16644772,5738124,62493780,46299728,64771540,0,0,0,0,5,0,7966715,2033582460,2036906668,449,449,1434531,1559853,3123520,0,43671608,44387,304853718,298399117,0
1789651950.7590535,42.608,5694375,341722,0,224,66,51,58532,442274,16927160,16644868,5738220,62493704,46299556,64771540,0,0,0,0,5,0,7966744,2033582460,2036906668,449,449,1434555,1559851,3123517,0,43671653,44387,304853718,298399117,0
1789651951.009534,42.858,5694649,341722,0,224,66,51,58535,442397,16928453,16644868,5738220,62492696,46298548,64771540,0,0,0,0,5,0,7966795,2033582460,2036906668,449,449,1434555,1559826,3123466,0,43672230,44387,304853718,298399117,0
1789651951.2599998,43.109,5694929,341722,0,224,66,51,58537,442514,16929995,16644964,5738316,62508344,46314100,64771540,0,0,0,0,11,0,7966878,2033582460,2036906668,449,449,1434579,1560217,3124248,0,43672593,44387,304853718,298399117,0
1789651951.5105627,43.359,5695218,341722,0,224,66,51,58539,442623,16930621,16644964,5738316,62508000,46313756,64771540,0,0,0,0,5,0,7966887,2033582460,2036906668,449,449,1434579,1560208,3124231,0,43672619,44387,304853718,298399117,0
1789651951.7610555,43.61,5695509,341722,0,224,66,51,58542,442729,16931512,16644964,5738316,62506840,46312596,64771540,0,0,0,0,5,0,7966914,2033582460,2036906668,449,449,1434579,1560179,3124173,0,43673721,44387,304853718,298399117,0
1789651952.011536,43.86,5695796,341722,0,224,66,51,58545,442840,16932323,16645060,5738412,62506836,46312496,64771540,0,0,0,0,5,0,7966942,2033582460,2036906668,449,449,1434603,1560179,3124173,0,43673746,44387,304853718,298399117,0
1789651952.2620018,44.111,5696052,341722,0,224,66,51,58547,442981,16934318,16645060,5738412,62527972,46333632,64771540,0,0,0,0,5,0,7967448,2033582460,2036906668,449,449,1434603,1560707,3125230,0,43674693,44387,304853718,298399117,0
1789651952.5124872,44.361,5696342,341722,0,224,66,51,58550,443089,16935048,16645156,5738508,62528004,46333568,64771540,0,0,0,0,5,0,7967471,2033582460,2036906668,449,449,1434627,1560707,3125231,0,43674709,44387,304853718,298399117,0
1789651952.7629747,44.612,5696630,341722,0,224,66,51,58553,443198,16936148,16645156,5738508,62525332,46330896,64771540,0,0,0,0,6,0,7967512,2033582460,2036906668,449,449,1434627,1560641,3125098,0,43675283,44387,304853718,298399117,0
1789651953.013685,44.862,5696916,341722,0,224,66,51,58555,443310,16936911,16645156,5738508,62525332,46330896,64771540,0,0,0,0,6,0,7967529,2033582460,2036906668,449,449,1434627,1560641,3125098,0,43675314,44387,304853718,298399117,0
1789651953.2643907,45.113,5697202,341722,0,224,66,51,58558,443423,16938206,16645252,5738604,62536248,46341716,64771540,0,0,0,0,5,0,7967606,2033582460,2036906668,449,449,1434651,1560913,3125643,0,43676089,44387,304853718,298399117,0
1789651953.5150552,45.364,5697498,341722,0,224,66,51,58561,443525,16938683,16645252,5738604,62519132,46324600,64771540,0,0,0,0,5,0,7967614,2033582460,2036906668,449,449,1434651,1560486,3124788,0,43681475,44387,304853718,298399117,0
1789651953.7657218,45.614,5697794,341722,0,224,66,51,58563,443628,16939328,16645252,5738604,62518356,46323824,64771540,0,0,0,0,6,0,7967633,2033582460,2036906668,449,449,1434651,1560467,3124749,0,43681727,44387,304853718,298399117,0
1789651954.016345,45.865,5698080,341722,0,224,66,51,58566,443740,16939919,16645348,5738700,62517880,46323256,64771540,0,0,0,0,5,0,7967647,2033582460,2036906668,449,449,1434675,1560455,3124725,0,43681771,44387,304853718,298399117,0
1789651954.267006,46.116,5698373,341722,0,224,66,51,58570,443842,16941431,16645336,5467976,62530204,46335580,64771540,0,262532,0,0,6,0,7968120,2033582469,2036906679,449,449,1366994,1560762,3125341,65633,43682260,44387,304853722,298669841,0
1789651954.5177264,46.366,5698655,341722,0,224,66,51,58573,443957,16942625,16645476,5376784,62529292,46334524,64771540,0,337436,0,0,5,0,7969099,2033582490,2036906884,449,449,1344196,1560740,3125296,84359,43682621,44387,304853722,298761129,0
1789651954.7684324,46.617,5698950,341722,0,224,66,51,58577,444060,16943072,16645476,5376784,62528588,46333820,64771540,0,304668,0,0,5,0,7969846,2033582490,2036907173,449,449,1344196,1560722,3125260,76167,43682630,44387,304853722,298761129,0
1789651955.019125,46.868,5699245,341722,0,224,66,51,58580,444163,16943911,16645572,5376880,62532272,46337412,64771540,0,288284,0,0,12,0,7970529,2033582490,2036907501,449,449,1344220,1560814,3125444,72071,43682961,44387,304853722,298761129,0
1789651955.269734,47.118,5699541,341722,0,224,66,51,58582,444263,16944475,16645572,5376880,62541300,46346440,64771540,0,255516,0,0,6,0,7972417,2033582490,2036907935,449,449,1344220,1561039,3125896,63879,43682973,44387,304853722,298761129,0
1789651955.5202186,47.369,5699822,341722,0,224,66,51,58586,444379,16946250,16645572,5376880,62539384,46344516,64771540,0,239132,0,0,5,0,7972672,2033582490,2036908054,449,449,1344220,1560991,3125800,59783,43684052,44387,304853722,298761129,0
1789651955.770943,47.62,5700112,341722,0,224,66,51,58588,444487,16947224,16645668,5376976,62538848,46343888,64771540,0,206364,0,0,5,0,7973302,2033582490,2036908339,449,449,1344244,1560978,3125773,51591,43684190,44387,304853722,298761129,0
1789651956.0216393,47.87,5700401,341722,0,224,66,51,58592,444595,16948712,16645668,5376976,62537992,46343032,64771540,0,189980,0,0,5,0,7973868,2033582490,2036908489,449,449,1344244,1560957,3125730,47495,43684973,44387,304853722,298761129,0
1789651956.2723415,48.121,5700699,341722,0,224,66,51,58595,444694,16949093,16645764,5377072,62555844,46360792,64771540,0,157212,0,0,5,0,7974221,2033582609,2036908801,449,449,1344268,1561402,3126623,39303,43684982,44387,304853722,298761129,0
1789651956.5230012,48.372,5700998,341722,0,224,66,51,58597,444795,16949826,16645764,5377072,62552020,46356964,64771540,0,140828,0,0,5,0,7974834,2033582609,2036909088,449,449,1344268,1561307,3126432,35207,43685846,44387,304853722,298761129,0
1789651956.773733,48.622,5701287,341722,0,224,66,51,58601,444903,16950701,16645764,5377072,62550612,46355552,64771540,0,124056,0,0,5,0,7975480,2033582609,2036909320,449,449,1344268,1561272,3126361,31014,43686431,44387,304853722,298761129,0
1789651957.0243957,48.873,5701575,341722,0,224,66,51,58606,445011,16951566,16645860,5377168,62521472,46326320,64771540,0,91652,0,0,6,0,7975859,2033582609,2036909725,449,449,1344292,1560544,3124905,22913,43693017,44387,304853722,298761129,0
1789651957.275085,49.124,5701874,341722,0,224,66,51,58609,445110,16951832,16645864,5377168,62529724,46334572,64771540,0,66580,0,0,5,0,7976899,2033582883,2036910373,449,449,1344292,1560750,3125317,16645,43693029,44387,304853730,298761129,0
1789651957.5257843,49.374,5702237,341723,0,224,66,51,58609,445148,16951952,16645864,5377168,62529544,46334392,64771540,0,49940,0,0,3,0,7976976,2033582886,2036910864,449,449,1344292,1560746,3125308,12485,43693029,44387,304853730,298761129,0
1789651957.7764387,49.625,5702610,341723,0,224,66,51,58610,445174,16952163,16681912,5413212,62524468,46293268,64771540,0,16780,0,0,2,0,7978222,2033583752,2036911997,449,449,1353303,1560619,3125054,4195,43693034,44387,304853730,298761129,0
1789651958.0269144,49.876,5702985,341723,0,224,66,51,58613,445197,16952239,16748736,5480036,62521176,46222772,64771540,0,0,0,0,2,0,7979775,2033584040,2036912446,449,449,1370009,1560527,3124871,0,43693037,44387,304853730,298761129,0
1789651958.2772772,50.126,5703360,341723,0,224,66,51,58615,445220,16952306,16785324,5516624,62519744,46183944,64771540,0,0,0,0,2,0,7980696,2033584040,2036912446,449,449,1379156,1560471,3124759,0,43693039,44387,304853730,298761129,0
1789651958.5276382,50.376,5703736,341723,0,224,66,51,58617,445243,16952354,16785324,5516624,62472176,46136376,64771540,0,0,0,0,2,0,7980709,2033584040,2036912446,449,449,1379156,1559284,3122381,0,43701266,44387,304853730,298761129,0
1789651958.777959,50.627,5704111,341723,0,224,66,51,58625,445260,16952443,16785324,5516624,62302900,45967100,64771540,0,0,0,0,2,0,7980722,2033584040,2036912446,449,449,1379156,1555058,3113919,0,43743889,44387,304853730,298761129,0
1789651959.028279,50.877,5704486,341723,0,224,66,51,58632,445279,16952558,16785324,5516624,62165944,45830144,64771540,0,0,0,0,2,0,7980724,2033584040,2036912446,449,449,1379156,1551639,3107073,0,43779407,44387,304853730,298761129,0
1789651959.2786064,51.127,5704861,341723,0,224,66,51,58637,445298,16952715,16785632,5516932,62045884,45709576,64771540,0,0,0,0,2,0,7980841,2033584040,2036912446,449,449,1379233,1548637,3101062,0,43810248,44387,304853730,298761129,0
1789651959.5289774,51.378,5705237,341723,0,224,66,51,58637,445323,16952758,16785632,5516932,62045592,45709284,64771540,0,0,0,0,2,0,7980841,2033584040,2036912446,449,449,1379233,1548630,3101047,0,43810249,44387,304853730,298761129,0
1789651959.7793095,51.628,5705612,341723,0,224,66,51,58637,445348,16952794,16785632,5516932,62045592,45709284,64771540,0,0,0,0,2,0,7980841,2033584040,2036912446,449,449,1379233,1548630,3101047,0,43810250,44387,304853730,298761129,0
1789651960.0296214,51.878,5705988,341723,0,224,66,51,58637,445373,16952837,16785632,5516932,62045592,45709284,64771540,0,0,0,0,2,0,7980841,2033584040,2036912446,449,449,1379233,1548630,3101047,0,43810251,44387,304853730,298761129,0
1789651960.2799196,52.129,5706363,341723,0,224,66,51,58637,445398,16952888,16785632,5516932,62046776,45710468,64771540,0,0,0,0,2,0,7980957,2033584040,2036912446,449,449,1379233,1548660,3101106,0,43810251,44387,304853730,298761129,0
1789651960.5302958,52.379,5706737,341723,0,224,66,51,58638,445424,16953364,16785632,5516952,62052836,45716520,64771540,0,0,0,0,2,0,7981015,2033584041,2036912446,449,449,1379238,1548811,3101409,0,43810800,44387,304853730,298761205,0
1789651960.7807262,52.629,5707113,341723,0,224,66,51,58638,445449,16953399,16785632,5516952,62052836,45716520,64771540,0,0,0,0,2,0,7981027,2033584041,2036912446,449,449,1379238,1548811,3101409,0,43810800,44387,304853730,298761205,0
1789651961.0310633,52.88,5707488,341723,0,224,66,51,58638,445474,16953439,16785632,5516952,62052836,45716520,64771540,0,0,0,0,2,0,7981122,2033584041,2036912446,449,449,1379238,1548811,3101409,0,43810802,44387,304853730,298761205,0
1789651961.2814128,53.13,5707863,341723,0,224,66,51,58638,445499,16953532,16785632,5516952,62053828,45717496,64771540,0,0,0,0,2,0,7981145,2033584041,2036912446,449,449,1379238,1548835,3101458,0,43810804,44387,304853730,298761205,0
1789651961.5318003,53.38,5708239,341723,0,224,66,51,58638,445524,16953577,16785632,5516952,62053828,45717496,64771540,0,0,0,0,2,0,7981147,2033584041,2036912446,449,449,1379238,1548835,3101458,0,43810805,44387,304853730,298761205,0
1789651961.7821457,53.631,5708614,341723,0,224,66,51,58638,445549,16953608,16785632,5516952,62053828,45717496,64771540,0,0,0,0,2,0,7981147,2033584041,2036912446,449,449,1379238,1548835,3101458,0,43810806,44387,304853730,298761205,0
1789651962.0324953,53.881,5708990,341723,0,224,66,51,58638,445574,16953645,16785632,5516952,62053828,45717496,64771540,0,0,0,0,2,0,7981147,2033584041,2036912446,449,449,1379238,1548835,3101458,0,43810807,44387,304853730,298761205,0
1789651962.2827923,54.131,5709365,341723,0,224,66,51,58638,445599,16953730,16785632,5516952,62059384,45723052,64771540,0,0,0,0,2,0,7981250,2033584041,2036912446,449,449,1379238,1548974,3101736,0,43810808,44387,304853730,298761205,0
1789651962.533109,54.382,5709738,341723,0,224,66,51,58638,445627,16953803,16820968,5552288,62062668,45690188,64771540,0,0,0,0,2,0,7981258,2033584041,2036912446,449,449,1388072,1549036,3101860,0,43810820,44387,304853730,298761205,0
1789651962.7834404,54.632,5710113,341723,0,224,66,51,58640,445650,16953838,16885952,5617272,62059076,45619996,64771540,0,0,0,0,2,0,7981268,2033584041,2036912446,449,449,1404318,1548906,3101599,0,43810820,44387,304853730,298761205,0
1789651963.033737,54.882,5710488,341723,0,224,66,51,58642,445673,16953886,16950920,5682240,62067548,45561468,64771540,0,0,0,0,2,0,7981268,2033584041,2036912446,449,449,1420560,1549067,3101921,0,43810821,44387,304853730,298761205,0
1789651963.2840426,55.133,5710864,341723,0,224,66,51,58645,445696,16953937,17015972,5747292,62066080,45493668,64771540,0,0,0,0,2,0,7981385,2033584041,2036912446,449,449,1436823,1548988,3101764,0,43810822,44387,304853730,298761205,0
1789651963.5343673,55.383,5711239,341723,0,224,66,51,58647,445719,16953983,17080936,5812256,62063276,45423476,64771540,0,0,0,0,2,0,7981395,2033584041,2036912446,449,449,1453064,1548868,3101523,0,43810823,44387,304853730,298761205,0
1789651963.7846575,55.633,5711614,341723,0,224,66,51,58649,445741,16954016,17145908,5877228,62068568,45362180,64771540,0,0,0,0,2,0,7981395,2033584041,2036912446,449,449,1469307,1548959,3101706,0,43810824,44387,304853730,298761205,0
1789651964.0349505,55.884,5711990,341723,0,224,66,51,58651,445764,16954053,17210880,5942200,62065368,45291988,64771540,0,0,0,0,2,0,7981395,2033584041,2036912446,449,449,1485550,1548829,3101446,0,43810825,44387,304853730,298761205,0
1789651964.2852383,56.134,5712365,341723,0,224,66,51,58654,445787,16954110,17275896,6007216,62070956,45230868,64771540,0,0,0,0,3,0,7981516,2033584041,2036912446,449,449,1501804,1548926,3101639,0,43810825,44387,304853730,298761205,0
1789651964.5355642,56.384,5712741,341723,0,224,66,51,58656,445810,16954198,17340864,6072184,62074312,45167624,64771540,0,0,0,0,2,0,7981539,2033584041,2036912446,449,449,1518046,1548959,3101706,0,43810827,44387,304853730,298761205,0
1789651964.78588,56.634,5713104,341723,0,224,66,51,58660,445842,16954852,17349476,6080796,62063460,45147536,64771540,0,0,0,0,2,0,7981579,2033584041,2036912446,449,449,1520199,1548683,3101153,0,43815309,44387,304853730,298761205,0
1789651965.0362952,56.885,5713480,341723,0,224,66,51,58661,445866,16954891,17349476,6080796,62063460,45147536,64771540,0,0,0,0,2,0,7981601,2033584041,2036912446,449,449,1520199,1548683,3101153,0,43815310,44387,304853730,298761205,0
1789651965.286631,57.135,5713855,341723,0,224,66,51,58664,445888,16954952,17349476,6080796,62062832,45146904,64771540,0,0,0,0,2,0,7981621,2033584041,2036912446,449,449,1520199,1548667,3101122,0,43815311,44387,304853730,298761205,0
1789651965.5369813,57.386,5714231,341723,0,224,66,51,58665,445912,16954993,17349476,6080796,62062832,45146904,64771540,0,0,0,0,2,0,7981621,2033584041,2036912446,449,449,1520199,1548667,3101122,0,43815312,44387,304853730,298761205,0
1789651965.7873173,57.636,5714606,341723,0,224,66,51,58665,445937,16955026,17349476,6080796,62062832,45146904,64771540,0,0,0,0,2,0,7981621,2033584041,2036912446,449,449,1520199,1548667,3101122,0,43815313,44387,304853730,298761205,0
1789651966.0376391,57.886,5714981,341723,0,224,66,51,58666,445962,16955086,17349476,6080796,62062832,45146904,64771540,0,0,0,0,2,0,7981644,2033584041,2036912446,449,449,1520199,1548667,3101122,0,43815313,44387,304853730,298761205,0
1789651966.2879486,58.137,5715357,341723,0,224,66,51,58666,445987,16955141,17349476,6080796,62064288,45148360,64771540,0,0,0,0,2,0,7981739,2033584041,2036912446,449,449,1520199,1548704,3101195,0,43815314,44387,304853730,298761205,0
1789651966.538271,58.387,5715732,341723,0,224,66,51,58666,446012,16955182,17349476,6080796,62061180,45145252,64771540,0,0,0,0,2,0,7981762,2033584041,2036912446,449,449,1520199,1548626,3101039,0,43816208,44387,304853730,298761205,0
1789651966.7885952,58.637,5716107,341723,0,224,66,51,58666,446037,16955221,17349476,6080796,62061180,45145252,64771540,0,0,0,0,2,0,7981775,2033584041,2036912446,449,449,1520199,1548626,3101039,0,43816355,44387,304853730,298761205,0
1789651967.0388932,58.888,5716483,341723,0,224,66,51,58666,446062,16955258,17349476,6080796,62057140,45141212,64771540,0,0,0,0,2,0,7981775,2033584041,2036912446,449,449,1520199,1548525,3100837,0,43816887,44387,304853730,298761205,0
1789651967.2891958,59.138,5716858,341723,0,224,66,51,58666,446087,16955308,17349476,6080796,62054896,45138964,64771540,0,0,0,0,3,0,7981887,2033584041,2036912446,449,449,1520199,1548469,3100725,0,43817944,44387,304853730,298761205,0
1789651967.5395265,59.388,5717234,341723,0,224,66,51,58666,446112,16955346,17349476,6080796,62052172,45136240,64771540,0,0,0,0,2,0,7981887,2033584041,2036912446,449,449,1520199,1548401,3100589,0,43818622,44387,304853730,298761205,0
1789651967.78984,59.638,5717609,341723,0,224,66,51,58666,446137,16955385,17349476,6080796,62043808,45127876,64771540,0,0,0,0,2,0,7981887,2033584041,2036912446,449,449,1520199,1548193,3100171,0,43819678,44387,304853730,298761205,0
1789651968.0401518,59.889,5717984,341723,0,224,66,51,58666,446162,16955422,17349476,6080796,62043808,45127876,64771540,0,0,0,0,2,0,7981887,2033584041,2036912446,449,449,1520199,1548193,3100171,0,43820412,44387,304853730,298761205,0
1789651968.2905111,60.139,5718360,341723,0,224,66,51,58666,446187,16955483,17349476,6080796,62043664,45127732,64771540,0,0,0,0,2,0,7981997,2033584041,2036912446,449,449,1520199,1548189,3100164,0,43820414,44387,304853730,298761233,0
1789651968.5408442,60.389,5718735,341723,0,224,66,51,58666,446212,16955567,17349476,6080796,62048928,45132996,64771540,0,0,0,0,2,0,7982012,2033584041,2036912446,449,449,1520199,1548320,3100427,0,43820414,44387,304853730,298761233,0
1789651968.7911525,60.64,5719111,341723,0,224,66,51,58668,446236,16955606,17394968,6126288,62040192,45077556,64771540,0,0,0,0,2,0,7982024,2033584041,2036912446,449,449,1531572,1548072,3099929,0,43820415,44387,304853730,298761233,0
1789651969.0414803,60.89,5719486,341723,0,224,66,51,58670,446258,16955645,17460756,6192076,62041912,45011680,64771540,0,0,0,0,2,0,7982117,2033584041,2036912446,449,449,1548019,1548070,3099925,0,43820416,44387,304853730,298761233,0
1789651969.2917883,61.14,5719851,341724,0,224,66,51,58682,446281,16956159,17526264,4045256,62040444,44942812,64771540,0,2187616,0,0,2,0,7984355,2033585797,2036914327,449,449,1011314,1547987,3099759,546904,43820417,44387,304853738,300973505,0
1789651969.5421531,61.391,5720226,341724,0,224,66,51,58685,446304,16956230,17591396,4110388,62025552,44860948,64771540,0,2171232,0,0,2,0,7985122,2033587028,2036915573,449,449,1027597,1547570,3098923,542808,43820419,44387,304853738,300973505,0
1789651969.7924926,61.641,5720600,341724,0,224,66,51,58687,446328,16956318,17656524,4175408,62034352,44802828,64771540,0,2138548,0,0,2,0,7986572,2033588624,2036917203,449,449,1043852,1547744,3099273,534637,43820420,44387,304853738,300973613,0
1789651970.0427918,61.891,5720975,341725,0,224,66,51,58689,446350,16956393,17721808,4240692,62031080,44732716,64771540,0,2122164,0,0,2,0,7987605,2033590022,2036918627,449,449,1060173,1547623,3099031,530541,43820420,44387,304853738,300973613,0
1789651970.2930875,62.142,5721351,341725,0,224,66,51,58691,446374,16956486,17786956,4305840,62015192,44649860,64771540,0,2089388,0,0,3,0,7990546,2033590022,2036919613,449,449,1076460,1547181,3098145,522347,43820421,44387,304853738,300973613,0
1789651970.5434167,62.392,5721726,341725,0,224,66,51,58693,446396,16956548,17852084,4370968,62016952,44584400,64771540,0,2073004,0,0,2,0,7992181,2033590022,2036920136,449,449,1092742,1547173,3098129,518251,43820421,44387,304853738,300973613,0
1789651970.793729,62.642,5722101,341725,0,224,66,51,58695,446419,16956622,17913476,4432360,62021040,44525400,64771540,0,2040228,0,0,2,0,7995185,2033590022,2036921695,449,449,1108090,1547233,3098249,510057,43820551,44387,304853738,300973613,0
1789651971.044028,62.893,5722477,341725,0,224,66,51,58696,446443,16956689,17913476,4432360,62021232,44525580,64771540,0,2023844,0,0,2,0,7996813,2033590022,2036922207,449,449,1108090,1547237,3098258,505961,43820612,44387,304853738,300973613,0
1789651971.2943718,63.143,5722851,341725,0,224,66,51,58698,446467,16956852,17913476,4432360,62022344,44526692,64771540,0,1990968,0,0,2,0,7999659,2033590066,2036923185,449,449,1108090,1547265,3098314,497742,43820693,44387,304853738,300973613,0
1789651971.5447395,63.393,5723227,341725,0,224,66,51,58700,446490,16956915,17913476,4432360,62022352,44526692,64771540,0,1974584,0,0,2,0,8000195,2033590651,2036923961,449,449,1108090,1547265,3098314,493646,43820753,44387,304853738,300973613,0
1789651971.7950485,63.644,5723601,341725,0,224,66,51,58702,446515,16957025,17913476,4432360,62018716,44523056,64771540,0,1949992,0,0,2,0,8002174,2033590896,2036924991,449,449,1108090,1547175,3098133,487498,43821393,44387,304853738,300973613,0
1789651972.0454028,63.894,5723976,341725,0,224,66,51,58702,446539,16957110,17913476,4432360,62010896,44515236,64771540,0,1925416,0,0,2,0,8003759,2033591925,2036926435,449,449,1108090,1546979,3097742,481354,43822549,44387,304853738,300973613,0
1789651972.2957115,64.144,5724351,341725,0,224,66,51,58702,446564,16957196,17913476,4432360,61995772,44500096,64771540,0,1901152,0,0,4,0,8007686,2033591925,2036927292,449,449,1108090,1546602,3096986,475288,43823126,44387,304853738,300973613,0
1789651972.5460336,64.395,5724726,341725,0,224,66,51,58702,446589,16957302,17913476,4432360,61989036,44493360,64771540,0,1876332,0,0,2,0,8010621,2033592679,2036928365,449,449,1108090,1546434,3096649,469083,43824280,44387,304853738,300973613,0
1789651972.7963612,64.645,5725101,341726,0,224,66,51,58703,446614,16957427,17913476,4429688,61980956,44485280,64771540,0,1851796,0,0,2,0,8012465,2033593475,2036929403,449,449,1107422,1546232,3096245,462949,43825312,44387,304853738,300976293,0
1789651973.0466707,64.895,5725476,341726,0,224,66,51,58703,446639,16957508,17913476,4429688,61980956,44485280,64771540,0,1827220,0,0,2,0,8014147,2033594223,2036930618,449,449,1107422,1546232,3096245,456805,43825313,44387,304853738,300976293,0
1789651973.296993,65.146,5725851,341726,0,224,66,51,58703,446664,16957605,17913476,4429680,61977476,44481800,64771540,0,1802592,0,0,2,0,8018292,2033594223,2036931560,449,449,1107420,1546145,3096071,450648,43826045,44387,304853738,300976293,0
1789651973.547396,65.396,5726225,341726,0,224,66,51,58703,446691,16957702,17913476,4429680,61973856,44478172,64771540,0,1778016,0,0,2,0,8020506,2033594223,2036932196,449,449,1107420,1546055,3095890,444504,43827760,44387,304853738,300976293,0
1789651973.797739,65.646,5726593,341727,0,224,66,51,58707,446718,16958690,17913476,4433136,61971188,44475416,64771540,0,1753352,0,0,2,0,8020558,2033594351,2036932325,449,449,1108284,1545986,3095753,438338,43834686,44387,304853738,300976505,0
1789651974.048168,65.897,5726968,341727,0,224,66,51,58707,446744,16958767,17913476,4433136,61967156,44471384,64771540,0,1728776,0,0,2,0,8023537,2033594351,2036933255,449,449,1108284,1545886,3095552,432194,43835702,44387,304853738,300976505,0
1789651974.2986906,66.147,5727335,341727,0,224,66,51,58716,446769,16958923,17913424,2633316,61965680,44469908,64771540,0,3495928,0,0,3,0,8025012,2033594794,2036933999,449,449,657721,1545849,3095478,874590,43836537,44387,304853738,302778501,0
1789651974.5492916,66.398,5727706,341727,0,224,66,51,58720,446794,16959028,17913652,1668812,61964740,44468692,64771540,0,4444048,0,0,2,0,8025946,2033595640,2036934853,449,449,417203,1545825,3095430,1111012,43836539,44387,304853742,303740829,0
1789651974.799717,66.648,5728081,341728,0,224,66,51,58720,446819,16959111,17913652,1668800,61964740,44468692,64771540,0,4411288,0,0,2,0,8027318,2033596936,2036936429,449,449,417200,1545825,3095430,1102822,43836541,44387,304853742,303740845,0
1789651975.0500963,66.899,5728456,341728,0,224,66,51,58721,446843,16959188,17947292,1702440,61975204,44444592,64771540,0,4394888,0,0,2,0,8029129,2033597805,2036937315,449,449,425610,1546063,3095906,1098722,43836542,44387,304853742,303740845,0
1789651975.300537,67.149,5728832,341728,0,224,66,51,58724,446866,16959282,18012580,1767728,61967632,44370112,64771540,0,4362012,0,0,2,0,8032687,2033598878,2036939201,449,449,441932,1545833,3095446,1090503,43836542,44387,304853742,303740845,0
1789651975.5511014,67.4,5729207,341728,0,224,66,51,58726,446888,16959340,18077916,1833064,61969900,44305140,64771540,0,4345628,0,0,2,0,8033062,2033598878,2036939560,449,449,458266,1545842,3095463,1086407,43836544,44387,304853742,303740845,0
1789651975.8015335,67.65,5729582,341728,0,224,66,51,58729,446910,16959427,18143492,1898640,61962952,44230828,64771540,0,4312844,0,0,2,0,8034278,2033600542,2036941517,449,449,474660,1545624,3095028,1078211,43836545,44387,304853742,303740845,0
1789651976.0518923,67.901,5729957,341728,0,224,66,51,58731,446934,16959541,18208916,1964068,61968948,44169676,64771540,0,4296460,0,0,2,0,8036205,2033600907,2036942167,449,449,491017,1545730,3095241,1074115,43836551,44387,304853742,303740845,0
1789651976.3022435,68.151,5730332,341729,0,224,66,51,58733,446957,16959650,18274036,2029192,61967132,44100828,64771540,0,4263684,0,0,2,0,8036929,2033601790,2036943491,449,449,507298,1545637,3095054,1065921,43836551,44387,304853742,303740845,0
1789651976.5525947,68.401,5730708,341729,0,224,66,51,58735,446980,16959739,18339412,2094568,61972012,44038716,64771540,0,4247300,0,0,2,0,8039070,2033601790,2036944440,449,449,523642,1545719,3095218,1061825,43836552,44387,304853742,303740845,0
1789651976.80293,68.652,5731083,341729,0,224,66,51,58738,447002,16959814,18404744,2159900,61962936,43962236,64771540,0,4222716,0,0,2,0,8040338,2033602597,2036945511,449,449,539975,1545440,3094659,1055679,43836552,44387,304853742,303740845,0
1789651977.0532744,68.902,5731458,341729,0,224,66,51,58740,447025,16959888,18469836,2224992,61959620,43892052,64771540,0,4198140,0,0,2,0,8041522,2033603198,2036946177,449,449,556248,1545314,3094406,1049535,43836554,44387,304853742,303740845,0
1789651977.3036354,69.152,5731821,341729,0,224,66,51,58743,447060,16960599,18477500,2232660,61959412,43883780,64771540,0,4173564,0,0,10,0,8043327,2033603526,2036946826,449,449,558165,1545299,3094377,1043391,43843015,44387,304853742,303740845,0
1789651977.554314,69.403,5732105,341729,0,224,66,51,58748,447171,16961404,18477500,2232660,61914100,43838468,64771540,0,4148988,0,0,2,0,8043795,2033603526,2036947070,449,449,558165,1544168,3092112,1037247,43852429,44387,304853742,303740845,0
1789651977.8047793,69.653,5732464,341730,0,224,66,51,58753,447206,16962024,18477500,2230992,61781416,43705784,64771540,0,4124412,0,0,3,0,8045945,2033603717,2036947550,449,449,557748,1540856,3085479,1031103,43883682,44387,304853742,303742513,0
1789651978.055215,69.904,5732825,341730,0,224,66,51,58759,447239,16962442,18477500,2230992,61652272,43576640,64771540,0,4099824,0,0,3,0,8049398,2033603717,2036948386,449,449,557748,1537628,3079017,1024955,43917290,44387,304853742,303742513,0
1789651978.3055863,70.154,5733185,341730,0,224,66,51,58766,447271,16962916,18477500,2230992,61507668,43432028,64771540,0,4075236,0,0,3,0,8050866,2033604142,2036949081,449,449,557748,1534022,3071795,1018809,43950866,44387,304853742,303742513,0
1789651978.5559607,70.405,5733538,341730,0,224,66,51,58770,447314,16963727,18477500,2230992,61490664,43415024,64771540,0,4050660,0,0,2,0,8052999,2033604142,2036950309,449,449,557748,1533597,3070945,1012665,43955229,44387,304853742,303742513,0
1789651978.8063753,70.655,5733894,341730,0,224,66,51,58772,447355,16964222,18477500,2231088,61490664,43415024,64771540,0,4026076,0,0,3,0,8055750,2033604145,2036951148,449,449,557772,1533597,3070945,1006519,43955232,44387,304853742,303742741,0
1789651979.056684,70.905,5734250,341730,0,224,66,51,58774,447398,16964785,18477500,2231088,61491248,43415608,64771540,0,4001500,0,0,2,0,8058487,2033604145,2036951962,449,449,557772,1533612,3070974,1000375,43955251,44387,304853742,303742741,0
1789651979.3070211,71.156,5734597,341730,0,224,66,51,58778,447448,16965910,18477500,2231088,61468068,43392420,64771540,0,3976964,0,0,2,0,8061544,2033604145,2036952892,449,449,557772,1533033,3069815,994241,43961249,44387,304853742,303742741,0
1789651979.5575016,71.406,5734954,341730,0,224,66,51,58781,447488,16966397,18477500,2231088,61467964,43392316,64771540,0,3952400,0,0,3,0,8063059,2033604460,2036953720,449,449,557772,1533031,3069810,988100,43961250,44387,304853742,303742741,0
1789651979.8080351,71.657,5735310,341730,0,224,66,51,58783,447529,16966899,18477500,2231088,61467964,43392316,64771540,0,3927904,0,0,3,0,8064911,2033604835,2036954590,449,449,557772,1533031,3069810,981976,43961252,44387,304853742,303742741,0
1789651980.0585437,71.907,5735654,341732,0,224,66,51,58789,447577,16970269,18386920,1595956,61506424,43522636,64771540,0,4445520,0,1,1,0,8065611,2033609646,2036959564,449,449,398989,1534024,3071798,1111380,43961260,44387,304853742,304287237,0
1789651980.308971,72.158,5736030,341757,0,224,66,51,58789,447577,16970353,18386920,1595956,61506424,43522636,64771540,0,4420936,0,1,1,0,8065639,2033856033,2037206935,449,449,398989,1534024,3071798,1105234,43961261,44387,304853742,304287237,0
1789651980.5592942,72.408,5736405,341782,0,224,66,51,58789,447577,16970468,18386920,1595956,61506640,43522852,64771540,0,4396360,0,1,1,0,8065667,2034103490,2037455243,449,449,398989,1534029,3071809,1099090,43961261,44387,304853742,304287237,0
1789651980.8096008,72.658,5736780,341808,0,224,66,51,58789,447577,16970536,18386920,1595956,61506640,43522852,64771540,0,4371776,0,1,1,0,8065703,2034350925,2037703544,449,449,398989,1534029,3071809,1092944,43961263,44387,304853742,304287237,0
1789651981.0599062,72.909,5737155,341833,0,224,66,51,58789,447577,16970616,18386920,1595956,61506640,43522852,64771540,0,4347200,0,1,1,0,8065724,2034596543,2037949911,449,449,398989,1534029,3071809,1086800,43961264,44387,304853742,304287237,0
1789651981.3101988,73.159,5737529,341858,0,224,66,51,58790,447578,16970790,18386920,1595956,61506640,43522852,64771540,0,4322648,0,1,1,0,8065756,2034838241,2038192511,449,449,398989,1534029,3071809,1080662,43961265,44387,304853742,304287237,0
1789651981.5605836,73.409,5737904,341884,0,224,66,51,58790,447578,16970868,18386920,1595956,61506640,43522852,64771540,0,4289904,0,1,1,0,8065777,2035082709,2038437936,449,449,398989,1534029,3071809,1072476,43961265,44387,304853742,304287237,0
1789651981.8108788,73.659,5738279,341909,0,224,66,51,58790,447578,16970925,18386920,1595956,61506640,43522852,64771540,0,4273820,0,1,1,0,8065797,2035330501,2038686223,449,449,398989,1534029,3071809,1068455,43961266,44387,304853742,304287237,0
1789651982.061168,73.91,5738654,341934,0,224,66,51,58790,447578,16971001,18386920,1595956,61506640,43522852,64771540,0,4257212,0,2,1,0,8065823,2035576277,2038933567,449,449,398989,1534029,3071809,1064303,43961266,44387,304853742,304287237,0
1789651982.3114998,74.16,5739029,341959,0,224,66,51,58790,447578,16971104,18386920,1595956,61506640,43522852,64771540,0,4224296,0,1,1,0,8065879,2035823342,2039181867,449,449,398989,1534029,3071809,1056074,43961268,44387,304853742,304287237,0
1789651982.5617871,74.41,5739404,341984,0,224,66,51,58790,447578,16971161,18386920,1595956,61506976,43523188,64771540,0,4207912,0,1,1,0,8065894,2036071048,2039430145,449,449,398989,1534037,3071826,1051978,43961269,44387,304853742,304287237,0
1789651982.8120625,74.661,5739779,342009,0,224,66,51,58790,447578,16971236,18386920,1595956,61506976,43523188,64771540,0,4175136,0,1,1,0,8065932,2036318224,2039678436,449,449,398989,1534037,3071826,1043784,43961269,44387,304853742,304287237,0
1789651983.0623572,74.911,5740154,342035,0,224,66,51,58790,447578,16971306,18386920,1595956,61506724,43522936,64771540,0,4158752,0,1,1,0,8065961,2036564986,2039925766,449,449,398989,1534031,3071813,1039688,43961270,44387,304853742,304287237,0
1789651983.312632,75.161,5740529,342060,0,224,66,51,58790,447578,16971414,18386912,1595956,61506724,43522936,64771540,0,4125976,0,1,1,0,8065993,2036809389,2040171215,449,449,398989,1534031,3071813,1031494,43961270,44387,304853742,304287237,0
1789651983.562923,75.412,5740904,342085,0,224,66,51,58790,447578,16971471,18386904,1595956,61506724,43522936,64771540,0,4109928,0,1,1,0,8066006,2037057145,2040419500,449,449,398989,1534031,3071813,1027482,43961273,44387,304853742,304287237,0
1789651983.813202,75.662,5741279,342110,0,224,66,51,58790,447578,16971549,18386900,1595956,61506724,43522936,64771540,0,4076980,0,1,1,0,8066043,2037303399,2040666830,449,449,398989,1534031,3071813,1019245,43961274,44387,304853742,304287237,0
1789651984.0635133,75.912,5741654,342136,0,224,66,51,58790,447578,16971618,18386888,1595956,61506724,43522936,64771540,0,4060464,0,1,1,0,8066061,2037551202,2040915116,449,449,398989,1534031,3071813,1015116,43961275,44387,304853742,304287361,0
1789651984.3137965,76.162,5742029,342161,0,224,66,51,58790,447578,16971721,18386920,1596068,61506712,43522924,64771540,0,4027656,0,1,1,0,8066102,2037795618,2041160509,449,449,399017,1534031,3071813,1006914,43961275,44387,304853742,304287361,0
1789651984.5640922,76.413,5742404,342186,0,224,66,51,58791,447578,16971816,18386920,1596068,61506712,43522924,64771540,0,4011272,0,1,1,0,8066122,2038043645,2041408793,449,449,399017,1534031,3071813,1002818,43961276,44387,304853742,304287361,0
1789651984.8143992,76.663,5742779,342212,0,224,66,51,58791,447578,16971902,18386920,1596068,61506712,43522924,64771540,0,3978496,0,1,1,0,8066122,2038290991,2041656140,449,449,399017,1534031,3071813,994624,43961277,44387,304853742,304287361,0
1789651985.0646925,76.913,5743154,342237,0,224,66,51,58791,447578,16971969,18386920,1596068,61506712,43522924,64771540,0,3962112,0,1,1,0,8066132,2038539023,2041904425,449,449,399017,1534031,3071813,990528,43961279,44387,304853742,304287361,0
1789651985.314971,77.164,5743529,342262,0,224,66,51,58791,447578,16972069,18386920,1596068,61507960,43524172,64771540,0,3929336,0,1,1,0,8066171,2038783428,2042149820,449,449,399017,1534062,3071875,982334,43961279,44387,304853742,304287361,0
1789651985.5652487,77.414,5743904,342287,0,224,66,51,58791,447578,16972129,18386920,1596068,61507960,43524172,64771540,0,3912952,0,1,1,0,8066198,2039031194,2042398112,449,449,399017,1534062,3071875,978238,43961281,44387,304853742,304287361,0
1789651985.8155496,77.664,5744279,342313,0,224,66,51,58791,447578,16972211,18386920,1596068,61507960,43524172,64771540,0,3888368,0,1,1,0,8066217,2039275881,2042643525,449,449,399017,1534062,3071875,972092,43961281,44387,304853742,304287361,0
1789651986.0658348,77.914,5744654,342338,0,224,66,51,58791,447578,16972313,18386920,1596068,61509048,43525260,64771540,0,3863792,0,1,1,0,8066261,2039524262,2042892810,449,449,399017,1534089,3071930,965948,43961285,44387,304853742,304287361,0
1789651986.3161376,78.165,5745029,342363,0,224,66,51,58791,447578,16972393,18386920,1596068,61509048,43525260,64771540,0,3839376,0,1,1,0,8066283,2039770804,2043140152,449,449,399017,1534089,3071930,959844,43961285,44387,304853742,304287361,0
1789651986.5664384,78.415,5745404,342388,0,224,66,51,58791,447578,16972473,18386920,1596068,61509048,43525260,64771540,0,3815016,0,1,1,0,8066310,2040016374,2043386502,449,449,399017,1534089,3071930,953754,43961286,44387,304853742,304287361,0
1789651986.8167315,78.665,5745779,342414,0,224,66,51,58791,447578,16972555,18386920,1596068,61509048,43525260,64771540,0,3781948,0,1,1,0,8066400,2040263514,2043634796,449,449,399017,1534089,3071930,945487,43961286,44387,304853742,304287361,0
1789651987.067006,78.916,5746154,342439,0,224,66,51,58791,447578,16972610,18386920,1596068,61510220,43526432,64771540,0,3765472,0,1,1,0,8066426,2040512176,2043884060,449,449,399017,1534118,3071988,941368,43961286,44387,304853742,304287361,0
1789651987.3173018,79.166,5746529,342464,0,224,66,51,58791,447578,16972709,18386920,1596068,61510220,43526432,64771540,0,3732704,0,1,1,0,8066454,2040757562,2044130449,449,449,399017,1534118,3071988,933176,43961289,44387,304853742,304287361,0
1789651987.5675766,79.416,5746904,342489,0,224,66,51,58791,447578,16972766,18386920,1596068,61510220,43526432,64771540,0,3716320,0,1,1,0,8066469,2041005352,2044378725,449,449,399017,1534118,3071988,929080,43961289,44387,304853742,304287361,0
1789651987.8178608,79.666,5747279,342515,0,224,66,51,58791,447578,16972850,18386920,1596068,61510220,43526432,64771540,0,3683536,0,1,1,0,8066490,2041250743,2044625073,449,449,399017,1534118,3071988,920884,43961290,44387,304853742,304287361,0
1789651988.0681446,79.917,5747654,342540,0,224,66,51,58792,447578,16972922,18386920,1596068,61510828,43527040,64771540,0,3667152,0,1,1,0,8066529,2041499416,2044874350,449,449,399017,1534134,3072019,916788,43961290,44387,304853742,304287361,0
1789651988.3184466,80.167,5748029,342565,0,224,66,51,58792,447578,16973025,18386920,1596068,61510828,43527040,64771540,0,3634376,0,1,1,0,8066580,2041745672,2045121691,449,449,399017,1534134,3072019,908594,43961291,44387,304853742,304287361,0
1789651988.5687501,80.417,5748404,342590,0,224,66,51,58792,447578,16973118,18386920,1596068,61511008,43527220,64771540,0,3618376,0,1,1,0,8066609,2041993542,2045369981,449,449,399017,1534138,3072028,904594,43961292,44387,304853742,304287361,0
1789651988.8190424,80.668,5748779,342615,0,224,66,51,58792,447578,16973181,18386920,1596068,61511008,43527220,64771540,0,3593536,0,1,1,0,8066627,2042240249,2045617287,449,449,399017,1534138,3072028,898384,43961295,44387,304853742,304287361,0
1789651989.0693386,80.918,5749154,342641,0,224,66,51,58792,447578,16973285,18386920,1596076,61510996,43527208,64771540,0,3568840,0,1,1,0,8066661,2042485843,2045863655,449,449,399019,1534138,3072027,892210,43961295,44387,304853742,304287413,0
1789651989.3196242,81.168,5749529,342666,0,224,66,51,58792,447578,16973372,18386920,1596076,61510996,43527208,64771540,0,3544256,0,1,1,0,8066661,2042732187,2046109999,449,449,399019,1534138,3072027,886064,43961296,44387,304853742,304287413,0
1789651989.569907,81.419,5749904,342691,0,224,66,51,58792,447578,16973426,18386920,1596076,61510996,43527208,64771540,0,3519680,0,1,1,0,8066663,2042980460,2046358274,449,449,399019,1534138,3072027,879920,43961296,44387,304853742,304287413,0
1789651989.820188,81.669,5750279,342717,0,224,66,51,58792,447578,16973502,18386920,1596076,61510996,43527208,64771540,0,3495088,0,1,1,0,8066664,2043224967,2046602781,449,449,399019,1534138,3072027,873772,43961297,44387,304853742,304287413,0
1789651990.0704913,81.919,5750654,342742,0,224,66,51,58792,447578,16973570,18386920,1596076,61510996,43527208,64771540,0,3470512,0,1,1,0,8066665,2043473243,2046851058,449,449,399019,1534138,3072027,867628,43961299,44387,304853742,304287413,0
1789651990.3207765,82.169,5751029,342768,0,224,66,51,58792,447578,16973673,18386920,1596076,61510996,43527208,64771540,0,3445928,0,1,1,0,8066677,2043718635,2047096468,449,449,399019,1534138,3072027,861482,43961300,44387,304853742,304287413,0
1789651990.5710723,82.42,5751404,342793,0,224,66,51,58792,447578,16973733,18386920,1596076,61510996,43527208,64771540,0,3421352,0,1,1,0,8066678,2043965932,2047343768,449,449,399019,1534138,3072027,855338,43961300,44387,304853742,304287413,0
1789651990.821364,82.67,5751778,342818,0,224,66,51,58792,447578,16973804,18386920,1596076,61510996,43527208,64771540,0,3396776,0,1,1,0,8066680,2044212321,2047590156,449,449,399019,1534138,3072027,849194,43961301,44387,304853742,304287413,0
1789651991.0716448,82.92,5752153,342844,0,224,66,51,58792,447578,16973863,18386920,1596076,61511252,43527464,64771540,0,3372200,0,1,1,0,8066681,2044459633,2047837471,449,449,399019,1534144,3072040,843050,43961302,44387,304853742,304287413,0
1789651991.3219557,83.171,5752528,342869,0,224,66,51,58792,447578,16973976,18386920,1596076,61512048,43528260,64771540,0,3347624,0,1,1,0,8066687,2044705020,2048082889,449,449,399019,1534164,3072079,836906,43961304,44387,304853742,304287413,0
1789651991.5722673,83.421,5752903,342894,0,224,66,51,58793,447578,16974032,18386920,1596076,61512048,43528260,64771540,0,3323048,0,1,1,0,8066687,2044952330,2048330199,449,449,399019,1534164,3072079,830762,43961304,44387,304853742,304287413,0
1789651991.8225565,83.671,5753276,342921,0,224,66,51,58793,447578,16974185,18386888,1593664,61512048,43528260,64771540,0,3298168,0,1,1,0,8066697,2045185211,2048563185,449,449,398416,1534164,3072079,824542,43961306,44387,304853742,304290193,0
1789651992.0728478,83.921,5753651,342946,0,224,66,51,58793,447578,16974278,18386920,1593424,61512060,43528272,64771540,0,3273872,0,1,1,0,8066701,2045432498,2048810479,449,449,398356,1534164,3072080,818468,43961307,44387,304853742,304290193,0
1789651992.3231254,84.172,5754026,342972,0,224,66,51,58793,447578,16974353,18386920,1593424,61512060,43528272,64771540,0,3249288,0,1,1,0,8066710,2045680708,2049058773,449,449,398356,1534164,3072080,812322,43961308,44387,304853742,304290193,0
1789651992.573435,84.422,5754401,342997,0,224,66,51,58794,447578,16974461,18386920,1593424,61512060,43528272,64771540,0,3224712,0,1,1,0,8066718,2045927081,2049305155,449,449,398356,1534164,3072080,806178,43961310,44387,304853742,304290193,0
1789651992.823712,84.672,5754776,343022,0,224,66,51,58794,447578,16974528,18386920,1593424,61512060,43528272,64771540,0,3200136,0,1,1,0,8066718,2046174378,2049552453,449,449,398356,1534164,3072080,800034,43961310,44387,304853742,304290193,0
1789651993.0739887,84.923,5755151,343048,0,224,66,51,58794,447578,16974617,18386920,1593424,61512060,43528272,64771540,0,3175560,0,1,1,0,8066719,2046420725,2049798799,449,449,398356,1534164,3072080,793890,43961311,44387,304853742,304290193,0
1789651993.324264,85.173,5755525,343073,0,224,66,51,58794,447578,16974722,18386920,1593424,61512068,43528280,64771540,0,3151288,0,1,1,0,8066719,2046667083,2050045158,449,449,398356,1534164,3072080,787822,43961311,44387,304853742,304290193,0
1789651993.5745802,85.423,5755901,343099,0,224,66,51,58794,447578,16974787,18386920,1593424,61512068,43528280,64771540,0,3126708,0,1,1,0,8066719,2046915396,2050293471,449,449,398356,1534164,3072080,781677,43961312,44387,304853742,304290193,0
1789651993.8249006,85.674,5756275,343124,0,224,66,51,58794,447578,16974848,18386920,1593424,61512068,43528280,64771540,0,3101816,0,1,1,0,8066720,2047161747,2050539823,449,449,398356,1534164,3072080,775454,43961314,44387,304853742,304290193,0
1789651994.0752022,85.924,5756650,343149,0,224,66,51,58794,447579,16974938,18386920,1593424,61512068,43528280,64771540,0,3069040,0,1,2,0,8066722,2047406235,2050784311,449,449,398356,1534164,3072080,767260,43961315,44387,304853742,304290193,0
1789651994.3255134,86.174,5757025,343175,0,224,66,51,58794,447579,16975046,18386920,1593424,61512888,43529100,64771540,0,3053044,0,1,1,0,8066748,2047653915,2051032587,449,449,398356,1534185,3072121,763261,43961315,44387,304853742,304290233,0
1789651994.575799,86.424,5757400,343200,0,224,66,51,58794,447579,16975124,18386920,1593424,61512888,43529100,64771540,0,3020000,0,1,1,0,8066776,2047898267,2051278003,449,449,398356,1534185,3072121,755000,43961316,44387,304853742,304290233,0
1789651994.8260722,86.675,5757775,343225,0,224,66,51,58794,447579,16975177,18386920,1593424,61512888,43529100,64771540,0,3003616,0,1,1,0,8066792,2048146016,2051526283,449,449,398356,1534185,3072121,750904,43961316,44387,304853742,304290233,0
1789651995.076376,86.925,5758150,343250,0,224,66,51,58794,447579,16975255,18386920,1593424,61512888,43529100,64771540,0,2970848,0,1,1,0,8066824,2048391281,2051772678,449,449,398356,1534185,3072121,742712,43961318,44387,304853742,304290233,0
1789651995.3266644,87.175,5758525,343273,0,224,66,51,58797,447579,16975368,18386952,1078732,61514596,43530736,64771540,0,3469036,0,1,1,0,8066864,2048613831,2052021959,449,449,269683,1534228,3072207,867259,43961319,44387,304853742,304804925,0
1789651995.5769591,87.426,5758900,343298,0,224,66,51,58797,447579,16975447,18386952,1078732,61514596,43530736,64771540,0,3444460,0,1,1,0,8066891,2048858452,2052267377,449,449,269683,1534228,3072207,861115,43961320,44387,304853742,304804925,0
1789651995.827241,87.676,5759275,343323,0,224,66,51,58797,447579,16975502,18386952,1078732,61514596,43530736,64771540,0,3419860,0,1,1,0,8066914,2049105665,2052515664,449,449,269683,1534228,3072207,854965,43961320,44387,304853742,304804925,0
1789651996.077531,87.926,5759650,343349,0,224,66,51,58797,447579,16975594,18386952,1078732,61514596,43530736,64771540,0,3403476,0,2,1,0,8066940,2049352331,2052762983,449,449,269683,1534228,3072207,850869,43961320,44387,304853742,304804925,0
1789651996.327819,88.176,5760025,343374,0,224,66,51,58797,447579,16975670,18386952,1078732,61516028,43532168,64771540,0,3375152,0,1,2,0,8066962,2049598553,2053010284,449,449,269683,1534263,3072278,843575,43961323,44387,304853742,304804925,0
1789651996.5781033,88.427,5760401,343399,0,224,66,51,58797,447579,16975766,18386952,1078732,61516028,43532168,64771540,0,3354436,0,1,1,0,8067009,2049847098,2053259552,449,449,269683,1534263,3072278,838609,43961324,44387,304853742,304804925,0
1789651996.828404,88.677,5760775,343424,0,224,66,51,58797,447579,16975841,18386952,1078732,61516028,43532168,64771540,0,3329860,0,1,1,0,8067031,2050092746,2053505971,449,449,269683,1534263,3072278,832465,43961325,44387,304853742,304804925,0
1789651997.0786858,88.927,5761150,343449,0,224,66,51,58797,447579,16975918,18386952,1078732,61516204,43532344,64771540,0,3305164,0,1,1,0,8067052,2050339272,2053753273,449,449,269683,1534268,3072287,826291,43961325,44387,304853742,304804925,0
1789651997.328969,89.178,5761525,343475,0,224,66,51,58797,447579,16976006,18386952,1078732,61518968,43535108,64771540,0,3280588,0,1,1,0,8067072,2050584842,2053999624,449,449,269683,1534337,3072425,820147,43961326,44387,304853742,304804925,0
1789651997.5792677,89.428,5761900,343500,0,224,66,51,58797,447579,16976092,18386952,1078732,61518968,43535108,64771540,0,3247820,0,1,1,0,8067095,2050828946,2054245036,449,449,269683,1534337,3072425,811955,43961328,44387,304853742,304804925,0
1789651997.829543,89.678,5762276,343525,0,224,66,51,58798,447579,16976140,18386952,1078732,61518968,43535108,64771540,0,3231412,0,1,1,0,8067239,2051078300,2054495282,449,449,269683,1534337,3072425,807853,43961329,44387,304853742,304804925,0
1789651998.0798113,89.928,5762651,343550,0,224,66,51,58798,447579,16976209,18386952,1078732,61518968,43535108,64771540,0,3206836,0,1,1,0,8067261,2051324864,2054742578,449,449,269683,1534337,3072425,801709,43961329,44387,304853742,304804925,0
1789651998.3300886,90.179,5763025,343576,0,224,66,51,58798,447579,16976300,18386952,1078732,61521232,43537372,64771540,0,3182252,0,1,1,0,8067262,2051571236,2054988951,449,449,269683,1534393,3072539,795563,43961330,44387,304853742,304804925,0
1789651998.5803807,90.429,5763400,343601,0,224,66,51,58798,447579,16976363,18386952,1078732,61521232,43537372,64771540,0,3157676,0,1,1,0,8067262,2051818560,2055236275,449,449,269683,1534393,3072539,789419,43961330,44387,304853742,304804925,0
1789651998.830678,90.679,5763775,343627,0,224,66,51,58798,447579,16976445,18386952,1078732,61521484,43537624,64771540,0,3124900,0,1,1,0,8067263,2052063033,2055480748,449,449,269683,1534400,3072551,781225,43961333,44387,304853742,304804925,0
1789651999.0809708,90.93,5764150,343652,0,224,66,51,58798,447579,16976531,18386952,1078732,61521244,43537384,64771540,0,3100368,0,1,1,0,8067264,2052308456,2055726171,449,449,269683,1534394,3072539,775092,43961333,44387,304853742,304804925,0
1789651999.331296,91.18,5764525,343678,0,224,66,51,58798,447579,16976619,18386940,1078732,61523448,43539588,64771540,0,3076120,0,1,1,0,8067265,2052554811,2055972527,449,449,269683,1534449,3072649,769030,43961334,44387,304853742,304804993,0
1789651999.5815809,91.43,5764900,343703,0,224,66,51,58798,447579,16976688,18386940,1078732,61523448,43539588,64771540,0,3059736,0,1,1,0,8067265,2052803099,2056220814,449,449,269683,1534449,3072649,764934,43961334,44387,304853742,304804993,0
1789651999.8318694,91.68,5765274,343728,0,224,66,51,58799,447579,16976781,18378796,1078732,61524724,43548592,64771540,0,3026952,0,1,1,0,8067269,2053047705,2056465421,449,449,269683,1534480,3072713,756738,43961335,44387,304853742,304804993,0
1789652000.0821886,91.931,5765649,343753,0,224,66,51,58799,447579,16976887,18354244,1078752,61524968,43573320,64771540,0,3002052,0,1,1,0,8067296,2053292668,2056710489,449,449,269688,1534487,3072726,750513,43961336,44387,304853742,304804993,0
1789652000.3325136,92.181,5766024,343778,0,224,66,51,58801,447579,16976985,18329608,937440,61524796,43598376,64771540,0,3118520,0,1,2,0,8067315,2053528138,2056945971,449,449,234157,1534487,3072727,779934,43961338,44387,304853742,304947169,0
1789652000.583019,92.432,5766397,343803,0,224,66,51,58803,447579,16977250,18313220,564288,61524228,43614588,64771540,0,3472164,0,0,2,0,8067341,2053756211,2057174057,449,449,141072,1534483,3072719,867635,43961338,44387,304853746,305319697,0
1789652000.8334606,92.682,5766772,343829,0,224,66,51,58804,447579,16977334,18288644,564288,61524236,43639928,64771540,0,3443296,0,1,1,0,8067352,2054002737,2057420592,449,449,141072,1534500,3072752,860824,43961338,44387,304853746,305319697,0
1789652001.0837646,92.932,5767147,343854,0,224,66,51,58804,447579,16977399,18288644,564288,61524236,43639928,64771540,0,3426996,0,1,1,0,8067363,2054251883,2057669871,449,449,141072,1534500,3072752,856749,43961339,44387,304853746,305319697,0
1789652001.3340662,93.183,5767522,343879,0,224,66,51,58804,447579,16977510,18288688,564048,61526872,43642520,64771540,0,3402020,0,1,1,0,8067377,2054497259,2057915293,449,449,141012,1534566,3072884,850505,43961340,44387,304853746,305319697,0
1789652001.5844223,93.433,5767896,343904,0,224,66,51,58804,447579,16977579,18288688,564048,61526872,43642520,64771540,0,3369252,0,1,1,0,8067377,2054743622,2058161656,449,449,141012,1534566,3072884,842313,43961342,44387,304853746,305319697,0
1789652001.8347235,93.683,5768272,343930,0,224,66,51,58804,447579,16977633,18288688,564048,61526872,43642520,64771540,0,3352480,0,1,1,0,8067378,2054991923,2058409957,449,449,141012,1534566,3072884,838120,43961342,44387,304853746,305319697,0
1789652002.085021,93.934,5768646,343955,0,224,66,51,58804,447579,16977719,18288688,564048,61527832,43643480,64771540,0,3327904,0,1,1,0,8067379,2055238290,2058656325,449,449,141012,1534590,3072932,831976,43961343,44387,304853746,305319697,0
1789652002.335315,94.184,5769021,343981,0,224,66,51,58804,447579,16977796,18288688,564048,61527832,43643480,64771540,0,3302940,0,1,1,0,8067380,2055483701,2058901735,449,449,141012,1534590,3072932,825735,43961343,44387,304853746,305319697,0
1789652002.5856264,94.434,5769396,344006,0,224,66,51,58804,447579,16977869,18288688,564048,61527832,43643480,64771540,0,3277992,0,1,1,0,8067381,2055731989,2059150024,449,449,141012,1534590,3072932,819498,43961345,44387,304853746,305319697,0
1789652002.8359172,94.685,5769771,344031,0,224,66,51,58804,447579,16977935,18288688,564048,61527832,43643480,64771540,0,3253780,0,1,1,0,8067381,2055979305,2059397340,449,449,141012,1534590,3072932,813445,43961346,44387,304853746,305319697,0
1789652003.0862024,94.935,5770146,344057,0,224,66,51,58805,447579,16978020,18288688,564048,61529208,43644856,64771540,0,3228432,0,1,1,0,8067382,2056225677,2059643712,449,449,141012,1534624,3073001,807108,43961347,44387,304853746,305319697,0
1789652003.3364975,95.185,5770521,344082,0,224,66,51,58805,447579,16978093,18288688,564048,61530448,43646096,64771540,0,3203856,0,1,1,0,8067382,2056472976,2059891012,449,449,141012,1534655,3073063,800964,43961347,44387,304853746,305319697,0
1789652003.5867734,95.435,5770896,344107,0,224,66,51,58805,447579,16978179,18288688,564048,61530448,43646096,64771540,0,3170704,0,1,1,0,8067384,2056718417,2060136453,449,449,141012,1534655,3073063,792676,43961348,44387,304853746,305319697,0
1789652003.837045,95.686,5771271,344133,0,224,66,51,58805,447579,16978230,18288688,564048,61530700,43646348,64771540,0,3153928,0,1,1,0,8067384,2056966693,2060384729,449,449,141012,1534661,3073075,788482,43961349,44387,304853746,305319697,0
1789652004.0873477,95.936,5771645,344158,0,224,66,51,58805,447579,16978321,18288688,564048,61530728,43646376,64771540,0,3121160,0,1,1,0,8067384,2057211143,2060629179,449,449,141012,1534662,3073077,780290,43961351,44387,304853746,305319697,0
1789652004.3376245,96.186,5772020,344183,0,224,66,51,58805,447579,16978418,18288676,564048,61530728,43646376,64771540,0,3104384,0,1,1,0,8067385,2057459413,2060877449,449,449,141012,1534662,3073077,776096,43961351,44387,304853746,305319817,0
1789652004.5879076,96.437,5772387,344208,0,224,66,51,58807,447586,16978938,18288676,565928,61510032,43625664,64771540,0,3079896,0,1,2,0,8067639,2057641828,2061068948,449,449,141482,1534145,3072042,769974,43966441,44387,304853746,305319845,0
1789652004.8382795,96.687,5772742,344233,0,224,66,51,58810,447602,16979418,18288672,565928,61493716,43609348,64771540,0,3054852,0,1,1,0,8068378,2057781247,2061208525,449,449,141482,1533738,3071227,763713,43976004,44387,304853750,305319849,0
1789652005.0886364,96.937,5773115,344259,0,224,66,51,58811,447603,16979809,18288692,567968,61495016,43610532,64771540,0,3029872,0,1,1,0,8068388,2058014201,2061441490,449,449,141992,1533770,3071291,757468,43976909,44387,304853750,305319893,0
1789652005.3389766,97.188,5773490,344284,0,224,66,51,58811,447603,16979882,18288692,567968,61496296,43611812,64771540,0,3005296,0,1,1,0,8068388,2058262516,2061689804,449,449,141992,1533802,3071355,751324,43976911,44387,304853750,305319893,0
1789652005.5892859,97.438,5773861,344310,0,224,66,51,58814,447603,16980120,18288732,4108,61496312,43611768,64771540,0,3544192,0,1,1,0,8068393,2058482917,2061910207,449,449,1027,1533803,3071356,886048,43976912,44387,304853754,305883757,0
1789652005.8396192,97.688,5774236,344335,0,224,66,51,58814,447603,16980188,18288732,4108,61496312,43611768,64771540,0,3519616,0,1,1,0,8068393,2058731237,2062158527,449,449,1027,1533803,3071356,879904,43976913,44387,304853754,305883757,0
1789652006.08993,97.939,5774611,344360,0,224,66,51,58814,447603,16980261,18288732,4108,61496952,43612408,64771540,0,3502824,0,1,1,0,8068398,2058979503,2062406835,449,449,1027,1533819,3071388,875706,43976913,44387,304853754,305883757,0
1789652006.3402348,98.189,5774986,344386,0,224,66,51,58814,447603,16980360,18288732,4108,61496952,43612408,64771540,0,3469668,0,1,1,0,8068399,2059223973,2062651305,449,449,1027,1533819,3071388,867417,43976915,44387,304853754,305883757,0
1789652006.590571,98.439,5775361,344411,0,224,66,51,58814,447603,16980448,18288732,4108,61496952,43612408,64771540,0,3445092,0,1,1,0,8068399,2059471311,2062898643,449,449,1027,1533819,3071388,861273,43976915,44387,304853754,305883757,0
1789652006.8408973,98.69,5775736,344436,0,224,66,51,58814,447603,16980510,18288732,4108,61496952,43612408,64771540,0,3428320,0,1,1,0,8068400,2059718677,2063146009,449,449,1027,1533819,3071388,857080,43976917,44387,304853754,305883757,0
1789652007.0911946,98.94,5776111,344462,0,224,66,51,58815,447603,16980594,18288732,4108,61496952,43612408,64771540,0,3395680,0,1,2,0,8068401,2059964086,2063391418,449,449,1027,1533819,3071388,848920,43976917,44387,304853754,305883757,0
1789652007.3415186,99.19,5776486,344487,0,224,66,51,58815,447603,16980673,18288732,4108,61497160,43612616,64771540,0,3378796,0,1,1,0,8068401,2060211423,2063638756,449,449,1027,1533824,3071398,844699,43976918,44387,304853754,305883757,0
1789652007.5918112,99.44,5776861,344512,0,224,66,51,58815,447603,16980740,18288732,4108,61497160,43612616,64771540,0,3354568,0,1,1,0,8068402,2060459716,2063887049,449,449,1027,1533824,3071398,838642,43976918,44387,304853754,305883757,0
1789652007.8421116,99.691,5777236,344538,0,224,66,51,58815,447603,16980813,18288732,4108,61496908,43612364,64771540,0,3329260,0,1,1,0,8068402,2060706064,2064133397,449,449,1027,1533818,3071386,832315,43976920,44387,304853754,305883757,0
1789652008.092427,99.941,5777611,344563,0,224,66,51,58815,447603,16980888,18288732,4108,61497092,43612548,64771540,0,3304264,0,1,1,0,8068403,2060954367,2064381701,449,449,1027,1533822,3071395,826066,43976921,44387,304853754,305883757,0
1789652008.3427155,100.191,5777986,344588,0,224,66,51,58815,447603,16981003,18288732,4108,61502380,43617836,64771540,0,3279688,0,1,1,0,8068403,2061201687,2064629020,449,449,1027,1533954,3071659,819922,43976925,44387,304853754,305883757,0
1789652008.593007,100.442,5778360,344615,0,224,66,51,58815,447603,16981157,18288732,1640,61502380,43617836,64771540,0,3254840,0,1,1,0,8068413,2061441601,2064868945,449,449,410,1533954,3071659,813710,43976926,44387,304853754,305886225,0
1789652008.8432877,100.692,5778735,344640,0,224,66,51,58816,447603,16981222,18288732,1640,61502380,43617836,64771540,0,3230264,0,1,1,0,8068413,2061688912,2065116256,449,449,410,1533954,3071659,807566,43976927,44387,304853754,305886225,0
1789652009.0935655,100.942,5779109,344665,0,224,66,51,58816,447603,16981323,18288732,1640,61502380,43617836,64771540,0,3197220,0,1,1,0,8068414,2061934276,2065361621,449,449,410,1533954,3071659,799305,43976929,44387,304853754,305886225,0
1789652009.3438392,101.192,5779484,344691,0,224,66,51,58816,447603,16981426,18288732,1644,61502380,43617836,64771540,0,3180216,0,1,1,0,8068414,2062182546,2065609891,449,449,411,1533954,3071659,795054,43976933,44387,304853754,305886225,0
1789652009.5941162,101.443,5779859,344716,0,224,66,51,58816,447603,16981524,18288720,1644,61502380,43617836,64771540,0,3147472,0,1,1,0,8068415,2062428891,2065856236,449,449,411,1533954,3071659,786868,43976933,44387,304853754,305886305,0
1789652009.8444192,101.693,5780234,344741,0,224,66,51,58816,447603,16981591,18288720,1644,61502380,43617836,64771540,0,3130800,0,1,1,0,8068415,2062676224,2066103568,449,449,411,1533954,3071659,782700,43976934,44387,304853754,305886305,0
1789652010.0947146,101.943,5780609,344767,0,224,66,51,58816,447603,16981691,18288732,1668,61506420,43621876,64771540,0,3106104,0,1,1,0,8068416,2062921633,2066348978,449,449,417,1534055,3071861,776526,43976935,44387,304853754,305886305,0
1789652010.3450124,102.194,5780984,344792,0,224,66,51,58816,447603,16981758,18288732,1668,61506420,43621876,64771540,0,3081140,0,1,1,0,8068416,2063169923,2066597268,449,449,417,1534055,3071861,770285,43976936,44387,304853754,305886305,0
1789652010.5953133,102.444,5781359,344818,0,224,66,51,58816,447603,16981841,18288732,1668,61506420,43621876,64771540,0,3056276,0,1,1,0,8068416,2063416279,2066843626,449,449,417,1534055,3071861,764069,43976938,44387,304853754,305886305,0
1789652010.845601,102.694,5781734,344843,0,224,66,51,58816,447603,16981907,18288732,1668,61506420,43621876,64771540,0,3031620,0,1,1,0,8068417,2063664603,2067091956,449,449,417,1534055,3071861,757905,43976938,44387,304853754,305886305,0
1789652011.095879,102.944,5782109,344868,0,224,66,51,58816,447603,16981981,18288732,1668,61506420,43621876,64771540,0,3006636,0,1,1,0,8068418,2063911892,2067339246,449,449,417,1534055,3071861,751659,43976939,44387,304853754,305886305,0
1789652011.3461564,103.195,5782483,344894,0,224,66,51,58816,447603,16982110,18288732,1668,61511632,43627088,64771540,0,2982060,0,1,1,0,8068422,2064159229,2067586610,449,449,417,1534185,3072122,745515,43976940,44387,304853754,305886305,0
1789652011.5965083,103.445,5782858,344919,0,224,66,51,58816,447603,16982166,18288732,1668,61511632,43627088,64771540,0,2965284,0,1,1,0,8068422,2064407517,2067834898,449,449,417,1534185,3072122,741321,43976942,44387,304853754,305886305,0
1789652011.8467994,103.695,5783233,344944,0,224,66,51,58816,447603,16982255,18288732,1668,61511632,43627088,64771540,0,2932516,0,1,1,0,8068423,2064651974,2068079359,449,449,417,1534185,3072122,733129,43976943,44387,304853754,305886305,0
1789652012.0970757,103.946,5783608,344970,0,224,66,51,58816,447603,16982330,18288732,1672,61511632,43627088,64771540,0,2907560,0,1,1,0,8068424,2064899285,2068326671,449,449,418,1534185,3072122,726890,43976944,44387,304853754,305886305,0
1789652012.3473632,104.196,5783983,344995,0,224,66,51,58816,447604,16982432,18288732,1672,61516056,43631512,64771540,0,2890808,0,1,1,0,8068430,2065146595,2068573987,449,449,418,1534296,3072343,722702,43976944,44387,304853754,305886305,0
1789652012.597641,104.446,5784358,345020,0,224,66,51,58817,447604,16982508,18288732,1672,61516056,43631512,64771540,0,2866304,0,2,1,0,8068430,2065393890,2068821282,449,449,418,1534296,3072343,716576,43976945,44387,304853754,305886305,0
1789652012.8479145,104.697,5784733,345046,0,224,66,51,58817,447604,16982587,18288732,1672,61516056,43631512,64771540,0,2841340,0,1,1,0,8068431,2065641204,2069068597,449,449,418,1534296,3072343,710335,43976946,44387,304853754,305886305,0
1789652013.0981936,104.947,5785108,345071,0,224,66,51,58817,447604,16982665,18288732,1672,61518000,43633456,64771540,0,2816660,0,1,2,0,8068431,2065889512,2069316904,449,449,418,1534344,3072440,704165,43976948,44387,304853754,305886305,0
1789652013.3484876,105.197,5785482,345096,0,224,66,51,58817,447604,16982745,18288732,1672,61518000,43633456,64771540,0,2791692,0,1,1,0,8068432,2066136811,2069564204,449,449,418,1534344,3072440,697923,43976948,44387,304853754,305886305,0
1789652013.598757,105.447,5785857,345122,0,224,66,51,58817,447604,16982811,18288732,1672,61518000,43633456,64771540,0,2766732,0,1,1,0,8068432,2066385088,2069812482,449,449,418,1534344,3072440,691683,43976949,44387,304853754,305886305,0
1789652013.8490403,105.698,5786232,345147,0,224,66,51,58817,447604,16982877,18288732,1672,61518000,43633456,64771540,0,2742176,0,1,1,0,8068432,2066632405,2070059798,449,449,418,1534344,3072440,685544,43976949,44387,304853754,305886305,0
1789652014.099373,105.948,5786607,345173,0,224,66,51,58817,447604,16982966,18288732,1672,61518000,43633456,64771540,0,2709252,0,1,1,0,8068433,2066877832,2070305225,449,449,418,1534344,3072440,677313,43976951,44387,304853754,305886305,0
1789652014.3496876,106.198,5786982,345198,0,224,66,51,58817,447604,16983031,18288732,1672,61518000,43633456,64771540,0,2692612,0,1,1,0,8068433,2067126131,2070553525,449,449,418,1534344,3072440,673153,43976952,44387,304853754,305886305,0
1789652014.599985,106.449,5787357,345223,0,224,66,51,58817,447604,16983121,18288720,1672,61518000,43633456,64771540,0,2659452,0,1,1,0,8068434,2067369635,2070797029,449,449,418,1534344,3072440,664863,43976952,44387,304853754,305886353,0
1789652014.850283,106.699,5787732,345249,0,224,66,51,58817,447604,16983180,18288720,1436,61518000,43633456,64771540,0,2642676,0,1,1,0,8068434,2067617939,2071045333,449,449,359,1534344,3072440,660669,43976953,44387,304853754,305886577,0
1789652015.1005757,106.949,5788106,345274,0,224,66,51,58817,447604,16983278,18288732,1436,61518000,43633456,64771540,0,2618132,0,1,1,0,8068435,2067864324,2071291718,449,449,359,1534344,3072440,654533,43976953,44387,304853754,305886577,0
1789652015.350896,107.2,5788481,345299,0,224,66,51,58817,447604,16983344,18288732,1436,61518000,43633456,64771540,0,2593532,0,1,1,0,8068435,2068113626,2071541020,449,449,359,1534344,3072440,648383,43976955,44387,304853754,305886577,0
1789652015.60121,107.45,5788856,345325,0,224,66,51,58817,447604,16983419,18288732,1436,61518000,43633456,64771540,0,2568656,0,1,1,0,8068436,2068360967,2071788361,449,449,359,1534344,3072440,642164,43976955,44387,304853754,305886577,0
1789652015.8515375,107.7,5789231,345350,0,224,66,51,58818,447604,16983479,18288732,1436,61518000,43633456,64771540,0,2543944,0,1,1,0,8068436,2068609263,2072036658,449,449,359,1534344,3072440,635986,43976957,44387,304853754,305886577,0
1789652016.1018302,107.95,5789606,345376,0,224,66,51,58818,447604,16983580,18288732,1436,61518256,43633712,64771540,0,2518636,0,1,1,0,8068440,2068855605,2072283013,449,449,359,1534351,3072453,629659,43976957,44387,304853754,305886577,0
1789652016.3521318,108.201,5789981,345401,0,224,66,51,58818,447604,16983696,18288732,1436,61520704,43636160,64771540,0,2494060,0,1,1,0,8068446,2069103908,2072531324,449,449,359,1534412,3072575,623515,43976958,44387,304853754,305886577,0
1789652016.6024468,108.451,5790356,345426,0,224,66,51,58818,447604,16983757,18288732,1436,61520704,43636160,64771540,0,2469100,0,1,1,0,8068446,2069351230,2072778645,449,449,359,1534412,3072575,617275,43976959,44387,304853754,305886577,0
1789652016.8527434,108.701,5790731,345452,0,224,66,51,58818,447604,16983825,18288732,1436,61520704,43636160,64771540,0,2444524,0,1,1,0,8068447,2069598597,2073026013,449,449,359,1534412,3072575,611131,43976960,44387,304853754,305886577,0
1789652017.103043,108.952,5791106,345477,0,224,66,51,58818,447604,16983917,18288732,1436,61522848,43638304,64771540,0,2419580,0,1,2,0,8068448,2069845932,2073273348,449,449,359,1534465,3072683,604895,43976961,44387,304853754,305886577,0
1789652017.3533628,109.202,5791481,345502,0,224,66,51,58818,447604,16984021,18288732,1436,61523104,43638560,64771540,0,2403176,0,1,1,0,8068448,2070093283,2073520699,449,449,359,1534472,3072695,600794,43976962,44387,304853754,305886577,0
1789652017.6036623,109.452,5791855,345528,0,224,66,51,58818,447604,16984106,18288732,1436,61523104,43638560,64771540,0,2370016,0,1,1,0,8068454,2070340439,2073768009,449,449,359,1534472,3072695,592504,43976963,44387,304853754,305886577,0
1789652017.8539534,109.703,5792231,345553,0,224,66,51,58818,447604,16984157,18288732,1436,61523104,43638560,64771540,0,2353632,0,1,1,0,8068454,2070588727,2074016297,449,449,359,1534472,3072695,588408,43976965,44387,304853754,305886577,0
1789652018.1042466,109.953,5792605,345578,0,224,66,51,58818,447604,16984257,18288732,1440,61525740,43641196,64771540,0,2321460,0,1,1,0,8068460,2070833173,2074260755,449,449,360,1534537,3072827,580365,43976965,44387,304853754,305886577,0
1789652018.3545523,110.203,5792980,345604,0,224,66,51,58818,447604,16984315,18288732,1440,61525740,43641196,64771540,0,2302960,0,1,1,0,8068460,2071081470,2074509051,449,449,360,1534537,3072827,575740,43976967,44387,304853754,305886577,0
1789652018.6048496,110.453,5793355,345629,0,224,66,51,58819,447604,16984408,18288732,1440,61525740,43641196,64771540,0,2276084,0,1,1,0,8068461,2071326869,2074754451,449,449,360,1534537,3072827,569021,43976967,44387,304853754,305886577,0
1789652018.855137,110.704,5793730,345654,0,224,66,51,58819,447604,16984469,18288732,1440,61525740,43641196,64771540,0,2251548,0,1,1,0,8068462,2071576163,2075003745,449,449,360,1534537,3072827,562887,43976967,44387,304853754,305886577,0
1789652019.1054444,110.954,5794105,345680,0,224,66,51,58819,447604,16984556,18288732,1440,61525740,43641196,64771540,0,2224392,0,1,1,0,8068462,2071822513,2075250095,449,449,360,1534537,3072827,556098,43976968,44387,304853754,305886577,0
1789652019.3557537,111.204,5794480,345705,0,224,66,51,58819,447604,16984617,18288732,1440,61525740,43641196,64771540,0,2205712,0,1,1,0,8068462,2072069858,2075497440,449,449,360,1534537,3072827,551428,43976969,44387,304853754,305886577,0
1789652019.6060665,111.455,5794854,345731,0,224,66,51,58819,447604,16984700,18288732,1440,61525740,43641196,64771540,0,2181136,0,1,1,0,8068463,2072315269,2075742852,449,449,360,1534537,3072827,545284,43976971,44387,304853754,305886577,0
1789652019.856379,111.705,5795229,345756,0,224,66,51,58819,447604,16984772,18288720,1440,61525740,43641196,64771540,0,2154264,0,1,1,0,8068463,2072563577,2075991160,449,449,360,1534537,3072827,538566,43976971,44387,304853754,305886629,0
1789652020.1066718,111.955,5795604,345781,0,224,66,51,58819,447604,16984855,18288732,1480,61525740,43641196,64771540,0,2127392,0,1,1,0,8068464,2072809913,2076237496,449,449,370,1534537,3072827,531848,43976972,44387,304853754,305886629,0
1789652020.3569517,112.206,5795979,345807,0,224,66,51,58820,447604,16984969,18288732,1480,61527380,43642836,64771540,0,2102816,0,1,1,0,8068471,2073057214,2076484806,449,449,370,1534578,3072909,525704,43976972,44387,304853754,305886629,0
1789652020.6072357,112.456,5796354,345832,0,224,66,51,58820,447604,16985037,18288732,1480,61527380,43642836,64771540,0,2084252,0,1,1,0,8068472,2073304565,2076732158,449,449,370,1534578,3072909,521063,43976974,44387,304853754,305886629,0
1789652020.8575518,112.706,5796729,345857,0,224,66,51,58820,447604,16985105,18288732,1480,61527380,43642836,64771540,0,2057380,0,1,1,0,8068472,2073551888,2076979481,449,449,370,1534578,3072909,514345,43976975,44387,304853754,305886629,0
1789652021.1078458,112.956,5797104,345883,0,224,66,51,58820,447604,16985213,18288732,1480,61527476,43642932,64771540,0,2030384,0,1,1,0,8068473,2073798253,2077225845,449,449,370,1534581,3072914,507596,43976976,44387,304853754,305886629,0
1789652021.358152,113.207,5797478,345908,0,224,66,51,58820,447605,16985316,18288732,1480,61527476,43642932,64771540,0,2005808,0,1,1,0,8068477,2074043664,2077471284,449,449,370,1534581,3072914,501452,43976981,44387,304853754,305886629,0
1789652021.6085098,113.457,5797853,345933,0,224,66,51,58820,447605,16985386,18288732,1480,61527476,43642932,64771540,0,1978932,0,1,1,0,8068478,2074291001,2077718622,449,449,370,1534581,3072914,494733,43976982,44387,304853754,305886629,0
1789652021.858812,113.707,5798228,345959,0,224,66,51,58820,447605,16985441,18288732,1480,61527476,43642932,64771540,0,1960252,0,1,1,0,8068478,2074538319,2077965940,449,449,370,1534581,3072914,490063,43976984,44387,304853754,305886629,0
1789652022.1091053,113.958,5798603,345984,0,224,66,51,58820,447605,16985537,18288732,1480,61531868,43647324,64771540,0,1927484,0,1,1,0,8068479,2074782767,2078210388,449,449,370,1534690,3073133,481871,43976985,44387,304853754,305886629,0
1789652022.3594306,114.208,5798978,346010,0,224,66,51,58820,447605,16985605,18288732,1480,61531868,43647324,64771540,0,1908804,0,1,1,0,8068479,2075031063,2078458684,449,449,370,1534690,3073133,477201,43976986,44387,304853754,305886629,0
1789652022.6097171,114.458,5799353,346035,0,224,66,51,58820,447605,16985682,18288732,1480,61531868,43647324,64771540,0,1881932,0,1,1,0,8068480,2075277402,2078705023,449,449,370,1534690,3073133,470483,43976988,44387,304853754,305886629,0
1789652022.8600008,114.709,5799728,346060,0,224,66,51,58820,447605,16985750,18288732,1432,61532132,43647580,64771540,0,1865572,0,1,1,0,8068481,2075524735,2078952357,449,449,358,1534697,3073147,466393,43976988,44387,304853754,305886653,0
1789652023.110284,114.959,5800103,346086,0,224,66,51,58820,447605,16985841,18288732,1432,61533596,43649044,64771540,0,1830484,0,1,1,0,8068481,2075770123,2079197745,449,449,358,1534733,3073220,457621,43976989,44387,304853754,305886653,0
1789652023.3605714,115.209,5800478,346111,0,224,66,51,58820,447605,16985901,18288732,1432,61533596,43649044,64771540,0,1811796,0,1,1,0,8068481,2076018400,2079446022,449,449,358,1534733,3073220,452949,43976990,44387,304853754,305886653,0
1789652023.6108491,115.459,5800852,346136,0,224,66,51,58820,447605,16985973,18288732,1432,61533596,43649044,64771540,0,1784924,0,1,1,0,8068482,2076265711,2079693333,449,449,358,1534733,3073220,446231,43976990,44387,304853754,305886653,0
1789652023.861131,115.71,5801227,346162,0,224,66,51,58820,447605,16986046,18288732,1432,61533344,43648792,64771540,0,1768540,0,2,1,0,8068482,2076513029,2079940651,449,449,358,1534727,3073207,442135,43976991,44387,304853754,305886653,0
1789652024.1114213,115.96,5801602,346187,0,224,66,51,58820,447605,16986150,18288732,68,61535040,43650488,64771540,0,1733480,0,1,1,0,8068483,2076756538,2080184161,449,449,17,1534770,3073292,433370,43976991,44387,304853754,305888017,0
1789652024.3617284,116.21,5801977,346213,0,224,66,51,58820,447605,16986252,18288732,68,61536396,43651844,64771540,0,1714792,0,1,1,0,8068489,2077004820,2080432449,449,449,17,1534803,3073360,428698,43976993,44387,304853754,305888017,0
1789652024.612015,116.461,5802352,346238,0,224,66,51,58820,447605,16986317,18288732,68,61536396,43651844,64771540,0,1690216,0,1,1,0,8068489,2077252121,2080679750,449,449,17,1534803,3073360,422554,43976994,44387,304853754,305888017,0
1789652024.86229,116.711,5802726,346263,0,224,66,51,58820,447605,16986400,18288720,68,61536396,43651844,64771540,0,1663376,0,1,1,0,8068490,2077498581,2080926210,449,449,17,1534803,3073360,415844,43976995,44387,304853754,305888061,0
1789652025.1125658,116.961,5803101,346289,0,224,66,51,58820,447605,16986494,18288732,76,61537492,43652940,64771540,0,1638800,0,1,1,0,8068491,2077745879,2081173508,449,449,19,1534831,3073415,409700,43976995,44387,304853754,305888061,0
1789652025.3628414,117.211,5803476,346314,0,224,66,51,58820,447605,16986564,18288732,76,61537808,43653256,64771540,0,1620116,0,1,1,0,8068491,2077993185,2081420814,449,449,19,1534839,3073430,405029,43976996,44387,304853754,305888061,0
1789652025.6131096,117.462,5803851,346339,0,224,66,51,58821,447605,16986653,18280616,76,61539040,43662200,64771540,0,1585052,0,1,1,0,8068495,2078238797,2081666427,449,449,19,1534869,3073492,396263,43976997,44387,304853754,305888061,0
1789652025.8634152,117.712,5804226,346365,0,224,66,51,58821,447605,16986724,18264372,76,61539052,43679264,64771540,0,1568668,0,1,1,0,8068506,2078485737,2081913367,449,449,19,1534880,3073513,392167,43976999,44387,304853754,305888061,0
1789652026.1136932,117.962,5804601,346390,0,224,66,51,58822,447605,16986843,18239580,76,61539164,43705048,64771540,0,1544092,0,1,1,0,8068529,2078731061,2082158728,449,449,19,1534906,3073564,386023,43976999,44387,304853754,305888061,0
1789652026.3639793,118.213,5804976,346415,0,224,66,51,58822,447605,16986936,18215004,76,61539124,43730116,64771540,0,1519516,0,1,1,0,8068541,2078975469,2082403137,449,449,19,1534921,3073596,379879,43977000,44387,304853754,305888061,0
1789652026.6142728,118.463,5805350,346440,0,224,66,51,58823,447605,16987035,18190428,76,61540156,43756516,64771540,0,1494940,0,1,1,0,8068557,2079220799,2082648467,449,449,19,1534965,3073683,373735,43977000,44387,304853754,305888061,0
1789652026.86455,118.713,5805725,346465,0,224,66,51,58823,447605,16987150,18158952,76,61540452,43789048,64771540,0,1462172,0,1,1,0,8068573,2079464501,2082892169,449,449,19,1534999,3073751,365543,43977001,44387,304853754,305888061,0
1789652027.1148314,118.963,5806100,346490,0,224,66,51,58824,447605,16987239,18141324,76,61541272,43807532,64771540,0,1445788,0,1,1,0,8068590,2079710461,2083138144,449,449,19,1535021,3073795,361447,43977003,44387,304853754,305888061,0
1789652027.3651097,119.214,5806475,346515,0,224,66,51,58824,447605,16987326,18116964,76,61540920,43832756,64771540,0,1421212,0,1,2,0,8068601,2079955750,2083383433,449,449,19,1535032,3073818,355303,43977003,44387,304853754,305888061,0
1789652027.615412,119.464,5806850,346541,0,224,66,51,58825,447605,16987430,18092196,76,61541388,43857988,64771540,0,1396636,0,1,1,0,8068617,2080199156,2083626840,449,449,19,1535054,3073861,349159,43977004,44387,304853754,305888061,0
1789652027.865692,119.714,5807225,346566,0,224,66,51,58825,447605,16987502,18067832,76,61541424,43883600,64771540,0,1372060,0,1,1,0,8068627,2080444457,2083872141,449,449,19,1535075,3073903,343015,43977004,44387,304853754,305888061,0
1789652028.1159735,119.965,5807600,346591,0,224,66,51,58826,447605,16987611,18042972,76,61541020,43909032,64771540,0,1347484,0,1,1,0,8069346,2080689565,2084117425,449,449,19,1535088,3073931,336871,43977005,44387,304853754,305888061,0
1789652028.36627,120.215,5807975,346616,0,224,66,51,58826,447605,16987727,18018396,76,61541176,43934332,64771540,0,1322908,0,1,1,0,8069365,2080934874,2084362747,449,449,19,1535110,3073973,330727,43977006,44387,304853754,305888061,0
1789652028.6165545,120.465,5808349,346641,0,224,66,51,58827,447605,16987829,17993820,76,61541260,43959756,64771540,0,1298332,0,1,1,0,8069379,2081178308,2084606183,449,449,19,1535129,3074011,324583,43977008,44387,304853754,305888061,0
1789652028.8668244,120.715,5808724,346666,0,224,66,51,58827,447605,16987903,17969244,76,61541372,43985000,64771540,0,1273756,0,1,1,0,8069391,2081423644,2084851519,449,449,19,1535149,3074051,318439,43977008,44387,304853754,305888061,0
1789652029.117095,120.966,5809099,346691,0,224,66,51,58828,447605,16988023,17944668,76,61541684,44010668,64771540,0,1249244,0,1,1,0,8069420,2081668759,2085096767,449,449,19,1535174,3074101,312311,43977009,44387,304853754,305888061,0
1789652029.367382,121.216,5809474,346716,0,224,66,51,58828,447605,16988099,17920092,76,61541748,44036088,64771540,0,1224844,0,1,1,0,8069431,2081914076,2085342084,449,449,19,1535192,3074139,306211,43977009,44387,304853754,305888061,0
1789652029.6176538,121.466,5809849,346741,0,224,66,51,58829,447605,16988202,17895516,76,61541944,44061404,64771540,0,1200420,0,1,1,0,8069443,2082157488,2085585497,449,449,19,1535214,3074183,300105,43977010,44387,304853754,305888061,0
1789652029.8679416,121.717,5810224,346766,0,224,66,51,58829,447605,16988289,17871132,76,61549688,44093920,64771540,0,1175620,0,1,1,0,8069453,2082305022,2085733057,449,449,19,1535418,3074590,293905,43977012,44387,304853754,305888089,0
1789652030.1182132,121.967,5810599,346792,0,224,66,51,58830,447605,16988409,17846364,84,61549288,44119128,64771540,0,1150876,0,1,1,0,8069535,2082550276,2085978385,449,449,21,1535430,3074614,287719,43977013,44387,304853754,305888089,0
1789652030.3685167,122.217,5810974,346817,0,224,66,51,58830,447605,16988487,17821788,84,61549728,44144936,64771540,0,1126300,0,1,1,0,8069551,2082795579,2086223707,449,449,21,1535458,3074670,281575,43977013,44387,304853754,305888089,0
1789652030.6188068,122.467,5811349,346842,0,224,66,51,58830,447605,16988582,17797212,84,61549648,44170204,64771540,0,1101724,0,1,1,0,8069567,2083040924,2086469052,449,449,21,1535473,3074700,275431,43977014,44387,304853754,305888089,0
1789652030.8691049,122.718,5811723,346866,0,224,66,51,58832,447605,16988666,17724888,84,61549968,44244876,64771540,0,1078552,0,1,2,0,8069579,2083276279,2086704414,449,449,21,1535531,3074818,269638,43977014,44387,304853754,305888089,0
1789652031.119426,122.968,5812098,346891,0,224,66,51,58833,447605,16988790,17700368,84,61551388,44270844,64771540,0,1054032,0,1,1,0,8069608,2083520417,2086948673,449,449,21,1535578,3074912,263508,43977016,44387,304853754,305888089,0
1789652031.369733,123.218,5812473,346916,0,224,66,51,58833,447605,16988899,17676008,84,61551040,44296072,64771540,0,1029604,0,1,1,0,8069635,2083765735,2087194008,449,449,21,1535590,3074935,257401,43977018,44387,304853754,305888089,0
1789652031.6200736,123.469,5812848,346941,0,224,66,51,58834,447605,16989000,17651240,84,61551464,44321260,64771540,0,1004848,0,1,1,0,8069650,2084010127,2087438400,449,449,21,1535610,3074976,251212,43977018,44387,304853754,305888089,0
1789652031.8704078,123.719,5813223,346966,0,224,66,51,58834,447605,16989072,17626864,84,61551512,44346884,64771540,0,980428,0,1,1,0,8069662,2084137017,2087565340,449,449,21,1535632,3075019,245107,43977019,44387,304853754,305888089,0
1789652032.1207101,123.969,5813598,346991,0,224,66,51,58834,447605,16989175,17602008,84,61551380,44372416,64771540,0,955672,0,1,1,0,8069681,2084381371,2087809702,449,449,21,1535653,3075060,238918,43977019,44387,304853754,305888089,0
1789652032.371037,124.22,5813973,347017,0,224,66,51,58835,447605,16989300,17577432,84,61551496,44397900,64771540,0,931096,0,1,1,0,8069703,2084626691,2088055038,449,449,21,1535673,3075101,232774,43977021,44387,304853754,305888089,0
1789652032.6213565,124.47,5814348,347042,0,224,66,51,58835,447605,16989393,17552856,84,61551512,44423236,64771540,0,906520,0,1,1,0,8069718,2084871973,2088300320,449,449,21,1535690,3075135,226630,43977022,44387,304853754,305888089,0
1789652032.8716521,124.72,5814723,347067,0,224,66,51,58836,447605,16989477,17528280,84,61551592,44448424,64771540,0,881944,0,1,1,0,8069727,2085118258,2088546606,449,449,21,1535708,3075172,220486,43977023,44387,304853754,305888089,0
1789652033.1219404,124.971,5815098,347092,0,224,66,51,58836,447605,16989587,17503704,84,61551720,44473892,64771540,0,857368,0,1,1,0,8070241,2085362566,2088790922,449,449,21,1535728,3075212,214342,43977023,44387,304853754,305888089,0
1789652033.372238,125.221,5815472,347117,0,224,66,51,58837,447606,16989695,17470936,84,61551828,44507676,64771540,0,824600,0,1,1,0,8070258,2085606284,2089034641,449,449,21,1535754,3075264,206150,43977024,44387,304853754,305888089,0
1789652033.622546,125.471,5815847,347142,0,224,66,51,58837,447606,16989775,17454552,84,61552072,44524720,64771540,0,808216,0,1,1,0,8070268,2085853253,2089281610,449,449,21,1535771,3075298,202054,43977025,44387,304853754,305888089,0
1789652033.8728492,125.721,5816222,347167,0,224,66,51,58838,447606,16989864,17421928,84,61552344,44558476,64771540,0,775448,0,1,1,0,8071707,2086098549,2089527154,449,449,21,1535799,3075354,193862,43977026,44387,304853754,305888089,0
1789652034.1231377,125.972,5816597,347192,0,224,66,51,58838,447606,16989955,17405400,84,61552212,44575352,64771540,0,759120,0,1,1,0,8071721,2086345490,2089774102,449,449,21,1535809,3075374,189780,43977027,44387,304853754,305888089,0
1789652034.373442,126.222,5816972,347217,0,224,66,51,58839,447606,16990052,17372772,84,61552428,44609024,64771540,0,726612,0,1,1,0,8071737,2086589160,2090017778,449,449,21,1535835,3075426,181653,43977028,44387,304853754,305888089,0
1789652034.623737,126.472,5817347,347242,0,224,66,51,58839,447606,16990133,17356248,84,61552224,44625776,64771540,0,709960,0,1,1,0,8071747,2086836109,2090264727,449,449,21,1535842,3075439,177490,43977028,44387,304853754,305888089,0
1789652034.8740458,126.723,5817722,347268,0,224,66,51,58840,447606,16990253,17323592,84,61552292,44659324,64771540,0,677480,0,1,1,0,8072115,2087078707,2090507814,449,449,21,1535865,3075486,169370,43977030,44387,304853754,305888169,0
1789652035.1243684,126.973,5818097,347293,0,224,66,51,58840,447606,16990351,17307096,140,61552304,44676332,64771540,0,660760,0,1,1,0,8072141,2087325651,2090754784,449,449,35,1535878,3075511,165190,43977031,44387,304853754,305888169,0
1789652035.374657,127.223,5818471,347318,0,224,66,51,58841,447606,16990464,17286240,128,61552148,44697700,64771540,0,636256,0,0,2,0,8072153,2087568259,2090997392,449,449,32,1535885,3075526,159064,43977033,44387,304853754,305888225,0
1789652035.6249719,127.474,5818846,347343,0,224,66,51,58841,447606,16990552,17257936,128,61552496,44727216,64771540,0,611616,0,1,1,0,8072163,2087813442,2091242576,449,449,32,1535917,3075589,152904,43977033,44387,304853754,305888225,0
1789652035.8752723,127.724,5819220,347368,0,224,66,51,58842,447607,16990659,17241552,128,61551288,44742840,64771540,0,595232,0,1,1,0,8072176,2088044794,2091473953,449,449,32,1535898,3075552,148808,43977734,44387,304853754,305888225,0
1789652036.1255987,127.974,5819588,347393,0,224,66,51,58847,447609,16991674,17210480,3920,61550136,44773692,64771540,0,563848,0,1,1,0,8072271,2088243717,2091673731,449,449,980,1535886,3075527,140962,43984083,44387,304853754,305888225,0
1789652036.3759577,128.225,5819963,347418,0,224,66,51,58847,447609,16991822,17177592,3908,61551484,44808336,64771540,0,531080,0,1,1,0,8072299,2088487417,2091917455,449,449,977,1535939,3075635,132770,43984085,44387,304853754,305888241,0
1789652036.626288,128.475,5820338,347443,0,224,66,51,58848,447609,16991903,17161352,3908,61551528,44825432,64771540,0,514696,0,1,1,0,8072310,2088734394,2092164431,449,449,977,1535951,3075657,128674,43984086,44387,304853754,305888241,0
1789652036.876599,128.725,5820713,347468,0,224,66,51,58848,447609,16992003,17128460,3916,61552036,44859228,64771540,0,481928,0,1,1,0,8072330,2088979067,2092409113,449,449,979,1535983,3075723,120482,43984089,44387,304853754,305888241,0
1789652037.126901,128.976,5821088,347494,0,224,66,51,58848,447609,16992106,17111880,3916,61552860,44877612,64771540,0,465544,0,1,1,0,8072344,2089226039,2092656094,449,449,979,1536026,3075808,116386,43984090,44387,304853754,305888241,0
1789652037.3772097,129.226,5821463,347519,0,224,66,51,58849,447610,16992208,17080464,3916,61553236,44909828,64771540,0,432820,0,1,1,0,8072363,2089468803,2092898861,449,449,979,1536057,3075869,108194,43984090,44387,304853754,305888241,0
1789652037.6275387,129.476,5821838,347544,0,224,66,51,58849,447610,16992291,17062728,3916,61552848,44928076,64771540,0,416392,0,1,1,0,8072373,2089715758,2093145816,449,449,979,1536059,3075875,104098,43984093,44387,304853754,305888241,0
1789652037.877836,129.726,5822213,347569,0,224,66,51,58850,447610,16992375,17046344,3916,61553076,44945132,64771540,0,400008,0,2,2,0,8072389,2089962712,2093392783,449,449,979,1536076,3075909,100002,43984093,44387,304853754,305888241,0
1789652038.1281614,129.977,5822587,347594,0,224,66,51,58850,447610,16992499,17013576,3920,61553104,44978812,64771540,0,367240,0,1,1,0,8072790,2090206410,2093636514,449,449,980,1536100,3075956,91810,43984095,44387,304853754,305888241,0
1789652038.3784742,130.227,5822962,347619,0,224,66,51,58851,447610,16992576,16997192,3920,61553128,44995660,64771540,0,350856,0,1,1,0,8072799,2090453360,2093883464,449,449,980,1536112,3075980,87714,43984095,44387,304853754,305888241,0
1789652038.6287704,130.477,5823337,347644,0,224,66,51,58851,447610,16992676,16964424,3920,61553180,45029364,64771540,0,318088,0,1,1,0,8072817,2090697071,2094127177,449,449,980,1536136,3076028,79522,43984097,44387,304853754,305888241,0
1789652038.8790796,130.728,5823712,347669,0,224,66,51,58852,447610,16992754,16948040,3920,61553212,45046200,64771540,0,301704,0,1,1,0,8072830,2090942194,2094372306,449,449,980,1536148,3076052,75426,43984098,44387,304853754,305888241,0
1789652039.1294012,130.978,5824087,347694,0,224,66,51,58852,447610,16992862,16915272,3920,61553496,45080392,64771540,0,268988,0,1,1,0,8073249,2091185907,2094616033,449,449,980,1536178,3076113,67247,43984099,44387,304853754,305888241,0
1789652039.379709,131.228,5824462,347720,0,224,66,51,58853,447610,16992969,16890696,3920,61553324,45105312,64771540,0,244592,0,1,1,0,8073269,2091430244,2094860384,449,449,980,1536190,3076137,61148,43984100,44387,304853754,305888241,0
1789652039.6300063,131.479,5824837,347745,0,224,66,51,58853,447610,16993047,16866120,3920,61553444,45130820,64771540,0,220148,0,1,1,0,8073281,2091675555,2095105696,449,449,980,1536211,3076179,55037,43984101,44387,304853754,305888241,0
1789652039.8803039,131.729,5825212,347770,0,224,66,51,58854,447610,16993146,16841544,3920,61553640,45156120,64771540,0,195320,0,1,1,0,8074069,2091921398,2095351828,449,449,980,1536233,3076222,48830,43984101,44387,304853754,305888241,0
1789652040.1305943,131.979,5825587,347795,0,224,66,51,58854,447610,16993244,16817032,3960,61553956,45181388,64771540,0,170632,0,1,1,0,8074088,2092164797,2095595240,449,449,990,1536252,3076260,42658,43984101,44387,304853754,305888321,0
1789652040.3809054,132.23,5825961,347820,0,224,66,51,58855,447610,16993389,16792664,3960,61553968,45206576,64771540,0,146056,0,1,1,0,8074113,2092409158,2095839617,449,449,990,1536272,3076301,36514,43984102,44387,304853754,305888321,0
1789652040.6312332,132.48,5826337,347845,0,224,66,51,58855,447610,16993469,16767896,3960,61553980,45231760,64771540,0,121480,0,1,1,0,8074124,2092655467,2096085927,449,449,990,1536283,3076322,30370,43984103,44387,304853754,305888321,0
1789652040.88156,132.73,5826711,347870,0,224,66,51,58856,447610,16993566,16743536,3960,61554044,45257400,64771540,0,96904,0,1,1,0,8074138,2092900815,2096331276,449,449,990,1536305,3076366,24226,43984104,44387,304853754,305888321,0
1789652041.1318574,132.98,5827086,347895,0,224,66,51,58856,447610,16993653,16718768,3960,61554072,45282600,64771540,0,72448,0,1,1,0,8074157,2093147099,2096577560,449,449,990,1536325,3076408,18112,43984104,44387,304853754,305888321,0
1789652041.3821683,133.231,5827461,347921,0,224,66,51,58857,447610,16993796,16694160,3960,61554464,45308224,64771540,0,47820,0,1,1,0,8074192,2093387685,2096818193,449,449,990,1536350,3076458,11955,43984109,44387,304853754,305888321,0
1789652041.6325212,133.481,5827836,347946,0,224,66,51,58857,447610,16993874,16669512,3960,61554064,45333356,64771540,0,23464,0,1,1,0,8074202,2093634004,2097064511,449,449,990,1536363,3076484,5866,43984109,44387,304853754,305888321,0
1789652041.8828437,133.731,5828211,347970,0,224,66,51,58858,447611,16993988,16646632,3960,61554556,45357384,64771540,0,272,0,1,2,0,8074220,2093873811,2097304319,449,449,990,1536387,3076530,68,43984113,44387,304853754,305888321,0
1789652042.133397,133.982,5828565,347971,0,224,66,51,58881,447632,16994803,13196640,4072,61572940,48849376,64771540,0,0,0,0,2,0,8082262,2093873978,2097304486,449,449,1018,1537436,3078632,0,43987729,44388,304853866,305888321,0
1789652042.3838575,134.232,5828940,347971,0,224,66,51,58906,447632,16995081,9530900,4072,61653668,52656336,64771540,0,0,0,0,3,0,8089562,2093873978,2097304486,449,449,1018,1540973,3085714,0,43987731,44388,304853866,305888321,0
