t,t_rel,cpu_idle,cpu_iowait,cpu_irq,cpu_nice,cpu_softirq,cpu_steal,cpu_system,cpu_user,ctxt,mem_Cached,mem_Dirty,mem_MemAvailable,mem_MemFree,mem_MemTotal,mem_SwapCached,mem_Writeback,mem_WritebackTmp,procs_blocked,procs_running,psi_cpu_full_total,psi_cpu_some_total,psi_io_full_total,psi_io_some_total,psi_memory_full_total,psi_memory_some_total,vm_nr_dirty,vm_nr_dirty_background_threshold,vm_nr_dirty_threshold,vm_nr_writeback,vm_pgfault,vm_pgmajfault,vm_pgpgin,vm_pgpgout,vm_pswpout
1789650796.4344764,0.0,4114043,217253,0,224,58,48,41298,319486,11900820,144876,1472,63847292,64213280,64771540,0,0,0,1,1,0,6222232,1389863106,1392444564,9,9,368,1594888,3193676,0,31593039,32041,210187626,221236581,0
1789650796.684914,0.25,4114282,217271,0,224,58,48,41299,319627,11901430,154492,1484,63834524,64195216,64771540,0,0,0,0,18,0,6222558,1389890897,1392472402,9,9,371,1594741,3193382,0,31595703,32114,210199914,221236581,0
1789650796.9354584,0.501,4114655,217288,0,224,58,48,41301,319636,11902139,162876,1484,63818276,64174276,64771540,0,0,0,1,1,0,6223314,1389992820,1392574365,9,9,371,1594453,3192805,0,31600682,32150,210209846,221236581,0
1789650797.185852,0.751,4115030,217310,0,224,58,48,41302,319637,11902869,190704,1516,63789984,64131680,64771540,0,0,0,0,2,0,6224136,1390154433,1392736047,9,9,379,1594104,3192105,0,31604942,32360,210237846,221236581,0
1789650797.436185,1.002,4115395,217334,0,224,58,48,41304,319647,11905127,201368,1516,63772764,64109136,64771540,0,0,0,1,1,0,6224972,1390299017,1392880634,9,9,379,1593808,3191513,0,31608101,32450,210248354,221236581,0
1789650797.6865242,1.252,4115765,217356,0,224,58,48,41305,319653,11906824,207752,1516,63761164,64094324,64771540,0,0,0,1,1,0,6225879,1390484440,1393066075,9,9,379,1593597,3191091,0,31610118,32456,210254734,221236581,0
1789650797.936836,1.502,4116132,217377,0,224,58,48,41306,319664,11908171,216092,1516,63740756,64069740,64771540,0,0,0,1,1,0,6226708,1390647263,1393228936,9,9,379,1593192,3190280,0,31615221,32456,210263122,221236581,0
1789650798.1871593,1.753,4116485,217387,0,224,58,48,41311,319695,11911898,219104,1516,63743460,64070800,64771540,0,0,0,1,3,0,6227563,1390669319,1393251014,9,9,379,1593301,3190497,0,31631410,32464,210266238,221236613,0
1789650798.437608,2.003,4116843,217400,0,224,58,48,41312,319722,11914528,222552,1516,63713600,64039216,64771540,0,0,0,0,2,0,6228089,1390745557,1393327260,9,9,379,1592598,3189091,0,31638509,32465,210269794,221236613,0
1789650798.6880045,2.254,4117206,217412,0,224,58,48,41314,319743,11917725,225516,1516,63694624,64018752,64771540,0,0,0,1,3,0,6229362,1390806305,1393388034,9,9,379,1592162,3188217,0,31643427,32465,210272646,221236613,0
1789650798.9384208,2.504,4117568,217427,0,224,58,48,41317,319762,11921527,228940,1516,63668456,63990868,64771540,0,0,0,1,1,0,6230035,1390897253,1393478983,9,9,379,1591551,3186994,0,31651049,32472,210276078,221236613,0
1789650799.1888127,2.754,4117918,217437,0,224,58,48,41317,319799,11925978,231740,1516,63655800,63976808,64771540,0,0,0,1,1,0,6230573,1390949984,1393531762,9,9,379,1591270,3186432,0,31653364,32477,210278886,221236613,0
1789650799.4392087,3.005,4118278,217449,0,224,58,48,41319,319825,11930243,234204,1516,63648988,63968768,64771540,0,0,0,1,1,0,6231176,1391020164,1393601947,9,9,379,1591131,3186153,0,31655317,32480,210281362,221236613,0
1789650799.689623,3.255,4118623,217459,0,224,58,48,41322,319865,11935848,236412,1516,63681016,63999688,64771540,0,0,0,0,1,0,6231546,1391041528,1393623453,9,9,379,1591958,3187809,0,31659837,32483,210283586,221236617,0
1789650799.984585,3.55,4119068,217484,0,224,58,48,41324,319867,11936825,264140,1516,63662704,63967136,64771540,0,0,0,1,1,0,6232653,1391287496,1393869448,9,9,379,1591857,3187606,0,31663095,32711,210312358,221236617,0
1789650800.2366538,3.802,4119443,217503,0,224,58,48,41325,319871,11937494,278364,1516,63646776,63942180,64771540,0,0,0,0,2,0,6233522,1391477789,1394059776,9,9,379,1591593,3187079,0,31667081,32819,210326486,221236617,0
1789650800.4871113,4.053,4119819,217520,0,224,58,48,41327,319878,11938050,290268,1516,63636144,63919532,64771540,0,0,0,1,1,0,6235434,1391649208,1394231214,9,9,379,1591328,3186547,0,31671244,32913,210338570,221236617,0
1789650800.73745,4.303,4120185,217535,0,224,58,48,41328,319895,11940110,296660,1516,63618544,63895348,64771540,0,0,0,0,2,0,6235985,1391723252,1394305259,9,9,379,1590889,3185668,0,31675360,32925,210345050,221236617,0
1789650800.987836,4.553,4120544,217549,0,224,58,48,41329,319920,11942337,299652,1516,63601916,63875708,64771540,0,0,0,1,1,0,6236555,1391810845,1394392853,9,9,379,1590474,3184836,0,31679557,32929,210348074,221236617,0
1789650801.2382424,4.804,4120872,217562,0,224,58,48,41333,319977,11944384,302500,1516,63535092,63806052,64771540,0,0,0,0,4,0,6237088,1391854365,1394436373,9,9,379,1588805,3181496,0,31700674,32929,210350970,221236617,0
1789650801.4887202,5.054,4121228,217572,0,224,58,48,41334,320008,11946692,305188,1516,63512248,63780516,64771540,0,0,0,1,1,0,6237531,1391913893,1394495901,9,9,379,1588235,3180354,0,31706511,32929,210353582,221236617,0
1789650801.7391596,5.305,4121577,217583,0,224,58,48,41337,320045,11952748,308464,1516,63491644,63756592,64771540,0,0,0,0,4,0,6238068,1391964800,1394546808,9,9,379,1587721,3179324,0,31712590,32932,210356886,221236617,0
1789650801.989625,5.555,4121929,217592,0,224,58,48,41338,320081,11954368,311244,1516,63485772,63747984,64771540,0,0,0,0,2,0,6238477,1392012094,1394594102,9,9,379,1587574,3179031,0,31714595,32932,210359658,221236617,0
1789650802.2400773,5.806,4122279,217602,0,224,58,48,41340,320119,11957470,314056,1616,63470572,63729960,64771540,0,0,0,1,1,0,6239905,1392057144,1394639152,9,9,404,1587195,3178271,0,31718200,32934,210362378,221236617,0
1789650802.490498,6.056,4122640,217614,0,224,58,48,41341,320144,11959847,317736,1616,63458636,63714340,64771540,0,0,0,1,2,0,6240403,1392135398,1394717406,9,9,404,1586897,3177674,0,31721547,32934,210366070,221236617,0
1789650802.7409172,6.306,4122993,217619,0,224,58,48,41343,320185,11962625,319684,1616,63447776,63701540,64771540,0,0,0,0,3,0,6240682,1392164811,1394746825,9,9,404,1586626,3177131,0,31724032,32934,210368166,221236617,0
1789650802.9913795,6.557,4123311,217621,0,224,58,48,41347,320258,11973126,320380,1616,63436152,63689164,64771540,0,0,0,0,5,0,6241287,1392169637,1394751651,9,9,404,1586336,3176550,0,31728391,32936,210368682,221236617,0
1789650803.241834,6.807,4123644,217624,0,224,58,48,41349,320320,11980378,321088,1616,63428824,63681144,64771540,0,0,0,0,3,0,6242002,1392181205,1394763218,9,9,404,1586153,3176184,0,31730303,32938,210369474,221236617,0
1789650803.4925282,7.058,4124011,217638,0,224,58,48,41350,320337,11981910,325460,1616,63424464,63672468,64771540,0,0,0,0,2,0,6242660,1392292030,1394874043,9,9,404,1586044,3175966,0,31731578,32939,210373846,221236617,0
1789650803.7429476,7.308,4124383,217646,0,224,58,48,41351,320357,11983054,327556,1616,63414428,63660336,64771540,0,0,0,0,2,0,6243088,1392358360,1394940373,9,9,404,1585793,3175464,0,31733906,32939,210375866,221236617,0
1789650803.9933598,7.559,4124737,217655,0,224,58,48,41353,320391,11985435,329964,1616,63395220,63638752,64771540,0,0,0,1,2,0,6243530,1392409421,1394991435,9,9,404,1585314,3174504,0,31739205,32939,210378266,221236617,0
1789650804.2437828,7.809,4125107,217668,0,224,58,48,41354,320407,11986079,333500,1616,63373052,63613012,64771540,0,0,0,0,2,0,6244245,1392516759,1395098773,9,9,404,1584760,3173396,0,31744776,32939,210381838,221236617,0
1789650804.494202,8.06,4125469,217674,0,224,58,48,41355,320439,11987934,335044,1616,63351604,63590004,64771540,0,0,0,0,6,0,6244530,1392552917,1395134935,9,9,404,1584225,3172324,0,31750105,32939,210383354,221236617,0
1789650804.7448761,8.31,4125831,217682,0,224,59,48,41357,320466,11989106,337028,1616,63323056,63559504,64771540,0,0,0,0,2,0,6244812,1392586530,1395168548,9,9,404,1583512,3170897,0,31756410,32939,210385358,221236617,0
1789650804.9955413,8.561,4126172,217690,0,224,59,48,41361,320514,11993237,339008,1616,63300140,63534232,64771540,0,0,0,0,3,0,6245161,1392601798,1395183817,9,9,404,1582940,3169751,0,31761933,32939,210387714,221236617,0
1789650805.2459686,8.811,4126501,217694,0,224,59,48,41365,320574,11998345,340388,1620,63265568,63498208,64771540,0,0,0,0,3,0,6245670,1392613448,1395195468,9,9,405,1582077,3168023,0,31770620,32940,210389122,221236617,0
1789650805.496366,9.062,4126812,217701,0,224,59,48,41368,320654,12000822,342172,1772,63218024,63448884,64771540,0,0,0,1,2,0,6245845,1392620820,1395202840,9,9,443,1580890,3165646,0,31783109,32940,210390738,221236617,0
1789650805.7468185,9.312,4127171,217711,0,224,59,48,41371,320682,12002986,345104,1772,63185848,63413744,64771540,0,0,0,0,5,0,6246245,1392673983,1395256003,9,9,443,1580087,3164038,0,31792426,32940,210393670,221236617,0
1789650805.9972732,9.563,4127536,217717,0,224,59,48,41374,320707,12006236,346624,1780,63199780,63426140,64771540,0,0,0,0,3,0,6246608,1392703257,1395285278,9,9,445,1580435,3164734,0,31798889,32940,210395186,221236617,0
1789650806.2476797,9.813,4127903,217725,0,224,59,48,41376,320731,12007540,348672,1780,63183948,63408276,64771540,0,0,0,0,2,0,6247105,1392766909,1395348929,9,9,445,1580040,3163943,0,31804744,32940,210397214,221236617,0
1789650806.4981105,10.064,4128264,217734,0,224,59,48,41378,320760,12010104,351688,1780,63158728,63380076,64771540,0,0,0,1,3,0,6247546,1392824740,1395406760,9,9,445,1579410,3162682,0,31811220,32941,210400230,221236617,0
1789650806.7487464,10.314,4128599,217739,0,224,59,48,41381,320817,12015677,352856,1784,63141324,63361444,64771540,0,0,0,0,5,0,6248004,1392843788,1395425808,9,9,446,1578976,3161812,0,31815005,32941,210401394,221236617,0
1789650806.9994445,10.565,4128880,217740,0,224,59,48,41384,320927,12024880,353724,1844,63133616,63352888,64771540,0,0,0,0,6,0,6248462,1392845039,1395427060,9,9,461,1578783,3161427,0,31818129,32941,210402314,221236677,0
1789650807.249926,10.815,4129177,217754,0,224,59,48,41391,321007,12031932,482512,1844,63074468,63164892,64771540,0,0,0,0,11,0,6249037,1392864816,1395446836,9,9,461,1577307,3158470,0,31834887,32941,210531046,221236677,0
1789650807.5005462,11.066,4129418,217763,0,224,59,48,41412,321133,12044293,688136,122692,62785656,62669256,64771540,0,0,0,4,1,0,6249629,1392873176,1395455196,9,9,30673,1570074,3143988,0,31895240,32941,210616778,221236677,0
1789650807.7511137,11.317,4129681,217784,0,224,59,48,41437,321221,12055583,1137848,402100,62702724,62133060,64771540,0,0,0,0,7,0,6250177,1392903682,1395485708,9,9,100525,1567916,3139665,0,31909133,32941,210786186,221236677,0
1789650808.0018365,11.567,4129922,217797,0,224,59,48,41472,321332,12065030,1373092,510092,62428048,61622160,64771540,0,0,0,0,5,0,6251463,1392915307,1395497425,9,9,127627,1561034,3125886,0,31918708,32941,210913690,221236677,0
1789650808.2523263,11.818,4130191,217825,0,224,59,48,41497,321410,12073776,1898568,780024,62376344,61041288,64771540,0,0,0,0,6,0,6252207,1392955252,1395537386,9,9,195006,1559652,3123117,0,31944229,32941,211168698,221236677,0
1789650808.5028226,12.068,4130441,217843,0,224,59,48,41537,321496,12080323,2231332,949360,62104372,60434236,64771540,0,0,0,2,7,0,6253291,1392981631,1395563868,9,9,237340,1552802,3109402,0,31954129,32941,211332670,221236677,0
1789650808.7534306,12.319,4130724,217868,0,224,59,48,41568,321557,12087653,2737152,1236380,62014468,59835008,64771540,0,0,0,0,6,0,6253940,1393034233,1395616473,9,9,308994,1550447,3104685,0,31985395,32941,211551210,221236677,0
1789650809.0040965,12.57,4130969,217893,0,224,59,48,41605,321649,12094776,3114868,1379892,61877948,59318968,64771540,0,0,0,1,4,0,6254519,1393064025,1395646275,9,9,345074,1547018,3097819,0,31993404,32941,211785466,221236677,0
1789650809.2545877,12.82,4131257,217911,0,224,59,48,41641,321704,12100347,3544792,1656444,61715352,58722948,64771540,0,0,0,1,4,0,6255276,1393101918,1395684171,9,9,414111,1542873,3089519,0,32008498,32941,211939042,221236677,0
1789650809.5050588,13.071,4131533,217938,0,224,59,48,41668,321774,12107146,4005244,1835012,61701152,58245988,64771540,0,0,0,0,5,0,6255892,1393142161,1395724676,9,9,458753,1542461,3088694,0,32022962,32941,212220606,221236677,0
1789650809.7555606,13.321,4131818,217946,0,224,59,48,41714,321836,12113359,4434592,2099196,61469540,57580948,64771540,0,0,0,1,4,0,6256379,1393157140,1395739671,9,9,524799,1536577,3076912,0,32055434,32941,212386482,221236677,0
1789650810.006058,13.572,4132098,217963,0,224,59,48,41743,321908,12120991,5020668,2398732,61627100,57148172,64771540,0,0,0,2,3,0,6256938,1393181474,1395764044,9,9,599683,1540405,3084576,0,32069941,32941,212672886,221236677,0
1789650810.256678,13.822,4132373,217973,0,224,59,48,41782,321982,12127394,5500904,2629716,61540856,56578436,64771540,0,0,0,0,5,0,6257530,1393198249,1395780825,9,9,657429,1538181,3080123,0,32088263,32941,212921878,221236677,0
1789650810.507158,14.073,4132644,217995,0,224,59,48,41814,322058,12132725,5984092,2889896,61525988,56076620,64771540,0,0,0,0,6,0,6258057,1393233712,1395816299,9,9,722474,1537715,3079191,0,32102364,32941,213145010,221236677,0
1789650810.75766,14.323,4132896,218014,0,224,59,48,41846,322152,12137644,6456916,3145764,61558416,55632336,64771540,0,0,0,1,4,0,6258500,1393261060,1395843655,9,9,786441,1538418,3080597,0,32106885,32941,213362302,221236677,0
1789650811.008123,14.574,4133178,218035,0,224,59,48,41881,322213,12142950,6942688,3402076,61550024,55134924,64771540,0,0,0,0,5,0,6259257,1393297880,1395880485,9,9,850519,1538117,3079995,0,32117138,32941,213591274,221236677,0
1789650811.2586102,14.824,4133442,218047,0,224,59,48,41920,322299,12149687,7426852,3633944,61495132,54592212,64771540,0,0,0,2,4,0,6259920,1393313775,1395896380,9,9,908486,1536666,3077089,0,32130568,32941,213844042,221236677,0
1789650811.5091312,15.075,4133724,218064,0,224,59,48,41952,322368,12154710,7953280,3902684,61552320,54119092,64771540,0,0,0,0,7,0,6260416,1393337165,1395919872,9,9,975772,1538017,3079795,0,32145157,32941,214101290,221236677,0
1789650811.7598982,15.325,4133978,218076,0,224,59,48,41985,322467,12159945,8472276,4195660,61541748,53585008,64771540,0,0,0,1,7,0,6260853,1393354549,1395937256,9,9,1048915,1537620,3078999,0,32161246,32941,214327182,221236677,0
1789650812.0106287,15.576,4134253,218089,0,224,59,48,42031,322532,12166947,8949700,3739452,61512116,53074596,64771540,0,692212,0,1,6,0,6261543,1393380017,1395962732,9,9,934863,1536807,3077371,173053,32169105,32941,214569822,221929541,0
1789650812.2612052,15.827,4134533,218110,0,224,59,48,42070,322592,12172785,9460900,2772212,61480140,52527612,64771540,0,1892624,0,1,4,0,6263302,1393413549,1395996347,9,9,693053,1535904,3075564,473156,32184853,32941,214822662,223154421,0
1789650812.511696,16.077,4134804,218128,0,224,59,48,42103,322669,12179076,9912600,3020452,61570620,52162916,64771540,0,1863952,0,0,5,0,6264360,1393441367,1396024214,9,9,755217,1538087,3079934,465988,32198994,32942,215025758,223154421,0
1789650812.7624652,16.328,4135097,218147,0,224,59,48,42139,322718,12184306,10401992,3282808,61446712,51545616,64771540,0,1839376,0,1,4,0,6265581,1393476245,1396059143,9,9,820702,1534872,3073497,459844,32216850,32942,215253034,223154421,0
1789650813.0129535,16.578,4135362,218169,0,224,59,48,42175,322795,12191152,10882840,3512532,61425736,51040572,64771540,0,1810704,0,0,5,0,6266561,1393511483,1396094418,9,9,878234,1534278,3072308,452676,32238830,32942,215503894,223154421,0
1789650813.2634382,16.829,4135648,218187,0,224,59,48,42211,322852,12195894,11347292,3759288,61344816,50491584,64771540,0,1794320,0,3,2,0,6267929,1393549502,1396132471,9,9,939822,1532168,3068082,448580,32247900,32942,215722230,223154421,0
1789650813.513924,17.079,4135941,218212,0,224,59,48,42241,322903,12201714,11867280,4018800,61389780,50012700,64771540,0,1761552,0,0,5,0,6270354,1393599443,1396182549,9,9,1004700,1533195,3070139,440388,32259271,32942,215982034,223154421,0
1789650813.7644145,17.33,4136222,218229,0,224,59,48,42275,322970,12207200,12310320,4270584,61413232,49589760,64771540,0,1749264,0,0,7,0,6270999,1393623583,1396206693,9,9,1067646,1533717,3071185,437316,32276041,32942,216173290,223154421,0
1789650814.0149038,17.58,4136516,218250,0,224,59,48,42311,323018,12213086,12798300,4528160,61301516,48986196,64771540,0,1716496,0,1,4,0,6271918,1393664843,1396247980,9,9,1132040,1530811,3065366,429124,32304920,32942,216403566,223154421,0
1789650814.2653852,17.831,4136810,218271,0,224,59,48,42345,323067,12218482,13311580,4793760,61334560,48502696,64771540,0,1695984,0,0,5,0,6274048,1393711645,1396294859,9,9,1198440,1531545,3066835,423996,32309476,32942,216651406,223154421,0
1789650814.5158672,18.081,4137087,218289,0,224,59,48,42383,323129,12225022,13749932,5027540,61267536,47993592,64771540,0,1671408,0,1,5,0,6275110,1393740568,1396323829,9,9,1256987,1529788,3063317,417852,32330128,32942,216856106,223154421,0
1789650814.7663245,18.332,4137375,218314,0,224,59,48,42413,323182,12231165,14361296,5360520,61606148,47715932,64771540,0,1650928,0,0,6,0,6276010,1393787077,1396370399,9,9,1340130,1538109,3079979,412732,32338084,32942,217134522,223154421,0
1789650815.0167892,18.582,4137653,218337,0,224,59,48,42448,323246,12238058,14959632,5704908,61799036,47305864,64771540,0,1626352,0,0,6,0,6276941,1393824614,1396407982,9,9,1426227,1542816,3089404,406588,32343043,32942,217388438,223154421,0
1789650815.2672894,18.833,4137936,218362,0,224,59,48,42485,323301,12244504,15379552,5887320,61941032,47024964,64771540,0,1597680,0,0,8,0,6278459,1393868758,1396452173,9,9,1471830,1546300,3096381,399420,32357088,32942,217625850,223154421,0
1789650815.5177686,19.083,4138218,218383,0,224,59,48,42526,323356,12249945,15930864,5893484,62185416,46708404,64771540,0,1892648,0,1,4,0,6279537,1393901957,1396485404,9,9,1473371,1552150,3108095,473162,32364292,32942,217851578,223473965,0
1789650815.7683933,19.334,4138500,218409,0,224,59,48,42557,323415,12256724,16608216,5990384,62125552,45961376,64771540,0,2166048,0,0,6,0,6280967,1393950497,1396533992,9,9,1497020,1550401,3104593,542088,32378709,32942,218134018,223774397,0
1789650816.0188704,19.584,4138770,218434,0,224,59,48,42598,323476,12264084,16988388,4398768,62303084,45754568,64771540,0,3842280,0,3,2,0,6281930,1393993236,1396576763,9,9,1099692,1554740,3113281,960570,32386705,32942,218401062,225476845,0
1789650816.269338,19.835,4139049,218455,0,224,59,48,42638,323535,12270479,17458324,4647916,62561736,45533996,64771540,0,3825896,0,1,3,0,6283434,1394031288,1396614865,9,9,1161979,1560965,3125747,956474,32396688,32942,218621690,225476845,0
1789650816.5198483,20.085,4139360,218469,0,224,59,48,42664,323583,12275831,17782344,4821652,62612208,45253768,64771540,0,3797192,0,0,7,0,6283895,1394056036,1396639684,9,9,1205413,1562055,3127931,949298,32406988,32942,218771718,225476845,0
1789650816.7705681,20.336,4139598,218470,0,224,59,48,42671,323735,12282598,17782460,4821652,62521164,45162520,64771540,0,3772616,0,0,8,0,6284213,1394056281,1396639933,9,9,1205413,1559783,3123380,943154,32423113,32942,218771834,225476845,0
1789650817.0210435,20.587,4139843,218470,0,224,59,48,42675,323886,12284963,17782460,4821856,62519628,45160948,64771540,0,3743944,0,0,7,0,6284586,1394056412,1396640245,9,9,1205464,1559744,3123303,935986,32424099,32942,218771834,225477565,0
1789650817.2717018,20.837,4140121,218470,0,224,59,48,42679,324003,12286735,17782460,4821856,62529660,45170968,64771540,0,3727560,0,0,5,0,6284966,1394056424,1396640359,9,9,1205464,1559995,3123804,931890,32424424,32942,218771834,225477565,0
1789650817.5221758,21.088,4140404,218470,0,224,59,48,42685,324114,12288607,17782556,4821952,62529752,45170968,64771540,0,3698888,0,0,7,0,6286193,1394056424,1396640725,9,9,1205488,1559997,3123809,924722,32424540,32942,218771834,225477565,0
1789650817.77268,21.338,4140684,218470,0,224,59,48,42691,324228,12290358,17782564,4821952,62529016,45170224,64771540,0,3674312,0,0,5,0,6286854,1394056431,1396640845,9,9,1205488,1559979,3123772,918578,32425655,32942,218771838,225477565,0
1789650818.0233705,21.589,4140965,218470,0,224,59,48,42695,324343,12291025,17782564,4821952,62517700,45158884,64771540,0,3653832,0,0,7,0,6287329,1394056440,1396640985,9,9,1205488,1559696,3123206,913458,32428199,32942,218771838,225477565,0
1789650818.2739692,21.839,4141243,218471,0,224,59,48,42700,324460,12292720,17782660,4822048,62532092,45173184,64771540,0,3629256,0,0,6,0,6287612,1394056455,1396641039,9,9,1205512,1560056,3123926,907314,32428347,32942,218771838,225477565,0
1789650818.5244663,22.09,4141520,218471,0,224,59,48,42704,324579,12295247,17782660,4822048,62522164,45163252,64771540,0,3600552,0,0,6,0,6287942,1394056474,1396641178,9,9,1205512,1559808,3123430,900138,32429448,32942,218771838,225477565,0
1789650818.7749357,22.34,4141815,218471,0,224,59,48,42709,324679,12295960,17782756,4822144,62521856,45162852,64771540,0,3575976,0,0,5,0,6287983,1394056477,1396641394,9,9,1205536,1559800,3123414,893994,32429469,32942,218771838,225477565,0
1789650819.025434,22.591,4142100,218471,0,224,59,48,42714,324789,12297521,17782756,4822144,62523248,45164240,64771540,0,3547304,0,0,8,0,6288409,1394056477,1396641816,9,9,1205536,1559835,3123484,886826,32430151,32942,218771838,225477565,0
1789650819.2759018,22.841,4142377,218471,0,224,59,48,42720,324906,12298710,17782852,4822240,62523940,45164840,64771540,0,3530920,0,0,5,0,6288786,1394056477,1396641982,9,9,1205560,1559852,3123518,882730,32433221,32942,218771838,225477565,0
1789650819.5263932,23.092,4142668,218471,0,224,59,48,42725,325010,12299516,17782912,4822240,62522936,45163792,64771540,0,3498152,0,0,5,0,6289418,1394056494,1396642350,9,9,1205560,1559827,3123468,874538,32433273,32942,218771898,225477565,0
1789650819.7768774,23.342,4142946,218471,0,224,59,48,42730,325127,12300554,17782912,4822240,62521192,45162028,64771540,0,3485864,0,0,5,0,6290015,1394056494,1396642496,9,9,1205560,1559783,3123381,871466,32434011,32942,218771898,225477565,0
1789650820.0273764,23.593,4143226,218471,0,224,59,48,42734,325243,12301497,17783008,4822336,62520632,45161376,64771540,0,3453096,0,0,5,0,6290796,1394056494,1396642995,9,9,1205584,1559769,3123353,863274,32434287,32942,218771898,225477565,0
1789650820.2778368,23.843,4143497,218471,0,224,59,48,42739,325367,12302705,17783008,4822336,62542824,45183568,64771540,0,3432616,0,0,8,0,6291241,1394056494,1396643202,9,9,1205584,1560323,3124462,858154,32434816,32942,218771898,225477565,0
1789650820.5283215,24.094,4143777,218471,0,224,59,48,42743,325483,12304515,17783104,4822432,62540840,45181488,64771540,0,3399848,0,0,9,0,6291910,1394056669,1396643629,9,9,1205608,1560274,3124363,849962,32435988,32942,218771898,225477565,0
1789650820.778973,24.344,4144051,218471,0,224,59,48,42749,325603,12305513,17783104,4822432,62540336,45180984,64771540,0,3387528,0,0,7,0,6292280,1394056669,1396643910,9,9,1205608,1560261,3124338,846882,32436338,32942,218771898,225477565,0
1789650821.0294628,24.595,4144337,218471,0,224,59,48,42755,325712,12306129,17783200,4822528,62540204,45180760,64771540,0,3354760,0,0,5,0,6293656,1394056669,1396644444,9,9,1205632,1560258,3124331,838690,32436358,32942,218771898,225477565,0
1789650821.279936,24.845,4144617,218474,0,224,59,48,42769,325814,12307123,17783752,3112068,62555912,45195488,64771540,0,5044732,0,0,7,0,6293885,1394057214,1396645026,9,9,777916,1560650,3125117,1261284,32437640,32962,218772914,227183589,0
1789650821.530426,25.096,4144883,218487,0,224,59,48,42781,325924,12308409,17788260,2700420,62548572,45182292,64771540,0,5433560,0,0,6,0,6294203,1394069287,1396657177,9,9,675105,1560467,3124750,1358390,32441898,33019,218778450,227601429,0
1789650821.7811022,25.347,4145154,218502,0,224,59,48,42786,326031,12309674,17793616,2700420,62536684,45164728,64771540,0,5408984,0,2,5,0,6294399,1394087107,1396675145,9,9,675105,1560170,3124155,1352246,32445254,33059,218784486,227601429,0
1789650822.0315733,25.597,4145415,218512,0,224,59,48,42792,326154,12311825,17796176,2700504,62524960,45149944,64771540,0,5380312,0,0,6,0,6294979,1394097590,1396685942,9,9,675126,1559872,3123559,1345078,32448516,33064,218786874,227601677,0
1789650822.282047,25.848,4145698,218517,0,224,59,48,42804,326254,12313170,17798224,2701644,62537516,45159700,64771540,0,5363928,0,0,5,0,6295222,1394099187,1396687549,9,9,675411,1560180,3124175,1340982,32460588,33094,218789330,227601681,0
1789650822.5325537,26.098,4145991,218517,0,224,59,48,42809,326356,12313803,17798320,2701740,62537012,45159104,64771540,0,5335256,0,0,5,0,6295282,1394099192,1396687782,9,9,675435,1560168,3124150,1333814,32460602,33094,218789330,227601681,0
1789650822.7830353,26.349,4146287,218517,0,224,59,48,42815,326456,12314661,17798320,2701740,62534852,45156940,64771540,0,5310680,0,0,5,0,6295431,1394099197,1396687910,9,9,675435,1560114,3124042,1327670,32461695,33094,218789330,227601681,0
1789650823.0335507,26.599,4146582,218518,0,224,59,48,42819,326556,12315376,17798320,2701740,62534668,45156740,64771540,0,5281984,0,0,6,0,6295568,1394099200,1396688087,9,9,675435,1560109,3124033,1320496,32461711,33094,218789330,227601681,0
1789650823.284281,26.85,4146868,218518,0,224,59,48,42824,326666,12316919,17798416,2701836,62555332,45177276,64771540,0,5265600,0,0,6,0,6295905,1394099322,1396688282,9,9,675459,1560625,3125066,1316400,32462057,33094,218789330,227601681,0
1789650823.534889,27.1,4147151,218518,0,224,59,48,42831,326774,12318712,17798416,2701836,62547272,45169212,64771540,0,5237056,0,0,5,0,6296652,1394099398,1396688616,9,9,675459,1560424,3124663,1309264,32463864,33094,218789330,227601681,0
1789650823.7853522,27.351,4147448,218518,0,224,59,48,42835,326874,12319010,17798512,2701932,62544928,45166776,64771540,0,5212480,0,0,5,0,6297574,1394099398,1396688858,9,9,675483,1560365,3124546,1303120,32464390,33094,218789330,227601681,0
1789650824.0358307,27.601,4147746,218518,0,224,59,48,42840,326970,12319514,17798512,2701932,62548232,45170080,64771540,0,5183800,0,0,5,0,6299110,1394099398,1396689316,9,9,675483,1560448,3124711,1295950,32464395,33094,218789330,227601681,0
1789650824.2862997,27.852,4148036,218518,0,224,59,48,42849,327071,12319923,17798608,2702028,62492436,45114188,64771540,0,5167288,0,0,5,0,6299521,1394099398,1396689473,9,9,675507,1559055,3121922,1291822,32480869,33094,218789330,227601681,0
1789650824.5367653,28.102,4148334,218518,0,224,59,48,42855,327166,12320506,17798612,2702028,62464556,45086304,64771540,0,5138608,0,0,5,0,6300867,1394099653,1396690012,9,9,675507,1558359,3120528,1284652,32487731,33094,218789338,227601681,0
1789650824.7872298,28.353,4148686,218518,0,224,59,48,42856,327214,12320644,17798616,2702028,62464556,45086304,64771540,0,5114032,0,0,2,0,6302131,1394099785,1396690468,9,9,675507,1558359,3120528,1278508,32487732,33094,218789338,227601681,0
1789650825.037708,28.603,4149059,218518,0,224,59,48,42857,327240,12320863,17849048,2752460,62493940,45065252,64771540,0,5085344,0,0,2,0,6304037,1394100475,1396692302,9,9,688115,1559092,3121997,1271336,32487740,33094,218789338,227601681,0
1789650825.288142,28.854,4149434,218518,0,224,59,48,42864,327258,12320960,17975640,2879052,62525600,44969064,64771540,0,5068960,0,1,3,0,6307025,1394101802,1396694426,9,9,719763,1559851,3123517,1267240,32487740,33094,218789338,227601681,0
1789650825.5385108,29.104,4149810,218518,0,224,59,48,42874,327274,12321065,17975780,2879192,62396864,44840004,64771540,0,5036192,0,0,2,0,6311699,1394101802,1396696252,9,9,719798,1556633,3117072,1259048,32518599,33094,218789338,227601681,0
1789650825.7888334,29.354,4150185,218519,0,224,59,48,42885,327287,12321257,17975780,2879192,62171424,44614552,64771540,0,5007512,0,0,2,0,6313736,1394102511,1396697817,9,9,719798,1551005,3105802,1251878,32573048,33094,218789338,227601681,0
1789650826.0391357,29.605,4150560,218519,0,224,59,48,42887,327311,12321333,17975780,2879192,62130724,44573844,64771540,0,4991128,0,0,2,0,6314614,1394102797,1396698550,9,9,719798,1549989,3103768,1247782,32582336,33094,218789338,227601681,0
1789650826.2895043,29.855,4150934,218519,0,224,59,48,42887,327336,12321708,17975780,2879192,62132292,44575412,64771540,0,4970640,0,0,2,0,6317630,1394104113,1396700222,9,9,719798,1550028,3103846,1242660,32582876,33094,218789338,227601681,0
1789650826.5399265,30.105,4151309,218519,0,224,59,48,42888,327361,12321778,17975780,2879192,62132292,44575412,64771540,0,4937872,0,0,2,0,6321109,1394104113,1396701768,9,9,719798,1550028,3103846,1234468,32582877,33094,218789338,227601681,0
1789650826.7902744,30.356,4151684,218519,0,224,59,48,42888,327386,12321850,17975780,2879192,62132292,44575412,64771540,0,4917416,0,1,2,0,6323245,1394104482,1396703084,9,9,719798,1550028,3103846,1229354,32582878,33094,218789338,227601681,0
1789650827.0405905,30.606,4152060,218519,0,224,59,48,42888,327411,12321927,17975780,2879192,62132292,44575412,64771540,0,4892816,0,0,2,0,6325022,1394104482,1396703928,9,9,719798,1550028,3103846,1223204,32582879,33094,218789338,227601765,0
1789650827.290894,30.856,4152435,218519,0,224,59,48,42888,327436,12322011,17975780,2879192,62134924,44578044,64771540,0,4872320,0,0,2,0,6326225,1394104497,1396704220,9,9,719798,1550094,3103978,1218080,32582879,33094,218789338,227601765,0
1789650827.5412192,31.107,4152808,218521,0,224,59,48,42888,327461,12322248,17975780,2875224,62126072,44569188,64771540,0,4847620,0,0,2,0,6329919,1394105326,1396706242,9,9,718806,1549873,3103535,1211905,32582881,33094,218789338,227606061,0
1789650827.7915466,31.357,4153183,218521,0,224,59,48,42888,327486,12322326,17975780,2875224,62126072,44569188,64771540,0,4818948,0,0,2,0,6331228,1394105628,1396707193,9,9,718806,1549873,3103535,1204737,32582881,33094,218789338,227606061,0
1789650828.0418482,31.607,4153559,218521,0,224,59,48,42888,327511,12322385,17975780,2875224,62126072,44569188,64771540,0,4794372,0,0,2,0,6331877,1394105949,1396707772,9,9,718806,1549873,3103535,1198593,32582882,33094,218789338,227606061,0
1789650828.2921543,31.858,4153934,218521,0,224,59,48,42888,327537,12322481,17975780,2875224,62128644,44571760,64771540,0,4777988,0,0,2,0,6333317,1394107104,1396709120,9,9,718806,1549937,3103664,1194497,32582970,33094,218789338,227606061,0
1789650828.542474,32.108,4154309,218521,0,224,59,48,42888,327562,12322594,17975780,2875096,62128644,44571760,64771540,0,4749424,0,0,2,0,6335103,1394107104,1396709935,9,9,718774,1549927,3103644,1187356,32582971,33094,218789338,227606061,0
1789650828.7928028,32.358,4154684,218521,0,224,59,48,42888,327587,12322670,17975780,2875096,62127840,44570956,64771540,0,4724848,0,0,2,0,6335706,1394107707,1396710652,9,9,718774,1549917,3103624,1181212,32582972,33094,218789338,227606061,0
1789650829.0430982,32.609,4155059,218522,0,224,59,48,42888,327612,12322749,17977428,2876744,62129080,44570548,64771540,0,4696176,0,0,2,0,6337194,1394109650,1396712622,9,9,719186,1549948,3103686,1174044,32582973,33094,218789338,227606061,0
1789650829.2934241,32.859,4155432,218522,0,224,59,48,42896,327631,12322893,18200436,3099752,62142812,44355372,64771540,0,4679792,0,0,2,0,6339028,1394109650,1396713357,9,9,774938,1550143,3104077,1169948,32582976,33094,218789338,227606061,0
1789650829.5437815,33.109,4155807,218522,0,224,59,48,42903,327649,12322999,18429972,3329288,62149928,44126420,64771540,0,4651104,0,0,2,0,6340779,1394109650,1396714605,9,9,832322,1550127,3104045,1162776,32582979,33094,218789338,227606061,0
1789650829.7941852,33.36,4156182,218522,0,224,59,48,42911,327666,12323065,18658748,3558064,62138264,43879696,64771540,0,4626528,0,0,2,0,6342630,1394109725,1396715544,9,9,889516,1549710,3103209,1156632,32582980,33094,218789338,227606061,0
1789650830.0445428,33.61,4156538,218522,0,224,59,48,42918,327705,12323661,18659124,3558440,62119964,43860672,64771540,0,4597856,0,0,2,0,6343773,1394109743,1396716295,9,9,889610,1549244,3102277,1149464,32587912,33094,218789338,227606061,0
1789650830.2949855,33.861,4156913,218522,0,224,59,48,42925,327724,12323741,18659124,3558440,62122296,43863004,64771540,0,4581472,0,0,2,0,6347309,1394109743,1396717367,9,9,889610,1549302,3102393,1145368,32587912,33094,218789338,227606061,0
1789650830.5453296,34.111,4157288,218522,0,224,59,48,42926,327748,12323815,18659124,3558440,62122296,43863004,64771540,0,4552784,0,0,2,0,6351371,1394109743,1396718360,9,9,889610,1549292,3102373,1138196,32587913,33094,218789338,227606061,0
1789650830.7957585,34.361,4157664,218522,0,224,59,48,42926,327773,12323878,18659124,3558440,62121508,43862216,64771540,0,4528208,0,0,2,0,6352520,1394109743,1396718773,9,9,889610,1549283,3102354,1132052,32587913,33094,218789338,227606061,0
1789650831.046083,34.612,4158039,218522,0,224,59,48,42926,327798,12323957,18659124,3558440,62121508,43862216,64771540,0,4499536,0,0,2,0,6355596,1394110072,1396719864,9,9,889610,1549283,3102354,1124884,32587916,33094,218789338,227606061,0
1789650831.2965527,34.862,4158414,218522,0,224,59,48,42926,327823,12324025,18659124,3558440,62124256,43864964,64771540,0,4483392,0,0,2,0,6358916,1394110072,1396720429,9,9,889610,1549351,3102491,1120848,32587916,33094,218789338,227606061,0
1789650831.5469654,35.112,4158790,218522,0,224,59,48,42926,327848,12324095,18659108,3558440,62124004,43864712,64771540,0,4450624,0,0,2,0,6360887,1394110072,1396721506,9,9,889610,1549345,3102479,1112656,32588031,33094,218789338,227606061,0
1789650831.7972994,35.363,4159165,218522,0,224,59,48,42927,327873,12324178,18659108,3558440,62124004,43864712,64771540,0,4421936,0,0,2,0,6364582,1394110437,1396722885,9,9,889610,1549345,3102479,1105484,32588117,33094,218789338,227606061,0
1789650832.0476186,35.613,4159540,218522,0,224,59,48,42927,327898,12324241,18659108,3558440,62119036,43859732,64771540,0,4405552,0,0,2,0,6365375,1394110437,1396723463,9,9,889610,1549221,3102230,1101388,32589187,33094,218789338,227606061,0
1789650832.2980278,35.864,4159915,218522,0,224,59,48,42927,327923,12324350,18659108,3558440,62122360,43863040,64771540,0,4376880,0,0,2,0,6368104,1394111321,1396725422,9,9,889610,1549304,3102396,1094220,32590343,33094,218789338,227606157,0
1789650832.54843,36.114,4160290,218523,0,224,59,48,42927,327949,12324500,18659132,3556580,62119704,43860344,64771540,0,4352064,0,0,2,0,6373272,1394112443,1396727274,9,9,889145,1549238,3102264,1088016,32591005,33094,218789342,227608025,0
1789650832.798753,36.364,4160665,218523,0,224,59,48,42927,327973,12324567,18659132,3556580,62113044,43853684,64771540,0,4323376,0,0,2,0,6377146,1394112443,1396728026,9,9,889145,1549071,3101931,1080844,32592087,33094,218789342,227608025,0
1789650833.0490663,36.615,4161040,218523,0,224,59,48,42927,327999,12324626,18659132,3556580,62112648,43853288,64771540,0,4306992,0,0,3,0,6377560,1394112443,1396728381,9,9,889145,1549062,3101911,1076748,32592361,33094,218789342,227608025,0
1789650833.2993915,36.865,4161416,218523,0,224,59,48,42928,328024,12324720,18659132,3556580,62114708,43855348,64771540,0,4278320,0,0,2,0,6380448,1394113100,1396729503,9,9,889145,1549113,3102014,1069580,32592362,33094,218789342,227608025,0
1789650833.5496886,37.115,4161791,218523,0,224,59,48,42928,328049,12324790,18659132,3556580,62114708,43855348,64771540,0,4261936,0,0,2,0,6381251,1394114271,1396730693,9,9,889145,1549113,3102014,1065484,32592362,33094,218789342,227608025,0
1789650833.800012,37.366,4162165,218523,0,224,59,48,42935,328066,12324887,18883068,3780516,62103184,43613892,64771540,0,4225056,0,0,2,0,6383698,1394115306,1396732294,9,9,945129,1548665,3101117,1056264,32592365,33094,218789342,227608025,0
1789650834.0503116,37.616,4162541,218524,0,224,59,48,42943,328084,12324946,19116252,4013700,62091304,43362196,64771540,0,4208672,0,0,2,0,6384297,1394115537,1396732808,9,9,1003425,1548213,3100212,1052168,32592365,33094,218789342,227608025,0
1789650834.300617,37.866,4162916,218524,0,224,59,48,42951,328101,12325045,19342476,4239924,62082488,43120732,64771540,0,4180224,0,0,2,0,6385704,1394115812,1396734146,9,9,1059981,1547833,3099450,1045056,32592500,33094,218789342,227608025,0
1789650834.5509176,38.116,4163291,218524,0,224,59,48,42956,328121,12325114,19342476,4239928,62082488,43120732,64771540,0,4163856,0,0,2,0,6387700,1394116197,1396734930,9,9,1059982,1547833,3099450,1040964,32593298,33094,218789342,227608025,0
1789650834.8012435,38.367,4163666,218524,0,224,59,48,42962,328140,12325184,19342476,4239928,62082500,43120732,64771540,0,4139136,0,0,2,0,6388753,1394116595,1396735822,9,9,1059982,1547833,3099451,1034784,32594099,33094,218789342,227608025,0
1789650835.0515592,38.617,4164041,218524,0,224,59,48,42962,328165,12325277,19342476,4239928,62074436,43112668,64771540,0,4114812,0,0,2,0,6389861,1394118047,1396737547,9,9,1059982,1547632,3099048,1028703,32595295,33094,218789342,227608025,0
1789650835.3018718,38.867,4164416,218524,0,224,59,48,42963,328190,12325369,19342476,4239928,62074992,43113224,64771540,0,4081944,0,0,2,0,6392656,1394118054,1396738306,9,9,1059982,1547646,3099076,1020486,32596448,33094,218789342,227608025,0
1789650835.5521665,39.118,4164791,218524,0,224,59,48,42963,328215,12325430,19342476,4239928,62072776,43111008,64771540,0,4064464,0,0,2,0,6394040,1394118378,1396739796,9,9,1059982,1547590,3098965,1016116,32597028,33094,218789342,227608025,0
1789650835.8024745,39.368,4165166,218524,0,224,59,48,42963,328240,12325495,19342476,4239928,62061068,43099300,64771540,0,4039920,0,0,2,0,6396072,1394118811,1396740541,9,9,1059982,1547298,3098379,1009980,32598138,33094,218789342,227608025,0
1789650836.0527925,39.618,4165541,218525,0,224,59,48,42963,328265,12325566,19342476,4239928,62060680,43098912,64771540,0,4014616,0,0,2,0,6397585,1394119348,1396741172,9,9,1059982,1547288,3098360,1003654,32598760,33094,218789342,227608025,0
1789650836.3030903,39.869,4165916,218525,0,224,59,48,42963,328290,12325660,19342476,4239928,62054040,43092272,64771540,0,3981640,0,0,2,0,6401941,1394119997,1396743715,9,9,1059982,1547122,3098028,995410,32598953,33094,218789342,227608025,0
1789650836.5534043,40.119,4166292,218525,0,224,59,48,42963,328315,12325766,19342476,4239928,62054040,43092272,64771540,0,3964240,0,0,2,0,6404037,1394120274,1396744320,9,9,1059982,1547122,3098028,991060,32599951,33094,218789342,227608025,0
1789650836.8037217,40.369,4166666,218525,0,224,59,48,42964,328341,12326105,19342476,4239932,62053012,43091244,64771540,0,3939664,0,0,2,0,6406418,1394121382,1396745735,9,9,1059983,1547097,3097977,984916,32600814,33094,218789342,227608025,0
1789650837.0541615,40.62,4167041,218525,0,224,59,48,42964,328366,12326167,19342476,4239932,62053012,43091244,64771540,0,3914168,0,0,2,0,6407277,1394122515,1396746896,9,9,1059983,1547097,3097977,978542,32600814,33094,218789342,227608025,0
1789650837.304589,40.87,4167416,218526,0,224,59,48,42964,328391,12326265,19342468,4239932,62054064,43092296,64771540,0,3889592,0,0,2,0,6409331,1394123457,1396748786,9,9,1059983,1547123,3098029,972398,32600815,33094,218789342,227608093,0
1789650837.555013,41.121,4167791,218526,0,224,59,48,42964,328416,12326327,19342468,4239932,62054064,43092296,64771540,0,3864096,0,0,2,0,6410076,1394124579,1396749921,9,9,1059983,1547123,3098029,966024,32600816,33094,218789342,227608093,0
1789650837.8054266,41.371,4168166,218526,0,224,59,48,42964,328441,12326419,19342476,4238960,62054092,43092296,64771540,0,3839520,0,0,2,0,6412066,1394125174,1396750664,9,9,1059740,1547124,3098031,959880,32600817,33094,218789346,227609057,0
1789650838.0558124,41.621,4168541,218526,0,224,59,48,42964,328466,12326481,19345772,4242256,62054924,43089832,64771540,0,3822216,0,0,2,0,6413309,1394125976,1396751646,9,9,1060564,1547145,3098072,955554,32600818,33094,218789346,227609057,0
1789650838.3061104,41.872,4168916,218526,0,224,59,48,42972,328483,12326549,19577596,4474080,62068412,42865180,64771540,0,3789448,0,0,2,0,6415648,1394125976,1396752492,9,9,1118520,1547323,3098430,947362,32600819,33094,218789346,227609057,0
1789650838.556431,42.122,4169291,218526,0,224,59,48,42980,328501,12326607,19809452,4705936,62061644,42620028,64771540,0,3772144,0,0,2,0,6417660,1394126720,1396753534,9,9,1176484,1546991,3097765,943036,32600819,33094,218789346,227609057,0
1789650838.806749,42.372,4169667,218527,0,224,59,48,42988,328518,12326667,20025788,4922272,62056644,42392556,64771540,0,3747568,0,0,2,0,6419572,1394126985,1396754293,9,9,1230568,1546713,3097209,936892,32600821,33094,218789346,227609057,0
1789650839.0570838,42.623,4169991,218527,0,224,59,48,42993,328591,12327373,20025828,4922304,61978992,42314784,64771540,0,3722072,0,0,6,0,6420291,1394127179,1396754590,9,9,1230576,1544773,3093324,930518,32613348,33094,218789346,227609057,0
1789650839.307563,42.873,4170350,218527,0,224,59,48,42996,328627,12328284,20025828,4922304,61988240,42324032,64771540,0,3697496,0,0,3,0,6420873,1394127275,1396754759,9,9,1230576,1545004,3093786,924374,32613617,33094,218789346,227609057,0
1789650839.5580099,43.124,4170718,218527,0,224,59,48,42999,328655,12329150,20025828,4922304,61988240,42324032,64771540,0,3672000,0,0,2,0,6422610,1394127393,1396755604,9,9,1230576,1545004,3093786,918000,32614271,33094,218789346,227609057,0
1789650839.8084111,43.374,4171087,218527,0,224,59,48,43003,328681,12329822,20025828,4922304,61964404,42300196,64771540,0,3639232,0,0,2,0,6422681,1394127672,1396755888,9,9,1230576,1544409,3092595,909808,32620486,33094,218789346,227609057,0
1789650840.0588493,43.624,4171456,218528,0,224,59,48,43008,328708,12330527,20025828,4922304,61940164,42275956,64771540,0,3621928,0,0,2,0,6422749,1394127792,1396756010,9,9,1230576,1543804,3091383,905482,32626757,33094,218789346,227609057,0
1789650840.3092937,43.875,4171823,218528,0,224,59,48,43012,328736,12331210,20025828,4922304,61918556,42254344,64771540,0,3597352,0,0,2,0,6422895,1394127954,1396756174,9,9,1230576,1543265,3090303,899338,32633102,33094,218789346,227609057,0
1789650840.559669,44.125,4172192,218528,0,224,59,48,43017,328763,12331914,20025828,4922304,61890572,42226360,64771540,0,3571856,0,0,2,0,6423534,1394128518,1396756749,9,9,1230576,1542566,3088904,892964,32639271,33094,218789346,227609057,0
1789650840.8103232,44.376,4172560,218529,0,224,59,48,43021,328790,12332565,20025828,4922304,61862204,42197992,64771540,0,3547280,0,0,2,0,6424412,1394129290,1396757547,9,9,1230576,1541858,3087486,886820,32645517,33094,218789346,227609057,0
1789650841.0610142,44.627,4172892,218529,0,224,59,48,43035,328846,12333188,18461784,3358132,61855968,43794976,64771540,0,3521784,0,0,5,0,6428272,1394129290,1396757722,9,9,839121,1542680,3089132,880446,32651716,33094,218789346,227609057,0
1789650841.3117063,44.877,4173239,218547,0,224,59,48,43041,328874,12334143,17798744,2695108,61859444,44480644,64771540,0,3497208,0,1,1,0,6431273,1394191725,1396820524,9,9,673777,1543245,3090264,874302,32653679,33095,218789466,227609057,0
1789650841.562137,45.128,4173614,218572,0,224,59,48,43041,328874,12334292,17798744,2695108,61859444,44480644,64771540,0,3475808,0,1,1,0,6431292,1394437999,1397066988,9,9,673777,1543245,3090264,868952,32653680,33095,218789466,227609057,0
1789650841.812493,45.378,4173989,218598,0,224,59,48,43041,328875,12334432,17798744,2695108,61859444,44480644,64771540,0,3447136,0,1,1,0,6431306,1394681971,1397311450,9,9,673777,1543245,3090264,861784,32653683,33095,218789466,227609057,0
1789650842.062818,45.628,4174364,218623,0,224,59,48,43041,328875,12334572,17798744,2695108,61859444,44480644,64771540,0,3425736,0,1,1,0,6431314,1394928986,1397558783,9,9,673777,1543245,3090264,856434,32653685,33095,218789466,227609057,0
1789650842.313147,45.879,4174738,218648,0,224,59,48,43041,328875,12334698,17798848,2695216,61859384,44480480,64771540,0,3397344,0,1,1,0,6431314,1395176368,1397806166,9,9,673804,1543244,3090261,849336,32653686,33095,218789466,227609057,0
1789650842.5634782,46.129,4175113,218674,0,224,59,48,43041,328875,12334870,17798848,2695300,61859384,44480480,64771540,0,3375688,0,1,1,0,6431341,1395420230,1398051589,9,9,673825,1543244,3090261,843922,32653693,33095,218789466,227609153,0
1789650842.8137865,46.379,4175488,218699,0,224,59,48,43042,328875,12334990,17798848,2695300,61860168,44481264,64771540,0,3347248,0,1,1,0,6431341,1395667549,1398298909,9,9,673825,1543263,3090300,836812,32653693,33095,218789466,227609153,0
1789650843.0640912,46.63,4175863,218724,0,224,59,48,43042,328875,12335095,17798848,2695300,61860168,44481264,64771540,0,3330864,0,1,1,0,6431341,1395915852,1398547211,9,9,673825,1543263,3090300,832716,32653695,33095,218789466,227609153,0
1789650843.3144178,46.88,4176237,218750,0,224,59,48,43042,328876,12335355,17798848,2695300,61859424,44480508,64771540,0,3305112,0,1,1,0,6431352,1396160776,1398792660,9,9,673825,1543245,3090263,826278,32653750,33095,218789466,227609153,0
1789650843.5647697,47.13,4176612,218775,0,224,59,48,43042,328876,12335409,17798848,2695300,61859424,44480508,64771540,0,3280536,0,1,1,0,6431353,1396408128,1399040012,9,9,673825,1543245,3090263,820134,32653752,33095,218789466,227609153,0
1789650843.8150802,47.381,4176987,218800,0,224,59,48,43042,328876,12335478,17798848,2695300,61859424,44480508,64771540,0,3255040,0,1,1,0,6431353,1396655456,1399287340,9,9,673825,1543245,3090263,813760,32653753,33095,218789466,227609153,0
1789650844.0654016,47.631,4177362,218826,0,224,59,48,43043,328876,12335551,17798848,2695300,61861136,44482220,64771540,0,3230464,0,1,1,0,6431354,1396902806,1399534691,9,9,673825,1543288,3090349,807616,32653754,33095,218789466,227609153,0
1789650844.3156848,47.881,4177737,218851,0,224,59,48,43043,328876,12335627,17798848,2695300,61861136,44482220,64771540,0,3204968,0,1,1,0,6431354,1397149181,1399781067,9,9,673825,1543288,3090349,801242,32653754,33095,218789466,227609153,0
1789650844.5659707,48.131,4178112,218876,0,224,59,48,43043,328876,12335730,17798848,2695300,61861692,44482776,64771540,0,3180392,0,1,1,0,6431363,1397397454,1400029355,9,9,673825,1543301,3090377,795098,32653755,33095,218789466,227609153,0
1789650844.8162673,48.382,4178487,218902,0,224,59,48,43043,328876,12335791,17798848,2695300,61861692,44482776,64771540,0,3154896,0,1,1,0,6431364,1397644774,1400276676,9,9,673825,1543301,3090377,788724,32653756,33095,218789466,227609153,0
1789650845.0665634,48.632,4178862,218927,0,224,59,48,43043,328876,12335858,17798848,2695300,61863356,44484440,64771540,0,3138512,0,1,1,0,6431364,1397892103,1400524004,9,9,673825,1543343,3090460,784628,32653758,33095,218789466,227609153,0
1789650845.3168612,48.882,4179237,218952,0,224,59,48,43043,328876,12335924,17798848,2695300,61863356,44484440,64771540,0,3113016,0,1,1,0,6431365,1398140389,1400772290,9,9,673825,1543343,3090460,778254,32653758,33095,218789466,227609153,0
1789650845.5671387,49.133,4179612,218978,0,224,59,48,43043,328876,12335984,17798848,2695300,61863356,44484440,64771540,0,3088440,0,1,1,0,6431366,1398386779,1401018681,9,9,673825,1543343,3090460,772110,32653759,33095,218789466,227609153,0
1789650845.8174336,49.383,4179986,219003,0,224,59,48,43044,328876,12336056,17798848,2695300,61863356,44484440,64771540,0,3054752,0,1,1,0,6431367,1398632160,1401264062,9,9,673825,1543343,3090460,763688,32653759,33095,218789466,227609153,0
1789650846.0677073,49.633,4180361,219029,0,224,59,48,43044,328876,12336112,17798848,2695300,61863356,44484440,64771540,0,3038368,0,1,1,0,6431367,1398879485,1401511388,9,9,673825,1543343,3090460,759592,32653760,33095,218789466,227609153,0
1789650846.318004,49.884,4180736,219054,0,224,59,48,43044,328876,12336187,17798848,2695300,61864812,44485896,64771540,0,3004680,0,1,1,0,6431368,1399126810,1401758713,9,9,673825,1543379,3090533,751170,32653762,33095,218789466,227609153,0
1789650846.5682933,50.134,4181111,219079,0,224,59,48,43044,328876,12336239,17798848,2695300,61864812,44485896,64771540,0,2988296,0,1,1,0,6431368,1399375091,1402006994,9,9,673825,1543379,3090533,747074,32653762,33095,218789466,227609153,0
1789650846.818577,50.384,4181486,219105,0,224,59,48,43044,328876,12336330,17798848,2695300,61864812,44485896,64771540,0,2962800,0,1,1,0,6431369,1399620487,1402252391,9,9,673825,1543379,3090533,740700,32653763,33095,218789466,227609153,0
1789650847.0688577,50.634,4181861,219130,0,224,59,48,43044,328876,12336390,17798848,2695300,61866084,44487168,64771540,0,2938224,0,1,1,0,6431369,1399868761,1402500664,9,9,673825,1543411,3090596,734556,32653763,33095,218789466,227609153,0
1789650847.3191357,50.885,4182234,219155,0,224,59,48,43046,328876,12336482,17798848,2337332,61866096,44487168,64771540,0,3270696,0,1,2,0,6431595,1400099712,1402731634,9,9,584131,1543411,3090597,817876,32653764,33095,218789466,227961473,0
1789650847.5694456,51.135,4182607,219181,0,224,59,48,43049,328876,12336551,17798896,1838152,61866156,44487168,64771540,0,3745300,0,1,1,0,6431597,1400325605,1402957527,9,9,459538,1543413,3090600,936325,32653766,33095,218789466,228466301,0
1789650847.8197324,51.385,4182981,219206,0,224,59,48,43049,328876,12336634,17798896,1838240,61867444,44488456,64771540,0,3719804,0,1,1,0,6431597,1400573889,1403205811,9,9,459560,1543445,3090664,929951,32653767,33095,218789466,228466405,0
1789650848.0700126,51.636,4183356,219231,0,224,59,48,43049,328876,12336688,17798896,1838240,61867444,44488456,64771540,0,3703420,0,1,1,0,6431597,1400821191,1403453113,9,9,459560,1543445,3090664,925855,32653768,33095,218789466,228466405,0
1789650848.3202932,51.886,4183731,219257,0,224,59,48,43049,328876,12336786,17798896,1838240,61867444,44488456,64771540,0,3669732,0,1,1,0,6431610,1401067556,1403699502,9,9,459560,1543445,3090664,917433,32653769,33095,218789466,228466405,0
1789650848.5705864,52.136,4184106,219282,0,224,59,48,43049,328876,12336904,17798896,1838240,61868348,44489360,64771540,0,3653348,0,1,1,0,6431616,1401314872,1403946826,9,9,459560,1543468,3090709,913337,32653769,33095,218789466,228466405,0
1789650848.820904,52.386,4184481,219307,0,224,59,48,43049,328876,12336973,17798896,1838240,61868348,44489360,64771540,0,3619660,0,1,1,0,6431619,1401561228,1404193182,9,9,459560,1543468,3090709,904915,32653771,33095,218789466,228466405,0
1789650849.0712035,52.637,4184856,219333,0,224,59,48,43049,328876,12337048,17798896,1838240,61868348,44489360,64771540,0,3603276,0,1,1,0,6431620,1401808583,1404440538,9,9,459560,1543468,3090709,900819,32653772,33095,218789466,228466405,0
1789650849.321522,52.887,4185231,219358,0,224,59,48,43049,328876,12337116,17798896,1838240,61868348,44489360,64771540,0,3569588,0,1,1,0,6431622,1402054933,1404686889,9,9,459560,1543468,3090709,892397,32653773,33095,218789466,228466405,0
1789650849.571816,53.137,4185606,219383,0,224,59,48,43049,328876,12337165,17798896,1838240,61868348,44489360,64771540,0,3553204,0,1,1,0,6431622,1402302271,1404934227,9,9,459560,1543468,3090709,888301,32653773,33095,218789466,228466405,0
1789650849.8221216,53.388,4185981,219409,0,224,59,48,43050,328876,12337242,17798896,1838240,61868348,44489360,64771540,0,3519516,0,1,1,0,6431623,1402547704,1405179661,9,9,459560,1543468,3090709,879879,32653774,33095,218789466,228466405,0
1789650850.0724504,53.638,4186356,219434,0,224,59,48,43050,328876,12337295,17798896,1838240,61868764,44489776,64771540,0,3503132,0,1,1,0,6431624,1402796005,1405427962,9,9,459560,1543478,3090730,875783,32653775,33095,218789466,228466405,0
1789650850.3227403,53.888,4186730,219460,0,224,59,48,43050,328876,12337379,17798896,1838240,61868764,44489776,64771540,0,3477812,0,1,1,0,6431626,1403042390,1405674349,9,9,459560,1543478,3090730,869453,32653777,33095,218789466,228466405,0
1789650850.573025,54.139,4187105,219485,0,224,59,48,43050,328876,12337433,17798896,1838240,61868764,44489776,64771540,0,3453264,0,1,1,0,6431626,1403290663,1405922622,9,9,459560,1543478,3090730,863316,32653777,33095,218789466,228466405,0
1789650850.823269,54.389,4187480,219510,0,224,59,48,43050,328876,12337505,17798896,1838240,61868764,44489776,64771540,0,3427564,0,1,1,0,6431627,1403536999,1406168958,9,9,459560,1543478,3090730,856891,32653778,33095,218789466,228466405,0
1789650851.0735931,54.639,4187855,219536,0,224,59,48,43050,328876,12337561,17798896,1838240,61868764,44489776,64771540,0,3403308,0,1,1,0,6431627,1403784342,1406416302,9,9,459560,1543478,3090730,850827,32653778,33095,218789466,228466405,0
1789650851.3238807,54.889,4188230,219561,0,224,59,48,43050,328876,12337641,17798896,1838240,61868764,44489776,64771540,0,3377748,0,1,1,0,6431628,1404030684,1406662644,9,9,459560,1543478,3090730,844437,32653779,33095,218789466,228466405,0
1789650851.5741758,55.14,4188605,219586,0,224,59,48,43050,328876,12337691,17798896,1838240,61868764,44489776,64771540,0,3361204,0,1,1,0,6431628,1404278984,1406910944,9,9,459560,1543478,3090730,840301,32653780,33095,218789466,228466405,0
1789650851.8244705,55.39,4188980,219612,0,224,59,48,43050,328876,12337766,17798896,1838240,61868764,44489776,64771540,0,3327676,0,1,1,0,6431629,1404524358,1407156318,9,9,459560,1543478,3090730,831919,32653782,33095,218789466,228466405,0
1789650852.0747492,55.64,4189355,219637,0,224,59,48,43050,328876,12337831,17798896,1838240,61868764,44489776,64771540,0,3311352,0,1,1,0,6431629,1404772644,1407404604,9,9,459560,1543478,3090730,827838,32653782,33095,218789466,228466405,0
1789650852.3250375,55.891,4189730,219662,0,224,59,48,43050,328876,12337909,17798896,1838240,61868764,44489776,64771540,0,3277604,0,1,1,0,6431630,1405018993,1407650954,9,9,459560,1543478,3090730,819401,32653782,33095,218789466,228466405,0
1789650852.575357,56.141,4190094,219688,0,224,59,48,43060,328878,12338305,17798840,388,61868224,44489236,64771540,0,5098816,0,1,1,0,6431651,1405190981,1407822954,9,9,97,1543464,3090703,1274704,32654646,33095,218789470,230304257,0
1789650852.8257725,56.391,4190462,219713,0,224,59,48,43064,328881,12339190,17798840,3912,61866176,44487124,64771540,0,5065472,0,1,1,0,6431687,1405394335,1408026313,9,9,978,1543412,3090598,1266368,32660817,33095,218789470,230304521,0
1789650853.0761492,56.642,4190837,219739,0,224,59,48,43064,328881,12339249,17798840,3912,61866176,44487124,64771540,0,5049108,0,1,1,0,6431687,1405642688,1408274666,9,9,978,1543412,3090598,1262277,32660818,33095,218789470,230304521,0
1789650853.3265083,56.892,4191212,219764,0,224,59,48,43064,328881,12339329,17798840,3912,61866176,44487124,64771540,0,5019496,0,1,1,0,6431694,1405889057,1408521051,9,9,978,1543412,3090598,1254874,32660819,33095,218789470,230304521,0
1789650853.5768397,57.142,4191587,219789,0,224,59,48,43064,328881,12339383,17798840,3912,61866176,44487124,64771540,0,4999112,0,1,1,0,6431695,1406136416,1408768410,9,9,978,1543412,3090598,1249778,32660820,33095,218789470,230304521,0
1789650853.8271446,57.393,4191962,219815,0,224,59,48,43064,328881,12339459,17798840,3912,61866176,44487124,64771540,0,4969576,0,1,1,0,6431696,1406381842,1409013836,9,9,978,1543412,3090598,1242394,32660820,33095,218789470,230304521,0
1789650854.077489,57.643,4192337,219840,0,224,59,48,43064,328881,12339514,17798840,3912,61865764,44486712,64771540,0,4949080,0,1,1,0,6431697,1406630152,1409262147,9,9,978,1543402,3090577,1237270,32660822,33095,218789470,230304521,0
1789650854.3277903,57.893,4192712,219866,0,224,59,48,43064,328881,12339599,17798840,3912,61865764,44486712,64771540,0,4919460,0,1,1,0,6431697,1406876528,1409508524,9,9,978,1543402,3090577,1229865,32660822,33095,218789470,230304521,0
1789650854.5780985,58.144,4193087,219891,0,224,59,48,43065,328881,12339655,17798840,3912,61865764,44486712,64771540,0,4899012,0,1,1,0,6431701,1407123872,1409755869,9,9,978,1543402,3090577,1224753,32660824,33095,218789470,230304521,0
1789650854.8284311,58.394,4193462,219916,0,224,59,48,43065,328881,12339726,17798840,3912,61865764,44486712,64771540,0,4874368,0,1,1,0,6431702,1407371208,1410003204,9,9,978,1543402,3090577,1218592,32660825,33095,218789470,230304521,0
1789650855.0787518,58.644,4193837,219942,0,224,59,48,43065,328881,12339793,17798840,3912,61865764,44486712,64771540,0,4857148,0,1,1,0,6431703,1407617577,1410249576,9,9,978,1543402,3090577,1214287,32660826,33095,218789470,230304521,0
1789650855.329059,58.895,4194212,219967,0,224,59,48,43065,328881,12339865,17798840,3912,61865764,44486712,64771540,0,4824264,0,1,1,0,6431703,1407863928,1410495927,9,9,978,1543402,3090577,1206066,32660826,33095,218789470,230304521,0
1789650855.5793815,59.145,4194587,219992,0,224,59,48,43065,328881,12339911,17798840,3912,61865764,44486712,64771540,0,4807232,0,1,1,0,6431704,1408111277,1410743276,9,9,978,1543402,3090577,1201808,32660827,33095,218789470,230304521,0
1789650855.8296776,59.395,4194962,220018,0,224,59,48,43065,328881,12339982,17798840,3912,61865764,44486712,64771540,0,4774264,0,1,1,0,6431705,1408357631,1410989630,9,9,978,1543402,3090577,1193566,32660827,33095,218789470,230304521,0
1789650856.0799904,59.646,4195337,220043,0,224,59,48,43065,328881,12340030,17798840,3912,61865764,44486712,64771540,0,4757200,0,1,1,0,6431705,1408605931,1411237931,9,9,978,1543402,3090577,1189300,32660829,33095,218789470,230304521,0
1789650856.330289,59.896,4195712,220068,0,224,59,48,43065,328881,12340114,17798840,3912,61865764,44486712,64771540,0,4724136,0,1,1,0,6431706,1408852336,1411484339,9,9,978,1543402,3090577,1181034,32660829,33095,218789470,230304521,0
1789650856.5806015,60.146,4196087,220094,0,224,59,48,43065,328881,12340214,17799008,4172,61866292,44487072,64771540,0,4710520,0,1,1,0,6431715,1409100643,1411732659,9,9,1043,1543415,3090604,1177630,32660831,33095,218789470,230304521,0
1789650856.8309047,60.396,4196461,220119,0,224,59,48,43065,328881,12340302,17799008,4172,61866292,44487072,64771540,0,4677752,0,1,1,0,6431715,1409346034,1411978050,9,9,1043,1543415,3090604,1169438,32660831,33095,218789470,230304521,0
1789650857.0812016,60.647,4196837,220144,0,224,59,48,43065,328881,12340361,17799008,4172,61866292,44487072,64771540,0,4657264,0,1,1,0,6431716,1409594348,1412226364,9,9,1043,1543415,3090604,1164316,32660832,33095,218789470,230304521,0
1789650857.3315272,60.897,4197211,220170,0,224,59,48,43065,328881,12340428,17799008,4172,61866292,44487072,64771540,0,4632688,0,1,1,0,6431716,1409841680,1412473696,9,9,1043,1543415,3090604,1158172,32660833,33095,218789470,230304521,0
1789650857.581832,61.147,4197586,220195,0,224,59,48,43066,328881,12340490,17799008,4172,61866292,44487072,64771540,0,4612200,0,1,1,0,6431716,1410089011,1412721027,9,9,1043,1543415,3090604,1153050,32660834,33095,218789470,230304521,0
1789650857.8321464,61.398,4197961,220220,0,224,59,48,43066,328881,12340565,17799008,4184,61866292,44487072,64771540,0,4579432,0,1,1,0,6431717,1410335393,1412967410,9,9,1046,1543415,3090604,1144858,32660835,33095,218789470,230304593,0
1789650858.0824587,61.648,4198336,220246,0,224,59,48,43066,328881,12340655,17799008,4148,61867112,44487892,64771540,0,4558952,0,1,1,0,6431718,1410580817,1413212834,9,9,1037,1543435,3090645,1139738,32660835,33095,218789470,230304713,0
1789650858.3327634,61.898,4198711,220271,0,224,59,48,43066,328881,12340743,17799008,4148,61867112,44487892,64771540,0,4534376,0,1,1,0,6431726,1410827203,1413459236,9,9,1037,1543435,3090645,1133594,32660839,33095,218789470,230304713,0
1789650858.5830812,62.149,4199086,220297,0,224,59,48,43066,328881,12340794,17799008,4148,61867112,44487892,64771540,0,4509800,0,1,1,0,6431727,1411075525,1413707559,9,9,1037,1543435,3090645,1127450,32660839,33095,218789470,230304713,0
1789650858.8334117,62.399,4199461,220322,0,224,59,48,43066,328881,12340862,17799008,4148,61867112,44487892,64771540,0,4481112,0,1,1,0,6431728,1411320953,1413952987,9,9,1037,1543435,3090645,1120278,32660841,33095,218789470,230304713,0
1789650859.083725,62.649,4199836,220347,0,224,59,48,43066,328881,12340921,17799008,4148,61869620,44490400,64771540,0,4464808,0,1,1,0,6431734,1411569264,1414201306,9,9,1037,1543498,3090770,1116202,32660842,33095,218789470,230304713,0
1789650859.3340285,62.9,4200210,220373,0,224,59,48,43067,328881,12340999,17799008,4148,61869620,44490400,64771540,0,4436200,0,1,1,0,6431734,1411815636,1414447679,9,9,1037,1543498,3090770,1109050,32660843,33095,218789470,230304713,0
1789650859.5843427,63.15,4200585,220398,0,224,59,48,43067,328881,12341049,17799008,4148,61869620,44490400,64771540,0,4411516,0,1,1,0,6431735,1412063947,1414695989,9,9,1037,1543498,3090770,1102879,32660843,33095,218789470,230304713,0
1789650859.834641,63.4,4200960,220424,0,224,59,48,43067,328881,12341130,17799008,4148,61869620,44490400,64771540,0,4383096,0,1,1,0,6431735,1412310329,1414942372,9,9,1037,1543498,3090770,1095774,32660844,33095,218789470,230304713,0
1789650860.0849423,63.65,4201335,220449,0,224,59,48,43067,328881,12341196,17799008,4148,61871824,44492604,64771540,0,4366660,0,1,1,0,6431736,1412556696,1415188740,9,9,1037,1543553,3090880,1091665,32660845,33095,218789470,230304713,0
1789650860.33527,63.901,4201710,220474,0,224,59,48,43067,328881,12341280,17799008,4148,61871824,44492604,64771540,0,4337736,0,1,1,0,6431737,1412803110,1415435154,9,9,1037,1543553,3090880,1084434,32660847,33095,218789470,230304713,0
1789650860.5855715,64.151,4202085,220500,0,224,59,48,43067,328881,12341370,17799008,4148,61871824,44492604,64771540,0,4313160,0,1,1,0,6431746,1413050425,1415682482,9,9,1037,1543553,3090880,1078290,32660847,33095,218789470,230304713,0
1789650860.8358822,64.401,4202460,220525,0,224,59,48,43067,328881,12341438,17799008,4148,61871824,44492604,64771540,0,4284472,0,1,1,0,6431747,1413296798,1415928855,9,9,1037,1543553,3090880,1071118,32660849,33095,218789470,230304713,0
1789650861.086177,64.652,4202835,220550,0,224,59,48,43067,328881,12341504,17799008,4148,61873752,44494532,64771540,0,4268088,0,2,1,0,6431747,1413544133,1416176190,9,9,1037,1543601,3090977,1067022,32660849,33095,218789470,230304713,0
1789650861.336497,64.902,4203210,220576,0,224,59,48,43067,328881,12341571,17799008,4148,61873752,44494532,64771540,0,4239408,0,1,1,0,6431748,1413792436,1416424493,9,9,1037,1543601,3090977,1059852,32660850,33095,218789470,230304713,0
1789650861.5867987,65.152,4203585,220601,0,224,59,48,43067,328881,12341631,17799008,4148,61873752,44494532,64771540,0,4214832,0,1,1,0,6431749,1414038831,1416670888,9,9,1037,1543601,3090977,1053708,32660851,33095,218789470,230304713,0
1789650861.8371131,65.403,4203960,220627,0,224,59,48,43068,328881,12341705,17799008,4148,61873752,44494532,64771540,0,4186152,0,1,1,0,6431749,1414285220,1416917278,9,9,1037,1543601,3090977,1046538,32660853,33095,218789470,230304713,0
1789650862.0874343,65.653,4204335,220652,0,224,59,48,43068,328881,12341774,17799008,4148,61875440,44496220,64771540,0,4169768,0,1,1,0,6431750,1414531592,1417163650,9,9,1037,1543643,3091061,1042442,32660853,33095,218789470,230304713,0
1789650862.3377357,65.903,4204710,220677,0,224,59,48,43068,328881,12341839,17799008,4148,61875440,44496220,64771540,0,4137112,0,1,1,0,6431751,1414779923,1417411981,9,9,1037,1543643,3091061,1034278,32660854,33095,218789470,230304713,0
1789650862.5880368,66.154,4205084,220703,0,224,59,48,43068,328881,12341906,17799008,4148,61875440,44496220,64771540,0,4108484,0,1,1,0,6431752,1415025349,1417657408,9,9,1037,1543643,3091061,1027121,32660854,33095,218789470,230304713,0
1789650862.8383567,66.404,4205460,220728,0,224,59,48,43068,328881,12341955,17799008,4148,61875440,44496220,64771540,0,4092068,0,1,1,0,6431752,1415273661,1417905720,9,9,1037,1543643,3091061,1023017,32660857,33095,218789470,230304713,0
1789650863.0886672,66.654,4205834,220753,0,224,59,48,43068,328881,12342017,17798996,4148,61875440,44496220,64771540,0,4071448,0,1,1,0,6431752,1415520998,1418153057,9,9,1037,1543643,3091061,1017862,32660858,33095,218789470,230304781,0
1789650863.3389647,66.904,4206209,220779,0,224,59,48,43068,328881,12342126,17799008,4136,61876916,44497696,64771540,0,4046872,0,1,1,0,6431766,1415768300,1418400385,9,9,1034,1543680,3091135,1011718,32660859,33095,218789470,230304797,0
1789650863.5892708,67.155,4206584,220804,0,224,59,48,43069,328881,12342203,17799008,4136,61876916,44497696,64771540,0,4010000,0,1,1,0,6431767,1416012796,1418644881,9,9,1034,1543680,3091135,1002500,32660860,33095,218789470,230304797,0
1789650863.8395503,67.405,4206959,220829,0,224,59,48,43069,328881,12342255,17799008,4136,61877172,44497952,64771540,0,3993616,0,1,1,0,6431768,1416261079,1418893163,9,9,1034,1543686,3091148,998404,32660861,33095,218789470,230304797,0
1789650864.0898378,67.655,4207334,220855,0,224,59,48,43069,328881,12342315,17799008,4136,61878272,44499052,64771540,0,3973128,0,1,1,0,6431768,1416507420,1419139505,9,9,1034,1543714,3091203,993282,32660862,33095,218789470,230304797,0
1789650864.3401356,67.906,4207709,220880,0,224,59,48,43069,328882,12342422,17799008,4140,61878528,44499308,64771540,0,3948552,0,1,1,0,6431776,1416754821,1419386917,9,9,1035,1543720,3091215,987138,32660863,33095,218789470,230304797,0
1789650864.5905347,68.156,4208084,220906,0,224,59,48,43069,328882,12342510,17799008,4140,61878528,44499308,64771540,0,3919880,0,1,1,0,6431778,1417001213,1419633311,9,9,1035,1543720,3091215,979970,32660864,33095,218789470,230304797,0
1789650864.8408775,68.406,4208459,220931,0,224,59,48,43069,328882,12342562,17799008,4140,61878528,44499308,64771540,0,3895304,0,1,1,0,6431778,1417249528,1419881625,9,9,1035,1543720,3091215,973826,32660864,33095,218789470,230304797,0
1789650865.0911934,68.657,4208834,220956,0,224,59,48,43069,328882,12342622,17799008,4140,61879496,44500276,64771540,0,3878920,0,1,1,0,6431778,1417497850,1420129948,9,9,1035,1543744,3091264,969730,32660865,33095,218789470,230304797,0
1789650865.341522,68.907,4209209,220982,0,224,59,48,43069,328882,12342726,17799008,4140,61879784,44500564,64771540,0,3850232,0,1,1,0,6431780,1417742342,1420374440,9,9,1035,1543752,3091278,962558,32660866,33095,218789470,230304797,0
1789650865.5918245,69.157,4209584,221007,0,224,59,48,43069,328882,12342769,17799008,4140,61879784,44500564,64771540,0,3825656,0,1,1,0,6431780,1417990636,1420622736,9,9,1035,1543752,3091278,956414,32660867,33095,218789470,230304797,0
1789650865.8421192,69.408,4209959,221032,0,224,59,48,43069,328882,12342845,17799008,4140,61879784,44500564,64771540,0,3796976,0,1,1,0,6431781,1418236029,1420868130,9,9,1035,1543752,3091278,949244,32660869,33095,218789470,230304797,0
1789650866.092442,69.658,4210334,221058,0,224,59,48,43069,328882,12342904,17799008,4140,61881124,44501904,64771540,0,3780592,0,1,1,0,6431781,1418483361,1421115461,9,9,1035,1543785,3091345,945148,32660871,33095,218789470,230304797,0
1789650866.3427432,69.908,4210709,221083,0,224,59,48,43069,328882,12342982,17799008,4140,61881124,44501904,64771540,0,3751956,0,1,1,0,6431782,1418730711,1421362812,9,9,1035,1543785,3091345,937989,32660871,33095,218789470,230304797,0
1789650866.5930498,70.159,4211083,221108,0,224,59,48,43070,328882,12343037,17799008,4140,61881124,44501904,64771540,0,3727424,0,1,1,0,6431782,1418979018,1421611119,9,9,1035,1543785,3091345,931856,32660873,33095,218789470,230304797,0
1789650866.8433483,70.409,4211458,221134,0,224,59,48,43070,328882,12343103,17799008,4140,61881124,44501904,64771540,0,3698744,0,1,1,0,6431784,1419224441,1421856543,9,9,1035,1543785,3091345,924686,32660873,33095,218789470,230304797,0
1789650867.0936303,70.659,4211833,221159,0,224,59,48,43070,328882,12343163,17799008,4140,61882448,44503228,64771540,0,3682644,0,1,1,0,6431784,1419471766,1422103868,9,9,1035,1543818,3091411,920661,32660875,33095,218789470,230304797,0
1789650867.3439286,70.909,4212208,221185,0,224,59,48,43070,328882,12343287,17799008,4140,61882044,44502824,64771540,0,3653952,0,1,1,0,6431785,1419718117,1422350219,9,9,1035,1543808,3091391,913488,32660882,33095,218789470,230304797,0
1789650867.59421,71.16,4212583,221210,0,224,59,48,43070,328882,12343336,17799008,4140,61882044,44502824,64771540,0,3629360,0,1,1,0,6431787,1419966417,1422598521,9,9,1035,1543808,3091391,907340,32660883,33095,218789470,230304797,0
1789650867.8445108,71.41,4212958,221235,0,224,59,48,43070,328882,12343408,17799008,4140,61882044,44502824,64771540,0,3600456,0,1,1,0,6431788,1420212771,1422844875,9,9,1035,1543808,3091391,900114,32660883,33095,218789470,230304797,0
1789650868.0948052,71.66,4213333,221261,0,224,59,48,43070,328882,12343461,17799008,4140,61883200,44503980,64771540,0,3575948,0,1,1,0,6431788,1420460104,1423092208,9,9,1035,1543837,3091449,893987,32660884,33095,218789470,230304797,0
1789650868.345102,71.911,4213708,221286,0,224,59,48,43070,328882,12343597,17799008,4152,61883944,44504724,64771540,0,3551192,0,1,1,0,6431805,1420705510,1423337640,9,9,1038,1543855,3091486,887798,32660885,33095,218789470,230304869,0
1789650868.5954404,72.161,4214082,221312,0,224,59,48,43070,328882,12343673,17799008,4152,61884196,44504976,64771540,0,3522504,0,1,1,0,6431805,1420952826,1423584956,9,9,1038,1543862,3091499,880626,32660886,33095,218789470,230304869,0
1789650868.8457232,72.411,4214457,221337,0,224,59,48,43070,328882,12343736,17799008,4152,61884196,44504976,64771540,0,3506120,0,1,1,0,6431806,1421200131,1423832261,9,9,1038,1543862,3091499,876530,32660887,33095,218789470,230304869,0
1789650869.0960004,72.662,4214832,221362,0,224,59,48,43070,328882,12343814,17799008,4152,61884828,44505608,64771540,0,3477448,0,1,1,0,6431813,1421445513,1424077652,9,9,1038,1543878,3091530,869362,32660887,33095,218789470,230304869,0
1789650869.346303,72.912,4215207,221388,0,224,59,48,43070,328882,12343868,17799008,4152,61884576,44505356,64771540,0,3461064,0,1,1,0,6431813,1421693811,1424325950,9,9,1038,1543871,3091518,865266,32660889,33095,218789470,230304869,0
1789650869.5965993,73.162,4215582,221413,0,224,59,48,43070,328882,12343935,17799008,4152,61884576,44505356,64771540,0,3424184,0,1,1,0,6431814,1421939212,1424571351,9,9,1038,1543871,3091518,856046,32660889,33095,218789470,230304869,0
1789650869.8468955,73.412,4215957,221438,0,224,59,48,43070,328882,12343989,17799008,4152,61884576,44505356,64771540,0,3407800,0,1,1,0,6431814,1422187498,1424819637,9,9,1038,1543871,3091518,851950,32660891,33095,218789470,230304869,0
1789650870.0971775,73.663,4216332,221464,0,224,59,48,43070,328882,12344059,17799008,4152,61884812,44505592,64771540,0,3387320,0,1,1,0,6431815,1422435807,1425067946,9,9,1038,1543877,3091530,846830,32660891,33095,218789470,230304869,0
1789650870.3474958,73.913,4216707,221489,0,224,59,48,43070,328882,12344122,17799008,4152,61884560,44505340,64771540,0,3362808,0,1,1,0,6431815,1422683123,1425315262,9,9,1038,1543871,3091517,840702,32660892,33095,218789470,230304869,0
1789650870.5977852,74.163,4217082,221514,0,224,59,48,43071,328882,12344195,17799008,4152,61884560,44505340,64771540,0,3334296,0,1,1,0,6431817,1422928584,1425560724,9,9,1038,1543871,3091517,833574,32660893,33095,218789470,230304869,0
1789650870.8480651,74.414,4217457,221540,0,224,59,48,43071,328882,12344251,17799008,4152,61884560,44505340,64771540,0,3309508,0,1,1,0,6431817,1423176862,1425809002,9,9,1038,1543871,3091517,827377,32660894,33095,218789470,230304869,0
1789650871.0983665,74.664,4217832,221565,0,224,59,48,43071,328882,12344321,17799008,4152,61884800,44505580,64771540,0,3280872,0,1,1,0,6431818,1423422270,1426054410,9,9,1038,1543877,3091529,820218,32660894,33095,218789470,230304869,0
1789650871.3486502,74.914,4218207,221590,0,224,59,48,43071,328882,12344374,17799008,4152,61884548,44505328,64771540,0,3264464,0,1,1,0,6431818,1423670552,1426302693,9,9,1038,1543871,3091516,816116,32660896,33095,218789470,230304869,0
1789650871.598925,75.164,4218582,221616,0,224,59,48,43071,328882,12344432,17799008,4152,61884548,44505328,64771540,0,3240232,0,1,1,0,6431819,1423916924,1426549064,9,9,1038,1543871,3091516,810058,32660896,33095,218789470,230304869,0
1789650871.8492148,75.415,4218957,221641,0,224,59,48,43071,328882,12344494,17799008,4152,61884548,44505328,64771540,0,3219472,0,1,1,0,6431820,1424164289,1426796430,9,9,1038,1543871,3091516,804868,32660898,33095,218789470,230304869,0
1789650872.0995326,75.665,4219332,221666,0,224,59,48,43071,328882,12344559,17799008,4152,61884784,44505564,64771540,0,3194788,0,1,1,0,6431821,1424411623,1427043764,9,9,1038,1543876,3091528,798697,32660898,33095,218789470,230304869,0
1789650872.349825,75.915,4219706,221692,0,224,59,48,43071,328882,12344691,17799008,4152,61884792,44505572,64771540,0,3166104,0,1,1,0,6431830,1424658969,1427291122,9,9,1038,1543877,3091529,791526,32660899,33095,218789470,230304869,0
1789650872.6001158,76.166,4220081,221717,0,224,59,48,43071,328882,12344753,17799008,4152,61884540,44505320,64771540,0,3141528,0,1,1,0,6431830,1424906286,1427538439,9,9,1038,1543870,3091516,785382,32660900,33095,218789470,230304869,0
1789650872.8504157,76.416,4220456,221742,0,224,59,48,43072,328882,12344852,17745764,4152,61895532,44570576,64771540,0,3112840,0,1,1,0,6431837,1425146954,1427779107,9,9,1038,1544170,3092116,778210,32660900,33095,218789470,230304869,0
1789650873.1007004,76.666,4220831,221767,0,224,59,48,43072,328882,12344911,17745764,4152,61895772,44570816,64771540,0,3096456,0,1,1,0,6431838,1425395241,1428027395,9,9,1038,1544176,3092128,774114,32660901,33095,218789470,230304869,0
1789650873.3510067,76.917,4221206,221793,0,224,59,48,43072,328882,12344983,17745764,4152,61895520,44570564,64771540,0,3067784,0,1,1,0,6431844,1425641602,1428273767,9,9,1038,1544170,3092116,766946,32660902,33095,218789470,230304869,0
1789650873.6012874,77.167,4221581,221818,0,224,59,48,43072,328882,12345062,17745752,4044,61895536,44570564,64771540,0,3043576,0,1,1,0,6431844,1425887009,1428519174,9,9,1011,1544170,3092117,760894,32660903,33095,218789470,230305453,0
1789650873.851571,77.417,4221955,221844,0,224,59,48,43072,328882,12345142,17745752,4044,61895536,44570564,64771540,0,3014888,0,1,1,0,6431845,1426133386,1428765551,9,9,1011,1544170,3092117,753722,32660905,33095,218789470,230305453,0
1789650874.1018786,77.667,4222330,221869,0,224,59,48,43072,328882,12345201,17745752,4044,61895764,44570792,64771540,0,2998512,0,2,1,0,6431845,1426381675,1429013840,9,9,1011,1544176,3092128,749628,32660907,33095,218789470,230305453,0
1789650874.352173,77.918,4222705,221895,0,224,59,48,43072,328882,12345281,17745752,4044,61895764,44570792,64771540,0,2965856,0,1,1,0,6431846,1426628130,1429260295,9,9,1011,1544176,3092128,741464,32660907,33095,218789470,230305453,0
1789650874.6024776,78.168,4223080,221920,0,224,59,48,43072,328882,12345343,17745752,4044,61895512,44570540,64771540,0,2937184,0,1,1,0,6431847,1426874479,1429506644,9,9,1011,1544170,3092115,734296,32660908,33095,218789470,230305453,0
1789650874.8527508,78.418,4223455,221945,0,224,59,48,43072,328882,12345399,17745752,4044,61895512,44570540,64771540,0,2920800,0,1,1,0,6431847,1427122751,1429754916,9,9,1011,1544170,3092115,730200,32660908,33095,218789470,230305453,0
1789650875.103033,78.669,4223830,221971,0,224,59,48,43072,328882,12345469,17745752,4044,61895756,44570784,64771540,0,2900504,0,1,1,0,6431848,1427369108,1430001273,9,9,1011,1544176,3092128,725126,32660909,33095,218789470,230305453,0
1789650875.3533323,78.919,4224205,221996,0,224,59,48,43072,328882,12345534,17745752,4044,61895756,44570784,64771540,0,2875648,0,1,1,0,6431850,1427615467,1430247635,9,9,1011,1544176,3092128,718912,32660910,33095,218789470,230305453,0
1789650875.6036284,79.169,4224580,222022,0,224,59,48,43072,328882,12345602,17745752,4044,61895504,44570532,64771540,0,2839116,0,1,1,0,6431851,1427860870,1430493038,9,9,1011,1544170,3092115,709779,32660912,33095,218789470,230305453,0
1789650875.8539166,79.419,4224955,222047,0,224,59,48,43072,328882,12345649,17745752,4044,61895504,44570532,64771540,0,2822740,0,1,1,0,6431851,1428109151,1430741320,9,9,1011,1544170,3092115,705685,32660912,33095,218789470,230305453,0
1789650876.1041965,79.67,4225330,222072,0,224,59,48,43072,328882,12345714,17745752,4044,61895740,44570768,64771540,0,2801944,0,1,1,0,6431852,1428355514,1430987683,9,9,1011,1544175,3092127,700486,32660913,33095,218789470,230305453,0
1789650876.354494,79.92,4225705,222097,0,224,59,48,43072,328882,12345824,17745764,3656,61895740,44570768,64771540,0,2776920,0,1,1,0,6431861,1428602807,1431234986,9,9,914,1544175,3092127,694230,32660913,33095,218789470,230305453,0
1789650876.6048005,80.17,4226079,222123,0,224,59,48,43073,328882,12345906,17745764,3656,61895496,44570516,64771540,0,2748248,0,1,1,0,6431867,1428849156,1431481381,9,9,914,1544169,3092115,687062,32660920,33095,218789470,230305453,0
1789650876.8551164,80.421,4226454,222148,0,224,59,48,43073,328882,12345972,17745764,3656,61895496,44570516,64771540,0,2723672,0,1,1,0,6431868,1429095523,1431727749,9,9,914,1544169,3092115,680918,32660921,33095,218789470,230305453,0
1789650877.1054375,80.671,4226829,222174,0,224,59,48,43073,328882,12346046,17745764,3656,61895736,44570756,64771540,0,2694984,0,1,1,0,6431869,1429340937,1431973163,9,9,914,1544175,3092127,673746,32660923,33095,218789470,230305453,0
1789650877.3557258,80.921,4227204,222199,0,224,59,48,43073,328882,12346100,17745764,3656,61895484,44570504,64771540,0,2678600,0,1,1,0,6431869,1429589221,1432221447,9,9,914,1544169,3092114,669650,32660923,33095,218789470,230305453,0
1789650877.6060064,81.172,4227579,222224,0,224,59,48,43073,328882,12346156,17745764,3656,61895484,44570504,64771540,0,2654024,0,1,1,0,6431870,1429835581,1432467807,9,9,914,1544169,3092114,663506,32660924,33095,218789470,230305453,0
1789650877.8562999,81.422,4227954,222250,0,224,59,48,43073,328882,12346268,17745764,3656,61894980,44570000,64771540,0,2625352,0,1,1,0,6431870,1430081937,1432714163,9,9,914,1544156,3092089,656338,32660927,33095,218789470,230305453,0
1789650878.1065989,81.672,4228329,222275,0,224,59,48,43073,328882,12346346,17745764,3656,61895928,44570948,64771540,0,2600896,0,1,1,0,6431871,1430328306,1432960532,9,9,914,1544180,3092136,650224,32660929,33095,218789470,230305453,0
1789650878.3569245,81.922,4228704,222301,0,224,59,48,43073,328882,12346413,17745764,3656,61895676,44570696,64771540,0,2580576,0,1,1,0,6431877,1430575636,1433207875,9,9,914,1544174,3092124,645144,32660930,33095,218789470,230305453,0
1789650878.607216,82.173,4229079,222326,0,224,59,48,43073,328882,12346479,17745764,3656,61895676,44570696,64771540,0,2556020,0,1,1,0,6431878,1430822981,1433455220,9,9,914,1544174,3092124,639005,32660930,33095,218789470,230305453,0
1789650878.8575187,82.423,4229453,222351,0,224,59,48,43073,328883,12346545,17745752,3656,61895676,44570696,64771540,0,2535604,0,1,1,0,6431879,1431070304,1433702543,9,9,914,1544174,3092124,633901,32660931,33095,218789470,230305501,0
1789650879.1078024,82.673,4229828,222377,0,224,59,48,43073,328883,12346602,17745752,3656,61895912,44570932,64771540,0,2511084,0,1,1,0,6431879,1431317621,1433949859,9,9,914,1544180,3092135,627771,32660931,33095,218789470,230305501,0
1789650879.3581042,82.924,4230203,222402,0,224,59,48,43074,328883,12346688,17745752,3656,61895660,44570680,64771540,0,2482356,0,1,1,0,6431880,1431563983,1434196222,9,9,914,1544173,3092123,620589,32660932,33095,218789470,230305501,0
1789650879.608423,83.174,4230578,222427,0,224,59,48,43074,328883,12346748,17745752,3656,61895660,44570680,64771540,0,2458048,0,1,1,0,6431881,1431809407,1434441646,9,9,914,1544173,3092123,614512,32660934,33095,218789470,230305501,0
1789650879.8587065,83.424,4230953,222453,0,224,59,48,43074,328883,12346826,17745752,3656,61895660,44570680,64771540,0,2429092,0,1,1,0,6431881,1432056726,1434688965,9,9,914,1544173,3092123,607273,32660935,33095,218789470,230305501,0
1789650880.1089954,83.675,4231328,222478,0,224,59,48,43074,328883,12346873,17745752,3656,61895896,44570916,64771540,0,2412764,0,1,1,0,6431882,1432305020,1434937259,9,9,914,1544179,3092135,603191,32660935,33095,218789470,230305501,0
1789650880.3592982,83.925,4231703,222504,0,224,59,48,43074,328883,12347035,17745764,3692,61895880,44570876,64771540,0,2379560,0,1,1,0,6431889,1432550502,1435182749,9,9,923,1544179,3092134,594890,32660936,33095,218789470,230305501,0
1789650880.6096003,84.175,4232078,222529,0,224,59,48,43074,328883,12347121,17745764,3692,61895880,44570876,64771540,0,2350872,0,1,1,0,6431890,1432795905,1435428155,9,9,923,1544179,3092134,587718,32660936,33095,218789470,230305501,0
1789650880.8599012,84.425,4232453,222554,0,224,59,48,43074,328883,12347172,17745764,3692,61895880,44570876,64771540,0,2334488,0,1,1,0,6431890,1433044201,1435676452,9,9,923,1544179,3092134,583622,32660938,33095,218789470,230305501,0
1789650881.1101937,84.676,4232828,222580,0,224,59,48,43074,328883,12347242,17745764,3692,61896116,44571112,64771540,0,2314008,0,1,1,0,6431891,1433292508,1435924759,9,9,923,1544185,3092146,578502,32660939,33095,218789470,230305501,0
1789650881.360508,84.926,4233202,222605,0,224,59,48,43074,328883,12347320,17745764,3692,61895864,44570860,64771540,0,2281240,0,1,1,0,6431892,1433536976,1436169232,9,9,923,1544179,3092133,570310,32660940,33095,218789470,230305501,0
1789650881.6107879,85.176,4233577,222630,0,224,59,48,43074,328883,12347390,17745764,3692,61895864,44570860,64771540,0,2252568,0,1,1,0,6431893,1433783334,1436415590,9,9,923,1544179,3092133,563142,32660940,33095,218789470,230305501,0
1789650881.8610718,85.427,4233952,222656,0,224,59,48,43074,328883,12347439,17745764,3692,61895864,44570860,64771540,0,2236184,0,1,1,0,6431893,1434031618,1436663874,9,9,923,1544179,3092133,559046,32660941,33095,218789470,230305501,0
1789650882.1113822,85.677,4234327,222681,0,224,59,48,43074,328883,12347526,17745764,3692,61896104,44571100,64771540,0,2203748,0,1,1,0,6431895,1434276115,1436908371,9,9,923,1544184,3092145,550937,32660942,33095,218789470,230305501,0
1789650882.3616934,85.927,4234702,222706,0,224,59,48,43074,328883,12347585,17745764,3692,61895852,44570848,64771540,0,2187128,0,1,1,0,6431895,1434524495,1437156752,9,9,923,1544178,3092132,546782,32660944,33095,218789470,230305501,0
1789650882.612059,86.178,4235077,222732,0,224,59,48,43074,328883,12347650,17745764,3692,61895852,44570848,64771540,0,2159168,0,1,1,0,6431896,1434770863,1437403120,9,9,923,1544178,3092132,539792,32660944,33095,218789470,230305501,0
1789650882.8623862,86.428,4235452,222757,0,224,59,48,43074,328883,12347703,17745764,3692,61895852,44570848,64771540,0,2142920,0,1,1,0,6431896,1435019194,1437651451,9,9,923,1544178,3092132,535730,32660945,33095,218789470,230305501,0
1789650883.1126928,86.678,4235827,222783,0,224,59,48,43075,328883,12347789,17745764,3692,61896092,44571088,64771540,0,2107104,0,1,1,0,6431897,1435263681,1437895938,9,9,923,1544184,3092144,526776,32660945,33095,218789470,230305501,0
1789650883.362993,86.929,4236202,222808,0,224,59,48,43075,328883,12347862,17745764,3692,61896092,44571088,64771540,0,2090348,0,1,1,0,6431904,1435511021,1438143289,9,9,923,1544184,3092144,522587,32660945,33095,218789470,230305501,0
1789650883.6133635,87.179,4236567,222833,0,224,59,48,43077,328890,12348287,17745768,4216,61883720,44558716,64771540,0,2070640,0,1,2,0,6432374,1435691946,1438324403,9,9,1054,1543875,3091526,517660,32666726,33095,218789470,230305501,0
1789650883.863782,87.429,4236920,222859,0,224,59,48,43080,328907,12348904,17745780,104,61896396,44571312,64771540,0,2038112,0,1,1,0,6433275,1435827754,1438460420,9,9,26,1544192,3092160,509528,32676248,33095,218789470,230309665,0
1789650884.114207,87.68,4237295,222885,0,224,59,48,43081,328907,12349239,17745772,2744,61896080,44570964,64771540,0,2017632,0,1,2,0,6433295,1436072340,1438705917,9,9,686,1544183,3092143,504408,32676490,33095,218789470,230309665,0
1789650884.364601,87.93,4237669,222910,0,224,59,48,43081,328907,12349341,17745772,2744,61896312,44571196,64771540,0,1989624,0,1,1,0,6433301,1436319708,1438953293,9,9,686,1544189,3092154,497406,32676491,33095,218789470,230309665,0
1789650884.6149318,88.18,4238044,222935,0,224,59,48,43081,328907,12349410,17745772,2744,61896060,44570944,64771540,0,1973240,0,1,2,0,6433302,1436567042,1439200627,9,9,686,1544183,3092142,493310,32676492,33095,218789470,230309665,0
1789650884.8652751,88.431,4238419,222961,0,224,59,48,43081,328907,12349465,17745772,2744,61896060,44570944,64771540,0,1945232,0,1,1,0,6433302,1436815371,1439448956,9,9,686,1544183,3092142,486308,32676493,33095,218789470,230309665,0
1789650885.1155894,88.681,4238794,222986,0,224,59,48,43081,328907,12349556,17745772,2744,61896112,44570996,64771540,0,1920656,0,1,1,0,6433303,1437061759,1439695345,9,9,686,1544184,3092144,480164,32676495,33095,218789470,230309665,0
1789650885.3659072,88.931,4239169,223012,0,224,59,48,43081,328907,12349623,17745772,2744,61896348,44571232,64771540,0,1892648,0,1,1,0,6433303,1437309103,1439942689,9,9,686,1544190,3092156,473162,32676495,33095,218789470,230309665,0
1789650885.6162271,89.182,4239544,223037,0,224,59,48,43081,328907,12349702,17745772,2744,61896880,44571764,64771540,0,1868072,0,1,1,0,6433304,1437555490,1440189076,9,9,686,1544203,3092183,467018,32676496,33095,218789470,230309665,0
1789650885.8665633,89.432,4239919,223062,0,224,59,48,43082,328907,12349768,17745772,2744,61896880,44571764,64771540,0,1848256,0,1,1,0,6433305,1437802831,1440436417,9,9,686,1544203,3092183,462064,32676497,33095,218789470,230309665,0
1789650886.1168814,89.682,4240294,223088,0,224,59,48,43082,328907,12349843,17745772,2744,61896880,44571764,64771540,0,1817372,0,1,1,0,6433305,1438049231,1440682817,9,9,686,1544203,3092183,454343,32676498,33095,218789470,230309665,0
1789650886.3672247,89.933,4240669,223113,0,224,59,48,43082,328907,12349893,17745772,2744,61897116,44572000,64771540,0,1800988,0,1,1,0,6433309,1438297609,1440931196,9,9,686,1544209,3092194,450247,32676499,33095,218789470,230309665,0
1789650886.6176026,90.183,4241044,223138,0,224,59,48,43082,328907,12349973,17745772,2744,61896864,44571748,64771540,0,1768220,0,1,1,0,6433310,1438543057,1441176644,9,9,686,1544203,3092182,442055,32676501,33095,218789470,230309665,0
1789650886.8679426,90.433,4241419,223164,0,224,59,48,43082,328907,12350022,17745772,2744,61896864,44571748,64771540,0,1751836,0,1,1,0,6433311,1438791369,1441424956,9,9,686,1544203,3092182,437959,32676501,33095,218789470,230309665,0
1789650887.1182702,90.684,4241794,223189,0,224,59,48,43082,328907,12350108,17745772,2744,61897104,44571988,64771540,0,1719068,0,1,1,0,6433312,1439035870,1441669457,9,9,686,1544209,3092194,429767,32676503,33095,218789470,230309665,0
1789650887.3685925,90.934,4242169,223214,0,224,59,48,43082,328907,12350150,17745772,2744,61896852,44571736,64771540,0,1702684,0,1,1,0,6433312,1439285161,1441918749,9,9,686,1544203,3092181,425671,32676503,33095,218789470,230309665,0
1789650887.618904,91.184,4242544,223240,0,224,59,48,43082,328907,12350220,17745772,2744,61896852,44571736,64771540,0,1669916,0,1,1,0,6433313,1439530584,1442164172,9,9,686,1544203,3092181,417479,32676503,33095,218789470,230309665,0
1789650887.869216,91.435,4242919,223265,0,224,59,48,43082,328907,12350281,17745772,2744,61896852,44571736,64771540,0,1653532,0,1,1,0,6433314,1439777954,1442411542,9,9,686,1544203,3092181,413383,32676505,33095,218789470,230309665,0
1789650888.1195395,91.685,4243294,223291,0,224,59,48,43082,328907,12350347,17745772,2744,61896852,44571736,64771540,0,1620764,0,1,1,0,6433314,1440024306,1442657894,9,9,686,1544203,3092181,405191,32676505,33095,218789470,230309665,0
1789650888.3698661,91.935,4243669,223316,0,224,59,48,43082,328907,12350468,17745772,2744,61898560,44573444,64771540,0,1604380,0,1,1,0,6433331,1440272604,1442906223,9,9,686,1544245,3092267,401095,32676506,33095,218789470,230309665,0
1789650888.6202145,92.186,4244044,223341,0,224,59,48,43082,328907,12350550,17745772,2744,61898308,44573192,64771540,0,1571612,0,1,1,0,6433332,1440518132,1443151751,9,9,686,1544239,3092254,392903,32676507,33095,218789470,230309665,0
1789650888.8706443,92.436,4244418,223367,0,224,59,48,43082,328907,12350616,17745760,2688,61898308,44573192,64771540,0,1555244,0,1,1,0,6433333,1440764586,1443398205,9,9,672,1544239,3092254,388811,32676508,33095,218789470,230309737,0
1789650889.1210284,92.687,4244793,223392,0,224,59,48,43083,328907,12350698,17745760,2688,61898552,44573436,64771540,0,1522476,0,1,1,0,6433334,1441011032,1443644652,9,9,672,1544245,3092266,380619,32676508,33095,218789470,230309737,0
1789650889.3714187,92.937,4245168,223418,0,224,59,48,43083,328907,12350758,17745760,2688,61898300,44573184,64771540,0,1506092,0,1,1,0,6433334,1441258402,1443892022,9,9,672,1544239,3092254,376523,32676510,33095,218789470,230309737,0
1789650889.6217124,93.187,4245543,223443,0,224,59,48,43083,328907,12350814,17745760,2688,61898300,44573184,64771540,0,1481516,0,1,1,0,6433335,1441506688,1444140309,9,9,672,1544239,3092254,370379,32676510,33095,218789470,230309737,0
1789650889.872017,93.438,4245918,223468,0,224,59,48,43083,328907,12350877,17745760,2688,61898300,44573184,64771540,0,1456940,0,1,1,0,6433335,1441754042,1444387662,9,9,672,1544239,3092254,364235,32676512,33095,218789470,230309737,0
1789650890.1223168,93.688,4246293,223494,0,224,59,48,43083,328907,12350960,17745760,2688,61898300,44573184,64771540,0,1424156,0,1,1,0,6433337,1441998531,1444632152,9,9,672,1544239,3092254,356039,32676512,33095,218789470,230309737,0
1789650890.372632,93.938,4246668,223519,0,224,59,48,43083,328907,12351015,17745760,2688,61898536,44573420,64771540,0,1407772,0,1,1,0,6433337,1442246847,1444880468,9,9,672,1544245,3092265,351943,32676513,33095,218789470,230309737,0
1789650890.6229458,94.188,4247043,223544,0,224,59,48,43083,328907,12351075,17745760,2688,61898284,44573168,64771540,0,1383196,0,1,1,0,6433338,1442494183,1445127804,9,9,672,1544238,3092253,345799,32676514,33095,218789470,230309737,0
1789650890.8732708,94.439,4247418,223570,0,224,59,48,43083,328907,12351137,17745760,2688,61898284,44573168,64771540,0,1358620,0,1,1,0,6433338,1442741543,1445375164,9,9,672,1544238,3092253,339655,32676515,33095,218789470,230309737,0
1789650891.1235876,94.689,4247793,223595,0,224,59,48,43083,328907,12351216,17745760,2688,61900028,44574912,64771540,0,1334044,0,1,1,0,6433340,1442987921,1445621542,9,9,672,1544282,3092340,333511,32676516,33095,218789470,230309737,0
1789650891.3738859,94.939,4248168,223620,0,224,59,48,43084,328907,12351273,17745760,2688,61900028,44574912,64771540,0,1309468,0,1,1,0,6433340,1443235262,1445868884,9,9,672,1544282,3092340,327367,32676517,33095,218789470,230309737,0
1789650891.6241922,95.19,4248543,223646,0,224,59,48,43084,328908,12351343,17745760,2688,61899776,44574660,64771540,0,1276700,0,1,1,0,6433341,1443480684,1446114306,9,9,672,1544276,3092327,319175,32676517,33095,218789470,230309737,0
1789650891.874506,95.44,4248918,223671,0,224,59,48,43084,328908,12351393,17745760,2688,61899776,44574660,64771540,0,1260316,0,1,1,0,6433341,1443728977,1446362599,9,9,672,1544276,3092327,315079,32676517,33095,218789470,230309737,0
1789650892.1248128,95.69,4249292,223697,0,224,59,48,43084,328908,12351474,17745760,2688,61900016,44574900,64771540,0,1227548,0,1,1,0,6433342,1443975339,1446608962,9,9,672,1544282,3092339,306887,32676519,33095,218789470,230309737,0
1789650892.3751407,95.941,4249667,223722,0,224,59,48,43084,328908,12351573,17745772,2708,61901340,44576224,64771540,0,1211164,0,1,1,0,6433351,1444223683,1446857319,9,9,677,1544315,3092406,302791,32676520,33095,218789470,230309737,0
1789650892.625481,96.191,4250042,223747,0,224,59,48,43084,328908,12351643,17745772,2708,61901340,44576224,64771540,0,1178396,0,1,1,0,6433352,1444469094,1447102730,9,9,677,1544315,3092406,294599,32676521,33095,218789470,230309737,0
1789650892.8757906,96.441,4250417,223773,0,224,59,48,43084,328908,12351686,17745772,2708,61901340,44576224,64771540,0,1162012,0,1,1,0,6433352,1444717391,1447351028,9,9,677,1544315,3092406,290503,32676521,33095,218789470,230309737,0
1789650893.1260982,96.692,4250792,223798,0,224,59,48,43084,328908,12351772,17745772,2708,61903112,44577996,64771540,0,1129244,0,1,2,0,6433353,1444962785,1447596422,9,9,677,1544359,3092494,282311,32676522,33095,218789470,230309737,0
1789650893.3764224,96.942,4251167,223823,0,224,59,48,43084,328908,12351831,17745772,2708,61905416,44580300,64771540,0,1112860,0,1,1,0,6433361,1445210110,1447843760,9,9,677,1544416,3092609,278215,32676522,33095,218789470,230309737,0
1789650893.6267533,97.192,4251542,223849,0,224,59,48,43084,328908,12351897,17745772,2708,61905164,44580048,64771540,0,1080092,0,1,1,0,6433362,1445455562,1448089212,9,9,677,1544410,3092597,270023,32676525,33095,218789470,230309737,0
1789650893.8770578,97.443,4251917,223874,0,224,59,48,43084,328908,12351946,17745772,2708,61905164,44580048,64771540,0,1063708,0,1,1,0,6433362,1445703854,1448337504,9,9,677,1544410,3092597,265927,32676525,33095,218789470,230309737,0
1789650894.1273828,97.693,4252292,223900,0,224,59,48,43084,328908,12352042,17745772,2760,61905164,44580048,64771540,0,1039132,0,1,1,0,6433363,1445947399,1448581050,9,9,690,1544410,3092597,259783,32676527,33095,218789470,230309861,0
1789650894.3776805,97.943,4252667,223925,0,224,59,48,43084,328908,12352103,17745772,2760,61905400,44580284,64771540,0,1014556,0,1,1,0,6433364,1446195686,1448829337,9,9,690,1544416,3092608,253639,32676527,33095,218789470,230309861,0
1789650894.6279588,98.193,4253042,223951,0,224,59,48,43084,328908,12352173,17745772,2760,61906552,44581436,64771540,0,990096,0,1,1,0,6433364,1446443016,1449076668,9,9,690,1544445,3092666,247524,32676528,33095,218789470,230309861,0
1789650894.8782446,98.444,4253416,223976,0,224,59,48,43085,328908,12352229,17745772,2760,61906300,44581184,64771540,0,965612,0,1,1,0,6433365,1446690333,1449323985,9,9,690,1544438,3092653,241403,32676529,33095,218789470,230309861,0
1789650895.1285462,98.694,4253791,224001,0,224,59,48,43085,328908,12352298,17745772,2760,61906540,44581424,64771540,0,940888,0,1,1,0,6433366,1446936680,1449570332,9,9,690,1544444,3092665,235222,32676531,33095,218789470,230309861,0
1789650895.3788216,98.944,4254166,224027,0,224,59,48,43085,328908,12352354,17745772,2760,61906288,44581172,64771540,0,916300,0,1,1,0,6433366,1447183978,1449817630,9,9,690,1544438,3092653,229075,32676531,33095,218789470,230309861,0
1789650895.629092,99.195,4254541,224052,0,224,59,48,43085,328908,12352430,17745772,2760,61906288,44581172,64771540,0,891776,0,1,1,0,6433367,1447430326,1450063978,9,9,690,1544438,3092653,222944,32676532,33095,218789470,230309861,0
1789650895.8793826,99.445,4254916,224077,0,224,59,48,43085,328908,12352499,17745772,2760,61906288,44581172,64771540,0,867200,0,1,1,0,6433367,1447678620,1450312273,9,9,690,1544438,3092653,216800,32676532,33095,218789470,230309861,0
1789650896.1296546,99.695,4255291,224103,0,224,59,48,43085,328908,12352574,17745772,2760,61906532,44581416,64771540,0,842624,0,1,1,0,6433368,1447925024,1450558677,9,9,690,1544444,3092665,210656,32676532,33095,218789470,230309861,0
1789650896.3799767,99.946,4255666,224128,0,224,59,48,43085,328908,12352671,17745772,2764,61906812,44581696,64771540,0,817948,0,1,1,0,6433374,1448173325,1450806986,9,9,691,1544451,3092679,204487,32676535,33095,218789470,230309861,0
1789650896.6302803,100.196,4256041,224153,0,224,59,48,43085,328908,12352733,17745772,2764,61907372,44582256,64771540,0,793372,0,1,1,0,6433375,1448421636,1451055297,9,9,691,1544465,3092707,198343,32676535,33095,218789470,230309861,0
1789650896.8805883,100.446,4256416,224179,0,224,59,48,43085,328908,12352798,17745772,2764,61907372,44582256,64771540,0,768796,0,1,1,0,6433375,1448668019,1451301680,9,9,691,1544465,3092707,192199,32676537,33095,218789470,230309861,0
1789650897.1308932,100.696,4256790,224204,0,224,59,48,43085,328908,12352878,17745772,2764,61907604,44582488,64771540,0,744220,0,1,1,0,6433376,1448915362,1451549024,9,9,691,1544471,3092719,186055,32676537,33095,218789470,230309861,0
1789650897.3811996,100.947,4257166,224230,0,224,59,48,43085,328908,12352933,17745772,2764,61907352,44582236,64771540,0,719644,0,1,1,0,6433376,1449163690,1451797352,9,9,691,1544465,3092706,179911,32676538,33095,218789470,230309861,0
1789650897.6315236,101.197,4257540,224255,0,224,59,48,43085,328908,12352996,17745772,2764,61907352,44582236,64771540,0,695068,0,1,1,0,6433377,1449411043,1452044705,9,9,691,1544465,3092706,173767,32676539,33095,218789470,230309861,0
1789650897.8818262,101.447,4257915,224280,0,224,59,48,43086,328908,12353054,17745772,2764,61907352,44582236,64771540,0,670492,0,1,1,0,6433379,1449658369,1452292033,9,9,691,1544465,3092706,167623,32676540,33095,218789470,230309861,0
1789650898.1321375,101.698,4258290,224305,0,224,59,48,43086,328908,12353127,17745772,2764,61909208,44584092,64771540,0,645916,0,1,1,0,6433380,1449905728,1452539392,9,9,691,1544511,3092799,161479,32676540,33095,218789470,230309861,0
1789650898.3824654,101.948,4258665,224331,0,224,59,48,43086,328908,12353202,17745772,2764,61909708,44584592,64771540,0,621340,0,1,1,0,6433386,1450152127,1452785802,9,9,691,1544523,3092824,155335,32676541,33095,218789470,230309861,0
1789650898.6327734,102.198,4259040,224356,0,224,59,48,43086,328908,12353273,17745772,2764,61909708,44584592,64771540,0,593332,0,1,1,0,6433387,1450398509,1453032185,9,9,691,1544523,3092824,148333,32676541,33095,218789470,230309861,0
1789650898.8830886,102.449,4259415,224382,0,224,59,48,43086,328908,12353334,17745772,2764,61909708,44584592,64771540,0,576948,0,1,1,0,6433387,1450645854,1453279530,9,9,691,1544523,3092824,144237,32676543,33095,218789470,230309861,0
1789650899.1334114,102.699,4259790,224407,0,224,59,48,43086,328908,12353424,17745760,2764,61911020,44585904,64771540,0,544228,0,1,1,0,6433388,1450891282,1453524958,9,9,691,1544556,3092889,136057,32676545,33095,218789470,230309929,0
1789650899.3837097,102.949,4260165,224432,0,224,59,48,43086,328908,12353472,17745760,2764,61911868,44586752,64771540,0,527844,0,1,1,0,6433389,1451139577,1453773253,9,9,691,1544577,3092932,131961,32676546,33095,218789470,230309929,0
1789650899.6340091,103.2,4260540,224458,0,224,59,48,43086,328908,12353537,17745760,2764,61911616,44586500,64771540,0,500164,0,1,1,0,6433389,1451386885,1454020561,9,9,691,1544571,3092919,125041,32676546,33095,218789470,230309929,0
1789650899.8842921,103.45,4260915,224483,0,224,59,48,43086,328908,12353599,17745760,2764,61911616,44586500,64771540,0,475908,0,1,1,0,6433389,1451634194,1454267870,9,9,691,1544571,3092919,118977,32676547,33095,218789470,230309929,0
1789650900.1345847,103.7,4261290,224508,0,224,59,48,43087,328908,12353677,17725400,2764,61908228,44603472,64771540,0,455776,0,1,1,0,6433833,1451882563,1454516662,9,9,691,1544487,3092750,113944,32676548,33095,218789470,230309929,0
1789650900.3848867,103.95,4261665,224532,0,224,59,48,43088,328908,12353817,17598980,2796,61912380,44735244,64771540,0,427388,0,1,1,0,6433900,1452121194,1454755350,9,9,699,1544620,3093017,106847,32676549,33095,218789470,230309929,0
1789650900.635173,104.201,4262040,224558,0,224,59,48,43088,328908,12353881,17598980,2796,61912380,44735244,64771540,0,402812,0,1,1,0,6433901,1452368509,1455002666,9,9,699,1544620,3093017,100703,32676550,33095,218789470,230309929,0
1789650900.8854647,104.451,4262415,224583,0,224,59,48,43088,328908,12353935,17598980,2796,61912380,44735244,64771540,0,382996,0,1,1,0,6433901,1452615831,1455249988,9,9,699,1544620,3093017,95749,32676550,33095,218789470,230309929,0
1789650901.1357408,104.701,4262790,224608,0,224,59,48,43088,328908,12354021,17598980,2796,61913116,44735980,64771540,0,358420,0,1,1,0,6433902,1452862188,1455496345,9,9,699,1544638,3093054,89605,32676551,33095,218789470,230309929,0
1789650901.3860464,104.952,4263164,224634,0,224,59,48,43088,328908,12354154,17598976,3408,61911804,44734668,64771540,0,330412,0,1,1,0,6433909,1453102948,1455737105,9,9,852,1544605,3092988,82603,32677178,33095,218789486,230309929,0
1789650901.6363688,105.202,4263539,224659,0,224,59,48,43089,328908,12354215,17598976,3408,61912684,44735548,64771540,0,305836,0,1,1,0,6433909,1453350291,1455984448,9,9,852,1544627,3093032,76459,32677179,33095,218789486,230309929,0
1789650901.8866649,105.452,4263914,224685,0,224,59,48,43089,328908,12354273,17598976,3408,61912684,44735548,64771540,0,286020,0,1,1,0,6433910,1453598597,1456232754,9,9,852,1544627,3093032,71505,32677180,33095,218789486,230309929,0
1789650902.1369643,105.702,4264288,224710,0,224,59,48,43089,328908,12354374,17598976,3408,61913432,44736296,64771540,0,253916,0,1,1,0,6433911,1453843049,1456477207,9,9,852,1544646,3093069,63479,32677181,33095,218789486,230309929,0
1789650902.3872724,105.953,4264663,224736,0,224,59,48,43089,328908,12354433,17598976,3408,61914376,44737240,64771540,0,233436,0,1,1,0,6433911,1454091374,1456725531,9,9,852,1544670,3093117,58359,32677181,33095,218789486,230309929,0
1789650902.6375916,106.203,4265038,224761,0,224,59,48,43089,328908,12354494,17598976,3408,61914124,44736988,64771540,0,205428,0,1,1,0,6433912,1454337741,1456971898,9,9,852,1544663,3093104,51357,32677183,33095,218789486,230309929,0
1789650902.8878927,106.453,4265413,224786,0,224,59,48,43089,328908,12354564,17598976,3408,61914124,44736988,64771540,0,183800,0,2,1,0,6433912,1454584190,1457218348,9,9,852,1544663,3093104,45748,32677183,33095,218789486,230309929,0
1789650903.1382866,106.704,4265788,224812,0,224,59,48,43089,328908,12354640,17598976,3408,61914684,44737548,64771540,0,152844,0,1,1,0,6433921,1454830544,1457464717,9,9,852,1544677,3093132,38211,32677185,33095,218789486,230309929,0
1789650903.3885896,106.954,4266163,224837,0,224,59,48,43089,328908,12354693,17598976,3408,61915472,44738336,64771540,0,136460,0,1,1,0,6433921,1455078840,1457713013,9,9,852,1544697,3093171,34115,32677185,33095,218789486,230309929,0
1789650903.6388838,107.204,4266538,224862,0,224,59,48,43089,328908,12354754,17598976,3408,61915472,44738336,64771540,0,108452,0,1,1,0,6433922,1455325196,1457959369,9,9,852,1544697,3093171,27113,32677186,33095,218789486,230309929,0
1789650903.8891811,107.455,4266913,224888,0,224,59,48,43089,328908,12354828,17598976,3408,61915472,44738336,64771540,0,76348,0,1,1,0,6433922,1455570626,1458204799,9,9,852,1544697,3093171,19087,32677186,33095,218789486,230309929,0
1789650904.1395054,107.705,4267287,224913,0,224,59,48,43089,328908,12354908,17598964,3408,61915708,44738572,64771540,0,55988,0,1,1,0,6433923,1455816069,1458450243,9,9,852,1544703,3093183,13997,32677188,33095,218789486,230310021,0
1789650904.3898299,107.955,4267662,224939,0,224,59,48,43089,328908,12355010,17598996,3456,61916880,44739700,64771540,0,39484,0,1,1,0,6433931,1456064362,1458698545,9,9,864,1544731,3093240,9871,32677188,33095,218789486,230310021,0
1789650904.6401474,108.206,4268037,224954,0,224,59,48,43100,328909,12355216,16130768,3456,61931712,46234112,64771540,0,5780,0,0,2,0,6439785,1456171319,1458805792,9,9,864,1545388,3094555,1445,32677190,33095,218789486,230310021,0
1789650904.8905165,108.456,4268412,224954,0,224,59,48,43125,328909,12355446,12533272,3456,61948468,49893296,64771540,0,0,0,0,3,0,6453699,1456171319,1458805792,9,9,864,1546916,3097615,0,32677191,33095,218789486,230310021,0
1789650905.1408958,108.706,4268787,224954,0,224,59,48,43150,328909,12355700,9029356,3456,62057404,53574824,64771540,0,0,0,0,3,0,6463814,1456171319,1458805792,9,9,864,1551351,3106495,0,32677191,33095,218789486,230310021,0
