t,t_rel,cpu_idle,cpu_iowait,cpu_irq,cpu_nice,cpu_softirq,cpu_steal,cpu_system,cpu_user,ctxt,mem_Cached,mem_Dirty,mem_MemAvailable,mem_MemFree,mem_MemTotal,mem_SwapCached,mem_Writeback,mem_WritebackTmp,procs_blocked,procs_running,psi_cpu_full_total,psi_cpu_some_total,psi_io_full_total,psi_io_some_total,psi_memory_full_total,psi_memory_some_total,vm_nr_dirty,vm_nr_dirty_background_threshold,vm_nr_dirty_threshold,vm_nr_writeback,vm_pgfault,vm_pgmajfault,vm_pgpgin,vm_pgpgout,vm_pswpout
1789652649.5177882,0.0,6674332,418651,0,224,69,52,64816,496246,18813992,146840,1056,63860208,64224004,64771540,0,196,0,1,1,0,8769005,2494025002,2498441153,450,450,264,1595211,3194324,49,48937095,49007,339286958,335044685,0
1789652649.7682166,0.25,6674572,418668,0,224,69,52,64818,496386,18814623,156324,1056,63845988,64204160,64771540,0,196,0,1,16,0,8769589,2494053093,2498469344,450,450,264,1595020,3193941,49,48939760,49080,339299250,335044685,0
1789652650.0187647,0.501,6674944,418685,0,224,69,52,64819,496396,18815328,165464,1056,63829652,64182828,64771540,0,196,0,1,1,0,8770117,2494147477,2498563827,450,450,264,1594737,3193374,49,48944776,49117,339309802,335044685,0
1789652650.269161,0.751,6675319,418708,0,224,69,52,64821,496397,18816059,191364,1276,63799536,64140408,64771540,0,0,0,1,1,0,8770873,2494312904,2498729273,450,450,319,1594341,3192580,0,48948990,49327,339337438,335044685,0
1789652650.5195117,1.002,6675684,418732,0,224,69,52,64822,496407,18818280,201928,1276,63783564,64119096,64771540,0,0,0,1,1,0,8771655,2494455438,2498871814,450,450,319,1594075,3192048,0,48952155,49417,339347878,335044685,0
1789652650.769863,1.252,6676054,418754,0,224,69,52,64823,496412,18819920,208324,1276,63772688,64105040,64771540,0,0,0,1,1,0,8772604,2494641698,2499058080,450,450,319,1593883,3191664,0,48954176,49423,339354286,335044685,0
1789652651.02022,1.502,6676421,418775,0,224,69,52,64824,496423,18821334,216704,1276,63750768,64078944,64771540,0,0,0,0,4,0,8773380,2494794345,2499210746,450,450,319,1593440,3190777,0,48959283,49423,339362654,335044685,0
1789652651.2706017,1.753,6676775,418785,0,224,69,52,64830,496455,18825019,219656,1276,63744512,64071184,64771540,0,0,0,1,2,0,8774040,2494848348,2499264757,450,450,319,1593322,3190539,0,48975417,49431,339365622,335044717,0
1789652651.521019,2.003,6677134,418797,0,224,69,52,64832,496481,18827576,223052,1276,63720104,64045068,64771540,0,0,0,0,2,0,8774578,2494924828,2499341242,450,450,319,1592755,3189404,0,48982633,49432,339369138,335044717,0
1789652651.771442,2.254,6677497,418810,0,224,69,52,64834,496504,18830920,225976,1276,63700752,64024252,64771540,0,0,0,1,3,0,8775200,2495009147,2499425569,450,450,319,1592308,3188510,0,48987374,49432,339371994,335044717,0
1789652652.0218601,2.504,6677859,418824,0,224,69,52,64837,496524,18834707,229436,1276,63668304,63990028,64771540,0,0,0,1,1,0,8775878,2495099294,2499515716,450,450,319,1591543,3186977,0,48995065,49439,339375398,335044717,0
1789652652.2722816,2.754,6678210,418834,0,224,69,52,64838,496561,18839103,232240,1276,63657716,63978024,64771540,0,0,0,1,1,0,8776447,2495151325,2499567749,450,450,319,1591314,3186519,0,48997321,49444,339378206,335044717,0
1789652652.5227208,3.005,6678569,418845,0,224,69,52,64840,496588,18843116,234684,1276,63651400,63970488,64771540,0,0,0,1,1,0,8777022,2495220459,2499636883,450,450,319,1591187,3186264,0,48999008,49447,339380690,335044717,0
1789652652.7731287,3.255,6678918,418856,0,224,69,52,64843,496625,18848250,236952,1276,63688216,64006176,64771540,0,0,0,0,2,0,8777480,2495260960,2499677568,450,450,319,1592134,3188161,0,49004085,49450,339382914,335044721,0
1789652653.0605419,3.543,6679350,418881,0,224,69,52,64844,496628,18849209,264492,1276,63666300,63970204,64771540,0,0,0,1,1,0,8778663,2495503989,2499920604,450,450,319,1591937,3187768,0,49007098,49678,339411694,335044721,0
1789652653.3128204,3.795,6679725,418900,0,224,69,52,64845,496633,18849856,278576,1276,63651288,63945868,64771540,0,0,0,1,1,0,8779612,2495693725,2500110355,450,450,319,1591695,3187282,0,49011041,49786,339425802,335044721,0
1789652653.564367,4.047,6680102,418917,0,224,69,52,64847,496639,18850393,290640,1276,63640788,63923608,64771540,0,0,0,1,1,0,8780593,2495865726,2500282366,450,450,319,1591433,3186757,0,49015213,49880,339437790,335044721,0
1789652653.8147383,4.297,6680469,418932,0,224,69,52,64849,496654,18852151,296944,1276,63624932,63900964,64771540,0,0,0,1,1,0,8781244,2495943773,2500360424,450,450,319,1591037,3185965,0,49018860,49892,339444334,335044721,0
1789652654.0651276,4.547,6680830,418946,0,224,69,52,64851,496680,18853789,300124,1276,63610588,63883436,64771540,0,0,0,0,3,0,8781799,2496032490,2500449164,450,450,319,1590679,3185248,0,49022547,49896,339447370,335044721,0
1789652654.3155646,4.798,6681159,418958,0,224,69,52,64854,496735,18855331,302928,1276,63539992,63810032,64771540,0,0,0,1,3,0,8782040,2496056662,2500473338,450,450,319,1588917,3181719,0,49041354,49896,339450190,335044721,0
1789652654.566026,5.048,6681513,418968,0,224,69,52,64856,496769,18857269,305520,1276,63515924,63783356,64771540,0,0,0,0,2,0,8782440,2496111077,2500527753,450,450,319,1588316,3180516,0,49048129,49896,339452782,335044721,0
1789652654.81651,5.299,6681866,418980,0,224,69,52,64858,496800,18861528,308776,1276,63497344,63761564,64771540,0,0,0,0,5,0,8783040,2496169630,2500586310,450,450,319,1587852,3179587,0,49054037,49899,339456202,335044721,0
1789652655.0671651,5.549,6682221,418990,0,224,69,52,64859,496832,18863024,311848,1276,63489368,63750488,64771540,0,0,0,0,2,0,8783458,2496223097,2500639780,450,450,319,1587653,3179188,0,49056219,49899,339459122,335044721,0
1789652655.3176403,5.8,6682574,418999,0,224,69,52,64861,496868,18864995,314824,1376,63474912,63733024,64771540,0,0,0,0,2,0,8783835,2496271687,2500688370,450,450,344,1587292,3178466,0,49060172,49901,339461962,335044721,0
1789652655.5680833,6.05,6682932,419011,0,224,69,52,64862,496897,18866798,318292,1376,63464236,63718940,64771540,0,0,0,1,2,0,8785318,2496308820,2500725511,450,450,344,1587026,3177932,0,49063762,49901,339465434,335044721,0
1789652655.818749,6.301,6683284,419017,0,224,69,52,64864,496938,18869134,320200,1376,63453716,63706476,64771540,0,0,0,1,1,0,8785609,2496335970,2500752661,450,450,344,1586763,3177406,0,49066246,49901,339467362,335044721,0
1789652656.0691833,6.551,6683608,419018,0,224,69,52,64868,497010,18877069,320716,1376,63437168,63689412,64771540,0,0,0,0,12,0,8786142,2496340742,2500757433,450,450,344,1586346,3176572,0,49069952,49903,339467854,335044721,0
1789652656.3196723,6.802,6683942,419021,0,224,69,52,64870,497072,18883498,321408,1376,63424084,63675648,64771540,0,0,0,1,4,0,8786600,2496350536,2500767227,450,450,344,1586023,3175925,0,49072198,49904,339468562,335044721,0
1789652656.5703583,7.053,6684311,419035,0,224,69,52,64870,497086,18884929,325660,1376,63418008,63665312,64771540,0,0,0,1,1,0,8787366,2496469457,2500886148,450,450,344,1585872,3175621,0,49073788,49906,339472810,335044721,0
1789652656.8207822,7.303,6684683,419043,0,224,69,52,64871,497105,18886171,327896,1376,63409300,63654336,64771540,0,0,0,0,3,0,8788189,2496539828,2500956536,450,450,344,1585654,3175186,0,49076066,49906,339475038,335044721,0
1789652657.0712006,7.553,6685039,419052,0,224,69,52,64873,497138,18888661,330088,1376,63381752,63624592,64771540,0,0,0,0,4,0,8788772,2496589959,2501006671,450,450,344,1584967,3173809,0,49082250,49906,339477226,335044721,0
1789652657.3218498,7.804,6685407,419064,0,224,69,52,64875,497156,18889245,333612,1376,63357272,63596604,64771540,0,0,0,1,1,0,8789364,2496694084,2501110800,450,450,344,1584355,3172585,0,49088310,49906,339480866,335044721,0
1789652657.572284,8.054,6685773,419071,0,224,69,52,64876,497182,18890360,335352,1376,63336032,63573608,64771540,0,0,0,0,3,0,8789677,2496739079,2501155803,450,450,344,1583825,3171523,0,49093534,49906,339482506,335044721,0
1789652657.8227074,8.305,6686130,419079,0,224,69,52,64878,497215,18892359,337364,1376,63310700,63546268,64771540,0,0,0,0,2,0,8790037,2496789675,2501206399,450,450,344,1583193,3170257,0,49100172,49906,339484510,335044721,0
1789652658.0731413,8.555,6686480,419087,0,224,69,52,64881,497255,18896370,339396,1376,63289208,63522340,64771540,0,0,0,1,2,0,8790481,2496830059,2501246783,450,450,344,1582657,3169184,0,49106009,49906,339486962,335044721,0
1789652658.3236034,8.806,6686810,419092,0,224,69,52,64884,497316,18901427,341168,1532,63245208,63476572,64771540,0,0,0,1,2,0,8790796,2496840469,2501257192,450,450,383,1581558,3166983,0,49115701,49906,339488554,335044721,0
1789652658.5740552,9.056,6687140,419099,0,224,69,52,64887,497378,18903971,342144,1532,63204336,63434708,64771540,0,0,0,1,1,0,8790981,2496850207,2501266936,450,450,383,1580538,3164940,0,49127402,49906,339490094,335044721,0
1789652658.8245409,9.307,6687500,419108,0,224,69,52,64891,497401,18906196,345400,1532,63172428,63399544,64771540,0,0,0,0,4,0,8791338,2496896745,2501313495,450,450,383,1579741,3163345,0,49136833,49906,339492870,335044721,0
1789652659.0749948,9.557,6687864,419114,0,224,69,52,64893,497428,18908631,347104,1540,63290688,63516108,64771540,0,0,0,0,3,0,8791714,2496932188,2501348938,450,450,385,1582693,3169257,0,49143158,49906,339494582,335044721,0
1789652659.3256383,9.808,6688233,419123,0,224,69,52,64895,497448,18909710,349400,1540,63267520,63490668,64771540,0,0,0,1,1,0,8792722,2497000419,2501417170,450,450,385,1582115,3168099,0,49148935,49906,339496778,335044721,0
1789652659.5760462,10.058,6688588,419131,0,224,69,52,64896,497484,18912443,352152,1544,63245592,63465984,64771540,0,0,0,1,1,0,8793124,2497048729,2501465479,450,450,386,1581568,3167003,0,49155959,49907,339499530,335044721,0
1789652659.8265088,10.309,6688921,419135,0,224,69,52,64898,497542,18918009,353148,1596,63228960,63448352,64771540,0,0,0,0,5,0,8793531,2497064448,2501481198,450,450,399,1581152,3166171,0,49161211,49907,339500570,335044781,0
1789652660.0772126,10.559,6689200,419137,0,224,69,52,64902,497656,18928331,354060,1604,63215544,63434008,64771540,0,0,0,0,9,0,8794037,2497066831,2501483581,450,450,401,1580817,3165500,0,49165310,49907,339501430,335044781,0
1789652660.327904,10.81,6689501,419155,0,224,69,52,64911,497727,18935367,482844,1604,63121348,63210980,64771540,0,0,0,0,2,0,8794542,2497088448,2501505203,450,450,401,1578466,3160792,0,49185987,49907,339630214,335044781,0
1789652660.5783994,11.061,6689730,419159,0,224,69,52,64930,497877,18946901,633268,122252,62964504,62902512,64771540,0,0,0,0,10,0,8795130,2497090834,2501507610,450,450,30563,1574529,3152908,0,49223596,49907,339660238,335044781,0
1789652660.8290336,11.311,6690007,419180,0,224,69,52,64955,497953,18956815,1116484,380164,62790512,62242340,64771540,0,0,0,0,7,0,8795703,2497117609,2501534407,450,450,95143,1570112,3144063,0,49253710,49907,339885390,335044781,0
1789652661.0795474,11.562,6690247,419191,0,224,69,52,64998,498054,18968667,1379128,515304,62524856,61711968,64771540,0,0,0,0,5,0,8797128,2497130215,2501547105,450,450,128826,1563428,3130679,0,49273714,49907,340013046,335044781,0
1789652661.3301024,11.812,6690504,419214,0,224,69,52,65025,498144,18976416,1911008,792176,62492288,61144268,64771540,0,0,0,0,6,0,8797662,2497163872,2501580764,450,450,198044,1562522,3128865,0,49288986,49907,340267902,335044781,0
1789652661.580606,12.063,6690749,419228,0,224,69,52,65062,498249,18983634,2331336,990460,62352968,60581976,64771540,0,0,0,3,3,0,8798293,2497177108,2501594035,450,450,247615,1558987,3121787,0,49301566,49907,340490842,335044781,0
1789652661.8312752,12.313,6691002,419239,0,224,69,52,65104,498341,18990446,2777556,1242908,62141876,59920912,64771540,0,0,0,1,7,0,8798791,2497191528,2501608457,450,450,310625,1553602,3111003,0,49338286,49927,340684634,335044781,0
1789652662.0819628,12.564,6691246,419270,0,224,69,52,65136,498430,18998958,3299048,1477304,62178304,59432360,64771540,0,0,0,0,6,0,8799764,2497226330,2501643701,450,450,369326,1554483,3112766,0,49358733,49991,340974118,335044781,0
1789652662.332692,12.815,6691513,419278,0,224,69,52,65182,498505,19004533,3701320,1719876,62048840,58897468,64771540,0,0,0,0,6,0,8800297,2497239620,2501657005,450,450,430280,1551191,3106175,0,49377267,49993,341134270,335044781,0
1789652662.583303,13.066,6691808,419302,0,224,69,52,65206,498561,19010841,4307008,2039192,62189028,58428124,64771540,0,0,0,0,5,0,8801024,2497296550,2501713935,450,450,509798,1554552,3112905,0,49387959,49993,341420490,335044781,0
1789652662.8340018,13.316,6692079,419316,0,224,69,52,65249,498630,19018394,4746888,2235200,62107140,57903240,64771540,0,0,0,0,5,0,8801578,2497316650,2501734089,450,450,558800,1552436,3108668,0,49395527,49993,341664354,335044781,0
1789652663.0847695,13.567,6692364,419324,0,224,69,52,65297,498689,19025763,5216996,2496764,61856528,57178472,64771540,0,0,0,1,9,0,8802594,2497333252,2501750691,450,450,624191,1546092,3095964,0,49421609,49993,341872842,335044781,0
1789652663.3353758,13.818,6692620,419334,0,224,69,52,65323,498797,19032245,5874384,2841732,61997896,56657416,64771540,0,0,0,0,6,0,8803144,2497351420,2501768878,450,450,710433,1549495,3102779,0,49435461,49993,342185514,335044781,0
1789652663.5858471,14.068,6692864,419342,0,224,69,52,65365,498902,19039231,6339732,3068380,61846104,56037308,64771540,0,0,0,1,5,0,8804292,2497362643,2501780101,450,450,767095,1545632,3095043,0,49457305,49993,342424206,335044781,0
1789652663.8363094,14.319,6693141,419351,0,224,69,52,65408,498974,19045027,6826840,3327580,61672360,55372364,64771540,0,0,0,0,6,0,8804946,2497376838,2501794304,450,450,831895,1541192,3086153,0,49470545,49993,342652022,335044781,0
1789652664.0867896,14.569,6693413,419361,0,224,69,52,65437,499060,19051405,7454248,3656320,61749064,54816936,64771540,0,0,0,0,5,0,8805532,2497394249,2501811719,450,450,914080,1542988,3089749,0,49489692,49993,342950538,335044781,0
1789652664.3372724,14.819,6693683,419371,0,224,69,52,65480,499136,19057855,7939632,3905448,61633456,54212304,64771540,0,0,0,1,5,0,8806214,2497413208,2501830678,450,450,976464,1540022,3083811,0,49513428,49993,343187302,335044781,0
1789652664.5877502,15.07,6693940,419380,0,224,69,52,65522,499227,19062791,8455828,4180212,61530972,53589828,64771540,0,0,0,0,5,0,8806788,2497427473,2501844943,450,450,1045053,1537359,3078477,0,49522467,49993,343428678,335044781,0
1789652664.8382175,15.32,6694214,419394,0,224,69,52,65551,499309,19071105,9048100,4494364,61575980,53037700,64771540,0,0,0,0,6,0,8807444,2497452614,2501870116,450,450,1123591,1538374,3080510,0,49539928,49993,343706978,335044781,0
1789652665.0887218,15.571,6694478,419409,0,224,69,52,65606,499373,19076790,9494948,994692,61478692,52490600,64771540,0,3706516,0,0,6,0,8808360,2497474479,2501892025,450,450,248161,1535861,3075478,927141,49553811,49993,343938726,338762137,0
1789652665.3391945,15.821,6694770,419437,0,224,69,52,65638,499421,19080668,9947752,610492,61443316,51998440,64771540,0,4339020,0,2,5,0,8810469,2497519586,2501937277,450,450,152623,1534876,3073504,1084755,49557485,49993,344134918,339400785,0
1789652665.5896666,16.072,6695051,419480,0,224,69,52,65658,499476,19085863,10349952,800520,61622516,51772476,64771540,0,4322636,0,1,5,0,8811199,2497609993,2502028644,450,450,200130,1539410,3082584,1080659,49571725,49993,344347474,339400785,0
1789652665.84014,16.322,6695346,419513,0,224,69,52,65691,499516,19089837,10676752,980216,61644120,51464948,64771540,0,4314444,0,3,3,0,8812213,2497686526,2502111867,450,450,245054,1539760,3083285,1078611,49591946,49993,344494582,339400785,0
1789652666.090779,16.573,6695665,419527,0,224,69,52,65715,499559,19093058,11079200,1204856,61621848,51036744,64771540,0,4302156,0,1,4,0,8814116,2497728695,2502212538,450,450,301214,1539117,3081997,1075539,49595964,49993,344671878,339400785,0
1789652666.3415015,16.824,6695951,419567,0,224,69,52,65740,499609,19097734,11446580,1389368,61614652,50659396,64771540,0,4285772,0,4,1,0,8814829,2497807450,2502296629,450,450,347342,1538868,3081500,1071443,49616108,49993,344855634,339400785,0
1789652666.5919669,17.074,6696235,419606,0,224,69,52,65771,499655,19101843,11799192,1574244,61691236,50381072,64771540,0,4277580,0,1,5,0,8815339,2497887190,2502376746,450,450,393459,1540713,3085193,1069395,49625167,49994,345022606,339400785,0
1789652666.842436,17.325,6696522,419651,0,224,69,52,65789,499704,19105298,12237804,1812376,61767420,50014988,64771540,0,4261196,0,2,3,0,8816175,2497980799,2502470448,450,450,453094,1542523,3088817,1065299,49629732,49994,345223342,339400785,0
1789652667.0929086,17.575,6696807,419691,0,224,69,52,65819,499745,19110661,12547600,1940228,61700436,49636512,64771540,0,4249276,0,1,4,0,8817136,2498056391,2502547085,450,450,485057,1540820,3085407,1062319,49653900,49994,345405118,339400785,0
1789652667.3434162,17.826,6697098,419728,0,224,69,52,65848,499786,19115203,12921272,2160884,61764780,49323692,64771540,0,4240716,0,3,2,0,8818158,2498138036,2502629631,450,450,540118,1542328,3088428,1060179,49670387,49994,345558302,339400785,0
1789652667.5939722,18.076,6697381,419770,0,224,69,52,65868,499840,19121258,13337332,2349408,61860560,49000520,64771540,0,4224332,0,1,4,0,8819030,2498215527,2502708475,450,450,587352,1544657,3093092,1056083,49680189,49994,345785550,339400785,0
1789652667.8446062,18.327,6697668,419806,0,224,69,52,65898,499888,19124841,13682896,2561472,61744096,48535740,64771540,0,4216140,0,1,5,0,8819607,2498291949,2502785676,450,450,640368,1541678,3087126,1054035,49691309,49994,345919466,339400785,0
1789652668.0953166,18.578,6697941,419847,0,224,69,52,65925,499948,19129808,14188800,2874052,61865604,48147012,64771540,0,4199756,0,1,4,0,8820886,2498368796,2502863723,450,450,718513,1544606,3092990,1049939,49698613,49994,346112406,339400785,0
1789652668.3460574,18.828,6698235,419892,0,224,69,52,65947,499989,19134832,14621460,3075680,61976588,47822272,64771540,0,4187468,0,1,5,0,8822532,2498474983,2502970571,450,450,768920,1547301,3098385,1046867,49702553,49994,346343814,339400785,0
1789652668.5967798,19.079,6698524,419913,0,224,69,52,65977,500046,19140841,14967944,3230920,62074580,47571432,64771540,0,4179276,0,1,5,0,8824294,2498523407,2503051574,450,450,807832,1549698,3103186,1044819,49710578,49994,346535066,339400785,0
1789652668.8475032,19.33,6698829,419933,0,224,69,52,66005,500092,19145688,15354656,3429340,62055120,47162228,64771540,0,4162892,0,1,4,0,8825042,2498568788,2503141866,450,450,857335,1549124,3102037,1040723,49720026,49994,346723102,339400785,0
1789652669.0982118,19.58,6699119,419973,0,224,69,52,66029,500137,19150444,15794688,3672856,62108624,46767812,64771540,0,4154700,0,1,5,0,8825981,2498646894,2503226616,450,450,918214,1550265,3104321,1038675,49730870,49994,346919490,339400785,0
1789652669.3486922,19.831,6699428,419993,0,224,69,52,66049,500187,19155538,16263316,3916252,62123316,46308704,64771540,0,4142380,0,3,2,0,8826850,2498697936,2503326518,450,450,979063,1550503,3104798,1035595,49736764,49994,347145378,339400785,0
1789652669.5991695,20.081,6699734,420011,0,224,69,52,66079,500232,19160603,16633092,4098208,62121024,45931428,64771540,0,4125996,0,2,4,0,8828308,2498737936,2503414720,450,450,1024552,1550316,3104423,1031499,49743751,49994,347332806,339400785,0
1789652669.8496852,20.332,6700048,420028,0,224,69,52,66108,500270,19165188,17036692,4307216,62103936,45504120,64771540,0,4117804,0,1,5,0,8829051,2498781294,2503514413,450,450,1076804,1549734,3103257,1029451,49752108,49994,347527294,339400785,0
1789652670.1004405,20.583,6700355,420047,0,224,69,52,66133,500318,19170611,17554108,4622820,62093608,44967508,64771540,0,4109612,0,1,4,0,8829961,2498823140,2503606264,450,450,1156077,1549255,3102299,1027403,49761313,49994,347726574,339401505,0
1789652670.3511484,20.833,6700679,420062,0,224,69,52,66152,500358,19174397,17816572,4738656,62103320,44711872,64771540,0,4089328,0,1,3,0,8831111,2498867314,2503703087,450,450,1184664,1549416,3102620,1022332,49766653,49994,347876034,339401505,0
1789652670.6016304,21.084,6701043,420087,0,224,69,52,66162,500359,19174723,17787288,4565872,62316616,44952888,64771540,0,4224196,0,1,1,0,8831118,2499042194,2503877968,450,450,1141468,1554702,3113205,1056049,49768866,49994,347876070,339545049,0
1789652670.8520424,21.334,6701418,420112,0,224,69,52,66162,500359,19174771,17787288,4565872,62316616,44952888,64771540,0,4216676,0,1,1,0,8831118,2499292494,2504128268,450,450,1141468,1554702,3113205,1054169,49768867,49994,347876070,339545049,0
1789652671.1023693,21.585,6701793,420137,0,224,69,52,66162,500359,19174828,17787288,4565872,62324388,44960660,64771540,0,4200028,0,1,1,0,8831118,2499542782,2504378556,450,450,1141468,1554896,3113593,1050007,49768869,49994,347876070,339545049,0
1789652671.352664,21.835,6702169,420162,0,224,69,52,66162,500359,19174900,17787388,4565584,62332440,44968612,64771540,0,4191716,0,1,1,0,8831118,2499792043,2504627817,450,450,1141396,1555097,3113996,1047929,49768869,49994,347876070,339545049,0
1789652671.6029487,22.085,6702544,420187,0,224,69,52,66162,500359,19174955,17787388,4565584,62332440,44968612,64771540,0,4179428,0,1,1,0,8831118,2500042295,2504878069,450,450,1141396,1555097,3113996,1044857,49768870,49994,347876070,339545049,0
1789652671.8532233,22.335,6702919,420212,0,224,69,52,66162,500359,19175003,17787388,4565584,62332440,44968612,64771540,0,4163044,0,1,1,0,8831119,2500291560,2505127334,450,450,1141396,1555097,3113996,1040761,49768870,49994,347876070,339545049,0
1789652672.103513,22.586,6703294,420237,0,224,69,52,66162,500359,19175066,17787388,4565584,62346060,44982232,64771540,0,4154852,0,1,1,0,8831119,2500540820,2505376594,450,450,1141396,1555437,3114677,1038713,49768872,49994,347876070,339545049,0
1789652672.3537953,22.836,6703669,420263,0,224,69,52,66162,500359,19175168,17787388,4565584,62354124,44990296,64771540,0,4138468,0,1,1,0,8831129,2500791063,2505626853,450,450,1141396,1555638,3115080,1034617,49768873,49994,347876070,339545049,0
1789652672.60408,23.086,6704045,420288,0,224,69,52,66162,500360,19175238,17787388,4565584,62354124,44990296,64771540,0,4126172,0,1,1,0,8831129,2501041317,2505877107,450,450,1141396,1555638,3115080,1031543,49768874,49994,347876070,339545049,0
1789652672.854386,23.337,6704420,420313,0,224,69,52,66162,500360,19175297,17787388,4565584,62354124,44990296,64771540,0,4117980,0,1,1,0,8831129,2501290601,2506126390,450,450,1141396,1555638,3115080,1029495,49768875,49994,347876070,339545049,0
1789652673.1046722,23.587,6704795,420338,0,224,69,52,66162,500360,19175384,17787388,4565584,62370380,45006552,64771540,0,4101596,0,1,1,0,8831129,2501540856,2506376645,450,450,1141396,1556044,3115892,1025399,49768877,49994,347876070,339545049,0
1789652673.354953,23.837,6705170,420363,0,224,69,52,66162,500360,19175449,17787388,4565584,62378444,45014616,64771540,0,4085212,0,1,1,0,8831129,2501789128,2506624918,450,450,1141396,1556245,3116295,1021303,49768877,49994,347876070,339545049,0
1789652673.6052341,24.087,6705545,420388,0,224,69,52,66162,500360,19175501,17787388,4565584,62378444,45014616,64771540,0,4077020,0,1,1,0,8831129,2502039397,2506875187,450,450,1141396,1556245,3116295,1019255,49768879,49994,347876070,339545049,0
1789652673.85553,24.338,6705921,420413,0,224,69,52,66162,500360,19175559,17787388,4565584,62378444,45014616,64771540,0,4064736,0,1,1,0,8831129,2502288653,2507124443,450,450,1141396,1556245,3116295,1016184,49768879,49994,347876070,339545049,0
1789652674.1058037,24.588,6706296,420438,0,224,69,52,66162,500360,19175621,17787388,4565584,62401968,45038140,64771540,0,4056516,0,1,1,0,8831129,2502538899,2507374688,450,450,1141396,1556832,3117471,1014129,49768880,49994,347876070,339545049,0
1789652674.3560822,24.838,6706671,420463,0,224,69,52,66162,500360,19175676,17787388,4565584,62401968,45038140,64771540,0,4040132,0,1,1,0,8831129,2502788155,2507623945,450,450,1141396,1556832,3117471,1010033,49768881,49994,347876070,339545049,0
1789652674.6063857,25.089,6707046,420488,0,224,69,52,66162,500360,19175745,17787388,4565584,62401968,45038140,64771540,0,4031940,0,1,1,0,8831133,2503038467,2507874263,450,450,1141396,1556832,3117471,1007985,49768883,49994,347876070,339545049,0
1789652674.8567286,25.339,6707421,420514,0,224,69,52,66162,500360,19175819,17787388,4565584,62401968,45038140,64771540,0,4011460,0,1,1,0,8831134,2503287755,2508123551,450,450,1141396,1556832,3117471,1002865,49768884,49994,347876070,339545049,0
1789652675.1070306,25.589,6707796,420539,0,224,69,52,66163,500360,19175887,17787388,4565620,62424416,45060588,64771540,0,4003268,0,1,1,0,8831134,2503538017,2508373813,450,450,1141405,1557393,3118594,1000817,49768885,49994,347876070,339545325,0
1789652675.3573334,25.84,6708172,420564,0,224,69,52,66163,500360,19175944,17787388,4565620,62424416,45060588,64771540,0,3995152,0,1,1,0,8831134,2503788295,2508624091,450,450,1141405,1557393,3118594,998788,49768885,49994,347876070,339545325,0
1789652675.6076224,26.09,6708547,420589,0,224,69,52,66163,500360,19176005,17787388,4565620,62424416,45060588,64771540,0,3978724,0,1,1,0,8831134,2504037556,2508873352,450,450,1141405,1557393,3118594,994681,49768886,49994,347876070,339545325,0
1789652675.8579063,26.34,6708922,420614,0,224,69,52,66163,500360,19176060,17787388,4565620,62424416,45060588,64771540,0,3966396,0,1,1,0,8831134,2504287817,2509123613,450,450,1141405,1557393,3118594,991599,49768887,49994,347876070,339545325,0
1789652676.1081872,26.59,6709297,420639,0,224,69,52,66163,500360,19176119,17787388,4565620,62445408,45081580,64771540,0,3958204,0,1,1,0,8831134,2504538091,2509373887,450,450,1141405,1557917,3119643,989551,49768889,49994,347876070,339545325,0
1789652676.3584888,26.841,6709673,420664,0,224,69,52,66163,500360,19176222,17787388,4565620,62445156,45081328,64771540,0,3941820,0,1,1,0,8831142,2504788334,2509624142,450,450,1141405,1557910,3119630,985455,49768889,49994,347876070,339545325,0
1789652676.6087852,27.091,6710048,420689,0,224,69,52,66163,500360,19176301,17787388,4565620,62445156,45081328,64771540,0,3933628,0,1,1,0,8831143,2505037624,2509873432,450,450,1141405,1557910,3119630,983407,49768895,49994,347876070,339545325,0
1789652676.8590927,27.341,6710423,420714,0,224,69,52,66163,500360,19176360,17787388,4565620,62445156,45081328,64771540,0,3913148,0,1,1,0,8831143,2505286896,2510122704,450,450,1141405,1557910,3119630,978287,49768896,49994,347876070,339545325,0
1789652677.1094062,27.592,6710798,420739,0,224,69,52,66163,500360,19176462,17787388,4565620,62468852,45105024,64771540,0,3904956,0,1,1,0,8831143,2505537181,2510372990,450,450,1141405,1558502,3120815,976239,49768897,49994,347876070,339545325,0
1789652677.3597279,27.842,6711173,420764,0,224,69,52,66163,500360,19176515,17787388,4565620,62468852,45105024,64771540,0,3896764,0,1,1,0,8831143,2505787457,2510623266,450,450,1141405,1558502,3120815,974191,49768897,49994,347876070,339545325,0
1789652677.6100223,28.092,6711549,420789,0,224,69,52,66163,500360,19176574,17787388,4565620,62468852,45105024,64771540,0,3880380,0,1,1,0,8831143,2506037715,2510873524,450,450,1141405,1558502,3120815,970095,49768899,49994,347876070,339545325,0
1789652677.860306,28.343,6711924,420814,0,224,69,52,66163,500360,19176617,17787388,4565620,62468852,45105024,64771540,0,3872188,0,1,1,0,8831143,2506287969,2511123778,450,450,1141405,1558502,3120815,968047,49768899,49994,347876070,339545325,0
1789652678.1105933,28.593,6712299,420839,0,224,69,52,66163,500361,19176702,17787388,4565620,62486460,45122632,64771540,0,3859876,0,1,1,0,8831143,2506537237,2511373046,450,450,1141405,1558941,3121695,964969,49768905,49994,347876070,339545325,0
1789652678.3608754,28.843,6712674,420864,0,224,69,52,66163,500361,19176759,17787388,4565620,62486460,45122632,64771540,0,3843672,0,1,1,0,8831143,2506787484,2511623292,450,450,1141405,1558941,3121695,960918,49768905,49994,347876070,339545325,0
1789652678.6111512,29.093,6713049,420890,0,224,69,52,66163,500361,19176808,17787388,4565620,62486460,45122632,64771540,0,3835456,0,1,1,0,8831143,2507036757,2511872566,450,450,1141405,1558941,3121695,958864,49768906,49994,347876070,339545325,0
1789652678.8614452,29.344,6713425,420915,0,224,69,52,66163,500361,19176861,17787388,4565620,62486460,45122632,64771540,0,3818980,0,1,1,0,8831143,2507287009,2512122818,450,450,1141405,1558941,3121695,954745,49768907,49994,347876070,339545325,0
1789652679.1117268,29.594,6713800,420940,0,224,69,52,66163,500361,19176933,17787388,4565620,62507052,45143224,64771540,0,3806628,0,1,1,0,8831143,2507536262,2512372070,450,450,1141405,1559455,3122724,951657,49768908,49994,347876070,339545325,0
1789652679.3620038,29.844,6714175,420965,0,224,69,52,66163,500361,19176989,17787388,4565620,62507052,45143224,64771540,0,3798436,0,1,1,0,8831143,2507785518,2512621327,450,450,1141405,1559455,3122724,949609,49768909,49994,347876070,339545325,0
1789652679.6122816,30.094,6714550,420990,0,224,69,52,66163,500361,19177044,17787388,4565620,62507052,45143224,64771540,0,3782052,0,1,1,0,8831143,2508034773,2512870582,450,450,1141405,1559455,3122724,945513,49768910,49994,347876070,339545325,0
1789652679.8625526,30.345,6714925,421015,0,224,69,52,66163,500361,19177094,17787388,4565620,62507052,45143224,64771540,0,3773860,0,1,1,0,8831143,2508285021,2513120830,450,450,1141405,1559455,3122724,943465,49768910,49994,347876070,339545325,0
1789652680.1128361,30.595,6715300,421040,0,224,69,52,66163,500361,19177155,17787388,4565620,62521660,45157832,64771540,0,3757476,0,1,1,0,8831144,2508534276,2513370085,450,450,1141405,1559820,3123455,939369,49768912,49994,347876070,339545325,0
1789652680.363112,30.845,6715672,421068,0,224,69,52,66163,500361,19177584,17787388,4561916,62527216,45163364,64771540,0,3745196,0,1,1,0,8831179,2508759043,2513594902,450,450,1140479,1559959,3123732,936299,49768912,49994,347876074,339549261,0
1789652680.6134202,31.096,6716048,421093,0,224,69,52,66163,500361,19177635,17787388,4561916,62526964,45163112,64771540,0,3737004,0,1,1,0,8831179,2509008301,2513844160,450,450,1140479,1559953,3123720,934251,49768914,49994,347876074,339549261,0
1789652680.8636932,31.346,6716423,421118,0,224,69,52,66163,500361,19177686,17787388,4561916,62526964,45163112,64771540,0,3720620,0,1,1,0,8831179,2509258547,2514094406,450,450,1140479,1559953,3123720,930155,49768914,49994,347876074,339549261,0
1789652681.113966,31.596,6716798,421144,0,224,69,52,66164,500361,19177755,17787388,4561916,62537652,45173800,64771540,0,3712428,0,1,1,0,8831179,2509508797,2514344656,450,450,1140479,1560219,3124254,928107,49768915,49994,347876074,339549261,0
1789652681.3642466,31.846,6717173,421169,0,224,69,52,66164,500361,19177818,17787388,4561916,62545384,45181532,64771540,0,3700116,0,1,1,0,8831179,2509759054,2514594913,450,450,1140479,1560412,3124640,925029,49768916,49994,347876074,339549261,0
1789652681.6145334,32.097,6717548,421194,0,224,69,52,66164,500361,19177875,17787388,4561916,62545384,45181532,64771540,0,3683732,0,1,1,0,8831180,2510008312,2514844171,450,450,1140479,1560412,3124640,920933,49768917,49994,347876074,339549261,0
1789652681.8648195,32.347,6717924,421219,0,224,69,52,66164,500361,19177920,17787388,4561916,62545384,45181532,64771540,0,3675540,0,1,1,0,8831180,2510258570,2515094429,450,450,1140479,1560412,3124640,918885,49768918,49994,347876074,339549261,0
1789652682.115094,32.597,6718299,421244,0,224,69,52,66164,500361,19177981,17787388,4561916,62558472,45194620,64771540,0,3659156,0,1,2,0,8831180,2510507824,2515343683,450,450,1140479,1560739,3125295,914789,49768919,49994,347876074,339549261,0
1789652682.3653843,32.848,6718674,421269,0,224,69,52,66164,500361,19178093,17787388,4561916,62562636,45198784,64771540,0,3646852,0,1,1,0,8831180,2510757100,2515592959,450,450,1140479,1560843,3125503,911713,49768919,49994,347876074,339549261,0
1789652682.6156712,33.098,6719049,421294,0,224,69,52,66164,500361,19178145,17787388,4561916,62562320,45198468,64771540,0,3638660,0,1,2,0,8831180,2511006367,2515842226,450,450,1140479,1560835,3125487,909665,49768921,49994,347876074,339549261,0
1789652682.8659534,33.348,6719424,421319,0,224,69,52,66164,500361,19178191,17787388,4561916,62562320,45198468,64771540,0,3622276,0,1,1,0,8831180,2511256616,2516092476,450,450,1140479,1560835,3125487,905569,49768922,49994,347876074,339549261,0
1789652683.1162262,33.598,6719799,421344,0,224,69,52,66164,500361,19178277,17787388,4561916,62579524,45215672,64771540,0,3605892,0,1,1,0,8831180,2511505921,2516341781,450,450,1140479,1561265,3126347,901473,49768923,49994,347876074,339549261,0
1789652683.3665159,33.849,6720174,421369,0,224,69,52,66164,500361,19178330,17787388,4561916,62579524,45215672,64771540,0,3597700,0,1,1,0,8831180,2511755176,2516591036,450,450,1140479,1561265,3126347,899425,49768923,49994,347876074,339549261,0
1789652683.6168005,34.099,6720550,421395,0,224,69,52,66164,500361,19178395,17787388,4561916,62579220,45215368,64771540,0,3585412,0,1,1,0,8831180,2512005428,2516841288,450,450,1140479,1561257,3126332,896353,49768924,49994,347876074,339549261,0
1789652683.8670776,34.349,6720925,421420,0,224,69,52,66164,500361,19178436,17787388,4561916,62579220,45215368,64771540,0,3577220,0,1,1,0,8831180,2512255677,2517091537,450,450,1140479,1561257,3126332,894305,49768925,49994,347876074,339549261,0
1789652684.1173677,34.6,6721300,421445,0,224,69,52,66164,500361,19178498,17787388,4561916,62601092,45237240,64771540,0,3569028,0,1,1,0,8831180,2512505944,2517341804,450,450,1140479,1561803,3127425,892257,49768927,49994,347876074,339549261,0
1789652684.3676417,34.85,6721675,421470,0,224,69,52,66164,500361,19178593,17787388,4561916,62601092,45237240,64771540,0,3552644,0,1,1,0,8831188,2512756183,2517592053,450,450,1140479,1561803,3127425,888161,49768927,49994,347876074,339549261,0
1789652684.6179237,35.1,6722050,421495,0,224,69,52,66164,500361,19178656,17787388,4561916,62600784,45236932,64771540,0,3540356,0,1,1,0,8831188,2513005446,2517841316,450,450,1140479,1561795,3127410,885089,49768928,49994,347876074,339549261,0
1789652684.8681989,35.35,6722426,421520,0,224,69,52,66164,500361,19178712,17787388,4561916,62600784,45236932,64771540,0,3532164,0,1,1,0,8831188,2513254714,2518090584,450,450,1140479,1561795,3127410,883041,49768928,49994,347876074,339549261,0
1789652685.118489,35.601,6722801,421545,0,224,69,52,66164,500361,19178781,17787388,4561916,62623728,45259876,64771540,0,3515780,0,1,1,0,8831188,2513504975,2518340845,450,450,1140479,1562368,3128557,878945,49768930,49994,347876074,339549261,0
1789652685.3687828,35.851,6723176,421570,0,224,69,52,66164,500361,19178839,17787388,4561916,62623432,45259580,64771540,0,3507588,0,1,1,0,8831188,2513755233,2518591103,450,450,1140479,1562361,3128542,876897,49768932,49994,347876074,339549261,0
1789652685.6190562,36.101,6723551,421595,0,224,69,52,66164,500361,19178912,17787396,4561384,62623496,45259580,64771540,0,3491204,0,1,1,0,8831191,2514004480,2518840355,450,450,1140346,1562362,3128545,872801,49768934,49994,347876078,339549849,0
1789652685.8693483,36.352,6723926,421620,0,224,69,52,66164,500361,19178963,17787396,4561384,62623496,45259580,64771540,0,3478916,0,1,1,0,8831192,2514253753,2519089628,450,450,1140346,1562362,3128545,869729,49768934,49994,347876078,339549849,0
1789652686.1196215,36.602,6724302,421645,0,224,69,52,66164,500361,19179022,17787396,4561384,62639896,45275980,64771540,0,3470724,0,1,1,0,8831192,2514504000,2519339876,450,450,1140346,1562772,3129365,867681,49768935,49994,347876078,339549849,0
1789652686.3698964,36.852,6724677,421670,0,224,69,52,66164,500361,19179083,17787396,4561384,62641856,45277940,64771540,0,3454340,0,1,1,0,8831192,2514753260,2519589135,450,450,1140346,1562821,3129463,863585,49768936,49994,347876078,339549849,0
1789652686.6201847,37.102,6725052,421695,0,224,69,52,66164,500362,19179183,17787396,4561388,62641568,45277652,64771540,0,3446148,0,1,1,0,8831193,2515002581,2519838456,450,450,1140347,1562813,3129448,861537,49768944,49994,347876078,339549849,0
1789652686.8705597,37.353,6725427,421721,0,224,69,52,66164,500362,19179243,17787396,4561388,62641568,45277652,64771540,0,3425636,0,1,1,0,8831193,2515251880,2520087756,450,450,1140347,1562813,3129448,856409,49768945,49994,347876078,339549849,0
1789652687.120876,37.603,6725802,421746,0,224,69,52,66164,500362,19179309,17787396,4561388,62650652,45286736,64771540,0,3417444,0,1,1,0,8831193,2515502176,2520338051,450,450,1140347,1563040,3129903,854361,49768947,49994,347876078,339549849,0
1789652687.3711994,37.853,6726178,421771,0,224,69,52,66165,500362,19179375,17787396,4561392,62658432,45294516,64771540,0,3401060,0,1,1,0,8831194,2515751467,2520587342,450,450,1140348,1563234,3130291,850265,49768947,49994,347876078,339549849,0
1789652687.6215029,38.104,6726553,421796,0,224,69,52,66165,500362,19179430,17787396,4561392,62658432,45294516,64771540,0,3392868,0,1,1,0,8831194,2516001727,2520837602,450,450,1140348,1563234,3130291,848217,49768949,49994,347876078,339549849,0
1789652687.8717985,38.354,6726928,421821,0,224,69,52,66165,500362,19179477,17787396,4561392,62658432,45294516,64771540,0,3380580,0,1,1,0,8831194,2516251990,2521087865,450,450,1140348,1563234,3130291,845145,49768950,49994,347876078,339549849,0
1789652688.1220787,38.604,6727303,421846,0,224,69,52,66165,500362,19179534,17787396,4561392,62674444,45310528,64771540,0,3372388,0,1,1,0,8831194,2516501262,2521337138,450,450,1140348,1563634,3131092,843097,49768951,49994,347876078,339549849,0
1789652688.3723922,38.855,6727679,421871,0,224,69,52,66165,500362,19179629,17787396,4561392,62674164,45310248,64771540,0,3356004,0,1,1,0,8831201,2516751527,2521587413,450,450,1140348,1563627,3131078,839001,49768951,49994,347876078,339549849,0
1789652688.6226761,39.105,6728054,421896,0,224,69,52,66165,500362,19179679,17787396,4561392,62674164,45310248,64771540,0,3347812,0,1,1,0,8831201,2517000794,2521836679,450,450,1140348,1563627,3131078,836953,49768951,49994,347876078,339549849,0
1789652688.8729587,39.355,6728429,421921,0,224,69,52,66165,500362,19179735,17787396,4561392,62674164,45310248,64771540,0,3327332,0,1,1,0,8831201,2517251048,2522086933,450,450,1140348,1563627,3131078,831833,49768953,49994,347876078,339549849,0
1789652689.1232467,39.605,6728804,421946,0,224,69,52,66165,500362,19179804,17787396,4561392,62680900,45316984,64771540,0,3319164,0,1,1,0,8831201,2517500350,2522336235,450,450,1140348,1563795,3131415,829791,49768954,49994,347876078,339549849,0
1789652689.373568,39.856,6729179,421971,0,224,69,52,66165,500362,19179867,17787396,4561392,62688192,45324276,64771540,0,3302756,0,1,1,0,8831201,2517749614,2522585500,450,450,1140348,1563977,3131779,825689,49768955,49994,347876078,339549849,0
1789652689.623848,40.106,6729555,421997,0,224,69,52,66165,500362,19179915,17787396,4561392,62688192,45324276,64771540,0,3294564,0,1,1,0,8831201,2517999868,2522835753,450,450,1140348,1563977,3131779,823641,49768955,49994,347876078,339549849,0
1789652689.8741243,40.356,6729930,422022,0,224,69,52,66165,500362,19179963,17787396,4561392,62688192,45324276,64771540,0,3286372,0,1,1,0,8831201,2518250116,2523086001,450,450,1140348,1563977,3131779,821593,49768956,49994,347876078,339549849,0
1789652690.1244166,40.607,6730305,422047,0,224,69,52,66165,500362,19180025,17787396,4561392,62701236,45337320,64771540,0,3274076,0,1,1,0,8831201,2518500376,2523336262,450,450,1140348,1564303,3132431,818519,49768956,49994,347876078,339549849,0
1789652690.3747096,40.857,6730680,422072,0,224,69,52,66165,500362,19180078,17787396,4561392,62700464,45336548,64771540,0,3257964,0,1,1,0,8831201,2518750631,2523586517,450,450,1140348,1564284,3132393,814491,49768958,49994,347876078,339549849,0
1789652690.6249945,41.107,6731056,422097,0,224,69,52,66165,500362,19180151,17787392,4560988,62700464,45336548,64771540,0,3249544,0,1,1,0,8831202,2518998913,2523834799,450,450,1140247,1564284,3132393,812386,49768959,49994,347876082,339550741,0
1789652690.875275,41.357,6731431,422122,0,224,69,52,66165,500362,19180216,17787392,4561024,62700212,45336296,64771540,0,3233556,0,1,1,0,8831202,2519248167,2524084053,450,450,1140256,1564277,3132380,808389,49768960,49994,347876082,339550789,0
1789652691.1255457,41.608,6731806,422147,0,224,69,52,66165,500362,19180280,17787392,4561024,62704024,45340108,64771540,0,3221424,0,1,1,0,8831202,2519497430,2524333315,450,450,1140256,1564373,3132571,805356,49768960,49994,347876082,339550789,0
1789652691.375832,41.858,6732181,422172,0,224,69,52,66165,500362,19180342,17787404,4560500,62711452,45347524,64771540,0,3212612,0,1,1,0,8831202,2519747682,2524583567,450,450,1140125,1564558,3132942,803153,49768961,49994,347876082,339550789,0
1789652691.6261106,42.108,6732556,422197,0,224,69,52,66165,500362,19180403,17787404,4560500,62711452,45347524,64771540,0,3196228,0,1,1,0,8831203,2519996939,2524832824,450,450,1140125,1564558,3132942,799057,49768962,49994,347876082,339550789,0
1789652691.8764117,42.359,6732932,422222,0,224,69,52,66165,500362,19180448,17787404,4560500,62711452,45347524,64771540,0,3188036,0,1,1,0,8831203,2520247194,2525083080,450,450,1140125,1564558,3132942,797009,49768964,49994,347876082,339550789,0
1789652692.1266813,42.609,6733307,422247,0,224,69,52,66165,500362,19180512,17787404,4560500,62715092,45351164,64771540,0,3168968,0,1,1,0,8831203,2520496467,2525332353,450,450,1140125,1564649,3133124,792013,49768964,49994,347876082,339550789,0
1789652692.3769758,42.859,6733682,422272,0,224,69,52,66165,500362,19180614,17787404,4560500,62724720,45360792,64771540,0,3159364,0,1,1,0,8831210,2520746704,2525582599,450,450,1140125,1564889,3133605,789841,49768965,49994,347876082,339550789,0
1789652692.627248,43.109,6734057,422298,0,224,69,52,66165,500362,19180667,17787404,4560500,62724720,45360792,64771540,0,3151172,0,1,1,0,8831210,2520995970,2525831865,450,450,1140125,1564889,3133605,787793,49768965,49994,347876082,339550789,0
1789652692.877538,43.36,6734432,422323,0,224,69,52,66165,500362,19180720,17787404,4560500,62724720,45360792,64771540,0,3134788,0,1,1,0,8831210,2521246222,2526082117,450,450,1140125,1564889,3133605,783697,49768968,49994,347876082,339550789,0
1789652693.1278193,43.61,6734802,422349,0,224,69,52,66166,500365,19181189,17788620,4562748,62728148,45362992,64771540,0,3118404,0,2,1,0,8831233,2521456019,2526291917,450,450,1140687,1564974,3133776,779601,49771999,50012,347877478,339550789,0
1789652693.378168,43.86,6735152,422390,0,224,69,52,66168,500373,19181779,17793576,4563124,62712908,45341360,64771540,0,3114308,0,2,1,0,8832108,2521660242,2526496187,450,450,1140781,1564592,3133010,778577,49775890,50042,347883826,339550789,0
1789652693.6284919,44.111,6735502,422429,0,224,69,52,66169,500382,19182359,17797676,4563124,62700832,45324504,64771540,0,3097924,0,1,2,0,8832941,2521857736,2526693908,450,450,1140781,1564283,3132390,774481,49779288,50058,347888158,339550789,0
1789652693.8788037,44.361,6735867,422456,0,224,69,52,66172,500387,19183086,17797896,4563956,62695316,45318588,64771540,0,3089732,0,1,1,0,8832990,2522042347,2526878588,450,450,1140989,1564142,3132108,772433,49784595,50060,347888466,339550793,0
1789652694.1291735,44.611,6736242,422481,0,224,69,52,66172,500387,19183159,17798048,4563956,62703440,45326548,64771540,0,3073348,0,1,1,0,8832997,2522291629,2527127906,450,450,1140989,1564344,3132514,768337,49784597,50060,347888466,339550793,0
1789652694.3795044,44.862,6736617,422506,0,224,69,52,66172,500387,19183225,17798048,4563956,62703188,45326296,64771540,0,3061200,0,1,1,0,8832997,2522541896,2527378173,450,450,1140989,1564338,3132501,765300,49784598,50060,347888466,339550793,0
1789652694.6297903,45.112,6736992,422532,0,224,69,52,66172,500387,19183283,17798048,4563956,62703188,45326296,64771540,0,3044832,0,1,1,0,8832997,2522791163,2527627441,450,450,1140989,1564338,3132501,761208,49784598,50060,347888466,339550793,0
1789652694.880085,45.362,6737368,422557,0,224,69,52,66172,500387,19183330,17798048,4563956,62703188,45326296,64771540,0,3036556,0,1,1,0,8832997,2523041422,2527877699,450,450,1140989,1564338,3132501,759139,49784599,50060,347888466,339550793,0
1789652695.1303816,45.613,6737743,422582,0,224,69,52,66172,500387,19183401,17798048,4563956,62714728,45337836,64771540,0,3020092,0,1,1,0,8833003,2523290759,2528127043,450,450,1140989,1564626,3133078,755023,49784599,50060,347888466,339550793,0
1789652695.3806722,45.863,6738118,422607,0,224,69,52,66172,500387,19183454,17798048,4563956,62714452,45337560,64771540,0,3011900,0,1,1,0,8833003,2523541022,2528377306,450,450,1140989,1564619,3133064,752975,49784602,50060,347888466,339550793,0
1789652695.630956,46.113,6738493,422632,0,224,69,52,66172,500387,19183531,17798048,4563956,62714452,45337560,64771540,0,2999588,0,1,1,0,8833003,2523790286,2528626570,450,450,1140989,1564619,3133064,749897,49784602,50060,347888466,339550793,0
1789652695.8812408,46.363,6738869,422657,0,224,69,52,66172,500387,19183577,17798048,4563956,62714452,45337560,64771540,0,2991728,0,1,1,0,8833003,2524040553,2528876838,450,450,1140989,1564619,3133064,747932,49784603,50060,347888466,339550793,0
1789652696.131533,46.614,6739244,422682,0,224,69,52,66172,500387,19183630,17798048,4563972,62715272,45338380,64771540,0,2975512,0,1,1,0,8833003,2524290809,2529127094,450,450,1140993,1564640,3133105,743878,49784603,50060,347888466,339550845,0
1789652696.3818135,46.864,6739614,422707,0,224,69,53,66177,500387,19183891,17798112,3612352,62728172,45351184,64771540,0,3918440,0,1,1,0,8833619,2524502188,2529338483,450,450,903088,1564962,3133750,979610,49784604,50060,347888470,340502465,0
1789652696.6321185,47.114,6739989,422732,0,224,69,53,66177,500388,19183968,17798112,3612352,62727892,45350904,64771540,0,3906152,0,1,1,0,8833620,2524750525,2529586819,450,450,903088,1564955,3133736,976538,49784607,50060,347888470,340502465,0
1789652696.8824866,47.365,6740365,422757,0,224,69,53,66177,500388,19184028,17798112,3612352,62727892,45350904,64771540,0,3889768,0,1,1,0,8833620,2524998842,2529835137,450,450,903088,1564955,3133736,972442,49784609,50060,347888470,340502465,0
1789652697.1328063,47.615,6740740,422782,0,224,69,53,66177,500388,19184102,17798112,3612352,62735956,45358968,64771540,0,3881576,0,1,1,0,8833620,2525249136,2530085430,450,450,903088,1565156,3134139,970394,49784611,50060,347888470,340502465,0
1789652697.3831213,47.865,6741115,422807,0,224,69,53,66177,500388,19184174,17798112,3612352,62741924,45364936,64771540,0,3865192,0,1,1,0,8833620,2525499429,2530335724,450,450,903088,1565305,3134438,966298,49784611,50060,347888470,340502465,0
1789652697.6334362,48.116,6741490,422832,0,224,69,53,66177,500388,19184223,17798112,3612352,62741664,45364676,64771540,0,3852904,0,1,1,0,8833620,2525749690,2530585984,450,450,903088,1565299,3134425,963226,49784612,50060,347888470,340502465,0
1789652697.8837268,48.366,6741866,422858,0,224,69,53,66177,500388,19184276,17798112,3612352,62741664,45364676,64771540,0,3844840,0,1,1,0,8833620,2525998957,2530835252,450,450,903088,1565299,3134425,961210,49784613,50060,347888470,340502465,0
1789652698.1340158,48.616,6742241,422883,0,224,69,53,66177,500388,19184331,17798112,3612352,62746832,45369844,64771540,0,3828328,0,1,1,0,8833620,2526249216,2531085511,450,450,903088,1565428,3134683,957082,49784615,50060,347888470,340502465,0
1789652698.3842945,48.867,6742616,422908,0,224,69,53,66177,500388,19184397,17798112,3612352,62747068,45370080,64771540,0,3820136,0,1,1,0,8833620,2526498477,2531334772,450,450,903088,1565433,3134695,955034,49784615,50060,347888470,340502465,0
1789652698.634576,49.117,6742991,422933,0,224,69,53,66177,500388,19184444,17798112,3612352,62747068,45370080,64771540,0,3803752,0,1,1,0,8833620,2526748727,2531585022,450,450,903088,1565433,3134695,950938,49784617,50060,347888470,340502465,0
1789652698.884857,49.367,6743367,422958,0,224,69,53,66177,500388,19184491,17798112,3612352,62747068,45370080,64771540,0,3799648,0,1,1,0,8833620,2526998980,2531835275,450,450,903088,1565433,3134695,949912,49784617,50060,347888470,340502465,0
1789652699.135134,49.617,6743742,422983,0,224,69,53,66177,500388,19184546,17798112,3612352,62746816,45369828,64771540,0,3783264,0,1,2,0,8833620,2527249249,2532085544,450,450,903088,1565427,3134682,945816,49784619,50060,347888470,340502465,0
1789652699.3854432,49.868,6744117,423008,0,224,69,53,66177,500388,19184608,17798112,3612352,62750448,45373460,64771540,0,3766880,0,1,1,0,8833620,2527498519,2532334814,450,450,903088,1565518,3134864,941720,49784620,50060,347888470,340502465,0
1789652699.6357212,50.118,6744492,423033,0,224,69,53,66177,500388,19184660,17798112,3612352,62750448,45373460,64771540,0,3758688,0,1,1,0,8833620,2527748765,2532585060,450,450,903088,1565518,3134864,939672,49784621,50060,347888470,340502465,0
1789652699.8859956,50.368,6744867,423058,0,224,69,53,66177,500388,19184712,17798112,3612352,62750448,45373460,64771540,0,3746376,0,1,1,0,8833620,2527999012,2532835306,450,450,903088,1565518,3134864,936594,49784621,50060,347888470,340502465,0
1789652700.1362698,50.618,6745243,423083,0,224,69,53,66177,500388,19184771,17798112,3612352,62750448,45373460,64771540,0,3730332,0,1,1,0,8833621,2528248268,2533084563,450,450,903088,1565518,3134864,932583,49784622,50060,347888470,340502465,0
1789652700.386546,50.869,6745618,423108,0,224,69,53,66177,500388,19184870,17798112,3612352,62760680,45383692,64771540,0,3721800,0,1,1,0,8833628,2528498513,2533334817,450,450,903088,1565773,3135375,930450,49784623,50060,347888470,340502465,0
1789652700.6368506,51.119,6745993,423133,0,224,69,53,66177,500388,19184925,17798112,3612352,62760936,45383948,64771540,0,3705416,0,1,1,0,8833628,2528747782,2533584086,450,450,903088,1565780,3135388,926354,49784625,50060,347888470,340502465,0
1789652700.8871233,51.369,6746368,423158,0,224,69,53,66177,500388,19184982,17798112,3612352,62760936,45383948,64771540,0,3693252,0,1,1,0,8833628,2528998027,2533834331,450,450,903088,1565780,3135388,923313,49784625,50060,347888470,340502465,0
1789652701.137415,51.62,6746743,423184,0,224,69,53,66178,500388,19185056,17798112,3612352,62763516,45386528,64771540,0,3684936,0,1,1,0,8833628,2529247278,2534083583,450,450,903088,1565844,3135517,921234,49784626,50060,347888470,340502465,0
1789652701.3877077,51.87,6747104,423209,0,224,69,53,66191,500388,19185270,17798036,863904,62759196,45382196,64771540,0,6417544,0,1,2,0,8834327,2529407116,2534243691,450,450,215375,1565736,3135301,1604987,49785253,50060,347888498,343252073,0
1789652701.6380968,52.12,6747475,423234,0,224,69,53,66195,500388,19185344,17798356,4184,62758940,45381524,64771540,0,7269072,0,1,1,0,8834334,2529622125,2534458725,450,450,1046,1565730,3135288,1817268,49785255,50060,347888498,344111225,0
1789652701.8884351,52.371,6747851,423259,0,224,69,53,66195,500388,19185397,17798356,4184,62758940,45381524,64771540,0,7252688,0,1,1,0,8834334,2529871407,2534708008,450,450,1046,1565730,3135288,1813172,49785256,50060,347888498,344111225,0
1789652702.1387239,52.621,6748226,423284,0,224,69,53,66195,500388,19185455,17798356,4184,62763432,45386016,64771540,0,7248392,0,1,1,0,8834334,2530121663,2534958263,450,450,1046,1565842,3135513,1812098,49785257,50060,347888498,344111225,0
1789652702.3890078,52.871,6748601,423309,0,224,69,53,66195,500388,19185510,17798356,4184,62763432,45386016,64771540,0,7232008,0,1,1,0,8834334,2530371918,2535208518,450,450,1046,1565842,3135513,1808002,49785257,50060,347888498,344111225,0
1789652702.6392932,53.122,6748976,423334,0,224,69,53,66195,500388,19185565,17798356,4184,62763432,45386016,64771540,0,7215624,0,1,1,0,8834334,2530620209,2535456810,450,450,1046,1565842,3135513,1803906,49785258,50060,347888498,344111225,0
1789652702.8895934,53.372,6749352,423359,0,224,69,53,66195,500388,19185616,17798356,4184,62763432,45386016,64771540,0,7207432,0,1,1,0,8834334,2530870473,2535707074,450,450,1046,1565842,3135513,1801858,49785258,50060,347888498,344111225,0
1789652703.1398847,53.622,6749727,423385,0,224,69,53,66196,500388,19185675,17798356,4184,62764400,45386984,64771540,0,7195144,0,1,1,0,8834334,2531119738,2535956339,450,450,1046,1565866,3135561,1798786,49785261,50060,347888498,344111225,0
1789652703.3901641,53.872,6750102,423410,0,224,69,53,66196,500388,19185739,17798356,4184,62766464,45389048,64771540,0,7186952,0,1,1,0,8834334,2531370004,2536206604,450,450,1046,1565918,3135664,1796738,49785261,50060,347888498,344111225,0
1789652703.6404555,54.123,6750477,423435,0,224,69,53,66196,500388,19185800,17798356,4184,62766464,45389048,64771540,0,7170568,0,1,1,0,8834335,2531619262,2536455863,450,450,1046,1565918,3135664,1792642,49785262,50060,347888498,344111225,0
1789652703.8907332,54.373,6750852,423460,0,224,69,53,66196,500388,19185850,17798356,4184,62766464,45389048,64771540,0,7162376,0,1,1,0,8834335,2531869510,2536706110,450,450,1046,1565918,3135664,1790594,49785262,50060,347888498,344111225,0
1789652704.1410112,54.623,6751228,423485,0,224,69,53,66196,500388,19185903,17798356,4184,62766464,45389048,64771540,0,7145992,0,1,1,0,8834335,2532118775,2536955376,450,450,1046,1565918,3135664,1786498,49785263,50060,347888498,344111225,0
1789652704.3912947,54.874,6751603,423510,0,224,69,53,66196,500388,19186010,17798356,4184,62774352,45396936,64771540,0,7133680,0,1,1,0,8834342,2532369014,2537205627,450,450,1046,1566115,3136059,1783420,49785264,50060,347888498,344111225,0
1789652704.6415823,55.124,6751978,423535,0,224,69,53,66196,500388,19186066,17798356,4184,62774352,45396936,64771540,0,7117564,0,1,1,0,8834342,2532618284,2537454896,450,450,1046,1566115,3136059,1779391,49785266,50060,347888498,344111225,0
1789652704.891867,55.374,6752353,423560,0,224,69,53,66196,500388,19186126,17798356,4184,62774352,45396936,64771540,0,7109276,0,1,1,0,8834342,2532867543,2537704156,450,450,1046,1566115,3136059,1777319,49785266,50060,347888498,344111225,0
1789652705.1421385,55.624,6752728,423585,0,224,69,53,66196,500388,19186187,17798356,4184,62774352,45396936,64771540,0,7092844,0,1,1,0,8834343,2533116850,2537953463,450,450,1046,1566115,3136059,1773211,49785266,50060,347888498,344111225,0
1789652705.3924346,55.875,6753104,423610,0,224,69,53,66196,500388,19186242,17798356,4184,62775908,45398492,64771540,0,7088624,0,1,1,0,8834343,2533367098,2538203711,450,450,1046,1566153,3136136,1772156,49785267,50060,347888498,344111225,0
1789652705.6427155,56.125,6753479,423636,0,224,69,53,66196,500388,19186295,17798356,4184,62776160,45398744,64771540,0,7072240,0,1,1,0,8834343,2533616366,2538452979,450,450,1046,1566160,3136149,1768060,49785268,50060,347888498,344111225,0
1789652705.8930123,56.375,6753854,423661,0,224,69,53,66196,500388,19186348,17798356,4184,62775900,45398484,64771540,0,7064048,0,1,1,0,8834343,2533866628,2538703241,450,450,1046,1566153,3136136,1766012,49785270,50060,347888498,344111225,0
1789652706.143287,56.625,6754229,423686,0,224,69,53,66196,500388,19186404,17798356,4184,62777532,45400116,64771540,0,7047664,0,1,1,0,8834343,2534116875,2538953488,450,450,1046,1566194,3136218,1761916,49785270,50060,347888498,344111225,0
1789652706.3935645,56.876,6754604,423711,0,224,69,53,66196,500388,19186473,17798356,4456,62782924,45405508,64771540,0,7035376,0,1,1,0,8834343,2534367124,2539203737,450,450,1114,1566329,3136487,1758844,49785271,50060,347888498,344111561,0
1789652706.6438365,57.126,6754979,423736,0,224,69,53,66196,500388,19186570,17798356,4456,62782924,45405508,64771540,0,7019184,0,1,1,0,8834343,2534616378,2539452991,450,450,1114,1566329,3136487,1754796,49785272,50060,347888498,344111561,0
1789652706.8941267,57.376,6755354,423761,0,224,69,53,66196,500388,19186629,17798356,4456,62782664,45405248,64771540,0,7010800,0,1,1,0,8834343,2534865675,2539702288,450,450,1114,1566322,3136474,1752700,49785274,50060,347888498,344111561,0
1789652707.144449,57.627,6755730,423786,0,224,69,53,66196,500388,19186694,17798356,4456,62782908,45405492,64771540,0,6994544,0,1,1,0,8834344,2535114942,2539951555,450,450,1114,1566328,3136486,1748636,49785275,50060,347888498,344111561,0
1789652707.3947284,57.877,6756105,423811,0,224,69,53,66196,500388,19186749,17798356,4456,62783928,45406512,64771540,0,6986224,0,1,1,0,8834344,2535365200,2540201813,450,450,1114,1566354,3136537,1746556,49785276,50060,347888498,344111561,0
1789652707.645012,58.127,6756480,423836,0,224,69,53,66196,500389,19186810,17798356,4456,62783928,45406512,64771540,0,6973920,0,1,1,0,8834344,2535615445,2540452058,450,450,1114,1566354,3136537,1743480,49785276,50060,347888498,344111561,0
1789652707.8952904,58.378,6756855,423861,0,224,69,53,66196,500389,19186871,17798356,4456,62783928,45406512,64771540,0,6965728,0,1,1,0,8834344,2535864713,2540701326,450,450,1114,1566354,3136537,1741432,49785278,50060,347888498,344111561,0
1789652708.145583,58.628,6757230,423886,0,224,69,53,66196,500389,19186930,17798356,4456,62788784,45411368,64771540,0,6949572,0,1,1,0,8834344,2536113973,2540950586,450,450,1114,1566475,3136780,1737393,49785280,50060,347888498,344111561,0
1789652708.3958623,58.878,6757606,423911,0,224,69,53,66196,500389,19187030,17798356,4456,62791064,45413648,64771540,0,6941152,0,1,1,0,8834351,2536364216,2541200838,450,450,1114,1566532,3136894,1735288,49785281,50060,347888498,344111561,0
1789652708.646143,59.128,6757981,423937,0,224,69,53,66196,500389,19187089,17798356,4456,62791064,45413648,64771540,0,6920692,0,1,1,0,8834351,2536613487,2541450110,450,450,1114,1566532,3136894,1730173,49785281,50060,347888498,344111561,0
1789652708.8964317,59.379,6758356,423962,0,224,69,53,66196,500389,19187141,17798356,4456,62791064,45413648,64771540,0,6912592,0,1,1,0,8834351,2536862749,2541699372,450,450,1114,1566532,3136894,1728148,49785282,50060,347888498,344111561,0
1789652709.1467211,59.629,6758731,423987,0,224,69,53,66196,500389,19187243,17798356,4456,62795604,45418184,64771540,0,6896420,0,1,1,0,8834355,2537112970,2541949645,450,450,1114,1566645,3137121,1724105,49785282,50060,347888498,344111561,0
1789652709.397025,59.879,6759106,424012,0,224,69,53,66196,500389,19187300,17798356,4456,62795752,45418332,64771540,0,6887888,0,1,1,0,8834355,2537363232,2542199907,450,450,1114,1566649,3137128,1721972,49785284,50060,347888498,344111561,0
1789652709.6473107,60.13,6759482,424037,0,224,69,53,66196,500389,19187354,17798356,4456,62795752,45418332,64771540,0,6875600,0,1,1,0,8834355,2537613491,2542450166,450,450,1114,1566649,3137128,1718900,49785285,50060,347888498,344111561,0
1789652709.8975902,60.38,6759857,424062,0,224,69,53,66196,500389,19187405,17798356,4456,62795752,45418332,64771540,0,6867408,0,1,1,0,8834355,2537862759,2542699433,450,450,1114,1566649,3137128,1716852,49785286,50060,347888498,344111561,0
1789652710.1478786,60.63,6760232,424087,0,224,69,53,66196,500389,19187464,17798356,4456,62795752,45418332,64771540,0,6851024,0,1,1,0,8834355,2538112016,2542948691,450,450,1114,1566649,3137128,1712756,49785286,50060,347888498,344111561,0
1789652710.3981535,60.88,6760607,424112,0,224,69,53,66196,500389,19187520,17798356,4456,62795752,45418332,64771540,0,6842832,0,1,1,0,8834355,2538362283,2543198958,450,450,1114,1566649,3137128,1710708,49785287,50060,347888498,344111561,0
1789652710.6484485,61.131,6760983,424137,0,224,69,53,66196,500389,19187577,17798356,4456,62795752,45418332,64771540,0,6826448,0,1,1,0,8834355,2538612530,2543449204,450,450,1114,1566649,3137128,1706612,49785288,50060,347888498,344111561,0
1789652710.8987267,61.381,6761358,424162,0,224,69,53,66196,500389,19187626,17798356,4456,62795752,45418332,64771540,0,6814152,0,1,1,0,8834355,2538862786,2543699461,450,450,1114,1566649,3137128,1703538,49785289,50060,347888498,344111561,0
1789652711.1489992,61.631,6761733,424187,0,224,69,53,66196,500389,19187679,17798356,4376,62795792,45418332,64771540,0,6806012,0,1,1,0,8834355,2539113031,2543949706,450,450,1094,1566650,3137130,1701503,49785290,50060,347888498,344111613,0
1789652711.3992712,61.881,6762108,424212,0,224,69,53,66196,500389,19187764,17798344,4376,62799520,45422060,64771540,0,6789576,0,1,1,0,8834356,2539362289,2544198963,450,450,1094,1566743,3137317,1697394,49785290,50060,347888498,344111653,0
1789652711.6495483,62.132,6762483,424238,0,224,69,53,66196,500389,19187835,17798336,4376,62799520,45422060,64771540,0,6781384,0,1,1,0,8834356,2539610573,2544447248,450,450,1094,1566743,3137317,1695346,49785292,50060,347888498,344111733,0
1789652711.8998234,62.382,6762858,424263,0,224,69,53,66196,500389,19187939,17798604,4864,62799176,45421452,64771540,0,6764284,0,1,1,0,8834367,2539859461,2544696146,450,450,1216,1566734,3137300,1691071,49785301,50060,347888498,344111733,0
1789652712.1501074,62.632,6763234,424288,0,224,69,53,66196,500389,19188068,17798604,4864,62799176,45421452,64771540,0,6752688,0,1,1,0,8834435,2540109643,2544946401,450,450,1216,1566734,3137300,1688172,49785303,50060,347888498,344111733,0
1789652712.4004042,62.883,6763608,424314,0,224,69,53,66196,500389,19188221,17798632,4940,62800568,45422672,64771540,0,6744348,0,1,1,0,8834442,2540350593,2545187359,450,450,1235,1566769,3137369,1686087,49785303,50060,347888682,344111733,0
1789652712.650701,63.133,6763983,424339,0,224,69,53,66196,500389,19188270,17798632,4940,62800568,45422672,64771540,0,6727964,0,1,1,0,8834442,2540600847,2545437613,450,450,1235,1566769,3137369,1681991,49785304,50060,347888682,344111733,0
1789652712.900975,63.383,6764358,424364,0,224,69,53,66196,500389,19188321,17798632,4940,62800568,45422672,64771540,0,6719772,0,1,1,0,8834446,2540850049,2545686868,450,450,1235,1566769,3137369,1679943,49785304,50060,347888682,344111733,0
1789652713.151266,63.633,6764733,424389,0,224,69,53,66196,500389,19188381,17798632,4940,62803556,45425660,64771540,0,6706580,0,1,1,0,8834450,2541100307,2545937132,450,450,1235,1566844,3137519,1676645,49785306,50060,347888682,344111733,0
1789652713.4015493,63.884,6765109,424414,0,224,69,53,66196,500389,19188442,17798632,4940,62803564,45425668,64771540,0,6694276,0,1,1,0,8834450,2541350559,2546187385,450,450,1235,1566844,3137519,1673569,49785307,50060,347888682,344111733,0
1789652713.6518252,64.134,6765484,424439,0,224,69,53,66196,500389,19188501,17798632,4940,62803564,45425668,64771540,0,6686084,0,1,1,0,8834454,2541599813,2546436646,450,450,1235,1566844,3137519,1671521,49785308,50060,347888682,344111733,0
1789652713.9021027,64.384,6765859,424464,0,224,69,53,66196,500389,19188548,17798632,4940,62803564,45425668,64771540,0,6669772,0,1,1,0,8834454,2541850059,2546686891,450,450,1235,1566844,3137519,1667443,49785308,50060,347888682,344111733,0
1789652714.152389,64.635,6766234,424489,0,224,69,53,66196,500389,19188620,17798632,4940,62803564,45425668,64771540,0,6652396,0,1,1,0,8834455,2542098348,2546935180,450,450,1235,1566844,3137519,1663099,49785309,50060,347888682,344111733,0
1789652714.4026642,64.885,6766609,424514,0,224,69,53,66196,500389,19188678,17798632,4940,62803564,45425668,64771540,0,6644204,0,1,1,0,8834455,2542348603,2547185435,450,450,1235,1566844,3137519,1661051,49785310,50060,347888682,344111733,0
1789652714.6529443,65.135,6766984,424540,0,224,69,53,66197,500389,19188750,17798632,4940,62806508,45428612,64771540,0,6627820,0,1,1,0,8834455,2542597859,2547434691,450,450,1235,1566917,3137666,1656955,49785311,50060,347888682,344111733,0
1789652714.9032266,65.385,6767360,424565,0,224,69,53,66197,500389,19188797,17798632,4940,62806508,45428612,64771540,0,6619628,0,1,1,0,8834455,2542848123,2547684955,450,450,1235,1566917,3137666,1654907,49785312,50060,347888682,344111733,0
1789652715.1535106,65.636,6767735,424590,0,224,69,53,66197,500389,19188850,17798632,4940,62806508,45428612,64771540,0,6606452,0,1,1,0,8834455,2543098378,2547935210,450,450,1235,1566917,3137666,1651613,49785313,50060,347888682,344111733,0
1789652715.4037921,65.886,6768110,424615,0,224,69,53,66197,500389,19188908,17798632,4940,62806508,45428612,64771540,0,6594196,0,1,1,0,8834455,2543348624,2548185457,450,450,1235,1566917,3137666,1648549,49785313,50060,347888682,344111733,0
1789652715.6540616,66.136,6768485,424640,0,224,69,53,66197,500389,19188965,17798632,4940,62806508,45428612,64771540,0,6586032,0,1,1,0,8834455,2543598873,2548435705,450,450,1235,1566917,3137666,1646508,49785313,50060,347888682,344111733,0
1789652715.904355,66.387,6768861,424665,0,224,69,53,66197,500389,19189016,17798632,4940,62806508,45428612,64771540,0,6569672,0,1,1,0,8834455,2543848143,2548684975,450,450,1235,1566917,3137666,1642418,49785315,50060,347888682,344111733,0
1789652716.154631,66.637,6769236,424690,0,224,69,53,66197,500389,19189073,17798632,4928,62806768,45428864,64771540,0,6561376,0,1,1,0,8834455,2544097415,2548934247,450,450,1232,1566924,3137679,1640344,49785317,50060,347888682,344111745,0
1789652716.40492,66.887,6769611,424715,0,224,69,53,66197,500389,19189176,17798632,4928,62810632,45432728,64771540,0,6552264,0,1,1,0,8834462,2544346676,2549183517,450,450,1232,1567020,3137872,1638066,49785318,50060,347888682,344111745,0
1789652716.6552186,67.137,6769986,424740,0,224,69,53,66197,500390,19189271,17798620,4928,62810632,45432728,64771540,0,6535880,0,1,1,0,8834462,2544595957,2549432798,450,450,1232,1567020,3137872,1633970,49785324,50060,347888682,344111869,0
1789652716.9055274,67.388,6770361,424765,0,224,69,53,66197,500390,19189325,17798620,4928,62810632,45432728,64771540,0,6528036,0,1,1,0,8834462,2544846247,2549683088,450,450,1232,1567020,3137872,1632009,49785326,50060,347888682,344111869,0
1789652717.1558425,67.638,6770736,424790,0,224,69,53,66197,500390,19189390,17798620,4928,62810632,45432728,64771540,0,6511344,0,1,1,0,8834462,2545095511,2549932352,450,450,1232,1567020,3137872,1627836,49785327,50060,347888682,344111869,0
1789652717.406131,67.888,6771112,424815,0,224,69,53,66197,500390,19189455,17798632,4976,62810612,45432708,64771540,0,6502180,0,1,1,0,8834462,2545345781,2550182622,450,450,1244,1567020,3137871,1625545,49785329,50060,347888682,344111869,0
1789652717.6564293,68.139,6771487,424840,0,224,69,53,66197,500390,19189509,17798632,4976,62810612,45432708,64771540,0,6485972,0,1,1,0,8834462,2545596040,2550432881,450,450,1244,1567020,3137871,1621493,49785329,50060,347888682,344111869,0
1789652717.9067204,68.389,6771862,424865,0,224,69,53,66197,500390,19189550,17798632,4976,62810612,45432708,64771540,0,6477744,0,1,1,0,8834462,2545846295,2550683136,450,450,1244,1567020,3137871,1619436,49785330,50060,347888682,344111869,0
1789652718.1569986,68.639,6772237,424891,0,224,69,53,66197,500390,19189609,17798632,4976,62810620,45432716,64771540,0,6461220,0,1,1,0,8834462,2546096549,2550933390,450,450,1244,1567020,3137872,1615305,49785330,50060,347888682,344111869,0
1789652718.407289,68.89,6772613,424916,0,224,69,53,66197,500390,19189662,17798632,4976,62810620,45432716,64771540,0,6452108,0,1,1,0,8834462,2546346812,2551183653,450,450,1244,1567020,3137872,1613027,49785333,50060,347888682,344111869,0
1789652718.657569,69.14,6772988,424941,0,224,69,53,66197,500390,19189711,17798632,4976,62810620,45432716,64771540,0,6435724,0,1,1,0,8834462,2546597062,2551433903,450,450,1244,1567020,3137872,1608931,49785333,50060,347888682,344111869,0
1789652718.9078465,69.39,6773363,424966,0,224,69,53,66197,500390,19189766,17798632,4976,62810620,45432716,64771540,0,6427812,0,1,1,0,8834462,2546846318,2551683159,450,450,1244,1567020,3137872,1606953,49785334,50060,347888682,344111869,0
1789652719.158119,69.64,6773738,424991,0,224,69,53,66197,500390,19189823,17798632,4976,62810620,45432716,64771540,0,6411204,0,1,1,0,8834462,2547096568,2551933408,450,450,1244,1567020,3137872,1602801,49785335,50060,347888682,344111869,0
1789652719.408415,69.891,6774114,425016,0,224,69,53,66197,500390,19189896,17798632,4980,62812924,45435020,64771540,0,6402036,0,1,1,0,8834467,2547345829,2552182670,450,450,1245,1567077,3137987,1600509,49785336,50060,347888682,344111869,0
1789652719.6587057,70.141,6774489,425041,0,224,69,53,66198,500390,19189953,17798632,4980,62812924,45435020,64771540,0,6385652,0,1,1,0,8834467,2547596085,2552432926,450,450,1245,1567077,3137987,1596413,49785338,50060,347888682,344111869,0
1789652719.908979,70.391,6774864,425066,0,224,69,53,66198,500390,19189994,17798632,4980,62812924,45435020,64771540,0,6377460,0,1,1,0,8834467,2547846338,2552683179,450,450,1245,1567077,3137987,1594365,49785339,50060,347888682,344111869,0
1789652720.1592681,70.641,6775239,425091,0,224,69,53,66198,500390,19190052,17798632,4980,62812924,45435020,64771540,0,6361468,0,1,1,0,8834467,2548094620,2552931461,450,450,1245,1567077,3137987,1590367,49785339,50060,347888682,344111869,0
1789652720.4095545,70.892,6775614,425116,0,224,69,53,66198,500390,19190197,17798632,4980,62816080,45438176,64771540,0,6351964,0,1,1,0,8834475,2548344894,2553181745,450,450,1245,1567156,3138145,1587991,49785346,50060,347888682,344111869,0
1789652720.659866,71.142,6775990,425141,0,224,69,53,66198,500390,19190251,17798632,4980,62816080,45438176,64771540,0,6343772,0,1,1,0,8834475,2548594164,2553431016,450,450,1245,1567156,3138145,1585943,49785346,50060,347888682,344111869,0
1789652720.9101567,71.392,6776365,425166,0,224,69,53,66198,500390,19190298,17798632,4980,62816080,45438176,64771540,0,6327388,0,1,1,0,8834475,2548844439,2553681291,450,450,1245,1567156,3138145,1581847,49785347,50060,347888682,344111869,0
1789652721.1604643,71.643,6776740,425191,0,224,69,53,66198,500390,19190358,17798632,4980,62817824,45439920,64771540,0,6319196,0,1,1,0,8834475,2549094698,2553931550,450,450,1245,1567200,3138232,1579799,49785349,50060,347888682,344111869,0
1789652721.41074,71.893,6777115,425216,0,224,69,53,66198,500390,19190423,17798632,4980,62818144,45440240,64771540,0,6302148,0,1,1,0,8834475,2549344957,2554181809,450,450,1245,1567208,3138248,1575537,49785349,50060,347888682,344111869,0
1789652721.661025,72.143,6777491,425241,0,224,69,53,66198,500390,19190478,17798632,4980,62818144,45440240,64771540,0,6293760,0,1,1,0,8834475,2549595202,2554432054,450,450,1245,1567208,3138248,1573440,49785350,50060,347888682,344111869,0
1789652721.9112952,72.394,6777866,425266,0,224,69,53,66198,500390,19190540,17798632,4596,62817892,45439988,64771540,0,6277508,0,1,1,0,8834476,2549844454,2554681306,450,450,1149,1567201,3138235,1569377,49785350,50060,347888682,344112437,0
1789652722.1615705,72.644,6778241,425292,0,224,69,53,66198,500390,19190601,17798632,4448,62820804,45442900,64771540,0,6269124,0,1,1,0,8834476,2550093707,2554930559,450,450,1112,1567274,3138381,1567281,49785352,50060,347888682,344112437,0
1789652722.4118493,72.894,6778616,425317,0,224,69,53,66198,500390,19190662,17798632,4448,62820804,45442900,64771540,0,6251820,0,1,1,0,8834476,2550342966,2555179818,450,450,1112,1567274,3138381,1562955,49785353,50060,347888682,344112437,0
1789652722.6621263,73.144,6778991,425342,0,224,69,53,66198,500390,19190713,17798632,4448,62820804,45442900,64771540,0,6243628,0,1,1,0,8834476,2550593222,2555430074,450,450,1112,1567274,3138381,1560907,49785354,50060,347888682,344112437,0
1789652722.9124324,73.395,6779366,425367,0,224,69,53,66198,500390,19190782,17798632,4448,62820804,45442900,64771540,0,6227244,0,1,1,0,8834480,2550842479,2555679338,450,450,1112,1567274,3138381,1556811,49785354,50060,347888682,344112437,0
1789652723.162714,73.645,6779742,425392,0,224,69,53,66198,500390,19190834,17798632,4448,62820804,45442900,64771540,0,6219200,0,1,1,0,8834480,2551092730,2555929589,450,450,1112,1567274,3138381,1554800,49785355,50060,347888682,344112437,0
1789652723.4129908,73.895,6780117,425417,0,224,69,53,66198,500390,19190891,17798632,4448,62820812,45442908,64771540,0,6205844,0,1,1,0,8834480,2551342982,2556179841,450,450,1112,1567274,3138381,1551461,49785356,50060,347888682,344112437,0
1789652723.6632764,74.145,6780492,425442,0,224,69,53,66198,500390,19190950,17798632,4448,62820812,45442908,64771540,0,6193556,0,1,1,0,8834480,2551592251,2556429110,450,450,1112,1567274,3138381,1548389,49785358,50060,347888682,344112437,0
1789652723.9135556,74.396,6780866,425468,0,224,69,53,66198,500390,19191123,17798632,828,62822216,45444252,64771540,0,6185688,0,1,1,0,8834500,2551830723,2556667619,450,450,207,1567309,3138451,1546422,49785358,50060,347888682,344116057,0
1789652724.1638315,74.646,6781241,425494,0,224,69,53,66198,500390,19191182,17798632,828,62822216,45444252,64771540,0,6169428,0,1,1,0,8834500,2552079984,2556916881,450,450,207,1567309,3138451,1542357,49785359,50060,347888682,344116057,0
1789652724.4141128,74.896,6781617,425519,0,224,69,53,66198,500390,19191292,17798632,828,62822728,45444764,64771540,0,6155772,0,1,1,0,8834507,2552330228,2557167134,450,450,207,1567322,3138477,1538943,49785359,50060,347888682,344116057,0
1789652724.6644163,75.147,6781990,425544,0,224,69,53,66198,500391,19191383,17798632,828,62821972,45444008,64771540,0,6143484,0,1,1,0,8834510,2552564564,2557401470,450,450,207,1567303,3138439,1535871,49786068,50060,347888682,344116057,0
1789652724.9147289,75.397,6782358,425569,0,224,69,53,66202,500394,19192424,17799032,4436,62814648,45436268,64771540,0,6135292,0,1,1,0,8834802,2552763481,2557604071,450,450,1109,1567120,3138073,1533823,49793308,50071,347889382,344116057,0
1789652725.1650786,75.647,6782733,425594,0,224,69,53,66202,500395,19192490,17799032,4436,62817324,45438944,64771540,0,6118908,0,1,1,0,8834808,2553013742,2557854355,450,450,1109,1567187,3138207,1529727,49793309,50071,347889382,344116057,0
1789652725.4154003,75.898,6783108,425619,0,224,69,53,66202,500395,19192559,17799328,4444,62816588,45437880,64771540,0,6105700,0,1,1,0,8834814,2553264009,2558104639,450,450,1111,1567168,3138168,1526425,49793309,50071,347889382,344116057,0
1789652725.6656878,76.148,6783483,425644,0,224,69,53,66202,500395,19192612,17799328,4444,62816588,45437880,64771540,0,6093412,0,1,1,0,8834814,2553514271,2558354901,450,450,1111,1567168,3138168,1523353,49793309,50071,347889382,344116057,0
1789652725.915975,76.398,6783859,425669,0,224,69,53,66202,500395,19192663,17799328,4444,62816844,45438136,64771540,0,6077028,0,1,1,0,8834814,2553763535,2558604165,450,450,1111,1567174,3138181,1519257,49793310,50071,347889382,344116057,0
1789652726.166267,76.648,6784234,425694,0,224,69,53,66202,500395,19192718,17799328,4444,62817892,45439184,64771540,0,6068836,0,1,1,0,8834819,2554013791,2558854429,450,450,1111,1567201,3138234,1517209,49793311,50071,347889382,344116057,0
1789652726.4165568,76.899,6784609,425720,0,224,69,53,66202,500395,19192785,17799328,4444,62817892,45439184,64771540,0,6051844,0,1,1,0,8834819,2554263056,2559103694,450,450,1111,1567201,3138234,1512961,49793313,50071,347889382,344116057,0
1789652726.6668339,77.149,6784984,425745,0,224,69,53,66202,500395,19192891,17799328,4444,62817892,45439184,64771540,0,6043768,0,1,1,0,8834820,2554509383,2559350021,450,450,1111,1567201,3138234,1510942,49793362,50071,347889382,344116057,0
1789652726.9171524,77.399,6785359,425770,0,224,69,53,66202,500396,19192957,17799328,4444,62817892,45439184,64771540,0,6035460,0,1,1,0,8834820,2554759701,2559600338,450,450,1111,1567201,3138234,1508865,49793364,50071,347889382,344116057,0
1789652727.1674922,77.65,6785734,425795,0,224,69,53,66202,500396,19193032,17799328,4448,62819232,45440524,64771540,0,6018764,0,1,1,0,8834820,2555008996,2559849633,450,450,1112,1567234,3138301,1504691,49793364,50071,347889382,344116089,0
1789652727.4177842,77.9,6786109,425820,0,224,69,53,66202,500396,19193087,17799328,4228,62819232,45440524,64771540,0,6010792,0,1,1,0,8834820,2555258259,2560098897,450,450,1057,1567234,3138301,1502698,49793366,50071,347889382,344116309,0
1789652727.668065,78.15,6786485,425845,0,224,69,53,66202,500396,19193156,17799328,4228,62819232,45440524,64771540,0,5993488,0,1,1,0,8834821,2555507517,2560348155,450,450,1057,1567234,3138301,1498372,49793366,50071,347889382,344116309,0
1789652727.918363,78.401,6786860,425870,0,224,69,53,66202,500396,19193200,17799328,4228,62819232,45440524,64771540,0,5985296,0,1,1,0,8834821,2555757785,2560598423,450,450,1057,1567234,3138301,1496324,49793367,50071,347889382,344116309,0
1789652728.1686358,78.651,6787235,425895,0,224,69,53,66202,500396,19193265,17799328,4228,62819264,45440556,64771540,0,5968912,0,1,1,0,8834821,2556007045,2560847683,450,450,1057,1567235,3138302,1492228,49793367,50071,347889382,344116309,0
1789652728.4189203,78.901,6787610,425920,0,224,69,53,66202,500396,19193358,17799328,4228,62819264,45440556,64771540,0,5960720,0,1,1,0,8834828,2556256299,2561096947,450,450,1057,1567235,3138302,1490180,49793368,50071,347889382,344116309,0
1789652728.6692107,79.151,6787986,425945,0,224,69,53,66202,500396,19193411,17799328,4228,62819264,45440556,64771540,0,5951608,0,1,1,0,8834828,2556506577,2561347226,450,450,1057,1567235,3138302,1487902,49793370,50071,347889382,344116309,0
1789652728.9195118,79.402,6788361,425970,0,224,69,53,66202,500396,19193468,17799328,4228,62819264,45440556,64771540,0,5935224,0,1,1,0,8834829,2556755842,2561596490,450,450,1057,1567235,3138302,1483806,49793371,50071,347889382,344116309,0
1789652729.1697927,79.652,6788736,425995,0,224,69,53,66202,500396,19193534,17799328,4228,62819264,45440556,64771540,0,5927032,0,1,1,0,8834829,2557006089,2561846737,450,450,1057,1567235,3138302,1481758,49793371,50071,347889382,344116309,0
1789652729.420067,79.902,6789111,426021,0,224,69,53,66202,500396,19193589,17799328,4228,62819264,45440556,64771540,0,5910648,0,1,1,0,8834829,2557256339,2562096988,450,450,1057,1567235,3138302,1477662,49793372,50071,347889382,344116309,0
1789652729.670361,80.153,6789487,426046,0,224,69,53,66202,500396,19193638,17799328,4228,62819264,45440556,64771540,0,5901792,0,1,1,0,8834829,2557506614,2562347263,450,450,1057,1567235,3138302,1475448,49793372,50071,347889382,344116309,0
1789652729.920651,80.403,6789862,426071,0,224,69,53,66202,500396,19193688,17799328,4228,62819264,45440556,64771540,0,5885376,0,1,1,0,8834829,2557756882,2562597530,450,450,1057,1567235,3138302,1471344,49793375,50071,347889382,344116309,0
1789652730.1709511,80.653,6790237,426096,0,224,69,53,66202,500396,19193763,17799328,4228,62819264,45440556,64771540,0,5876960,0,1,1,0,8834829,2558006146,2562846794,450,450,1057,1567235,3138302,1469240,49793376,50071,347889382,344116309,0
1789652730.4212275,80.903,6790612,426121,0,224,69,53,66203,500396,19193862,17799328,4228,62818860,45440152,64771540,0,5860976,0,1,1,0,8834829,2558256407,2563097056,450,450,1057,1567225,3138282,1465244,49793378,50071,347889382,344116309,0
1789652730.6715164,81.154,6790987,426146,0,224,69,53,66203,500396,19193912,17799328,4228,62818860,45440152,64771540,0,5851720,0,1,1,0,8834829,2558506654,2563347303,450,450,1057,1567225,3138282,1462930,49793379,50071,347889382,344116309,0
1789652730.9217916,81.404,6791363,426171,0,224,69,53,66203,500396,19193963,17799328,4228,62818860,45440152,64771540,0,5843344,0,1,1,0,8834829,2558756909,2563597557,450,450,1057,1567225,3138282,1460836,49793379,50071,347889382,344116309,0
1789652731.1720712,81.654,6791738,426196,0,224,69,53,66203,500396,19194038,17799328,4228,62819088,45440380,64771540,0,5826888,0,1,1,0,8834829,2559006169,2563846817,450,450,1057,1567230,3138293,1456722,49793381,50071,347889382,344116309,0
1789652731.4223764,81.905,6792113,426221,0,224,69,53,66203,500396,19194087,17799328,4228,62819088,45440380,64771540,0,5818696,0,1,1,0,8834829,2559256443,2564097092,450,450,1057,1567230,3138293,1454674,49793382,50071,347889382,344116309,0
1789652731.672657,82.155,6792488,426246,0,224,69,53,66203,500396,19194154,17799328,4228,62819088,45440380,64771540,0,5801392,0,1,1,0,8834829,2559506690,2564347338,450,450,1057,1567230,3138293,1450348,49793383,50071,347889382,344116309,0
1789652731.9229267,82.405,6792864,426271,0,224,69,53,66203,500396,19194197,17799328,4228,62819088,45440380,64771540,0,5793400,0,1,1,0,8834829,2559756936,2564597585,450,450,1057,1567230,3138293,1448350,49793383,50071,347889382,344116309,0
1789652732.1732025,82.655,6793239,426296,0,224,69,53,66203,500396,19194264,17799328,4228,62819088,45440380,64771540,0,5776912,0,1,1,0,8834829,2560007199,2564847847,450,450,1057,1567230,3138293,1444228,49793384,50071,347889382,344116309,0
1789652732.4234962,82.906,6793614,426321,0,224,69,53,66203,500396,19194353,17799328,4228,62819088,45440380,64771540,0,5768652,0,1,1,0,8834835,2560256462,2565097118,450,450,1057,1567230,3138293,1442163,49793385,50071,347889382,344116309,0
1789652732.6738043,83.156,6793989,426346,0,224,69,53,66203,500396,19194416,17799312,4228,62819088,45440380,64771540,0,5751584,0,1,1,0,8834835,2560506730,2565347385,450,450,1057,1567230,3138293,1437896,49793387,50071,347889382,344116349,0
1789652732.9240847,83.406,6794364,426371,0,224,69,53,66203,500396,19194476,17799312,4228,62819088,45440380,64771540,0,5743376,0,1,1,0,8834835,2560756981,2565597637,450,450,1057,1567230,3138293,1435844,49793389,50071,347889382,344116349,0
1789652733.1743848,83.657,6794740,426397,0,224,69,53,66203,500396,19194549,17799328,4228,62819332,45440620,64771540,0,5726752,0,1,1,0,8834835,2561006269,2565846925,450,450,1057,1567237,3138306,1431688,49793390,50071,347889382,344116349,0
1789652733.4246678,83.907,6795115,426422,0,224,69,53,66203,500396,19194592,17799328,4228,62819332,45440620,64771540,0,5718560,0,1,1,0,8834835,2561256519,2566097174,450,450,1057,1567237,3138306,1429640,49793390,50071,347889382,344116349,0
1789652733.6749475,84.157,6795490,426447,0,224,69,53,66203,500396,19194645,17799328,4228,62819332,45440620,64771540,0,5705352,0,1,1,0,8834835,2561505782,2566346438,450,450,1057,1567237,3138306,1426338,49793392,50071,347889382,344116349,0
1789652733.9252331,84.407,6795865,426472,0,224,69,53,66203,500396,19194692,17799328,4228,62819332,45440620,64771540,0,5693064,0,1,1,0,8834835,2561756048,2566596704,450,450,1057,1567237,3138306,1423266,49793393,50071,347889382,344116349,0
1789652734.175517,84.658,6796241,426497,0,224,69,53,66203,500396,19194748,17799328,4228,62819332,45440620,64771540,0,5684872,0,1,1,0,8834835,2562006301,2566846957,450,450,1057,1567237,3138306,1421218,49793394,50071,347889382,344116349,0
1789652734.4257982,84.908,6796616,426522,0,224,69,53,66203,500396,19194795,17799328,4228,62819332,45440620,64771540,0,5668660,0,1,1,0,8834835,2562256550,2567097206,450,450,1057,1567237,3138306,1417165,49793394,50071,347889382,344116349,0
1789652734.676072,85.158,6796991,426547,0,224,69,53,66204,500396,19194853,17799328,4228,62819332,45440620,64771540,0,5651272,0,1,1,0,8834835,2562505809,2567346465,450,450,1057,1567237,3138306,1412818,49793395,50071,347889382,344116349,0
1789652734.9263668,85.409,6797366,426572,0,224,69,53,66204,500396,19194910,17799328,4228,62819332,45440620,64771540,0,5643384,0,1,1,0,8834835,2562756074,2567596730,450,450,1057,1567237,3138306,1410846,49793396,50071,347889382,344116349,0
1789652735.1766434,85.659,6797742,426597,0,224,69,53,66204,500396,19194973,17799328,4228,62819332,45440620,64771540,0,5634800,0,1,1,0,8834835,2563006332,2567846988,450,450,1057,1567237,3138306,1408700,49793397,50071,347889382,344116349,0
1789652735.4269218,85.909,6798117,426622,0,224,69,53,66204,500396,19195027,17799328,4228,62819332,45440620,64771540,0,5618416,0,1,1,0,8834836,2563255592,2568096248,450,450,1057,1567237,3138306,1404604,49793398,50071,347889382,344116349,0
1789652735.6771991,86.159,6798492,426647,0,224,69,53,66204,500396,19195092,17799328,4228,62819332,45440620,64771540,0,5605272,0,1,1,0,8834836,2563505855,2568346511,450,450,1057,1567237,3138306,1401318,49793398,50071,347889382,344116349,0
1789652735.9274893,86.41,6798867,426672,0,224,69,53,66204,500396,19195146,17799328,4228,62819332,45440620,64771540,0,5592984,0,1,1,0,8834836,2563755117,2568595773,450,450,1057,1567237,3138306,1398246,49793399,50071,347889382,344116349,0
1789652736.177779,86.66,6799242,426697,0,224,69,53,66204,500396,19195207,17799328,4228,62819332,45440620,64771540,0,5584728,0,1,1,0,8834836,2564004388,2568845044,450,450,1057,1567237,3138306,1396182,49793400,50071,347889382,344116349,0
1789652736.4280689,86.91,6799617,426723,0,224,69,53,66204,500396,19195298,17799328,4228,62819332,45440620,64771540,0,5568552,0,1,1,0,8834841,2564253641,2569094304,450,450,1057,1567237,3138306,1392138,49793401,50071,347889382,344116349,0
1789652736.6783755,87.161,6799993,426748,0,224,69,53,66204,500396,19195380,17799328,4228,62819332,45440620,64771540,0,5555136,0,1,1,0,8834841,2564503932,2569344594,450,450,1057,1567237,3138306,1388784,49793403,50071,347889382,344116349,0
1789652736.9286778,87.411,6800368,426773,0,224,69,53,66204,500396,19195442,17799328,4228,62819332,45440620,64771540,0,5542880,0,1,1,0,8834841,2564754221,2569594884,450,450,1057,1567237,3138306,1385720,49793404,50071,347889382,344116349,0
1789652737.1789997,87.661,6800743,426798,0,224,69,53,66204,500396,19195517,17799328,4228,62819332,45440620,64771540,0,5534656,0,1,1,0,8834841,2565003495,2569844157,450,450,1057,1567237,3138306,1383664,49793405,50071,347889382,344116349,0
1789652737.4292924,87.912,6801118,426823,0,224,69,53,66204,500396,19195566,17799328,4228,62819332,45440620,64771540,0,5526644,0,1,1,0,8834841,2565253760,2570094423,450,450,1057,1567237,3138306,1381661,49793407,50071,347889382,344116349,0
1789652737.679585,88.162,6801494,426848,0,224,69,53,66204,500396,19195629,17799320,4228,62819332,45440620,64771540,0,5505376,0,1,1,0,8834842,2565503027,2570343689,450,450,1057,1567237,3138306,1376344,49793407,50071,347889382,344116373,0
1789652737.929881,88.412,6801869,426873,0,224,69,53,66204,500396,19195675,17799320,4228,62819332,45440620,64771540,0,5501224,0,1,1,0,8834842,2565753292,2570593954,450,450,1057,1567237,3138306,1375306,49793409,50071,347889382,344116373,0
1789652738.1801581,88.662,6802244,426898,0,224,69,53,66204,500396,19195739,17799328,4240,62819332,45440620,64771540,0,5484584,0,1,1,0,8834842,2566003561,2570844223,450,450,1060,1567237,3138306,1371146,49793409,50071,347889382,344116373,0
1789652738.4304538,88.913,6802619,426923,0,224,69,53,66204,500396,19195782,17799328,4240,62819332,45440620,64771540,0,5476392,0,1,1,0,8834842,2566253810,2571094472,450,450,1060,1567237,3138306,1369098,49793410,50071,347889382,344116373,0
1789652738.6807296,89.163,6802995,426948,0,224,69,53,66204,500396,19195829,17799328,4240,62819332,45440620,64771540,0,5460008,0,1,1,0,8834842,2566504065,2571344727,450,450,1060,1567237,3138306,1365002,49793410,50071,347889382,344116373,0
1789652738.931016,89.413,6803370,426973,0,224,69,53,66204,500396,19195882,17799328,4240,62819332,45440620,64771540,0,5450896,0,1,1,0,8834842,2566753327,2571593989,450,450,1060,1567237,3138306,1362724,49793413,50071,347889382,344116373,0
1789652739.181269,89.663,6803745,426998,0,224,69,53,66204,500396,19195966,17799328,4240,62819332,45440620,64771540,0,5434512,0,1,1,0,8834842,2567003556,2571844218,450,450,1060,1567237,3138306,1358628,49793413,50071,347889382,344116373,0
1789652739.431549,89.914,6804120,427024,0,224,69,53,66204,500396,19196024,17799328,4240,62819332,45440620,64771540,0,5418128,0,1,1,0,8834842,2567252823,2572093485,450,450,1060,1567237,3138306,1354532,49793413,50071,347889382,344116373,0
1789652739.6818335,90.164,6804495,427049,0,224,69,53,66204,500396,19196071,17799328,4240,62819332,45440620,64771540,0,5409936,0,1,1,0,8834842,2567503073,2572343736,450,450,1060,1567237,3138306,1352484,49793414,50071,347889382,344116373,0
1789652739.9321084,90.414,6804871,427074,0,224,69,53,66204,500397,19196114,17799328,4240,62819332,45440620,64771540,0,5400824,0,1,1,0,8834842,2567753326,2572593988,450,450,1060,1567237,3138306,1350206,49793414,50071,347889382,344116373,0
1789652740.1824112,90.665,6805246,427099,0,224,69,53,66204,500397,19196188,17799328,4240,62819332,45440620,64771540,0,5384440,0,1,1,0,8834842,2568002595,2572843257,450,450,1060,1567237,3138306,1346110,49793417,50071,347889382,344116373,0
1789652740.4326925,90.915,6805621,427124,0,224,69,53,66204,500397,19196265,17799328,4240,62819332,45440620,64771540,0,5376248,0,1,1,0,8834847,2568252843,2573093511,450,450,1060,1567237,3138306,1344062,49793417,50071,347889382,344116373,0
1789652740.6829717,91.165,6805996,427149,0,224,69,53,66204,500397,19196326,17799328,4240,62819584,45440872,64771540,0,5359864,0,1,1,0,8834847,2568501110,2573341779,450,450,1060,1567243,3138318,1339966,49793418,50071,347889382,344116373,0
1789652740.9332447,91.415,6806371,427174,0,224,69,53,66204,500397,19196371,17799328,4240,62819584,45440872,64771540,0,5350752,0,1,2,0,8834847,2568751378,2573592046,450,450,1060,1567243,3138318,1337688,49793418,50071,347889382,344116373,0
1789652741.1835387,91.666,6806747,427199,0,224,69,53,66204,500397,19196447,17799328,4240,62819584,45440872,64771540,0,5334368,0,1,1,0,8834848,2569000654,2573841323,450,450,1060,1567243,3138318,1333592,49793419,50071,347889382,344116373,0
1789652741.4338207,91.916,6807122,427224,0,224,69,53,66204,500397,19196497,17799328,4240,62819584,45440872,64771540,0,5326176,0,1,1,0,8834848,2569250907,2574091576,450,450,1060,1567243,3138318,1331544,49793420,50071,347889382,344116373,0
1789652741.6841035,92.166,6807497,427249,0,224,69,53,66205,500397,19196553,17799328,4240,62819584,45440872,64771540,0,5309792,0,1,1,0,8834848,2569501158,2574341827,450,450,1060,1567243,3138318,1327448,49793422,50071,347889382,344116373,0
1789652741.9343941,92.417,6807872,427274,0,224,69,53,66205,500397,19196602,17799328,4240,62819584,45440872,64771540,0,5300936,0,1,1,0,8834848,2569751422,2574592091,450,450,1060,1567243,3138318,1325234,49793422,50071,347889382,344116373,0
1789652742.1846666,92.667,6808248,427299,0,224,69,53,66205,500397,19196661,17799328,4240,62819584,45440872,64771540,0,5292488,0,1,1,0,8834848,2570001667,2574842336,450,450,1060,1567243,3138318,1323122,49793423,50071,347889382,344116373,0
1789652742.4349394,92.917,6808623,427324,0,224,69,53,66205,500397,19196718,17799328,4168,62819584,45440872,64771540,0,5276148,0,1,1,0,8834848,2570250919,2575091588,450,450,1042,1567243,3138318,1319037,49793423,50071,347889382,344116417,0
1789652742.6852148,93.167,6808998,427349,0,224,69,53,66205,500397,19196766,17799328,4168,62819584,45440872,64771540,0,5267956,0,1,1,0,8834848,2570501183,2575341851,450,450,1042,1567243,3138318,1316989,49793425,50071,347889382,344116417,0
1789652742.9355106,93.418,6809373,427375,0,224,69,53,66205,500397,19196833,17799316,3680,62819584,45440872,64771540,0,5251140,0,1,1,0,8834848,2570749460,2575590129,450,450,920,1567243,3138318,1312785,49793426,50071,347889382,344116949,0
1789652743.185782,93.668,6809748,427400,0,224,69,53,66205,500397,19196892,17799328,3696,62819564,45440852,64771540,0,5242968,0,1,1,0,8834848,2570999707,2575840376,450,450,924,1567242,3138317,1310742,49793427,50071,347889382,344116949,0
1789652743.436055,93.918,6810124,427425,0,224,69,53,66205,500397,19196943,17799328,3696,62819564,45440852,64771540,0,5226536,0,1,1,0,8834848,2571249951,2576090619,450,450,924,1567242,3138317,1306634,49793427,50071,347889382,344116949,0
1789652743.6863415,94.169,6810499,427450,0,224,69,53,66205,500397,19196998,17799328,3696,62819564,45440852,64771540,0,5218348,0,1,1,0,8834848,2571499226,2576339895,450,450,924,1567242,3138317,1304587,49793428,50071,347889382,344116949,0
1789652743.9366226,94.419,6810874,427475,0,224,69,53,66205,500397,19197056,17799328,3696,62819564,45440852,64771540,0,5201224,0,1,1,0,8834849,2571748478,2576589147,450,450,924,1567242,3138317,1300306,49793429,50071,347889382,344116949,0
1789652744.1868987,94.669,6811249,427500,0,224,69,53,66205,500397,19197112,17799328,3696,62819564,45440852,64771540,0,5192832,0,1,1,0,8834849,2571998736,2576839405,450,450,924,1567242,3138317,1298208,49793430,50071,347889382,344116949,0
1789652744.4371805,94.919,6811624,427525,0,224,69,53,66205,500397,19197215,17799328,3696,62819564,45440852,64771540,0,5184640,0,1,2,0,8834854,2572248014,2577088689,450,450,924,1567242,3138317,1296160,49793431,50071,347889382,344116949,0
1789652744.6874855,95.17,6811999,427550,0,224,69,53,66205,500397,19197276,17799328,3696,62819564,45440852,64771540,0,5168256,0,1,1,0,8834855,2572496294,2577336969,450,450,924,1567242,3138317,1292064,49793431,50071,347889382,344116949,0
1789652744.93777,95.42,6812375,427575,0,224,69,53,66205,500397,19197323,17799328,3696,62819564,45440852,64771540,0,5155048,0,1,1,0,8834855,2572746544,2577587218,450,450,924,1567242,3138317,1288762,49793432,50071,347889382,344116949,0
1789652745.1880448,95.67,6812750,427600,0,224,69,53,66205,500397,19197397,17799328,3696,62819564,45440852,64771540,0,5142760,0,1,1,0,8834855,2572996793,2577837468,450,450,924,1567242,3138317,1285690,49793433,50071,347889382,344116949,0
1789652745.4383457,95.921,6813125,427626,0,224,69,53,66205,500397,19197452,17799328,3696,62819564,45440852,64771540,0,5134568,0,1,1,0,8834855,2573246069,2578086744,450,450,924,1567242,3138317,1283642,49793435,50071,347889382,344116949,0
1789652745.688617,96.171,6813500,427651,0,224,69,53,66205,500397,19197501,17799328,3696,62819564,45440852,64771540,0,5118264,0,1,1,0,8834855,2573496315,2578336990,450,450,924,1567242,3138317,1279566,49793435,50071,347889382,344116949,0
1789652745.9388926,96.421,6813876,427676,0,224,69,53,66205,500397,19197550,17799328,3696,62819564,45440852,64771540,0,5104980,0,1,1,0,8834855,2573746565,2578587240,450,450,924,1567242,3138317,1276245,49793436,50071,347889382,344116949,0
1789652746.1891656,96.671,6814251,427701,0,224,69,53,66205,500397,19197607,17799328,3696,62819564,45440852,64771540,0,5092688,0,1,1,0,8834855,2573996828,2578837503,450,450,924,1567242,3138317,1273172,49793436,50071,347889382,344116949,0
1789652746.4394639,96.922,6814626,427726,0,224,69,53,66205,500397,19197659,17799328,3696,62819564,45440852,64771540,0,5084496,0,1,1,0,8834855,2574246084,2579086759,450,450,924,1567242,3138317,1271124,49793438,50071,347889382,344116949,0
1789652746.6897418,97.172,6815001,427751,0,224,69,53,66205,500397,19197735,17799328,3696,62819564,45440852,64771540,0,5068112,0,1,1,0,8834855,2574496338,2579337013,450,450,924,1567242,3138317,1267028,49793442,50071,347889382,344116949,0
1789652746.9400256,97.422,6815376,427776,0,224,69,53,66205,500397,19197808,17799320,3680,62819564,45440852,64771540,0,5055072,0,1,1,0,8834855,2574745636,2579586311,450,450,920,1567242,3138317,1263768,49793444,50071,347889382,344117001,0
1789652747.1903641,97.673,6815751,427801,0,224,69,53,66205,500397,19197882,17799328,3712,62819564,45440852,64771540,0,5042616,0,1,1,0,8834855,2574995922,2579836597,450,450,928,1567242,3138317,1260654,49793446,50071,347889382,344117001,0
1789652747.4406502,97.923,6816127,427826,0,224,69,53,66205,500397,19197935,17799328,3712,62819564,45440852,64771540,0,5034424,0,1,1,0,8834855,2575246183,2580086858,450,450,928,1567242,3138317,1258606,49793447,50071,347889382,344117001,0
1789652747.6909385,98.173,6816502,427851,0,224,69,53,66205,500397,19197997,17799328,3712,62819564,45440852,64771540,0,5018088,0,1,1,0,8834855,2575495452,2580336127,450,450,928,1567242,3138317,1254522,49793448,50071,347889382,344117001,0
1789652747.941223,98.423,6816877,427876,0,224,69,53,66205,500397,19198054,17799316,3712,62819564,45440852,64771540,0,5005200,0,1,1,0,8834855,2575745721,2580586396,450,450,928,1567242,3138317,1251300,49793449,50071,347889382,344117033,0
1789652748.1915264,98.674,6817252,427901,0,224,69,53,66205,500397,19198123,17799328,3724,62819300,45440588,64771540,0,4992544,0,1,1,0,8834855,2575994983,2580835659,450,450,931,1567236,3138304,1248136,49793450,50071,347889382,344117033,0
1789652748.4418004,98.924,6817628,427926,0,224,69,53,66205,500397,19198202,17799328,3724,62819300,45440588,64771540,0,4984352,0,1,1,0,8834860,2576245230,2581085911,450,450,931,1567236,3138304,1246088,49793450,50071,347889382,344117033,0
1789652748.692081,99.174,6818003,427951,0,224,69,53,66206,500397,19198255,17799328,3724,62819300,45440588,64771540,0,4976160,0,1,1,0,8834860,2576495480,2581336161,450,450,931,1567236,3138304,1244040,49793451,50071,347889382,344117033,0
1789652748.9423735,99.425,6818378,427977,0,224,69,53,66206,500397,19198309,17799328,3724,62819300,45440588,64771540,0,4959776,0,1,1,0,8834860,2576744758,2581585439,450,450,931,1567236,3138304,1239944,49793452,50071,347889382,344117033,0
1789652749.1926515,99.675,6818753,428002,0,224,69,53,66206,500397,19198388,17799328,3724,62819300,45440588,64771540,0,4950664,0,1,1,0,8834860,2576995002,2581835683,450,450,931,1567236,3138304,1237666,49793453,50071,347889382,344117033,0
1789652749.4429314,99.925,6819128,428027,0,224,69,53,66206,500397,19198439,17799328,3724,62819300,45440588,64771540,0,4934280,0,1,1,0,8834861,2577244262,2582084943,450,450,931,1567236,3138304,1233570,49793454,50071,347889382,344117033,0
1789652749.6932044,100.175,6819504,428052,0,224,69,53,66206,500398,19198486,17799328,3724,62819300,45440588,64771540,0,4926088,0,1,1,0,8834861,2577494528,2582335209,450,450,931,1567236,3138304,1231522,49793455,50071,347889382,344117033,0
1789652749.9434972,100.426,6819879,428077,0,224,69,53,66206,500398,19198535,17799328,3724,62819300,45440588,64771540,0,4909704,0,1,1,0,8834861,2577743788,2582584469,450,450,931,1567236,3138304,1227426,49793457,50071,347889382,344117033,0
1789652750.1937768,100.676,6820254,428102,0,224,69,53,66206,500398,19198599,17799328,3724,62819300,45440588,64771540,0,4900592,0,1,1,0,8834861,2577993042,2582833723,450,450,931,1567236,3138304,1225148,49793459,50071,347889382,344117033,0
1789652750.4440506,100.926,6820629,428127,0,224,69,53,66206,500398,19198652,17799328,3724,62819300,45440588,64771540,0,4884684,0,1,1,0,8834861,2578243287,2583083968,450,450,931,1567236,3138304,1221171,49793459,50071,347889382,344117033,0
1789652750.6943407,101.177,6821005,428152,0,224,69,53,66206,500398,19198699,17799328,3724,62819300,45440588,64771540,0,4876436,0,1,1,0,8834861,2578492556,2583333237,450,450,931,1567236,3138304,1219109,49793460,50071,347889382,344117033,0
1789652750.9446144,101.427,6821380,428177,0,224,69,53,66206,500398,19198751,17799328,3724,62819300,45440588,64771540,0,4859992,0,1,1,0,8834862,2578741805,2583582486,450,450,931,1567236,3138304,1214998,49793461,50071,347889382,344117033,0
1789652751.194885,101.677,6821755,428202,0,224,69,53,66206,500398,19198822,17799328,3724,62819300,45440588,64771540,0,4850520,0,1,1,0,8834862,2578991059,2583831741,450,450,931,1567236,3138304,1212630,49793462,50071,347889382,344117033,0
1789652751.4451587,101.927,6822130,428228,0,224,69,53,66206,500398,19198880,17799328,3724,62819300,45440588,64771540,0,4834136,0,1,1,0,8834862,2579240331,2584081012,450,450,931,1567236,3138304,1208534,49793462,50071,347889382,344117033,0
1789652751.695451,102.178,6822505,428253,0,224,69,53,66206,500398,19198933,17799328,3724,62819300,45440588,64771540,0,4825944,0,1,1,0,8834862,2579490582,2584331263,450,450,931,1567236,3138304,1206486,49793464,50071,347889382,344117033,0
1789652751.9457343,102.428,6822881,428278,0,224,69,53,66206,500398,19198986,17799328,3724,62819300,45440588,64771540,0,4817752,0,1,1,0,8834862,2579739841,2584580522,450,450,931,1567236,3138304,1204438,49793465,50071,347889382,344117033,0
1789652752.1960053,102.678,6823256,428303,0,224,69,53,66206,500398,19199047,17799328,3724,62819300,45440588,64771540,0,4800448,0,1,1,0,8834862,2579990100,2584830781,450,450,931,1567236,3138304,1200112,49793466,50071,347889382,344117033,0
1789652752.4462912,102.929,6823631,428328,0,224,69,53,66206,500398,19199147,17799328,3724,62819300,45440588,64771540,0,4784140,0,1,1,0,8834868,2580238373,2585079061,450,450,931,1567236,3138304,1196035,49793466,50071,347889382,344117033,0
1789652752.6965764,103.179,6824006,428353,0,224,69,53,66206,500398,19199199,17799328,3724,62819300,45440588,64771540,0,4775880,0,1,1,0,8834868,2580488631,2585329318,450,450,931,1567236,3138304,1193970,49793466,50071,347889382,344117085,0
1789652752.946858,103.429,6824381,428378,0,224,69,53,66206,500398,19199252,17799328,3724,62819300,45440588,64771540,0,4759576,0,1,1,0,8834868,2580737885,2585578573,450,450,931,1567236,3138304,1189894,49793468,50071,347889382,344117085,0
1789652753.1971352,103.679,6824757,428403,0,224,69,53,66206,500398,19199331,17799328,3680,62819288,45440576,64771540,0,4750376,0,1,1,0,8834868,2580988157,2585828845,450,450,920,1567235,3138303,1187594,49793469,50071,347889382,344117117,0
1789652753.4474325,103.93,6825132,428428,0,224,69,53,66206,500398,19199390,17799328,3680,62819288,45440576,64771540,0,4733992,0,1,1,0,8834868,2581237414,2586078101,450,450,920,1567235,3138303,1183498,49793470,50071,347889382,344117117,0
1789652753.6977057,104.18,6825507,428453,0,224,69,53,66206,500398,19199433,17799328,3680,62819288,45440576,64771540,0,4725800,0,1,1,0,8834868,2581487661,2586328349,450,450,920,1567235,3138303,1181450,49793470,50071,347889382,344117117,0
1789652753.9479816,104.43,6825882,428478,0,224,69,53,66206,500398,19199481,17799328,3680,62819288,45440576,64771540,0,4717608,0,1,1,0,8834868,2581737911,2586578599,450,450,920,1567235,3138303,1179402,49793471,50071,347889382,344117117,0
1789652754.1982663,104.68,6826257,428503,0,224,69,53,66206,500398,19199538,17799328,3680,62819288,45440576,64771540,0,4700380,0,1,1,0,8834868,2581988168,2586828855,450,450,920,1567235,3138303,1175095,49793472,50071,347889382,344117117,0
1789652754.4485507,104.931,6826633,428528,0,224,69,53,66206,500398,19199587,17799328,3680,62819288,45440576,64771540,0,4692456,0,1,1,0,8834868,2582238422,2587079110,450,450,920,1567235,3138303,1173114,49793474,50071,347889382,344117117,0
1789652754.6988244,105.181,6827008,428554,0,224,69,53,66206,500398,19199644,17799328,3680,62819288,45440576,64771540,0,4675908,0,1,1,0,8834868,2582487677,2587328364,450,450,920,1567235,3138303,1168977,49793474,50071,347889382,344117117,0
1789652754.949102,105.431,6827383,428579,0,224,69,53,66206,500398,19199696,17799328,3680,62819288,45440576,64771540,0,4667768,0,1,1,0,8834868,2582737926,2587578613,450,450,920,1567235,3138303,1166942,49793475,50071,347889382,344117117,0
1789652755.1993942,105.682,6827758,428604,0,224,69,53,66206,500398,19199771,17799328,3680,62819544,45440832,64771540,0,4650968,0,1,1,0,8834868,2582987212,2587827899,450,450,920,1567242,3138316,1162742,49793475,50071,347889382,344117117,0
1789652755.4496815,105.932,6828134,428629,0,224,69,53,66206,500398,19199890,17799328,4664,62818904,45440192,64771540,0,4635988,0,1,1,0,8834872,2583235681,2588076369,450,450,1166,1567226,3138284,1158997,49793495,50071,347889382,344117117,0
1789652755.6999688,106.182,6828507,428655,0,224,69,53,66207,500398,19200121,17799328,1252,62817288,45438576,64771540,0,4626720,0,1,1,0,8834876,2583469663,2588310351,450,450,313,1567186,3138203,1156680,49794169,50071,347889382,344120733,0
1789652755.950297,106.433,6828869,428680,0,224,69,53,66209,500409,19200619,17799328,3460,62796684,45417972,64771540,0,4611968,0,1,2,0,8834938,2583635079,2588477229,450,450,865,1566671,3137173,1152992,49801140,50071,347889382,344120733,0
1789652756.2006533,106.683,6829228,428705,0,224,69,53,66213,500422,19201348,17799220,5120,62813040,45434344,64771540,0,4602232,0,1,1,0,8835183,2583788507,2588631000,450,450,1280,1567080,3137991,1150558,49809098,50071,347889382,344120737,0
1789652756.4510112,106.933,6829603,428730,0,224,69,53,66213,500422,19201555,17799212,5120,62812924,45434228,64771540,0,4587272,0,1,1,0,8835192,2584037790,2588880298,450,450,1280,1567077,3137985,1146818,49809099,50071,347889382,344120737,0
1789652756.7013454,107.184,6829978,428755,0,224,69,53,66213,500422,19201642,17799212,5120,62812924,45434228,64771540,0,4578092,0,1,1,0,8835203,2584287066,2589129610,450,450,1280,1567077,3137985,1144523,49809100,50071,347889382,344120737,0
1789652756.9516666,107.434,6830353,428780,0,224,69,53,66213,500422,19201701,17799212,5120,62812924,45434228,64771540,0,4569900,0,1,1,0,8835212,2584537265,2589379907,450,450,1280,1567077,3137985,1142475,49809100,50071,347889382,344120737,0
1789652757.2019994,107.684,6830728,428805,0,224,69,53,66213,500422,19201842,17799212,5120,62815864,45437168,64771540,0,4553024,0,1,1,0,8835216,2584786548,2589629196,450,450,1280,1567150,3138132,1138256,49809102,50071,347889382,344120737,0
1789652757.4522905,107.935,6831103,428830,0,224,69,53,66214,500422,19201992,17799212,5120,62816596,45437900,64771540,0,4539248,0,1,1,0,8835220,2585036805,2589879463,450,450,1280,1567168,3138169,1134812,49809102,50071,347889382,344120737,0
1789652757.7025833,108.185,6831478,428855,0,224,69,53,66214,500422,19202033,17799212,5120,62816596,45437900,64771540,0,4531096,0,1,1,0,8835220,2585287065,2590129723,450,450,1280,1567168,3138169,1132774,49809103,50071,347889382,344120737,0
1789652757.9528704,108.435,6831854,428880,0,224,69,53,66214,500422,19202100,17799212,5120,62816596,45437900,64771540,0,4514668,0,1,1,0,8835220,2585536325,2590378982,450,450,1280,1567168,3138169,1128667,49809104,50071,347889382,344120737,0
1789652758.2031593,108.685,6832229,428905,0,224,69,53,66214,500422,19202158,17799212,5120,62818192,45439496,64771540,0,4506412,0,1,1,0,8835220,2585786592,2590629250,450,450,1280,1567208,3138249,1126603,49809105,50071,347889382,344120737,0
1789652758.4534636,108.936,6832604,428930,0,224,69,53,66214,500422,19202232,17799212,5236,62817940,45439244,64771540,0,4490012,0,1,1,0,8835220,2586035859,2590878516,450,450,1309,1567202,3138236,1122503,49809106,50071,347889382,344120877,0
1789652758.703744,109.186,6832979,428955,0,224,69,53,66214,500422,19202278,17799212,5236,62817940,45439244,64771540,0,4481820,0,1,1,0,8835220,2586286113,2591128770,450,450,1309,1567202,3138236,1120455,49809107,50071,347889382,344120877,0
1789652758.9540222,109.436,6833354,428981,0,224,69,53,66214,500422,19202339,17799212,5236,62817940,45439244,64771540,0,4465428,0,1,1,0,8835221,2586535367,2591378025,450,450,1309,1567202,3138236,1116357,49809107,50071,347889382,344120877,0
1789652759.2043014,109.687,6833730,429006,0,224,69,53,66214,500422,19202398,17799212,5236,62817988,45439292,64771540,0,4457492,0,1,1,0,8835221,2586785628,2591628286,450,450,1309,1567203,3138238,1114373,49809109,50071,347889382,344120877,0
1789652759.4545944,109.937,6834105,429031,0,224,69,53,66214,500422,19202461,17799212,5236,62817988,45439292,64771540,0,4440984,0,1,1,0,8835221,2587034898,2591877556,450,450,1309,1567203,3138238,1110246,49809109,50071,347889382,344120877,0
1789652759.7048864,110.187,6834480,429056,0,224,69,53,66214,500422,19202514,17799212,5236,62817988,45439292,64771540,0,4432916,0,1,1,0,8835221,2587285156,2592127814,450,450,1309,1567203,3138238,1108229,49809111,50071,347889382,344120877,0
1789652759.9551637,110.437,6834855,429081,0,224,69,53,66214,500422,19202574,17799212,5236,62817988,45439292,64771540,0,4416500,0,1,1,0,8835221,2587534428,2592377086,450,450,1309,1567203,3138238,1104125,49809111,50071,347889382,344120877,0
1789652760.205453,110.688,6835231,429106,0,224,69,53,66214,500422,19202623,17799212,5236,62817988,45439292,64771540,0,4408068,0,1,1,0,8835221,2587784680,2592627338,450,450,1309,1567203,3138238,1102017,49809112,50071,347889382,344120877,0
1789652760.4557343,110.938,6835606,429131,0,224,69,53,66214,500422,19202710,17799212,5236,62817988,45439292,64771540,0,4399876,0,1,1,0,8835226,2588034925,2592877589,450,450,1309,1567203,3138238,1099969,49809113,50071,347889382,344120877,0
1789652760.7060115,111.188,6835981,429156,0,224,69,53,66214,500422,19202763,17799212,5236,62817988,45439292,64771540,0,4383484,0,1,1,0,8835226,2588284187,2593126852,450,450,1309,1567203,3138238,1095871,49809114,50071,347889382,344120877,0
1789652760.9562976,111.439,6836356,429181,0,224,69,53,66214,500422,19202821,17799212,5236,62817988,45439292,64771540,0,4375292,0,1,1,0,8835226,2588533447,2593376112,450,450,1309,1567203,3138238,1093823,49809115,50071,347889382,344120877,0
1789652761.2065713,111.689,6836731,429206,0,224,69,53,66214,500422,19202904,17799212,5236,62817988,45439292,64771540,0,4358908,0,1,1,0,8835227,2588782709,2593625374,450,450,1309,1567203,3138238,1089727,49809115,50071,347889382,344120877,0
1789652761.4568596,111.939,6837106,429231,0,224,69,53,66214,500422,19202961,17799212,5236,62817736,45439040,64771540,0,4350716,0,1,1,0,8835227,2589032957,2593875621,450,450,1309,1567197,3138226,1087679,49809118,50071,347889382,344120877,0
1789652761.7071328,112.189,6837482,429256,0,224,69,53,66214,500422,19203013,17799212,5236,62817736,45439040,64771540,0,4334316,0,1,1,0,8835227,2589283223,2594125888,450,450,1309,1567197,3138226,1083579,49809119,50071,347889382,344120877,0
1789652761.957427,112.44,6837857,429281,0,224,69,53,66214,500422,19203062,17799212,5236,62817736,45439040,64771540,0,4326124,0,1,1,0,8835227,2589533468,2594376133,450,450,1309,1567197,3138226,1081531,49809120,50071,347889382,344120877,0
1789652762.207703,112.69,6838232,429307,0,224,69,53,66214,500422,19203136,17799212,5236,62817708,45439012,64771540,0,4309740,0,1,1,0,8835227,2589782728,2594625392,450,450,1309,1567196,3138224,1077435,49809121,50071,347889382,344120877,0
1789652762.4579768,112.94,6838607,429332,0,224,69,53,66214,500422,19203188,17799212,5236,62817708,45439012,64771540,0,4301860,0,1,1,0,8835227,2590032976,2594875641,450,450,1309,1567196,3138224,1075465,49809122,50071,347889382,344120877,0
1789652762.7082646,113.19,6838983,429357,0,224,69,53,66214,500422,19203237,17799212,5236,62819364,45440668,64771540,0,4285524,0,1,1,0,8835227,2590282236,2595124901,450,450,1309,1567237,3138307,1071381,49809123,50071,347889382,344120877,0
1789652762.9585354,113.441,6839358,429382,0,224,69,53,66214,500422,19203284,17799212,5236,62819364,45440668,64771540,0,4277004,0,1,1,0,8835227,2590532492,2595375157,450,450,1309,1567237,3138307,1069251,49809125,50071,347889382,344120877,0
1789652763.2088218,113.691,6839733,429407,0,224,69,53,66214,500422,19203349,17799212,5236,62819156,45440460,64771540,0,4260588,0,1,1,0,8835227,2590781753,2595624418,450,450,1309,1567232,3138297,1065147,49809125,50071,347889382,344120877,0
1789652763.4590974,113.941,6840108,429432,0,224,69,53,66214,500422,19203404,17799212,5236,62819156,45440460,64771540,0,4252436,0,1,1,0,8835227,2591031998,2595874663,450,450,1309,1567232,3138297,1063109,49809126,50071,347889382,344120877,0
1789652763.7093928,114.192,6840483,429457,0,224,69,53,66214,500422,19203461,17799204,5236,62819156,45440460,64771540,0,4236272,0,1,1,0,8835227,2591280289,2596122954,450,450,1309,1567232,3138297,1059068,49809127,50071,347889382,344120945,0
1789652763.9596732,114.442,6840859,429482,0,224,69,53,66214,500422,19203506,17799204,5236,62819156,45440460,64771540,0,4228068,0,1,1,0,8835227,2591530548,2596373213,450,450,1309,1567232,3138297,1057017,49809129,50071,347889382,344120945,0
1789652764.2099483,114.692,6841234,429507,0,224,69,53,66214,500422,19203563,17799212,5276,62819124,45440428,64771540,0,4211436,0,1,1,0,8835227,2591780795,2596623460,450,450,1319,1567231,3138295,1052859,49809129,50071,347889382,344120945,0
1789652764.4602234,114.942,6841609,429532,0,224,69,53,66214,500423,19203646,17799212,5276,62819124,45440428,64771540,0,4203244,0,1,1,0,8835233,2592031056,2596873727,450,450,1319,1567231,3138295,1050811,49809131,50071,347889382,344120945,0
1789652764.710521,115.193,6841984,429557,0,224,69,53,66214,500423,19203697,17799212,5276,62819124,45440428,64771540,0,4186860,0,1,1,0,8835233,2592280315,2597122987,450,450,1319,1567231,3138295,1046715,49809131,50071,347889382,344120945,0
1789652764.9608061,115.443,6842360,429582,0,224,69,53,66214,500423,19203749,17799212,5276,62819124,45440428,64771540,0,4178668,0,1,1,0,8835233,2592530575,2597373247,450,450,1319,1567231,3138295,1044667,49809132,50071,347889382,344120945,0
1789652765.2110825,115.693,6842735,429607,0,224,69,53,66214,500423,19203820,17799212,5276,62819124,45440428,64771540,0,4162312,0,1,1,0,8835233,2592779832,2597622504,450,450,1319,1567231,3138295,1040578,49809132,50071,347889382,344120945,0
1789652765.4613743,115.944,6843110,429633,0,224,69,53,66214,500423,19203867,17799212,5276,62819124,45440428,64771540,0,4154380,0,1,1,0,8835233,2593030103,2597872774,450,450,1319,1567231,3138295,1038595,49809132,50071,347889382,344120945,0
1789652765.7116518,116.194,6843485,429658,0,224,69,53,66214,500423,19203917,17799212,5276,62819124,45440428,64771540,0,4137788,0,1,1,0,8835233,2593280352,2598123023,450,450,1319,1567231,3138295,1034447,49809134,50071,347889382,344120945,0
1789652765.9619339,116.444,6843861,429683,0,224,69,53,66214,500423,19203962,17799212,5276,62819124,45440428,64771540,0,4129904,0,1,1,0,8835233,2593530613,2598373285,450,450,1319,1567231,3138295,1032476,49809135,50071,347889382,344120945,0
1789652766.2122157,116.694,6844236,429708,0,224,69,53,66214,500423,19204021,17799212,5276,62819096,45440400,64771540,0,4121324,0,1,1,0,8835233,2593780881,2598623553,450,450,1319,1567231,3138294,1030331,49809136,50071,347889382,344120945,0
1789652766.4625092,116.945,6844611,429733,0,224,69,53,66214,500423,19204078,17799212,5276,62819096,45440400,64771540,0,4105036,0,1,1,0,8835233,2594031133,2598873805,450,450,1319,1567231,3138294,1026259,49809136,50071,347889382,344120945,0
1789652766.7128,117.195,6844986,429758,0,224,69,53,66214,500423,19204155,17799212,5276,62819096,45440400,64771540,0,4096768,0,1,1,0,8835233,2594280412,2599123084,450,450,1319,1567231,3138294,1024192,49809141,50071,347889382,344120945,0
1789652766.963103,117.445,6845361,429783,0,224,69,53,66214,500423,19204226,17799212,5276,62819096,45440400,64771540,0,4080388,0,1,1,0,8835233,2594529705,2599372377,450,450,1319,1567231,3138294,1020097,49809145,50071,347889382,344120945,0
1789652767.2134554,117.696,6845737,429808,0,224,69,53,66214,500423,19204285,17799212,5276,62819096,45440400,64771540,0,4072172,0,1,1,0,8835233,2594779987,2599622659,450,450,1319,1567231,3138294,1018043,49809147,50071,347889382,344120945,0
1789652767.4637506,117.946,6846112,429833,0,224,69,53,66214,500423,19204357,17799212,5276,62819096,45440400,64771540,0,4055788,0,1,1,0,8835233,2595029250,2599871922,450,450,1319,1567231,3138294,1013947,49809147,50071,347889382,344120945,0
1789652767.7140334,118.196,6846487,429858,0,224,69,53,66214,500423,19204420,17799212,5276,62819096,45440400,64771540,0,4047596,0,1,1,0,8835238,2595278963,2600122174,450,450,1319,1567231,3138294,1011899,49809148,50071,347889382,344120945,0
1789652767.9643102,118.447,6846862,429883,0,224,69,53,66214,500423,19204473,17799212,5276,62819096,45440400,64771540,0,4031212,0,1,1,0,8835238,2595528216,2600371427,450,450,1319,1567231,3138294,1007803,49809148,50071,347889382,344120945,0
1789652768.2145894,118.697,6847237,429908,0,224,69,53,66214,500423,19204528,17799212,5276,62819068,45440372,64771540,0,4023020,0,1,1,0,8835238,2595778477,2600621688,450,450,1319,1567230,3138292,1005755,49809150,50071,347889382,344120945,0
1789652768.464883,118.947,6847612,429933,0,224,69,53,66214,500423,19204621,17799212,5276,62819068,45440372,64771540,0,4006636,0,1,1,0,8835244,2596027736,2600870955,450,450,1319,1567230,3138292,1001659,49809151,50071,347889382,344120945,0
1789652768.7151616,119.197,6847988,429958,0,224,69,53,66214,500423,19204669,17799212,5276,62819068,45440372,64771540,0,3998444,0,1,1,0,8835244,2596278006,2601121225,450,450,1319,1567230,3138292,999611,49809152,50071,347889382,344120945,0
1789652768.9654582,119.448,6848363,429983,0,224,69,53,66214,500423,19204728,17799204,5276,62819068,45440372,64771540,0,3982060,0,1,1,0,8835244,2596527267,2601370486,450,450,1319,1567230,3138292,995515,49809152,50071,347889382,344121005,0
1789652769.2157416,119.698,6848738,430009,0,224,69,53,66214,500423,19204806,17799212,5276,62819168,45440472,64771540,0,3973868,0,1,1,0,8835244,2596776537,2601619755,450,450,1319,1567232,3138297,993467,49809153,50071,347889382,344121005,0
1789652769.4660332,119.948,6849113,430034,0,224,69,53,66214,500423,19204863,17799212,5276,62819168,45440472,64771540,0,3957484,0,1,1,0,8835245,2597025797,2601869015,450,450,1319,1567232,3138297,989371,49809154,50071,347889382,344121005,0
1789652769.716332,120.199,6849489,430059,0,224,69,53,66214,500423,19204908,17799212,5276,62819168,45440472,64771540,0,3949292,0,1,1,0,8835245,2597276074,2602119293,450,450,1319,1567232,3138297,987323,49809155,50071,347889382,344121005,0
1789652769.9666128,120.449,6849864,430084,0,224,69,53,66214,500423,19204961,17799212,5276,62819168,45440472,64771540,0,3932908,0,1,1,0,8835245,2597526336,2602369555,450,450,1319,1567232,3138297,983227,49809156,50071,347889382,344121005,0
1789652770.2168984,120.699,6850239,430109,0,224,69,53,66214,500423,19205016,17799212,5276,62819848,45441152,64771540,0,3924828,0,1,1,0,8835245,2597776592,2602619811,450,450,1319,1567249,3138331,981207,49809156,50071,347889382,344121005,0
1789652770.467182,120.949,6850614,430134,0,224,69,53,66214,500423,19205072,17799212,5276,62819572,45440876,64771540,0,3908640,0,1,1,0,8835245,2598026857,2602870076,450,450,1319,1567243,3138318,977160,49809157,50071,347889382,344121005,0
1789652770.7174726,121.2,6850989,430159,0,224,69,53,66214,500423,19205123,17799212,5276,62819572,45440876,64771540,0,3900524,0,1,1,0,8835245,2598276112,2603119331,450,450,1319,1567243,3138318,975131,49809158,50071,347889382,344121005,0
1789652770.9677489,121.45,6851365,430184,0,224,69,53,66215,500423,19205179,17799212,5276,62819572,45440876,64771540,0,3884020,0,1,1,0,8835245,2598525366,2603368585,450,450,1319,1567243,3138318,971005,49809159,50071,347889382,344121005,0
1789652771.2180243,121.7,6851740,430209,0,224,69,53,66215,500423,19205232,17799212,5276,62819808,45441112,64771540,0,3875564,0,1,1,0,8835245,2598775616,2603618835,450,450,1319,1567248,3138329,968891,49809160,50071,347889382,344121005,0
1789652771.4683008,121.951,6852115,430234,0,224,69,53,66215,500423,19205307,17799212,5276,62819808,45441112,64771540,0,3859552,0,1,1,0,8835245,2599025864,2603869083,450,450,1319,1567248,3138329,964888,49809161,50071,347889382,344121005,0
1789652771.7185743,122.201,6852490,430259,0,224,69,53,66215,500423,19205352,17799212,5276,62819808,45441112,64771540,0,3851080,0,1,1,0,8835245,2599275122,2604118341,450,450,1319,1567248,3138329,962770,49809161,50071,347889382,344121005,0
1789652771.9688635,122.451,6852866,430284,0,224,69,53,66215,500423,19205412,17799212,5276,62819808,45441112,64771540,0,3834880,0,1,1,0,8835245,2599525373,2604368592,450,450,1319,1567248,3138329,958720,49809163,50071,347889382,344121005,0
1789652772.2191408,122.701,6853241,430309,0,224,69,53,66215,500423,19205470,17799212,5276,62820096,45441400,64771540,0,3826412,0,1,1,0,8835245,2599775633,2604618852,450,450,1319,1567256,3138344,956603,49809164,50071,347889382,344121005,0
1789652772.469437,122.952,6853616,430335,0,224,69,53,66215,500423,19205569,17799212,5276,62820096,45441400,64771540,0,3810028,0,1,1,0,8835250,2600025881,2604869106,450,450,1319,1567256,3138344,952507,49809166,50071,347889382,344121005,0
1789652772.7197113,123.202,6853991,430360,0,224,69,53,66215,500423,19205614,17799212,5276,62820096,45441400,64771540,0,3802188,0,1,1,0,8835250,2600275144,2605118369,450,450,1319,1567256,3138344,950547,49809166,50071,347889382,344121005,0
1789652772.9699934,123.452,6854366,430385,0,224,69,53,66215,500423,19205665,17799212,5276,62820096,45441400,64771540,0,3785692,0,1,1,0,8835250,2600525397,2605368622,450,450,1319,1567256,3138344,946423,49809167,50071,347889382,344121005,0
1789652773.2202723,123.702,6854742,430410,0,224,69,53,66215,500423,19205730,17799212,5276,62820068,45441372,64771540,0,3777260,0,1,1,0,8835250,2600774664,2605617889,450,450,1319,1567255,3138342,944315,49809168,50071,347889382,344121005,0
1789652773.470554,123.953,6855117,430435,0,224,69,53,66215,500423,19205790,17799212,4180,62820068,45441372,64771540,0,3761972,0,1,1,0,8835250,2601024920,2605868145,450,450,1045,1567255,3138342,940493,49809169,50071,347889382,344122101,0
1789652773.720851,124.203,6855492,430460,0,224,69,53,66215,500423,19205837,17799212,4180,62820068,45441372,64771540,0,3753780,0,1,1,0,8835250,2601274184,2606117409,450,450,1045,1567255,3138342,938445,49809170,50071,347889382,344122101,0
1789652773.9711268,124.453,6855867,430485,0,224,69,53,66215,500423,19205892,17799204,4180,62820068,45441372,64771540,0,3737396,0,1,1,0,8835250,2601524435,2606367660,450,450,1045,1567255,3138342,934349,49809170,50071,347889382,344122169,0
1789652774.22142,124.704,6856242,430510,0,224,69,53,66215,500423,19205947,17799212,4188,62820068,45441372,64771540,0,3729204,0,1,1,0,8835251,2601773688,2606616913,450,450,1047,1567255,3138342,932301,49809171,50071,347889382,344122169,0
1789652774.4716902,124.954,6856618,430535,0,224,69,53,66215,500423,19206002,17799212,4188,62820068,45441372,64771540,0,3712868,0,1,1,0,8835251,2602023939,2606867164,450,450,1047,1567255,3138342,928217,49809172,50071,347889382,344122169,0
1789652774.7219698,125.204,6856993,430560,0,224,69,53,66215,500423,19206058,17799212,4188,62820068,45441372,64771540,0,3704864,0,1,1,0,8835251,2602273193,2607116418,450,450,1047,1567255,3138342,926216,49809173,50071,347889382,344122169,0
1789652774.9722648,125.454,6857368,430585,0,224,69,53,66215,500424,19206111,17799212,4188,62820068,45441372,64771540,0,3688468,0,1,1,0,8835251,2602523458,2607366683,450,450,1047,1567255,3138342,922117,49809174,50071,347889382,344122169,0
1789652775.2225358,125.705,6857743,430610,0,224,69,53,66215,500424,19206170,17799212,4188,62820036,45441340,64771540,0,3680052,0,1,1,0,8835251,2602772711,2607615936,450,450,1047,1567254,3138341,920013,49809175,50071,347889382,344122169,0
1789652775.4728131,125.955,6858119,430635,0,224,69,53,66215,500424,19206228,17799212,4188,62820036,45441340,64771540,0,3663668,0,1,1,0,8835251,2603022968,2607866193,450,450,1047,1567254,3138341,915917,49809175,50071,347889382,344122169,0
1789652775.723091,126.205,6858494,430661,0,224,69,53,66215,500424,19206282,17799212,4188,62820036,45441340,64771540,0,3650460,0,1,1,0,8835251,2603273221,2608116447,450,450,1047,1567254,3138341,912615,49809177,50071,347889382,344122169,0
1789652775.9733875,126.456,6858869,430686,0,224,69,53,66215,500424,19206340,17799212,4188,62820036,45441340,64771540,0,3640428,0,1,1,0,8835251,2603522496,2608365722,450,450,1047,1567254,3138341,910107,49809178,50071,347889382,344122169,0
1789652776.2236698,126.706,6859244,430711,0,224,69,53,66215,500424,19206403,17799212,4188,62820036,45441340,64771540,0,3625380,0,1,1,0,8835251,2603771756,2608614981,450,450,1047,1567254,3138341,906345,49809179,50071,347889382,344122169,0
1789652776.4739614,126.956,6859619,430736,0,224,69,53,66215,500424,19206516,17799212,4188,62820036,45441340,64771540,0,3615348,0,1,1,0,8835256,2604021031,2608864262,450,450,1047,1567254,3138341,903837,49809180,50071,347889382,344122169,0
1789652776.7242694,127.206,6859994,430761,0,224,69,53,66215,500424,19206579,17799212,4188,62820036,45441340,64771540,0,3602132,0,1,1,0,8835261,2604270252,2609113540,450,450,1047,1567254,3138341,900533,49809181,50071,347889382,344122169,0
1789652776.9745562,127.457,6860370,430786,0,224,69,53,66215,500424,19206634,17799212,4188,62820036,45441340,64771540,0,3594228,0,1,1,0,8835261,2604520539,2609363827,450,450,1047,1567254,3138341,898557,49809181,50071,347889382,344122169,0
1789652777.22487,127.707,6860745,430811,0,224,69,53,66215,500424,19206704,17799212,4188,62820008,45441312,64771540,0,3577556,0,1,1,0,8835261,2604769815,2609613103,450,450,1047,1567253,3138339,894389,49809183,50071,347889382,344122169,0
1789652777.4751515,127.957,6861120,430836,0,224,69,53,66215,500424,19206751,17799212,4188,62820008,45441312,64771540,0,3569364,0,1,1,0,8835265,2605020036,2609863370,450,450,1047,1567253,3138339,892341,49809183,50071,347889382,344122169,0
1789652777.72545,128.208,6861495,430862,0,224,69,53,66216,500424,19206822,17799204,4148,62820008,45441312,64771540,0,3552976,0,1,1,0,8835270,2605267351,2610110692,450,450,1037,1567253,3138339,888244,49809186,50071,347889382,344122233,0
1789652777.9757392,128.458,6861870,430887,0,224,69,53,66216,500424,19206873,17799204,4148,62820008,45441312,64771540,0,3545088,0,1,1,0,8835270,2605517603,2610360945,450,450,1037,1567253,3138339,886272,49809186,50071,347889382,344122233,0
1789652778.226014,128.708,6862246,430912,0,224,69,53,66216,500424,19206941,17799212,4196,62820008,45441312,64771540,0,3528380,0,1,1,0,8835270,2605767855,2610611197,450,450,1049,1567253,3138339,882095,49809186,50071,347889382,344122233,0
1789652778.4762921,128.959,6862621,430937,0,224,69,53,66216,500424,19206991,17799212,4196,62820004,45441312,64771540,0,3520188,0,1,1,0,8835270,2606018102,2610861443,450,450,1049,1567253,3138339,880047,49809188,50071,347889382,344122233,0
1789652778.7265651,129.209,6862996,430962,0,224,69,53,66216,500424,19207047,17799212,4196,62820004,45441312,64771540,0,3503884,0,1,1,0,8835270,2606268358,2611111700,450,450,1049,1567253,3138339,875971,49809188,50071,347889382,344122233,0
1789652778.9768639,129.459,6863371,430987,0,224,69,53,66216,500424,19207098,17799212,4196,62820004,45441312,64771540,0,3495728,0,1,1,0,8835270,2606517622,2611360963,450,450,1049,1567253,3138339,873932,49809190,50071,347889382,344122233,0
1789652779.2271357,129.709,6863746,431012,0,224,69,53,66216,500424,19207171,17799212,4232,62819960,45441268,64771540,0,3479212,0,1,1,0,8835270,2606767882,2611611224,450,450,1058,1567252,3138337,869803,49809190,50071,347889382,344122333,0
1789652779.4774294,129.96,6864122,431037,0,224,69,53,66216,500424,19207234,17799212,4236,62819960,45441268,64771540,0,3471020,0,1,1,0,8835270,2607017154,2611860495,450,450,1059,1567252,3138337,867755,49809193,50071,347889382,344122333,0
1789652779.7277238,130.21,6864497,431062,0,224,69,53,66216,500424,19207284,17799212,4236,62819960,45441268,64771540,0,3454628,0,1,1,0,8835270,2607267404,2612110746,450,450,1059,1567252,3138337,863657,49809194,50071,347889382,344122333,0
1789652779.9780009,130.46,6864872,431087,0,224,69,53,66216,500424,19207335,17799212,4236,62819960,45441268,64771540,0,3446436,0,1,1,0,8835270,2607516671,2612360013,450,450,1059,1567252,3138337,861609,49809196,50071,347889382,344122333,0
1789652780.2282884,130.711,6865247,431112,0,224,69,53,66216,500424,19207387,17799212,4236,62819960,45441268,64771540,0,3430052,0,1,1,0,8835270,2607766922,2612610264,450,450,1059,1567252,3138337,857513,49809197,50071,347889382,344122333,0
1789652780.4785697,130.961,6865623,431137,0,224,69,53,66216,500424,19207476,17799212,4236,62819960,45441268,64771540,0,3421860,0,1,1,0,8835277,2608016176,2612859526,450,450,1059,1567252,3138337,855465,49809198,50071,347889382,344122333,0
1789652780.7288594,131.211,6865997,431163,0,224,69,53,66216,500424,19207546,17799212,4236,62819960,45441268,64771540,0,3405460,0,1,1,0,8835279,2608263482,2613106832,450,450,1059,1567252,3138337,851365,49809198,50071,347889382,344122333,0
1789652780.9791546,131.461,6866372,431188,0,224,69,53,66216,500424,19207596,17799212,4236,62819684,45440992,64771540,0,3397272,0,1,1,0,8835285,2608513746,2613357106,450,450,1059,1567245,3138323,849318,49809200,50071,347889382,344122333,0
1789652781.2294471,131.712,6866747,431213,0,224,69,53,66216,500424,19207660,17799212,4236,62819928,45441236,64771540,0,3389068,0,1,1,0,8835285,2608763995,2613607355,450,450,1059,1567252,3138336,847267,49809200,50071,347889382,344122333,0
1789652781.479722,131.962,6867122,431238,0,224,69,53,66216,500424,19207721,17799212,4236,62819928,45441236,64771540,0,3372684,0,1,1,0,8835285,2609013252,2613856612,450,450,1059,1567252,3138336,843171,49809201,50071,347889382,344122333,0
1789652781.7299962,132.212,6867498,431263,0,224,69,53,66216,500424,19207780,17799212,4236,62820336,45441644,64771540,0,3356332,0,1,1,0,8835285,2609262504,2614105863,450,450,1059,1567262,3138356,839083,49809201,50071,347889382,344122333,0
1789652781.9802675,132.462,6867873,431288,0,224,69,53,66216,500424,19207829,17799212,4236,62820336,45441644,64771540,0,3348380,0,1,1,0,8835285,2609511763,2614355123,450,450,1059,1567262,3138356,837095,49809202,50071,347889382,344122333,0
1789652782.2305484,132.713,6868248,431313,0,224,69,53,66216,500424,19207893,17799212,4236,62820112,45441420,64771540,0,3339908,0,1,1,0,8835285,2609761020,2614604380,450,450,1059,1567256,3138345,834977,49809203,50071,347889382,344122333,0
1789652782.4808311,132.963,6868623,431338,0,224,69,53,66216,500424,19207946,17799212,4236,62820112,45441420,64771540,0,3323524,0,1,1,0,8835285,2610011271,2614854631,450,450,1059,1567256,3138345,830881,49809203,50071,347889382,344122333,0
1789652782.7311106,133.213,6868998,431363,0,224,69,53,66216,500424,19208016,17799212,4236,62820112,45441420,64771540,0,3307444,0,1,1,0,8835286,2610260531,2615103891,450,450,1059,1567256,3138345,826861,49809205,50071,347889382,344122333,0
1789652782.981402,133.464,6869374,431388,0,224,69,53,66216,500424,19208064,17799212,4236,62820112,45441420,64771540,0,3299260,0,1,1,0,8835286,2610510781,2615354141,450,450,1059,1567256,3138345,824815,49809205,50071,347889382,344122333,0
1789652783.2316728,133.714,6869749,431413,0,224,69,53,66216,500424,19208121,17799212,4236,62820112,45441420,64771540,0,3290740,0,1,1,0,8835286,2610760030,2615603390,450,450,1059,1567256,3138345,822685,49809206,50071,347889382,344122333,0
1789652783.4819498,133.964,6870124,431439,0,224,69,53,66216,500424,19208202,17799212,4236,62819836,45441144,64771540,0,3274356,0,1,1,0,8835286,2611008317,2615851677,450,450,1059,1567249,3138331,818589,49809207,50071,347889382,344122333,0
1789652783.7322397,134.214,6870499,431464,0,224,69,53,66216,500424,19208259,17799212,4016,62819836,45441144,64771540,0,3266156,0,1,1,0,8835286,2611257584,2616100944,450,450,1004,1567249,3138331,816539,49809208,50071,347889382,344122529,0
1789652783.9825292,134.465,6870874,431489,0,224,69,53,66216,500424,19208320,17799212,4016,62819836,45441144,64771540,0,3249772,0,1,1,0,8835286,2611505862,2616349222,450,450,1004,1567249,3138331,812443,49809209,50071,347889382,344122529,0
1789652784.232823,134.715,6871249,431514,0,224,69,53,66216,500424,19208383,17799212,4092,62820056,45441364,64771540,0,3241564,0,1,1,0,8835286,2611755129,2616598490,450,450,1023,1567255,3138342,810391,49809210,50071,347889382,344122617,0
1789652784.4830997,134.965,6871624,431539,0,224,69,53,66216,500424,19208482,17799212,4092,62820056,45441364,64771540,0,3225180,0,1,1,0,8835292,2612003394,2616846760,450,450,1023,1567255,3138342,806295,49809210,50071,347889382,344122617,0
1789652784.7334032,135.216,6871999,431565,0,224,69,53,66216,500424,19208546,17799212,4092,62820056,45441364,64771540,0,3208796,0,1,1,0,8835292,2612251678,2617095044,450,450,1023,1567255,3138342,802199,49809212,50071,347889382,344122617,0
1789652784.9836893,135.466,6872375,431590,0,224,69,53,66216,500424,19208602,17799212,4092,62820056,45441364,64771540,0,3200604,0,1,1,0,8835292,2612500938,2617344305,450,450,1023,1567255,3138342,800151,49809212,50071,347889382,344122617,0
1789652785.233972,135.716,6872750,431615,0,224,69,53,66216,500424,19208669,17799212,4092,62820312,45441620,64771540,0,3192404,0,1,1,0,8835292,2612750204,2617593570,450,450,1023,1567261,3138355,798101,49809214,50071,347889382,344122617,0
1789652785.4842455,135.966,6873125,431640,0,224,69,53,66217,500425,19208732,17799212,4092,62820312,45441620,64771540,0,3176020,0,1,1,0,8835293,2612999468,2617842835,450,450,1023,1567261,3138355,794005,49809214,50071,347889382,344122617,0
1789652785.7345285,136.217,6873500,431665,0,224,69,53,66217,500425,19208778,17799212,4092,62820312,45441620,64771540,0,3167812,0,1,1,0,8835293,2613248724,2618092090,450,450,1023,1567261,3138355,791953,49809215,50071,347889382,344122617,0
1789652785.9848135,136.467,6873875,431690,0,224,69,53,66217,500425,19208839,17799212,4092,62820312,45441620,64771540,0,3151428,0,1,1,0,8835293,2613497003,2618340369,450,450,1023,1567261,3138355,787857,49809216,50071,347889382,344122617,0
1789652786.2350857,136.717,6874250,431715,0,224,69,53,66217,500425,19208901,17799212,4092,62820312,45441620,64771540,0,3143356,0,1,1,0,8835293,2613746267,2618589633,450,450,1023,1567261,3138355,785839,49809217,50071,347889382,344122617,0
1789652786.4853923,136.968,6874625,431741,0,224,69,53,66217,500425,19208998,17799212,4092,62820036,45441344,64771540,0,3126972,0,1,1,0,8835293,2613994559,2618837925,450,450,1023,1567254,3138341,781743,49809221,50071,347889382,344122617,0
1789652786.735663,137.218,6875000,431766,0,224,69,53,66217,500425,19209045,17799212,4092,62820036,45441344,64771540,0,3118772,0,1,1,0,8835294,2614243812,2619087179,450,450,1023,1567254,3138341,779693,49809221,50071,347889382,344122617,0
1789652786.9859443,137.468,6875373,431792,0,224,69,53,66217,500425,19209281,17799212,212,62819128,45440436,64771540,0,3102432,0,1,1,0,8835327,2614476063,2619319430,450,450,53,1567232,3138296,775608,49809898,50071,347889382,344126577,0
1789652787.2362766,137.718,6875742,431817,0,224,69,53,66221,500428,19210191,17799208,4372,62817564,45438800,64771540,0,3094060,0,1,1,0,8835435,2614679881,2619527109,450,450,1093,1567192,3138217,773515,49816278,50071,347889382,344126577,0
1789652787.486633,137.969,6876117,431842,0,224,69,53,66221,500429,19210297,17799208,4372,62817564,45438800,64771540,0,3077676,0,1,1,0,8835436,2614927216,2619774444,450,450,1093,1567192,3138217,769419,49816279,50071,347889382,344126577,0
1789652787.7369394,138.219,6876492,431867,0,224,69,53,66221,500429,19210342,17799208,4372,62817564,45438800,64771540,0,3069484,0,1,1,0,8835442,2615176460,2620023716,450,450,1093,1567192,3138217,767371,49816279,50071,347889382,344126577,0
1789652787.98724,138.469,6876867,431892,0,224,69,53,66221,500429,19210407,17799208,4372,62817564,45438800,64771540,0,3053100,0,1,1,0,8835442,2615424762,2620272019,450,450,1093,1567192,3138217,763275,49816281,50071,347889382,344126577,0
1789652788.2375367,138.72,6877242,431917,0,224,69,53,66221,500429,19210493,17799216,4388,62818376,45439596,64771540,0,3036708,0,1,1,0,8835447,2615673028,2620520294,450,450,1097,1567212,3138257,759177,49816282,50071,347889382,344126577,0
1789652788.4878213,138.97,6877617,431943,0,224,69,53,66221,500429,19210582,17799216,4388,62818908,45440128,64771540,0,3028516,0,1,1,0,8835453,2615922286,2620769559,450,450,1097,1567226,3138284,757129,49816283,50071,347889382,344126577,0
1789652788.7381077,139.22,6877993,431968,0,224,69,53,66221,500429,19210627,17799216,4388,62818908,45440128,64771540,0,3020308,0,1,1,0,8835453,2616171546,2621018819,450,450,1097,1567226,3138284,755077,49816284,50071,347889382,344126577,0
1789652788.9884076,139.471,6878368,431993,0,224,69,53,66221,500429,19210703,17799216,4388,62818908,45440128,64771540,0,3003924,0,1,1,0,8835453,2616419831,2621267104,450,450,1097,1567226,3138284,750981,49816285,50071,347889382,344126577,0
1789652789.2386887,139.721,6878743,432018,0,224,69,53,66221,500429,19210793,17799216,4420,62819724,45440944,64771540,0,2995852,0,1,1,0,8835454,2616669099,2621516372,450,450,1105,1567246,3138325,748963,49816286,50071,347889382,344126629,0
1789652789.4889748,139.971,6879118,432043,0,224,69,53,66221,500429,19210869,17799216,4420,62819724,45440944,64771540,0,2979468,0,1,1,0,8835454,2616917390,2621764663,450,450,1105,1567246,3138325,744867,49816287,50071,347889382,344126629,0
1789652789.739276,140.221,6879493,432068,0,224,69,53,66221,500429,19210922,17799216,4420,62819724,45440944,64771540,0,2971268,0,1,1,0,8835454,2617166662,2622013935,450,450,1105,1567246,3138325,742817,49816287,50071,347889382,344126629,0
1789652789.9895623,140.472,6879868,432094,0,224,69,53,66221,500429,19210983,17799216,4420,62819724,45440944,64771540,0,2955052,0,1,1,0,8835454,2617414942,2622262215,450,450,1105,1567246,3138325,738763,49816289,50071,347889382,344126629,0
1789652790.2398489,140.722,6880243,432119,0,224,69,53,66221,500429,19211036,17799216,4420,62819852,45441072,64771540,0,2946556,0,1,1,0,8835454,2617664201,2622511474,450,450,1105,1567249,3138331,736639,49816289,50071,347889382,344126629,0
1789652790.4901319,140.972,6880618,432144,0,224,69,53,66221,500429,19211122,17799216,4420,62819852,45441072,64771540,0,2930172,0,1,1,0,8835455,2617912504,2622759777,450,450,1105,1567249,3138331,732543,49816292,50071,347889382,344126629,0
1789652790.7404315,141.223,6880994,432169,0,224,69,53,66221,500429,19211172,17799216,4420,62819852,45441072,64771540,0,2921980,0,1,1,0,8835455,2618161761,2623009034,450,450,1105,1567249,3138331,730495,49816292,50071,347889382,344126629,0
1789652790.9907117,141.473,6881369,432194,0,224,69,53,66221,500429,19211235,17799216,4420,62819852,45441072,64771540,0,2905596,0,1,1,0,8835455,2618410053,2623257326,450,450,1105,1567249,3138331,726399,49816292,50071,347889382,344126629,0
1789652791.2410014,141.723,6881744,432219,0,224,69,53,66221,500429,19211295,17799216,4420,62819600,45440820,64771540,0,2897700,0,1,1,0,8835455,2618660299,2623507572,450,450,1105,1567243,3138318,724425,49816294,50071,347889382,344126629,0
1789652791.4912736,141.973,6882119,432245,0,224,69,53,66221,500429,19211360,17799216,4420,62819600,45440820,64771540,0,2881220,0,1,1,0,8835455,2618908569,2623755842,450,450,1105,1567243,3138318,720305,49816294,50071,347889382,344126629,0
1789652791.7415533,142.224,6882494,432270,0,224,69,53,66221,500429,19211418,17799216,4420,62819600,45440820,64771540,0,2872888,0,1,1,0,8835456,2619157829,2624005102,450,450,1105,1567243,3138318,718222,49816296,50071,347889382,344126629,0
1789652791.9918232,142.474,6882869,432295,0,224,69,53,66221,500429,19211480,17799216,4420,62819600,45440820,64771540,0,2856540,0,1,1,0,8835456,2619406094,2624253367,450,450,1105,1567243,3138318,714135,49816296,50071,347889382,344126629,0
1789652792.242095,142.724,6883244,432320,0,224,69,53,66221,500429,19211537,17799216,4420,62819600,45440820,64771540,0,2848228,0,1,1,0,8835456,2619655350,2624502623,450,450,1105,1567243,3138318,712057,49816297,50071,347889382,344126629,0
1789652792.49239,142.975,6883619,432345,0,224,69,53,66221,500429,19211636,17799216,4420,62819600,45440820,64771540,0,2831844,0,1,1,0,8835464,2619903628,2624750912,450,450,1105,1567243,3138318,707961,49816298,50071,347889382,344126629,0
1789652792.7426713,143.225,6883995,432370,0,224,69,53,66221,500429,19211687,17799216,4420,62819600,45440820,64771540,0,2823644,0,1,1,0,8835464,2620152889,2625000173,450,450,1105,1567243,3138318,705911,49816299,50071,347889382,344126629,0
1789652792.9929547,143.475,6884370,432396,0,224,69,53,66221,500429,19211791,17799216,4420,62819600,45440820,64771540,0,2807380,0,1,1,0,8835464,2620402149,2625249433,450,450,1105,1567243,3138318,701845,49816301,50071,347889382,344126629,0
1789652793.2432282,143.725,6884745,432421,0,224,69,53,66221,500429,19211857,17799216,4420,62819600,45440820,64771540,0,2799052,0,1,2,0,8835464,2620651422,2625498705,450,450,1105,1567243,3138318,699763,49816302,50071,347889382,344126629,0
1789652793.4935224,143.976,6885120,432446,0,224,69,53,66221,500429,19211919,17799216,4420,62819600,45440820,64771540,0,2782668,0,1,1,0,8835465,2620900688,2625747971,450,450,1105,1567243,3138318,695667,49816303,50071,347889382,344126629,0
1789652793.7438195,144.226,6885495,432471,0,224,69,53,66221,500429,19211964,17799216,4420,62819600,45440820,64771540,0,2774476,0,1,1,0,8835465,2621149954,2625997237,450,450,1105,1567243,3138318,693619,49816305,50071,347889382,344126629,0
1789652793.9940968,144.476,6885870,432496,0,224,69,53,66221,500429,19212023,17799216,4420,62819600,45440820,64771540,0,2758092,0,1,1,0,8835465,2621398228,2626245512,450,450,1105,1567243,3138318,689523,49816305,50071,347889382,344126629,0
1789652794.2443948,144.727,6886245,432521,0,224,69,53,66221,500429,19212082,17799216,4420,62819600,45440820,64771540,0,2745856,0,1,1,0,8835465,2621647507,2626494791,450,450,1105,1567243,3138318,686464,49816306,50071,347889382,344126629,0
1789652794.4946787,144.977,6886621,432546,0,224,69,53,66222,500429,19212144,17799204,4420,62819600,45440820,64771540,0,2737916,0,1,1,0,8835465,2621897765,2626745049,450,450,1105,1567243,3138318,684479,49816307,50071,347889382,344126689,0
1789652794.7449565,145.227,6886996,432572,0,224,69,53,66222,500429,19212203,17799204,4420,62819600,45440820,64771540,0,2721468,0,1,1,0,8835465,2622148017,2626995301,450,450,1105,1567243,3138318,680367,49816308,50071,347889382,344126689,0
1789652794.9952426,145.477,6887371,432597,0,224,69,53,66222,500429,19212256,17799204,4420,62819600,45440820,64771540,0,2713080,0,1,1,0,8835465,2622398285,2627245568,450,450,1105,1567243,3138318,678270,49816309,50071,347889382,344126689,0
1789652795.2455258,145.728,6887746,432622,0,224,69,53,66222,500429,19212321,17799216,4452,62819856,45441076,64771540,0,2700732,0,1,1,0,8835465,2622647547,2627494831,450,450,1113,1567249,3138331,675183,49816309,50071,347889382,344126689,0
1789652795.4958093,145.978,6888121,432647,0,224,69,53,66222,500429,19212380,17799216,4452,62819856,45441076,64771540,0,2684348,0,1,1,0,8835465,2622896802,2627744086,450,450,1113,1567249,3138331,671087,49816310,50071,347889382,344126689,0
1789652795.7460885,146.228,6888497,432672,0,224,69,53,66222,500429,19212434,17799216,4452,62819856,45441076,64771540,0,2676156,0,1,1,0,8835465,2623146064,2627993348,450,450,1113,1567249,3138331,669039,49816311,50071,347889382,344126689,0
1789652795.9963813,146.479,6888872,432697,0,224,69,53,66222,500429,19212485,17799216,4452,62819856,45441076,64771540,0,2659772,0,1,1,0,8835466,2623395335,2628242619,450,450,1113,1567249,3138331,664943,49816312,50071,347889382,344126689,0
1789652796.2466552,146.729,6889247,432722,0,224,69,53,66222,500429,19212538,17799216,4452,62819856,45441076,64771540,0,2651580,0,1,1,0,8835466,2623645590,2628492874,450,450,1113,1567249,3138331,662895,49816313,50071,347889382,344126689,0
1789652796.4969382,146.979,6889622,432747,0,224,69,53,66222,500429,19212661,17799216,4452,62819856,45441076,64771540,0,2635196,0,1,1,0,8835471,2623892887,2628740177,450,450,1113,1567249,3138331,658799,49816316,50071,347889382,344126689,0
1789652796.747239,147.229,6889997,432772,0,224,69,53,66222,500429,19212710,17799216,4452,62819856,45441076,64771540,0,2627004,0,1,1,0,8835471,2624142169,2628989458,450,450,1113,1567249,3138331,656751,49816316,50071,347889382,344126689,0
1789652796.9975536,147.48,6890370,432797,0,224,69,53,66222,500432,19212775,17799216,4452,62819604,45440824,64771540,0,2618812,0,1,1,0,8835473,2624371373,2629218663,450,450,1113,1567243,3138319,654703,49816321,50071,347889382,344126689,0
1789652797.2478635,147.73,6890745,432823,0,224,69,53,66222,500432,19212848,17799216,4452,62819692,45440912,64771540,0,2602428,0,1,1,0,8835473,2624620642,2629467932,450,450,1113,1567245,3138323,650607,49816321,50071,347889382,344126689,0
1789652797.4981527,147.98,6891120,432848,0,224,69,53,66222,500432,19212907,17799216,4452,62819692,45440912,64771540,0,2594236,0,1,1,0,8835473,2624869920,2629717210,450,450,1113,1567245,3138323,648559,49816323,50071,347889382,344126689,0
1789652797.7484455,148.231,6891495,432873,0,224,69,53,66222,500432,19212965,17799216,4452,62819692,45440912,64771540,0,2577996,0,1,1,0,8835474,2625119179,2629966469,450,450,1113,1567245,3138323,644499,49816323,50071,347889382,344126689,0
1789652797.9987307,148.481,6891871,432898,0,224,69,53,66222,500432,19213010,17799216,4452,62819692,45440912,64771540,0,2569708,0,1,1,0,8835474,2625369444,2630216734,450,450,1113,1567245,3138323,642427,49816325,50071,347889382,344126689,0
1789652798.2490144,148.731,6892246,432923,0,224,69,53,66222,500432,19213083,17799216,4452,62819948,45441168,64771540,0,2553276,0,1,1,0,8835474,2625619703,2630466993,450,450,1113,1567252,3138336,638319,49816326,50071,347889382,344126689,0
1789652798.4993083,148.982,6892621,432948,0,224,69,53,66222,500432,19213130,17799216,4452,62819948,45441168,64771540,0,2545084,0,1,1,0,8835474,2625869963,2630717253,450,450,1113,1567252,3138336,636271,49816327,50071,347889382,344126689,0
1789652798.749589,149.232,6892996,432973,0,224,69,53,66222,500432,19213181,17799216,4452,62819948,45441168,64771540,0,2528700,0,1,1,0,8835474,2626119221,2630966511,450,450,1113,1567252,3138336,632175,49816328,50071,347889382,344126689,0
1789652798.999866,149.482,6893372,432998,0,224,69,53,66222,500432,19213229,17799216,4452,62819948,45441168,64771540,0,2520508,0,1,1,0,8835474,2626369475,2631216765,450,450,1113,1567252,3138336,630127,49816329,50071,347889382,344126689,0
1789652799.250144,149.732,6893747,433023,0,224,69,53,66222,500432,19213294,17799216,4452,62819708,45440928,64771540,0,2504504,0,1,2,0,8835474,2626618753,2631466043,450,450,1113,1567246,3138324,626126,49816329,50071,347889382,344126689,0
1789652799.5004408,149.983,6894122,433048,0,224,69,53,66222,500432,19213351,17799216,4452,62819708,45440928,64771540,0,2495932,0,1,1,0,8835474,2626869006,2631716296,450,450,1113,1567246,3138324,623983,49816329,50071,347889382,344126689,0
1789652799.7507188,150.233,6894497,433073,0,224,69,53,66222,500432,19213412,17799204,4452,62819708,45440928,64771540,0,2479932,0,1,1,0,8835474,2627118274,2631965564,450,450,1113,1567246,3138324,619983,49816330,50071,347889382,344126777,0
1789652800.0010056,150.483,6894872,433099,0,224,69,53,66222,500432,19213473,17799204,4452,62819708,45440928,64771540,0,2471720,0,1,1,0,8835474,2627367535,2632214825,450,450,1113,1567246,3138324,617930,49816331,50071,347889382,344126777,0
1789652800.2512817,150.733,6895247,433124,0,224,69,53,66222,500432,19213532,17799216,4484,62819708,45440928,64771540,0,2454972,0,1,1,0,8835474,2627616789,2632464079,450,450,1121,1567246,3138324,613743,49816332,50071,347889382,344126777,0
1789652800.5015543,150.984,6895623,433149,0,224,69,53,66222,500432,19213618,17799216,4484,62819708,45440928,64771540,0,2446780,0,1,1,0,8835480,2627866037,2632713334,450,450,1121,1567246,3138324,611695,49816332,50071,347889382,344126777,0
1789652800.751838,151.234,6895998,433174,0,224,69,53,66223,500432,19213669,17799216,4484,62819708,45440928,64771540,0,2430396,0,1,1,0,8835480,2628115300,2632962596,450,450,1121,1567246,3138324,607599,49816334,50071,347889382,344126777,0
1789652801.0021145,151.484,6896373,433199,0,224,69,53,66223,500432,19213718,17799216,4484,62819708,45440928,64771540,0,2422204,0,1,1,0,8835480,2628364554,2633211850,450,450,1121,1567246,3138324,605551,49816335,50071,347889382,344126777,0
1789652801.2524064,151.735,6896748,433224,0,224,69,53,66223,500432,19213793,17799216,4484,62819708,45440928,64771540,0,2405820,0,1,1,0,8835480,2628613814,2633461110,450,450,1121,1567246,3138324,601455,49816337,50071,347889382,344126777,0
1789652801.5026872,151.985,6897123,433249,0,224,69,53,66223,500432,19213845,17799216,4484,62819708,45440928,64771540,0,2397628,0,1,1,0,8835480,2628864071,2633711367,450,450,1121,1567246,3138324,599407,49816337,50071,347889382,344126777,0
1789652801.7529733,152.235,6897499,433274,0,224,69,53,66223,500432,19213897,17799216,4484,62819708,45440928,64771540,0,2381244,0,1,1,0,8835480,2629113328,2633960624,450,450,1121,1567246,3138324,595311,49816338,50071,347889382,344126777,0
1789652802.0032673,152.485,6897874,433300,0,224,69,53,66223,500432,19213966,17799216,4484,62819708,45440928,64771540,0,2373052,0,1,1,0,8835481,2629362603,2634209900,450,450,1121,1567246,3138324,593263,49816339,50071,347889382,344126777,0
1789652802.253542,152.736,6898249,433325,0,224,69,53,66223,500432,19214027,17799216,4484,62819708,45440928,64771540,0,2356700,0,1,1,0,8835481,2629611859,2634459156,450,450,1121,1567246,3138324,589175,49816340,50071,347889382,344126777,0
1789652802.503816,152.986,6898624,433350,0,224,69,53,66223,500432,19214078,17799216,4484,62819708,45440928,64771540,0,2348792,0,1,1,0,8835481,2629861116,2634708413,450,450,1121,1567246,3138324,587198,49816340,50071,347889382,344126777,0
1789652802.7540889,153.236,6898999,433375,0,224,69,53,66223,500432,19214130,17799216,4484,62819708,45440928,64771540,0,2332512,0,1,1,0,8835481,2630111363,2634958660,450,450,1121,1567246,3138324,583128,49816342,50071,347889382,344126777,0
1789652803.0043795,153.487,6899374,433400,0,224,69,53,66223,500432,19214182,17799216,4484,62819708,45440928,64771540,0,2323984,0,1,1,0,8835481,2630360633,2635207929,450,450,1121,1567246,3138324,580996,49816342,50071,347889382,344126777,0
1789652803.2546566,153.737,6899749,433425,0,224,69,53,66223,500432,19214261,17799216,4484,62819708,45440928,64771540,0,2307516,0,1,1,0,8835482,2630608917,2635456214,450,450,1121,1567246,3138324,576879,49816344,50071,347889382,344126777,0
1789652803.5049415,153.987,6900125,433450,0,224,69,53,66223,500432,19214316,17799216,4484,62819708,45440928,64771540,0,2299324,0,1,1,0,8835482,2630858177,2635705473,450,450,1121,1567246,3138324,574831,49816344,50071,347889382,344126777,0
1789652803.7552195,154.237,6900500,433476,0,224,69,53,66223,500432,19214390,17799216,4484,62819708,45440928,64771540,0,2282940,0,1,1,0,8835482,2631106468,2635953764,450,450,1121,1567246,3138324,570735,49816344,50071,347889382,344126777,0
1789652804.0055149,154.488,6900875,433501,0,224,69,53,66223,500432,19214437,17799216,4484,62819708,45440928,64771540,0,2274748,0,1,1,0,8835482,2631355724,2636203020,450,450,1121,1567246,3138324,568687,49816346,50071,347889382,344126777,0
1789652804.2557862,154.738,6901250,433526,0,224,69,53,66223,500432,19214510,17799216,4484,62819708,45440928,64771540,0,2258364,0,1,1,0,8835482,2631603993,2636451290,450,450,1121,1567246,3138324,564591,49816346,50071,347889382,344126777,0
1789652804.5060606,154.988,6901625,433551,0,224,69,53,66223,500432,19214591,17799216,4484,62819708,45440928,64771540,0,2250172,0,1,1,0,8835487,2631853239,2636700541,450,450,1121,1567246,3138324,562543,49816347,50071,347889382,344126777,0
1789652804.7563577,155.239,6902000,433576,0,224,69,53,66223,500433,19214652,17799216,4484,62819708,45440928,64771540,0,2233788,0,1,1,0,8835488,2632101538,2636948841,450,450,1121,1567246,3138324,558447,49816348,50071,347889382,344126777,0
1789652805.0066454,155.489,6902375,433602,0,224,69,53,66223,500433,19214711,17799204,4484,62819708,45440928,64771540,0,2225596,0,1,1,0,8835488,2632350807,2637198110,450,450,1121,1567246,3138324,556399,49816349,50071,347889382,344126845,0
1789652805.2569356,155.739,6902750,433627,0,224,69,53,66223,500433,19214793,17799216,4484,62819708,45440928,64771540,0,2209212,0,1,1,0,8835488,2632599084,2637446387,450,450,1121,1567246,3138324,552303,49816350,50071,347889382,344126845,0
1789652805.5072138,155.989,6903126,433652,0,224,69,53,66223,500433,19214853,17799216,4484,62819708,45440928,64771540,0,2201020,0,1,1,0,8835488,2632848356,2637695659,450,450,1121,1567246,3138324,550255,49816351,50071,347889382,344126845,0
1789652805.7575028,156.24,6903501,433677,0,224,69,53,66223,500433,19214911,17799216,4484,62819708,45440928,64771540,0,2184636,0,1,1,0,8835488,2633097614,2637944917,450,450,1121,1567246,3138324,546159,49816351,50071,347889382,344126845,0
1789652806.0077927,156.49,6903876,433702,0,224,69,53,66223,500433,19214958,17799216,4484,62819708,45440928,64771540,0,2176444,0,1,1,0,8835488,2633346877,2638194180,450,450,1121,1567246,3138324,544111,49816353,50071,347889382,344126845,0
1789652806.2580633,156.74,6904251,433727,0,224,69,53,66223,500433,19215021,17799216,4484,62819708,45440928,64771540,0,2160180,0,1,1,0,8835489,2633595151,2638442454,450,450,1121,1567246,3138324,540045,49816353,50071,347889382,344126845,0
1789652806.50836,156.991,6904626,433753,0,224,69,53,66223,500433,19215111,17799216,4484,62819708,45440928,64771540,0,2151988,0,1,1,0,8835489,2633843454,2638690757,450,450,1121,1567246,3138324,537997,49816362,50071,347889382,344126845,0
1789652806.7586539,157.241,6905001,433778,0,224,69,53,66223,500433,19215171,17799216,4484,62819708,45440928,64771540,0,2135604,0,1,1,0,8835489,2634091736,2638939039,450,450,1121,1567246,3138324,533901,49816362,50071,347889382,344126845,0
1789652807.0089438,157.491,6905376,433803,0,224,69,53,66223,500433,19215230,17799216,4484,62819708,45440928,64771540,0,2127412,0,1,1,0,8835489,2634341029,2639188332,450,450,1121,1567246,3138324,531853,49816364,50071,347889382,344126845,0
1789652807.2592747,157.741,6905751,433828,0,224,69,53,66223,500433,19215295,17799216,4484,62819708,45440928,64771540,0,2110908,0,1,1,0,8835490,2634590316,2639437619,450,450,1121,1567246,3138324,527727,49816365,50071,347889382,344126845,0
1789652807.50956,157.992,6906127,433853,0,224,69,53,66223,500433,19215354,17799216,4484,62819708,45440928,64771540,0,2102716,0,1,1,0,8835490,2634839583,2639686886,450,450,1121,1567246,3138324,525679,49816366,50071,347889382,344126845,0
1789652807.7598507,158.242,6906502,433878,0,224,69,53,66223,500433,19215422,17799216,4484,62819708,45440928,64771540,0,2086332,0,1,1,0,8835490,2635087874,2639935177,450,450,1121,1567246,3138324,521583,49816367,50071,347889382,344126845,0
1789652808.0101292,158.492,6906877,433904,0,224,69,53,66223,500433,19215474,17799216,4484,62819708,45440928,64771540,0,2078260,0,1,2,0,8835490,2635337133,2640184436,450,450,1121,1567246,3138324,519565,49816367,50071,347889382,344126845,0
1789652808.260431,158.743,6907252,433929,0,224,69,53,66223,500433,19215538,17799216,4484,62819708,45440928,64771540,0,2061756,0,1,1,0,8835491,2635585410,2640432713,450,450,1121,1567246,3138324,515439,49816368,50071,347889382,344126845,0
1789652808.5107195,158.993,6907627,433954,0,224,69,53,66223,500433,19215631,17799216,4424,62819708,45440928,64771540,0,2053596,0,1,1,0,8835496,2635834686,2640681996,450,450,1106,1567246,3138324,513399,49816370,50071,347889382,344126877,0
1789652808.7610133,159.243,6908002,433979,0,224,69,53,66223,500433,19215688,17799216,4424,62819708,45440928,64771540,0,2037212,0,1,1,0,8835497,2636082967,2640930277,450,450,1106,1567246,3138324,509303,49816371,50071,347889382,344126877,0
1789652809.0112934,159.494,6908377,434004,0,224,69,53,66223,500433,19215735,17799216,4424,62819708,45440928,64771540,0,2029020,0,1,1,0,8835497,2636332226,2641179535,450,450,1106,1567246,3138324,507255,49816372,50071,347889382,344126877,0
1789652809.2615685,159.744,6908752,434029,0,224,69,53,66223,500433,19215828,17799216,4428,62819708,45440928,64771540,0,2012604,0,1,1,0,8835497,2636580497,2641427807,450,450,1107,1567246,3138324,503151,49816373,50071,347889382,344126877,0
1789652809.5118408,159.994,6909127,434055,0,224,69,53,66223,500433,19215885,17799216,4428,62819708,45440928,64771540,0,2004412,0,1,1,0,8835497,2636829754,2641677063,450,450,1107,1567246,3138324,501103,49816373,50071,347889382,344126877,0
1789652809.762131,160.244,6909503,434080,0,224,69,53,66223,500433,19215940,17799216,4428,62819708,45440928,64771540,0,1988028,0,1,1,0,8835497,2637078034,2641925344,450,450,1107,1567246,3138324,497007,49816375,50071,347889382,344126877,0
1789652810.0124238,160.495,6909878,434105,0,224,69,53,66224,500433,19215985,17799216,4428,62819708,45440928,64771540,0,1979836,0,1,1,0,8835497,2637328282,2642175591,450,450,1107,1567246,3138324,494959,49816375,50071,347889382,344126877,0
1789652810.2627072,160.745,6910253,434130,0,224,69,53,66224,500433,19216064,17799204,4428,62819468,45440688,64771540,0,1963784,0,1,1,0,8835498,2637576572,2642423882,450,450,1107,1567240,3138312,490946,49816377,50071,347889382,344126929,0
1789652810.512997,160.995,6910628,434155,0,224,69,53,66224,500433,19216128,17799196,4428,62819468,45440688,64771540,0,1955584,0,1,1,0,8835498,2637823873,2642671183,450,450,1107,1567240,3138312,488896,49816377,50071,347889382,344126965,0
1789652810.7632737,161.245,6911003,434181,0,224,69,53,66224,500433,19216175,17799196,4428,62819468,45440688,64771540,0,1947372,0,1,1,0,8835498,2638073131,2642920441,450,450,1107,1567240,3138312,486843,49816378,50071,347889382,344126965,0
1789652811.013543,161.496,6911378,434206,0,224,69,53,66224,500433,19216247,17799196,4428,62819468,45440688,64771540,0,1930804,0,1,1,0,8835498,2638321405,2643168715,450,450,1107,1567240,3138312,482701,49816378,50071,347889382,344126965,0
1789652811.2638302,161.746,6911753,434231,0,224,69,53,66224,500433,19216306,17799216,4456,62819408,45440628,64771540,0,1922492,0,1,1,0,8835498,2638570673,2643417983,450,450,1114,1567238,3138309,480623,49816380,50071,347889382,344126965,0
1789652811.5141044,161.996,6912128,434256,0,224,69,53,66224,500433,19216367,17799216,4456,62819408,45440628,64771540,0,1906108,0,1,1,0,8835499,2638819926,2643667236,450,450,1114,1567238,3138309,476527,49816381,50071,347889382,344126965,0
1789652811.764395,162.247,6912504,434281,0,224,69,53,66224,500433,19216417,17799216,4456,62819408,45440628,64771540,0,1897916,0,1,1,0,8835499,2639069187,2643916497,450,450,1114,1567238,3138309,474479,49816382,50071,347889382,344126965,0
1789652812.014673,162.497,6912879,434306,0,224,69,53,66224,500433,19216478,17799216,4456,62819408,45440628,64771540,0,1881532,0,1,1,0,8835499,2639317460,2644164770,450,450,1114,1567238,3138309,470383,49816382,50071,347889382,344126965,0
1789652812.2649477,162.747,6913254,434332,0,224,69,53,66224,500433,19216542,17799216,4456,62819408,45440628,64771540,0,1873460,0,1,1,0,8835499,2639566716,2644414026,450,450,1114,1567238,3138309,468365,49816382,50071,347889382,344126965,0
1789652812.5152273,162.997,6913629,434357,0,224,69,53,66224,500433,19216637,17799216,4456,62819408,45440628,64771540,0,1857076,0,1,1,0,8835505,2639814996,2644662312,450,450,1114,1567238,3138309,464269,49816384,50071,347889382,344126965,0
1789652812.7655149,163.248,6914004,434382,0,224,69,53,66224,500433,19216686,17799216,4456,62819408,45440628,64771540,0,1848884,0,1,1,0,8835505,2640064259,2644911575,450,450,1114,1567238,3138309,462221,49816385,50071,347889382,344126965,0
1789652813.015797,163.498,6914379,434407,0,224,69,53,66224,500433,19216750,17799216,4456,62819408,45440628,64771540,0,1832620,0,1,1,0,8835505,2640312529,2645159845,450,450,1114,1567238,3138309,458155,49816386,50071,347889382,344126965,0
1789652813.2660687,163.748,6914754,434432,0,224,69,53,66224,500433,19216827,17799216,4456,62819408,45440628,64771540,0,1815076,0,1,1,0,8835505,2640560796,2645408112,450,450,1114,1567238,3138309,453769,49816386,50071,347889382,344126965,0
1789652813.5163612,163.999,6915129,434457,0,224,69,53,66224,500433,19216891,17799216,4456,62819408,45440628,64771540,0,1805964,0,1,1,0,8835505,2640811064,2645658380,450,450,1114,1567238,3138309,451491,49816387,50071,347889382,344126965,0
1789652813.7666447,164.249,6915505,434482,0,224,69,53,66224,500433,19216932,17799216,4456,62819408,45440628,64771540,0,1797772,0,1,1,0,8835505,2641061330,2645908646,450,450,1114,1567238,3138309,449443,49816389,50071,347889382,344126965,0
1789652814.0169363,164.499,6915880,434507,0,224,69,53,66224,500433,19216979,17799216,4456,62819408,45440628,64771540,0,1781388,0,1,1,0,8835505,2641311583,2646158899,450,450,1114,1567238,3138309,445347,49816390,50071,347889382,344126965,0
1789652814.267211,164.749,6916255,434532,0,224,69,53,66224,500433,19217037,17799216,4456,62819408,45440628,64771540,0,1773196,0,1,1,0,8835505,2641561844,2646409161,450,450,1114,1567238,3138309,443299,49816391,50071,347889382,344126965,0
1789652814.5175025,165.0,6916630,434558,0,224,69,53,66224,500433,19217094,17799216,4456,62819408,45440628,64771540,0,1756812,0,1,1,0,8835505,2641811097,2646658414,450,450,1114,1567238,3138309,439203,49816392,50071,347889382,344126965,0
1789652814.7677722,165.25,6917006,434583,0,224,69,53,66224,500433,19217139,17799216,4456,62819408,45440628,64771540,0,1748620,0,1,1,0,8835505,2642061341,2646908658,450,450,1114,1567238,3138309,437155,49816392,50071,347889382,344126965,0
1789652815.0180562,165.5,6917381,434608,0,224,69,53,66224,500433,19217191,17799216,4284,62819408,45440628,64771540,0,1732236,0,1,1,0,8835505,2642311599,2647158915,450,450,1071,1567238,3138309,433059,49816395,50071,347889382,344127077,0
1789652815.268352,165.751,6917756,434633,0,224,69,53,66224,500433,19217252,17799216,4284,62819408,45440628,64771540,0,1724044,0,1,1,0,8835505,2642561870,2647409186,450,450,1071,1567238,3138309,431011,49816395,50071,347889382,344127077,0
1789652815.518637,166.001,6918131,434658,0,224,69,53,66224,500433,19217326,17799204,4284,62819408,45440628,64771540,0,1707660,0,1,1,0,8835505,2642811139,2647658456,450,450,1071,1567238,3138309,426915,49816397,50071,347889382,344127157,0
1789652815.7689247,166.251,6918507,434683,0,224,69,53,66224,500433,19217367,17799204,4284,62819408,45440628,64771540,0,1699468,0,1,1,0,8835505,2643061390,2647908706,450,450,1071,1567238,3138309,424867,49816397,50071,347889382,344127157,0
1789652816.019201,166.501,6918882,434708,0,224,69,53,66225,500433,19217418,17799204,4284,62819408,45440628,64771540,0,1683084,0,1,2,0,8835505,2643311669,2648158985,450,450,1071,1567238,3138309,420771,49816397,50071,347889382,344127157,0
1789652816.2695074,166.752,6919257,434733,0,224,69,53,66225,500433,19217472,17799216,4352,62819408,45440628,64771540,0,1674892,0,1,1,0,8835505,2643561922,2648409238,450,450,1088,1567238,3138309,418723,49816398,50071,347889382,344127157,0
1789652816.519797,167.002,6919632,434758,0,224,69,53,66225,500434,19217590,17799216,4352,62819408,45440628,64771540,0,1658508,0,1,1,0,8835510,2643810210,2648657533,450,450,1088,1567238,3138309,414627,49816401,50071,347889382,344127157,0
1789652816.7700994,167.252,6920007,434783,0,224,69,53,66225,500434,19217638,17799216,4352,62819408,45440628,64771540,0,1650316,0,1,1,0,8835510,2644060469,2648907791,450,450,1088,1567238,3138309,412579,49816403,50071,347889382,344127157,0
1789652817.0204062,167.503,6920382,434808,0,224,69,53,66225,500434,19217702,17799216,4352,62819408,45440628,64771540,0,1633932,0,1,1,0,8835510,2644310763,2649158086,450,450,1088,1567238,3138309,408483,49816406,50071,347889382,344127157,0
1789652817.270734,167.753,6920758,434833,0,224,69,53,66225,500434,19217767,17799216,4356,62819408,45440628,64771540,0,1625868,0,1,1,0,8835510,2644561042,2649408365,450,450,1089,1567238,3138309,406467,49816408,50071,347889382,344127157,0
1789652817.521034,168.003,6921133,434858,0,224,69,53,66225,500434,19217823,17799216,4356,62819408,45440628,64771540,0,1609644,0,1,1,0,8835510,2644811303,2649658626,450,450,1089,1567238,3138309,402411,49816408,50071,347889382,344127157,0
1789652817.7713525,168.254,6921508,434883,0,224,69,53,66225,500434,19217865,17799216,4356,62819408,45440628,64771540,0,1601380,0,1,1,0,8835510,2645061584,2649908906,450,450,1089,1567238,3138309,400345,49816410,50071,347889382,344127157,0
1789652818.0216367,168.504,6921881,434910,0,224,69,53,66225,500434,19218070,17799216,456,62818248,45439468,64771540,0,1585344,0,1,1,0,8835515,2645294724,2650142047,450,450,114,1567209,3138251,396336,49817089,50071,347889382,344131405,0
1789652818.2719417,168.754,6922242,434934,0,224,69,53,66228,500447,19218519,17799216,2272,62796732,45417952,64771540,0,1576588,0,1,2,0,8835564,2645451385,2650300484,450,450,568,1566672,3137175,394147,49824822,50071,347889382,344131405,0
1789652818.522308,169.005,6922602,434959,0,224,69,53,66231,500458,19219229,17799216,3696,62809024,45430236,64771540,0,1560200,0,1,1,0,8835625,2645613199,2650462647,450,450,924,1566979,3137789,390050,49831987,50071,347889382,344131409,0
1789652818.7726758,169.255,6922978,434984,0,224,69,53,66231,500458,19219272,17799216,3696,62809024,45430236,64771540,0,1552008,0,1,1,0,8835625,2645863490,2650712938,450,450,924,1566979,3137789,388002,49831988,50071,347889382,344131409,0
1789652819.0229807,169.505,6923353,435010,0,224,69,53,66231,500458,19219335,17799216,3696,62809024,45430236,64771540,0,1537608,0,1,1,0,8835631,2646112744,2650962219,450,450,924,1566979,3137789,384050,49831988,50071,347889382,344131409,0
1789652819.27329,169.756,6923728,435035,0,224,69,53,66231,500458,19219413,17799216,4056,62810556,45431684,64771540,0,1527436,0,1,1,0,8835635,2646363007,2651212489,450,450,1014,1567017,3137866,381859,49831990,50071,347889382,344131409,0
1789652819.5235822,170.006,6924103,435060,0,224,69,53,66232,500458,19219473,17799216,4056,62810556,45431684,64771540,0,1519244,0,1,1,0,8835635,2646612273,2651461755,450,450,1014,1567017,3137866,379811,49831990,50071,347889382,344131409,0
1789652819.7738721,170.256,6924478,435085,0,224,69,53,66232,500458,19219526,17799216,4056,62810556,45431684,64771540,0,1502860,0,1,1,0,8835635,2646861547,2651711029,450,450,1014,1567017,3137866,375715,49831992,50071,347889382,344131409,0
1789652820.0241609,170.506,6924853,435110,0,224,69,53,66232,500458,19219590,17799216,4056,62811372,45432500,64771540,0,1486476,0,1,1,0,8835635,2647111824,2651961306,450,450,1014,1567037,3137907,371619,49831992,50071,347889382,344131409,0
1789652820.2744663,170.757,6925229,435135,0,224,69,53,66232,500458,19219666,17799216,4056,62813564,45434692,64771540,0,1478284,0,1,1,0,8835717,2647361009,2652210575,450,450,1014,1567092,3138016,369571,49831993,50071,347889382,344131409,0
1789652820.5247567,171.007,6925604,435160,0,224,69,53,66232,500458,19219757,17799216,4056,62813564,45434692,64771540,0,1470092,0,1,1,0,8835723,2647611261,2652460834,450,450,1014,1567092,3138016,367523,49831994,50071,347889382,344131409,0
1789652820.7750416,171.257,6925979,435185,0,224,69,53,66232,500458,19219832,17799216,4112,62813564,45434692,64771540,0,1454072,0,1,1,0,8835723,2647859539,2652709112,450,450,1028,1567092,3138016,363518,49831994,50071,347889382,344131493,0
1789652821.0253386,171.508,6926354,435211,0,224,69,53,66232,500458,19219879,17799216,4112,62813564,45434692,64771540,0,1445904,0,1,1,0,8835723,2648108813,2652958387,450,450,1028,1567092,3138016,361476,49831995,50071,347889382,344131493,0
1789652821.2756217,171.758,6926729,435236,0,224,69,53,66232,500458,19219967,17799216,4112,62814952,45436080,64771540,0,1429132,0,1,1,0,8835724,2648356163,2653205738,450,450,1028,1567127,3138086,357283,49831996,50071,347889382,344131493,0
1789652821.5259001,172.008,6927104,435261,0,224,69,53,66232,500458,19220021,17799216,4112,62814952,45436080,64771540,0,1420940,0,1,1,0,8835724,2648606413,2653455987,450,450,1028,1567127,3138086,355235,49831997,50071,347889382,344131493,0
1789652821.7761774,172.258,6927479,435286,0,224,69,53,66232,500458,19220095,17799216,4112,62814952,45436080,64771540,0,1404556,0,1,1,0,8835724,2648854704,2653704278,450,450,1028,1567127,3138086,351139,49831998,50071,347889382,344131493,0
1789652822.0264697,172.509,6927855,435311,0,224,69,53,66232,500458,19220150,17799216,4112,62814952,45436080,64771540,0,1396364,0,1,1,0,8835725,2649103958,2653953532,450,450,1028,1567127,3138086,349091,49831999,50071,347889382,344131493,0
1789652822.276743,172.759,6928230,435337,0,224,69,53,66232,500458,19220215,17799216,4112,62816436,45437564,64771540,0,1380352,0,1,1,0,8835725,2649352225,2654201799,450,450,1028,1567164,3138160,345088,49831999,50071,347889382,344131493,0
1789652822.527025,173.009,6928605,435362,0,224,69,53,66232,500458,19220264,17799216,4112,62816436,45437564,64771540,0,1372160,0,1,1,0,8835725,2649601485,2654451059,450,450,1028,1567164,3138160,343040,49832001,50071,347889382,344131493,0
1789652822.7772975,173.26,6928980,435387,0,224,69,53,66232,500458,19220335,17799216,4112,62816436,45437564,64771540,0,1355756,0,1,1,0,8835725,2649849755,2654699329,450,450,1028,1567164,3138160,338939,49832001,50071,347889382,344131493,0
1789652823.027572,173.51,6929355,435412,0,224,69,53,66232,500458,19220382,17799216,4112,62816436,45437564,64771540,0,1347332,0,1,1,0,8835725,2650099014,2654948588,450,450,1028,1567164,3138160,336833,49832003,50071,347889382,344131493,0
1789652823.2778487,173.76,6929730,435437,0,224,69,53,66232,500458,19220453,17799216,4112,62817144,45438272,64771540,0,1330828,0,1,1,0,8835726,2650347280,2655196854,450,450,1028,1567181,3138195,332707,49832003,50071,347889382,344131493,0
1789652823.5281243,174.01,6930105,435462,0,224,69,53,66232,500458,19220514,17799216,4112,62817144,45438272,64771540,0,1322636,0,1,1,0,8835726,2650596536,2655446111,450,450,1028,1567181,3138195,330659,49832004,50071,347889382,344131493,0
1789652823.778419,174.261,6930480,435487,0,224,69,53,66232,500458,19220567,17799216,4112,62817144,45438272,64771540,0,1306328,0,1,1,0,8835726,2650846791,2655696365,450,450,1028,1567181,3138195,326582,49832005,50071,347889382,344131493,0
1789652824.0286894,174.511,6930856,435513,0,224,69,53,66232,500458,19220619,17799216,4112,62817144,45438272,64771540,0,1298088,0,1,1,0,8835726,2651096044,2655945618,450,450,1028,1567181,3138195,324522,49832006,50071,347889382,344131493,0
1789652824.278964,174.761,6931231,435538,0,224,69,53,66232,500458,19220688,17799216,4112,62817396,45438524,64771540,0,1281676,0,1,1,0,8835727,2651344330,2656193904,450,450,1028,1567188,3138208,320419,49832007,50071,347889382,344131493,0
1789652824.5292678,175.011,6931606,435563,0,224,69,53,66232,500458,19220784,17799216,4112,62818760,45439888,64771540,0,1273484,0,1,1,0,8835732,2651593606,2656443187,450,450,1028,1567222,3138276,318371,49832008,50071,347889382,344131493,0
1789652824.7795627,175.262,6931981,435588,0,224,69,53,66232,500458,19220847,17799216,4112,62818760,45439888,64771540,0,1257100,0,1,1,0,8835732,2651841890,2656691471,450,450,1028,1567222,3138276,314275,49832008,50071,347889382,344131493,0
1789652825.0298588,175.512,6932356,435613,0,224,69,53,66232,500458,19220908,17799216,4112,62818760,45439888,64771540,0,1240716,0,1,1,0,8835732,2652090183,2656939763,450,450,1028,1567222,3138276,310179,49832009,50071,347889382,344131493,0
1789652825.2801406,175.762,6932731,435638,0,224,69,53,66232,500458,19220968,17799216,4112,62818760,45439888,64771540,0,1232608,0,1,1,0,8835732,2652340451,2657190031,450,450,1028,1567222,3138276,308152,49832010,50071,347889382,344131493,0
1789652825.5304325,176.013,6933107,435663,0,224,69,53,66232,500458,19221019,17799216,4112,62818760,45439888,64771540,0,1224536,0,1,1,0,8835732,2652589713,2657439293,450,450,1028,1567222,3138276,306134,49832011,50071,347889382,344131493,0
1789652825.7807152,176.263,6933481,435689,0,224,69,53,66232,500458,19221097,17799204,4112,62818760,45439888,64771540,0,1208068,0,1,1,0,8835733,2652837985,2657687566,450,450,1028,1567222,3138276,302017,49832012,50071,347889382,344131545,0
1789652826.0309885,176.513,6933857,435714,0,224,69,53,66232,500458,19221144,17799204,4112,62818760,45439888,64771540,0,1199876,0,1,1,0,8835733,2653087244,2657936825,450,450,1028,1567222,3138276,299969,49832012,50071,347889382,344131545,0
1789652826.2812686,176.763,6934232,435739,0,224,69,53,66232,500458,19221213,17799216,4140,62818760,45439888,64771540,0,1183372,0,1,1,0,8835733,2653335515,2658185095,450,450,1035,1567222,3138276,295843,49832013,50071,347889382,344131545,0
1789652826.5315516,177.014,6934607,435764,0,224,69,53,66232,500459,19221319,17799216,4140,62818908,45440036,64771540,0,1167300,0,1,1,0,8835734,2653581854,2658431434,450,450,1035,1567225,3138283,291825,49832018,50071,347889382,344131545,0
1789652826.781843,177.264,6934982,435789,0,224,69,53,66232,500459,19221368,17799216,4140,62818656,45439784,64771540,0,1158796,0,1,1,0,8835734,2653831115,2658680695,450,450,1035,1567219,3138271,289699,49832019,50071,347889382,344131545,0
1789652827.0321302,177.514,6935357,435815,0,224,69,53,66232,500459,19221425,17799216,4140,62818656,45439784,64771540,0,1150604,0,1,2,0,8835734,2654080425,2658930005,450,450,1035,1567219,3138271,287651,49832021,50071,347889382,344131545,0
1789652827.2824733,177.765,6935732,435840,0,224,69,53,66232,500459,19221508,17799216,4140,62818656,45439784,64771540,0,1134220,0,1,1,0,8835735,2654328721,2659178302,450,450,1035,1567219,3138271,283555,49832022,50071,347889382,344131545,0
1789652827.532772,178.015,6936107,435865,0,224,69,53,66232,500459,19221561,17799216,4140,62818656,45439784,64771540,0,1126028,0,1,1,0,8835735,2654577993,2659427574,450,450,1035,1567219,3138271,281507,49832022,50071,347889382,344131545,0
1789652827.7830606,178.265,6936482,435890,0,224,69,53,66232,500459,19221625,17799216,4140,62818656,45439784,64771540,0,1109644,0,1,1,0,8835735,2654826275,2659675856,450,450,1035,1567219,3138271,277411,49832024,50071,347889382,344131545,0
1789652828.0333552,178.516,6936858,435915,0,224,69,53,66232,500459,19221674,17799216,4140,62818656,45439784,64771540,0,1101452,0,1,1,0,8835736,2655075552,2659925132,450,450,1035,1567219,3138271,275363,49832024,50071,347889382,344131545,0
1789652828.283633,178.766,6937233,435940,0,224,69,53,66232,500459,19221745,17799216,4140,62818656,45439784,64771540,0,1085068,0,1,1,0,8835736,2655323824,2660173405,450,450,1035,1567219,3138271,271267,49832026,50071,347889382,344131545,0
1789652828.5339112,179.016,6937608,435966,0,224,69,53,66232,500459,19221837,17799216,4140,62818656,45439784,64771540,0,1076876,0,1,1,0,8835741,2655573080,2660422666,450,450,1035,1567219,3138271,269219,49832026,50071,347889382,344131545,0
1789652828.7841892,179.266,6937983,435991,0,224,69,53,66232,500459,19221902,17799216,4140,62818656,45439784,64771540,0,1060612,0,1,1,0,8835750,2655822273,2660671945,450,450,1035,1567219,3138271,265153,49832027,50071,347889382,344131545,0
1789652829.0344946,179.517,6938358,436016,0,224,69,53,66232,500459,19221954,17799216,4140,62818656,45439784,64771540,0,1052420,0,1,1,0,8835750,2656071536,2660921208,450,450,1035,1567219,3138271,263105,49832028,50071,347889382,344131545,0
1789652829.2847726,179.767,6938733,436041,0,224,69,53,66232,500459,19222031,17799216,4140,62818656,45439784,64771540,0,1035916,0,1,1,0,8835750,2656319815,2661169487,450,450,1035,1567219,3138271,258979,49832028,50071,347889382,344131545,0
1789652829.535117,180.017,6939108,436066,0,224,69,53,66232,500459,19222082,17799216,4140,62818656,45439784,64771540,0,1027724,0,1,1,0,8835750,2656569080,2661418752,450,450,1035,1567219,3138271,256931,49832031,50071,347889382,344131545,0
1789652829.7854125,180.268,6939484,436091,0,224,69,53,66232,500459,19222139,17799216,4140,62818656,45439784,64771540,0,1011340,0,1,1,0,8835751,2656817356,2661667028,450,450,1035,1567219,3138271,252835,49832031,50071,347889382,344131545,0
1789652830.0356956,180.518,6939859,436117,0,224,69,53,66233,500459,19222225,17799216,4140,62818656,45439784,64771540,0,1003148,0,1,1,0,8835751,2657066616,2661916288,450,450,1035,1567219,3138271,250787,49832033,50071,347889382,344131545,0
1789652830.2859807,180.768,6940234,436142,0,224,69,53,66233,500459,19222297,17799216,4140,62818656,45439784,64771540,0,986764,0,1,1,0,8835751,2657314907,2662164579,450,450,1035,1567219,3138271,246691,49832034,50071,347889382,344131545,0
1789652830.536265,181.018,6940609,436167,0,224,69,53,66233,500459,19222344,17799216,4140,62818656,45439784,64771540,0,978572,0,1,1,0,8835751,2657564170,2662413842,450,450,1035,1567219,3138271,244643,49832035,50071,347889382,344131545,0
1789652830.7865477,181.269,6940984,436192,0,224,69,53,66233,500459,19222401,17799216,4140,62818656,45439784,64771540,0,962188,0,1,1,0,8835752,2657812437,2662662109,450,450,1035,1567219,3138271,240547,49832036,50071,347889382,344131545,0
1789652831.0368261,181.519,6941359,436217,0,224,69,53,66233,500459,19222464,17799204,4140,62818656,45439784,64771540,0,954116,0,1,1,0,8835752,2658061703,2662911375,450,450,1035,1567219,3138271,238529,49832037,50071,347889382,344131601,0
1789652831.2871022,181.769,6941734,436243,0,224,69,53,66233,500459,19222551,17799216,4148,62818656,45439784,64771540,0,937612,0,1,1,0,8835752,2658309971,2663159643,450,450,1037,1567219,3138271,234403,49832037,50071,347889382,344131601,0
1789652831.5373933,182.02,6942109,436268,0,224,69,53,66233,500459,19222605,17799216,4148,62818656,45439784,64771540,0,929420,0,1,1,0,8835752,2658560241,2663409913,450,450,1037,1567219,3138271,232355,49832037,50071,347889382,344131601,0
1789652831.7876709,182.27,6942485,436293,0,224,69,53,66233,500459,19222646,17799216,4148,62818656,45439784,64771540,0,913036,0,1,1,0,8835752,2658810494,2663660166,450,450,1037,1567219,3138271,228259,49832039,50071,347889382,344131601,0
1789652832.0379527,182.52,6942860,436318,0,224,69,53,66233,500459,19222693,17799216,4148,62818656,45439784,64771540,0,904844,0,1,1,0,8835752,2659060743,2663910415,450,450,1037,1567219,3138271,226211,49832040,50071,347889382,344131601,0
1789652832.2882245,182.77,6943235,436343,0,224,69,53,66233,500459,19222756,17799216,4148,62818656,45439784,64771540,0,888460,0,1,1,0,8835752,2659310010,2664159683,450,450,1037,1567219,3138271,222115,49832041,50071,347889382,344131601,0
1789652832.5385184,183.021,6943610,436368,0,224,69,53,66233,500460,19222877,17799216,4148,62818656,45439784,64771540,0,880268,0,1,1,0,8835758,2659560285,2664409964,450,450,1037,1567219,3138271,220067,49832041,50071,347889382,344131601,0
1789652832.788853,183.271,6943985,436393,0,224,69,53,66233,500460,19222928,17799216,4148,62818656,45439784,64771540,0,863884,0,1,1,0,8835758,2659809563,2664659242,450,450,1037,1567219,3138271,215971,49832042,50071,347889382,344131601,0
1789652833.039149,183.521,6944361,436418,0,224,69,53,66233,500460,19222977,17799216,4148,62818656,45439784,64771540,0,855692,0,1,1,0,8835758,2660059845,2664909524,450,450,1037,1567219,3138271,213923,49832043,50071,347889382,344131601,0
1789652833.2894592,183.772,6944736,436443,0,224,69,53,66233,500460,19223048,17799216,4148,62818656,45439784,64771540,0,839308,0,1,1,0,8835758,2660309113,2665158793,450,450,1037,1567219,3138271,209827,49832045,50071,347889382,344131601,0
1789652833.5397384,184.022,6945111,436468,0,224,69,53,66233,500460,19223095,17799216,4148,62818656,45439784,64771540,0,831116,0,1,1,0,8835758,2660559368,2665409047,450,450,1037,1567219,3138271,207779,49832045,50071,347889382,344131601,0
1789652833.7900267,184.272,6945486,436493,0,224,69,53,66233,500460,19223149,17799216,4148,62818656,45439784,64771540,0,814732,0,1,1,0,8835758,2660808630,2665658309,450,450,1037,1567219,3138271,203683,49832046,50071,347889382,344131601,0
1789652834.0403056,184.523,6945861,436518,0,224,69,53,66233,500460,19223204,17799216,4148,62818656,45439784,64771540,0,806588,0,1,1,0,8835758,2661057894,2665907573,450,450,1037,1567219,3138271,201647,49832046,50071,347889382,344131601,0
1789652834.2906039,184.773,6946237,436544,0,224,69,53,66233,500460,19223274,17799216,4148,62818656,45439784,64771540,0,790156,0,1,1,0,8835758,2661307179,2666156858,450,450,1037,1567219,3138271,197539,49832048,50071,347889382,344131601,0
1789652834.5408993,185.023,6946612,436569,0,224,69,53,66233,500460,19223325,17799216,4148,62818656,45439784,64771540,0,781964,0,1,1,0,8835759,2661556441,2666406121,450,450,1037,1567219,3138271,195491,49832049,50071,347889382,344131601,0
1789652834.791179,185.273,6946987,436594,0,224,69,53,66233,500460,19223381,17799216,4148,62818656,45439784,64771540,0,773772,0,1,1,0,8835759,2661806726,2666656406,450,450,1037,1567219,3138271,193443,49832050,50071,347889382,344131601,0
1789652835.0414941,185.524,6947362,436619,0,224,69,53,66233,500460,19223437,17799216,4148,62818656,45439784,64771540,0,757388,0,1,1,0,8835759,2662056981,2666906660,450,450,1037,1567219,3138271,189347,49832050,50071,347889382,344131601,0
1789652835.2917752,185.774,6947737,436644,0,224,69,53,66233,500460,19223504,17799216,4148,62818656,45439784,64771540,0,741004,0,1,1,0,8835759,2662306261,2667155940,450,450,1037,1567219,3138271,185251,49832051,50071,347889382,344131601,0
1789652835.5420718,186.024,6948113,436669,0,224,69,53,66233,500460,19223555,17799216,4148,62818656,45439784,64771540,0,732812,0,1,1,0,8835759,2662556520,2667406200,450,450,1037,1567219,3138271,183203,49832052,50071,347889382,344131601,0
1789652835.7923687,186.275,6948488,436694,0,224,69,53,66233,500460,19223606,17799216,4148,62818656,45439784,64771540,0,716428,0,1,1,0,8835759,2662805799,2667655479,450,450,1037,1567219,3138271,179107,49832053,50071,347889382,344131601,0
1789652836.042647,186.525,6948863,436719,0,224,69,53,66233,500460,19223667,17799216,4148,62818656,45439784,64771540,0,708272,0,1,1,0,8835759,2663056051,2667905730,450,450,1037,1567219,3138271,177068,49832054,50071,347889382,344131601,0
1789652836.292924,186.775,6949238,436744,0,224,69,53,66233,500460,19223739,17799216,4148,62818912,45440040,64771540,0,691852,0,1,1,0,8835759,2663305306,2668154986,450,450,1037,1567226,3138284,172963,49832054,50071,347889382,344131685,0
1789652836.5432065,187.025,6949613,436769,0,224,69,53,66233,500460,19223850,17799216,4148,62818912,45440040,64771540,0,683660,0,1,1,0,8835764,2663554597,2668404282,450,450,1037,1567226,3138284,170915,49832063,50071,347889382,344131685,0
1789652836.7935472,187.276,6949989,436794,0,224,69,53,66233,500460,19223903,17799216,4148,62818912,45440040,64771540,0,675468,0,1,1,0,8835764,2663803880,2668653565,450,450,1037,1567226,3138284,168867,49832064,50071,347889382,344131685,0
1789652837.0438411,187.526,6950364,436819,0,224,69,53,66233,500460,19223962,17799216,4148,62818912,45440040,64771540,0,659084,0,1,1,0,8835764,2664054161,2668903846,450,450,1037,1567226,3138284,164771,49832068,50071,347889382,344131685,0
1789652837.294149,187.776,6950739,436844,0,224,69,53,66233,500460,19224035,17799216,4148,62818912,45440040,64771540,0,650892,0,1,1,0,8835764,2664304436,2669154121,450,450,1037,1567226,3138284,162723,49832068,50071,347889382,344131685,0
1789652837.5444512,188.027,6951114,436870,0,224,69,53,66233,500460,19224093,17799216,4148,62818912,45440040,64771540,0,634508,0,1,1,0,8835764,2664553694,2669403380,450,450,1037,1567226,3138284,158627,49832069,50071,347889382,344131685,0
1789652837.794727,188.277,6951489,436895,0,224,69,53,66233,500460,19224136,17799216,4148,62818912,45440040,64771540,0,626316,0,1,1,0,8835764,2664803941,2669653627,450,450,1037,1567226,3138284,156579,49832069,50071,347889382,344131685,0
1789652838.0450041,188.527,6951865,436920,0,224,69,53,66233,500460,19224192,17799216,4148,62818912,45440040,64771540,0,609932,0,1,1,0,8835764,2665054189,2669903875,450,450,1037,1567226,3138284,152483,49832070,50071,347889382,344131685,0
1789652838.2952836,188.777,6952240,436945,0,224,69,53,66234,500460,19224254,17799216,4148,62818912,45440040,64771540,0,602064,0,1,1,0,8835764,2665304446,2670154132,450,450,1037,1567226,3138284,150516,49832072,50071,347889382,344131685,0
1789652838.5455637,189.028,6952615,436970,0,224,69,53,66234,500460,19224305,17799216,4148,62818912,45440040,64771540,0,586340,0,1,1,0,8835765,2665553703,2670403388,450,450,1037,1567226,3138284,146585,49832073,50071,347889382,344131685,0
1789652838.7958364,189.278,6952990,436995,0,224,69,53,66234,500460,19224359,17799216,4148,62818912,45440040,64771540,0,578180,0,1,1,0,8835765,2665802955,2670652640,450,450,1037,1567226,3138284,144545,49832073,50071,347889382,344131685,0
1789652839.0461025,189.528,6953365,437020,0,224,69,53,66234,500461,19224430,17799216,4140,62818912,45440040,64771540,0,562108,0,1,1,0,8835765,2666051222,2670900908,450,450,1035,1567226,3138284,140527,49832075,50071,347889382,344131697,0
1789652839.296397,189.779,6953740,437045,0,224,69,53,66234,500461,19224502,17799216,4140,62818912,45440040,64771540,0,545744,0,1,1,0,8835765,2666300484,2671150170,450,450,1035,1567226,3138284,136436,49832075,50071,347889382,344131697,0
1789652839.5466833,190.029,6954116,437070,0,224,69,53,66234,500461,19224553,17799216,4140,62818912,45440040,64771540,0,537924,0,1,1,0,8835765,2666550753,2671400439,450,450,1035,1567226,3138284,134481,49832077,50071,347889382,344131697,0
1789652839.7969694,190.279,6954491,437095,0,224,69,53,66234,500461,19224598,17799216,4140,62818912,45440040,64771540,0,529460,0,1,1,0,8835765,2666800009,2671649694,450,450,1035,1567226,3138284,132365,49832078,50071,347889382,344131697,0
1789652840.0472445,190.529,6954866,437121,0,224,69,53,66234,500461,19224661,17799216,4140,62818912,45440040,64771540,0,513884,0,1,1,0,8835765,2667049293,2671898979,450,450,1035,1567226,3138284,128471,49832079,50071,347889382,344131697,0
1789652840.2975478,190.78,6955241,437146,0,224,69,53,66234,500461,19224739,17799216,4140,62818912,45440040,64771540,0,497236,0,1,1,0,8835766,2667297570,2672147256,450,450,1035,1567226,3138284,124309,49832081,50071,347889382,344131697,0
1789652840.5478282,191.03,6955616,437171,0,224,69,53,66234,500461,19224821,17799216,4140,62818912,45440040,64771540,0,489972,0,1,1,0,8835771,2667547826,2672397519,450,450,1035,1567226,3138284,122493,49832081,50071,347889382,344131697,0
1789652840.7981212,191.28,6955991,437196,0,224,69,53,66234,500461,19224880,17799216,4140,62818912,45440040,64771540,0,473444,0,1,1,0,8835772,2667796112,2672645805,450,450,1035,1567226,3138284,118361,49832082,50071,347889382,344131697,0
1789652841.048416,191.531,6956367,437221,0,224,69,53,66234,500461,19224934,17799216,4140,62818912,45440040,64771540,0,466060,0,1,1,0,8835772,2668046360,2672896053,450,450,1035,1567226,3138284,116515,49832083,50071,347889382,344131697,0
1789652841.2986915,191.781,6956742,437246,0,224,69,53,66234,500461,19225028,17799204,4112,62818912,45440040,64771540,0,449412,0,1,1,0,8835796,2668295528,2673145313,450,450,1028,1567226,3138284,112353,49832084,50071,347889382,344131765,0
1789652841.5489724,192.031,6957117,437271,0,224,69,53,66234,500461,19225078,17799204,4112,62818912,45440040,64771540,0,441884,0,1,1,0,8835796,2668545776,2673395562,450,450,1028,1567226,3138284,110471,49832085,50071,347889382,344131765,0
1789652841.7992673,192.281,6957492,437297,0,224,69,53,66234,500461,19225148,17799204,4112,62818912,45440040,64771540,0,425500,0,1,1,0,8835797,2668794060,2673643846,450,450,1028,1567226,3138284,106375,49832086,50071,347889382,344131765,0
1789652842.0495389,192.532,6957867,437322,0,224,69,53,66234,500461,19225196,17799204,4112,62818912,45440040,64771540,0,417972,0,1,1,0,8835797,2669044310,2673894095,450,450,1028,1567226,3138284,104493,49832086,50071,347889382,344131765,0
1789652842.2998161,192.782,6958242,437347,0,224,69,53,66234,500461,19225268,17799216,4112,62818912,45440040,64771540,0,401708,0,1,1,0,8835797,2669291606,2674141392,450,450,1028,1567226,3138284,100427,49832089,50071,347889382,344131765,0
1789652842.5501032,193.032,6958617,437372,0,224,69,53,66234,500461,19225314,17799216,4112,62818912,45440040,64771540,0,394324,0,1,1,0,8835797,2669541858,2674391643,450,450,1028,1567226,3138284,98581,49832089,50071,347889382,344131765,0
1789652842.8004017,193.283,6958993,437397,0,224,69,53,66234,500461,19225373,17799216,4112,62818912,45440040,64771540,0,377796,0,1,1,0,8835798,2669790142,2674639928,450,450,1028,1567226,3138284,94449,49832090,50071,347889382,344131765,0
1789652843.0506825,193.533,6959368,437422,0,224,69,53,66234,500461,19225417,17799216,4112,62818912,45440040,64771540,0,370412,0,1,1,0,8835798,2670040401,2674890186,450,450,1028,1567226,3138284,92603,49832091,50071,347889382,344131765,0
1789652843.3009584,193.783,6959743,437448,0,224,69,53,66234,500461,19225499,17799216,4112,62819216,45440344,64771540,0,353764,0,1,1,0,8835798,2670288680,2675138466,450,450,1028,1567233,3138299,88441,49832092,50071,347889382,344131765,0
1789652843.5512397,194.033,6960118,437473,0,224,69,53,66234,500461,19225559,17799216,4112,62819216,45440344,64771540,0,346236,0,1,1,0,8835798,2670537946,2675387732,450,450,1028,1567233,3138299,86559,49832093,50071,347889382,344131765,0
1789652843.801526,194.284,6960493,437498,0,224,69,53,66234,500461,19225611,17799216,4112,62819216,45440344,64771540,0,329852,0,1,1,0,8835798,2670787204,2675636990,450,450,1028,1567233,3138299,82463,49832094,50071,347889382,344131765,0
1789652844.0518,194.534,6960868,437523,0,224,69,53,66234,500461,19225667,17799216,4112,62819216,45440344,64771540,0,314252,0,1,1,0,8835798,2671036457,2675886243,450,450,1028,1567233,3138299,78563,49832094,50071,347889382,344131765,0
1789652844.3020818,194.784,6961243,437548,0,224,69,53,66234,500461,19225731,17799216,4112,62818956,45440084,64771540,0,306060,0,1,1,0,8835799,2671285723,2676135509,450,450,1028,1567227,3138286,76515,49832095,50071,347889382,344131765,0
1789652844.5523767,195.035,6961619,437573,0,224,69,53,66235,500461,19225823,17799216,4112,62818956,45440084,64771540,0,290340,0,1,1,0,8835804,2671534991,2676384783,450,450,1028,1567227,3138286,72585,49832096,50071,347889382,344131765,0
1789652844.8026538,195.285,6961994,437599,0,224,69,53,66235,500461,19225883,17799216,4112,62818956,45440084,64771540,0,282148,0,1,1,0,8835804,2671784254,2676634046,450,450,1028,1567227,3138286,70537,49832097,50071,347889382,344131765,0
1789652845.0529315,195.535,6962369,437624,0,224,69,53,66235,500461,19225944,17799216,4112,62818956,45440084,64771540,0,266428,0,1,1,0,8835804,2672032525,2676882317,450,450,1028,1567227,3138286,66607,49832098,50071,347889382,344131765,0
1789652845.3032033,195.785,6962744,437649,0,224,69,53,66235,500461,19226013,17799216,4112,62818956,45440084,64771540,0,258236,0,1,1,0,8835804,2672281804,2677131596,450,450,1028,1567227,3138286,64559,49832098,50071,347889382,344131765,0
1789652845.5535038,196.036,6963119,437674,0,224,69,53,66235,500461,19226073,17799216,4112,62818956,45440084,64771540,0,242516,0,1,1,0,8835804,2672531064,2677380856,450,450,1028,1567227,3138286,60629,49832100,50071,347889382,344131765,0
1789652845.8037772,196.286,6963494,437699,0,224,69,53,66235,500461,19226118,17799216,4112,62818956,45440084,64771540,0,234324,0,1,1,0,8835804,2672780322,2677630114,450,450,1028,1567227,3138286,58581,49832100,50071,347889382,344131765,0
1789652846.0540638,196.536,6963869,437724,0,224,69,53,66235,500461,19226186,17799216,4112,62818956,45440084,64771540,0,218604,0,1,1,0,8835804,2673029583,2677879375,450,450,1028,1567227,3138286,54651,49832102,50071,347889382,344131765,0
1789652846.3043492,196.787,6964245,437749,0,224,69,53,66235,500461,19226249,17799216,3952,62818956,45440084,64771540,0,210292,0,1,1,0,8835805,2673278851,2678128643,450,450,988,1567227,3138286,52573,49832102,50071,347889382,344131881,0
1789652846.5546286,197.037,6964613,437775,0,224,69,53,66235,500467,19226375,17799196,3952,62818956,45440084,64771540,0,194692,0,1,1,0,8835867,2673478820,2678328612,450,450,988,1567227,3138286,48673,49832118,50071,347889382,344132001,0
1789652846.8049452,197.287,6964989,437800,0,224,69,53,66235,500467,19226422,17799196,3952,62818956,45440084,64771540,0,186500,0,1,1,0,8835867,2673728090,2678577882,450,450,988,1567227,3138286,46625,49832119,50071,347889382,344132001,0
1789652847.0552313,197.537,6965364,437825,0,224,69,53,66235,500467,19226492,17799196,3952,62818956,45440084,64771540,0,170780,0,1,2,0,8835867,2673977404,2678827196,450,450,988,1567227,3138286,42695,49832120,50071,347889382,344132001,0
1789652847.305579,197.788,6965739,437850,0,224,69,53,66235,500467,19226572,17799216,4056,62818712,45439840,64771540,0,154940,0,1,1,0,8835867,2674226688,2679076481,450,450,1014,1567221,3138274,38735,49832122,50071,347889382,344132001,0
1789652847.5558705,198.038,6966114,437875,0,224,69,53,66235,500467,19226627,17799216,4056,62818712,45439840,64771540,0,146748,0,1,1,0,8835867,2674475957,2679325749,450,450,1014,1567221,3138274,36687,49832123,50071,347889382,344132001,0
1789652847.8061566,198.288,6966489,437901,0,224,69,53,66235,500467,19226688,17799216,4056,62818712,45439840,64771540,0,131292,0,1,1,0,8835868,2674725242,2679575035,450,450,1014,1567221,3138274,32823,49832123,50071,347889382,344132001,0
1789652848.0564616,198.539,6966864,437926,0,224,69,53,66235,500467,19226739,17799216,4056,62818712,45439840,64771540,0,122956,0,1,1,0,8835868,2674974508,2679824301,450,450,1014,1567221,3138274,30739,49832124,50071,347889382,344132001,0
1789652848.306752,198.789,6967239,437951,0,224,69,53,66235,500467,19226809,17799216,4060,62818712,45439840,64771540,0,107116,0,1,1,0,8835868,2675223783,2680073576,450,450,1015,1567221,3138274,26779,49832125,50071,347889382,344132001,0
1789652848.5570393,199.039,6967615,437976,0,224,69,53,66235,500467,19226922,17799216,4060,62818712,45439840,64771540,0,96712,0,1,1,0,8835873,2675473041,2680322839,450,450,1015,1567221,3138274,24178,49832126,50071,347889382,344132001,0
1789652848.8073397,199.29,6967990,438001,0,224,69,53,66235,500467,19226972,17799216,4060,62818712,45439840,64771540,0,88520,0,1,1,0,8835873,2675723306,2680573105,450,450,1015,1567221,3138274,22130,49832127,50071,347889382,344132001,0
1789652849.0576122,199.54,6968365,438026,0,224,69,53,66235,500467,19227031,17799216,4060,62818712,45439840,64771540,0,70960,0,1,1,0,8835873,2675972564,2680822363,450,450,1015,1567221,3138274,17740,49832127,50071,347889382,344132001,0
1789652849.307891,199.79,6968739,438052,0,224,69,53,66235,500467,19227206,17799216,176,62818712,45439840,64771540,0,60908,0,1,1,0,8835878,2676213289,2681063089,450,450,44,1567221,3138274,15227,49832128,50071,347889382,344135945,0
1789652849.5581763,200.04,6969113,438078,0,224,69,53,66236,500468,19227295,17799216,176,62818712,45439840,64771540,0,46216,0,1,1,0,8835879,2676456778,2681306578,450,450,44,1567221,3138274,11554,49832805,50071,347889382,344135945,0
1789652849.8084953,200.291,6969482,438102,0,224,69,53,66238,500471,19228153,17799216,3868,62816692,45437820,64771540,0,35996,0,1,1,0,8835955,2676657600,2681510413,450,450,967,1567170,3138173,8999,49839193,50071,347889382,344135945,0
1789652850.058849,200.541,6969857,438127,0,224,69,53,66238,500471,19228283,17799332,3820,62817132,45438068,64771540,0,20800,0,1,1,0,8835967,2676907845,2681760699,450,450,955,1567181,3138195,5200,49839194,50071,347889382,344135945,0
1789652850.3091571,200.791,6970232,438152,0,224,69,53,66238,500471,19228338,17799332,3820,62817132,45438068,64771540,0,15784,0,1,1,0,8835967,2677158128,2682010982,450,450,955,1567181,3138195,3946,49839195,50071,347889382,344135945,0
1789652850.5594893,201.042,6970585,438165,0,224,69,53,66245,500498,19231454,17798668,105080,62797616,45419216,64771540,0,0,0,0,7,0,8836184,2677215946,2682068801,450,450,26270,1566694,3137219,0,49842659,50071,347889382,344135945,0
1789652850.8100011,201.292,6970828,438166,0,224,69,53,66253,500646,19236119,17798784,105080,62678996,45300480,64771540,0,0,0,0,6,0,8836394,2677216201,2682069057,450,450,26270,1563733,3131289,0,49864135,50071,347889498,344135945,0
1789652851.0606833,201.543,6971069,438166,0,224,69,53,66258,500800,19239431,17798784,105080,62677660,45299144,64771540,0,0,0,0,6,0,8836660,2677216201,2682069057,450,450,26270,1563699,3131223,0,49867482,50071,347889498,344135945,0
1789652851.3111715,201.793,6971358,438166,0,224,69,53,66262,500909,19241327,17798784,105080,62677824,45299308,64771540,0,0,0,0,10,0,8836723,2677216201,2682069057,450,450,26270,1563704,3131231,0,49867581,50071,347889498,344135945,0
1789652851.5618045,202.044,6971640,438166,0,224,69,53,66268,501020,19243419,17798880,105176,62682084,45303476,64771540,0,0,0,0,6,0,8836778,2677216201,2682069057,450,450,26294,1563810,3131444,0,49868090,50071,347889498,344135945,0
1789652851.8124542,202.295,6971918,438166,0,224,69,53,66274,501136,19245600,17798880,105176,62674468,45295860,64771540,0,0,0,0,5,0,8836867,2677216201,2682069057,450,450,26294,1563620,3131063,0,49871032,50071,347889498,344135945,0
1789652852.0631142,202.545,6972197,438166,0,224,69,53,66280,501252,19247616,17798976,105272,62669812,45291112,64771540,0,0,0,0,6,0,8836942,2677216201,2682069057,450,450,26318,1563504,3130830,0,49872295,50071,347889498,344135945,0
1789652852.3137753,202.796,6972485,438166,0,224,69,53,66285,501358,19249337,17798976,105788,62669600,45290888,64771540,0,0,0,0,5,0,8837392,2677216204,2682069059,450,450,26447,1563498,3130820,0,49872835,50071,347889498,344136493,0
1789652852.5644073,203.047,6972774,438166,0,224,69,53,66289,501465,19250890,17798976,105788,62669348,45290636,64771540,0,0,0,0,5,0,8837433,2677216204,2682069059,450,450,26447,1563492,3130807,0,49872958,50071,347889498,344136493,0
1789652852.8148706,203.297,6973040,438166,0,224,69,53,66298,501592,19252961,17798976,105788,62673228,45294508,64771540,0,0,0,0,5,0,8837807,2677216204,2682069059,450,450,26447,1563589,3131001,0,49874333,50071,347889498,344136493,0
1789652853.0653257,203.548,6973324,438166,0,224,69,53,66305,501700,19254152,17799072,105884,62641148,45262332,64771540,0,0,0,0,5,0,8837843,2677216204,2682069059,450,450,26471,1562788,3129398,0,49882486,50071,347889498,344136493,0
1789652853.31578,203.798,6973615,438166,0,224,69,53,66309,501805,19255132,17799072,105884,62637144,45258328,64771540,0,0,0,0,8,0,8837897,2677216204,2682069059,450,450,26471,1562688,3129197,0,49885329,50071,347889498,344136493,0
1789652853.5665374,204.049,6973904,438166,0,224,69,53,66314,501912,19256167,17799072,105884,62636744,45257928,64771540,0,0,0,0,5,0,8837936,2677216204,2682069059,450,450,26471,1562678,3129177,0,49885336,50071,347889498,344136493,0
1789652853.817192,204.299,6974187,438166,0,224,69,53,66319,502024,19257207,17799168,105980,62636364,45257456,64771540,0,0,0,0,11,0,8837969,2677216204,2682069059,450,450,26495,1562669,3129158,0,49885344,50071,347889498,344136493,0
1789652854.0678332,204.55,6974452,438166,0,224,69,53,66324,502155,19258753,17799168,105980,62636340,45257432,64771540,0,0,0,0,8,0,8838023,2677216204,2682069059,450,450,26495,1562668,3129157,0,49885393,50071,347889498,344136493,0
1789652854.3185215,204.801,6974722,438166,0,224,69,53,66330,502278,19260310,17799264,106076,62631300,45252296,64771540,0,0,0,0,6,0,8838308,2677216204,2682069059,450,450,26519,1562542,3128905,0,49886889,50071,347889498,344136493,0
1789652854.5692697,205.051,6975003,438166,0,224,69,53,66337,502390,19260940,17799264,106076,62627008,45248004,64771540,0,0,0,0,7,0,8838329,2677216204,2682069059,450,450,26519,1562435,3128691,0,49887765,50071,347889498,344136493,0
1789652854.819965,205.302,6975292,438166,0,224,69,53,66342,502498,19261467,17799264,106076,62626764,45247760,64771540,0,0,0,0,5,0,8838346,2677216204,2682069059,450,450,26519,1562429,3128678,0,49887768,50071,347889498,344136493,0
1789652855.070474,205.553,6975588,438166,0,224,69,53,66347,502597,19262121,17799456,106268,62626000,45246804,64771540,0,0,0,0,5,0,8838380,2677216204,2682069059,450,450,26567,1562410,3128640,0,49888296,50071,347889498,344136493,0
1789652855.3209538,205.803,6975885,438166,0,224,69,53,66352,502696,19262726,17799456,106268,62626236,45247040,64771540,0,0,0,0,5,0,8838401,2677216204,2682069059,450,450,26567,1562416,3128652,0,49888300,50071,347889498,344136493,0
1789652855.5714424,206.054,6976179,438166,0,224,69,53,66357,502796,19263189,17799552,106364,62626264,45246976,64771540,0,0,0,0,5,0,8838417,2677216204,2682069059,450,450,26591,1562416,3128653,0,49888302,50071,347889498,344136493,0
1789652855.8218944,206.304,6976463,438166,0,224,69,53,66365,502906,19265132,17799552,106364,62596340,45217044,64771540,0,0,0,0,5,0,8838496,2677216204,2682069059,450,450,26591,1561669,3127158,0,49894679,50071,347889498,344136493,0
1789652856.0723956,206.555,6976755,438166,0,224,69,53,66370,503009,19265859,17799648,106460,62591052,45211664,64771540,0,0,0,0,5,0,8838984,2677216204,2682069059,450,450,26615,1561537,3126893,0,49895308,50071,347889498,344136493,0
1789652856.322857,206.805,6977049,438166,0,224,69,53,66375,503112,19266412,17799648,106460,62591492,45212104,64771540,0,0,0,0,5,0,8838993,2677216204,2682069059,450,450,26615,1561548,3126915,0,49895311,50071,347889498,344136493,0
1789652856.5732968,207.056,6977343,438166,0,224,69,53,66381,503212,19267430,17799744,106556,62598992,45219508,64771540,0,0,0,0,5,0,8839025,2677216204,2682069059,450,450,26639,1561736,3127290,0,49896944,50071,347889498,344136493,0
1789652856.8238041,207.306,6977636,438166,0,224,69,53,66385,503314,19267891,17799744,106556,62598992,45219508,64771540,0,0,0,0,5,0,8839040,2677216204,2682069059,450,450,26639,1561736,3127290,0,49897001,50071,347889498,344136493,0
1789652857.0745358,207.557,6977927,438166,0,224,69,53,66391,503419,19268558,17799744,106556,62598992,45219508,64771540,0,0,0,0,5,0,8839062,2677216204,2682069059,450,450,26639,1561736,3127290,0,49897014,50071,347889498,344136493,0
1789652857.3252616,207.807,6978204,438166,0,224,69,53,66399,503536,19271300,17799840,106652,62594248,45214664,64771540,0,0,0,0,5,0,8839167,2677216204,2682069059,450,450,26663,1561617,3127053,0,49899204,50071,347889498,344136493,0
1789652857.5757315,208.058,6978501,438166,0,224,69,53,66402,503636,19271677,17799840,106652,62594048,45214464,64771540,0,0,0,0,5,0,8839186,2677216204,2682069059,450,450,26663,1561612,3127043,0,49899248,50071,347889498,344136493,0
1789652857.8262365,208.308,6978800,438166,0,224,69,53,66409,503732,19272052,17799936,106748,62594076,45214400,64771540,0,0,0,0,5,0,8839205,2677216204,2682069059,450,450,26687,1561613,3127044,0,49899251,50071,347889498,344136493,0
1789652858.076722,208.559,6979095,438166,0,224,69,53,66416,503829,19272719,17799936,106748,62592268,45212588,64771540,0,0,0,0,5,0,8839233,2677216204,2682069059,450,450,26687,1561568,3126954,0,49899912,50071,347889498,344136493,0
1789652858.3271863,208.809,6979384,438166,0,224,69,53,66423,503935,19273134,17800032,106844,62593232,45213460,64771540,0,0,0,0,5,0,8839246,2677216588,2682069443,450,450,26711,1561592,3127002,0,49899947,50072,347889510,344136493,0
1789652858.5776656,209.06,6979670,438166,0,224,69,53,66428,504046,19274214,17800032,106844,62589248,45209472,64771540,0,0,0,0,4,0,8839282,2677216588,2682069443,450,450,26711,1561492,3126803,0,49901621,50072,347889510,344136493,0
1789652858.8281274,209.31,6980039,438166,0,224,69,53,66428,504077,19274297,17800032,106844,62585108,45205332,64771540,0,0,0,0,2,0,8839291,2677216588,2682069443,450,450,26711,1561389,3126596,0,49902643,50072,347889510,344136493,0
1789652859.078574,209.561,6980412,438166,0,224,69,53,66434,504100,19274554,17968732,275532,62577776,45026476,64771540,0,0,0,0,2,0,8839393,2677216588,2682069443,450,450,68883,1561135,3126088,0,49902777,50072,347889510,344136493,0
1789652859.3290093,209.811,6980787,438166,0,224,69,53,66440,504119,19274629,17968732,275532,62564688,45013388,64771540,0,0,0,0,2,0,8839404,2677216588,2682069443,450,450,68883,1560809,3125434,0,49907161,50072,347889510,344136493,0
1789652859.579384,210.062,6981163,438166,0,224,69,53,66452,504132,19274757,17968732,275532,62298856,44747556,64771540,0,0,0,0,2,0,8839441,2677216588,2682069443,450,450,68883,1554173,3112146,0,49971974,50072,347889510,344136493,0
1789652859.8297234,210.312,6981538,438166,0,224,69,53,66460,504149,19274932,17968732,275532,62153416,44602116,64771540,0,0,0,0,2,0,8839445,2677216588,2682069443,450,450,68883,1550542,3104875,0,50009171,50072,347889510,344136493,0
1789652860.0801477,210.562,6981913,438166,0,224,69,53,66460,504174,19274975,17968732,275532,62153416,44602116,64771540,0,0,0,0,3,0,8839445,2677216588,2682069443,450,450,68883,1550542,3104875,0,50009682,50072,347889510,344136493,0
1789652860.330503,210.813,6982288,438166,0,224,69,53,66460,504199,19275017,17968732,275532,62153416,44602116,64771540,0,0,0,0,2,0,8839455,2677216588,2682069443,450,450,68883,1550542,3104875,0,50009683,50072,347889510,344136493,0
1789652860.5808349,211.063,6982664,438166,0,224,69,53,66460,504224,19275106,17968772,275572,62153224,44601864,64771540,0,0,0,0,2,0,8840448,2677216588,2682069443,450,450,68893,1550537,3104865,0,50009683,50072,347889510,344136493,0
1789652860.831138,211.313,6983039,438166,0,224,69,53,66460,504249,19275150,17968772,275572,62153224,44601864,64771540,0,0,0,0,2,0,8840470,2677216588,2682069443,450,450,68893,1550537,3104865,0,50009684,50072,347889510,344136493,0
1789652861.0814712,211.564,6983415,438166,0,224,69,53,66460,504274,19275195,17968772,275572,62153224,44601864,64771540,0,0,0,0,2,0,8840470,2677216588,2682069443,450,450,68893,1550537,3104865,0,50009685,50072,347889510,344136493,0
1789652861.3317878,211.814,6983790,438166,0,224,69,53,66460,504299,19275242,17968772,275572,62155312,44603952,64771540,0,0,0,0,2,0,8840487,2677216588,2682069443,450,450,68893,1550589,3104969,0,50009686,50072,347889510,344136493,0
1789652861.5821052,212.064,6984165,438166,0,224,69,53,66460,504325,19275287,17968772,275572,62155312,44603952,64771540,0,0,0,0,2,0,8840513,2677216588,2682069443,450,450,68893,1550589,3104969,0,50009687,50072,347889510,344136493,0
1789652861.832444,212.315,6984541,438166,0,224,69,53,66460,504350,19275322,17968772,275572,62155312,44603952,64771540,0,0,0,0,2,0,8840513,2677216588,2682069443,450,450,68893,1550589,3104969,0,50009687,50072,347889510,344136493,0
1789652862.0827715,212.565,6984916,438166,0,224,69,53,66461,504375,19275666,17968772,275572,62154068,44602708,64771540,0,0,0,0,2,0,8840531,2677216588,2682069443,450,450,68893,1550558,3104907,0,50010017,50072,347889510,344136493,0
1789652862.3332086,212.815,6985291,438166,0,224,69,53,66461,504400,19275731,17968772,275572,62154184,44602824,64771540,0,0,0,0,2,0,8840531,2677216588,2682069443,450,450,68893,1550561,3104913,0,50010019,50072,347889510,344136493,0
1789652862.583581,213.066,6985666,438166,0,224,69,53,66461,504425,19275770,17968772,275572,62154184,44602824,64771540,0,0,0,0,2,0,8840531,2677216588,2682069443,450,450,68893,1550561,3104913,0,50010021,50072,347889510,344136493,0
1789652862.8339016,213.316,6986042,438166,0,224,69,53,66461,504450,19275807,17968772,275572,62154184,44602824,64771540,0,0,0,0,2,0,8840541,2677216588,2682069443,450,450,68893,1550561,3104913,0,50010022,50072,347889510,344136493,0
1789652863.0842137,213.566,6986415,438166,0,224,69,53,66466,504472,19275889,18145412,452212,62155340,44422624,64771540,0,0,0,0,3,0,8840646,2677216588,2682069443,450,450,113053,1550472,3104735,0,50010023,50072,347889510,344136493,0
1789652863.3345864,213.817,6986790,438166,0,224,69,53,66472,504491,19275958,18383556,690356,62158064,44180332,64771540,0,0,0,0,2,0,8840681,2677216588,2682069443,450,450,172589,1550358,3104507,0,50010023,50072,347889510,344136529,0
1789652863.5849116,214.067,6987166,438166,0,224,69,53,66481,504507,19276003,18622132,928932,62150112,43927340,64771540,0,0,0,0,2,0,8840732,2677216588,2682069443,450,450,232233,1550008,3103807,0,50010024,50072,347889510,344136529,0
1789652863.8352313,214.317,6987541,438166,0,224,69,53,66488,504525,19276038,18651892,958692,62150384,43897044,64771540,0,0,0,0,2,0,8840732,2677216588,2682069443,450,450,239673,1549995,3103780,0,50010026,50072,347889510,344136529,0
1789652864.0855613,214.568,6987917,438166,0,224,69,53,66493,504545,19276087,18652116,958916,62150644,43896868,64771540,0,0,0,0,2,0,8840838,2677216588,2682069443,450,450,239729,1549996,3103782,0,50010027,50072,347889510,344136529,0
1789652864.3358617,214.818,6988291,438166,0,224,69,53,66494,504570,19276144,18652116,958916,62151780,43898004,64771540,0,0,0,0,2,0,8840856,2677216588,2682069443,450,450,239729,1550024,3103839,0,50010028,50072,347889510,344136529,0
1789652864.5861688,215.068,6988667,438166,0,224,69,53,66494,504595,19276232,18652116,958916,62151780,43898004,64771540,0,0,0,0,2,0,8840898,2677216588,2682069443,450,450,239729,1550024,3103839,0,50010105,50072,347889510,344136529,0
1789652864.8364885,215.319,6989042,438166,0,224,69,53,66494,504620,19276271,18652116,958916,62151780,43898004,64771540,0,0,0,0,2,0,8840924,2677216588,2682069443,450,450,239729,1550024,3103839,0,50010105,50072,347889510,344136529,0
1789652865.0867872,215.569,6989418,438166,0,224,69,53,66494,504645,19276330,18652116,958916,62151788,43898004,64771540,0,0,0,0,2,0,8841020,2677216588,2682069443,450,450,239729,1550025,3103840,0,50010110,50072,347889510,344136529,0
1789652865.3371105,215.819,6989793,438166,0,224,69,53,66494,504670,19276377,18652116,958916,62152856,43899072,64771540,0,0,0,0,2,0,8841030,2677216588,2682069443,450,450,239729,1550051,3103893,0,50010110,50072,347889510,344136529,0
1789652865.58744,216.07,6990168,438166,0,224,69,53,66494,504695,19276416,18652116,958916,62152856,43899072,64771540,0,0,0,0,2,0,8841048,2677216588,2682069443,450,450,239729,1550051,3103893,0,50010110,50072,347889510,344136529,0
1789652865.8377697,216.32,6990543,438166,0,224,69,53,66495,504720,19276501,18652108,857900,62152856,43899072,64771540,0,95384,0,0,2,0,8842571,2677216596,2682069914,450,450,214475,1550051,3103893,23846,50010111,50072,347889514,344237697,0
1789652866.0881777,216.57,6990919,438166,0,224,69,53,66495,504745,19276564,18652132,857748,62152896,43899072,64771540,0,78744,0,0,2,0,8844131,2677216596,2682070528,450,450,214437,1550052,3103894,19686,50010111,50072,347889514,344237697,0
1789652866.338621,216.821,6991294,438166,0,224,69,53,66495,504770,19276625,18652132,857748,62154048,43900224,64771540,0,62360,0,0,2,0,8846301,2677216596,2682071489,450,450,214437,1550081,3103952,15590,50010112,50072,347889514,344237697,0
1789652866.589024,217.071,6991668,438166,0,224,69,53,66495,504797,19276944,18652132,857748,62153772,43899948,64771540,0,54168,0,0,2,0,8846421,2677216596,2682071489,450,450,214437,1550074,3103938,13542,50010362,50072,347889514,344237697,0
1789652866.8394575,217.322,6992044,438166,0,224,69,53,66495,504822,19277001,18652132,857748,62153772,43899948,64771540,0,37784,0,0,2,0,8847647,2677216596,2682072391,450,450,214437,1550074,3103938,9446,50010363,50072,347889514,344237697,0
1789652867.0898352,217.572,6992419,438166,0,224,69,53,66495,504847,19277057,18652132,857748,62153772,43899948,64771540,0,29676,0,0,2,0,8847846,2677216596,2682072391,450,450,214437,1550074,3103938,7419,50010365,50072,347889514,344237697,0
1789652867.3402102,217.822,6992795,438166,0,224,69,53,66498,504870,19277145,18731284,936900,62159448,43824540,64771540,0,21400,0,0,2,0,8848510,2677216596,2682072902,450,450,234329,1550178,3104146,5350,50010367,50072,347889514,344237697,0
1789652867.5905585,218.073,6993170,438166,0,224,69,53,66505,504888,19277196,18968612,1174228,62152316,43573204,64771540,0,5016,0,0,2,0,8848653,2677216596,2682072902,450,450,293557,1549818,3103425,1254,50010367,50072,347889514,344237697,0
1789652867.8408852,218.323,6993545,438166,0,224,69,53,66512,504906,19277245,19206356,1411972,62152856,43329532,64771540,0,0,0,0,2,0,8848714,2677216596,2682072902,450,450,352993,1549670,3103129,0,50010370,50072,347889514,344237697,0
1789652868.091217,218.573,6993911,438166,0,224,69,53,66519,504934,19277818,19335476,1541092,62132876,43176652,64771540,0,0,0,0,3,0,8848799,2677216596,2682072902,450,450,385273,1549076,3101940,0,50014422,50072,347889514,344237697,0
1789652868.341669,218.824,6994286,438166,0,224,69,53,66524,504955,19277897,19335476,1541092,62132876,43176652,64771540,0,0,0,0,2,0,8848810,2677216596,2682072902,450,450,385273,1549076,3101940,0,50014423,50072,347889514,344237697,0
1789652868.5920253,219.074,6994660,438166,0,224,69,53,66527,504977,19277966,19335476,1541116,62133940,43177716,64771540,0,0,0,0,2,0,8848828,2677216596,2682072902,450,450,385279,1549103,3101994,0,50014424,50072,347889514,344237773,0
1789652868.842363,219.325,6995036,438166,0,224,69,53,66527,505002,19278003,19335476,1541116,62133940,43177716,64771540,0,0,0,0,2,0,8848836,2677216596,2682072902,450,450,385279,1549103,3101994,0,50014425,50072,347889514,344237773,0
1789652869.0927012,219.575,6995411,438166,0,224,69,53,66527,505027,19278056,19335476,1541116,62133940,43177716,64771540,0,0,0,0,2,0,8848843,2677216596,2682072902,450,450,385279,1549103,3101994,0,50014426,50072,347889514,344237773,0
1789652869.3430197,219.825,6995787,438166,0,224,69,53,66527,505052,19278101,19335476,1541116,62131112,43174888,64771540,0,0,0,0,2,0,8848854,2677216596,2682072902,450,450,385279,1549032,3101852,0,50015437,50072,347889514,344237773,0
1789652869.593384,220.076,6996162,438166,0,224,69,53,66527,505077,19278143,19335476,1541116,62127072,43170848,64771540,0,0,0,0,2,0,8848869,2677216596,2682072902,450,450,385279,1548931,3101650,0,50016590,50072,347889514,344237773,0
1789652869.8437133,220.326,6996538,438166,0,224,69,53,66527,505102,19278186,19335476,1541116,62127072,43170848,64771540,0,0,0,0,2,0,8848882,2677216596,2682072902,450,450,385279,1548931,3101650,0,50016591,50072,347889514,344237789,0
1789652870.0940413,220.576,6996913,438166,0,224,69,53,66527,505127,19278237,19335476,1541108,62119164,43162932,64771540,0,0,0,0,2,0,8848889,2677216596,2682072902,450,450,385277,1548734,3101255,0,50017548,50072,347889514,344237789,0
1789652870.344368,220.827,6997288,438166,0,224,69,53,66528,505152,19278284,19335476,1541108,62119164,43162932,64771540,0,0,0,0,2,0,8848904,2677216596,2682072902,450,450,385277,1548734,3101255,0,50018616,50072,347889514,344237789,0
1789652870.5946753,221.077,6997664,438166,0,224,69,53,66528,505177,19278319,19335476,1541108,62116336,43160104,64771540,0,0,0,0,2,0,8848904,2677216596,2682072902,450,450,385277,1548663,3101114,0,50019335,50072,347889514,344237789,0
1789652870.8449903,221.327,6998039,438166,0,224,69,53,66528,505201,19278363,19335476,1541108,62112296,43156064,64771540,0,0,0,0,2,0,8848915,2677216596,2682072902,450,450,385277,1548562,3100912,0,50020402,50072,347889514,344237789,0
1789652871.0953028,221.578,6998415,438166,0,224,69,53,66528,505226,19278402,19335476,1541108,62104044,43147812,64771540,0,0,0,0,2,0,8849003,2677216596,2682072902,450,450,385277,1548356,3100499,0,50020907,50072,347889514,344237789,0
1789652871.3456197,221.828,6998790,438166,0,224,69,53,66528,505251,19278453,19335476,1541108,62104044,43147812,64771540,0,0,0,0,2,0,8849027,2677216596,2682072902,450,450,385277,1548356,3100499,0,50020908,50072,347889514,344237789,0
1789652871.5959468,222.078,6999165,438166,0,224,69,53,66528,505276,19278500,19335476,1541108,62104044,43147812,64771540,0,0,0,0,2,0,8849068,2677216596,2682072902,450,450,385277,1548356,3100499,0,50020909,50072,347889514,344237789,0
1789652871.8462677,222.328,6999541,438166,0,224,69,53,66534,505296,19278540,19544268,1749900,62105544,42934852,64771540,0,0,0,0,2,0,8849068,2677216596,2682072902,450,450,437475,1548252,3100291,0,50020910,50072,347889514,344237789,0
1789652872.0965872,222.579,6999916,438166,0,224,69,53,66540,505315,19278579,19780676,1986308,62104644,42691100,64771540,0,0,0,0,2,0,8849168,2677216596,2682072902,450,450,496577,1548069,3099924,0,50020911,50072,347889514,344237789,0
1789652872.3468971,222.829,7000292,438166,0,224,69,53,66548,505332,19278666,20017172,2222804,62110032,42453112,64771540,0,0,0,0,2,0,8849175,2677216596,2682072902,450,450,555701,1548032,3099849,0,50020912,50072,347889514,344237789,0
1789652872.5972824,223.079,7000620,438166,0,224,69,53,66551,505401,19279363,20018820,2224460,62049376,42390720,64771540,0,0,0,0,5,0,8849229,2677216596,2682072902,450,450,556115,1546515,3096813,0,50030566,50072,347889514,344237789,0
1789652872.8479702,223.33,7000957,438166,0,224,69,53,66555,505458,19280598,20018820,2224460,62028736,42370080,64771540,0,0,0,0,2,0,8849297,2677216596,2682072902,450,450,556115,1546000,3095781,0,50037926,50072,347889514,344237789,0
1789652873.0984337,223.581,7001326,438166,0,224,69,53,66559,505485,19281300,20018820,2224460,62028736,42370080,64771540,0,0,0,0,2,0,8849443,2677216596,2682072902,450,450,556115,1546000,3095781,0,50037927,50072,347889514,344237789,0
1789652873.348778,223.831,7001694,438166,0,224,69,53,66562,505513,19281997,20018820,2224460,62028736,42370080,64771540,0,0,0,0,2,0,8849517,2677216596,2682072902,450,450,556115,1546000,3095781,0,50038084,50072,347889514,344237789,0
1789652873.5991068,224.081,7002063,438166,0,224,69,53,66566,505541,19282701,20018820,2224460,62013804,42355132,64771540,0,0,0,0,2,0,8849598,2677216596,2682072902,450,450,556115,1545627,3095034,0,50042120,50072,347889514,344237789,0
1789652873.849498,224.332,7002432,438166,0,224,69,53,66569,505568,19283336,20018820,2224460,61981484,42322812,64771540,0,0,0,0,2,0,8849661,2677216596,2682072902,450,450,556115,1544821,3093419,0,50048959,50072,347889514,344237789,0
1789652874.0998065,224.582,7002801,438166,0,224,69,53,66574,505594,19283983,20018820,2224460,61959508,42300836,64771540,0,0,0,0,2,0,8849732,2677216596,2682072902,450,450,556115,1544272,3092320,0,50055788,50072,347889514,344237789,0
1789652874.3501263,224.832,7003168,438166,0,224,69,53,66578,505622,19284761,20018820,2224460,61934928,42276256,64771540,0,0,0,0,6,0,8849802,2677216596,2682072902,450,450,556115,1543658,3091092,0,50062552,50072,347889514,344237789,0
1789652874.6005237,225.083,7003489,438166,0,224,69,53,66600,505677,19288003,17343424,5804,61971704,45050840,64771540,0,0,0,0,2,0,8853584,2677216763,2682073069,450,450,1451,1546137,3096054,0,50066176,50073,347889626,344237789,0
1789652874.8509698,225.333,7003864,438166,0,224,69,53,66625,505678,19288461,13725884,5804,61990344,48724684,64771540,0,0,0,0,2,0,8860292,2677216763,2682073069,450,450,1451,1547545,3098875,0,50066177,50073,347889626,344237789,0
1789652875.101437,225.584,7004238,438166,0,224,70,53,66650,505678,19288928,10171548,5796,62059732,52402416,64771540,0,0,0,0,2,0,8866643,2677216763,2682073069,450,450,1449,1550620,3105032,0,50066178,50073,347889626,344237789,0
1789652875.351855,225.834,7004626,438166,0,224,70,53,66661,505680,19289556,8741812,5796,62109084,53922344,64771540,0,0,0,0,1,0,8873275,2677216763,2682073069,450,450,1449,1552872,3109541,0,50066572,50073,347889626,344237789,0
