t,t_rel,cpu_idle,cpu_iowait,cpu_irq,cpu_nice,cpu_softirq,cpu_steal,cpu_system,cpu_user,ctxt,mem_Cached,mem_Dirty,mem_MemAvailable,mem_MemFree,mem_MemTotal,mem_SwapCached,mem_Writeback,mem_WritebackTmp,procs_blocked,procs_running,psi_cpu_full_total,psi_cpu_some_total,psi_io_full_total,psi_io_some_total,psi_memory_full_total,psi_memory_some_total,vm_nr_dirty,vm_nr_dirty_background_threshold,vm_nr_dirty_threshold,vm_nr_writeback,vm_pgfault,vm_pgmajfault,vm_pgpgin,vm_pgpgout,vm_pswpout
1789731967.5164325,0.0,997274,12911,0,262,50,33,17842,216030,4571828,117024,860,63898936,64280016,64771556,0,0,0,1,1,0,12609760,61308220,62674382,6,34,215,1595867,3195637,0,17682116,7422,34891866,103720689,0
1789731967.7709053,0.254,997520,12928,0,262,50,33,17843,216172,4572409,126536,1188,63883656,64259428,64771556,0,0,0,0,17,0,12609956,61335747,62701985,6,34,297,1595649,3195200,0,17684772,7495,34903750,103720689,0
1789731968.021487,0.505,997891,12943,0,262,50,33,17845,216183,4573069,133156,1188,63866508,64238528,64771556,0,0,0,1,1,0,12611373,61440022,62806462,6,34,297,1595315,3194531,0,17689535,7521,34911686,103720689,0
1789731968.2719817,0.756,998267,12966,0,262,50,33,17848,216183,4573776,161576,1220,63839008,64196260,64771556,0,0,0,1,1,0,12612209,61581324,62947790,6,34,305,1594997,3193894,0,17693776,7716,34940818,103720689,0
1789731968.522385,1.006,998631,12989,0,262,50,33,17849,216193,4575844,171676,1276,63822640,64174828,64771556,0,0,0,1,1,0,12613204,61718449,63084920,6,34,319,1594715,3193329,0,17696820,7832,34951138,103720689,0
1789731968.7728071,1.256,999001,13010,0,262,50,33,17851,216201,4577494,179140,1276,63811632,64160108,64771556,0,0,0,0,2,0,12614378,61891607,63258087,6,34,319,1594533,3192965,0,17699042,7838,34958362,103720689,0
1789731969.023174,1.507,999367,13031,0,262,50,33,17853,216210,4578629,187500,1276,63788464,64132740,64771556,0,0,0,1,1,0,12615700,62053488,63419972,6,34,319,1594059,3192017,0,17704094,7838,34966722,103720689,0
1789731969.2735312,1.757,999727,13042,0,262,50,33,17857,216236,4581911,190776,1276,63788576,64131076,64771556,0,0,0,1,4,0,12616387,62119785,63486269,6,34,319,1594106,3192111,0,17716278,7848,34970322,103720721,0
1789731969.524027,2.008,1000063,13063,0,262,50,33,17862,216272,4585091,195356,2876,63751036,64090820,64771556,0,0,0,1,2,0,12616952,62175091,63541590,6,34,719,1593237,3190370,0,17730543,7905,34976398,103720721,0
1789731969.7745056,2.258,1000422,13078,0,262,50,33,17866,216293,4588271,201028,4060,63728336,64065220,64771556,0,0,0,1,1,0,12617500,62245832,63612360,6,34,1015,1592743,3189380,0,17738537,7938,34981766,103720721,0
1789731970.0250032,2.509,1000780,13090,0,262,50,33,17868,216322,4592252,203872,4060,63712596,64048032,64771556,0,0,0,0,2,0,12618156,62318003,63684532,6,34,1015,1592386,3188666,0,17742289,7938,34984582,103720721,0
1789731970.2754705,2.759,1001138,13103,0,262,50,33,17871,216346,4595128,207124,4060,63687084,64020868,64771556,0,0,0,0,3,0,12619291,62392104,63758641,6,34,1015,1591790,3187473,0,17748745,7949,34987862,103720721,0
1789731970.5259514,3.01,1001489,13110,0,262,50,33,17872,216387,4600138,208640,4060,63680544,64013572,64771556,0,0,0,1,1,0,12619836,62424728,63791273,6,34,1015,1591646,3187184,0,17751223,7953,34989506,103720721,0
1789731970.7763927,3.26,1001842,13121,0,262,50,33,17874,216419,4602686,211440,4060,63673220,64004844,64771556,0,0,0,0,2,0,12620353,62482500,63849121,6,34,1015,1591498,3186888,0,17752526,7955,34992186,103720721,0
1789731971.0267913,3.51,1002196,13130,0,262,50,33,17878,216452,4607112,213584,4076,63658628,63989144,64771556,0,0,0,1,1,0,12621901,62510275,63876896,6,34,1019,1591162,3186214,0,17758147,7958,34994038,103720725,0
1789731971.2871382,3.771,1002589,13153,0,262,50,33,17879,216453,4607775,241116,4076,63645432,63961940,64771556,0,0,0,1,1,0,12622755,62679542,64046268,6,34,1019,1591182,3186255,0,17759925,8186,35022146,103720725,0
1789731971.539487,4.023,1002965,13171,0,262,50,33,17880,216459,4608370,254524,4076,63628948,63938680,64771556,0,0,0,1,1,0,12623524,62834197,64201145,6,34,1019,1590940,3185769,0,17763755,8289,35035810,103720725,0
1789731971.7914824,4.275,1003350,13187,0,262,50,33,17881,216467,4608889,265480,4076,63613480,63917688,64771556,0,0,0,1,1,0,12624309,62997217,64364270,6,34,1019,1590691,3185272,0,17767639,8382,35047062,103720725,0
1789731972.0470672,4.531,1003720,13202,0,262,50,33,17883,216480,4610113,272380,4076,63604576,63905248,64771556,0,0,0,0,3,0,12625161,63100014,64467077,6,34,1019,1590557,3185004,0,17771357,8394,35053906,103720725,0
1789731972.297489,4.781,1004079,13215,0,262,50,33,17884,216506,4611274,275492,4076,63599164,63897136,64771556,0,0,0,0,2,0,12625790,63180112,64547188,6,34,1019,1590436,3184762,0,17775462,8398,35056986,103720725,0
1789731972.5479765,5.032,1004419,13225,0,262,50,33,17887,216553,4613131,277756,4076,63569448,63865160,64771556,0,0,0,1,4,0,12626233,63222985,64590071,6,34,1019,1589694,3183276,0,17789176,8398,35059170,103720725,0
1789731972.7984455,5.282,1004752,13235,0,262,50,33,17890,216607,4614522,280208,4076,63544456,63837700,64771556,0,0,0,0,2,0,12626585,63259863,64626949,6,34,1019,1589071,3182027,0,17801273,8398,35061574,103720725,0
1789731973.0489156,5.532,1005118,13246,0,262,50,33,17891,216630,4616339,283556,4076,63518656,63808564,64771556,0,0,0,1,1,0,12627039,63301896,64669027,6,34,1019,1588426,3180737,0,17807478,8398,35064922,103720725,0
1789731973.2994168,5.783,1005455,13254,0,262,50,33,17894,216680,4619817,285808,4076,63514820,63802444,64771556,0,0,0,0,4,0,12627542,63327723,64694864,6,34,1019,1588331,3180545,0,17809885,8401,35067294,103720725,0
1789731973.5501602,6.034,1005823,13262,0,262,50,33,17895,216704,4620485,287884,4076,63509280,63794816,64771556,0,0,0,0,2,0,12627953,63387601,64754742,6,34,1019,1588192,3180268,0,17811803,8402,35069394,103720725,0
1789731973.8006175,6.284,1006177,13274,0,262,51,33,17897,216736,4621929,291268,4172,63493608,63775752,64771556,0,0,0,1,1,0,12628415,63450142,64817283,6,34,1043,1587801,3179485,0,17815467,8403,35072754,103720725,0
1789731974.051108,6.535,1006533,13283,0,262,51,33,17899,216770,4623785,294560,4172,63477000,63756272,64771556,0,0,0,0,3,0,12628854,63503418,64870565,6,34,1043,1587387,3178655,0,17819309,8403,35075866,103720725,0
1789731974.301582,6.785,1006893,13287,0,262,51,33,17900,216805,4625369,296168,4176,63467812,63745052,64771556,0,0,0,0,2,0,12631010,63530373,64897520,6,34,1044,1587157,3178196,0,17821429,8403,35077442,103720725,0
1789731974.5520983,7.036,1007220,13289,0,262,51,33,17902,216872,4631105,296756,4176,63452540,63729204,64771556,0,0,0,0,3,0,12631503,63534889,64902036,6,34,1044,1586776,3177432,0,17826326,8405,35078030,103720725,0
1789731974.8025815,7.286,1007560,13291,0,262,51,33,17904,216928,4634961,297264,4176,63446712,63722840,64771556,0,0,0,0,2,0,12631887,63544985,64912133,6,34,1044,1586631,3177141,0,17828299,8405,35078538,103720725,0
1789731975.0530891,7.537,1007911,13301,0,262,51,33,17905,216964,4638450,299980,4176,63439940,63713396,64771556,0,0,0,0,3,0,12632477,63595801,64963004,6,34,1044,1586461,3176802,0,17829845,8408,35081270,103720725,0
1789731975.3035948,7.787,1008284,13311,0,262,51,33,17906,216981,4639500,303140,4176,63434328,63704604,64771556,0,0,0,1,1,0,12633056,63692199,65059401,6,34,1044,1586321,3176522,0,17831300,8408,35084450,103720725,0
1789731975.5541177,8.038,1008656,13319,0,262,51,33,17908,217000,4640505,305048,4176,63420228,63688596,64771556,0,0,0,0,3,0,12633580,63760604,65127806,6,34,1044,1585969,3175817,0,17834693,8408,35086330,103720725,0
1789731975.8046126,8.288,1009005,13326,0,262,51,33,17909,217042,4642976,307304,4176,63398748,63664824,64771556,0,0,0,0,2,0,12633913,63797085,65164287,6,34,1044,1585433,3174743,0,17840078,8408,35088766,103720725,0
1789731976.0551248,8.539,1009380,13338,0,262,51,33,17910,217054,4643640,310348,4176,63380488,63643520,64771556,0,0,0,0,2,0,12634970,63907374,65274604,6,34,1044,1584977,3173830,0,17844687,8408,35091658,103720725,0
1789731976.305574,8.789,1009738,13342,0,262,51,33,17912,217089,4645550,311528,4176,63363208,63625092,64771556,0,0,0,1,2,0,12635171,63925573,65292803,6,34,1044,1584546,3172967,0,17849940,8408,35092814,103720725,0
1789731976.556062,9.04,1010105,13350,0,262,51,33,17913,217114,4646364,313320,4176,63347744,63607808,64771556,0,0,0,0,2,0,12637789,63982838,65350072,6,34,1044,1584160,3172194,0,17855583,8408,35094634,103720725,0
1789731976.8065467,9.29,1010449,13358,0,262,51,33,17915,217160,4649912,315196,4176,63326880,63584472,64771556,0,0,0,0,3,0,12638207,64017486,65384720,6,34,1044,1583639,3171151,0,17860898,8408,35097082,103720725,0
1789731977.0570607,9.541,1010784,13362,0,262,51,33,17918,217218,4654880,316612,4180,63287408,63543676,64771556,0,0,0,0,6,0,12638792,64031973,65399207,6,34,1045,1582654,3169178,0,17869031,8408,35098486,103720725,0
1789731977.307561,9.791,1011096,13367,0,262,51,33,17921,217297,4657156,318192,4332,63239576,63494164,64771556,0,0,0,1,1,0,12638981,64039115,65406375,6,34,1083,1581460,3166787,0,17882244,8408,35099914,103720725,0
1789731977.5580559,10.042,1011468,13377,0,262,51,33,17922,217314,4657939,320996,4332,63221044,63472828,64771556,0,0,0,1,1,0,12639718,64131897,65499157,6,34,1083,1580997,3165860,0,17887015,8408,35102734,103720725,0
1789731977.8096101,10.293,1011823,13382,0,262,51,33,17926,217352,4660688,322360,4340,63289184,63539612,64771556,0,0,0,0,2,0,12639949,64142664,65509929,6,34,1085,1582698,3169266,0,17896610,8408,35104070,103720725,0
1789731978.0601888,10.544,1012190,13389,0,262,51,33,17928,217377,4663080,324164,4340,63275916,63524524,64771556,0,0,0,1,1,0,12640537,64197011,65564276,6,34,1085,1582367,3168603,0,17901255,8408,35105890,103720725,0
1789731978.3106804,10.794,1012560,13395,0,262,51,33,17929,217400,4664027,325976,4388,63253480,63500296,64771556,0,0,0,0,2,0,12640970,64249570,65616835,6,34,1097,1581807,3167482,0,17906858,8408,35107794,103720781,0
1789731978.561218,11.045,1012912,13402,0,262,51,33,17932,217438,4667058,328156,4392,63229280,63473900,64771556,0,0,0,1,4,0,12641360,64283466,65650731,6,34,1098,1581203,3166272,0,17912640,8409,35109910,103720781,0
1789731978.8119886,11.296,1013252,13406,0,262,51,33,17934,217492,4672091,329152,4392,63222360,63465976,64771556,0,0,0,0,5,0,12641762,64299891,65667156,6,34,1098,1581030,3165926,0,17915491,8410,35110970,103720781,0
1789731979.0626955,11.546,1013574,13407,0,262,51,33,17937,217564,4679028,329968,4400,63219444,63462216,64771556,0,0,0,0,2,0,12643237,64302171,65669436,6,34,1100,1580957,3165780,0,17917775,8410,35111714,103720781,0
1789731979.3131893,11.797,1013938,13412,0,262,51,33,17941,217592,4682774,368700,4400,63219100,63422928,64771556,0,0,0,0,3,0,12643887,64337587,65704852,6,34,1100,1580949,3165763,0,17919906,8410,35150642,103720781,0
1789731979.5637372,12.047,1014286,13413,0,262,51,33,17947,217637,4685819,404052,31312,63172608,63341080,64771556,0,0,0,1,2,0,12644074,64340930,65708195,6,34,7828,1579788,3163439,0,17930239,8410,35158938,103720781,0
1789731979.8144696,12.298,1014657,13416,0,262,51,33,17951,217660,4688099,468852,66692,63132044,63235516,64771556,0,0,0,1,3,0,12644461,64364042,65731307,6,34,16673,1578770,3161401,0,17938223,8410,35188230,103720781,0
1789731980.0649726,12.549,1015012,13418,0,262,51,33,17954,217699,4690566,538420,98672,63136868,63170332,64771556,0,0,0,0,2,0,12644876,64380784,65748058,6,34,24668,1578880,3161620,0,17938949,8410,35225818,103720781,0
1789731980.3154585,12.799,1015379,13422,0,262,51,33,17962,217720,4693159,588696,111544,63060908,63043796,64771556,0,0,0,0,3,0,12645381,64407432,65774706,6,34,27886,1576976,3157809,0,17942338,8410,35263422,103720781,0
1789731980.5660024,13.05,1015739,13425,0,262,51,33,17966,217753,4694752,660372,145432,63076112,62986992,64771556,0,0,0,0,2,0,12645744,64426968,65794243,6,34,36358,1577348,3158553,0,17947973,8410,35301010,103720781,0
1789731980.8164873,13.3,1016111,13428,0,262,51,33,17971,217774,4696243,733844,181592,63074084,62911036,64771556,0,0,0,0,2,0,12646243,64455780,65823054,6,34,45398,1577286,3158428,0,17952757,8410,35338598,103720781,0
1789731981.0670247,13.551,1016480,13428,0,262,51,33,17979,217798,4697981,770612,218084,63015936,62815580,64771556,0,0,0,0,5,0,12646627,64455982,65823257,6,34,54521,1575820,3155493,0,17954936,8410,35338622,103720781,0
1789731981.3177598,13.801,1016837,13431,0,262,51,33,17983,217835,4700466,842692,244792,63001520,62728760,64771556,0,0,0,1,1,0,12647498,64474675,65841950,6,34,61198,1575455,3154762,0,17956188,8410,35384226,103720781,0
1789731981.568279,14.052,1017210,13435,0,262,51,33,17986,217856,4701507,921400,280824,62988732,62636800,64771556,0,0,0,1,1,0,12647982,64506480,65873754,6,34,70206,1575121,3154093,0,17960319,8410,35426902,103720781,0
1789731981.8187659,14.302,1017582,13437,0,262,51,33,17991,217879,4702707,990396,325104,62944056,62522676,64771556,0,0,0,0,2,0,12648324,64527619,65894893,6,34,81276,1573995,3151840,0,17966736,8410,35451362,103720781,0
1789731982.0692883,14.553,1017954,13440,0,262,51,33,17997,217897,4703889,1047288,344408,62911536,62433052,64771556,0,0,0,0,2,0,12648873,64558650,65925924,6,34,86102,1573178,3150203,0,17968139,8410,35488950,103720781,0
1789731982.3197784,14.803,1018326,13444,0,262,51,33,18002,217917,4705366,1122080,381612,62914612,62360800,64771556,0,0,0,0,2,0,12649390,64587443,65954717,6,34,95403,1573242,3150330,0,17975712,8410,35526538,103720781,0
1789731982.5703053,15.054,1018689,13444,0,262,51,33,18006,217949,4706646,1203504,425316,62943884,62308028,64771556,0,0,0,0,2,0,12649692,64593173,65960453,6,34,106432,1573957,3151763,0,17976272,8410,35564126,103720781,0
1789731982.820783,15.304,1019062,13448,0,262,51,33,18014,217965,4707789,1261476,445588,62879280,62185284,64771556,0,0,0,0,2,0,12650358,64624158,65991439,6,34,111397,1572340,3148525,0,17978367,8410,35601714,103720781,0
1789731983.0712984,15.555,1019437,13451,0,262,51,33,18017,217984,4708557,1338416,485184,62915312,62143824,64771556,0,0,0,0,2,0,12650879,64654978,66022268,6,34,121296,1573226,3150298,0,17979077,8410,35639302,103720781,0
1789731983.3217392,15.805,1019810,13452,0,262,51,33,18021,218005,4710051,1417548,526728,62900616,62049532,64771556,0,0,0,0,2,0,12651205,64662441,66029731,6,34,131682,1572847,3149541,0,17989350,8410,35676890,103720781,0
1789731983.5722709,16.056,1020176,13455,0,262,51,33,18029,218027,4711100,1477964,549476,62844684,61932828,64771556,0,0,0,0,2,0,12651642,64689019,66056308,6,34,137369,1571442,3146727,0,17991561,8410,35714478,103720781,0
1789731983.822757,16.306,1020551,13456,0,262,51,33,18033,218048,4711777,1559024,593236,62880956,61887500,64771556,0,0,0,0,2,0,12651980,64699709,66066999,6,34,148309,1572334,3148513,0,17991564,8410,35752066,103721165,0
1789731984.0732656,16.557,1020924,13459,0,262,51,33,18038,218067,4713241,1634064,630816,62873116,61804012,64771556,0,0,0,0,2,0,12652999,64719216,66086505,6,34,157704,1572123,3148091,0,17997296,8410,35789654,103721165,0
1789731984.3237135,16.807,1021284,13462,0,262,51,33,18047,218096,4714997,1692880,652044,62910008,61781872,64771556,0,0,0,0,2,0,12653346,64729751,66097046,6,34,163011,1573039,3149924,0,17999972,8410,35827242,103721165,0
1789731984.574236,17.058,1021659,13463,0,262,51,33,18049,218118,4715629,1772972,694632,62907444,61698680,64771556,0,0,0,0,2,0,12653740,64739175,66106479,6,34,173658,1572961,3149769,0,17999974,8410,35864830,103721165,0
1789731984.824735,17.308,1022034,13464,0,262,51,33,18052,218141,4716288,1852592,736892,62910332,61621492,64771556,0,0,0,0,2,0,12654089,64747874,66115178,6,34,184223,1573012,3149871,0,17999979,8410,35902418,103721165,0
1789731985.0752778,17.559,1022404,13466,0,262,51,33,18061,218159,4717669,1911588,757988,62824884,61476668,64771556,0,0,0,0,2,0,12655891,64764667,66131970,6,34,189497,1570880,3145600,0,18010234,8410,35940006,103721165,0
1789731985.3257828,17.809,1022778,13467,0,262,51,33,18065,218182,4718311,1991972,800680,62853316,61424188,64771556,0,0,0,0,2,0,12656271,64773349,66140652,6,34,200170,1571576,3146995,0,18010236,8410,35977594,103721165,0
1789731985.576341,18.06,1023136,13468,0,262,51,33,18068,218219,4719088,2071180,842280,62860048,61351244,64771556,0,0,0,0,3,0,12656483,64778566,66145870,6,34,210570,1571733,3147309,0,18012872,8411,36015214,103721165,0
1789731985.8270698,18.311,1023488,13469,0,262,51,33,18079,218257,4720484,2134744,868352,62787100,61214348,64771556,0,0,0,0,2,0,12656674,64783514,66150817,6,34,217088,1569902,3143643,0,18018302,8411,36052802,103721165,0
1789731986.0775547,18.561,1023852,13470,0,262,51,33,18081,218290,4721727,2215604,911624,62800564,61146408,64771556,0,0,0,0,3,0,12656860,64786377,66153681,6,34,227906,1570225,3144289,0,18019182,8411,36090390,103721165,0
1789731986.328104,18.812,1024227,13471,0,262,51,33,18084,218312,4722362,2296448,954912,62793844,61058192,64771556,0,0,0,0,2,0,12657224,64795266,66162571,6,34,238728,1570041,3143921,0,18019227,8411,36127978,103721165,0
1789731986.578607,19.062,1024594,13471,0,262,51,33,18094,218335,4723175,2361232,982076,62734408,60933604,64771556,0,0,0,0,2,0,12657442,64799433,66166738,6,34,245519,1568548,3140931,0,18021194,8411,36165566,103721165,0
1789731986.8291187,19.313,1024967,13474,0,262,51,33,18098,218355,4724611,2437384,1020640,62742724,60865404,64771556,0,0,0,0,2,0,12657974,64827863,66195168,6,34,255160,1568746,3141328,0,18027525,8411,36203154,103721165,0
1789731987.079604,19.563,1025342,13477,0,262,51,33,18100,218375,4725288,2514704,1060244,62748124,60792856,64771556,0,0,0,0,2,0,12658475,64857794,66225099,6,34,265061,1568865,3141567,0,18027526,8411,36240742,103721165,0
1789731987.3300974,19.814,1025714,13481,0,262,51,33,18108,218392,4726299,2575412,1083492,62683316,60667164,64771556,0,0,0,0,2,0,12658946,64886065,66253370,6,34,270873,1567243,3138318,0,18029486,8411,36278330,103721165,0
1789731987.5806034,20.064,1026087,13484,0,262,51,33,18110,218413,4727290,2651744,1122300,62719040,60626024,64771556,0,0,0,0,2,0,12659416,64917743,66285047,6,34,280575,1568121,3140077,0,18029497,8411,36315918,103721165,0
1789731987.8311226,20.315,1026457,13485,0,262,51,33,18115,218437,4728693,2730132,1163036,62679476,60507600,64771556,0,0,0,0,2,0,12659703,64924623,66291928,6,34,290759,1567122,3138076,0,18044662,8411,36353506,103721165,0
1789731988.081605,20.565,1026798,13486,0,262,51,33,18126,218485,4730209,2792488,1187804,62743476,60508908,64771556,0,0,0,0,3,0,12659987,64928347,66295652,6,34,296951,1568711,3141257,0,18048536,8411,36391094,103721165,0
1789731988.3321075,20.816,1027165,13486,0,262,51,33,18130,218513,4730841,2873192,1230920,62820916,60505084,64771556,0,0,0,0,2,0,12660253,64935240,66302544,6,34,307730,1570630,3145102,0,18048536,8411,36428682,103721165,0
1789731988.5825253,21.066,1027532,13493,0,262,51,33,18136,218534,4734358,2948024,1104076,62836852,60445708,64771556,0,8352,0,1,2,0,12660832,64963338,66330817,6,34,276019,1571017,3145875,2088,18054339,8411,36466270,103885237,0
1789731988.8330474,21.317,1027896,13500,0,262,51,33,18147,218551,4736975,3008880,971100,62770492,60318148,64771556,0,184,0,0,2,0,12661471,64994049,66361709,6,34,242775,1569351,3142539,46,18056350,8411,36503918,104041733,0
1789731989.0835512,21.567,1028269,13503,0,262,51,33,18152,218572,4738332,3085200,1009928,62795424,60266332,64771556,0,184,0,0,3,0,12662048,65019354,66387020,6,34,252482,1569963,3143765,46,18062310,8411,36541506,104041733,0
1789731989.3340602,21.818,1028632,13507,0,262,51,33,18155,218603,4739481,3160228,1047224,62829048,60224352,64771556,0,184,0,0,2,0,12662319,65034845,66402525,6,34,261806,1570788,3145417,46,18062678,8411,36579094,104041733,0
1789731989.584542,22.068,1029002,13510,0,262,51,33,18163,218623,4740498,3222564,1072128,62752484,60085076,64771556,0,184,0,0,2,0,12662730,65060982,66428662,6,34,268032,1568867,3141571,46,18064670,8411,36616682,104041733,0
1789731989.8350596,22.319,1029377,13511,0,262,51,33,18165,218645,4741073,3301024,1113064,62793936,60047732,64771556,0,184,0,0,2,0,12663066,65069742,66437421,6,34,278266,1569894,3143626,46,18064675,8411,36654270,104041733,0
1789731990.0855362,22.569,1029750,13512,0,262,51,33,18171,218665,4742397,3379420,1153796,62739940,59914740,64771556,0,184,0,0,2,0,12664257,65075505,66443184,6,34,288449,1568529,3140893,46,18080223,8411,36691858,104041733,0
1789731990.3360214,22.82,1030119,13512,0,262,51,33,18180,218687,4743457,3444900,1181304,62684180,59793068,64771556,0,0,0,0,2,0,12664833,65083614,66451294,6,34,295326,1567128,3138088,0,18082259,8411,36729446,104041733,0
1789731990.5864904,23.07,1030494,13513,0,262,51,33,18183,218708,4744022,3527148,1226352,62725952,59752056,64771556,0,0,0,0,2,0,12665195,65093376,66461056,6,34,306588,1568157,3140149,0,18082266,8411,36767034,104041733,0
1789731990.8368955,23.32,1030865,13514,0,262,51,33,18188,218731,4745359,3607276,1268888,62724744,59670168,64771556,0,0,0,0,2,0,12665488,65101721,66469401,6,34,317222,1568113,3140061,0,18088294,8411,36804622,104041733,0
1789731991.087364,23.571,1031223,13515,0,262,51,33,18196,218764,4746936,3670548,1294572,62673696,59555528,64771556,0,0,0,0,2,0,12666297,65107401,66475081,6,34,323643,1566831,3137494,0,18090774,8411,36842210,104041733,0
1789731991.3378267,23.821,1031598,13518,0,262,51,33,18199,218783,4747593,3747352,1333788,62713452,59518024,64771556,0,0,0,0,2,0,12666803,65138016,66505705,6,34,333447,1567810,3139454,0,18091927,8411,36879798,104041733,0
1789731991.5882802,24.072,1031973,13522,0,262,51,33,18201,218803,4748287,3821692,1370660,62738612,59468172,64771556,0,0,0,0,2,0,12667302,65171435,66539123,6,34,342665,1568423,3140682,0,18092447,8411,36917386,104041733,0
1789731991.8387687,24.322,1032346,13522,0,262,51,33,18211,218822,4749088,3886612,1398044,62682960,59347156,64771556,0,0,0,0,2,0,12667727,65179740,66547429,6,34,349511,1567023,3137878,0,18094403,8411,36954974,104041733,0
1789731992.089273,24.573,1032718,13526,0,262,51,33,18217,218840,4750756,3960720,1434392,62656048,59245744,64771556,0,0,0,0,2,0,12668866,65195513,66563210,6,34,358598,1566341,3136512,0,18109695,8411,36992562,104041733,0
1789731992.3397276,24.823,1033093,13529,0,262,51,33,18220,218861,4751507,4036760,1472844,62695036,59207956,64771556,0,0,0,0,2,0,12669358,65228295,66595992,6,34,368211,1567296,3138425,0,18109709,8411,37030150,104041733,0
1789731992.5902014,25.074,1033465,13530,0,262,51,33,18229,218878,4752318,4101904,1500292,62614116,59061456,64771556,0,0,0,0,2,0,12670103,65236681,66604378,6,34,375073,1565265,3134358,0,18111673,8411,37067738,104041733,0
1789731992.8406405,25.324,1033841,13533,0,262,51,33,18232,218898,4753000,4178336,1539164,62653536,59024112,64771556,0,0,0,0,2,0,12670626,65267206,66634904,6,34,384791,1566241,3136312,0,18111674,8411,37105326,104041733,0
1789731993.091062,25.575,1034216,13536,0,262,51,33,18234,218917,4753707,4253356,1576496,62702036,58996796,64771556,0,0,0,0,2,0,12671145,65301901,66669607,6,34,394124,1567432,3138697,0,18111680,8411,37142914,104041733,0
1789731993.3414452,25.825,1034575,13539,0,262,51,33,18244,218943,4756022,4311720,1605816,62613548,58849512,64771556,0,0,0,1,1,0,12671712,65307224,66674931,6,34,401454,1565212,3134252,0,18119589,8411,37172522,104041733,0
1789731993.5919816,26.076,1034949,13543,0,262,51,33,18247,218963,4756858,4385708,1633624,62716748,58878368,64771556,0,0,0,0,2,0,12672295,65345212,66712919,6,34,408406,1567779,3139393,0,18119688,8411,37218090,104041733,0
1789731993.84248,26.326,1035303,13561,0,262,51,33,18255,218979,4766132,4451536,1102560,62719828,58815024,64771556,0,7828,0,2,2,0,12674488,65437711,66807524,6,34,275101,1567841,3139517,2368,18119689,8411,37249106,104608585,0
1789731994.0930107,26.577,1035667,13570,0,262,51,33,18264,218997,4771730,4502440,859080,62699300,58743124,64771556,0,0,0,0,2,0,12675823,65465076,66835653,6,34,214770,1567317,3138467,0,18120750,8411,37255682,104896017,0
1789731994.3434575,26.827,1036038,13573,0,262,51,33,18269,219016,4773512,4562412,881464,62701724,58685124,64771556,0,0,0,0,2,0,12676285,65491124,66861702,6,34,220366,1567367,3138567,0,18127440,8411,37293270,104896017,0
1789731994.5939739,27.078,1036413,13575,0,262,51,33,18272,219037,4774400,4659356,921484,62726876,58612720,64771556,0,0,0,0,2,0,12676833,65507006,66877583,6,34,230371,1567980,3139793,0,18127447,8411,37350322,104896017,0
1789731994.8444264,27.328,1036788,13575,0,262,51,33,18280,219054,4774687,4721792,965668,62688008,58510808,64771556,0,0,0,0,2,0,12677027,65509529,66880106,6,34,241417,1566983,3137798,0,18128945,8411,37368446,104896017,0
1789731995.0949118,27.578,1037160,13577,0,262,51,33,18285,219075,4775831,4804708,992556,62685828,58425308,64771556,0,0,0,1,1,0,12677492,65524866,66895444,6,34,248139,1566930,3137691,0,18134738,8411,37424730,104896017,0
1789731995.345396,27.829,1037521,13578,0,262,51,33,18290,219108,4778038,4900000,1031132,62701500,58345100,64771556,0,0,0,0,2,0,12677849,65531611,66902188,6,34,257783,1567306,3138445,0,18141339,8411,37481210,104896017,0
1789731995.5958884,28.079,1037889,13578,0,262,51,33,18299,219132,4778335,4941284,1072396,62654916,58256628,64771556,0,0,0,0,2,0,12677962,65531611,66902188,6,34,268099,1566128,3136086,0,18143702,8411,37481210,104896017,0
1789731995.8463557,28.33,1038261,13579,0,262,51,33,18301,219155,4780028,5044924,1100884,62684224,58181916,64771556,0,0,0,0,2,0,12678577,65548170,66918748,6,34,275221,1566850,3137532,0,18144073,8411,37556386,104896017,0
1789731996.0967598,28.58,1038636,13580,0,262,51,33,18305,219176,4780589,5126084,1144432,62726184,58142148,64771556,0,0,0,0,2,0,12679036,65557279,66927857,6,34,286108,1567884,3139601,0,18144077,8411,37593974,104896017,0
1789731996.3472648,28.831,1039009,13581,0,262,51,33,18314,219194,4781689,5198060,1178992,62671420,58014760,64771556,0,0,0,0,2,0,12679172,65558679,66929263,6,34,294748,1566500,3136830,0,18146533,8411,37631562,104896017,0
1789731996.5977554,29.081,1039384,13584,0,262,51,33,18316,219215,4782343,5269056,1212376,62682772,57954776,64771556,0,0,0,0,2,0,12679658,65590147,66960731,6,34,303094,1566775,3137380,0,18146536,8411,37669150,104896017,0
1789731996.8482678,29.332,1039755,13588,0,262,51,33,18319,219238,4783018,5346552,1252160,62702972,57896880,64771556,0,0,0,0,2,0,12680103,65619183,66989779,6,34,313040,1567264,3138360,0,18146550,8411,37706738,104896017,0
1789731997.0987678,29.582,1040128,13590,0,262,51,33,18327,219255,4783799,5411164,1285732,62640560,57769204,64771556,0,0,0,1,1,0,12680503,65641591,67012186,6,34,321433,1565690,3135208,0,18148515,8411,37737754,104896017,0
1789731997.3492844,29.833,1040497,13594,0,262,51,33,18331,219278,4785522,5483084,1313492,62636032,57692420,64771556,0,0,0,0,2,0,12683370,65670688,67041283,6,34,328373,1565568,3134965,0,18157231,8411,37781914,104896017,0
1789731997.5997863,30.083,1040854,13597,0,262,51,33,18335,219314,4786709,5558604,1351444,62628540,57608788,64771556,0,0,0,0,2,0,12683560,65681682,67052283,6,34,337962,1565377,3134581,0,18158327,8411,37819502,104896017,0
1789731997.850287,30.334,1041230,13597,0,262,51,33,18344,219330,4786799,5599876,1392696,62553360,57491732,64771556,0,0,0,0,2,0,12683645,65681682,67052283,6,34,348174,1563485,3130793,0,18160452,8411,37819502,104896017,0
1789731998.100698,30.584,1041602,13601,0,262,51,33,18347,219352,4787826,5672992,1419512,62581872,57446752,64771556,0,0,0,1,1,0,12685229,65715796,67086396,6,34,354878,1564180,3132185,0,18161218,8411,37866058,104896017,0
1789731998.351314,30.835,1041972,13607,0,262,51,33,18350,219373,4788963,5774988,1451316,62610644,57372952,64771556,0,0,0,0,2,0,12686291,65745837,67116438,6,34,362829,1564881,3133589,0,18161229,8411,37932270,104900185,0
1789731998.6017447,31.085,1042346,13607,0,262,51,33,18357,219393,4789060,5819388,1495704,62570244,57287544,64771556,0,0,0,0,2,0,12686356,65745837,67116438,6,34,373926,1563858,3131539,0,18162666,8411,37932270,104900185,0
1789731998.852123,31.336,1042715,13608,0,262,51,33,18363,219417,4791085,5895380,1522272,62559280,57200184,64771556,0,0,0,1,1,0,12686841,65761381,67131982,6,34,380568,1563574,3130971,0,18168971,8411,37981770,104900585,0
1789731999.1026046,31.586,1043089,13612,0,262,51,33,18366,219437,4792039,5995476,1558744,62593596,57133820,64771556,0,0,0,0,2,0,12687511,65793160,67163761,6,34,389686,1564416,3132657,0,18168976,8411,38045034,104900585,0
1789731999.3530142,31.837,1043463,13612,0,262,51,33,18375,219455,4792188,6038812,1602184,62537868,57034148,64771556,0,0,0,0,2,0,12687569,65793160,67163761,6,34,400546,1563010,3129841,0,18170889,8411,38045034,104900585,0
1789731999.603381,32.087,1043835,13615,0,262,51,33,18378,219476,4793292,6131612,1629068,62564032,56967128,64771556,0,0,0,1,1,0,12688225,65823470,67194071,6,34,407267,1563653,3131130,0,18170947,8411,38110950,104900585,0
1789731999.8538818,32.337,1044206,13619,0,262,51,33,18383,219496,4794351,6207108,1666588,62548476,56875488,64771556,0,0,0,2,1,0,12688701,65853970,67224571,6,34,416647,1563240,3130302,0,18183094,8417,38151746,104900585,0
1789732000.104411,32.588,1044551,13634,0,262,51,33,18394,219527,4796167,6262960,1711396,62483040,56752268,64771556,0,0,0,1,2,0,12689352,65922874,67293685,6,34,427849,1561590,3126998,0,18194721,8436,38163518,104900585,0
1789732000.3549106,32.838,1044884,13652,0,262,51,33,18401,219567,4798219,6328268,1733688,62639136,56842232,64771556,0,0,0,0,3,0,12689752,65962512,67333412,6,34,433422,1565487,3134802,0,18198256,8469,38206578,104900585,0
1789732000.6056027,33.089,1045244,13656,0,262,51,33,18409,219595,4799621,6419000,1775380,62620400,56731816,64771556,0,0,0,1,1,0,12690496,65979312,67350212,6,34,443845,1564997,3133821,0,18204114,8473,38257846,104900589,0
1789732000.8560996,33.34,1045617,13656,0,262,51,33,18416,219615,4800043,6488160,1819568,62578876,56620512,64771556,0,0,0,0,3,0,12690687,65982664,67353564,6,34,454993,1563945,3131715,0,18205384,8473,38282562,104900589,0
1789732001.1064804,33.59,1045984,13658,0,262,51,33,18421,219640,4801879,6569444,1846232,62572528,56532480,64771556,0,0,0,0,2,0,12691140,65994219,67365119,6,34,461558,1563764,3131352,0,18211922,8473,38337438,104900589,0
1789732001.3569634,33.841,1046359,13659,0,262,51,33,18425,219662,4802665,6670560,1888988,62600380,56458664,64771556,0,0,0,0,2,0,12691634,66005957,67376857,6,34,472247,1564458,3132742,0,18211924,8473,38395326,104900589,0
1789732001.6073558,34.091,1046730,13660,0,262,51,33,18434,219681,4803282,6744060,1926056,62543452,56327552,64771556,0,0,0,0,3,0,12692125,66013862,67384762,6,34,481514,1563020,3129862,0,18213887,8473,38432614,104900589,0
1789732001.8578033,34.341,1047090,13661,0,262,51,33,18439,219717,4804610,6816036,1959380,62518964,56230756,64771556,0,0,0,0,2,0,12692706,66019647,67390547,6,34,489845,1562400,3128621,0,18230617,8473,38470502,104900589,0
1789732002.108309,34.592,1047455,13662,0,262,51,33,18443,219749,4805750,6896444,2002324,62553124,56183716,64771556,0,0,0,0,2,0,12693064,66025930,67396830,6,34,500682,1563243,3130309,0,18231468,8473,38508090,104900589,0
1789732002.3588154,34.842,1047824,13662,0,262,51,33,18451,219770,4806457,6964200,2032792,62510204,56072588,64771556,0,0,0,0,2,0,12693357,66033173,67404073,6,34,508198,1562151,3128121,0,18234197,8473,38545678,104900589,0
1789732002.6092887,35.093,1048200,13666,0,262,51,33,18454,219789,4807091,7038444,2069148,62546892,56034700,64771556,0,0,0,0,2,0,12693905,66065633,67436533,6,34,517287,1563058,3129939,0,18234213,8473,38583266,104900589,0
1789732002.859632,35.343,1048575,13669,0,262,51,33,18457,219809,4807732,7114440,2107716,62569932,55981148,64771556,0,0,0,0,2,0,12694405,66099162,67470062,6,34,526929,1563618,3131060,0,18234214,8473,38620854,104900589,0
1789732003.1100235,35.594,1048949,13672,0,262,51,33,18466,219824,4808536,7181132,2139520,62514012,55857892,64771556,0,0,0,0,2,0,12695124,66125417,67496317,6,34,534880,1562206,3128233,0,18237320,8473,38655838,104900589,0
1789732003.3604727,35.844,1049319,13675,0,262,51,33,18468,219848,4809495,7251832,2169804,62528252,55801100,64771556,0,0,0,0,2,0,12696455,66161767,67532667,6,34,542451,1562554,3128928,0,18238589,8473,38696030,104900589,0
1789732003.6109767,36.095,1049695,13679,0,262,51,33,18471,219867,4810182,7327252,2207644,62558888,55755716,64771556,0,0,0,0,2,0,12696937,66195486,67566386,6,34,551911,1563303,3130430,0,18238596,8473,38733618,104900621,0
1789732003.8613484,36.345,1050062,13679,0,262,51,33,18479,219891,4810553,7373304,2246240,62499640,55649772,64771556,0,0,0,0,3,0,12697036,66200372,67571272,6,34,561560,1561808,3127436,0,18240792,8473,38741018,104900981,0
1789732004.1118007,36.595,1050437,13684,0,262,51,33,18482,219909,4811552,7455980,2273216,62525340,55592468,64771556,0,0,0,1,1,0,12698819,66249924,67620842,6,34,568304,1562442,3128704,0,18242856,8473,38796974,104900981,0
1789732004.362203,36.846,1050796,13686,0,262,51,33,18487,219945,4813829,7544572,2311756,62532604,55510716,64771556,0,0,0,0,3,0,12699181,66261393,67632311,6,34,578043,1562609,3129039,0,18250756,8473,38846382,104900981,0
1789732004.612678,37.096,1051159,13686,0,262,51,33,18495,219975,4814104,7585636,2353208,62473608,55409912,64771556,0,0,0,0,3,0,12699223,66261655,67632573,6,34,588302,1561121,3126060,0,18252903,8473,38846406,104900981,0
1789732004.863195,37.347,1051534,13688,0,262,51,33,18498,219995,4815138,7691712,2384128,62504512,55334320,64771556,0,0,0,0,2,0,12699878,66280341,67651259,6,34,596032,1561882,3127584,0,18253658,8473,38921558,104900981,0
1789732005.1136093,37.597,1051909,13689,0,262,51,33,18501,220017,4815694,7772656,2427516,62533148,55281428,64771556,0,0,0,0,3,0,12700242,66290146,67661064,6,34,606879,1562583,3128986,0,18253660,8473,38959146,104900981,0
1789732005.3640022,37.848,1052281,13690,0,262,51,33,18512,220033,4817270,7842492,2459712,62454304,55132108,64771556,0,0,0,0,2,0,12700560,66297614,67668532,6,34,614928,1560598,3125012,0,18261346,8473,38996734,104900981,0
1789732005.6144512,38.098,1052656,13690,0,262,51,33,18515,220055,4817795,7920716,2500348,62493208,55092448,64771556,0,0,0,0,2,0,12700857,66306594,67677511,6,34,625190,1561571,3126961,0,18261355,8473,39034322,104900981,0
1789732005.8648217,38.348,1053031,13691,0,262,51,33,18518,220076,4818328,8003076,2545200,62524656,55040764,64771556,0,0,0,0,2,0,12701205,66316023,67686941,6,34,636300,1562327,3128474,0,18261356,8473,39071910,104900981,0
1789732006.1152112,38.599,1053404,13694,0,262,51,33,18527,220092,4819059,8065236,2569308,62457364,54910844,64771556,0,0,0,0,2,0,12701655,66336668,67707593,6,34,642327,1560635,3125087,0,18263314,8473,39109498,104900981,0
1789732006.365687,38.849,1053778,13696,0,262,51,33,18530,220113,4819675,8143592,2610260,62491096,54865688,64771556,0,0,0,0,2,0,12702307,66347706,67718638,6,34,652565,1561464,3126747,0,18263317,8473,39147086,104900981,0
1789732006.616184,39.1,1054151,13700,0,262,51,33,18535,220131,4821390,8216128,2645408,62466932,54767992,64771556,0,0,0,0,2,0,12702857,66377123,67748056,6,34,661352,1560846,3125508,0,18278080,8473,39184674,104900981,0
1789732006.8666558,39.35,1054515,13703,0,262,51,33,18544,220156,4822909,8281476,2673180,62407448,54643116,64771556,0,0,0,0,2,0,12703464,66400945,67771885,6,34,668295,1559350,3122513,0,18280087,8473,39222262,104900981,0
1789732007.1171768,39.601,1054889,13704,0,262,51,33,18547,220179,4823484,8356832,2710832,62651580,54811560,64771556,0,0,0,0,2,0,12704695,66410539,67781479,6,34,677708,1565436,3134700,0,18280098,8473,39259850,104900981,0
1789732007.3676372,39.851,1055263,13707,0,262,51,33,18549,220201,4824130,8432736,2749252,62676072,54759556,64771556,0,0,0,0,2,0,12705173,66440577,67811517,6,34,687313,1566033,3135895,0,18280100,8473,39297438,104900981,0
1789732007.6180406,40.102,1055636,13709,0,262,51,33,18560,220215,4825378,8500984,2779912,62622344,54636944,64771556,0,0,0,0,5,0,12705599,66461312,67832251,6,34,694978,1564665,3133157,0,18285491,8473,39335026,104900981,0
1789732007.8686516,40.352,1056010,13710,0,262,51,33,18563,220238,4826203,8577104,2818696,62656056,54594192,64771556,0,0,0,0,2,0,12705928,66470344,67841284,6,34,704674,1565519,3134866,0,18286401,8473,39372614,104900981,0
1789732008.1191185,40.603,1056384,13711,0,262,51,33,18565,220261,4826712,8659284,2863036,62684708,54540004,64771556,0,0,0,0,2,0,12706238,66478918,67849857,6,34,715759,1566217,3136263,0,18286404,8473,39410202,104900981,0
1789732008.3694894,40.853,1056758,13712,0,262,51,33,18574,220278,4827407,8725196,2891540,62624008,54412812,64771556,0,0,0,0,2,0,12706689,66488721,67859661,6,34,722885,1564678,3133181,0,18288351,8473,39447790,104900981,0
1789732008.6199913,41.104,1057120,13713,0,262,51,33,18578,220311,4829308,8804932,2933168,62647592,54356128,64771556,0,0,0,0,2,0,12706966,66494425,67865377,6,34,733292,1565253,3134334,0,18294952,8473,39485378,104901353,0
1789732008.8704693,41.354,1057493,13717,0,262,51,33,18581,220331,4830072,8880104,2970900,62674612,54307384,64771556,0,0,0,0,2,0,12707475,66526827,67897780,6,34,742725,1565913,3135655,0,18295039,8473,39522966,104901717,0
1789732009.1209476,41.605,1057867,13720,0,262,51,33,18589,220346,4830872,8940884,2993452,62604184,54175728,64771556,0,0,0,0,2,0,12708050,66557213,67928166,6,34,748363,1564143,3132112,0,18297002,8473,39560554,104901865,0
1789732009.3714542,41.855,1058242,13723,0,262,51,33,18592,220365,4831559,9017472,3032364,62643632,54138256,64771556,0,0,0,0,2,0,12708568,66591241,67962193,6,34,758091,1565120,3134067,0,18297005,8473,39598142,104901865,0
1789732009.6218987,42.105,1058615,13726,0,262,51,33,18596,220385,4833069,9091528,3068908,62620540,54040496,64771556,0,0,0,0,2,0,12709005,66619308,67990260,6,34,767227,1564528,3132882,0,18309772,8473,39635730,104901865,0
1789732009.8723679,42.356,1058983,13727,0,262,51,33,18606,220407,4833761,9159572,3099376,62556436,53907720,64771556,0,0,0,0,3,0,12709315,66626767,67997719,6,34,774844,1562912,3129646,0,18311740,8473,39673318,104901865,0
1789732010.12274,42.606,1059356,13730,0,262,51,33,18608,220429,4834443,9234640,3136844,62594800,53870684,64771556,0,0,0,0,3,0,12709884,66659108,68030061,6,34,784211,1563862,3131548,0,18311748,8473,39710906,104901865,0
1789732010.3731341,42.857,1059729,13732,0,262,51,33,18611,220453,4835010,9315120,3179644,62628180,53822812,64771556,0,0,0,0,2,0,12710241,66670340,68041292,6,34,794911,1564676,3133178,0,18311751,8473,39748494,104901865,0
1789732010.6234982,43.107,1060101,13735,0,262,51,33,18620,220469,4836136,9379084,3206112,62561468,53691668,64771556,0,0,0,0,2,0,12710816,66700720,68071672,6,34,801528,1562999,3129819,0,18315001,8473,39786082,104901865,0
1789732010.874025,43.358,1060465,13738,0,262,51,33,18623,220499,4837419,9450780,3240260,62586184,53644344,64771556,0,0,0,0,2,0,12711007,66709423,68080380,6,34,810065,1563607,3131038,0,18316373,8473,39823670,104901865,0
1789732011.124532,43.608,1060838,13739,0,262,51,33,18626,220522,4838034,9532100,3284024,62624616,53600676,64771556,0,0,0,0,2,0,12711436,66717904,68088861,6,34,821006,1564547,3132920,0,18316382,8473,39861258,104901865,0
1789732011.375085,43.859,1061212,13742,0,262,51,33,18634,220537,4838960,9598572,3312848,62542068,53451212,64771556,0,0,0,0,2,0,12712244,66745655,68116613,6,34,828212,1562475,3128772,0,18318355,8473,39898846,104901865,0
1789732011.6255565,44.109,1061586,13745,0,262,51,33,18636,220557,4839919,9669784,3346460,62575384,53412980,64771556,0,0,0,0,2,0,12712769,66778928,68149885,6,34,836615,1563299,3130420,0,18318409,8473,39936434,104901865,0
1789732011.8759632,44.36,1061959,13746,0,262,51,33,18640,220579,4841358,9749164,3388340,62581908,53339368,64771556,0,0,0,0,2,0,12713068,66787782,68158740,6,34,847085,1563443,3130709,0,18327329,8473,39974022,104901865,0
1789732012.1263974,44.61,1062333,13747,0,262,51,33,18650,220595,4842056,9817908,3419580,62520972,53209208,64771556,0,0,0,0,2,0,12713655,66796525,68167482,6,34,854895,1561910,3127639,0,18329294,8473,40011610,104901865,0
1789732012.3768907,44.86,1062707,13748,0,262,51,33,18653,220617,4842637,9897468,3461380,62563648,53171992,64771556,0,0,0,0,2,0,12713996,66806076,68177034,6,34,865345,1562967,3129755,0,18329299,8473,40049198,104901865,0
1789732012.6273746,45.111,1063083,13749,0,262,51,33,18656,220639,4843177,9978036,3504432,62595780,53122776,64771556,0,0,0,0,2,0,12714323,66815327,68186284,6,34,876108,1563749,3131322,0,18329302,8473,40086786,104901865,0
1789732012.8778963,45.361,1063453,13749,0,262,51,33,18666,220657,4844838,10043332,3532068,62505700,52966980,64771556,0,0,0,0,2,0,12714861,66822659,68193616,6,34,883017,1561489,3126796,0,18337707,8473,40124374,104901865,0
1789732013.1283722,45.612,1063816,13750,0,262,51,33,18670,220691,4845992,10124148,3575276,62618040,52997896,64771556,0,0,0,0,3,0,12715174,66829363,68200320,6,34,893819,1564278,3132382,0,18337847,8473,40161982,104901865,0
1789732013.3789012,45.862,1064181,13754,0,262,51,33,18673,220720,4846678,10198884,3612508,62640508,52945052,64771556,0,0,0,0,2,0,12715490,66850717,68221674,6,34,903127,1564826,3133478,0,18337860,8473,40199570,104901865,0
1789732013.629336,46.113,1064554,13757,0,262,51,33,18681,220735,4847467,10259480,3635492,62566052,52809572,64771556,0,0,0,0,2,0,12716367,66880822,68251780,6,34,908873,1562956,3129735,0,18339804,8473,40237158,104901865,0
1789732013.879829,46.363,1064929,13758,0,262,51,33,18683,220758,4848025,10341436,3680152,62609360,52770372,64771556,0,0,0,0,2,0,12716707,66890317,68261275,6,34,920038,1564024,3131872,0,18339819,8473,40274746,104902229,0
1789732014.1303284,46.614,1065302,13761,0,262,51,33,18689,220776,4849541,10416208,3717336,62617352,52702976,64771556,0,0,0,0,2,0,12717313,66918337,68289294,6,34,929334,1564208,3132241,0,18349310,8473,40312334,104902229,0
1789732014.3808093,46.864,1065677,13762,0,262,51,33,18698,220792,4850140,10482960,3746264,62551576,52570012,64771556,0,0,0,0,2,0,12717791,66927532,68298490,6,34,936566,1562555,3128931,0,18351254,8473,40349922,104902229,0
1789732014.6312878,47.115,1066052,13763,0,262,51,33,18700,220814,4850621,10564604,3790556,62592388,52528652,64771556,0,0,0,0,2,0,12718142,66935918,68306876,6,34,947639,1563561,3130945,0,18351255,8473,40387510,104902229,0
1789732014.8816676,47.365,1066428,13763,0,262,51,33,18704,220835,4851135,10645100,3833656,62620612,52475588,64771556,0,0,0,0,2,0,12718520,66944778,68315736,6,34,958414,1564245,3132316,0,18351257,8473,40425098,104902229,0
1789732015.132054,47.616,1066801,13764,0,262,51,33,18713,220852,4852169,10710772,3861548,62570496,52359544,64771556,0,0,0,0,2,0,12718960,66953663,68324621,6,34,965387,1562988,3129798,0,18355524,8473,40462686,104902229,0
1789732015.3825696,47.866,1067165,13765,0,262,51,33,18717,220885,4853329,10790788,3903976,62652788,52361112,64771556,0,0,0,0,2,0,12719222,66956759,68327716,6,34,975994,1565024,3133875,0,18355806,8473,40500274,104902229,0
1789732015.6330693,48.117,1067538,13768,0,262,51,33,18719,220906,4853974,10867516,3943040,62671512,52302520,64771556,0,0,0,0,2,0,12719701,66987105,68358062,6,34,985760,1565477,3134781,0,18355820,8473,40537862,104902229,0
1789732015.8834379,48.367,1067911,13769,0,262,51,33,18728,220925,4854549,10933948,3971960,62621824,52185952,64771556,0,0,0,0,2,0,12719975,66995510,68366467,6,34,992990,1564225,3132275,0,18357781,8473,40575450,104902229,0
1789732016.1339045,48.617,1068286,13770,0,262,51,33,18732,220946,4855100,11016040,4016312,62669388,52150772,64771556,0,0,0,0,2,0,12720307,67005010,68375968,6,34,1004078,1565395,3134619,0,18357783,8473,40613190,104902229,0
1789732016.384283,48.868,1068659,13771,0,262,51,33,18741,220963,4856476,11098048,4060884,62628416,52027084,64771556,0,0,0,0,2,0,12720699,67013253,68384211,6,34,1015221,1564357,3132539,0,18368034,8473,40650626,104902229,0
1789732016.634735,49.118,1069034,13772,0,262,51,33,18746,220982,4857143,11167692,4087364,62612132,51940780,64771556,0,0,0,0,2,0,12721141,67026357,68397315,6,34,1021841,1563941,3131706,0,18369215,8473,40694174,104902229,0
1789732016.885248,49.369,1069409,13774,0,262,51,33,18750,221001,4858046,11277512,4127644,62637192,51855448,64771556,0,0,0,0,2,0,12721746,67040032,68410989,6,34,1031911,1564552,3132930,0,18369216,8473,40763390,104902229,0
1789732017.1357024,49.619,1069784,13774,0,262,51,33,18759,221017,4858465,11332824,4167080,62586604,51748876,64771556,0,0,0,1,1,0,12722096,67047200,68418158,6,34,1041770,1563272,3130367,0,18371165,8473,40779206,104902229,0
1789732017.3862143,49.87,1070143,13778,0,262,51,33,18765,221050,4860898,11420224,4195008,62597288,51671828,64771556,0,0,0,0,2,0,12722591,67070567,68441534,6,34,1048752,1563531,3130885,0,18377789,8473,40838566,104902229,0
1789732017.6366894,50.12,1070518,13779,0,262,51,33,18768,221072,4861439,11500024,4237408,62689480,51683668,64771556,0,0,0,0,2,0,12722905,67079296,68450263,6,34,1059352,1565818,3135466,0,18378038,8473,40876154,104902229,0
1789732017.8870852,50.371,1070893,13780,0,262,51,33,18777,221088,4861898,11552068,4273816,62620516,51561972,64771556,0,0,0,0,2,0,12723117,67091836,68462803,6,34,1068454,1564070,3131964,0,18379993,8473,40891842,104902229,0
1789732018.1375608,50.621,1071268,13785,0,262,51,33,18779,221106,4862862,11636976,4300944,62647004,51503212,64771556,0,0,0,1,1,0,12723946,67142512,68513479,6,34,1075236,1564745,3133317,0,18379994,8473,40950006,104902229,0
1789732018.3880105,50.872,1071640,13788,0,262,51,33,18785,221124,4864355,11714688,4339232,62648384,51426256,64771556,0,0,0,0,2,0,12724447,67166165,68537131,6,34,1084808,1564751,3133329,0,18389678,8473,40988918,104902229,0
1789732018.638498,51.122,1072014,13788,0,262,51,33,18793,221142,4864605,11759664,4380552,62590296,51322584,64771556,0,0,0,1,2,0,12725002,67169298,68540265,6,34,1095138,1563286,3130395,0,18391881,8473,40992702,104902229,0
1789732018.888968,51.373,1072389,13793,0,262,51,33,18796,221160,4865709,11850692,4407664,62618084,51259000,64771556,0,0,0,1,1,0,12725820,67222291,68593258,6,34,1101916,1563971,3131767,0,18391885,8473,41057010,104902593,0
1789732019.1394186,51.623,1072763,13795,0,262,51,33,18799,221182,4866371,11936288,4448108,62652172,51206940,64771556,0,0,0,0,2,0,12726243,67238485,68609451,6,34,1112027,1564808,3133443,0,18391888,8473,41101682,104902593,0
1789732019.3897889,51.873,1073138,13796,0,262,51,33,18807,221198,4866633,11982140,4487296,62590500,51098736,64771556,0,0,0,1,1,0,12726539,67244323,68615289,6,34,1121824,1563252,3130326,0,18393835,8473,41108314,104902593,0
1789732019.6402783,52.124,1073499,13800,0,262,51,33,18811,221229,4868482,12059776,4514256,62615032,51045296,64771556,0,0,0,0,5,0,12727025,67272731,68643713,6,34,1128564,1563856,3131536,0,18396437,8473,41159502,104902593,0
1789732019.8907602,52.374,1073864,13809,0,262,51,33,18815,221250,4873959,12142576,4336596,62683664,51030520,64771556,0,0,0,0,2,0,12727980,67314961,68686494,6,34,1084149,1565554,3134937,0,18396458,8473,41206342,105116065,0
1789732020.1411867,52.625,1074240,13810,0,262,51,33,18822,221267,4874221,12195244,4380772,62649248,50942912,64771556,0,0,0,0,2,0,12728230,67322086,68693619,6,34,1095296,1564693,3133211,0,18398052,8473,41214450,105116065,0
1789732020.39166,52.875,1074611,13813,0,262,51,33,18825,221290,4874992,12261496,4407588,62665960,50893424,64771556,0,0,0,1,1,0,12728715,67352484,68724017,6,34,1101897,1565088,3134003,0,18398409,8473,41254014,105116065,0
1789732020.6421926,53.126,1074985,13815,0,262,51,33,18831,221310,4876351,12372140,4444920,62667624,50783360,64771556,0,0,0,0,11,0,12729316,67368639,68740172,6,34,1111230,1565085,3133997,0,18405925,8473,41327214,105116065,0
1789732020.8928213,53.376,1075359,13815,0,262,51,33,18840,221327,4876885,12414812,4487576,62598968,50671424,64771556,0,0,0,0,3,0,12729766,67368639,68740172,6,34,1121894,1563386,3130595,0,18410041,8473,41327214,105116065,0
1789732021.143544,53.627,1075735,13817,0,262,51,33,18843,221348,4877873,12520736,4518348,62631852,50597992,64771556,0,0,0,0,2,0,12730468,67386725,68758258,6,34,1129587,1564197,3132219,0,18410289,8473,41402398,105116065,0
1789732021.3941486,53.878,1076107,13818,0,262,51,33,18847,221372,4878414,12601584,4561584,62670432,50555132,64771556,0,0,0,0,2,0,12730770,67394806,68766339,6,34,1140396,1565146,3134118,0,18410294,8473,41439986,105116065,0
1789732021.6446476,54.128,1076481,13821,0,262,51,33,18856,221386,4879130,12668368,4594024,62605292,50422548,64771556,0,0,0,0,2,0,12731455,67425252,68796785,6,34,1148506,1563503,3130829,0,18412253,8473,41474458,105116065,0
1789732021.8951576,54.379,1076843,13824,0,262,51,33,18859,221417,4881326,12739004,4623744,62615064,50361344,64771556,0,0,0,0,2,0,12731903,67448281,68819839,6,34,1155936,1563739,3131301,0,18418785,8473,41515162,105116065,0
1789732022.145616,54.629,1077217,13828,0,262,51,33,18862,221437,4881987,12814844,4662112,62711004,50380848,64771556,0,0,0,0,2,0,12732446,67479421,68850979,6,34,1165528,1566119,3136067,0,18419039,8473,41552750,105116065,0
1789732022.396053,54.88,1077590,13828,0,262,51,33,18870,221456,4882455,12872856,4700756,62643868,50255056,64771556,0,0,0,0,3,0,12732644,67485229,68856787,6,34,1175189,1564427,3132679,0,18420992,8473,41572470,105116065,0
1789732022.6465447,55.13,1077965,13829,0,262,51,33,18873,221477,4883227,12963836,4735896,62680300,50200176,64771556,0,0,0,0,2,0,12733135,67496826,68868385,6,34,1183974,1565328,3134483,0,18420998,8473,41627926,105116065,0
1789732022.8969178,55.38,1078338,13833,0,262,51,33,18878,221496,4884680,13038336,4772808,62674824,50119600,64771556,0,0,0,0,2,0,12733645,67528223,68899796,6,34,1193202,1565176,3134180,0,18429947,8473,41665514,105116065,0
1789732023.1473672,55.631,1078713,13835,0,262,51,33,18886,221511,4885285,13099908,4807588,62642240,50024808,64771556,0,0,0,1,1,0,12735596,67539675,68911247,6,34,1201897,1564347,3132519,0,18431898,8473,41692434,105116065,0
1789732023.3978314,55.881,1079088,13839,0,262,51,33,18888,221529,4886083,13177820,4837172,62664576,49968900,64771556,0,0,0,0,2,0,12736259,67583199,68954771,6,34,1209293,1564896,3133619,0,18431898,8473,41740690,105116065,0
1789732023.6481998,56.132,1079464,13842,0,262,51,33,18891,221548,4886677,13255228,4876868,62689852,49916172,64771556,0,0,0,0,2,0,12736753,67615150,68986722,6,34,1219217,1565512,3134853,0,18431899,8473,41778278,105116065,0
1789732023.898588,56.382,1079839,13843,0,262,51,33,18900,221564,4887057,13306004,4914368,62637144,49812036,64771556,0,0,0,1,1,0,12736944,67626126,68997699,6,34,1228592,1564180,3132185,0,18434987,8473,41791918,105116465,0
1789732024.1491015,56.633,1080203,13848,0,262,51,33,18904,221593,4888960,13388460,4941348,62669008,49761140,64771556,0,0,0,1,1,0,12737378,67642030,69013607,6,34,1235337,1564967,3133761,0,18436680,8473,41847394,105116465,0
1789732024.3995879,56.883,1080577,13849,0,262,51,33,18907,221614,4889622,13473780,4982696,62714224,49720488,64771556,0,0,0,0,2,0,12738796,67656834,69028411,6,34,1245674,1566082,3135994,0,18436681,8473,41891042,105116465,0
1789732024.6499953,57.134,1080951,13850,0,262,51,33,18915,221632,4889974,13522884,5021108,62643768,49600244,64771556,0,0,0,1,1,0,12739065,67665476,69037053,6,34,1255277,1564306,3132438,0,18438636,8473,41901802,105116465,0
1789732024.9004636,57.384,1081324,13857,0,262,51,33,18918,221649,4892258,13601844,4982452,62671236,49548420,64771556,0,8192,0,0,3,0,12739839,67716121,69087758,6,34,1245613,1564984,3133795,2048,18438637,8473,41953886,105182001,0
1789732025.1508653,57.634,1081674,13879,0,262,51,33,18928,221667,4903019,13669888,4336932,62681564,49490104,64771556,0,80,0,1,2,0,12741314,67784270,69157311,6,34,1084233,1565227,3134282,20,18441833,8473,41986302,105863625,0
1789732025.401234,57.885,1082047,13881,0,262,51,33,18935,221687,4904201,13732204,4381240,62659580,49405096,64771556,0,0,0,0,2,0,12741547,67797439,69170480,6,34,1095310,1564662,3133150,0,18449372,8473,42003786,105863625,0
1789732025.6517045,58.135,1082421,13884,0,262,51,33,18941,221704,4904980,13793384,4404708,62638740,49322868,64771556,0,0,0,0,2,0,12742610,67827550,69200591,6,34,1101177,1564136,3132098,0,18450598,8473,42041374,105863625,0
1789732025.902207,58.386,1082791,13887,0,262,51,33,18944,221728,4905674,13869516,4443068,62661292,49268752,64771556,0,0,0,0,2,0,12743044,67856009,69229050,6,34,1110767,1564686,3133198,0,18450607,8473,42079114,105863625,0
1789732026.1526442,58.636,1083167,13890,0,262,51,33,18947,221747,4906317,13951572,4487844,62670820,49195392,64771556,0,0,0,0,2,0,12743551,67885800,69258841,6,34,1121961,1564903,3133633,0,18450897,8473,42116550,105863625,0
1789732026.4030857,58.887,1083538,13891,0,262,51,33,18956,221766,4907988,14012780,4511464,62609272,49072412,64771556,0,0,0,0,2,0,12743924,67893162,69266203,6,34,1127866,1563361,3130545,0,18459142,8473,42154138,105863625,0
1789732026.6535778,59.137,1083903,13894,0,262,51,33,18959,221796,4909199,14087360,4548456,62697884,49085912,64771556,0,0,0,0,2,0,12744324,67917470,69290510,6,34,1137114,1565560,3134948,0,18459330,8473,42191726,105863625,0
1789732026.9041271,59.388,1084278,13898,0,262,51,33,18961,221816,4909882,14165728,4589236,62709480,49018536,64771556,0,0,0,0,2,0,12744879,67951272,69324313,6,34,1147309,1565834,3135497,0,18459337,8473,42229314,105863625,0
1789732027.1545212,59.638,1084651,13898,0,262,51,33,18969,221834,4910804,14229060,4614980,62656416,48901704,64771556,0,0,0,0,2,0,12745561,67959684,69332724,6,34,1153745,1564499,3132823,0,18461345,8473,42266902,105863625,0
1789732027.4050593,59.889,1085026,13902,0,262,51,33,18971,221853,4911553,14305396,4653844,62692512,48860932,64771556,0,0,0,0,2,0,12746110,67993318,69366359,6,34,1163461,1565386,3134601,0,18461359,8473,42304490,105863625,0
1789732027.6555443,60.139,1085397,13905,0,262,51,33,18975,221874,4913496,14379268,4690012,62668060,48761992,64771556,0,0,0,0,2,0,12746645,68023678,69396725,6,34,1172503,1564761,3133348,0,18472032,8473,42342078,105863625,0
1789732027.90605,60.39,1085769,13908,0,262,51,33,18983,221891,4914345,14441596,4714752,62613380,48644768,64771556,0,0,0,0,2,0,12747348,68051726,69424772,6,34,1178688,1563390,3130604,0,18473999,8473,42379666,105863625,0
1789732028.156541,60.64,1086144,13912,0,262,51,33,18986,221909,4915040,14519136,4754748,62646908,48600020,64771556,0,0,0,0,3,0,12747889,68085952,69459004,6,34,1188687,1564209,3132243,0,18474001,8473,42417254,105863625,0
1789732028.4070113,60.891,1086519,13913,0,262,51,33,18988,221931,4915663,14602636,4800792,62675808,48544824,64771556,0,0,0,0,2,0,12749259,68098770,69471822,6,34,1200198,1564926,3133678,0,18474004,8473,42454842,105863625,0
1789732028.6574082,61.141,1086893,13914,0,262,51,33,18998,221947,4916697,14668388,4828400,62614852,48417668,64771556,0,0,0,0,2,0,12749910,68107474,69480525,6,34,1207202,1563383,3130588,0,18478467,8473,42492430,105863625,0
1789732028.9078918,61.391,1087256,13915,0,262,51,33,19001,221979,4917993,14749608,4870364,62689292,48410192,64771556,0,0,0,1,1,0,12750226,68115425,69488476,6,34,1217591,1565224,3134275,0,18478766,8473,42532250,105864061,0
1789732029.1583588,61.642,1087632,13916,0,262,51,33,19008,221996,4918502,14829672,4914844,62671976,48312280,64771556,0,0,0,0,2,0,12750545,68122658,69495709,6,34,1228711,1564778,3133382,0,18479977,8473,42567606,105864137,0
1789732029.4087741,61.892,1088006,13917,0,262,51,33,19013,222015,4919319,14913172,4941420,62672944,48229268,64771556,0,0,0,0,2,0,12751316,68137106,69510157,6,34,1235355,1564777,3133381,0,18480715,8473,42624786,105864137,0
1789732029.6592855,62.143,1088378,13919,0,262,51,33,19018,222036,4920717,14986040,4985164,62683532,48166308,64771556,0,0,0,1,1,0,12751655,68151095,69524146,6,34,1246291,1565038,3133902,0,18486467,8473,42654094,105864201,0
1789732029.9097352,62.393,1088735,13921,0,262,51,33,19026,222070,4921420,15050028,5021452,62700476,48118772,64771556,0,0,0,0,3,0,12752846,68165481,69538533,6,34,1255363,1565448,3134725,0,18488255,8473,42681434,105864201,0
1789732030.160206,62.644,1089098,13925,0,262,51,33,19029,222101,4922411,15137052,5062060,62694464,48025160,64771556,0,0,0,1,1,0,12753382,68193637,69566689,6,34,1265515,1565284,3134395,0,18489301,8473,42728210,105864201,0
1789732030.410576,62.894,1089458,13928,0,262,51,33,19037,222131,4923977,15199808,5093976,62700112,47967672,64771556,0,0,0,0,2,0,12754035,68203111,69576162,6,34,1273494,1565414,3134656,0,18491609,8473,42758682,105864201,0
1789732030.6610649,63.145,1089810,13945,0,262,51,33,19046,222151,4934042,15273060,4687844,62920276,48114040,64771556,0,3136,0,1,2,0,12755803,68269584,69644191,6,34,1171961,1570897,3145635,784,18492285,8473,42797294,106305249,0
1789732030.911453,63.395,1090164,13956,0,262,51,33,19059,222171,4941304,15332416,4410000,62904836,48038812,64771556,0,8,0,0,2,0,12756652,68300990,69676194,6,34,1102500,1570501,3144842,2,18501692,8473,42827338,106613905,0
1789732031.1619287,63.645,1090522,13961,0,262,51,33,19063,222206,4943154,15412084,4448008,62912512,47966164,64771556,0,8,0,0,2,0,12757183,68326757,69701962,6,34,1112002,1570678,3145196,2,18502325,8473,42870258,106613905,0
1789732031.4124358,63.896,1090891,13964,0,262,51,33,19069,222227,4944289,15476300,4479976,62924484,47913460,64771556,0,8,0,1,1,0,12757491,68344018,69719229,6,34,1119994,1570965,3145771,2,18503425,8473,42902262,106613905,0
1789732031.662936,64.147,1091259,13968,0,262,51,33,19074,222250,4945491,15572380,4534968,62921552,47813692,64771556,0,8,0,0,2,0,12757986,68376201,69751412,6,34,1133843,1570883,3145607,2,18504110,8473,42943222,106613905,0
1789732031.9134095,64.397,1091622,13971,0,262,51,33,19080,222279,4947319,15624492,4552544,62914848,47754704,64771556,0,8,0,1,1,0,12758362,68393686,69768897,6,34,1138136,1570701,3145244,2,18507107,8473,42977582,106613905,0
1789732032.1639006,64.647,1091996,13974,0,262,51,33,19085,222296,4948601,15694960,4584844,62936532,47705156,64771556,0,0,0,1,1,0,12761036,68425975,69801186,6,34,1146211,1571224,3146289,0,18508241,8473,43016030,106613905,0
1789732032.414361,64.898,1092370,13978,0,262,51,33,19090,222314,4949575,15778660,4625084,62933340,47617816,64771556,0,0,0,0,2,0,12761773,68466506,69841717,6,34,1156271,1571132,3146106,0,18508243,8473,43059106,106613905,0
1789732032.6647685,65.148,1092734,13981,0,262,51,33,19097,222340,4951252,15840596,4657008,62934708,47556748,64771556,0,0,0,0,2,0,12762030,68477575,69852786,6,34,1164252,1571154,3146150,0,18510473,8473,43089170,106613905,0
1789732032.9153066,65.399,1093108,13985,0,262,51,33,19100,222360,4952499,15926752,4697612,62931504,47466792,64771556,0,0,0,1,2,0,12763791,68516871,69892082,6,34,1174403,1571047,3145935,0,18510900,8473,43135054,106613905,0
1789732033.1657798,65.649,1093475,13988,0,262,51,33,19107,222384,4954392,15994860,4729848,62934144,47400824,64771556,0,0,0,0,5,0,12764380,68536518,69911729,6,34,1182462,1571113,3146068,0,18514066,8473,43170698,106613905,0
1789732033.41627,65.9,1093842,13992,0,262,51,33,19110,222411,4955582,16077952,4770148,62947116,47330124,64771556,0,0,0,0,3,0,12764984,68568180,69943391,6,34,1192537,1571422,3146687,0,18514074,8473,43213618,106613905,0
1789732033.666756,66.15,1094216,13995,0,262,51,33,19115,222428,4956694,16146180,4803612,62945120,47259392,64771556,0,0,0,0,2,0,12765528,68597975,69973186,6,34,1200903,1571360,3146562,0,18515651,8473,43247954,106613905,0
1789732033.917244,66.401,1094579,13998,0,262,51,33,19120,222457,4958269,16239224,4858208,62933992,47154456,64771556,0,0,0,0,2,0,12765952,68620724,69995935,6,34,1214552,1571063,3145968,0,18518231,8473,43286582,106614325,0
1789732034.1677423,66.651,1094953,14001,0,262,51,33,19126,222475,4959362,16296244,4876592,62953336,47116464,64771556,0,16,0,0,2,0,12766355,68637685,70012897,6,34,1219148,1571537,3146918,4,18519535,8473,43325210,106614341,0
1789732034.4182003,66.902,1095327,14005,0,262,51,33,19132,222491,4960592,16367404,4911204,62955344,47046344,64771556,0,0,0,1,1,0,12768020,68670663,70045891,6,34,1227801,1571564,3146970,0,18520716,8473,43362146,106614341,0
1789732034.66867,67.152,1095689,14008,0,262,51,33,19135,222522,4962177,16448068,4951196,62955072,46964528,64771556,0,0,0,0,2,0,12768305,68683066,70058294,6,34,1237799,1571535,3146914,0,18522986,8473,43402466,106614341,0
1789732034.9191923,67.403,1096059,14011,0,262,51,33,19142,222542,4963841,16515000,4983740,62950648,46892020,64771556,0,0,0,1,1,0,12769696,68709246,70084474,6,34,1245935,1571396,3146634,0,18524803,8473,43436954,106614341,0
1789732035.1696606,67.653,1096433,14015,0,262,51,33,19145,222561,4965264,16598448,5024140,62950084,46806876,64771556,0,0,0,0,3,0,12770566,68751050,70126278,6,34,1256035,1571353,3146548,0,18526526,8473,43479874,106614341,0
1789732035.4201753,67.904,1096786,14017,0,262,51,33,19152,222599,4968470,16640000,5044384,62957572,46771884,64771556,0,0,0,0,2,0,12770877,68760451,70135679,6,34,1261096,1571517,3146877,0,18528472,8473,43501182,106614341,0
1789732035.6706674,68.154,1097106,14018,0,262,51,33,19154,222677,4972226,16640116,5042820,62918544,46732724,64771556,0,0,0,0,2,0,12771625,68761062,70136290,6,34,1260705,1570543,3144926,0,18535220,8473,43501298,106615905,0
1789732035.9211698,68.405,1097444,14018,0,262,51,33,19155,222738,4974455,16640116,5042820,62906448,46720628,64771556,0,0,0,0,2,0,12771734,68761062,70136290,6,34,1260705,1570241,3144322,0,18536540,8473,43501298,106615905,0
1789732036.171652,68.655,1097804,14020,0,262,51,33,19157,222775,4976366,16640124,4953732,62902644,46716812,64771556,0,7168,0,1,2,0,12772289,68762823,70138090,6,34,1238433,1570146,3144132,1792,18536939,8473,43501298,106705041,0
1789732036.422161,68.906,1098147,14039,0,262,51,33,19165,222804,4988151,16640164,4227996,62902212,46716308,64771556,0,10340,0,1,2,0,12773889,68827048,70204117,6,34,1056524,1570135,3144110,3060,18537069,8473,43501306,107433285,0
1789732036.6726415,69.156,1098511,14040,0,262,51,33,19166,222838,4988581,16640164,4189248,62902212,46716308,64771556,0,0,0,0,2,0,12773908,68827521,70204594,6,34,1047312,1570135,3144110,0,18537097,8473,43501306,107469781,0
1789732036.923145,69.407,1098886,14040,0,262,51,33,19167,222864,4988968,16640164,4189248,62902212,46716308,64771556,0,0,0,0,2,0,12773953,68827521,70204594,6,34,1047312,1570135,3144110,0,18537130,8473,43501306,107469781,0
1789732037.1736436,69.657,1099259,14040,0,262,51,33,19168,222889,4989484,16640180,4188944,62905800,46719880,64771556,0,0,0,0,2,0,12773978,68827521,70204594,6,34,1047236,1570225,3144289,0,18537597,8473,43501306,107469781,0
1789732037.4241643,69.908,1099622,14040,0,262,51,33,19169,222927,4990305,16640180,4188944,62903448,46717528,64771556,0,0,0,0,2,0,12774034,68827521,70204594,6,34,1047236,1570166,3144172,0,18538134,8473,43501306,107469781,0
1789732037.674679,70.158,1099997,14040,0,262,51,33,19170,222952,4990476,16640180,4188944,62903448,46717528,64771556,0,0,0,0,2,0,12774039,68827521,70204594,6,34,1047236,1570166,3144172,0,18538135,8473,43501306,107469781,0
1789732037.9251983,70.409,1100369,14040,0,262,51,33,19170,222980,4990827,16640180,4188944,62903248,46717328,64771556,0,0,0,0,2,0,12774057,68827521,70204594,6,34,1047236,1570161,3144162,0,18538157,8473,43501306,107469781,0
1789732038.1756742,70.659,1100744,14040,0,262,51,33,19171,223005,4991042,16640180,4188944,62909284,46723364,64771556,0,0,0,0,2,0,12774435,68827521,70204594,6,34,1047236,1570312,3144463,0,18538161,8473,43501306,107469781,0
1789732038.4261968,70.91,1101116,14040,0,262,51,33,19172,223032,4991297,16640180,4188944,62908604,46722684,64771556,0,0,0,0,2,0,12775386,68827521,70204594,6,34,1047236,1570295,3144429,0,18538183,8473,43501306,107469781,0
1789732038.6766768,71.16,1101488,14040,0,262,51,33,19173,223060,4991849,16640180,4188944,62907328,46721408,64771556,0,0,0,0,2,0,12775427,68827521,70204594,6,34,1047236,1570263,3144366,0,18538483,8473,43501306,107469781,0
1789732038.9271977,71.411,1101861,14040,0,262,51,33,19174,223086,4992212,16640180,4188944,62907328,46721408,64771556,0,0,0,0,2,0,12775453,68827521,70204594,6,34,1047236,1570263,3144366,0,18538519,8473,43501306,107469781,0
1789732039.1777089,71.661,1102234,14040,0,262,51,33,19175,223114,4992525,16640180,4188944,62911628,46725708,64771556,0,0,0,0,2,0,12775599,68827521,70204594,6,34,1047236,1570370,3144581,0,18538545,8473,43501306,107469781,0
1789732039.4282155,71.912,1102607,14040,0,262,51,33,19176,223139,4992712,16640180,4188556,62912224,46726304,64771556,0,0,0,0,2,0,12775645,68827521,70204594,6,34,1047139,1570385,3144610,0,18538550,8473,43501306,107470377,0
1789732039.6787257,72.162,1102981,14040,0,262,51,33,19176,223166,4993103,16640180,4188556,62912224,46726304,64771556,0,0,0,0,3,0,12775664,68827521,70204594,6,34,1047139,1570385,3144610,0,18538563,8473,43501306,107470377,0
1789732039.9292283,72.413,1103353,14040,0,262,51,33,19176,223194,4993215,16640180,4188556,62911216,46725296,64771556,0,0,0,0,2,0,12775668,68827521,70204594,6,34,1047139,1570360,3144560,0,18538573,8473,43501306,107470377,0
1789732040.1796339,72.663,1103728,14040,0,262,51,33,19177,223219,4993402,16640180,4188556,62916280,46730360,64771556,0,0,0,0,3,0,12775836,68827521,70204594,6,34,1047139,1570486,3144813,0,18538582,8473,43501306,107470377,0
1789732040.4301305,72.914,1104089,14040,0,262,51,33,19179,223259,4994465,16640276,4188652,62909792,46723768,64771556,0,0,0,0,2,0,12775952,68827521,70204594,6,34,1047163,1570324,3144489,0,18539616,8473,43501306,107470377,0
1789732040.6805947,73.164,1104465,14040,0,262,51,33,19180,223283,4994495,16640276,4188652,62909792,46723768,64771556,0,0,0,0,2,0,12775952,68827521,70204594,6,34,1047163,1570324,3144489,0,18539616,8473,43501306,107470377,0
1789732040.9310133,73.415,1104839,14040,0,262,51,33,19180,223309,4994714,16640276,4188652,62909792,46723768,64771556,0,0,0,0,2,0,12775982,68827521,70204594,6,34,1047163,1570324,3144489,0,18539621,8473,43501306,107470377,0
1789732041.181491,73.665,1105214,14040,0,262,51,33,19180,223334,4994959,16640276,4188652,62910596,46724572,64771556,0,0,0,0,2,0,12776139,68827521,70204594,6,34,1047163,1570345,3144529,0,18539622,8473,43501306,107470377,0
1789732041.4320238,73.916,1105581,14040,0,262,51,33,19181,223366,4995144,16640276,4188652,62910816,46724792,64771556,0,0,0,0,2,0,12776762,68827521,70204594,6,34,1047163,1570350,3144540,0,18539623,8473,43501306,107470377,0
1789732041.682511,74.166,1105956,14040,0,262,51,33,19182,223392,4995323,16640276,4188652,62910816,46724792,64771556,0,0,0,0,2,0,12776770,68827521,70204594,6,34,1047163,1570350,3144540,0,18539626,8473,43501306,107470377,0
1789732041.9329982,74.417,1106308,14052,0,262,51,33,19187,223422,4999742,16640272,3725660,62913616,46727584,64771556,0,4364,0,1,2,0,12777308,68858915,70236613,6,34,931415,1570420,3144680,835,18539913,8473,43501306,107933437,0
1789732042.1834903,74.667,1106655,14074,0,262,51,33,19190,223448,5001456,16640260,3338636,62914784,46728752,64771556,0,12764,0,1,2,0,12778329,68964589,70342849,6,34,834659,1570449,3144738,3191,18539928,8473,43501306,108320581,0
1789732042.4339797,74.918,1107021,14075,0,262,51,33,19191,223482,5001660,16640260,3335020,62914784,46728752,64771556,0,352,0,0,2,0,12778388,68964780,70343040,6,34,833755,1570449,3144738,88,18539932,8473,43501306,108324249,0
1789732042.6844528,75.168,1107396,14075,0,262,51,33,19191,223508,5001841,16640260,3335020,62914784,46728752,64771556,0,352,0,0,2,0,12778394,68964780,70343040,6,34,833755,1570449,3144738,88,18539936,8473,43501306,108324249,0
1789732042.9349785,75.419,1107770,14075,0,262,51,33,19192,223533,5002010,16640356,3335120,62914808,46728688,64771556,0,352,0,0,2,0,12778418,68964780,70343040,6,34,833780,1570450,3144740,88,18539938,8473,43501306,108324249,0
1789732043.185453,75.669,1108145,14075,0,262,51,33,19193,223558,5002413,16640356,3335120,62918408,46732288,64771556,0,352,0,0,2,0,12778430,68964780,70343040,6,34,833780,1570540,3144920,88,18539942,8473,43501306,108324249,0
1789732043.4358974,75.919,1108520,14075,0,262,51,33,19193,223584,5002595,16640428,3334880,62917696,46731504,64771556,0,0,0,0,2,0,12778547,68964780,70343040,6,34,833720,1570522,3144884,0,18539944,8473,43501306,108324249,0
1789732043.6863644,76.17,1108883,14075,0,262,51,33,19195,223621,5003446,16640428,3334880,62912376,46726184,64771556,0,0,0,0,2,0,12778612,68964780,70343040,6,34,833720,1570389,3144618,0,18540957,8473,43501306,108324249,0
1789732043.9368622,76.42,1109250,14075,0,262,51,33,19195,223653,5003782,16640428,3334880,62912180,46725988,64771556,0,0,0,0,3,0,12778627,68964780,70343040,6,34,833720,1570384,3144608,0,18540970,8473,43501306,108324249,0
1789732044.187327,76.671,1109625,14075,0,262,51,33,19196,223677,5003844,16640428,3334880,62914612,46728420,64771556,0,0,0,0,2,0,12778667,68964780,70343040,6,34,833720,1570445,3144730,0,18540972,8473,43501306,108324249,0
1789732044.4377444,76.921,1109998,14075,0,262,51,33,19197,223705,5004224,16640428,3334880,62915468,46729276,64771556,0,0,0,0,3,0,12778720,68964780,70343040,6,34,833720,1570466,3144773,0,18540974,8473,43501306,108324249,0
1789732044.688218,77.172,1110371,14075,0,262,51,33,19198,223731,5004512,16640428,3334880,62915468,46729276,64771556,0,0,0,0,2,0,12778734,68964780,70343040,6,34,833720,1570466,3144773,0,18540981,8473,43501306,108324249,0
1789732044.9386835,77.422,1110746,14075,0,262,51,33,19198,223756,5004671,16640428,3334352,62915468,46729276,64771556,0,0,0,0,2,0,12778788,68964780,70343040,6,34,833588,1570466,3144773,0,18540983,8473,43501306,108324729,0
1789732045.18919,77.673,1111115,14075,0,262,51,33,19199,223787,5005127,16640428,3334352,62919076,46732876,64771556,0,0,0,0,2,0,12778912,68964780,70343040,6,34,833588,1570556,3144953,0,18541295,8473,43501306,108324729,0
1789732045.4396746,77.923,1111490,14075,0,262,51,33,19200,223812,5005450,16640428,3334352,62918784,46732584,64771556,0,0,0,0,2,0,12778956,68964780,70343040,6,34,833588,1570549,3144938,0,18541304,8473,43501306,108324729,0
1789732045.6901748,78.174,1111864,14075,0,262,51,33,19201,223837,5005724,16640428,3334352,62918516,46732316,64771556,0,0,0,0,2,0,12778959,68964780,70343040,6,34,833588,1570542,3144925,0,18541319,8473,43501306,108324729,0
1789732045.9406545,78.424,1112237,14075,0,262,51,33,19202,223864,5006085,16640524,3334448,62918604,46732316,64771556,0,0,0,0,4,0,12778976,68964780,70343040,6,34,833612,1570544,3144929,0,18541338,8473,43501306,108324729,0
1789732046.1911252,78.675,1112612,14075,0,262,51,33,19203,223889,5006143,16640524,3334448,62920436,46734148,64771556,0,0,0,0,2,0,12779126,68964780,70343040,6,34,833612,1570590,3145021,0,18541345,8473,43501306,108324729,0
1789732046.4415264,78.925,1112984,14075,0,262,51,33,19203,223916,5006487,16640524,3334448,62921416,46735128,64771556,0,0,0,0,2,0,12779193,68964780,70343040,6,34,833612,1570615,3145070,0,18541388,8473,43501306,108324729,0
1789732046.6920388,79.176,1113359,14075,0,262,51,33,19205,223941,5007146,16640524,3334448,62920912,46734624,64771556,0,0,0,0,2,0,12779222,68964780,70343040,6,34,833612,1570602,3145045,0,18541405,8473,43501306,108324729,0
1789732046.9425118,79.426,1113721,14075,0,262,51,33,19206,223978,5008605,16640524,3334448,62919880,46733584,64771556,0,0,0,0,2,0,12779318,68964780,70343040,6,34,833612,1570576,3144993,0,18542456,8473,43501306,108324729,0
1789732047.1930296,79.677,1114096,14075,0,262,51,33,19208,224003,5008754,16640524,3334448,62921224,46734928,64771556,0,0,0,0,2,0,12779428,68964780,70343040,6,34,833612,1570610,3145060,0,18542457,8473,43501306,108324729,0
1789732047.4435046,79.927,1114464,14078,0,262,51,33,19209,224029,5010058,16640532,3219604,62921640,46735332,64771556,0,8704,0,1,2,0,12779540,68968604,70346946,6,34,804901,1570620,3145081,2176,18542460,8473,43501306,108439741,0
1789732047.693982,80.178,1114814,14095,0,262,51,33,19216,224056,5017760,16640580,2587380,62921460,46735080,64771556,0,260,0,0,2,0,12781104,69035708,70415808,6,34,646845,1570616,3145072,65,18542466,8473,43501310,109071965,0
1789732047.9444633,80.428,1115187,14095,0,262,51,33,19217,224083,5017883,16640580,2587380,62921460,46735080,64771556,0,260,0,0,2,0,12781111,69035708,70415808,6,34,646845,1570616,3145072,65,18542471,8473,43501310,109071965,0
1789732048.1949248,80.678,1115561,14095,0,262,51,33,19217,224109,5018259,16640580,2587380,62922964,46736584,64771556,0,260,0,0,2,0,12782248,69035708,70415808,6,34,646845,1570653,3145147,65,18542497,8473,43501310,109071965,0
1789732048.445403,80.929,1115934,14095,0,262,51,33,19218,224136,5018420,16640580,2587380,62922964,46736584,64771556,0,260,0,0,2,0,12782320,69035708,70415808,6,34,646845,1570653,3145147,65,18542505,8473,43501310,109071965,0
1789732048.6958835,81.179,1116306,14095,0,262,51,33,19219,224165,5018599,16640580,2587380,62922680,46736300,64771556,0,260,0,0,2,0,12782327,69035708,70415808,6,34,646845,1570646,3145133,65,18542513,8473,43501310,109071965,0
1789732048.9463458,81.43,1116678,14095,0,262,51,33,19220,224192,5018818,16640580,2587380,62922680,46736300,64771556,0,260,0,0,2,0,12782361,69035708,70415808,6,34,646845,1570646,3145133,65,18542542,8473,43501310,109071965,0
1789732049.1967876,81.68,1117053,14095,0,262,51,33,19221,224217,5018949,16640580,2587380,62924032,46737652,64771556,0,260,0,0,2,0,12782410,69035708,70415808,6,34,646845,1570680,3145201,65,18542544,8473,43501310,109071965,0
1789732049.447192,81.931,1117427,14095,0,262,51,33,19221,224243,5019178,16640580,2587380,62924208,46737828,64771556,0,0,0,0,2,0,12782513,69035708,70415808,6,34,646845,1570684,3145209,0,18542557,8473,43501310,109071965,0
1789732049.6975856,82.181,1117792,14095,0,262,51,33,19222,224278,5019776,16640580,2587380,62923956,46737576,64771556,0,0,0,0,5,0,12782543,69035708,70415808,6,34,646845,1570678,3145197,0,18542807,8473,43501310,109071965,0
1789732049.948086,82.432,1118162,14095,0,262,51,33,19223,224308,5020066,16640580,2587380,62923956,46737576,64771556,0,0,0,0,2,0,12782563,69035708,70415808,6,34,646845,1570678,3145197,0,18542809,8473,43501310,109071965,0
1789732050.1985698,82.682,1118537,14095,0,262,51,33,19224,224333,5020187,16640580,2587380,62925380,46739000,64771556,0,0,0,0,2,0,12782712,69035708,70415808,6,34,646845,1570714,3145268,0,18542810,8473,43501310,109071965,0
1789732050.449064,82.933,1118912,14095,0,262,51,33,19225,224357,5020327,16640580,2587380,62925380,46739000,64771556,0,0,0,0,2,0,12782780,69035708,70415808,6,34,646845,1570714,3145268,0,18542813,8473,43501310,109071965,0
1789732050.6995683,83.183,1119287,14095,0,262,51,33,19225,224382,5020410,16640580,2587380,62925380,46739000,64771556,0,0,0,0,2,0,12782785,69035708,70415808,6,34,646845,1570714,3145268,0,18542815,8473,43501310,109071965,0
1789732050.9500613,83.434,1119662,14095,0,262,51,33,19227,224406,5020511,16640580,2587380,62925380,46739000,64771556,0,0,0,0,2,0,12782801,69035708,70415808,6,34,646845,1570714,3145268,0,18542816,8473,43501310,109071965,0
1789732051.2005494,83.684,1120037,14095,0,262,51,33,19228,224431,5020620,16640676,2587476,62926068,46739600,64771556,0,0,0,0,2,0,12782866,69035708,70415808,6,34,646869,1570731,3145302,0,18542826,8473,43501310,109071965,0
1789732051.451085,83.935,1120411,14095,0,262,51,33,19229,224457,5020934,16640676,2587476,62925636,46739168,64771556,0,0,0,0,2,0,12782906,69035708,70415808,6,34,646869,1570720,3145281,0,18542968,8473,43501310,109071965,0
1789732051.701586,84.185,1120784,14095,0,262,51,33,19230,224484,5021012,16640676,2587476,62925636,46739168,64771556,0,0,0,0,2,0,12782911,69035708,70415808,6,34,646869,1570720,3145281,0,18542972,8473,43501310,109071965,0
1789732051.9521158,84.436,1121159,14095,0,262,51,33,19231,224508,5021087,16640676,2587476,62925636,46739168,64771556,0,0,0,0,2,0,12782916,69035708,70415808,6,34,646869,1570720,3145281,0,18542973,8473,43501310,109071965,0
1789732052.2026203,84.686,1121535,14095,0,262,51,33,19231,224533,5021196,16640676,2587476,62928044,46741576,64771556,0,0,0,0,2,0,12783156,69035708,70415808,6,34,646869,1570780,3145401,0,18542975,8473,43501310,109071965,0
1789732052.4531262,84.937,1121910,14095,0,262,51,33,19232,224558,5021313,16640676,2587476,62928044,46741576,64771556,0,0,0,0,2,0,12783213,69035708,70415808,6,34,646869,1570780,3145401,0,18542975,8473,43501310,109071965,0
1789732052.7036097,85.187,1122285,14095,0,262,51,33,19232,224583,5021386,16640676,2587476,62928044,46741576,64771556,0,0,0,0,2,0,12783215,69035708,70415808,6,34,646869,1570780,3145401,0,18542977,8473,43501310,109071965,0
1789732052.9540966,85.438,1122661,14095,0,262,51,33,19233,224607,5021468,16640676,2587476,62928044,46741576,64771556,0,0,0,0,2,0,12783238,69035708,70415808,6,34,646869,1570780,3145401,0,18542977,8473,43501310,109071965,0
1789732053.2045805,85.688,1123015,14107,0,262,51,33,19238,224635,5029646,16640660,2104264,62928412,46741944,64771556,0,7284,0,0,3,0,12784727,69083412,70465034,6,34,525810,1570789,3145420,2077,18543442,8473,43501314,109556321,0
1789732053.4550917,85.939,1123364,14117,0,262,51,33,19243,224672,5031478,16640836,1733744,62927700,46741036,64771556,0,0,0,0,2,0,12785011,69106241,70488195,6,34,433436,1570771,3145384,0,18543549,8473,43501314,109925913,0
1789732053.7055912,86.189,1123738,14117,0,262,51,33,19244,224698,5031590,16640836,1733744,62927700,46741036,64771556,0,0,0,0,3,0,12785037,69106241,70488195,6,34,433436,1570771,3145384,0,18543551,8473,43501314,109925913,0
1789732053.95605,86.44,1124110,14117,0,262,51,33,19245,224727,5031670,16640836,1733744,62927700,46741036,64771556,0,0,0,0,2,0,12785042,69106241,70488195,6,34,433436,1570771,3145384,0,18543617,8473,43501314,109925913,0
1789732054.2064233,86.69,1124485,14117,0,262,51,33,19245,224752,5031723,16640836,1733744,62927448,46740784,64771556,0,0,0,0,2,0,12785218,69106241,70488195,6,34,433436,1570765,3145371,0,18543619,8473,43501314,109925913,0
1789732054.4568117,86.94,1124853,14117,0,262,51,33,19246,224783,5031884,16640836,1733744,62928232,46741568,64771556,0,0,0,0,3,0,12785611,69106241,70488195,6,34,433436,1570785,3145411,0,18544109,8473,43501314,109925913,0
1789732054.7072482,87.191,1125223,14117,0,262,51,33,19247,224813,5031960,16640836,1733744,62924596,46737932,64771556,0,0,0,0,2,0,12785615,69106241,70488195,6,34,433436,1570694,3145229,0,18545452,8473,43501314,109925913,0
1789732054.95761,87.441,1125592,14117,0,262,51,33,19248,224843,5032300,16640836,1733744,62924580,46737916,64771556,0,0,0,0,2,0,12785644,69106241,70488195,6,34,433436,1570694,3145228,0,18545646,8473,43501314,109925913,0
1789732055.208022,87.692,1125953,14117,0,262,51,33,19249,224882,5032421,16640836,1733744,62923680,46737016,64771556,0,0,0,0,2,0,12785751,69106241,70488195,6,34,433436,1570671,3145183,0,18546260,8473,43501314,109925913,0
1789732055.4584057,87.942,1126328,14117,0,262,51,33,19249,224908,5032565,16640836,1733744,62923680,46737016,64771556,0,0,0,0,2,0,12785774,69106241,70488195,6,34,433436,1570671,3145183,0,18546262,8473,43501314,109925913,0
1789732055.7088354,88.192,1126703,14117,0,262,51,33,19249,224933,5032672,16640836,1733744,62923680,46737016,64771556,0,0,0,0,2,0,12785779,69106241,70488195,6,34,433436,1570671,3145183,0,18546264,8473,43501314,109925913,0
1789732055.959239,88.443,1127077,14117,0,262,51,33,19251,224957,5032827,16640932,1733840,62923436,46736684,64771556,0,0,0,0,2,0,12785795,69106241,70488195,6,34,433460,1570665,3145171,0,18546289,8473,43501314,109925913,0
1789732056.2095807,88.693,1127452,14117,0,262,51,33,19251,224982,5032884,16640932,1733840,62923436,46736684,64771556,0,0,0,0,3,0,12785977,69106241,70488195,6,34,433460,1570665,3145171,0,18546289,8473,43501314,109925913,0
1789732056.45999,88.944,1127827,14117,0,262,51,33,19252,225008,5033057,16640932,1733840,62923512,46736760,64771556,0,0,0,0,2,0,12786054,69106241,70488195,6,34,433460,1570667,3145175,0,18546295,8473,43501314,109925913,0
1789732056.7104216,89.194,1128196,14117,0,262,51,33,19253,225040,5033560,16640932,1733840,62922704,46735952,64771556,0,0,0,0,5,0,12786087,69106241,70488195,6,34,433460,1570647,3145134,0,18546693,8473,43501314,109925913,0
1789732056.9609354,89.445,1128566,14117,0,262,51,33,19253,225069,5033788,16640932,1733840,62920820,46734068,64771556,0,0,0,0,2,0,12786978,69106241,70488195,6,34,433460,1570600,3145040,0,18546900,8473,43501314,109925913,0
1789732057.2114277,89.695,1128940,14117,0,262,51,33,19254,225095,5033920,16640932,1733840,62920476,46733716,64771556,0,0,0,0,2,0,12788045,69106241,70488195,6,34,433460,1570591,3145023,0,18546904,8473,43501314,109925913,0
1789732057.46193,89.945,1129311,14117,0,262,51,33,19254,225124,5033991,16640932,1733840,62920476,46733716,64771556,0,0,0,0,2,0,12788072,69106241,70488195,6,34,433460,1570591,3145023,0,18546909,8473,43501314,109925913,0
1789732057.7124112,90.196,1129679,14117,0,262,51,33,19255,225156,5034080,16640932,1733840,62920224,46733464,64771556,0,0,0,0,2,0,12788082,69106241,70488195,6,34,433460,1570585,3145010,0,18546922,8473,43501314,109925913,0
1789732057.9629154,90.446,1130053,14117,0,262,51,33,19256,225182,5034249,16640932,1733840,62920224,46733464,64771556,0,0,0,0,2,0,12788119,69106241,70488195,6,34,433460,1570585,3145010,0,18546931,8473,43501314,109925913,0
1789732058.2134218,90.697,1130429,14117,0,262,51,34,19257,225206,5034331,16640932,1733840,62920224,46733464,64771556,0,0,0,0,2,0,12788201,69106241,70488195,6,34,433460,1570585,3145010,0,18546932,8473,43501314,109925913,0
1789732058.463897,90.947,1130802,14117,0,262,51,34,19258,225233,5034678,16640932,1733840,62920224,46733464,64771556,0,0,0,0,2,0,12788255,69106241,70488195,6,34,433460,1570585,3145010,0,18547109,8473,43501314,109925913,0
1789732058.7143753,91.198,1131172,14120,0,262,51,34,19260,225258,5036106,16640920,1602524,62920224,46733464,64771556,0,8356,0,0,3,0,12788357,69111310,70493369,6,34,400631,1570585,3145010,2089,18547110,8473,43501314,110057325,0
1789732058.96483,91.448,1131522,14138,0,262,51,34,19268,225283,5039998,16640896,987228,62919972,46733212,64771556,0,164,0,0,2,0,12788829,69160903,70543597,6,34,246807,1570579,3144998,41,18547115,8473,43501314,110673165,0
1789732059.2153418,91.699,1131897,14138,0,262,51,34,19268,225308,5040098,16640988,986736,62919556,46732712,64771556,0,0,0,0,2,0,12788908,69160903,70543597,6,34,246684,1570568,3144977,0,18547115,8473,43501314,110673165,0
1789732059.4658632,91.949,1132273,14138,0,262,51,34,19269,225332,5040171,16641084,986832,62919644,46732712,64771556,0,0,0,0,2,0,12788952,69160903,70543597,6,34,246708,1570570,3144981,0,18547117,8473,43501314,110673165,0
1789732059.716329,92.2,1132647,14138,0,262,51,34,19269,225358,5040312,16641084,986776,62919404,46732472,64771556,0,20,0,0,2,0,12788956,69160903,70543597,6,34,246694,1570564,3144969,5,18547144,8473,43501314,110673185,0
1789732059.9668252,92.45,1133022,14138,0,262,51,34,19269,225384,5040436,16641084,986776,62919404,46732472,64771556,0,20,0,0,3,0,12788960,69160903,70543597,6,34,246694,1570564,3144969,5,18547149,8473,43501314,110673185,0
1789732060.2173297,92.701,1133394,14138,0,262,51,34,19270,225412,5040576,16641084,986776,62919800,46732868,64771556,0,0,0,0,2,0,12789115,69160903,70543597,6,34,246694,1570574,3144989,0,18547158,8473,43501314,110673185,0
1789732060.4677885,92.951,1133758,14138,0,262,51,34,19272,225446,5041392,16641084,986776,62917932,46731000,64771556,0,0,0,0,2,0,12789269,69160903,70543597,6,34,246694,1570528,3144896,0,18548087,8473,43501314,110673185,0
1789732060.7182994,93.202,1134133,14138,0,262,51,34,19273,225471,5041491,16641084,986776,62916720,46729788,64771556,0,0,0,0,2,0,12789274,69160903,70543597,6,34,246694,1570497,3144835,0,18548327,8473,43501314,110673185,0
1789732060.9688141,93.452,1134508,14138,0,262,51,34,19273,225497,5041614,16641084,986776,62914700,46727768,64771556,0,0,0,0,2,0,12790272,69160903,70543597,6,34,246694,1570447,3144734,0,18548999,8473,43501314,110673185,0
1789732061.2192912,93.703,1134871,14138,0,262,51,34,19277,225530,5042064,16641092,987664,62899032,46712084,64771556,0,0,0,0,3,0,12790979,69160924,70543624,6,34,246916,1570056,3143951,0,18554856,8473,43501314,110673229,0
1789732061.4697766,93.953,1135223,14139,0,262,51,34,19282,225571,5042691,16641096,984648,62878824,46691868,64771556,0,0,0,0,2,0,12791051,69161062,70543762,6,34,246162,1569551,3142941,0,18562894,8473,43501314,110676249,0
1789732061.7203014,94.204,1135589,14139,0,262,51,34,19283,225604,5043130,16641088,987660,62878172,46691168,64771556,0,0,0,0,2,0,12791675,69161062,70543762,6,34,246915,1569534,3142906,0,18564188,8473,43501314,110676249,0
1789732061.9707892,94.454,1135963,14139,0,262,51,34,19284,225630,5043271,16641088,987652,62878172,46691168,64771556,0,0,0,0,2,0,12791678,69161062,70543762,6,34,246913,1569534,3142906,0,18564190,8473,43501314,110676257,0
1789732062.221311,94.705,1136338,14139,0,262,51,34,19285,225655,5043596,16641088,987652,62879020,46692016,64771556,0,0,0,0,2,0,12792771,69161062,70543762,6,34,246913,1569555,3142948,0,18564209,8473,43501314,110676257,0
1789732062.471829,94.955,1136714,14139,0,262,51,34,19286,225679,5043695,16641092,987652,62879348,46692312,64771556,0,0,0,0,2,0,12792831,69161062,70543762,6,34,246913,1569563,3142964,0,18564210,8473,43501314,110676257,0
1789732062.7223308,95.206,1137088,14139,0,262,51,34,19287,225704,5043769,16641092,987652,62879348,46692312,64771556,0,0,0,0,2,0,12792833,69161062,70543762,6,34,246913,1569563,3142964,0,18564212,8473,43501314,110676257,0
1789732062.9727995,95.456,1137464,14139,0,262,51,34,19287,225729,5043858,16641092,987652,62879348,46692312,64771556,0,0,0,0,2,0,12792874,69161062,70543762,6,34,246913,1569563,3142964,0,18564213,8473,43501314,110676257,0
1789732063.223302,95.707,1137838,14139,0,262,51,34,19288,225754,5043976,16641092,987652,62880180,46693144,64771556,0,0,0,0,2,0,12792975,69161062,70543762,6,34,246913,1569584,3143006,0,18564214,8473,43501314,110676257,0
1789732063.4737916,95.957,1138210,14139,0,262,51,34,19289,225782,5044065,16641092,987652,62880180,46693144,64771556,0,0,0,0,2,0,12793018,69161062,70543762,6,34,246913,1569584,3143006,0,18564220,8473,43501314,110676257,0
1789732063.724268,96.208,1138584,14139,0,262,51,34,19289,225808,5044132,16641092,987652,62880180,46693144,64771556,0,0,0,0,2,0,12793027,69161062,70543762,6,34,246913,1569584,3143006,0,18564222,8473,43501314,110676257,0
1789732063.9747381,96.458,1138948,14139,0,262,51,34,19291,225843,5044783,16641092,987652,62879928,46692892,64771556,0,0,0,0,3,0,12793071,69161062,70543762,6,34,246913,1569578,3142993,0,18564334,8473,43501314,110676257,0
1789732064.2252383,96.709,1139322,14139,0,262,51,34,19291,225870,5044869,16641092,987652,62884120,46697084,64771556,0,0,0,0,2,0,12793234,69161062,70543762,6,34,246913,1569682,3143203,0,18564336,8473,43501314,110676257,0
1789732064.4757338,96.959,1139678,14152,0,262,51,34,19297,225894,5052860,16641220,478768,62884192,46697020,64771556,0,8192,0,1,2,0,12795414,69208844,70592907,6,34,119692,1569684,3143206,2048,18564336,8473,43501318,111185473,0
1789732064.726227,97.21,1140029,14173,0,262,51,34,19299,225919,5054115,16641244,140972,62884228,46697020,64771556,0,0,0,0,2,0,12795912,69308607,70693008,6,34,35243,1569685,3143208,0,18564338,8473,43501318,111523149,0
1789732064.9766946,97.46,1140404,14173,0,262,51,34,19300,225945,5054203,16641244,140964,62884228,46697020,64771556,0,16,0,0,2,0,12795916,69308607,70693008,6,34,35241,1569685,3143208,4,18564343,8473,43501318,111523165,0
1789732065.2271888,97.711,1140779,14173,0,262,51,34,19301,225970,5054345,16641244,140964,62887728,46700520,64771556,0,0,0,0,2,0,12795949,69308607,70693008,6,34,35241,1569772,3143383,0,18564345,8473,43501318,111523165,0
1789732065.4776623,97.961,1141154,14173,0,262,51,34,19301,225995,5054514,16641244,140964,62887728,46700520,64771556,0,0,0,0,2,0,12795967,69308607,70693008,6,34,35241,1569772,3143383,0,18564347,8473,43501318,111523165,0
1789732065.7281442,98.212,1141528,14173,0,262,51,34,19303,226020,5054701,16641244,140964,62887728,46700520,64771556,0,0,0,0,2,0,12795969,69308607,70693008,6,34,35241,1569772,3143383,0,18564348,8473,43501318,111523165,0
1789732065.978606,98.462,1141901,14173,0,262,51,34,19303,226048,5055616,16641244,140964,62887476,46700268,64771556,0,0,0,0,2,0,12796026,69308607,70693008,6,34,35241,1569766,3143370,0,18564523,8473,43501318,111523165,0
1789732066.229116,98.713,1142276,14173,0,262,51,34,19304,226072,5055736,16641244,140972,62890368,46703160,64771556,0,0,0,0,2,0,12796207,69308607,70693008,6,34,35243,1569838,3143515,0,18564524,8473,43501318,111523165,0
1789732066.4795651,98.963,1142651,14173,0,262,51,34,19304,226098,5055848,16641244,140972,62889960,46702752,64771556,0,0,0,0,2,0,12797230,69308607,70693008,6,34,35243,1569828,3143495,0,18564527,8473,43501318,111523165,0
1789732066.7300258,99.214,1143026,14173,0,262,51,34,19305,226122,5055953,16641244,140972,62889960,46702752,64771556,0,0,0,0,2,0,12797232,69308607,70693008,6,34,35243,1569828,3143495,0,18564527,8473,43501318,111523165,0
1789732066.9804864,99.464,1143402,14173,0,262,51,34,19306,226146,5056060,16641244,140972,62889960,46702752,64771556,0,0,0,0,2,0,12797236,69308607,70693008,6,34,35243,1569828,3143495,0,18564528,8473,43501318,111523165,0
1789732067.2309709,99.715,1143777,14173,0,262,51,34,19307,226171,5056189,16641340,141068,62895008,46707704,64771556,0,0,0,0,2,0,12797353,69308607,70693008,6,34,35267,1569954,3143747,0,18564530,8473,43501318,111523165,0
1789732067.481388,99.965,1144152,14173,0,262,51,34,19307,226196,5056270,16641340,141068,62895008,46707704,64771556,0,0,0,0,2,0,12797390,69308607,70693008,6,34,35267,1569954,3143747,0,18564532,8473,43501318,111523165,0
1789732067.7317584,100.215,1144516,14173,0,262,51,34,19308,226231,5057028,16641340,141068,62893392,46706088,64771556,0,0,0,0,2,0,12797440,69308607,70693008,6,34,35267,1569914,3143666,0,18565118,8473,43501318,111523165,0
1789732067.9822605,100.466,1144880,14173,0,262,51,34,19309,226267,5057559,16641340,141068,62893392,46706088,64771556,0,0,0,0,2,0,12797476,69308607,70693008,6,34,35267,1569914,3143666,0,18565143,8473,43501318,111523165,0
1789732068.2327688,100.716,1145244,14173,0,262,51,34,19310,226301,5058350,16641340,141068,62892864,46705560,64771556,0,0,0,0,7,0,12797542,69308607,70693008,6,34,35267,1569900,3143640,0,18565161,8473,43501318,111523165,0
1789732068.483271,100.967,1145600,14173,0,262,51,34,19312,226344,5059152,16641340,141068,62894660,46707356,64771556,0,0,0,0,2,0,12797626,69308607,70693008,6,34,35267,1569945,3143730,0,18565182,8473,43501318,111523165,0
1789732068.7337556,101.217,1145965,14173,0,262,51,34,19313,226378,5059635,16641340,141068,62894660,46707356,64771556,0,0,0,0,2,0,12797665,69308607,70693008,6,34,35267,1569945,3143730,0,18565199,8473,43501318,111523165,0
1789732068.9842498,101.468,1146329,14173,0,262,51,34,19314,226414,5060202,16641340,141068,62894660,46707356,64771556,0,0,0,0,2,0,12797716,69308607,70693008,6,34,35267,1569945,3143730,0,18565209,8473,43501318,111523165,0
1789732069.2347436,101.718,1146694,14173,0,262,51,34,19315,226448,5060712,16641340,141068,62894876,46707572,64771556,0,0,0,0,2,0,12797878,69308607,70693008,6,34,35267,1569951,3143740,0,18565228,8473,43501318,111523165,0
1789732069.4852448,101.969,1147059,14173,0,262,51,34,19315,226483,5061207,16641340,141068,62894876,46707572,64771556,0,0,0,0,2,0,12797910,69308607,70693008,6,34,35267,1569951,3143740,0,18565235,8473,43501318,111523165,0
1789732069.735738,102.219,1147423,14173,0,262,51,34,19316,226519,5061732,16641340,141068,62894876,46707572,64771556,0,0,0,0,2,0,12797955,69308607,70693008,6,34,35267,1569951,3143740,0,18565257,8473,43501318,111523165,0
1789732069.9862633,102.47,1147783,14176,0,262,51,34,19318,226553,5063689,16641328,4448,62894876,46707572,64771556,0,592,0,0,2,0,12798094,69313292,70697779,6,34,1112,1569951,3143740,148,18565263,8473,43501318,111660257,0
1789732070.2367504,102.72,1148148,14176,0,262,51,34,19319,226587,5064212,16641444,4176,62896672,46709260,64771556,0,0,0,0,2,0,12798692,69313292,70697779,6,34,1044,1569996,3143830,0,18565265,8473,43501318,111660257,0
1789732070.4872499,102.971,1148512,14176,0,262,51,34,19321,226622,5064684,16641444,4176,62896672,46709260,64771556,0,0,0,0,2,0,12798744,69313292,70697779,6,34,1044,1569996,3143830,0,18565272,8473,43501318,111660257,0
1789732070.7377353,103.221,1148877,14176,0,262,51,34,19322,226657,5065170,16641444,4176,62896672,46709260,64771556,0,0,0,0,2,0,12798775,69313292,70697779,6,34,1044,1569996,3143830,0,18565275,8473,43501318,111660257,0
1789732070.9882438,103.472,1149242,14176,0,262,51,34,19323,226691,5065687,16641444,4176,62896672,46709260,64771556,0,0,0,0,2,0,12798823,69313292,70697779,6,34,1044,1569996,3143830,0,18565277,8473,43501318,111660257,0
1789732071.238741,103.722,1149607,14176,0,262,51,34,19324,226726,5066253,16641444,4176,62899596,46712184,64771556,0,0,0,0,2,0,12798937,69313292,70697779,6,34,1044,1570069,3143976,0,18565283,8473,43501318,111660257,0
1789732071.4892406,103.973,1149973,14176,0,262,51,34,19325,226760,5066767,16641444,4176,62899596,46712184,64771556,0,0,0,0,2,0,12798991,69313292,70697779,6,34,1044,1570069,3143976,0,18565285,8473,43501318,111660257,0
1789732071.739721,104.223,1150338,14176,0,262,51,34,19325,226794,5067294,16641444,4176,62899596,46712184,64771556,0,0,0,0,2,0,12799020,69313292,70697779,6,34,1044,1570069,3143976,0,18565286,8473,43501318,111660257,0
1789732071.9902234,104.474,1150704,14176,0,262,51,34,19326,226828,5067789,16641444,4176,62899596,46712184,64771556,0,0,0,0,2,0,12799077,69313292,70697779,6,34,1044,1570069,3143976,0,18565286,8473,43501318,111660257,0
1789732072.2407022,104.724,1151069,14176,0,262,51,34,19327,226863,5068343,16641444,4176,62900788,46713376,64771556,0,0,0,0,2,0,12799138,69313292,70697779,6,34,1044,1570098,3144036,0,18565291,8473,43501318,111660257,0
1789732072.491233,104.975,1151434,14176,0,262,51,34,19328,226898,5068886,16641444,4176,62900788,46713376,64771556,0,0,0,0,2,0,12799204,69313292,70697779,6,34,1044,1570098,3144036,0,18565296,8473,43501318,111660257,0
1789732072.7417088,105.225,1151799,14176,0,262,51,34,19329,226933,5069420,16641444,4176,62900788,46713376,64771556,0,0,0,0,2,0,12799234,69313292,70697779,6,34,1044,1570098,3144036,0,18565301,8473,43501318,111660257,0
1789732072.992221,105.476,1152164,14176,0,262,51,34,19330,226968,5069931,16641444,4176,62900788,46713376,64771556,0,0,0,0,2,0,12799273,69313292,70697779,6,34,1044,1570098,3144036,0,18565305,8473,43501318,111660257,0
1789732073.2426898,105.726,1152523,14176,0,262,51,34,19331,227009,5070518,16641444,4176,62901620,46714208,64771556,0,0,0,0,2,0,12799325,69313292,70697779,6,34,1044,1570119,3144078,0,18565315,8473,43501318,111660257,0
1789732073.4932005,105.977,1152888,14176,0,262,51,34,19332,227044,5071059,16641444,4176,62901620,46714208,64771556,0,0,0,0,2,0,12799366,69313292,70697779,6,34,1044,1570119,3144078,0,18565318,8473,43501318,111660257,0
1789732073.7436907,106.227,1153253,14176,0,262,51,34,19332,227078,5071583,16641444,4176,62901620,46714208,64771556,0,0,0,0,2,0,12799401,69313292,70697779,6,34,1044,1570119,3144078,0,18565322,8473,43501318,111660257,0
1789732073.9942026,106.478,1153619,14176,0,262,51,34,19333,227112,5072068,16641444,4176,62901620,46714208,64771556,0,0,0,0,2,0,12800171,69313292,70697779,6,34,1044,1570119,3144078,0,18565322,8473,43501318,111660257,0
1789732074.2446704,106.728,1153984,14176,0,262,51,34,19333,227146,5072630,16641540,4272,62901716,46714208,64771556,0,0,0,0,2,0,12800284,69313292,70697779,6,34,1068,1570121,3144082,0,18565324,8473,43501318,111660257,0
1789732074.4951992,106.979,1154350,14176,0,262,51,34,19334,227180,5073101,16641540,4272,62901716,46714208,64771556,0,0,0,0,2,0,12800350,69313292,70697779,6,34,1068,1570121,3144082,0,18565327,8473,43501318,111660257,0
1789732074.745664,107.229,1154716,14176,0,262,51,34,19335,227214,5073612,16641540,4272,62901716,46714208,64771556,0,0,0,0,2,0,12800375,69313292,70697779,6,34,1068,1570121,3144082,0,18565328,8473,43501318,111660257,0
1789732074.9961824,107.48,1155082,14176,0,262,51,34,19335,227249,5074126,16641540,4272,62901716,46714208,64771556,0,0,0,0,2,0,12800425,69313292,70697779,6,34,1068,1570121,3144082,0,18565331,8473,43501318,111660257,0
1789732075.2466962,107.73,1155432,14176,0,262,51,34,19337,227297,5075220,16641540,3316,62901716,46714208,64771556,0,4,0,0,2,0,12800515,69313292,70697780,6,34,829,1570121,3144082,1,18565373,8473,43501318,111661257,0
1789732075.497216,107.981,1155797,14176,0,262,51,34,19339,227331,5075781,16641540,3316,62901716,46714208,64771556,0,4,0,0,2,0,12800554,69313292,70697780,6,34,829,1570121,3144082,1,18565378,8473,43501318,111661257,0
1789732075.747683,108.231,1156163,14176,0,262,51,34,19339,227365,5076280,16641540,3316,62901716,46714208,64771556,0,4,0,0,2,0,12800584,69313292,70697780,6,34,829,1570121,3144082,1,18565381,8473,43501318,111661257,0
1789732075.9981804,108.482,1156527,14176,0,262,51,34,19340,227399,5076805,16641540,3316,62901716,46714208,64771556,0,4,0,0,2,0,12800619,69313292,70697780,6,34,829,1570121,3144082,1,18565387,8473,43501318,111661257,0
1789732076.2486422,108.732,1156886,14176,0,262,51,34,19341,227440,5077392,16641540,3316,62901716,46714208,64771556,0,0,0,0,3,0,12800751,69313292,70697780,6,34,829,1570121,3144082,0,18565396,8473,43501318,111661257,0
1789732076.49916,108.983,1157253,14176,0,262,51,34,19341,227473,5077903,16641636,3416,62901748,46714144,64771556,0,0,0,0,9,0,12800824,69313292,70697780,6,34,854,1570122,3144084,0,18565409,8473,43501318,111661257,0
1789732076.7496476,109.233,1157620,14176,0,262,51,34,19342,227506,5078404,16641636,3416,62901748,46714144,64771556,0,0,0,0,5,0,12800856,69313292,70697780,6,34,854,1570122,3144084,0,18565423,8473,43501318,111661257,0
1789732077.0001388,109.484,1157982,14176,0,262,51,34,19343,227543,5079111,16641636,3416,62901748,46714144,64771556,0,0,0,0,9,0,12800912,69313292,70697780,6,34,854,1570122,3144084,0,18565454,8473,43501318,111661257,0
1789732077.2506642,109.734,1158343,14176,0,262,51,34,19344,227580,5079886,16641636,3416,62901748,46714144,64771556,0,0,0,0,2,0,12801015,69313292,70697780,6,34,854,1570122,3144084,0,18565527,8473,43501318,111661257,0
1789732077.5011513,109.985,1158719,14176,0,262,51,34,19345,227604,5079924,16641636,3416,62901748,46714144,64771556,0,0,0,0,2,0,12801015,69313292,70697780,6,34,854,1570122,3144084,0,18565528,8473,43501318,111661257,0
1789732077.7515416,110.235,1159085,14176,0,262,51,34,19346,227638,5080437,16641636,3416,62901748,46714144,64771556,0,0,0,0,2,0,12801044,69313292,70697780,6,34,854,1570122,3144084,0,18565532,8473,43501318,111661257,0
1789732078.002034,110.486,1159450,14176,0,262,51,34,19347,227671,5080922,16641636,3416,62901748,46714144,64771556,0,0,0,0,2,0,12801157,69313292,70697780,6,34,854,1570122,3144084,0,18565535,8473,43501318,111661257,0
1789732078.252511,110.736,1159816,14176,0,262,51,34,19348,227705,5081422,16641636,3416,62901748,46714144,64771556,0,0,0,0,2,0,12801245,69313292,70697780,6,34,854,1570122,3144084,0,18565535,8473,43501318,111661517,0
1789732078.5030088,110.987,1160178,14176,0,262,51,34,19349,227743,5081949,16641636,3416,62901748,46714144,64771556,0,0,0,0,2,0,12801308,69313292,70697780,6,34,854,1570122,3144084,0,18565540,8473,43501318,111661517,0
1789732078.7534964,111.237,1160543,14176,0,262,51,34,19349,227778,5082696,16641636,3416,62901748,46714144,64771556,0,0,0,0,9,0,12801352,69313292,70697780,6,34,854,1570122,3144084,0,18565544,8473,43501318,111661517,0
1789732079.0040603,111.488,1160899,14176,0,262,51,34,19350,227822,5083382,16641636,3416,62901748,46714144,64771556,0,0,0,0,4,0,12801404,69313292,70697780,6,34,854,1570122,3144084,0,18565551,8473,43501318,111661517,0
1789732079.2545366,111.738,1161265,14176,0,262,51,34,19350,227856,5083890,16641636,3156,62901748,46714144,64771556,0,0,0,0,2,0,12801582,69313292,70697780,6,34,789,1570122,3144084,0,18565552,8473,43501318,111661517,0
1789732079.5050101,111.989,1161631,14176,0,262,51,34,19351,227891,5084367,16641636,3156,62901748,46714144,64771556,0,0,0,0,2,0,12801636,69313292,70697780,6,34,789,1570122,3144084,0,18565557,8473,43501318,111661517,0
1789732079.755449,112.239,1161996,14176,0,262,51,34,19352,227925,5084884,16641636,3156,62901748,46714144,64771556,0,0,0,0,2,0,12801676,69313292,70697780,6,34,789,1570122,3144084,0,18565570,8473,43501318,111661517,0
1789732080.0059247,112.489,1162362,14176,0,262,51,34,19352,227958,5085380,16641636,3156,62901748,46714144,64771556,0,0,0,0,2,0,12801724,69313292,70697780,6,34,789,1570122,3144084,0,18565571,8473,43501318,111661517,0
1789732080.256447,112.74,1162727,14176,0,262,51,34,19352,227993,5085884,16641732,3252,62901568,46713868,64771556,0,0,0,0,2,0,12801790,69313292,70697780,6,34,813,1570118,3144075,0,18565576,8473,43501318,111661517,0
1789732080.5069594,112.991,1163093,14176,0,262,51,34,19353,228027,5086401,16641732,3252,62901568,46713868,64771556,0,0,0,0,2,0,12801860,69313292,70697780,6,34,813,1570118,3144075,0,18565587,8473,43501318,111661517,0
1789732080.757444,113.241,1163455,14176,0,262,51,34,19354,228063,5087161,16641732,3252,62901568,46713868,64771556,0,0,0,0,5,0,12801909,69313292,70697780,6,34,813,1570118,3144075,0,18565607,8473,43501318,111661517,0
1789732081.0079162,113.491,1163823,14176,0,262,51,34,19355,228094,5087389,16641732,3252,62901568,46713868,64771556,0,0,0,0,2,0,12802043,69313292,70697780,6,34,813,1570118,3144075,0,18565607,8473,43501318,111661517,0
1789732081.2583983,113.742,1164165,14176,0,262,51,34,19359,228148,5089028,16641732,3252,62859988,46672288,64771556,0,0,0,0,5,0,12802154,69313292,70697780,6,34,813,1569080,3141996,0,18576070,8473,43501318,111661517,0
1789732081.508881,113.992,1164495,14176,0,262,51,34,19366,228209,5091430,16641732,3252,62710596,46522896,64771556,0,0,0,0,2,0,12802293,69313292,70697780,6,34,813,1565350,3134529,0,18610156,8473,43501318,111661517,0
1789732081.7593498,114.243,1164870,14176,0,262,51,34,19375,228226,5091455,16641732,3252,62517080,46329380,64771556,0,0,0,0,2,0,12802293,69313292,70697780,6,34,813,1560520,3124855,0,18659409,8473,43501318,111661517,0
1789732082.009733,114.493,1165246,14176,0,262,51,34,19382,228244,5091504,16641732,3252,62372044,46184344,64771556,0,0,0,0,2,0,12803316,69313292,70697780,6,34,813,1556899,3117605,0,18694784,8473,43501318,111661517,0
1789732082.260138,114.744,1165621,14176,0,262,51,34,19387,228263,5091601,16641732,3252,62251408,46063684,64771556,0,0,0,0,2,0,12803459,69314509,70698996,6,34,813,1553888,3111575,0,18725211,8473,43501326,111661517,0
1789732082.5106,114.994,1165997,14176,0,262,51,34,19387,228288,5091647,16641732,3252,62251408,46063684,64771556,0,0,0,0,2,0,12803527,69314509,70698996,6,34,813,1553888,3111575,0,18725211,8473,43501326,111661517,0
1789732082.7609682,115.245,1166372,14176,0,262,51,34,19388,228314,5091672,16641732,3252,62251408,46063684,64771556,0,0,0,0,2,0,12803527,69314509,70698996,6,34,813,1553888,3111575,0,18725211,8473,43501326,111661517,0
1789732083.0113022,115.495,1166747,14176,0,262,51,34,19388,228339,5091705,16641740,3252,62251396,46063672,64771556,0,0,0,0,2,0,12803654,69314509,70698996,6,34,813,1553887,3111574,0,18725212,8473,43501326,111661517,0
1789732083.2616405,115.745,1167123,14176,0,262,51,34,19388,228364,5091752,16641740,3252,62251396,46063672,64771556,0,0,0,0,2,0,12803684,69314509,70698996,6,34,813,1553887,3111574,0,18725213,8473,43501326,111661517,0
1789732083.5120063,115.996,1167498,14176,0,262,51,34,19388,228389,5091785,16641740,3252,62251396,46063672,64771556,0,0,0,0,2,0,12803684,69314509,70698996,6,34,813,1553887,3111574,0,18725214,8473,43501326,111661517,0
1789732083.7623203,116.246,1167874,14176,0,262,51,34,19388,228414,5091811,16641740,3252,62251396,46063672,64771556,0,0,0,0,2,0,12803684,69314509,70698996,6,34,813,1553887,3111574,0,18725214,8473,43501326,111661517,0
1789732084.0126536,116.496,1168249,14176,0,262,51,34,19388,228439,5091842,16641740,3252,62251396,46063672,64771556,0,0,0,0,2,0,12803684,69314509,70698996,6,34,813,1553887,3111574,0,18725216,8473,43501326,111661517,0
1789732084.2630103,116.747,1168625,14176,0,262,51,34,19388,228464,5091885,16641740,3252,62251396,46063672,64771556,0,0,0,0,2,0,12803700,69314509,70698996,6,34,813,1553887,3111574,0,18725216,8473,43501326,111661517,0
1789732084.513387,116.997,1169000,14176,0,262,51,34,19388,228489,5091972,16641740,3252,62251396,46063672,64771556,0,0,0,0,2,0,12803767,69314509,70698996,6,34,813,1553887,3111574,0,18725218,8473,43501326,111661517,0
1789732084.7637186,117.247,1169375,14176,0,262,51,34,19388,228514,5091997,16641740,3252,62251396,46063672,64771556,0,0,0,0,2,0,12803767,69314509,70698996,6,34,813,1553887,3111574,0,18725218,8473,43501326,111661517,0
1789732085.0140493,117.498,1169751,14176,0,262,51,34,19388,228539,5092033,16641740,3252,62251396,46063672,64771556,0,0,0,0,2,0,12803784,69314509,70698996,6,34,813,1553887,3111574,0,18725219,8473,43501326,111661517,0
1789732085.2643704,117.748,1170126,14176,0,262,51,34,19388,228564,5092068,16641740,3252,62251396,46063672,64771556,0,0,0,0,2,0,12803903,69314509,70698996,6,34,813,1553887,3111574,0,18725220,8473,43501326,111661517,0
1789732085.5146961,117.998,1170501,14176,0,262,51,34,19388,228589,5092107,16641740,3252,62251396,46063672,64771556,0,0,0,0,2,0,12803903,69314509,70698996,6,34,813,1553887,3111574,0,18725221,8473,43501326,111661517,0
1789732085.7650232,118.249,1170877,14176,0,262,51,34,19388,228614,5092132,16641740,3252,62251396,46063672,64771556,0,0,0,0,2,0,12803903,69314509,70698996,6,34,813,1553887,3111574,0,18725221,8473,43501326,111661517,0
1789732086.0153198,118.499,1171252,14176,0,262,51,34,19388,228639,5092168,16641740,3252,62251396,46063672,64771556,0,0,0,0,2,0,12804018,69314509,70698996,6,34,813,1553887,3111574,0,18725223,8473,43501326,111661517,0
1789732086.265635,118.749,1171627,14176,0,262,51,34,19388,228664,5092205,16641740,3252,62251396,46063672,64771556,0,0,0,0,2,0,12804057,69314509,70698996,6,34,813,1553887,3111574,0,18725223,8473,43501326,111661517,0
1789732086.5160108,119.0,1172000,14176,0,262,51,34,19389,228691,5092292,16670980,32492,62252828,46035476,64771556,0,0,0,0,2,0,12804119,69314509,70698996,6,34,8123,1553913,3111626,0,18725246,8473,43501326,111661517,0
1789732086.7664766,119.25,1172375,14176,0,262,51,34,19391,228714,5092317,16731884,93396,62248020,45968156,64771556,0,0,0,0,2,0,12804119,69314509,70698996,6,34,23349,1553753,3111305,0,18725246,8473,43501326,111661517,0
1789732087.0168176,119.5,1172751,14176,0,262,51,34,19393,228737,5092350,16792780,154292,62244044,45901660,64771556,0,0,0,0,2,0,12804139,69314509,70698996,6,34,38573,1553613,3111025,0,18725247,8473,43501326,111661517,0
1789732087.267192,119.751,1173126,14176,0,262,51,34,19396,228759,5092398,16853336,214856,62249020,45844108,64771556,0,0,0,0,2,0,12804247,69314509,70698996,6,34,53714,1553688,3111175,0,18725247,8473,43501326,111661545,0
1789732087.517644,120.001,1173502,14176,0,262,51,34,19398,228782,5092433,16914232,275752,62252284,45784452,64771556,0,0,0,0,2,0,12804261,69314509,70698996,6,34,68938,1553729,3111258,0,18725248,8473,43501326,111661545,0
1789732087.7680354,120.252,1173877,14176,0,262,51,34,19401,228805,5092456,16975540,337060,62248300,45717956,64771556,0,0,0,0,2,0,12804261,69314509,70698996,6,34,84265,1553589,3110978,0,18725250,8473,43501326,111661545,0
1789732088.0183642,120.502,1174253,14176,0,262,51,34,19403,228828,5092495,17036036,397556,62243500,45651044,64771556,0,0,0,0,2,0,12804278,69314509,70698996,6,34,99389,1553429,3110657,0,18725251,8473,43501326,111661545,0
1789732088.2687044,120.752,1174628,14176,0,262,51,34,19405,228851,5092530,17097428,458948,62248304,45592732,64771556,0,0,0,0,2,0,12804394,69314509,70698996,6,34,114737,1553507,3110812,0,18725252,8473,43501326,111661545,0
1789732088.519069,121.003,1175004,14176,0,262,51,34,19406,228874,5092615,17158740,520272,62243968,45525480,64771556,0,0,0,0,2,0,12804463,69314509,70698996,6,34,130068,1553358,3110515,0,18725252,8473,43501326,111661545,0
1789732088.7693946,121.253,1175379,14176,0,262,51,34,19409,228897,5092640,17199016,560548,62249484,45489496,64771556,0,0,0,0,2,0,12804463,69314509,70698996,6,34,140137,1553465,3110730,0,18725253,8473,43501326,111661545,0
1789732089.019737,121.503,1175754,14176,0,262,51,34,19411,228920,5092709,17199028,560560,62249476,45489168,64771556,0,0,0,0,2,0,12804598,69314509,70698996,6,34,140140,1553457,3110713,0,18725256,8473,43501326,111661545,0
1789732089.2702653,121.754,1176130,14176,0,262,51,34,19412,228944,5092786,17199028,560560,62247860,45487552,64771556,0,0,0,0,2,0,12804622,69314509,70698996,6,34,140140,1553417,3110632,0,18725554,8473,43501326,111661545,0
1789732089.520726,122.004,1176505,14176,0,262,51,34,19412,228969,5092817,17199028,560560,62247860,45487552,64771556,0,0,0,0,2,0,12804622,69314509,70698996,6,34,140140,1553417,3110632,0,18725554,8473,43501326,111661545,0
1789732089.771103,122.255,1176880,14176,0,262,51,34,19412,228994,5092847,17199028,560560,62247860,45487552,64771556,0,0,0,0,2,0,12804622,69314509,70698996,6,34,140140,1553417,3110632,0,18725555,8473,43501326,111661545,0
1789732090.0214288,122.505,1177256,14176,0,262,51,34,19412,229019,5092884,17199028,560560,62247860,45487552,64771556,0,0,0,0,2,0,12804622,69314509,70698996,6,34,140140,1553417,3110632,0,18725555,8473,43501326,111661545,0
1789732090.2717497,122.755,1177631,14176,0,262,51,34,19413,229044,5092930,17199028,560560,62247828,45487520,64771556,0,0,0,0,2,0,12804647,69314509,70698996,6,34,140140,1553416,3110631,0,18725556,8473,43501326,111661545,0
1789732090.5221286,123.006,1178007,14176,0,262,51,34,19413,229069,5092965,17199028,560560,62247828,45487520,64771556,0,0,0,0,2,0,12804708,69314509,70698996,6,34,140140,1553416,3110631,0,18725604,8473,43501326,111661545,0
1789732090.7724404,123.256,1178382,14176,0,262,51,34,19413,229094,5092990,17199028,560560,62247828,45487520,64771556,0,0,0,0,2,0,12804708,69314509,70698996,6,34,140140,1553416,3110631,0,18725605,8473,43501326,111661545,0
1789732091.022771,123.506,1178719,14176,0,262,51,34,19415,229155,5094350,17199028,560560,62240928,45480604,64771556,0,0,0,0,3,0,12804839,69314509,70698996,6,34,140140,1553244,3110286,0,18728295,8473,43501326,111661545,0
1789732091.2732615,123.757,1179073,14176,0,262,51,34,19418,229198,5095428,17199028,560560,62240528,45480188,64771556,0,0,0,0,3,0,12805693,69314509,70698996,6,34,140140,1553234,3110266,0,18728307,8473,43501326,111661545,0
1789732091.5237331,124.007,1179426,14176,0,262,51,34,19422,229242,5096127,17199028,560560,62238912,45478572,64771556,0,0,0,0,3,0,12805854,69314509,70698996,6,34,140140,1553194,3110185,0,18729169,8473,43501326,111661545,0
1789732091.7742,124.258,1179760,14185,0,262,51,34,19436,229285,5102263,16642700,4368,62229476,46040096,64771556,0,0,0,1,3,0,12807491,69345566,70730081,6,34,1092,1553334,3110467,0,18740743,8485,43502830,111661593,0
1789732092.0246706,124.508,1180119,14187,0,262,51,34,19438,229322,5103482,16642688,5028,62224812,46035080,64771556,0,0,0,0,3,0,12807651,69348027,70732622,6,34,1257,1553216,3110229,0,18742609,8485,43502982,111661593,0
1789732092.2751992,124.759,1180480,14187,0,262,51,34,19438,229361,5104266,16642688,5028,62224888,46035156,64771556,0,0,0,0,2,0,12807705,69348027,70732622,6,34,1257,1553218,3110233,0,18742609,8485,43502982,111661593,0
1789732092.5256937,125.009,1180839,14188,0,262,51,34,19439,229401,5105108,16642688,536,62224636,46034904,64771556,0,0,0,0,3,0,12807768,69348186,70732783,6,34,134,1553211,3110221,0,18742714,8485,43502982,111666345,0
1789732092.776204,125.26,1181198,14188,0,262,51,34,19440,229441,5105814,16642688,536,62224636,46034904,64771556,0,0,0,0,2,0,12807791,69348186,70732783,6,34,134,1553211,3110221,0,18742722,8485,43502982,111666345,0
1789732093.0267196,125.51,1181562,14188,0,262,51,34,19441,229476,5106533,16642688,536,62224636,46034904,64771556,0,0,0,0,3,0,12808521,69348186,70732783,6,34,134,1553211,3110221,0,18742724,8485,43502982,111666345,0
1789732093.277216,125.761,1181926,14188,0,262,51,34,19441,229513,5107693,16642688,276,62224548,46034812,64771556,0,0,0,0,3,0,12808625,69348186,70732783,6,34,69,1553209,3110216,0,18742727,8485,43502982,111666345,0
1789732093.5276937,126.011,1182290,14188,0,262,51,34,19442,229550,5108040,16642688,280,62224548,46034812,64771556,0,0,0,0,2,0,12808656,69348187,70732784,6,34,70,1553209,3110216,0,18742728,8485,43502982,111666377,0
1789732093.7781894,126.262,1182628,14188,0,262,51,34,19463,229591,5109440,13762700,396,62293172,49020196,64771556,0,0,0,0,2,0,12811746,69348535,70733132,6,34,99,1555844,3115493,0,18743152,8486,43503094,111666377,0
1789732094.0286517,126.512,1183003,14188,0,262,51,34,19488,229592,5109695,10223528,396,62356048,52668056,64771556,0,0,0,0,3,0,12816147,69348535,70733132,6,34,99,1558550,3120910,0,18743153,8486,43503094,111666377,0
1789732094.2790751,126.763,1183391,14188,0,262,51,34,19499,229593,5110042,8721368,396,62381304,54216716,64771556,0,0,0,0,1,0,12820765,69348535,70733132,6,34,99,1559714,3123243,0,18743354,8486,43503094,111666377,0
