stage_id,stage_name,task_id,index,attempt,launch_time,finish_time,duration_ms,failed,executor_run_ms,executor_cpu_ns,deser_ms,gc_ms,result_size,peak_exec_mem,spill_mem,spill_disk,input_bytes,input_records,sr_bytes,sr_records,sr_fetch_wait_ms,sr_remote_to_disk,sw_bytes,sw_records,sw_time_ns
0,parquet at NativeMethodAccessorImpl.java:0,0,0,0,1789806874857,1789806875318,461,False,364,43345784,60,11,2276,0,0,0,0,0,0,0,0,0,0,0,0
1,save at NativeMethodAccessorImpl.java:0,2,1,0,1789806876699,1789806878118,1419,False,1391,986362278,18,42,4289,134217488,0,0,111454592,448614,0,0,0,0,105095965,448614,46469347
1,save at NativeMethodAccessorImpl.java:0,3,2,0,1789806876699,1789806878118,1419,False,1390,1091208009,18,42,4289,134217488,0,0,111454496,448614,0,0,0,0,105091056,448614,45274687
1,save at NativeMethodAccessorImpl.java:0,1,0,0,1789806876695,1789806878119,1424,False,1390,1046858706,19,42,4289,134217488,0,0,111454728,448614,0,0,0,0,105093059,448614,48903776
1,save at NativeMethodAccessorImpl.java:0,4,3,0,1789806876700,1789806878120,1420,False,1388,1021750341,18,42,4289,134217488,0,0,111454456,448614,0,0,0,0,105092196,448614,45297900
1,save at NativeMethodAccessorImpl.java:0,5,4,0,1789806878115,1789806878895,780,False,767,680494670,4,10,4289,134217488,0,0,111454408,448614,0,0,0,0,105100639,448614,45585338
1,save at NativeMethodAccessorImpl.java:0,8,7,0,1789806878119,1789806878901,782,False,775,685728960,3,10,4246,134217488,0,0,111455236,448612,0,0,0,0,105090710,448612,44180170
1,save at NativeMethodAccessorImpl.java:0,6,5,0,1789806878117,1789806878922,805,False,797,714546210,3,12,4246,134217488,0,0,111455320,448614,0,0,0,0,105088912,448614,47661768
1,save at NativeMethodAccessorImpl.java:0,7,6,0,1789806878118,1789806878933,815,False,808,721927077,3,12,4246,134217488,0,0,111457240,448614,0,0,0,0,105093627,448614,48490962
1,save at NativeMethodAccessorImpl.java:0,9,8,0,1789806878894,1789806879609,715,False,704,638885480,2,9,4289,134217488,0,0,111451656,448608,0,0,0,0,105094093,448608,43642771
1,save at NativeMethodAccessorImpl.java:0,10,9,0,1789806878901,1789806879613,712,False,707,631087964,2,9,4246,134217488,0,0,111451604,448608,0,0,0,0,105091202,448608,44076644
1,save at NativeMethodAccessorImpl.java:0,12,11,0,1789806878931,1789806879625,694,False,689,640559028,1,7,4246,134217488,0,0,111451544,448608,0,0,0,0,105081388,448608,44019177
1,save at NativeMethodAccessorImpl.java:0,11,10,0,1789806878921,1789806879654,733,False,726,669340458,2,10,4246,134217488,0,0,111451576,448608,0,0,0,0,105090780,448608,46956366
1,save at NativeMethodAccessorImpl.java:0,14,13,0,1789806879612,1789806880340,728,False,718,654338423,1,9,4289,134217488,0,0,111451476,448608,0,0,0,0,105089688,448608,45471231
1,save at NativeMethodAccessorImpl.java:0,13,12,0,1789806879609,1789806880357,748,False,742,665098272,3,9,4246,134217488,0,0,111451508,448608,0,0,0,0,105089966,448608,45354827
1,save at NativeMethodAccessorImpl.java:0,15,14,0,1789806879625,1789806880359,734,False,724,668301906,7,9,4246,134217488,0,0,111451464,448608,0,0,0,0,105090403,448608,44227697
1,save at NativeMethodAccessorImpl.java:0,16,15,0,1789806879653,1789806880404,751,False,744,675142427,2,9,4246,134217488,0,0,111451456,448608,0,0,0,0,105092833,448608,51262002
1,save at NativeMethodAccessorImpl.java:0,17,16,0,1789806880339,1789806881073,734,False,724,647159375,2,10,4289,134217488,0,0,111451440,448608,0,0,0,0,105091090,448608,43886365
1,save at NativeMethodAccessorImpl.java:0,19,18,0,1789806880358,1789806881078,720,False,716,642775362,1,10,4246,134217488,0,0,111451384,448608,0,0,0,0,105088854,448608,43748419
1,save at NativeMethodAccessorImpl.java:0,18,17,0,1789806880357,1789806881079,722,False,716,646584647,2,10,4246,134217488,0,0,111451420,448608,0,0,0,0,105099789,448608,46257901
1,save at NativeMethodAccessorImpl.java:0,20,19,0,1789806880403,1789806881119,716,False,710,639601931,1,9,4246,134217488,0,0,111451368,448608,0,0,0,0,105093337,448608,46119395
1,save at NativeMethodAccessorImpl.java:0,23,22,0,1789806881078,1789806881772,694,False,685,622435910,1,8,4289,134217488,0,0,111451276,448608,0,0,0,0,105087823,448608,43565114
1,save at NativeMethodAccessorImpl.java:0,21,20,0,1789806881072,1789806881802,730,False,723,644435784,2,11,4246,134217488,0,0,111451344,448608,0,0,0,0,105087775,448608,46028270
1,save at NativeMethodAccessorImpl.java:0,24,23,0,1789806881118,1789806881809,691,False,686,625754404,2,9,4246,134217488,0,0,111451256,448608,0,0,0,0,105084775,448608,44546833
1,save at NativeMethodAccessorImpl.java:0,22,21,0,1789806881078,1789806881833,755,False,751,664136473,1,11,4246,134217488,0,0,111451312,448608,0,0,0,0,105089085,448608,47347524
1,save at NativeMethodAccessorImpl.java:0,25,24,0,1789806881772,1789806882467,695,False,685,632962555,2,9,4289,134217488,0,0,111451212,448608,0,0,0,0,105088880,448608,43481541
1,save at NativeMethodAccessorImpl.java:0,26,25,0,1789806881801,1789806882487,686,False,681,630540477,2,6,4246,134217488,0,0,111451168,448608,0,0,0,0,105094819,448608,44182074
1,save at NativeMethodAccessorImpl.java:0,27,26,0,1789806881808,1789806882505,697,False,692,625079247,1,14,4246,134217488,0,0,111451148,448608,0,0,0,0,105092878,448608,48831020
1,save at NativeMethodAccessorImpl.java:0,28,27,0,1789806881832,1789806882532,700,False,696,632795981,1,14,4246,134217488,0,0,111451124,448608,0,0,0,0,105085878,448608,47384081
1,save at NativeMethodAccessorImpl.java:0,29,28,0,1789806882466,1789806883184,718,False,708,644540011,2,14,4289,134217488,0,0,111451080,448608,0,0,0,0,105090789,448608,43530789
1,save at NativeMethodAccessorImpl.java:0,30,29,0,1789806882487,1789806883195,708,False,704,631483343,1,14,4246,134217488,0,0,111451012,448608,0,0,0,0,105089931,448608,43788522
1,save at NativeMethodAccessorImpl.java:0,31,30,0,1789806882504,1789806883224,720,False,713,629686084,2,10,4246,134217488,0,0,111450968,448608,0,0,0,0,105094141,448608,47240515
1,save at NativeMethodAccessorImpl.java:0,32,31,0,1789806882531,1789806883256,725,False,720,642792644,1,10,4246,134217488,0,0,111450888,448608,0,0,0,0,105092908,448608,45101470
1,save at NativeMethodAccessorImpl.java:0,35,34,0,1789806883223,1789806883602,379,False,374,327091115,1,2,4246,71303040,0,0,54420775,220193,0,0,0,0,50897593,220193,19495928
1,save at NativeMethodAccessorImpl.java:0,36,35,0,1789806883255,1789806883622,367,False,363,321137858,1,2,4246,71303040,0,0,54418375,220191,0,0,0,0,50896781,220191,19529235
1,save at NativeMethodAccessorImpl.java:0,34,33,0,1789806883195,1789806883683,488,False,483,420792915,1,9,4246,92274528,0,0,74399514,300206,0,0,0,0,70213325,300206,30023445
1,save at NativeMethodAccessorImpl.java:0,33,32,0,1789806883183,1789806883912,729,False,723,660207136,2,14,4246,134217488,0,0,111450796,448608,0,0,0,0,105091826,448608,45383518
1,save at NativeMethodAccessorImpl.java:0,38,37,0,1789806883622,1789806883992,370,False,366,311815235,1,8,4246,71303040,0,0,54418375,220191,0,0,0,0,50902625,220191,19141511
1,save at NativeMethodAccessorImpl.java:0,37,36,0,1789806883602,1789806884000,398,False,395,344432367,1,8,4246,71303040,0,0,54418375,220191,0,0,0,0,50900909,220191,20040295
1,save at NativeMethodAccessorImpl.java:0,39,38,0,1789806883682,1789806884027,345,False,340,291190930,1,5,4246,71303040,0,0,54418375,220191,0,0,0,0,50897119,220191,18610004
1,save at NativeMethodAccessorImpl.java:0,40,39,0,1789806883912,1789806884268,356,False,351,299161255,1,5,4246,71303040,0,0,54418375,220191,0,0,0,0,50896241,220191,19171372
1,save at NativeMethodAccessorImpl.java:0,41,40,0,1789806883992,1789806884360,368,False,362,302851054,1,5,4246,71303040,0,0,54418375,220191,0,0,0,0,50898611,220191,19458277
1,save at NativeMethodAccessorImpl.java:0,42,41,0,1789806884000,1789806884361,361,False,358,304554214,1,5,4246,71303040,0,0,54418375,220191,0,0,0,0,50899971,220191,18753294
1,save at NativeMethodAccessorImpl.java:0,43,42,0,1789806884026,1789806884392,366,False,361,308680552,2,5,4246,71303040,0,0,54418325,220191,0,0,0,0,50898702,220191,19097672
2,save at NativeMethodAccessorImpl.java:0,46,1,0,1789806884361,1789806884406,45,False,42,39452510,1,2,3971,8454128,0,0,0,2500,0,0,0,0,120138,2500,2358850
2,save at NativeMethodAccessorImpl.java:0,45,0,0,1789806884357,1789806884406,49,False,42,23824583,2,2,3971,8454128,0,0,0,2500,0,0,0,0,122080,2500,2479482
2,save at NativeMethodAccessorImpl.java:0,47,2,0,1789806884391,1789806884415,24,False,21,19156759,0,2,3928,8454128,0,0,0,2500,0,0,0,0,120619,2500,2292258
2,save at NativeMethodAccessorImpl.java:0,48,3,0,1789806884406,1789806884425,19,False,17,17195205,1,0,3928,8454128,0,0,0,2501,0,0,0,0,121574,2501,2064562
1,save at NativeMethodAccessorImpl.java:0,44,43,0,1789806884267,1789806884584,317,False,313,277523896,1,2,4246,62914448,0,0,45825900,185424,0,0,0,0,42863471,185424,15715545
3,save at NativeMethodAccessorImpl.java:0,50,1,0,1789806884619,1789806884778,159,False,138,78989790,17,0,6013,16973792,0,0,0,0,695559,2964,0,0,0,0,0
3,save at NativeMethodAccessorImpl.java:0,51,2,0,1789806884619,1789806884783,164,False,142,88767422,17,0,6013,17104864,0,0,0,0,1426215,6079,0,0,0,0,0
3,save at NativeMethodAccessorImpl.java:0,52,3,0,1789806884619,1789806884806,187,False,166,122575470,17,0,6013,17367008,0,0,0,0,3142577,13431,0,0,0,0,0
3,save at NativeMethodAccessorImpl.java:0,54,5,0,1789806884783,1789806884816,33,False,28,27583269,3,0,6013,17104864,0,0,0,0,1751057,7494,0,0,0,0,0
3,save at NativeMethodAccessorImpl.java:0,49,0,0,1789806884617,1789806884824,207,False,185,129575694,17,0,6013,17891296,0,0,0,0,4238275,18094,0,0,0,0,0
3,save at NativeMethodAccessorImpl.java:0,53,4,0,1789806884778,1789806884828,50,False,41,41029515,6,0,6013,17367008,0,0,0,0,3154248,13465,0,0,0,0,0
3,save at NativeMethodAccessorImpl.java:0,56,7,0,1789806884816,1789806884845,29,False,22,21891085,3,0,6013,17104864,0,0,0,0,1420287,6051,0,0,0,0,0
3,save at NativeMethodAccessorImpl.java:0,55,6,0,1789806884804,1789806884845,41,False,32,31769219,5,0,6013,17367008,0,0,0,0,2486934,10621,0,0,0,0,0
3,save at NativeMethodAccessorImpl.java:0,57,8,0,1789806884824,1789806884847,23,False,17,17011214,3,0,6013,17104864,0,0,0,0,1055389,4506,0,0,0,0,0
3,save at NativeMethodAccessorImpl.java:0,58,9,0,1789806884827,1789806884850,23,False,13,13932573,4,0,6013,17104864,0,0,0,0,1043746,4460,0,0,0,0,0
3,save at NativeMethodAccessorImpl.java:0,60,11,0,1789806884846,1789806884883,37,False,30,30042784,4,0,6013,17104864,0,0,0,0,1759832,7532,0,0,0,0,0
3,save at NativeMethodAccessorImpl.java:0,61,12,0,1789806884846,1789806884885,39,False,33,32156747,3,0,6013,17367008,0,0,0,0,2104805,8989,0,0,0,0,0
3,save at NativeMethodAccessorImpl.java:0,62,13,0,1789806884849,1789806884886,37,False,31,31363685,3,0,6013,17367008,0,0,0,0,2453443,10474,0,0,0,0,0
3,save at NativeMethodAccessorImpl.java:0,59,10,0,1789806884843,1789806884888,45,False,37,35878608,4,0,6013,17367008,0,0,0,0,3142820,13424,0,0,0,0,0
3,save at NativeMethodAccessorImpl.java:0,65,16,0,1789806884886,1789806884899,13,False,6,6781544,3,0,6013,16908256,0,0,0,0,367422,1539,0,0,0,0,0
3,save at NativeMethodAccessorImpl.java:0,66,17,0,1789806884888,1789806884908,20,False,13,12887393,3,0,6013,16973792,0,0,0,0,704658,3004,0,0,0,0,0
3,save at NativeMethodAccessorImpl.java:0,64,15,0,1789806884884,1789806884909,25,False,19,18798897,3,0,6013,17104864,0,0,0,0,1752261,7499,0,0,0,0,0
3,save at NativeMethodAccessorImpl.java:0,63,14,0,1789806884883,1789806884912,29,False,21,21462276,5,0,6013,17104864,0,0,0,0,1747183,7475,0,0,0,0,0
3,save at NativeMethodAccessorImpl.java:0,67,18,0,1789806884898,1789806884912,14,False,8,8613579,3,0,6013,17104864,0,0,0,0,1048441,4476,0,0,0,0,0
3,save at NativeMethodAccessorImpl.java:0,69,20,0,1789806884909,1789806884919,10,False,5,5538707,3,0,6013,16908256,0,0,0,0,359699,1506,0,0,0,0,0
3,save at NativeMethodAccessorImpl.java:0,71,22,0,1789806884912,1789806884924,12,False,7,6487451,3,0,6013,16908256,0,0,0,0,352343,1474,0,0,0,0,0
3,save at NativeMethodAccessorImpl.java:0,68,19,0,1789806884908,1789806884926,18,False,12,12005131,4,0,6013,17104864,0,0,0,0,1739561,7443,0,0,0,0,0
3,save at NativeMethodAccessorImpl.java:0,70,21,0,1789806884911,1789806884932,21,False,15,14595817,4,0,6013,17367008,0,0,0,0,2103906,8984,0,0,0,0,0
3,save at NativeMethodAccessorImpl.java:0,72,23,0,1789806884919,1789806884935,16,False,11,11526809,3,0,6013,17367008,0,0,0,0,2486966,10627,0,0,0,0,0
3,save at NativeMethodAccessorImpl.java:0,73,24,0,1789806884924,1789806884939,15,False,9,9713991,4,0,6013,17104864,0,0,0,0,1732939,7413,0,0,0,0,0
3,save at NativeMethodAccessorImpl.java:0,74,25,0,1789806884926,1789806884941,15,False,10,10586835,2,0,6013,17104864,0,0,0,0,1756532,7518,0,0,0,0,0
3,save at NativeMethodAccessorImpl.java:0,76,27,0,1789806884935,1789806884953,18,False,13,12346117,2,0,6013,17367008,0,0,0,0,2793014,11950,0,0,0,0,0
3,save at NativeMethodAccessorImpl.java:0,75,26,0,1789806884932,1789806884955,23,False,17,14612462,4,0,6013,17367008,0,0,0,0,2471673,10558,0,0,0,0,0
3,save at NativeMethodAccessorImpl.java:0,77,28,0,1789806884939,1789806884956,17,False,10,10701390,5,0,6013,17367008,0,0,0,0,2159605,9219,0,0,0,0,0
3,save at NativeMethodAccessorImpl.java:0,78,29,0,1789806884940,1789806884957,17,False,11,11544345,2,0,6013,17104864,0,0,0,0,1736390,7429,0,0,0,0,0
3,save at NativeMethodAccessorImpl.java:0,79,30,0,1789806884953,1789806884970,17,False,11,11472524,3,0,6013,17367008,0,0,0,0,2478506,10586,0,0,0,0,0
3,save at NativeMethodAccessorImpl.java:0,80,31,0,1789806884954,1789806884971,17,False,10,10928719,4,0,6013,17104864,0,0,0,0,1388734,5915,0,0,0,0,0
3,save at NativeMethodAccessorImpl.java:0,82,33,0,1789806884957,1789806884975,18,False,9,9509324,4,0,6013,17104864,0,0,0,0,1059306,4522,0,0,0,0,0
3,save at NativeMethodAccessorImpl.java:0,81,32,0,1789806884956,1789806884975,19,False,11,11191385,3,0,6013,17367008,0,0,0,0,2462002,10515,0,0,0,0,0
3,save at NativeMethodAccessorImpl.java:0,83,34,0,1789806884970,1789806884986,16,False,9,9316534,4,0,6013,17104864,0,0,0,0,1060955,4528,0,0,0,0,0
3,save at NativeMethodAccessorImpl.java:0,85,36,0,1789806884974,1789806884998,24,False,13,9746602,3,6,6099,17104864,0,0,0,0,1708670,7302,0,0,0,0,0
3,save at NativeMethodAccessorImpl.java:0,84,35,0,1789806884971,1789806884999,28,False,24,14346039,2,6,6056,17367008,0,0,0,0,2092983,8940,0,0,0,0,0
3,save at NativeMethodAccessorImpl.java:0,86,37,0,1789806884974,1789806885001,27,False,19,13522856,4,6,6056,17104864,0,0,0,0,1777157,7606,0,0,0,0,0
3,save at NativeMethodAccessorImpl.java:0,87,38,0,1789806884985,1789806885014,29,False,14,11393521,8,2,6056,17104864,0,0,0,0,1034121,4418,0,0,0,0,0
3,save at NativeMethodAccessorImpl.java:0,88,39,0,1789806884997,1789806885015,18,False,12,9125646,3,0,6013,16973792,0,0,0,0,705672,3007,0,0,0,0,0
3,save at NativeMethodAccessorImpl.java:0,90,41,0,1789806885000,1789806885019,19,False,13,13420115,3,0,6013,17104864,0,0,0,0,1750753,7493,0,0,0,0,0
3,save at NativeMethodAccessorImpl.java:0,89,40,0,1789806884999,1789806885026,27,False,17,16073315,3,0,6013,17367008,0,0,0,0,2461566,10520,0,0,0,0,0
3,save at NativeMethodAccessorImpl.java:0,91,42,0,1789806885014,1789806885031,17,False,11,7816310,2,4,6056,16908256,0,0,0,0,370177,1551,0,0,0,0,0
3,save at NativeMethodAccessorImpl.java:0,92,43,0,1789806885015,1789806885039,24,False,18,12731283,3,4,6056,17104864,0,0,0,0,1770632,7574,0,0,0,0,0
3,save at NativeMethodAccessorImpl.java:0,93,44,0,1789806885018,1789806885040,22,False,9,5357697,10,4,6056,16908256,0,0,0,0,359254,1504,0,0,0,0,0
3,save at NativeMethodAccessorImpl.java:0,94,45,0,1789806885025,1789806885041,16,False,10,6397984,3,0,6013,16973792,0,0,0,0,711257,3030,0,0,0,0,0
3,save at NativeMethodAccessorImpl.java:0,95,46,0,1789806885031,1789806885048,17,False,10,9037634,5,0,6013,17104864,0,0,0,0,1362248,5801,0,0,0,0,0
3,save at NativeMethodAccessorImpl.java:0,96,47,0,1789806885038,1789806885059,21,False,14,14577565,3,0,6013,17367008,0,0,0,0,2480248,10598,0,0,0,0,0
3,save at NativeMethodAccessorImpl.java:0,98,49,0,1789806885041,1789806885060,19,False,14,13874420,3,0,6013,17367008,0,0,0,0,2098529,8962,0,0,0,0,0
3,save at NativeMethodAccessorImpl.java:0,97,48,0,1789806885040,1789806885062,22,False,15,15216863,3,0,6013,17367008,0,0,0,0,2475925,10576,0,0,0,0,0
3,save at NativeMethodAccessorImpl.java:0,99,50,0,1789806885048,1789806885062,14,False,9,8621678,2,0,6013,17104864,0,0,0,0,1415468,6030,0,0,0,0,0
3,save at NativeMethodAccessorImpl.java:0,101,52,0,1789806885060,1789806885074,14,False,9,8914659,3,0,6013,17104864,0,0,0,0,1405111,5986,0,0,0,0,0
3,save at NativeMethodAccessorImpl.java:0,102,53,0,1789806885060,1789806885077,17,False,12,12021420,3,0,6013,17104864,0,0,0,0,1768805,7565,0,0,0,0,0
3,save at NativeMethodAccessorImpl.java:0,103,54,0,1789806885062,1789806885079,17,False,12,12671322,3,0,6013,17367008,0,0,0,0,2060639,8806,0,0,0,0,0
3,save at NativeMethodAccessorImpl.java:0,100,51,0,1789806885058,1789806885080,22,False,17,17095559,3,0,6013,17367008,0,0,0,0,2821970,12067,0,0,0,0,0
3,save at NativeMethodAccessorImpl.java:0,104,55,0,1789806885073,1789806885085,12,False,8,8692953,2,0,6013,17104864,0,0,0,0,1427566,6083,0,0,0,0,0
3,save at NativeMethodAccessorImpl.java:0,105,56,0,1789806885077,1789806885095,18,False,13,13048166,2,0,6013,17367008,0,0,0,0,2119443,9051,0,0,0,0,0
3,save at NativeMethodAccessorImpl.java:0,107,58,0,1789806885080,1789806885095,15,False,10,10406985,3,0,6013,17104864,0,0,0,0,1411486,6016,0,0,0,0,0
3,save at NativeMethodAccessorImpl.java:0,106,57,0,1789806885079,1789806885095,16,False,12,12578183,2,0,6013,17367008,0,0,0,0,2109814,9011,0,0,0,0,0
3,save at NativeMethodAccessorImpl.java:0,108,59,0,1789806885085,1789806885098,13,False,7,7901011,2,0,6013,17104864,0,0,0,0,1721869,7366,0,0,0,0,0
3,save at NativeMethodAccessorImpl.java:0,111,62,0,1789806885095,1789806885111,16,False,10,10273945,3,0,6013,17104864,0,0,0,0,1394267,5939,0,0,0,0,0
3,save at NativeMethodAccessorImpl.java:0,110,61,0,1789806885095,1789806885112,17,False,12,12511260,2,0,6013,17104864,0,0,0,0,1755931,7514,0,0,0,0,0
3,save at NativeMethodAccessorImpl.java:0,109,60,0,1789806885094,1789806885115,21,False,15,15093013,3,0,6013,17367008,0,0,0,0,2453034,10477,0,0,0,0,0
3,save at NativeMethodAccessorImpl.java:0,112,63,0,1789806885097,1789806885119,22,False,16,16745612,3,0,6013,17367008,0,0,0,0,3144822,13435,0,0,0,0,0
3,save at NativeMethodAccessorImpl.java:0,114,65,0,1789806885111,1789806885123,12,False,7,6850404,3,0,6013,16908256,0,0,0,0,366219,1532,0,0,0,0,0
3,save at NativeMethodAccessorImpl.java:0,115,66,0,1789806885114,1789806885132,18,False,12,11977483,3,0,6013,17367008,0,0,0,0,2113834,9026,0,0,0,0,0
3,save at NativeMethodAccessorImpl.java:0,116,67,0,1789806885118,1789806885134,16,False,12,12096777,2,0,6013,17367008,0,0,0,0,3108742,13280,0,0,0,0,0
3,save at NativeMethodAccessorImpl.java:0,117,68,0,1789806885123,1789806885135,12,False,7,7541078,3,0,6013,16973792,0,0,0,0,705181,3006,0,0,0,0,0
3,save at NativeMethodAccessorImpl.java:0,113,64,0,1789806885110,1789806885136,26,False,20,19556636,3,0,6013,17367008,0,0,0,0,3502662,14981,0,0,0,0,0
3,save at NativeMethodAccessorImpl.java:0,120,71,0,1789806885135,1789806885149,14,False,9,9346501,2,0,6013,17367008,0,0,0,0,2127555,9082,0,0,0,0,0
3,save at NativeMethodAccessorImpl.java:0,121,72,0,1789806885135,1789806885151,16,False,10,10254780,3,0,6013,17104864,0,0,0,0,1433882,6112,0,0,0,0,0
3,save at NativeMethodAccessorImpl.java:0,119,70,0,1789806885134,1789806885152,18,False,13,12789906,3,0,6013,17367008,0,0,0,0,2117975,9042,0,0,0,0,0
3,save at NativeMethodAccessorImpl.java:0,118,69,0,1789806885131,1789806885155,24,False,18,17876283,4,0,6013,17367008,0,0,0,0,3175894,13565,0,0,0,0,0
3,save at NativeMethodAccessorImpl.java:0,124,75,0,1789806885151,1789806885163,12,False,8,8079792,2,0,6013,17104864,0,0,0,0,1750265,7490,0,0,0,0,0
3,save at NativeMethodAccessorImpl.java:0,122,73,0,1789806885148,1789806885166,18,False,11,11831761,3,0,6013,17104864,0,0,0,0,1751299,7491,0,0,0,0,0
3,save at NativeMethodAccessorImpl.java:0,123,74,0,1789806885150,1789806885169,19,False,13,13354203,3,0,6013,17367008,0,0,0,0,2109352,9006,0,0,0,0,0
3,save at NativeMethodAccessorImpl.java:0,125,76,0,1789806885155,1789806885171,16,False,11,11094853,3,0,6013,17104864,0,0,0,0,1730389,7404,0,0,0,0,0
3,save at NativeMethodAccessorImpl.java:0,127,78,0,1789806885165,1789806885178,13,False,7,7250311,3,0,6013,16973792,0,0,0,0,698892,2979,0,0,0,0,0
3,save at NativeMethodAccessorImpl.java:0,126,77,0,1789806885163,1789806885183,20,False,13,13584256,3,0,6013,17367008,0,0,0,0,2084624,8903,0,0,0,0,0
3,save at NativeMethodAccessorImpl.java:0,129,80,0,1789806885170,1789806885188,18,False,12,12754451,3,0,6013,17367008,0,0,0,0,2134820,9117,0,0,0,0,0
3,save at NativeMethodAccessorImpl.java:0,128,79,0,1789806885168,1789806885189,21,False,15,15669727,3,0,6013,17367008,0,0,0,0,2795925,11965,0,0,0,0,0
3,save at NativeMethodAccessorImpl.java:0,130,81,0,1789806885178,1789806885193,15,False,10,10362398,3,0,6013,17104864,0,0,0,0,1428720,6089,0,0,0,0,0
3,save at NativeMethodAccessorImpl.java:0,131,82,0,1789806885183,1789806885196,13,False,8,8498570,3,0,6013,17104864,0,0,0,0,1031746,4409,0,0,0,0,0
3,save at NativeMethodAccessorImpl.java:0,132,83,0,1789806885188,1789806885202,14,False,8,8726154,4,0,6013,17104864,0,0,0,0,1028183,4392,0,0,0,0,0
3,save at NativeMethodAccessorImpl.java:0,133,84,0,1789806885188,1789806885205,17,False,11,11619176,3,0,6013,17104864,0,0,0,0,1748213,7476,0,0,0,0,0
3,save at NativeMethodAccessorImpl.java:0,134,85,0,1789806885193,1789806885205,12,False,8,8862688,2,0,6013,17367008,0,0,0,0,2114316,9031,0,0,0,0,0
3,save at NativeMethodAccessorImpl.java:0,135,86,0,1789806885196,1789806885207,11,False,7,7565774,2,0,6013,17104864,0,0,0,0,1417053,6036,0,0,0,0,0
3,save at NativeMethodAccessorImpl.java:0,138,89,0,1789806885205,1789806885218,13,False,8,8444864,2,0,6013,17104864,0,0,0,0,1042434,4453,0,0,0,0,0
3,save at NativeMethodAccessorImpl.java:0,137,88,0,1789806885205,1789806885219,14,False,10,10091824,3,0,6013,17104864,0,0,0,0,1424944,6067,0,0,0,0,0
3,save at NativeMethodAccessorImpl.java:0,139,90,0,1789806885207,1789806885221,14,False,10,10469241,1,0,6013,17367008,0,0,0,0,2429101,10373,0,0,0,0,0
3,save at NativeMethodAccessorImpl.java:0,136,87,0,1789806885202,1789806885222,20,False,15,15324775,3,0,6013,17367008,0,0,0,0,2765068,11830,0,0,0,0,0
3,save at NativeMethodAccessorImpl.java:0,142,93,0,1789806885220,1789806885229,9,False,4,4958023,2,0,6013,16973792,0,0,0,0,701020,2987,0,0,0,0,0
3,save at NativeMethodAccessorImpl.java:0,140,91,0,1789806885218,1789806885232,14,False,9,9283368,2,0,6013,17104864,0,0,0,0,1071311,4571,0,0,0,0,0
3,save at NativeMethodAccessorImpl.java:0,141,92,0,1789806885219,1789806885234,15,False,11,11385600,2,0,6013,17104864,0,0,0,0,1734686,7422,0,0,0,0,0
3,save at NativeMethodAccessorImpl.java:0,144,95,0,1789806885228,1789806885239,11,False,7,7302813,1,0,6013,17104864,0,0,0,0,1403007,5980,0,0,0,0,0
3,save at NativeMethodAccessorImpl.java:0,143,94,0,1789806885221,1789806885240,19,False,15,15083815,3,0,6013,17367008,0,0,0,0,2795671,11967,0,0,0,0,0
3,save at NativeMethodAccessorImpl.java:0,145,96,0,1789806885232,1789806885245,13,False,8,8548776,3,0,6013,17104864,0,0,0,0,1063304,4541,0,0,0,0,0
3,save at NativeMethodAccessorImpl.java:0,148,99,0,1789806885240,1789806885250,10,False,5,5031312,3,0,6013,16908256,0,0,0,0,364350,1525,0,0,0,0,0
3,save at NativeMethodAccessorImpl.java:0,146,97,0,1789806885234,1789806885252,18,False,14,14342752,3,0,6013,17367008,0,0,0,0,2443506,10439,0,0,0,0,0
3,save at NativeMethodAccessorImpl.java:0,147,98,0,1789806885239,1789806885253,14,False,10,10376428,2,0,6013,17367008,0,0,0,0,2142286,9146,0,0,0,0,0
3,save at NativeMethodAccessorImpl.java:0,149,100,0,1789806885244,1789806885260,16,False,11,11548566,2,0,6013,17367008,0,0,0,0,2074442,8864,0,0,0,0,0
3,save at NativeMethodAccessorImpl.java:0,151,102,0,1789806885252,1789806885267,15,False,9,9961741,3,0,6013,17104864,0,0,0,0,1749085,7483,0,0,0,0,0
3,save at NativeMethodAccessorImpl.java:0,152,103,0,1789806885253,1789806885268,15,False,11,11462061,2,0,6013,17367008,0,0,0,0,2477348,10583,0,0,0,0,0
3,save at NativeMethodAccessorImpl.java:0,153,104,0,1789806885260,1789806885276,16,False,12,8649908,2,3,6056,17104864,0,0,0,0,1758863,7528,0,0,0,0,0
3,save at NativeMethodAccessorImpl.java:0,150,101,0,1789806885250,1789806885279,29,False,24,20989786,3,3,6056,17891296,0,0,0,0,3870243,16548,0,0,0,0,0
3,save at NativeMethodAccessorImpl.java:0,155,106,0,1789806885268,1789806885280,12,False,5,5113462,5,3,6056,16973792,0,0,0,0,687259,2928,0,0,0,0,0
3,save at NativeMethodAccessorImpl.java:0,154,105,0,1789806885266,1789806885283,17,False,12,8941574,3,3,6056,17104864,0,0,0,0,1065094,4547,0,0,0,0,0
3,save at NativeMethodAccessorImpl.java:0,158,109,0,1789806885279,1789806885291,12,False,8,8646129,2,0,6013,17367008,0,0,0,0,2116951,9039,0,0,0,0,0
3,save at NativeMethodAccessorImpl.java:0,159,110,0,1789806885283,1789806885292,9,False,5,5030111,3,0,6013,16908256,0,0,0,0,363571,1522,0,0,0,0,0
3,save at NativeMethodAccessorImpl.java:0,156,107,0,1789806885275,1789806885295,20,False,14,14316094,4,0,6013,17367008,0,0,0,0,2474125,10569,0,0,0,0,0
3,save at NativeMethodAccessorImpl.java:0,157,108,0,1789806885279,1789806885299,20,False,16,16078187,3,0,6013,17367008,0,0,0,0,3147068,13436,0,0,0,0,0
3,save at NativeMethodAccessorImpl.java:0,160,111,0,1789806885291,1789806885301,10,False,6,6102103,2,0,6013,17104864,0,0,0,0,1062214,4532,0,0,0,0,0
3,save at NativeMethodAccessorImpl.java:0,162,113,0,1789806885295,1789806885307,12,False,7,7911076,3,0,6013,17104864,0,0,0,0,1032936,4411,0,0,0,0,0
3,save at NativeMethodAccessorImpl.java:0,163,114,0,1789806885299,1789806885312,13,False,9,9427845,2,0,6013,17104864,0,0,0,0,1433606,6109,0,0,0,0,0
3,save at NativeMethodAccessorImpl.java:0,164,115,0,1789806885301,1789806885313,12,False,9,9491580,1,0,6013,17367008,0,0,0,0,2479048,10584,0,0,0,0,0
3,save at NativeMethodAccessorImpl.java:0,161,112,0,1789806885292,1789806885315,23,False,18,18503384,2,0,6013,17367008,0,0,0,0,3523734,15060,0,0,0,0,0
3,save at NativeMethodAccessorImpl.java:0,165,116,0,1789806885307,1789806885323,16,False,11,10950076,3,0,6013,17367008,0,0,0,0,2084070,8898,0,0,0,0,0
3,save at NativeMethodAccessorImpl.java:0,168,119,0,1789806885314,1789806885324,10,False,6,6406469,2,0,6013,16973792,0,0,0,0,704203,3002,0,0,0,0,0
3,save at NativeMethodAccessorImpl.java:0,166,117,0,1789806885312,1789806885330,18,False,14,14005167,2,0,6013,17367008,0,0,0,0,2444721,10441,0,0,0,0,0
3,save at NativeMethodAccessorImpl.java:0,167,118,0,1789806885313,1789806885330,17,False,14,14065853,2,0,6013,17367008,0,0,0,0,2430364,10378,0,0,0,0,0
3,save at NativeMethodAccessorImpl.java:0,169,120,0,1789806885322,1789806885332,10,False,6,6710625,2,0,6013,17104864,0,0,0,0,1422791,6066,0,0,0,0,0
3,save at NativeMethodAccessorImpl.java:0,170,121,0,1789806885324,1789806885337,13,False,9,9158744,2,0,6013,17104864,0,0,0,0,1403728,5979,0,0,0,0,0
3,save at NativeMethodAccessorImpl.java:0,172,123,0,1789806885330,1789806885342,12,False,8,7992138,2,0,6013,17104864,0,0,0,0,1008708,4313,0,0,0,0,0
3,save at NativeMethodAccessorImpl.java:0,173,124,0,1789806885332,1789806885349,17,False,12,12470289,1,0,6013,17367008,0,0,0,0,2101879,8978,0,0,0,0,0
3,save at NativeMethodAccessorImpl.java:0,171,122,0,1789806885330,1789806885349,19,False,13,13457159,3,0,6013,17367008,0,0,0,0,2823229,12080,0,0,0,0,0
3,save at NativeMethodAccessorImpl.java:0,174,125,0,1789806885337,1789806885350,13,False,8,8047926,2,0,6013,17104864,0,0,0,0,1396505,5949,0,0,0,0,0
3,save at NativeMethodAccessorImpl.java:0,175,126,0,1789806885342,1789806885359,17,False,12,12608157,2,0,6013,17367008,0,0,0,0,2080473,8884,0,0,0,0,0
3,save at NativeMethodAccessorImpl.java:0,178,129,0,1789806885349,1789806885364,15,False,9,9330078,2,0,6013,17104864,0,0,0,0,1040550,4445,0,0,0,0,0
3,save at NativeMethodAccessorImpl.java:0,177,128,0,1789806885348,1789806885366,18,False,12,11858682,3,0,6013,17104864,0,0,0,0,1734888,7420,0,0,0,0,0
3,save at NativeMethodAccessorImpl.java:0,176,127,0,1789806885348,1789806885366,18,False,12,12122557,3,0,6013,17367008,0,0,0,0,2079899,8881,0,0,0,0,0
3,save at NativeMethodAccessorImpl.java:0,179,130,0,1789806885359,1789806885372,13,False,6,6791244,2,0,6013,17104864,0,0,0,0,1064212,4543,0,0,0,0,0
3,save at NativeMethodAccessorImpl.java:0,181,132,0,1789806885365,1789806885376,11,False,6,6687001,3,0,6013,16973792,0,0,0,0,697046,2971,0,0,0,0,0
3,save at NativeMethodAccessorImpl.java:0,180,131,0,1789806885363,1789806885377,14,False,9,9935919,2,0,6013,17367008,0,0,0,0,2120030,9052,0,0,0,0,0
3,save at NativeMethodAccessorImpl.java:0,182,133,0,1789806885365,1789806885380,15,False,10,10822822,2,0,6013,17104864,0,0,0,0,1730037,7401,0,0,0,0,0
3,save at NativeMethodAccessorImpl.java:0,186,137,0,1789806885380,1789806885389,9,False,6,6221437,1,0,6013,17104864,0,0,0,0,1392662,5933,0,0,0,0,0
3,save at NativeMethodAccessorImpl.java:0,183,134,0,1789806885372,1789806885390,18,False,13,13018183,2,0,6013,17367008,0,0,0,0,2121381,9059,0,0,0,0,0
3,save at NativeMethodAccessorImpl.java:0,184,135,0,1789806885376,1789806885392,16,False,12,12202077,3,0,6013,17367008,0,0,0,0,2096553,8950,0,0,0,0,0
3,save at NativeMethodAccessorImpl.java:0,185,136,0,1789806885376,1789806885394,18,False,13,13682090,2,0,6013,17367008,0,0,0,0,2504154,10700,0,0,0,0,0
3,save at NativeMethodAccessorImpl.java:0,188,139,0,1789806885389,1789806885401,12,False,8,8658002,1,0,6013,17367008,0,0,0,0,2077207,8871,0,0,0,0,0
3,save at NativeMethodAccessorImpl.java:0,187,138,0,1789806885389,1789806885402,13,False,8,8130126,2,0,6013,17104864,0,0,0,0,1050446,4486,0,0,0,0,0
3,save at NativeMethodAccessorImpl.java:0,189,140,0,1789806885392,1789806885405,13,False,9,9095980,2,0,6013,17104864,0,0,0,0,1398225,5955,0,0,0,0,0
3,save at NativeMethodAccessorImpl.java:0,190,141,0,1789806885394,1789806885409,15,False,7,7916141,2,0,6013,17104864,0,0,0,0,1066629,4551,0,0,0,0,0
3,save at NativeMethodAccessorImpl.java:0,191,142,0,1789806885401,1789806885414,13,False,8,8342135,2,0,6013,17104864,0,0,0,0,1412452,6017,0,0,0,0,0
3,save at NativeMethodAccessorImpl.java:0,193,144,0,1789806885405,1789806885415,10,False,5,5663781,2,0,6013,16973792,0,0,0,0,699903,2982,0,0,0,0,0
3,save at NativeMethodAccessorImpl.java:0,192,143,0,1789806885401,1789806885416,15,False,10,10660784,1,0,6013,17367008,0,0,0,0,2783231,11907,0,0,0,0,0
3,save at NativeMethodAccessorImpl.java:0,194,145,0,1789806885409,1789806885419,10,False,6,6199454,2,0,6013,16973792,0,0,0,0,704576,3002,0,0,0,0,0
3,save at NativeMethodAccessorImpl.java:0,196,147,0,1789806885415,1789806885426,11,False,8,8042117,1,0,6013,17104864,0,0,0,0,1071535,4573,0,0,0,0,0
3,save at NativeMethodAccessorImpl.java:0,195,146,0,1789806885413,1789806885429,16,False,11,11353751,3,0,6013,17104864,0,0,0,0,1810934,7752,0,0,0,0,0
3,save at NativeMethodAccessorImpl.java:0,197,148,0,1789806885415,1789806885431,16,False,12,12458716,1,0,6013,17367008,0,0,0,0,2776918,11878,0,0,0,0,0
3,save at NativeMethodAccessorImpl.java:0,199,150,0,1789806885426,1789806885437,11,False,7,7759859,2,0,6013,17104864,0,0,0,0,1737102,7429,0,0,0,0,0
3,save at NativeMethodAccessorImpl.java:0,200,151,0,1789806885429,1789806885438,9,False,4,4705258,2,0,6013,16908256,0,0,0,0,352127,1473,0,0,0,0,0
3,save at NativeMethodAccessorImpl.java:0,198,149,0,1789806885419,1789806885444,25,False,20,20799167,2,0,6013,17891296,0,0,0,0,4162289,17775,0,0,0,0,0
3,save at NativeMethodAccessorImpl.java:0,202,153,0,1789806885437,1789806885446,9,False,6,6278256,1,0,6013,17104864,0,0,0,0,1412117,6018,0,0,0,0,0
3,save at NativeMethodAccessorImpl.java:0,201,152,0,1789806885430,1789806885448,18,False,13,13208864,2,0,6013,17367008,0,0,0,0,2789964,11936,0,0,0,0,0
3,save at NativeMethodAccessorImpl.java:0,206,157,0,1789806885447,1789806885452,5,False,1,1762342,1,0,6013,65536,0,0,0,0,0,0,0,0,0,0,0
3,save at NativeMethodAccessorImpl.java:0,205,156,0,1789806885446,1789806885453,7,False,4,4297149,1,0,6013,16908256,0,0,0,0,351713,1470,0,0,0,0,0
3,save at NativeMethodAccessorImpl.java:0,203,154,0,1789806885438,1789806885457,19,False,15,15143187,2,0,6013,17367008,0,0,0,0,2781387,11900,0,0,0,0,0
3,save at NativeMethodAccessorImpl.java:0,204,155,0,1789806885444,1789806885460,16,False,12,12376724,2,0,6013,17367008,0,0,0,0,2130424,9099,0,0,0,0,0
3,save at NativeMethodAccessorImpl.java:0,208,159,0,1789806885453,1789806885461,8,False,6,6306052,1,0,6013,17104864,0,0,0,0,1405965,5987,0,0,0,0,0
3,save at NativeMethodAccessorImpl.java:0,207,158,0,1789806885452,1789806885465,13,False,10,10083023,2,0,6013,17367008,0,0,0,0,2767450,11842,0,0,0,0,0
3,save at NativeMethodAccessorImpl.java:0,209,160,0,1789806885456,1789806885471,15,False,10,10751105,2,0,6013,17104864,0,0,0,0,1754972,7510,0,0,0,0,0
3,save at NativeMethodAccessorImpl.java:0,212,163,0,1789806885465,1789806885472,7,False,4,4432861,1,0,6013,16973792,0,0,0,0,713866,3044,0,0,0,0,0
3,save at NativeMethodAccessorImpl.java:0,211,162,0,1789806885461,1789806885473,12,False,9,9074992,1,0,6013,17367008,0,0,0,0,2452840,10475,0,0,0,0,0
3,save at NativeMethodAccessorImpl.java:0,210,161,0,1789806885460,1789806885475,15,False,11,11951251,2,0,6013,17367008,0,0,0,0,2082602,8892,0,0,0,0,0
3,save at NativeMethodAccessorImpl.java:0,213,164,0,1789806885471,1789806885479,8,False,4,4025952,2,0,6013,16908256,0,0,0,0,359841,1505,0,0,0,0,0
3,save at NativeMethodAccessorImpl.java:0,214,165,0,1789806885472,1789806885482,10,False,8,8150019,1,0,6013,17104864,0,0,0,0,1790521,7663,0,0,0,0,0
3,save at NativeMethodAccessorImpl.java:0,216,167,0,1789806885475,1789806885483,8,False,4,4686150,2,0,6013,16973792,0,0,0,0,679720,2893,0,0,0,0,0
3,save at NativeMethodAccessorImpl.java:0,215,166,0,1789806885473,1789806885485,12,False,9,9309733,1,0,6013,17367008,0,0,0,0,2408028,10279,0,0,0,0,0
3,save at NativeMethodAccessorImpl.java:0,219,170,0,1789806885483,1789806885490,7,False,4,4346804,1,0,6013,16973792,0,0,0,0,697992,2976,0,0,0,0,0
3,save at NativeMethodAccessorImpl.java:0,218,169,0,1789806885482,1789806885492,10,False,6,6956939,1,0,6013,17104864,0,0,0,0,1723248,7370,0,0,0,0,0
3,save at NativeMethodAccessorImpl.java:0,217,168,0,1789806885479,1789806885492,13,False,10,10823266,1,0,6013,17367008,0,0,0,0,3160928,13499,0,0,0,0,0
3,save at NativeMethodAccessorImpl.java:0,220,171,0,1789806885485,1789806885494,9,False,6,6882339,1,0,6013,17104864,0,0,0,0,1733445,7417,0,0,0,0,0
3,save at NativeMethodAccessorImpl.java:0,221,172,0,1789806885490,1789806885499,9,False,6,6675231,1,0,6013,17104864,0,0,0,0,1029782,4403,0,0,0,0,0
3,save at NativeMethodAccessorImpl.java:0,223,174,0,1789806885492,1789806885500,8,False,5,5603968,1,0,6013,17104864,0,0,0,0,1034119,4418,0,0,0,0,0
3,save at NativeMethodAccessorImpl.java:0,225,176,0,1789806885499,1789806885520,21,False,10,10181584,9,6,6056,17104864,0,0,0,0,1053376,4499,0,0,0,0,0
3,save at NativeMethodAccessorImpl.java:0,226,177,0,1789806885500,1789806885521,21,False,8,8878500,8,6,6056,17104864,0,0,0,0,1036438,4426,0,0,0,0,0
3,save at NativeMethodAccessorImpl.java:0,222,173,0,1789806885491,1789806885521,30,False,24,14449690,1,6,6056,17367008,0,0,0,0,2100673,8976,0,0,0,0,0
3,save at NativeMethodAccessorImpl.java:0,224,175,0,1789806885494,1789806885523,29,False,24,13224520,1,6,6056,17367008,0,0,0,0,2786906,11923,0,0,0,0,0
3,save at NativeMethodAccessorImpl.java:0,227,178,0,1789806885520,1789806885531,11,False,7,7273153,2,0,6013,17104864,0,0,0,0,1410687,6013,0,0,0,0,0
3,save at NativeMethodAccessorImpl.java:0,230,181,0,1789806885523,1789806885532,9,False,6,6617715,1,0,6013,17104864,0,0,0,0,1395043,5940,0,0,0,0,0
3,save at NativeMethodAccessorImpl.java:0,229,180,0,1789806885521,1789806885534,13,False,8,8332900,2,0,6013,17104864,0,0,0,0,1041122,4445,0,0,0,0,0
3,save at NativeMethodAccessorImpl.java:0,232,183,0,1789806885532,1789806885549,17,False,13,9124965,1,4,6056,17104864,0,0,0,0,1774322,7593,0,0,0,0,0
3,save at NativeMethodAccessorImpl.java:0,231,182,0,1789806885531,1789806885550,19,False,13,9729910,2,4,6056,17104864,0,0,0,0,1060931,4528,0,0,0,0,0
3,save at NativeMethodAccessorImpl.java:0,228,179,0,1789806885520,1789806885550,30,False,23,19211091,2,4,6056,17367008,0,0,0,0,3519961,15051,0,0,0,0,0
3,save at NativeMethodAccessorImpl.java:0,233,184,0,1789806885534,1789806885550,16,False,7,7392836,7,4,6056,17104864,0,0,0,0,1041757,4452,0,0,0,0,0
3,save at NativeMethodAccessorImpl.java:0,236,187,0,1789806885549,1789806885561,12,False,8,8556518,2,0,6013,17367008,0,0,0,0,2110361,9011,0,0,0,0,0
3,save at NativeMethodAccessorImpl.java:0,235,186,0,1789806885549,1789806885562,13,False,8,8560189,2,0,6013,17367008,0,0,0,0,2124239,9071,0,0,0,0,0
3,save at NativeMethodAccessorImpl.java:0,237,188,0,1789806885550,1789806885563,13,False,8,8833157,2,0,6013,17104864,0,0,0,0,1411938,6014,0,0,0,0,0
3,save at NativeMethodAccessorImpl.java:0,234,185,0,1789806885548,1789806885564,16,False,10,10747854,3,0,6013,17104864,0,0,0,0,1754833,7507,0,0,0,0,0
3,save at NativeMethodAccessorImpl.java:0,241,192,0,1789806885563,1789806885572,9,False,4,4320790,2,0,6013,16908256,0,0,0,0,361241,1513,0,0,0,0,0
3,save at NativeMethodAccessorImpl.java:0,238,189,0,1789806885561,1789806885573,12,False,7,7614142,2,0,6013,17104864,0,0,0,0,1407993,5998,0,0,0,0,0
3,save at NativeMethodAccessorImpl.java:0,239,190,0,1789806885562,1789806885575,13,False,9,9718734,2,0,6013,17367008,0,0,0,0,2510153,10721,0,0,0,0,0
3,save at NativeMethodAccessorImpl.java:0,242,193,0,1789806885572,1789806885580,8,False,6,5913339,1,0,6013,16973792,0,0,0,0,696601,2967,0,0,0,0,0
3,save at NativeMethodAccessorImpl.java:0,240,191,0,1789806885563,1789806885581,18,False,14,13675819,2,0,6013,17367008,0,0,0,0,2409581,10292,0,0,0,0,0
3,save at NativeMethodAccessorImpl.java:0,243,194,0,1789806885572,1789806885586,14,False,9,9932026,2,0,6013,17367008,0,0,0,0,2085890,8907,0,0,0,0,0
3,save at NativeMethodAccessorImpl.java:0,244,195,0,1789806885574,1789806885587,13,False,9,9107885,1,0,6013,17367008,0,0,0,0,2475876,10578,0,0,0,0,0
3,save at NativeMethodAccessorImpl.java:0,245,196,0,1789806885580,1789806885590,10,False,7,7422115,1,0,6013,17104864,0,0,0,0,1751050,7494,0,0,0,0,0
3,save at NativeMethodAccessorImpl.java:0,247,198,0,1789806885586,1789806885593,7,False,3,3412852,2,0,6013,16908256,0,0,0,0,364039,1524,0,0,0,0,0
3,save at NativeMethodAccessorImpl.java:0,246,197,0,1789806885581,1789806885598,17,False,13,13203945,2,0,6013,17367008,0,0,0,0,2468291,10544,0,0,0,0,0
3,save at NativeMethodAccessorImpl.java:0,248,199,0,1789806885587,1789806885601,14,False,11,8314596,2,0,6013,17104864,0,0,0,0,1413636,6025,0,0,0,0,0
3,save at NativeMethodAccessorImpl.java:0,250,201,0,1789806885593,1789806885603,10,False,8,7191001,1,0,6013,17104864,0,0,0,0,1727079,7388,0,0,0,0,0
3,save at NativeMethodAccessorImpl.java:0,249,200,0,1789806885590,1789806885605,15,False,11,11886430,1,0,6013,17367008,0,0,0,0,2830861,12109,0,0,0,0,0
3,save at NativeMethodAccessorImpl.java:0,252,203,0,1789806885601,1789806885611,10,False,5,5850456,2,0,6013,16973792,0,0,0,0,698266,2975,0,0,0,0,0
3,save at NativeMethodAccessorImpl.java:0,251,202,0,1789806885597,1789806885612,15,False,9,9730268,2,0,6013,17104864,0,0,0,0,1741925,7456,0,0,0,0,0
3,save at NativeMethodAccessorImpl.java:0,253,204,0,1789806885603,1789806885612,9,False,5,5185311,1,0,6013,17104864,0,0,0,0,1061539,4532,0,0,0,0,0
3,save at NativeMethodAccessorImpl.java:0,255,206,0,1789806885611,1789806885620,9,False,5,5308064,2,0,6013,17104864,0,0,0,0,1052465,4493,0,0,0,0,0
3,save at NativeMethodAccessorImpl.java:0,257,208,0,1789806885612,1789806885620,8,False,5,5414631,1,0,6013,17104864,0,0,0,0,1069486,4561,0,0,0,0,0
3,save at NativeMethodAccessorImpl.java:0,254,205,0,1789806885605,1789806885621,16,False,12,12255779,2,0,6013,17367008,0,0,0,0,2794793,11956,0,0,0,0,0
3,save at NativeMethodAccessorImpl.java:0,256,207,0,1789806885611,1789806885626,15,False,11,11427073,1,0,6013,17367008,0,0,0,0,2883808,12341,0,0,0,0,0
3,save at NativeMethodAccessorImpl.java:0,258,209,0,1789806885619,1789806885633,14,False,9,9925885,2,0,6013,17367008,0,0,0,0,2459352,10503,0,0,0,0,0
3,save at NativeMethodAccessorImpl.java:0,259,210,0,1789806885620,1789806885633,13,False,8,8891848,2,0,6013,17367008,0,0,0,0,2437769,10416,0,0,0,0,0
3,save at NativeMethodAccessorImpl.java:0,260,211,0,1789806885621,1789806885634,13,False,10,10049772,2,0,6013,17367008,0,0,0,0,2803341,11985,0,0,0,0,0
3,save at NativeMethodAccessorImpl.java:0,262,213,0,1789806885632,1789806885638,6,False,3,3255043,1,0,6013,16908256,0,0,0,0,358642,1501,0,0,0,0,0
3,save at NativeMethodAccessorImpl.java:0,261,212,0,1789806885626,1789806885638,12,False,8,8730960,3,0,6013,17104864,0,0,0,0,1410709,6009,0,0,0,0,0
3,save at NativeMethodAccessorImpl.java:0,263,214,0,1789806885633,1789806885642,9,False,7,7117164,1,0,6013,17104864,0,0,0,0,1736903,7429,0,0,0,0,0
3,save at NativeMethodAccessorImpl.java:0,264,215,0,1789806885634,1789806885643,9,False,6,6149978,1,0,6013,17104864,0,0,0,0,1388806,5915,0,0,0,0,0
3,save at NativeMethodAccessorImpl.java:0,265,216,0,1789806885638,1789806885649,11,False,8,8844721,1,0,6013,17367008,0,0,0,0,2459460,10507,0,0,0,0,0
3,save at NativeMethodAccessorImpl.java:0,268,219,0,1789806885643,1789806885652,9,False,6,6489731,1,0,6013,17104864,0,0,0,0,1375927,5860,0,0,0,0,0
3,save at NativeMethodAccessorImpl.java:0,267,218,0,1789806885642,1789806885655,13,False,10,10385926,1,0,6013,17367008,0,0,0,0,3126963,13360,0,0,0,0,0
3,save at NativeMethodAccessorImpl.java:0,266,217,0,1789806885638,1789806885655,17,False,12,12953890,2,0,6013,17367008,0,0,0,0,2774872,11868,0,0,0,0,0
3,save at NativeMethodAccessorImpl.java:0,269,220,0,1789806885649,1789806885659,10,False,7,7204792,1,0,6013,17104864,0,0,0,0,1742068,7453,0,0,0,0,0
3,save at NativeMethodAccessorImpl.java:0,270,221,0,1789806885651,1789806885664,13,False,9,9821228,1,0,6013,17367008,0,0,0,0,2858641,12227,0,0,0,0,0
3,save at NativeMethodAccessorImpl.java:0,272,223,0,1789806885655,1789806885666,11,False,8,8114982,1,0,6013,17367008,0,0,0,0,2163605,9234,0,0,0,0,0
3,save at NativeMethodAccessorImpl.java:0,271,222,0,1789806885655,1789806885666,11,False,8,8691990,1,0,6013,17367008,0,0,0,0,2447646,10452,0,0,0,0,0
3,save at NativeMethodAccessorImpl.java:0,273,224,0,1789806885659,1789806885670,11,False,9,9004270,1,0,6013,17367008,0,0,0,0,2484184,10607,0,0,0,0,0
3,save at NativeMethodAccessorImpl.java:0,274,225,0,1789806885664,1789806885672,8,False,5,5972765,1,0,6013,17104864,0,0,0,0,1406054,5990,0,0,0,0,0
3,save at NativeMethodAccessorImpl.java:0,275,226,0,1789806885665,1789806885674,9,False,6,6590653,1,0,6013,17104864,0,0,0,0,1759060,7526,0,0,0,0,0
3,save at NativeMethodAccessorImpl.java:0,276,227,0,1789806885666,1789806885676,10,False,8,8048087,1,0,6013,17367008,0,0,0,0,2089955,8923,0,0,0,0,0
3,save at NativeMethodAccessorImpl.java:0,277,228,0,1789806885670,1789806885679,9,False,6,6807040,1,0,6013,17104864,0,0,0,0,1742068,7453,0,0,0,0,0
3,save at NativeMethodAccessorImpl.java:0,278,229,0,1789806885672,1789806885683,11,False,8,8571437,1,0,6013,17367008,0,0,0,0,2412687,10300,0,0,0,0,0
3,save at NativeMethodAccessorImpl.java:0,280,231,0,1789806885676,1789806885683,7,False,4,4851839,1,0,6013,17104864,0,0,0,0,1035482,4423,0,0,0,0,0
3,save at NativeMethodAccessorImpl.java:0,279,230,0,1789806885674,1789806885685,11,False,8,8748256,1,0,6013,17367008,0,0,0,0,2421405,10341,0,0,0,0,0
3,save at NativeMethodAccessorImpl.java:0,282,233,0,1789806885683,1789806885687,4,False,1,1750385,1,0,6013,65536,0,0,0,0,0,0,0,0,0,0,0
3,save at NativeMethodAccessorImpl.java:0,281,232,0,1789806885679,1789806885689,10,False,7,7215000,1,0,6013,17104864,0,0,0,0,1752401,7495,0,0,0,0,0
3,save at NativeMethodAccessorImpl.java:0,283,234,0,1789806885683,1789806885694,11,False,8,8759350,1,0,6013,17367008,0,0,0,0,2437535,10408,0,0,0,0,0
3,save at NativeMethodAccessorImpl.java:0,286,237,0,1789806885689,1789806885698,9,False,6,6876840,1,0,6013,17104864,0,0,0,0,1783668,7635,0,0,0,0,0
3,save at NativeMethodAccessorImpl.java:0,285,236,0,1789806885687,1789806885700,13,False,10,10074280,2,0,6013,17104864,0,0,0,0,1778160,7613,0,0,0,0,0
3,save at NativeMethodAccessorImpl.java:0,284,235,0,1789806885685,1789806885703,18,False,14,14512646,2,0,6013,17367008,0,0,0,0,2822018,12080,0,0,0,0,0
3,save at NativeMethodAccessorImpl.java:0,287,238,0,1789806885694,1789806885705,11,False,8,8704168,1,0,6013,17367008,0,0,0,0,2424578,10356,0,0,0,0,0
3,save at NativeMethodAccessorImpl.java:0,288,239,0,1789806885698,1789806885706,8,False,6,6036850,1,0,6013,17104864,0,0,0,0,1419248,6046,0,0,0,0,0
3,save at NativeMethodAccessorImpl.java:0,291,242,0,1789806885705,1789806885714,9,False,6,6622724,1,0,6013,17104864,0,0,0,0,1735839,7427,0,0,0,0,0
3,save at NativeMethodAccessorImpl.java:0,292,243,0,1789806885706,1789806885715,9,False,5,5861758,1,0,6013,17104864,0,0,0,0,1412329,6018,0,0,0,0,0
3,save at NativeMethodAccessorImpl.java:0,289,240,0,1789806885700,1789806885720,20,False,12,12926042,2,0,6013,17367008,0,0,0,0,2400043,10245,0,0,0,0,0
3,save at NativeMethodAccessorImpl.java:0,290,241,0,1789806885703,1789806885722,19,False,15,12335699,2,2,6056,17367008,0,0,0,0,2444728,10437,0,0,0,0,0
3,save at NativeMethodAccessorImpl.java:0,293,244,0,1789806885714,1789806885723,9,False,6,3268311,1,2,6056,16908256,0,0,0,0,349314,1461,0,0,0,0,0
3,save at NativeMethodAccessorImpl.java:0,294,245,0,1789806885714,1789806885727,13,False,10,7265128,1,2,6056,17104864,0,0,0,0,1749045,7483,0,0,0,0,0
3,save at NativeMethodAccessorImpl.java:0,295,246,0,1789806885720,1789806885730,10,False,7,7099903,1,0,6013,17104864,0,0,0,0,1740913,7446,0,0,0,0,0
3,save at NativeMethodAccessorImpl.java:0,297,248,0,1789806885722,1789806885735,13,False,9,9750929,1,0,6013,17367008,0,0,0,0,2805959,12001,0,0,0,0,0
3,save at NativeMethodAccessorImpl.java:0,296,247,0,1789806885722,1789806885736,14,False,10,10979486,2,0,6013,17367008,0,0,0,0,3152517,13467,0,0,0,0,0
3,save at NativeMethodAccessorImpl.java:0,298,249,0,1789806885727,1789806885736,9,False,6,6055694,1,0,6013,17104864,0,0,0,0,1399347,5963,0,0,0,0,0
3,save at NativeMethodAccessorImpl.java:0,299,250,0,1789806885729,1789806885741,12,False,9,9657042,1,0,6013,17367008,0,0,0,0,2788569,11935,0,0,0,0,0
3,save at NativeMethodAccessorImpl.java:0,301,252,0,1789806885735,1789806885745,10,False,6,6842687,1,0,6013,17104864,0,0,0,0,1758625,7526,0,0,0,0,0
3,save at NativeMethodAccessorImpl.java:0,303,254,0,1789806885741,1789806885749,8,False,5,5374874,1,0,6013,17104864,0,0,0,0,1045420,4464,0,0,0,0,0
3,save at NativeMethodAccessorImpl.java:0,300,251,0,1789806885734,1789806885750,16,False,12,12543672,1,0,6013,17367008,0,0,0,0,2432313,10387,0,0,0,0,0
3,save at NativeMethodAccessorImpl.java:0,304,255,0,1789806885745,1789806885754,9,False,5,5552503,2,0,6013,16973792,0,0,0,0,710745,3030,0,0,0,0,0
3,save at NativeMethodAccessorImpl.java:0,302,253,0,1789806885736,1789806885756,20,False,17,17669540,1,0,6013,17367008,0,0,0,0,3554591,15192,0,0,0,0,0
3,save at NativeMethodAccessorImpl.java:0,308,259,0,1789806885756,1789806885764,8,False,4,4316468,2,0,6013,16908256,0,0,0,0,353059,1477,0,0,0,0,0
3,save at NativeMethodAccessorImpl.java:0,307,258,0,1789806885754,1789806885764,10,False,6,6875880,2,0,6013,17104864,0,0,0,0,1398466,5954,0,0,0,0,0
3,save at NativeMethodAccessorImpl.java:0,305,256,0,1789806885749,1789806885766,17,False,13,13316361,2,0,6013,17367008,0,0,0,0,2785733,11921,0,0,0,0,0
3,save at NativeMethodAccessorImpl.java:0,306,257,0,1789806885749,1789806885766,17,False,13,13261193,2,0,6013,17367008,0,0,0,0,2415784,10311,0,0,0,0,0
3,save at NativeMethodAccessorImpl.java:0,310,261,0,1789806885764,1789806885774,10,False,6,6008852,2,0,6013,17104864,0,0,0,0,1411720,6011,0,0,0,0,0
3,save at NativeMethodAccessorImpl.java:0,309,260,0,1789806885763,1789806885776,13,False,8,8337050,2,0,6013,17367008,0,0,0,0,2111002,9018,0,0,0,0,0
3,save at NativeMethodAccessorImpl.java:0,311,262,0,1789806885766,1789806885777,11,False,7,7355343,2,0,6013,17104864,0,0,0,0,1037651,4433,0,0,0,0,0
3,save at NativeMethodAccessorImpl.java:0,313,264,0,1789806885774,1789806885781,7,False,5,5027349,1,0,6013,17104864,0,0,0,0,1072779,4578,0,0,0,0,0
3,save at NativeMethodAccessorImpl.java:0,312,263,0,1789806885766,1789806885781,15,False,12,12639286,1,0,6013,17891296,0,0,0,0,3857567,16487,0,0,0,0,0
3,save at NativeMethodAccessorImpl.java:0,315,266,0,1789806885776,1789806885784,8,False,4,4034651,2,0,6013,16908256,0,0,0,0,366209,1533,0,0,0,0,0
3,save at NativeMethodAccessorImpl.java:0,317,268,0,1789806885781,1789806885789,8,False,4,4890455,1,0,6013,17104864,0,0,0,0,1032471,4410,0,0,0,0,0
3,save at NativeMethodAccessorImpl.java:0,314,265,0,1789806885775,1789806885789,14,False,10,10897984,1,0,6013,17367008,0,0,0,0,2474144,10569,0,0,0,0,0
3,save at NativeMethodAccessorImpl.java:0,316,267,0,1789806885781,1789806885794,13,False,8,8626731,2,0,6013,17104864,0,0,0,0,1397467,5954,0,0,0,0,0
3,save at NativeMethodAccessorImpl.java:0,318,269,0,1789806885784,1789806885801,17,False,12,12935609,2,0,6013,17367008,0,0,0,0,3181112,13584,0,0,0,0,0
3,save at NativeMethodAccessorImpl.java:0,320,271,0,1789806885789,1789806885801,12,False,9,9240711,2,0,6013,17367008,0,0,0,0,2464118,10524,0,0,0,0,0
3,save at NativeMethodAccessorImpl.java:0,319,270,0,1789806885788,1789806885802,14,False,10,10324653,2,0,6013,17367008,0,0,0,0,2100884,8974,0,0,0,0,0
3,save at NativeMethodAccessorImpl.java:0,321,272,0,1789806885793,1789806885805,12,False,8,8996914,1,0,6013,17367008,0,0,0,0,2081986,8891,0,0,0,0,0
3,save at NativeMethodAccessorImpl.java:0,323,274,0,1789806885801,1789806885811,10,False,7,7244663,2,0,6013,17104864,0,0,0,0,1758892,7522,0,0,0,0,0
3,save at NativeMethodAccessorImpl.java:0,324,275,0,1789806885802,1789806885814,12,False,9,9505088,1,0,6013,17367008,0,0,0,0,2457153,10497,0,0,0,0,0
3,save at NativeMethodAccessorImpl.java:0,325,276,0,1789806885804,1789806885816,12,False,9,9378633,1,0,6013,17367008,0,0,0,0,2787984,11926,0,0,0,0,0
3,save at NativeMethodAccessorImpl.java:0,322,273,0,1789806885801,1789806885818,17,False,13,13137267,2,0,6013,17367008,0,0,0,0,2445906,10444,0,0,0,0,0
3,save at NativeMethodAccessorImpl.java:0,328,279,0,1789806885816,1789806885822,6,False,3,3765936,1,0,6013,16973792,0,0,0,0,700366,2985,0,0,0,0,0
3,save at NativeMethodAccessorImpl.java:0,326,277,0,1789806885811,1789806885823,12,False,9,9644059,1,0,6013,17367008,0,0,0,0,2817775,12063,0,0,0,0,0
3,save at NativeMethodAccessorImpl.java:0,327,278,0,1789806885814,1789806885828,14,False,11,11303761,1,0,6013,17367008,0,0,0,0,3444976,14718,0,0,0,0,0
3,save at NativeMethodAccessorImpl.java:0,329,280,0,1789806885817,1789806885830,13,False,9,9288439,2,0,6013,17367008,0,0,0,0,2453604,10480,0,0,0,0,0
3,save at NativeMethodAccessorImpl.java:0,330,281,0,1789806885822,1789806885832,10,False,6,6736448,1,0,6013,17104864,0,0,0,0,1711602,7320,0,0,0,0,0
3,save at NativeMethodAccessorImpl.java:0,331,282,0,1789806885823,1789806885837,14,False,11,11501953,1,0,6013,17367008,0,0,0,0,3513855,15020,0,0,0,0,0
3,save at NativeMethodAccessorImpl.java:0,333,284,0,1789806885830,1789806885838,8,False,5,5873852,1,0,6013,17104864,0,0,0,0,1390861,5921,0,0,0,0,0
3,save at NativeMethodAccessorImpl.java:0,334,285,0,1789806885831,1789806885840,9,False,4,4801591,2,0,6013,17104864,0,0,0,0,1045340,4463,0,0,0,0,0
3,save at NativeMethodAccessorImpl.java:0,332,283,0,1789806885827,1789806885840,13,False,10,10464053,1,0,6013,17367008,0,0,0,0,3139387,13407,0,0,0,0,0
3,save at NativeMethodAccessorImpl.java:0,338,289,0,1789806885840,1789806885848,8,False,5,5751945,1,0,6013,17104864,0,0,0,0,1408845,6002,0,0,0,0,0
3,save at NativeMethodAccessorImpl.java:0,337,288,0,1789806885840,1789806885849,9,False,6,6883399,1,0,6013,17104864,0,0,0,0,1731679,7410,0,0,0,0,0
3,save at NativeMethodAccessorImpl.java:0,335,286,0,1789806885837,1789806885850,13,False,11,11014170,1,0,6013,17367008,0,0,0,0,2450101,10462,0,0,0,0,0
3,save at NativeMethodAccessorImpl.java:0,336,287,0,1789806885838,1789806885852,14,False,10,10900387,1,0,6013,17367008,0,0,0,0,3133413,13384,0,0,0,0,0
3,save at NativeMethodAccessorImpl.java:0,340,291,0,1789806885849,1789806885853,4,False,1,1572851,1,0,6013,65536,0,0,0,0,0,0,0,0,0,0,0
3,save at NativeMethodAccessorImpl.java:0,341,292,0,1789806885850,1789806885859,9,False,6,6745468,1,0,6013,17104864,0,0,0,0,1771577,7575,0,0,0,0,0
3,save at NativeMethodAccessorImpl.java:0,339,290,0,1789806885848,1789806885860,12,False,8,8291950,2,0,6013,17367008,0,0,0,0,2135807,9118,0,0,0,0,0
3,save at NativeMethodAccessorImpl.java:0,342,293,0,1789806885852,1789806885860,8,False,5,5555764,1,0,6013,17104864,0,0,0,0,1384551,5897,0,0,0,0,0
3,save at NativeMethodAccessorImpl.java:0,343,294,0,1789806885853,1789806885863,10,False,7,7872576,1,0,6013,17367008,0,0,0,0,2103329,8981,0,0,0,0,0
3,save at NativeMethodAccessorImpl.java:0,347,298,0,1789806885863,1789806885869,6,False,3,3720456,1,0,6013,16973792,0,0,0,0,705682,3009,0,0,0,0,0
3,save at NativeMethodAccessorImpl.java:0,344,295,0,1789806885859,1789806885870,11,False,8,8742162,1,0,6013,17367008,0,0,0,0,2457829,10496,0,0,0,0,0
3,save at NativeMethodAccessorImpl.java:0,346,297,0,1789806885860,1789806885872,12,False,9,9679715,1,0,6013,17367008,0,0,0,0,2782996,11908,0,0,0,0,0
3,save at NativeMethodAccessorImpl.java:0,345,296,0,1789806885859,1789806885872,13,False,10,10264768,2,0,6013,17367008,0,0,0,0,2080958,8888,0,0,0,0,0
3,save at NativeMethodAccessorImpl.java:0,348,299,0,1789806885869,1789806885878,9,False,6,6220720,1,0,6013,17104864,0,0,0,0,1419206,6046,0,0,0,0,0
3,save at NativeMethodAccessorImpl.java:0,350,301,0,1789806885872,1789806885880,8,False,6,6494703,1,0,6013,17104864,0,0,0,0,1718595,7347,0,0,0,0,0
3,save at NativeMethodAccessorImpl.java:0,351,302,0,1789806885872,1789806885881,9,False,6,6515084,1,0,6013,17104864,0,0,0,0,1737828,7433,0,0,0,0,0
3,save at NativeMethodAccessorImpl.java:0,349,300,0,1789806885870,1789806885884,14,False,11,11612916,1,0,6013,17367008,0,0,0,0,3507244,14989,0,0,0,0,0
3,save at NativeMethodAccessorImpl.java:0,352,303,0,1789806885878,1789806885887,9,False,6,6690590,1,0,6013,17104864,0,0,0,0,1726266,7384,0,0,0,0,0
3,save at NativeMethodAccessorImpl.java:0,353,304,0,1789806885880,1789806885888,8,False,4,4916251,1,0,6013,17104864,0,0,0,0,1055700,4509,0,0,0,0,0
3,save at NativeMethodAccessorImpl.java:0,354,305,0,1789806885881,1789806885888,7,False,4,4750699,1,0,6013,17104864,0,0,0,0,1069049,4564,0,0,0,0,0
3,save at NativeMethodAccessorImpl.java:0,355,306,0,1789806885884,1789806885893,9,False,6,6927636,1,0,6013,17104864,0,0,0,0,1721923,7366,0,0,0,0,0
3,save at NativeMethodAccessorImpl.java:0,358,309,0,1789806885888,1789806885895,7,False,4,4742172,1,0,6013,17104864,0,0,0,0,1064256,4544,0,0,0,0,0
3,save at NativeMethodAccessorImpl.java:0,356,307,0,1789806885887,1789806885896,9,False,6,6812900,1,0,6013,17104864,0,0,0,0,1762071,7536,0,0,0,0,0
3,save at NativeMethodAccessorImpl.java:0,357,308,0,1789806885887,1789806885897,10,False,7,7011782,1,0,6013,17104864,0,0,0,0,1732846,7413,0,0,0,0,0
3,save at NativeMethodAccessorImpl.java:0,360,311,0,1789806885895,1789806885900,5,False,2,2938343,1,0,6013,16908256,0,0,0,0,376288,1578,0,0,0,0,0
3,save at NativeMethodAccessorImpl.java:0,361,312,0,1789806885896,1789806885906,10,False,3,3813025,1,0,6013,16973792,0,0,0,0,710575,3028,0,0,0,0,0
3,save at NativeMethodAccessorImpl.java:0,359,310,0,1789806885893,1789806885911,18,False,11,8061935,1,6,6099,17367008,0,0,0,0,2053293,8771,0,0,0,0,0
3,save at NativeMethodAccessorImpl.java:0,363,314,0,1789806885900,1789806885916,16,False,13,7824531,1,6,6056,17104864,0,0,0,0,1047854,4473,0,0,0,0,0
3,save at NativeMethodAccessorImpl.java:0,362,313,0,1789806885897,1789806885917,20,False,17,12412148,1,6,6056,17367008,0,0,0,0,3196138,13651,0,0,0,0,0
3,save at NativeMethodAccessorImpl.java:0,365,316,0,1789806885910,1789806885918,8,False,4,4415022,1,0,6013,16973792,0,0,0,0,708375,3022,0,0,0,0,0
3,save at NativeMethodAccessorImpl.java:0,364,315,0,1789806885906,1789806885920,14,False,8,8506656,4,2,6056,17104864,0,0,0,0,1741906,7451,0,0,0,0,0
3,save at NativeMethodAccessorImpl.java:0,367,318,0,1789806885917,1789806885926,9,False,6,6341901,1,0,6013,17104864,0,0,0,0,1401981,5972,0,0,0,0,0
3,save at NativeMethodAccessorImpl.java:0,368,319,0,1789806885918,1789806885927,9,False,6,6581430,1,0,6013,17104864,0,0,0,0,1422921,6063,0,0,0,0,0
3,save at NativeMethodAccessorImpl.java:0,366,317,0,1789806885915,1789806885927,12,False,9,9441260,1,0,6013,17367008,0,0,0,0,2450169,10466,0,0,0,0,0
3,save at NativeMethodAccessorImpl.java:0,369,320,0,1789806885920,1789806885929,9,False,6,6475639,1,0,6013,17104864,0,0,0,0,1436335,6122,0,0,0,0,0
3,save at NativeMethodAccessorImpl.java:0,372,323,0,1789806885927,1789806885941,14,False,9,5610997,1,4,6056,17104864,0,0,0,0,1080260,4608,0,0,0,0,0
3,save at NativeMethodAccessorImpl.java:0,370,321,0,1789806885926,1789806885941,15,False,10,7223488,1,4,6056,17104864,0,0,0,0,1738063,7434,0,0,0,0,0
3,save at NativeMethodAccessorImpl.java:0,373,324,0,1789806885929,1789806885941,12,False,8,4873681,1,4,6056,17104864,0,0,0,0,1024999,4379,0,0,0,0,0
3,save at NativeMethodAccessorImpl.java:0,371,322,0,1789806885926,1789806885942,16,False,11,8160796,1,4,6056,17367008,0,0,0,0,2114203,9031,0,0,0,0,0
3,save at NativeMethodAccessorImpl.java:0,374,325,0,1789806885940,1789806885952,12,False,7,7749870,2,0,6013,17104864,0,0,0,0,1406264,5991,0,0,0,0,0
3,save at NativeMethodAccessorImpl.java:0,376,327,0,1789806885941,1789806885954,13,False,9,9656747,2,0,6013,17367008,0,0,0,0,2102219,8976,0,0,0,0,0
3,save at NativeMethodAccessorImpl.java:0,377,328,0,1789806885941,1789806885955,14,False,10,10473382,2,0,6013,17367008,0,0,0,0,2475769,10575,0,0,0,0,0
3,save at NativeMethodAccessorImpl.java:0,375,326,0,1789806885941,1789806885956,15,False,10,10637561,3,0,6013,17367008,0,0,0,0,2801785,11982,0,0,0,0,0
3,save at NativeMethodAccessorImpl.java:0,381,332,0,1789806885955,1789806885963,8,False,4,4831183,1,0,6013,17104864,0,0,0,0,1059176,4524,0,0,0,0,0
3,save at NativeMethodAccessorImpl.java:0,380,331,0,1789806885955,1789806885963,8,False,5,5646538,1,0,6013,17104864,0,0,0,0,1395885,5946,0,0,0,0,0
3,save at NativeMethodAccessorImpl.java:0,378,329,0,1789806885952,1789806885965,13,False,10,10011934,1,0,6013,17367008,0,0,0,0,2781140,11896,0,0,0,0,0
3,save at NativeMethodAccessorImpl.java:0,379,330,0,1789806885954,1789806885966,12,False,8,8890279,2,0,6013,17367008,0,0,0,0,2468549,10546,0,0,0,0,0
3,save at NativeMethodAccessorImpl.java:0,382,333,0,1789806885963,1789806885973,10,False,6,6868097,2,0,6013,17104864,0,0,0,0,1742139,7450,0,0,0,0,0
3,save at NativeMethodAccessorImpl.java:0,384,335,0,1789806885964,1789806885975,11,False,6,6332743,2,0,6013,17104864,0,0,0,0,1406807,5993,0,0,0,0,0
3,save at NativeMethodAccessorImpl.java:0,383,334,0,1789806885963,1789806885975,12,False,8,8008645,2,0,6013,17367008,0,0,0,0,2079495,8880,0,0,0,0,0
3,save at NativeMethodAccessorImpl.java:0,385,336,0,1789806885965,1789806885975,10,False,6,6987813,1,0,6013,17104864,0,0,0,0,1761261,7534,0,0,0,0,0
3,save at NativeMethodAccessorImpl.java:0,386,337,0,1789806885973,1789806885979,6,False,3,3062759,2,0,6013,16908256,0,0,0,0,354952,1485,0,0,0,0,0
3,save at NativeMethodAccessorImpl.java:0,387,338,0,1789806885974,1789806885984,10,False,5,5471633,2,0,6013,16973792,0,0,0,0,688477,2931,0,0,0,0,0
3,save at NativeMethodAccessorImpl.java:0,389,340,0,1789806885975,1789806885984,9,False,5,5988686,1,0,6013,17104864,0,0,0,0,1414733,6029,0,0,0,0,0
3,save at NativeMethodAccessorImpl.java:0,388,339,0,1789806885975,1789806885986,11,False,7,7621565,2,0,6013,17104864,0,0,0,0,1399520,5962,0,0,0,0,0
3,save at NativeMethodAccessorImpl.java:0,391,342,0,1789806885983,1789806885990,7,False,4,4036916,1,0,6013,16973792,0,0,0,0,700980,2987,0,0,0,0,0
3,save at NativeMethodAccessorImpl.java:0,392,343,0,1789806885984,1789806885990,6,False,3,3902930,1,0,6013,16973792,0,0,0,0,711997,3037,0,0,0,0,0
3,save at NativeMethodAccessorImpl.java:0,390,341,0,1789806885979,1789806885992,13,False,9,9845417,3,0,6013,17104864,0,0,0,0,1723431,7374,0,0,0,0,0
3,save at NativeMethodAccessorImpl.java:0,393,344,0,1789806885986,1789806885995,9,False,6,6648997,1,0,6013,17104864,0,0,0,0,1726901,7390,0,0,0,0,0
3,save at NativeMethodAccessorImpl.java:0,394,345,0,1789806885990,1789806885995,5,False,2,2728242,1,0,6013,16908256,0,0,0,0,363468,1521,0,0,0,0,0
3,save at NativeMethodAccessorImpl.java:0,395,346,0,1789806885990,1789806886001,11,False,8,8601063,1,0,6013,17367008,0,0,0,0,2461532,10507,0,0,0,0,0
3,save at NativeMethodAccessorImpl.java:0,398,349,0,1789806885995,1789806886002,7,False,5,5596671,1,0,6013,17104864,0,0,0,0,1012099,4325,0,0,0,0,0
3,save at NativeMethodAccessorImpl.java:0,397,348,0,1789806885994,1789806886003,9,False,6,6363050,1,0,6013,17104864,0,0,0,0,1711699,7320,0,0,0,0,0
3,save at NativeMethodAccessorImpl.java:0,396,347,0,1789806885992,1789806886004,12,False,8,8664538,2,0,6013,17104864,0,0,0,0,1433111,6105,0,0,0,0,0
3,save at NativeMethodAccessorImpl.java:0,400,351,0,1789806886002,1789806886010,8,False,5,5651448,1,0,6013,17104864,0,0,0,0,1396810,5947,0,0,0,0,0
3,save at NativeMethodAccessorImpl.java:0,401,352,0,1789806886003,1789806886011,8,False,5,5632483,1,0,6013,17104864,0,0,0,0,1463371,6240,0,0,0,0,0
3,save at NativeMethodAccessorImpl.java:0,399,350,0,1789806886001,1789806886013,12,False,9,9720568,1,0,6013,17367008,0,0,0,0,2819907,12067,0,0,0,0,0
3,save at NativeMethodAccessorImpl.java:0,402,353,0,1789806886004,1789806886018,14,False,10,10070875,2,0,6013,17104864,0,0,0,0,1764710,7552,0,0,0,0,0
3,save at NativeMethodAccessorImpl.java:0,403,354,0,1789806886010,1789806886018,8,False,5,5746641,1,0,6013,17104864,0,0,0,0,1410727,6008,0,0,0,0,0
3,save at NativeMethodAccessorImpl.java:0,405,356,0,1789806886013,1789806886021,8,False,5,5846217,1,0,6013,17104864,0,0,0,0,1405373,5983,0,0,0,0,0
3,save at NativeMethodAccessorImpl.java:0,404,355,0,1789806886011,1789806886022,11,False,9,9177788,1,0,6013,17367008,0,0,0,0,2819130,12063,0,0,0,0,0
3,save at NativeMethodAccessorImpl.java:0,409,360,0,1789806886022,1789806886029,7,False,4,4707703,1,0,6013,17104864,0,0,0,0,1061812,4534,0,0,0,0,0
3,save at NativeMethodAccessorImpl.java:0,407,358,0,1789806886018,1789806886029,11,False,8,8756235,1,0,6013,17367008,0,0,0,0,2517840,10762,0,0,0,0,0
3,save at NativeMethodAccessorImpl.java:0,408,359,0,1789806886020,1789806886029,9,False,6,6472505,1,0,6013,17104864,0,0,0,0,1729439,7396,0,0,0,0,0
3,save at NativeMethodAccessorImpl.java:0,406,357,0,1789806886017,1789806886031,14,False,9,9686911,2,0,6013,17104864,0,0,0,0,1733756,7419,0,0,0,0,0
3,save at NativeMethodAccessorImpl.java:0,410,361,0,1789806886029,1789806886037,8,False,5,5903939,1,0,6013,17104864,0,0,0,0,1415802,6033,0,0,0,0,0
3,save at NativeMethodAccessorImpl.java:0,411,362,0,1789806886029,1789806886038,9,False,6,6578705,1,0,6013,17104864,0,0,0,0,1746127,7472,0,0,0,0,0
3,save at NativeMethodAccessorImpl.java:0,413,364,0,1789806886030,1789806886042,12,False,8,8150959,2,0,6013,17104864,0,0,0,0,1384596,5897,0,0,0,0,0
3,save at NativeMethodAccessorImpl.java:0,412,363,0,1789806886029,1789806886043,14,False,11,11610849,1,0,6013,17367008,0,0,0,0,3537585,15120,0,0,0,0,0
3,save at NativeMethodAccessorImpl.java:0,415,366,0,1789806886038,1789806886044,6,False,3,3678277,1,0,6013,16973792,0,0,0,0,671968,2860,0,0,0,0,0
3,save at NativeMethodAccessorImpl.java:0,414,365,0,1789806886037,1789806886044,7,False,5,5000872,1,0,6013,17104864,0,0,0,0,1061247,4532,0,0,0,0,0
3,save at NativeMethodAccessorImpl.java:0,418,369,0,1789806886043,1789806886051,8,False,4,4805982,1,0,6013,17104864,0,0,0,0,1042632,4456,0,0,0,0,0
3,save at NativeMethodAccessorImpl.java:0,419,370,0,1789806886044,1789806886055,11,False,8,8982132,1,0,6013,17367008,0,0,0,0,2080145,8887,0,0,0,0,0
3,save at NativeMethodAccessorImpl.java:0,420,371,0,1789806886050,1789806886056,6,False,2,2828023,1,0,6013,16908256,0,0,0,0,350702,1467,0,0,0,0,0
3,save at NativeMethodAccessorImpl.java:0,416,367,0,1789806886042,1789806886056,14,False,9,9916354,2,0,6013,17367008,0,0,0,0,2434291,10397,0,0,0,0,0
3,save at NativeMethodAccessorImpl.java:0,417,368,0,1789806886043,1789806886057,14,False,11,11325947,1,0,6013,17367008,0,0,0,0,3484958,14890,0,0,0,0,0
3,save at NativeMethodAccessorImpl.java:0,423,374,0,1789806886056,1789806886064,8,False,5,5625551,1,0,6013,17104864,0,0,0,0,1403963,5981,0,0,0,0,0
3,save at NativeMethodAccessorImpl.java:0,421,372,0,1789806886055,1789806886064,9,False,5,5527097,2,0,6013,16973792,0,0,0,0,701425,2989,0,0,0,0,0
3,save at NativeMethodAccessorImpl.java:0,422,373,0,1789806886055,1789806886066,11,False,8,7988978,1,0,6013,17104864,0,0,0,0,1419672,6045,0,0,0,0,0
3,save at NativeMethodAccessorImpl.java:0,424,375,0,1789806886056,1789806886066,10,False,7,7786006,1,0,6013,17367008,0,0,0,0,2083866,8903,0,0,0,0,0
3,save at NativeMethodAccessorImpl.java:0,426,377,0,1789806886064,1789806886071,7,False,4,4685259,1,0,6013,17104864,0,0,0,0,1035531,4421,0,0,0,0,0
3,save at NativeMethodAccessorImpl.java:0,425,376,0,1789806886063,1789806886073,10,False,6,6862864,1,0,6013,17104864,0,0,0,0,1786984,7646,0,0,0,0,0
3,save at NativeMethodAccessorImpl.java:0,427,378,0,1789806886066,1789806886074,8,False,5,5863327,1,0,6013,17104864,0,0,0,0,1387927,5914,0,0,0,0,0
3,save at NativeMethodAccessorImpl.java:0,428,379,0,1789806886066,1789806886076,10,False,7,7704834,1,0,6013,17367008,0,0,0,0,2092864,8939,0,0,0,0,0
3,save at NativeMethodAccessorImpl.java:0,429,380,0,1789806886071,1789806886078,7,False,4,4676273,1,0,6013,17104864,0,0,0,0,1075064,4589,0,0,0,0,0
3,save at NativeMethodAccessorImpl.java:0,431,382,0,1789806886074,1789806886081,7,False,5,5243295,1,0,6013,17104864,0,0,0,0,1057125,4515,0,0,0,0,0
3,save at NativeMethodAccessorImpl.java:0,430,381,0,1789806886073,1789806886081,8,False,6,6285864,1,0,6013,17104864,0,0,0,0,1399005,5956,0,0,0,0,0
3,save at NativeMethodAccessorImpl.java:0,432,383,0,1789806886076,1789806886087,11,False,8,5138902,1,2,6056,17104864,0,0,0,0,1065390,4548,0,0,0,0,0
3,save at NativeMethodAccessorImpl.java:0,433,384,0,1789806886077,1789806886091,14,False,11,8300817,1,2,6056,17367008,0,0,0,0,2095981,8947,0,0,0,0,0
3,save at NativeMethodAccessorImpl.java:0,434,385,0,1789806886081,1789806886093,12,False,6,6827475,4,2,6056,17104864,0,0,0,0,1724680,7378,0,0,0,0,0
3,save at NativeMethodAccessorImpl.java:0,436,387,0,1789806886087,1789806886094,7,False,4,4738800,1,0,6013,17104864,0,0,0,0,1047129,4470,0,0,0,0,0
3,save at NativeMethodAccessorImpl.java:0,435,386,0,1789806886081,1789806886094,13,False,8,8018100,4,2,6056,17367008,0,0,0,0,2100711,8972,0,0,0,0,0
3,save at NativeMethodAccessorImpl.java:0,437,388,0,1789806886091,1789806886098,7,False,5,5565074,1,0,6013,17104864,0,0,0,0,1417335,6039,0,0,0,0,0
3,save at NativeMethodAccessorImpl.java:0,440,391,0,1789806886094,1789806886101,7,False,4,4925802,1,0,6013,17104864,0,0,0,0,1044042,4458,0,0,0,0,0
3,save at NativeMethodAccessorImpl.java:0,439,390,0,1789806886094,1789806886102,8,False,6,6439842,1,0,6013,17104864,0,0,0,0,1713297,7329,0,0,0,0,0
3,save at NativeMethodAccessorImpl.java:0,438,389,0,1789806886093,1789806886104,11,False,7,7683226,2,0,6013,17367008,0,0,0,0,2074296,8863,0,0,0,0,0
3,save at NativeMethodAccessorImpl.java:0,443,394,0,1789806886102,1789806886109,7,False,3,3729582,1,0,6013,16973792,0,0,0,0,697203,2972,0,0,0,0,0
3,save at NativeMethodAccessorImpl.java:0,441,392,0,1789806886098,1789806886110,12,False,9,9828770,1,0,6013,17367008,0,0,0,0,2864378,12250,0,0,0,0,0
3,save at NativeMethodAccessorImpl.java:0,444,395,0,1789806886104,1789806886113,9,False,6,6552102,1,0,6013,17104864,0,0,0,0,1738902,7438,0,0,0,0,0
3,save at NativeMethodAccessorImpl.java:0,442,393,0,1789806886101,1789806886113,12,False,9,9505572,1,0,6013,17367008,0,0,0,0,2775591,11874,0,0,0,0,0
3,save at NativeMethodAccessorImpl.java:0,446,397,0,1789806886110,1789806886115,5,False,2,2822012,1,0,6013,16908256,0,0,0,0,362599,1518,0,0,0,0,0
3,save at NativeMethodAccessorImpl.java:0,445,396,0,1789806886108,1789806886118,10,False,7,7321009,1,0,6013,17367008,0,0,0,0,2088140,8922,0,0,0,0,0
3,save at NativeMethodAccessorImpl.java:0,447,398,0,1789806886112,1789806886119,7,False,4,4596966,1,0,6013,17104864,0,0,0,0,1007285,4307,0,0,0,0,0
3,save at NativeMethodAccessorImpl.java:0,449,400,0,1789806886115,1789806886125,10,False,7,7717514,1,0,6013,17367008,0,0,0,0,2106948,8997,0,0,0,0,0
3,save at NativeMethodAccessorImpl.java:0,448,399,0,1789806886113,1789806886125,12,False,10,10284806,1,0,6013,17367008,0,0,0,0,3181692,13586,0,0,0,0,0
3,save at NativeMethodAccessorImpl.java:0,451,402,0,1789806886119,1789806886127,8,False,5,5406895,1,0,6013,17104864,0,0,0,0,1371295,5839,0,0,0,0,0
3,save at NativeMethodAccessorImpl.java:0,450,401,0,1789806886118,1789806886127,9,False,7,7463160,1,0,6013,17367008,0,0,0,0,2121727,9061,0,0,0,0,0
3,save at NativeMethodAccessorImpl.java:0,454,405,0,1789806886127,1789806886135,8,False,5,5560518,1,0,6013,17104864,0,0,0,0,1382393,5887,0,0,0,0,0
3,save at NativeMethodAccessorImpl.java:0,455,406,0,1789806886127,1789806886135,8,False,5,5610566,1,0,6013,17104864,0,0,0,0,1379767,5876,0,0,0,0,0
3,save at NativeMethodAccessorImpl.java:0,453,404,0,1789806886125,1789806886135,10,False,7,7495519,1,0,6013,17367008,0,0,0,0,2082142,8894,0,0,0,0,0
3,save at NativeMethodAccessorImpl.java:0,452,403,0,1789806886125,1789806886136,11,False,8,8862495,1,0,6013,17367008,0,0,0,0,2469337,10544,0,0,0,0,0
3,save at NativeMethodAccessorImpl.java:0,458,409,0,1789806886135,1789806886142,7,False,4,4700357,1,0,6013,17104864,0,0,0,0,1053870,4501,0,0,0,0,0
3,save at NativeMethodAccessorImpl.java:0,459,410,0,1789806886136,1789806886143,7,False,4,4777866,1,0,6013,17104864,0,0,0,0,1064548,4545,0,0,0,0,0
3,save at NativeMethodAccessorImpl.java:0,456,407,0,1789806886135,1789806886143,8,False,5,5546566,1,0,6013,17104864,0,0,0,0,1391495,5930,0,0,0,0,0
3,save at NativeMethodAccessorImpl.java:0,457,408,0,1789806886135,1789806886145,10,False,7,7766270,1,0,6013,17367008,0,0,0,0,2100627,8971,0,0,0,0,0
3,save at NativeMethodAccessorImpl.java:0,460,411,0,1789806886142,1789806886147,5,False,2,2879632,1,0,6013,16908256,0,0,0,0,370191,1551,0,0,0,0,0
3,save at NativeMethodAccessorImpl.java:0,461,412,0,1789806886143,1789806886148,5,False,2,2915586,1,0,6013,16908256,0,0,0,0,350706,1466,0,0,0,0,0
3,save at NativeMethodAccessorImpl.java:0,462,413,0,1789806886143,1789806886150,7,False,4,4866586,1,0,6013,17104864,0,0,0,0,1024643,4375,0,0,0,0,0
3,save at NativeMethodAccessorImpl.java:0,463,414,0,1789806886145,1789806886156,11,False,8,8563800,1,0,6013,17367008,0,0,0,0,2429864,10376,0,0,0,0,0
3,save at NativeMethodAccessorImpl.java:0,465,416,0,1789806886148,1789806886157,9,False,7,7092389,1,0,6013,17104864,0,0,0,0,1394231,5941,0,0,0,0,0
3,save at NativeMethodAccessorImpl.java:0,464,415,0,1789806886147,1789806886157,10,False,7,7801199,1,0,6013,17367008,0,0,0,0,2083434,8901,0,0,0,0,0
3,save at NativeMethodAccessorImpl.java:0,466,417,0,1789806886150,1789806886159,9,False,6,6860266,1,0,6013,17104864,0,0,0,0,1747092,7475,0,0,0,0,0
3,save at NativeMethodAccessorImpl.java:0,467,418,0,1789806886155,1789806886164,9,False,6,6758360,1,0,6013,17104864,0,0,0,0,1766987,7560,0,0,0,0,0
3,save at NativeMethodAccessorImpl.java:0,469,420,0,1789806886157,1789806886165,8,False,5,5760583,1,0,6013,17104864,0,0,0,0,1428518,6089,0,0,0,0,0
3,save at NativeMethodAccessorImpl.java:0,470,421,0,1789806886158,1789806886169,11,False,8,8664436,1,0,6013,17367008,0,0,0,0,2412594,10298,0,0,0,0,0
3,save at NativeMethodAccessorImpl.java:0,468,419,0,1789806886157,1789806886170,13,False,9,9392476,2,0,6013,17367008,0,0,0,0,2790716,11941,0,0,0,0,0
3,save at NativeMethodAccessorImpl.java:0,471,422,0,1789806886164,1789806886173,9,False,6,6688350,1,0,6013,17104864,0,0,0,0,1745890,7472,0,0,0,0,0
3,save at NativeMethodAccessorImpl.java:0,472,423,0,1789806886165,1789806886175,10,False,7,7633310,1,0,6013,17367008,0,0,0,0,2075332,8863,0,0,0,0,0
3,save at NativeMethodAccessorImpl.java:0,473,424,0,1789806886169,1789806886179,10,False,7,7754308,1,0,6013,17367008,0,0,0,0,2124538,9073,0,0,0,0,0
3,save at NativeMethodAccessorImpl.java:0,474,425,0,1789806886170,1789806886181,11,False,8,8378456,1,0,6013,17104864,0,0,0,0,1414489,6026,0,0,0,0,0
3,save at NativeMethodAccessorImpl.java:0,476,427,0,1789806886175,1789806886181,6,False,3,3819735,1,0,6013,16973792,0,0,0,0,713234,3041,0,0,0,0,0
3,save at NativeMethodAccessorImpl.java:0,475,426,0,1789806886173,1789806886184,11,False,8,8262185,1,0,6013,17367008,0,0,0,0,2435056,10402,0,0,0,0,0
3,save at NativeMethodAccessorImpl.java:0,477,428,0,1789806886179,1789806886188,9,False,6,6550055,1,0,6013,17104864,0,0,0,0,1692606,7239,0,0,0,0,0
3,save at NativeMethodAccessorImpl.java:0,479,430,0,1789806886181,1789806886189,8,False,5,5792468,1,0,6013,17104864,0,0,0,0,1437229,6128,0,0,0,0,0
3,save at NativeMethodAccessorImpl.java:0,480,431,0,1789806886184,1789806886195,11,False,9,9208930,1,0,6013,17367008,0,0,0,0,2812295,12032,0,0,0,0,0
3,save at NativeMethodAccessorImpl.java:0,482,433,0,1789806886189,1789806886197,8,False,5,5644099,1,0,6013,17104864,0,0,0,0,1413627,6023,0,0,0,0,0
3,save at NativeMethodAccessorImpl.java:0,478,429,0,1789806886180,1789806886197,17,False,13,13082114,2,0,6013,17367008,0,0,0,0,2467670,10542,0,0,0,0,0
3,save at NativeMethodAccessorImpl.java:0,481,432,0,1789806886188,1789806886198,10,False,7,7591636,1,0,6013,17367008,0,0,0,0,2067200,8833,0,0,0,0,0
3,save at NativeMethodAccessorImpl.java:0,485,436,0,1789806886197,1789806886203,6,False,3,3760845,1,0,6013,16973792,0,0,0,0,680695,2896,0,0,0,0,0
3,save at NativeMethodAccessorImpl.java:0,483,434,0,1789806886195,1789806886205,10,False,7,7806920,1,0,6013,17367008,0,0,0,0,2108826,9006,0,0,0,0,0
3,save at NativeMethodAccessorImpl.java:0,484,435,0,1789806886196,1789806886206,10,False,7,7641183,1,0,6013,17367008,0,0,0,0,2047645,8750,0,0,0,0,0
3,save at NativeMethodAccessorImpl.java:0,486,437,0,1789806886198,1789806886208,10,False,7,7805386,1,0,6013,17104864,0,0,0,0,1740010,7444,0,0,0,0,0
3,save at NativeMethodAccessorImpl.java:0,488,439,0,1789806886205,1789806886211,6,False,3,3645265,1,0,6013,16973792,0,0,0,0,707634,3017,0,0,0,0,0
3,save at NativeMethodAccessorImpl.java:0,490,441,0,1789806886207,1789806886213,6,False,3,3769927,1,0,6013,16973792,0,0,0,0,702250,2993,0,0,0,0,0
3,save at NativeMethodAccessorImpl.java:0,487,438,0,1789806886202,1789806886215,13,False,10,10452950,1,0,6013,17367008,0,0,0,0,2473535,10565,0,0,0,0,0
3,save at NativeMethodAccessorImpl.java:0,489,440,0,1789806886206,1789806886216,10,False,6,6729755,1,0,6013,17104864,0,0,0,0,1727060,7387,0,0,0,0,0
3,save at NativeMethodAccessorImpl.java:0,492,443,0,1789806886213,1789806886221,8,False,5,5499726,1,0,6013,17104864,0,0,0,0,1402136,5977,0,0,0,0,0
3,save at NativeMethodAccessorImpl.java:0,491,442,0,1789806886211,1789806886224,13,False,11,11082151,1,0,6013,17367008,0,0,0,0,3468425,14821,0,0,0,0,0
3,save at NativeMethodAccessorImpl.java:0,494,445,0,1789806886215,1789806886227,12,False,9,9415184,1,0,6013,17367008,0,0,0,0,2790311,11939,0,0,0,0,0
3,save at NativeMethodAccessorImpl.java:0,495,446,0,1789806886221,1789806886229,8,False,5,5671314,1,0,6013,17104864,0,0,0,0,1425420,6073,0,0,0,0,0
3,save at NativeMethodAccessorImpl.java:0,493,444,0,1789806886215,1789806886229,14,False,12,12432822,1,0,6013,17891296,0,0,0,0,3879684,16575,0,0,0,0,0
3,save at NativeMethodAccessorImpl.java:0,496,447,0,1789806886224,1789806886233,9,False,6,6621182,1,0,6013,17104864,0,0,0,0,1755813,7514,0,0,0,0,0
3,save at NativeMethodAccessorImpl.java:0,498,449,0,1789806886228,1789806886234,6,False,3,3751474,1,0,6013,16973792,0,0,0,0,675538,2876,0,0,0,0,0
3,save at NativeMethodAccessorImpl.java:0,497,448,0,1789806886227,1789806886235,8,False,5,5747727,1,0,6013,17104864,0,0,0,0,1402090,5971,0,0,0,0,0
3,save at NativeMethodAccessorImpl.java:0,499,450,0,1789806886229,1789806886236,7,False,4,4818578,1,0,6013,17104864,0,0,0,0,1071735,4572,0,0,0,0,0
3,save at NativeMethodAccessorImpl.java:0,500,451,0,1789806886233,1789806886244,11,False,8,8452840,1,0,6013,17367008,0,0,0,0,2407522,10278,0,0,0,0,0
3,save at NativeMethodAccessorImpl.java:0,501,452,0,1789806886234,1789806886244,10,False,7,7883084,1,0,6013,17367008,0,0,0,0,2166136,9247,0,0,0,0,0
3,save at NativeMethodAccessorImpl.java:0,502,453,0,1789806886235,1789806886245,10,False,8,8662169,1,0,6013,17367008,0,0,0,0,2490596,10632,0,0,0,0,0
3,save at NativeMethodAccessorImpl.java:0,503,454,0,1789806886236,1789806886246,10,False,6,6730406,2,0,6013,17104864,0,0,0,0,1753082,7500,0,0,0,0,0
3,save at NativeMethodAccessorImpl.java:0,505,456,0,1789806886244,1789806886259,15,False,7,3873007,1,6,6099,16973792,0,0,0,0,706308,3014,0,0,0,0,0
3,save at NativeMethodAccessorImpl.java:0,506,457,0,1789806886245,1789806886260,15,False,7,5609797,6,6,6056,17104864,0,0,0,0,1058717,4521,0,0,0,0,0
3,save at NativeMethodAccessorImpl.java:0,507,458,0,1789806886246,1789806886261,15,False,12,6720097,1,6,6056,17104864,0,0,0,0,1425162,6072,0,0,0,0,0
3,save at NativeMethodAccessorImpl.java:0,504,455,0,1789806886243,1789806886266,23,False,19,13698716,1,6,6056,17891296,0,0,0,0,3840020,16418,0,0,0,0,0
3,save at NativeMethodAccessorImpl.java:0,509,460,0,1789806886260,1789806886274,14,False,9,9559390,3,0,6013,17104864,0,0,0,0,1388099,5913,0,0,0,0,0
3,save at NativeMethodAccessorImpl.java:0,510,461,0,1789806886261,1789806886277,16,False,12,12206913,1,0,6013,17367008,0,0,0,0,2076534,8869,0,0,0,0,0
3,save at NativeMethodAccessorImpl.java:0,508,459,0,1789806886258,1789806886278,20,False,15,14955710,3,0,6013,17367008,0,0,0,0,2787389,11927,0,0,0,0,0
3,save at NativeMethodAccessorImpl.java:0,511,462,0,1789806886265,1789806886280,15,False,7,6135923,1,0,6013,17104864,0,0,0,0,1064779,4544,0,0,0,0,0
3,save at NativeMethodAccessorImpl.java:0,512,463,0,1789806886274,1789806886296,22,False,14,10321910,2,3,6056,17104864,0,0,0,0,1746791,7475,0,0,0,0,0
3,save at NativeMethodAccessorImpl.java:0,513,464,0,1789806886276,1789806886296,20,False,12,9021935,3,3,6056,17104864,0,0,0,0,1396531,5949,0,0,0,0,0
3,save at NativeMethodAccessorImpl.java:0,515,466,0,1789806886279,1789806886296,17,False,12,8257395,1,3,6056,17104864,0,0,0,0,1731474,7397,0,0,0,0,0
3,save at NativeMethodAccessorImpl.java:0,514,465,0,1789806886277,1789806886298,21,False,16,12476176,2,3,6056,17367008,0,0,0,0,3128838,13369,0,0,0,0,0
3,save at NativeMethodAccessorImpl.java:0,516,467,0,1789806886295,1789806886306,11,False,6,6259415,2,0,6013,17104864,0,0,0,0,1390270,5922,0,0,0,0,0
3,save at NativeMethodAccessorImpl.java:0,517,468,0,1789806886295,1789806886308,13,False,8,8897169,2,0,6013,17367008,0,0,0,0,2416435,10316,0,0,0,0,0
3,save at NativeMethodAccessorImpl.java:0,518,469,0,1789806886296,1789806886311,15,False,11,11816614,2,0,6013,17367008,0,0,0,0,2131861,9104,0,0,0,0,0
3,save at NativeMethodAccessorImpl.java:0,520,471,0,1789806886306,1789806886313,7,False,5,5027997,1,0,6013,17104864,0,0,0,0,1033795,4417,0,0,0,0,0
3,save at NativeMethodAccessorImpl.java:0,521,472,0,1789806886308,1789806886314,6,False,3,3515035,1,0,6013,16973792,0,0,0,0,711964,3035,0,0,0,0,0
3,save at NativeMethodAccessorImpl.java:0,523,474,0,1789806886313,1789806886320,7,False,4,4692526,1,0,6013,17104864,0,0,0,0,1045117,4464,0,0,0,0,0
3,save at NativeMethodAccessorImpl.java:0,524,475,0,1789806886314,1789806886321,7,False,5,5388272,1,0,6013,17104864,0,0,0,0,1402751,5974,0,0,0,0,0
3,save at NativeMethodAccessorImpl.java:0,519,470,0,1789806886298,1789806886322,24,False,20,20693965,2,0,6013,17891296,0,0,0,0,4228429,18065,0,0,0,0,0
3,save at NativeMethodAccessorImpl.java:0,522,473,0,1789806886311,1789806886325,14,False,10,10950786,2,0,6013,17367008,0,0,0,0,2072714,8851,0,0,0,0,0
3,save at NativeMethodAccessorImpl.java:0,525,476,0,1789806886319,1789806886327,8,False,4,4988028,1,0,6013,17104864,0,0,0,0,1059318,4521,0,0,0,0,0
3,save at NativeMethodAccessorImpl.java:0,526,477,0,1789806886321,1789806886331,10,False,6,6852215,2,0,6013,17104864,0,0,0,0,1032184,4409,0,0,0,0,0
3,save at NativeMethodAccessorImpl.java:0,527,478,0,1789806886321,1789806886332,11,False,8,8072881,1,0,6013,17104864,0,0,0,0,1385990,5902,0,0,0,0,0
3,save at NativeMethodAccessorImpl.java:0,528,479,0,1789806886325,1789806886336,11,False,7,7053325,2,0,6013,17104864,0,0,0,0,1722318,7369,0,0,0,0,0
3,save at NativeMethodAccessorImpl.java:0,530,481,0,1789806886331,1789806886338,7,False,4,4815795,1,0,6013,17104864,0,0,0,0,1064630,4542,0,0,0,0,0
3,save at NativeMethodAccessorImpl.java:0,531,482,0,1789806886332,1789806886338,6,False,4,4579401,1,0,6013,17104864,0,0,0,0,1030330,4402,0,0,0,0,0
3,save at NativeMethodAccessorImpl.java:0,529,480,0,1789806886327,1789806886341,14,False,11,11581224,1,0,6013,17367008,0,0,0,0,3496304,14944,0,0,0,0,0
3,save at NativeMethodAccessorImpl.java:0,533,484,0,1789806886338,1789806886345,7,False,4,4579295,1,0,6013,17104864,0,0,0,0,1046001,4466,0,0,0,0,0
3,save at NativeMethodAccessorImpl.java:0,532,483,0,1789806886336,1789806886345,9,False,7,7418410,1,0,6013,17367008,0,0,0,0,2146753,9169,0,0,0,0,0
3,save at NativeMethodAccessorImpl.java:0,534,485,0,1789806886338,1789806886346,8,False,5,5544827,1,0,6013,17104864,0,0,0,0,1395724,5942,0,0,0,0,0
3,save at NativeMethodAccessorImpl.java:0,538,489,0,1789806886346,1789806886352,6,False,3,3540751,1,0,6013,16973792,0,0,0,0,706129,3009,0,0,0,0,0
3,save at NativeMethodAccessorImpl.java:0,535,486,0,1789806886341,1789806886352,11,False,8,8778818,1,0,6013,17367008,0,0,0,0,2503203,10695,0,0,0,0,0
3,save at NativeMethodAccessorImpl.java:0,536,487,0,1789806886345,1789806886352,7,False,5,5519231,1,0,6013,17104864,0,0,0,0,1408785,6001,0,0,0,0,0
3,save at NativeMethodAccessorImpl.java:0,537,488,0,1789806886345,1789806886357,12,False,9,9599364,1,0,6013,17367008,0,0,0,0,2764249,11827,0,0,0,0,0
3,save at NativeMethodAccessorImpl.java:0,540,491,0,1789806886352,1789806886358,6,False,4,4724380,1,0,6013,17104864,0,0,0,0,1051366,4489,0,0,0,0,0
3,save at NativeMethodAccessorImpl.java:0,541,492,0,1789806886352,1789806886360,8,False,5,5662737,1,0,6013,17104864,0,0,0,0,1435071,6116,0,0,0,0,0
3,save at NativeMethodAccessorImpl.java:0,542,493,0,1789806886357,1789806886363,6,False,4,4662255,1,0,6013,17104864,0,0,0,0,1038837,4436,0,0,0,0,0
3,save at NativeMethodAccessorImpl.java:0,539,490,0,1789806886351,1789806886363,12,False,9,9513605,1,0,6013,17367008,0,0,0,0,2760788,11808,0,0,0,0,0
3,save at NativeMethodAccessorImpl.java:0,543,494,0,1789806886358,1789806886366,8,False,5,5219624,1,0,6013,17104864,0,0,0,0,1069887,4564,0,0,0,0,0
3,save at NativeMethodAccessorImpl.java:0,544,495,0,1789806886360,1789806886370,10,False,7,7376449,1,0,6013,17367008,0,0,0,0,2106634,8998,0,0,0,0,0
3,save at NativeMethodAccessorImpl.java:0,545,496,0,1789806886363,1789806886370,7,False,4,4889883,1,0,6013,17104864,0,0,0,0,1053503,4499,0,0,0,0,0
3,save at NativeMethodAccessorImpl.java:0,546,497,0,1789806886363,1789806886371,8,False,5,5693225,1,0,6013,17104864,0,0,0,0,1420494,6054,0,0,0,0,0
3,save at NativeMethodAccessorImpl.java:0,547,498,0,1789806886366,1789806886373,7,False,5,5264507,1,0,6013,17104864,0,0,0,0,1374274,5853,0,0,0,0,0
3,save at NativeMethodAccessorImpl.java:0,550,501,0,1789806886371,1789806886378,7,False,4,4724514,1,0,6013,17104864,0,0,0,0,1064343,4540,0,0,0,0,0
3,save at NativeMethodAccessorImpl.java:0,548,499,0,1789806886369,1789806886378,9,False,6,6464496,1,0,6013,17104864,0,0,0,0,1751055,7489,0,0,0,0,0
3,save at NativeMethodAccessorImpl.java:0,549,500,0,1789806886370,1789806886379,9,False,6,6698961,1,0,6013,17104864,0,0,0,0,1728661,7392,0,0,0,0,0
3,save at NativeMethodAccessorImpl.java:0,553,504,0,1789806886378,1789806886384,6,False,3,3603729,1,0,6013,16973792,0,0,0,0,715662,3051,0,0,0,0,0
3,save at NativeMethodAccessorImpl.java:0,554,505,0,1789806886379,1789806886388,9,False,6,6422505,1,0,6013,17104864,0,0,0,0,1731758,7410,0,0,0,0,0
3,save at NativeMethodAccessorImpl.java:0,551,502,0,1789806886373,1789806886388,15,False,13,13480653,1,0,6013,17367008,0,0,0,0,2747335,11758,0,0,0,0,0
3,save at NativeMethodAccessorImpl.java:0,552,503,0,1789806886378,1789806886388,10,False,8,8562536,1,0,6013,17367008,0,0,0,0,2472893,10559,0,0,0,0,0
3,save at NativeMethodAccessorImpl.java:0,555,506,0,1789806886383,1789806886393,10,False,7,7395326,1,0,6013,17367008,0,0,0,0,2118825,9047,0,0,0,0,0
3,save at NativeMethodAccessorImpl.java:0,556,507,0,1789806886388,1789806886394,6,False,3,3650734,1,0,6013,16973792,0,0,0,0,671560,2858,0,0,0,0,0
3,save at NativeMethodAccessorImpl.java:0,557,508,0,1789806886388,1789806886400,12,False,9,9404295,1,0,6013,17367008,0,0,0,0,2805041,12005,0,0,0,0,0
3,save at NativeMethodAccessorImpl.java:0,560,511,0,1789806886394,1789806886401,7,False,5,5627275,1,0,6013,17104864,0,0,0,0,1385158,5900,0,0,0,0,0
3,save at NativeMethodAccessorImpl.java:0,558,509,0,1789806886388,1789806886403,15,False,11,11353519,2,0,6013,17367008,0,0,0,0,2077632,8873,0,0,0,0,0
3,save at NativeMethodAccessorImpl.java:0,559,510,0,1789806886393,1789806886406,13,False,11,11059923,1,0,6013,17367008,0,0,0,0,3520211,15054,0,0,0,0,0
3,save at NativeMethodAccessorImpl.java:0,561,512,0,1789806886400,1789806886408,8,False,5,5739097,1,0,6013,17104864,0,0,0,0,1392562,5933,0,0,0,0,0
3,save at NativeMethodAccessorImpl.java:0,562,513,0,1789806886401,1789806886410,9,False,5,5946754,1,0,6013,17104864,0,0,0,0,1412075,6018,0,0,0,0,0
3,save at NativeMethodAccessorImpl.java:0,565,516,0,1789806886408,1789806886417,9,False,6,6649326,1,0,6013,17104864,0,0,0,0,1755213,7506,0,0,0,0,0
3,save at NativeMethodAccessorImpl.java:0,563,514,0,1789806886403,1789806886418,15,False,11,11830299,2,0,6013,17367008,0,0,0,0,2435492,10404,0,0,0,0,0
3,save at NativeMethodAccessorImpl.java:0,564,515,0,1789806886406,1789806886418,12,False,9,9003283,2,0,6013,17367008,0,0,0,0,2153768,9188,0,0,0,0,0
3,save at NativeMethodAccessorImpl.java:0,566,517,0,1789806886409,1789806886418,9,False,6,6591538,1,0,6013,17104864,0,0,0,0,1747262,7473,0,0,0,0,0
3,save at NativeMethodAccessorImpl.java:0,567,518,0,1789806886417,1789806886424,7,False,4,4248517,2,0,6013,16908256,0,0,0,0,354142,1481,0,0,0,0,0
3,save at NativeMethodAccessorImpl.java:0,569,520,0,1789806886418,1789806886428,10,False,7,7923263,1,0,6013,17104864,0,0,0,0,1390008,5921,0,0,0,0,0
3,save at NativeMethodAccessorImpl.java:0,568,519,0,1789806886418,1789806886429,11,False,8,8972175,1,0,6013,17367008,0,0,0,0,2142980,9152,0,0,0,0,0
3,save at NativeMethodAccessorImpl.java:0,570,521,0,1789806886418,1789806886429,11,False,8,8735931,1,0,6013,17367008,0,0,0,0,2440015,10421,0,0,0,0,0
3,save at NativeMethodAccessorImpl.java:0,571,522,0,1789806886424,1789806886433,9,False,6,6710092,1,0,6013,17104864,0,0,0,0,1714297,7333,0,0,0,0,0
3,save at NativeMethodAccessorImpl.java:0,573,524,0,1789806886429,1789806886436,7,False,4,4891438,1,0,6013,17104864,0,0,0,0,1077308,4597,0,0,0,0,0
3,save at NativeMethodAccessorImpl.java:0,574,525,0,1789806886429,1789806886443,14,False,11,8509423,1,2,6056,17367008,0,0,0,0,2465696,10531,0,0,0,0,0
3,save at NativeMethodAccessorImpl.java:0,572,523,0,1789806886428,1789806886445,17,False,13,10430782,2,2,6056,17367008,0,0,0,0,2862735,12250,0,0,0,0,0
3,save at NativeMethodAccessorImpl.java:0,576,527,0,1789806886436,1789806886445,9,False,3,3879483,4,2,6056,16973792,0,0,0,0,721928,3077,0,0,0,0,0
3,save at NativeMethodAccessorImpl.java:0,575,526,0,1789806886432,1789806886447,15,False,12,9631852,1,2,6056,17367008,0,0,0,0,2080178,8887,0,0,0,0,0
3,save at NativeMethodAccessorImpl.java:0,579,530,0,1789806886445,1789806886452,7,False,4,4548692,1,0,6013,17104864,0,0,0,0,1036949,4430,0,0,0,0,0
3,save at NativeMethodAccessorImpl.java:0,580,531,0,1789806886447,1789806886453,6,False,3,3465026,1,0,6013,16973792,0,0,0,0,692797,2951,0,0,0,0,0
3,save at NativeMethodAccessorImpl.java:0,578,529,0,1789806886445,1789806886453,8,False,6,6455124,1,0,6013,17104864,0,0,0,0,1730663,7402,0,0,0,0,0
3,save at NativeMethodAccessorImpl.java:0,577,528,0,1789806886443,1789806886454,11,False,8,8574727,1,0,6013,17367008,0,0,0,0,2443477,10430,0,0,0,0,0
3,save at NativeMethodAccessorImpl.java:0,582,533,0,1789806886453,1789806886458,5,False,3,3565141,1,0,6013,16973792,0,0,0,0,691380,2947,0,0,0,0,0
3,save at NativeMethodAccessorImpl.java:0,584,535,0,1789806886453,1789806886463,10,False,7,7384575,1,0,6013,17367008,0,0,0,0,2079386,8881,0,0,0,0,0
3,save at NativeMethodAccessorImpl.java:0,581,532,0,1789806886452,1789806886464,12,False,9,9204380,1,0,6013,17367008,0,0,0,0,2748769,11761,0,0,0,0,0
3,save at NativeMethodAccessorImpl.java:0,583,534,0,1789806886453,1789806886464,11,False,8,8118026,1,0,6013,17104864,0,0,0,0,1741558,7453,0,0,0,0,0
3,save at NativeMethodAccessorImpl.java:0,585,536,0,1789806886458,1789806886467,9,False,6,6479776,1,0,6013,17104864,0,0,0,0,1775203,7592,0,0,0,0,0
3,save at NativeMethodAccessorImpl.java:0,587,538,0,1789806886463,1789806886470,7,False,4,4508735,1,0,6013,17104864,0,0,0,0,1053401,4496,0,0,0,0,0
3,save at NativeMethodAccessorImpl.java:0,586,537,0,1789806886463,1789806886472,9,False,6,6411716,1,0,6013,17104864,0,0,0,0,1752911,7500,0,0,0,0,0
3,save at NativeMethodAccessorImpl.java:0,588,539,0,1789806886463,1789806886475,12,False,8,8329888,2,0,6013,17104864,0,0,0,0,1406132,5989,0,0,0,0,0
3,save at NativeMethodAccessorImpl.java:0,590,541,0,1789806886470,1789806886476,6,False,3,3504242,1,0,6013,16973792,0,0,0,0,694787,2960,0,0,0,0,0
3,save at NativeMethodAccessorImpl.java:0,589,540,0,1789806886467,1789806886476,9,False,6,6457012,1,0,6013,17104864,0,0,0,0,1723447,7372,0,0,0,0,0
3,save at NativeMethodAccessorImpl.java:0,591,542,0,1789806886471,1789806886476,5,False,2,2828678,1,0,6013,16908256,0,0,0,0,360233,1506,0,0,0,0,0
3,save at NativeMethodAccessorImpl.java:0,594,545,0,1789806886476,1789806886483,7,False,4,4725971,1,0,6013,17104864,0,0,0,0,1063738,4541,0,0,0,0,0
3,save at NativeMethodAccessorImpl.java:0,593,544,0,1789806886475,1789806886483,8,False,5,5407820,1,0,6013,17104864,0,0,0,0,1396108,5946,0,0,0,0,0
3,save at NativeMethodAccessorImpl.java:0,595,546,0,1789806886476,1789806886484,8,False,5,5522491,1,0,6013,17104864,0,0,0,0,1386262,5902,0,0,0,0,0
3,save at NativeMethodAccessorImpl.java:0,592,543,0,1789806886475,1789806886489,14,False,11,11205279,1,0,6013,17367008,0,0,0,0,3517599,15040,0,0,0,0,0
3,save at NativeMethodAccessorImpl.java:0,597,548,0,1789806886483,1789806886493,10,False,8,8191993,1,0,6013,17367008,0,0,0,0,2465199,10531,0,0,0,0,0
3,save at NativeMethodAccessorImpl.java:0,596,547,0,1789806886482,1789806886493,11,False,8,8503434,1,0,6013,17367008,0,0,0,0,2457687,10496,0,0,0,0,0
3,save at NativeMethodAccessorImpl.java:0,599,550,0,1789806886489,1789806886493,4,False,2,2585773,1,0,6013,16908256,0,0,0,0,350155,1464,0,0,0,0,0
3,save at NativeMethodAccessorImpl.java:0,598,549,0,1789806886484,1789806886495,11,False,9,9491212,1,0,6013,17367008,0,0,0,0,2830236,12112,0,0,0,0,0
3,save at NativeMethodAccessorImpl.java:0,603,554,0,1789806886495,1789806886502,7,False,4,4505858,1,0,6013,17104864,0,0,0,0,1030995,4404,0,0,0,0,0
3,save at NativeMethodAccessorImpl.java:0,602,553,0,1789806886493,1789806886502,9,False,6,6468885,1,0,6013,17104864,0,0,0,0,1751652,7499,0,0,0,0,0
3,save at NativeMethodAccessorImpl.java:0,600,551,0,1789806886493,1789806886503,10,False,7,7640696,1,0,6013,17367008,0,0,0,0,2088190,8913,0,0,0,0,0
3,save at NativeMethodAccessorImpl.java:0,601,552,0,1789806886493,1789806886505,12,False,10,10197965,1,0,6013,17367008,0,0,0,0,3122831,13345,0,0,0,0,0
3,save at NativeMethodAccessorImpl.java:0,604,555,0,1789806886502,1789806886507,5,False,3,3636675,1,0,6013,16973792,0,0,0,0,712242,3037,0,0,0,0,0
3,save at NativeMethodAccessorImpl.java:0,606,557,0,1789806886503,1789806886511,8,False,6,6491183,1,0,6013,17104864,0,0,0,0,1760528,7536,0,0,0,0,0
3,save at NativeMethodAccessorImpl.java:0,605,556,0,1789806886502,1789806886512,10,False,7,7632602,1,0,6013,17367008,0,0,0,0,2090840,8927,0,0,0,0,0
3,save at NativeMethodAccessorImpl.java:0,607,558,0,1789806886505,1789806886513,8,False,5,5555888,1,0,6013,17104864,0,0,0,0,1395073,5943,0,0,0,0,0
3,save at NativeMethodAccessorImpl.java:0,608,559,0,1789806886507,1789806886513,6,False,3,3682642,1,0,6013,16973792,0,0,0,0,728235,3108,0,0,0,0,0
3,save at NativeMethodAccessorImpl.java:0,610,561,0,1789806886511,1789806886521,10,False,7,7594392,1,0,6013,17367008,0,0,0,0,2102179,8970,0,0,0,0,0
3,save at NativeMethodAccessorImpl.java:0,609,560,0,1789806886511,1789806886523,12,False,8,8567843,1,0,6013,17367008,0,0,0,0,2466762,10542,0,0,0,0,0
3,save at NativeMethodAccessorImpl.java:0,611,562,0,1789806886513,1789806886523,10,False,7,7483850,1,0,6013,17367008,0,0,0,0,2097231,8958,0,0,0,0,0
3,save at NativeMethodAccessorImpl.java:0,612,563,0,1789806886513,1789806886526,13,False,10,10224843,1,0,6013,17367008,0,0,0,0,3157897,13485,0,0,0,0,0
3,save at NativeMethodAccessorImpl.java:0,614,565,0,1789806886522,1789806886529,7,False,4,4609705,1,0,6013,17104864,0,0,0,0,1065109,4542,0,0,0,0,0
3,save at NativeMethodAccessorImpl.java:0,613,564,0,1789806886521,1789806886531,10,False,7,7567366,1,0,6013,17367008,0,0,0,0,2081719,8892,0,0,0,0,0
3,save at NativeMethodAccessorImpl.java:0,616,567,0,1789806886526,1789806886531,5,False,3,3543036,1,0,6013,16973792,0,0,0,0,709432,3024,0,0,0,0,0
3,save at NativeMethodAccessorImpl.java:0,615,566,0,1789806886522,1789806886532,10,False,7,7579957,1,0,6013,17367008,0,0,0,0,2105503,8991,0,0,0,0,0
3,save at NativeMethodAccessorImpl.java:0,617,568,0,1789806886529,1789806886539,10,False,7,7661281,1,0,6013,17367008,0,0,0,0,2093177,8939,0,0,0,0,0
3,save at NativeMethodAccessorImpl.java:0,619,570,0,1789806886531,1789806886539,8,False,5,5509659,1,0,6013,17104864,0,0,0,0,1375040,5859,0,0,0,0,0
3,save at NativeMethodAccessorImpl.java:0,618,569,0,1789806886531,1789806886540,9,False,6,6409218,1,0,6013,17104864,0,0,0,0,1746695,7470,0,0,0,0,0
3,save at NativeMethodAccessorImpl.java:0,620,571,0,1789806886532,1789806886542,10,False,7,7324912,1,0,6013,17367008,0,0,0,0,2099088,8963,0,0,0,0,0
3,save at NativeMethodAccessorImpl.java:0,621,572,0,1789806886539,1789806886546,7,False,4,4792348,1,0,6013,17104864,0,0,0,0,1034028,4417,0,0,0,0,0
3,save at NativeMethodAccessorImpl.java:0,622,573,0,1789806886539,1789806886547,8,False,5,5825239,1,0,6013,17104864,0,0,0,0,1417407,6040,0,0,0,0,0
3,save at NativeMethodAccessorImpl.java:0,623,574,0,1789806886540,1789806886548,8,False,6,6581699,1,0,6013,17104864,0,0,0,0,1749410,7483,0,0,0,0,0
3,save at NativeMethodAccessorImpl.java:0,624,575,0,1789806886541,1789806886550,9,False,6,6621210,1,0,6013,17104864,0,0,0,0,1760141,7531,0,0,0,0,0
3,save at NativeMethodAccessorImpl.java:0,626,577,0,1789806886547,1789806886554,7,False,4,4711393,1,0,6013,17104864,0,0,0,0,1052093,4490,0,0,0,0,0
3,save at NativeMethodAccessorImpl.java:0,628,579,0,1789806886550,1789806886558,8,False,5,5504097,1,0,6013,17104864,0,0,0,0,1394256,5939,0,0,0,0,0
3,save at NativeMethodAccessorImpl.java:0,627,578,0,1789806886548,1789806886559,11,False,8,8929022,1,0,6013,17367008,0,0,0,0,2473879,10566,0,0,0,0,0
3,save at NativeMethodAccessorImpl.java:0,625,576,0,1789806886546,1789806886560,14,False,12,12147553,1,0,6013,17367008,0,0,0,0,2791778,11939,0,0,0,0,0
3,save at NativeMethodAccessorImpl.java:0,629,580,0,1789806886554,1789806886563,9,False,7,7211789,1,0,6013,17367008,0,0,0,0,2075372,8869,0,0,0,0,0
3,save at NativeMethodAccessorImpl.java:0,630,581,0,1789806886558,1789806886569,11,False,8,8418960,1,0,6013,17367008,0,0,0,0,2443909,10440,0,0,0,0,0
3,save at NativeMethodAccessorImpl.java:0,633,584,0,1789806886563,1789806886571,8,False,5,5494907,1,0,6013,17104864,0,0,0,0,1437064,6125,0,0,0,0,0
3,save at NativeMethodAccessorImpl.java:0,631,582,0,1789806886559,1789806886571,12,False,8,8554920,2,0,6013,17367008,0,0,0,0,2449999,10466,0,0,0,0,0
3,save at NativeMethodAccessorImpl.java:0,632,583,0,1789806886560,1789806886572,12,False,8,8369318,2,0,6013,17367008,0,0,0,0,2084357,8905,0,0,0,0,0
3,save at NativeMethodAccessorImpl.java:0,635,586,0,1789806886570,1789806886577,7,False,4,4486652,1,0,6013,17104864,0,0,0,0,1024126,4379,0,0,0,0,0
3,save at NativeMethodAccessorImpl.java:0,634,585,0,1789806886568,1789806886579,11,False,7,7766387,1,0,6013,17367008,0,0,0,0,2126619,9078,0,0,0,0,0
3,save at NativeMethodAccessorImpl.java:0,637,588,0,1789806886572,1789806886582,10,False,6,6706623,2,0,6013,17104864,0,0,0,0,1020054,4361,0,0,0,0,0
3,save at NativeMethodAccessorImpl.java:0,636,587,0,1789806886571,1789806886582,11,False,9,9460585,1,0,6013,17367008,0,0,0,0,2822704,12074,0,0,0,0,0
3,save at NativeMethodAccessorImpl.java:0,639,590,0,1789806886578,1789806886587,9,False,6,6618686,1,0,6013,17104864,0,0,0,0,1746168,7472,0,0,0,0,0
3,save at NativeMethodAccessorImpl.java:0,638,589,0,1789806886577,1789806886589,12,False,9,9686179,1,0,6013,17367008,0,0,0,0,2433787,10396,0,0,0,0,0
3,save at NativeMethodAccessorImpl.java:0,640,591,0,1789806886582,1789806886592,10,False,6,6796263,2,0,6013,17104864,0,0,0,0,1037166,4432,0,0,0,0,0
3,save at NativeMethodAccessorImpl.java:0,641,592,0,1789806886582,1789806886593,11,False,8,8743021,1,0,6013,17367008,0,0,0,0,2116866,9034,0,0,0,0,0
3,save at NativeMethodAccessorImpl.java:0,642,593,0,1789806886587,1789806886593,6,False,3,3608569,1,0,6013,16908256,0,0,0,0,343915,1436,0,0,0,0,0
3,save at NativeMethodAccessorImpl.java:0,644,595,0,1789806886592,1789806886598,6,False,2,2636397,2,0,6013,16908256,0,0,0,0,344791,1441,0,0,0,0,0
3,save at NativeMethodAccessorImpl.java:0,646,597,0,1789806886593,1789806886602,9,False,6,6523246,1,0,6013,17104864,0,0,0,0,1766428,7560,0,0,0,0,0
3,save at NativeMethodAccessorImpl.java:0,645,596,0,1789806886593,1789806886603,10,False,6,6767949,2,0,6013,17104864,0,0,0,0,1049293,4482,0,0,0,0,0
3,save at NativeMethodAccessorImpl.java:0,643,594,0,1789806886589,1789806886607,18,False,13,13936771,2,0,6013,17367008,0,0,0,0,2788457,11934,0,0,0,0,0
3,save at NativeMethodAccessorImpl.java:0,648,599,0,1789806886602,1789806886608,6,False,3,3645996,1,0,6013,16973792,0,0,0,0,705718,3007,0,0,0,0,0
3,save at NativeMethodAccessorImpl.java:0,647,598,0,1789806886597,1789806886608,11,False,8,8540633,1,0,6013,17367008,0,0,0,0,2435008,10399,0,0,0,0,0
3,save at NativeMethodAccessorImpl.java:0,652,603,0,1789806886608,1789806886625,17,False,13,6462927,1,7,6056,17104864,0,0,0,0,1401885,5970,0,0,0,0,0
3,save at NativeMethodAccessorImpl.java:0,649,600,0,1789806886603,1789806886625,22,False,16,10304237,2,7,6056,17104864,0,0,0,0,1746418,7471,0,0,0,0,0
3,save at NativeMethodAccessorImpl.java:0,651,602,0,1789806886607,1789806886626,19,False,11,8607675,5,7,6056,17104864,0,0,0,0,1746700,7472,0,0,0,0,0
3,save at NativeMethodAccessorImpl.java:0,650,601,0,1789806886606,1789806886628,22,False,14,11816594,6,7,6056,17367008,0,0,0,0,2448933,10460,0,0,0,0,0
3,save at NativeMethodAccessorImpl.java:0,656,607,0,1789806886628,1789806886635,7,False,3,3971153,2,0,6013,16908256,0,0,0,0,343826,1437,0,0,0,0,0
3,save at NativeMethodAccessorImpl.java:0,654,605,0,1789806886625,1789806886636,11,False,7,7643999,2,0,6013,17104864,0,0,0,0,1049911,4484,0,0,0,0,0
3,save at NativeMethodAccessorImpl.java:0,655,606,0,1789806886625,1789806886641,16,False,11,11661153,2,0,6013,17104864,0,0,0,0,1769283,7573,0,0,0,0,0
3,save at NativeMethodAccessorImpl.java:0,658,609,0,1789806886636,1789806886649,13,False,9,5594351,1,4,6056,17104864,0,0,0,0,1055508,4508,0,0,0,0,0
3,save at NativeMethodAccessorImpl.java:0,657,608,0,1789806886635,1789806886651,16,False,12,8693159,2,4,6056,17104864,0,0,0,0,1417377,6038,0,0,0,0,0
3,save at NativeMethodAccessorImpl.java:0,653,604,0,1789806886624,1789806886651,27,False,22,18509027,3,4,6056,17367008,0,0,0,0,3165731,13523,0,0,0,0,0
3,save at NativeMethodAccessorImpl.java:0,659,610,0,1789806886641,1789806886660,19,False,6,6374601,7,6,6099,16908256,0,0,0,0,346815,1450,0,0,0,0,0
3,save at NativeMethodAccessorImpl.java:0,661,612,0,1789806886651,1789806886662,11,False,8,5747704,2,2,6056,17104864,0,0,0,0,1066412,4551,0,0,0,0,0
3,save at NativeMethodAccessorImpl.java:0,660,611,0,1789806886649,1789806886667,18,False,15,12602458,1,2,6056,17367008,0,0,0,0,2119578,9051,0,0,0,0,0
3,save at NativeMethodAccessorImpl.java:0,664,615,0,1789806886662,1789806886668,6,False,3,3894633,1,0,6013,16973792,0,0,0,0,700757,2986,0,0,0,0,0
3,save at NativeMethodAccessorImpl.java:0,663,614,0,1789806886659,1789806886670,11,False,7,7184467,2,0,6013,17104864,0,0,0,0,1761342,7532,0,0,0,0,0
3,save at NativeMethodAccessorImpl.java:0,662,613,0,1789806886651,1789806886676,25,False,21,19130250,2,2,6056,17367008,0,0,0,0,2815445,12051,0,0,0,0,0
3,save at NativeMethodAccessorImpl.java:0,666,617,0,1789806886668,1789806886678,10,False,7,7895228,1,0,6013,17367008,0,0,0,0,2105061,8988,0,0,0,0,0
3,save at NativeMethodAccessorImpl.java:0,667,618,0,1789806886670,1789806886686,16,False,12,9175375,1,4,6056,17367008,0,0,0,0,2460129,10510,0,0,0,0,0
3,save at NativeMethodAccessorImpl.java:0,665,616,0,1789806886667,1789806886689,22,False,18,14929892,2,4,6056,17367008,0,0,0,0,2814027,12038,0,0,0,0,0
3,save at NativeMethodAccessorImpl.java:0,669,620,0,1789806886678,1789806886698,20,False,8,8636508,5,7,6099,17104864,0,0,0,0,1739927,7445,0,0,0,0,0
3,save at NativeMethodAccessorImpl.java:0,670,621,0,1789806886686,1789806886698,12,False,8,5435215,2,3,6056,17104864,0,0,0,0,1039370,4441,0,0,0,0,0
3,save at NativeMethodAccessorImpl.java:0,672,623,0,1789806886697,1789806886706,9,False,5,5335758,2,0,6013,17104864,0,0,0,0,1057173,4514,0,0,0,0,0
3,save at NativeMethodAccessorImpl.java:0,673,624,0,1789806886698,1789806886708,10,False,7,7383743,2,0,6013,17104864,0,0,0,0,1768226,7569,0,0,0,0,0
3,save at NativeMethodAccessorImpl.java:0,668,619,0,1789806886676,1789806886709,33,False,25,22550482,7,7,6056,17891296,0,0,0,0,3858442,16493,0,0,0,0,0
3,save at NativeMethodAccessorImpl.java:0,671,622,0,1789806886689,1789806886713,24,False,20,17576565,2,3,6056,17367008,0,0,0,0,2515643,10744,0,0,0,0,0
3,save at NativeMethodAccessorImpl.java:0,675,626,0,1789806886708,1789806886715,7,False,5,5066408,1,0,6013,17104864,0,0,0,0,1040147,4443,0,0,0,0,0
3,save at NativeMethodAccessorImpl.java:0,676,627,0,1789806886709,1789806886724,15,False,9,5588660,3,3,6056,17104864,0,0,0,0,1052081,4490,0,0,0,0,0
3,save at NativeMethodAccessorImpl.java:0,674,625,0,1789806886706,1789806886724,18,False,13,9983783,1,3,6056,17367008,0,0,0,0,2413503,10306,0,0,0,0,0
3,save at NativeMethodAccessorImpl.java:0,677,628,0,1789806886713,1789806886737,24,False,16,12363799,2,6,6099,17367008,0,0,0,0,2126537,9076,0,0,0,0,0
3,save at NativeMethodAccessorImpl.java:0,678,629,0,1789806886715,1789806886737,22,False,10,10750112,5,6,6056,17367008,0,0,0,0,2776687,11880,0,0,0,0,0
3,save at NativeMethodAccessorImpl.java:0,680,631,0,1789806886723,1789806886737,14,False,8,6415109,3,3,6056,16973792,0,0,0,0,709062,3023,0,0,0,0,0
3,save at NativeMethodAccessorImpl.java:0,679,630,0,1789806886723,1789806886739,16,False,11,9538077,2,3,6056,17104864,0,0,0,0,1728603,7396,0,0,0,0,0
3,save at NativeMethodAccessorImpl.java:0,683,634,0,1789806886737,1789806886748,11,False,7,7242556,3,0,6013,17104864,0,0,0,0,1010568,4318,0,0,0,0,0
3,save at NativeMethodAccessorImpl.java:0,681,632,0,1789806886736,1789806886752,16,False,12,12440061,2,0,6013,17367008,0,0,0,0,2785669,11915,0,0,0,0,0
3,save at NativeMethodAccessorImpl.java:0,682,633,0,1789806886736,1789806886755,19,False,14,14322298,3,0,6013,17367008,0,0,0,0,2126784,9085,0,0,0,0,0
3,save at NativeMethodAccessorImpl.java:0,685,636,0,1789806886748,1789806886756,8,False,6,6210276,1,0,6013,17104864,0,0,0,0,1444576,6158,0,0,0,0,0
3,save at NativeMethodAccessorImpl.java:0,686,637,0,1789806886752,1789806886759,7,False,4,4011120,1,0,6013,16973792,0,0,0,0,721300,3077,0,0,0,0,0
3,save at NativeMethodAccessorImpl.java:0,688,639,0,1789806886756,1789806886773,17,False,13,4271981,1,9,6056,16973792,0,0,0,0,675168,2875,0,0,0,0,0
3,save at NativeMethodAccessorImpl.java:0,684,635,0,1789806886739,1789806886773,34,False,29,19900090,3,9,6056,17367008,0,0,0,0,3822009,16339,0,0,0,0,0
3,save at NativeMethodAccessorImpl.java:0,687,638,0,1789806886754,1789806886780,26,False,17,8062973,3,11,6099,17104864,0,0,0,0,1412671,6019,0,0,0,0,0
3,save at NativeMethodAccessorImpl.java:0,689,640,0,1789806886758,1789806886788,30,False,16,14235012,12,11,6056,17367008,0,0,0,0,2426151,10361,0,0,0,0,0
3,save at NativeMethodAccessorImpl.java:0,692,643,0,1789806886779,1789806886788,9,False,5,5521987,2,0,6013,17104864,0,0,0,0,1056056,4509,0,0,0,0,0
3,save at NativeMethodAccessorImpl.java:0,690,641,0,1789806886773,1789806886790,17,False,11,11624451,4,2,6056,17367008,0,0,0,0,2468540,10543,0,0,0,0,0
3,save at NativeMethodAccessorImpl.java:0,691,642,0,1789806886773,1789806886792,19,False,12,12901537,5,2,6056,17367008,0,0,0,0,2145604,9165,0,0,0,0,0
3,save at NativeMethodAccessorImpl.java:0,694,645,0,1789806886788,1789806886799,11,False,8,8307570,1,0,6013,17367008,0,0,0,0,2100226,8972,0,0,0,0,0
3,save at NativeMethodAccessorImpl.java:0,696,647,0,1789806886792,1789806886808,16,False,10,7280503,2,3,6056,17104864,0,0,0,0,1058560,4519,0,0,0,0,0
3,save at NativeMethodAccessorImpl.java:0,693,644,0,1789806886788,1789806886808,20,False,17,13815821,1,3,6056,17367008,0,0,0,0,2766879,11843,0,0,0,0,0
3,save at NativeMethodAccessorImpl.java:0,695,646,0,1789806886790,1789806886809,19,False,15,11853230,2,3,6056,17367008,0,0,0,0,2415030,10312,0,0,0,0,0
3,save at NativeMethodAccessorImpl.java:0,699,650,0,1789806886808,1789806886816,8,False,5,4810210,1,0,6013,17104864,0,0,0,0,1058736,4519,0,0,0,0,0
3,save at NativeMethodAccessorImpl.java:0,700,651,0,1789806886809,1789806886819,10,False,7,6875768,2,0,6013,17104864,0,0,0,0,1760525,7538,0,0,0,0,0
3,save at NativeMethodAccessorImpl.java:0,697,648,0,1789806886799,1789806886821,22,False,15,15354030,6,3,6056,17891296,0,0,0,0,3885362,16603,0,0,0,0,0
3,save at NativeMethodAccessorImpl.java:0,698,649,0,1789806886808,1789806886822,14,False,10,10062728,3,0,6013,17104864,0,0,0,0,1753325,7497,0,0,0,0,0
3,save at NativeMethodAccessorImpl.java:0,701,652,0,1789806886816,1789806886825,9,False,7,7463590,1,0,6013,17367008,0,0,0,0,2065975,8825,0,0,0,0,0
3,save at NativeMethodAccessorImpl.java:0,703,654,0,1789806886821,1789806886826,5,False,2,2680905,1,0,6013,16908256,0,0,0,0,342597,1431,0,0,0,0,0
3,save at NativeMethodAccessorImpl.java:0,702,653,0,1789806886819,1789806886829,10,False,7,7045795,1,0,6013,17104864,0,0,0,0,1399010,5954,0,0,0,0,0
3,save at NativeMethodAccessorImpl.java:0,706,657,0,1789806886826,1789806886835,9,False,6,6366092,1,0,6013,17104864,0,0,0,0,1713594,7328,0,0,0,0,0
3,save at NativeMethodAccessorImpl.java:0,705,656,0,1789806886825,1789806886835,10,False,7,7508617,1,0,6013,17367008,0,0,0,0,2148359,9177,0,0,0,0,0
3,save at NativeMethodAccessorImpl.java:0,704,655,0,1789806886822,1789806886835,13,False,9,9672550,2,0,6013,17104864,0,0,0,0,1738383,7438,0,0,0,0,0
3,save at NativeMethodAccessorImpl.java:0,707,658,0,1789806886828,1789806886836,8,False,4,4218689,2,0,6013,16973792,0,0,0,0,710744,3030,0,0,0,0,0
3,save at NativeMethodAccessorImpl.java:0,711,662,0,1789806886836,1789806886844,8,False,5,5437261,1,0,6013,17104864,0,0,0,0,1401505,5969,0,0,0,0,0
3,save at NativeMethodAccessorImpl.java:0,710,661,0,1789806886835,1789806886844,9,False,6,6433888,1,0,6013,17104864,0,0,0,0,1763979,7548,0,0,0,0,0
3,save at NativeMethodAccessorImpl.java:0,709,660,0,1789806886835,1789806886846,11,False,8,8605416,1,0,6013,17367008,0,0,0,0,2446163,10447,0,0,0,0,0
3,save at NativeMethodAccessorImpl.java:0,708,659,0,1789806886835,1789806886851,16,False,13,13140077,1,0,6013,17367008,0,0,0,0,2532767,10822,0,0,0,0,0
3,save at NativeMethodAccessorImpl.java:0,712,663,0,1789806886843,1789806886853,10,False,6,6912249,1,0,6013,17104864,0,0,0,0,1742328,7454,0,0,0,0,0
3,save at NativeMethodAccessorImpl.java:0,713,664,0,1789806886844,1789806886854,10,False,7,7550725,1,0,6013,17367008,0,0,0,0,2085032,8904,0,0,0,0,0
3,save at NativeMethodAccessorImpl.java:0,714,665,0,1789806886845,1789806886858,13,False,10,10442340,1,0,6013,17367008,0,0,0,0,3193282,13638,0,0,0,0,0
3,save at NativeMethodAccessorImpl.java:0,715,666,0,1789806886851,1789806886859,8,False,5,5887453,1,0,6013,17104864,0,0,0,0,1395896,5945,0,0,0,0,0
3,save at NativeMethodAccessorImpl.java:0,716,667,0,1789806886853,1789806886863,10,False,7,7673877,1,0,6013,17367008,0,0,0,0,2094047,8943,0,0,0,0,0
3,save at NativeMethodAccessorImpl.java:0,717,668,0,1789806886854,1789806886863,9,False,7,7203157,1,0,6013,17367008,0,0,0,0,2104642,8989,0,0,0,0,0
3,save at NativeMethodAccessorImpl.java:0,719,670,0,1789806886859,1789806886867,8,False,6,6031545,1,0,6013,17104864,0,0,0,0,1403368,5976,0,0,0,0,0
3,save at NativeMethodAccessorImpl.java:0,720,671,0,1789806886862,1789806886868,6,False,2,2717977,2,0,6013,16908256,0,0,0,0,360497,1508,0,0,0,0,0
3,save at NativeMethodAccessorImpl.java:0,718,669,0,1789806886858,1789806886869,11,False,8,8527833,1,0,6013,17367008,0,0,0,0,2473157,10563,0,0,0,0,0
3,save at NativeMethodAccessorImpl.java:0,721,672,0,1789806886863,1789806886871,8,False,5,5726384,1,0,6013,17104864,0,0,0,0,1420855,6055,0,0,0,0,0
3,save at NativeMethodAccessorImpl.java:0,724,675,0,1789806886869,1789806886872,3,False,1,1125816,1,0,6013,65536,0,0,0,0,0,0,0,0,0,0,0
3,save at NativeMethodAccessorImpl.java:0,722,673,0,1789806886867,1789806886873,6,False,3,3763629,1,0,6013,16973792,0,0,0,0,708201,3017,0,0,0,0,0
3,save at NativeMethodAccessorImpl.java:0,723,674,0,1789806886868,1789806886876,8,False,5,5487914,1,0,6013,17104864,0,0,0,0,1394812,5940,0,0,0,0,0
3,save at NativeMethodAccessorImpl.java:0,725,676,0,1789806886871,1789806886878,7,False,4,4381247,1,0,6013,17104864,0,0,0,0,1056854,4513,0,0,0,0,0
3,save at NativeMethodAccessorImpl.java:0,726,677,0,1789806886872,1789806886880,8,False,6,6556382,1,0,6013,17104864,0,0,0,0,1792580,7677,0,0,0,0,0
3,save at NativeMethodAccessorImpl.java:0,728,679,0,1789806886875,1789806886882,7,False,4,4610527,1,0,6013,17104864,0,0,0,0,1053356,4499,0,0,0,0,0
3,save at NativeMethodAccessorImpl.java:0,727,678,0,1789806886873,1789806886885,12,False,9,9390677,1,0,6013,17367008,0,0,0,0,2799287,11981,0,0,0,0,0
3,save at NativeMethodAccessorImpl.java:0,729,680,0,1789806886878,1789806886885,7,False,5,5184324,1,0,6013,17104864,0,0,0,0,1405931,5990,0,0,0,0,0
3,save at NativeMethodAccessorImpl.java:0,731,682,0,1789806886882,1789806886888,6,False,3,3534105,1,0,6013,16973792,0,0,0,0,698087,2975,0,0,0,0,0
3,save at NativeMethodAccessorImpl.java:0,730,681,0,1789806886880,1789806886892,12,False,9,9313527,1,0,6013,17367008,0,0,0,0,2786835,11922,0,0,0,0,0
3,save at NativeMethodAccessorImpl.java:0,732,683,0,1789806886884,1789806886894,10,False,7,7358169,1,0,6013,17367008,0,0,0,0,2087026,8912,0,0,0,0,0
3,save at NativeMethodAccessorImpl.java:0,733,684,0,1789806886885,1789806886894,9,False,7,7465204,1,0,6013,17367008,0,0,0,0,2108496,9006,0,0,0,0,0
3,save at NativeMethodAccessorImpl.java:0,734,685,0,1789806886888,1789806886895,7,False,4,4868812,1,0,6013,17104864,0,0,0,0,1043361,4455,0,0,0,0,0
3,save at NativeMethodAccessorImpl.java:0,735,686,0,1789806886891,1789806886898,7,False,4,4623946,1,0,6013,17104864,0,0,0,0,1055889,4510,0,0,0,0,0
3,save at NativeMethodAccessorImpl.java:0,736,687,0,1789806886894,1789806886901,7,False,4,4497892,1,0,6013,17104864,0,0,0,0,1075089,4587,0,0,0,0,0
3,save at NativeMethodAccessorImpl.java:0,738,689,0,1789806886895,1789806886905,10,False,8,8286677,1,0,6013,17367008,0,0,0,0,2424508,10355,0,0,0,0,0
3,save at NativeMethodAccessorImpl.java:0,739,690,0,1789806886898,1789806886907,9,False,7,7242779,1,0,6013,17367008,0,0,0,0,2084348,8905,0,0,0,0,0
3,save at NativeMethodAccessorImpl.java:0,737,688,0,1789806886894,1789806886910,16,False,12,12483823,1,0,6013,17367008,0,0,0,0,2437802,10408,0,0,0,0,0
3,save at NativeMethodAccessorImpl.java:0,740,691,0,1789806886900,1789806886913,13,False,10,10095077,1,0,6013,17367008,0,0,0,0,3148935,13449,0,0,0,0,0
3,save at NativeMethodAccessorImpl.java:0,742,693,0,1789806886907,1789806886913,6,False,3,3483324,1,0,6013,16973792,0,0,0,0,705554,3008,0,0,0,0,0
3,save at NativeMethodAccessorImpl.java:0,741,692,0,1789806886905,1789806886916,11,False,8,8374575,1,0,6013,17367008,0,0,0,0,2444529,10443,0,0,0,0,0
3,save at NativeMethodAccessorImpl.java:0,743,694,0,1789806886909,1789806886921,12,False,7,7839056,2,0,6013,17104864,0,0,0,0,1734012,7418,0,0,0,0,0
3,save at NativeMethodAccessorImpl.java:0,745,696,0,1789806886913,1789806886922,9,False,7,7265511,1,0,6013,17367008,0,0,0,0,2071067,8851,0,0,0,0,0
3,save at NativeMethodAccessorImpl.java:0,744,695,0,1789806886912,1789806886924,12,False,9,9043142,1,0,6013,17367008,0,0,0,0,2815858,12048,0,0,0,0,0
3,save at NativeMethodAccessorImpl.java:0,746,697,0,1789806886915,1789806886928,13,False,9,9950638,1,0,6013,17367008,0,0,0,0,3121367,13330,0,0,0,0,0
3,save at NativeMethodAccessorImpl.java:0,748,699,0,1789806886922,1789806886932,10,False,7,7380320,1,0,6013,17367008,0,0,0,0,2119279,9052,0,0,0,0,0
3,save at NativeMethodAccessorImpl.java:0,747,698,0,1789806886920,1789806886932,12,False,9,9961842,1,0,6013,17367008,0,0,0,0,3125468,13350,0,0,0,0,0
3,save at NativeMethodAccessorImpl.java:0,749,700,0,1789806886924,1789806886934,10,False,8,8281141,1,0,6013,17367008,0,0,0,0,2424807,10354,0,0,0,0,0
3,save at NativeMethodAccessorImpl.java:0,750,701,0,1789806886928,1789806886935,7,False,5,5451559,1,0,6013,17104864,0,0,0,0,1424409,6070,0,0,0,0,0
3,save at NativeMethodAccessorImpl.java:0,753,704,0,1789806886934,1789806886941,7,False,4,4513238,1,0,6013,16973792,0,0,0,0,714005,3042,0,0,0,0,0
3,save at NativeMethodAccessorImpl.java:0,751,702,0,1789806886931,1789806886942,11,False,8,8484867,1,0,6013,17367008,0,0,0,0,2465014,10531,0,0,0,0,0
3,save at NativeMethodAccessorImpl.java:0,752,703,0,1789806886932,1789806886944,12,False,8,8897414,1,0,6013,17104864,0,0,0,0,1731932,7409,0,0,0,0,0
3,save at NativeMethodAccessorImpl.java:0,754,705,0,1789806886935,1789806886944,9,False,6,6797455,1,0,6013,17104864,0,0,0,0,1774109,7593,0,0,0,0,0
3,save at NativeMethodAccessorImpl.java:0,756,707,0,1789806886942,1789806886947,5,False,2,2491269,1,0,6013,16908256,0,0,0,0,330441,1378,0,0,0,0,0
3,save at NativeMethodAccessorImpl.java:0,757,708,0,1789806886943,1789806886951,8,False,5,5410319,1,0,6013,17104864,0,0,0,0,1388230,5913,0,0,0,0,0
3,save at NativeMethodAccessorImpl.java:0,759,710,0,1789806886947,1789806886953,6,False,3,3555550,1,0,6013,16973792,0,0,0,0,701512,2988,0,0,0,0,0
3,save at NativeMethodAccessorImpl.java:0,758,709,0,1789806886944,1789806886955,11,False,8,8336373,1,0,6013,17367008,0,0,0,0,2453350,10481,0,0,0,0,0
3,save at NativeMethodAccessorImpl.java:0,755,706,0,1789806886940,1789806886956,16,False,12,12640662,2,0,6013,17367008,0,0,0,0,2445692,10445,0,0,0,0,0
3,save at NativeMethodAccessorImpl.java:0,761,712,0,1789806886952,1789806886960,8,False,5,5481774,1,0,6013,17104864,0,0,0,0,1384076,5892,0,0,0,0,0
3,save at NativeMethodAccessorImpl.java:0,760,711,0,1789806886951,1789806886961,10,False,7,7712335,1,0,6013,17367008,0,0,0,0,2143057,9150,0,0,0,0,0
3,save at NativeMethodAccessorImpl.java:0,762,713,0,1789806886954,1789806886963,9,False,6,6717067,1,0,6013,17104864,0,0,0,0,1779140,7611,0,0,0,0,0
3,save at NativeMethodAccessorImpl.java:0,764,715,0,1789806886960,1789806886969,9,False,5,5422884,2,0,6013,16973792,0,0,0,0,682753,2907,0,0,0,0,0
3,save at NativeMethodAccessorImpl.java:0,763,714,0,1789806886956,1789806886971,15,False,11,11204698,2,0,6013,17367008,0,0,0,0,2086831,8911,0,0,0,0,0
3,save at NativeMethodAccessorImpl.java:0,765,716,0,1789806886961,1789806886973,12,False,9,9626506,1,0,6013,17367008,0,0,0,0,2857553,12222,0,0,0,0,0
3,save at NativeMethodAccessorImpl.java:0,766,717,0,1789806886963,1789806886974,11,False,8,8589168,1,0,6013,17367008,0,0,0,0,2462246,10518,0,0,0,0,0
3,save at NativeMethodAccessorImpl.java:0,770,721,0,1789806886974,1789806886983,9,False,7,3943245,1,3,6056,16973792,0,0,0,0,684213,2913,0,0,0,0,0
3,save at NativeMethodAccessorImpl.java:0,769,720,0,1789806886972,1789806886986,14,False,10,7584487,1,3,6056,17367008,0,0,0,0,2110713,9009,0,0,0,0,0
3,save at NativeMethodAccessorImpl.java:0,767,718,0,1789806886969,1789806886986,17,False,13,10435755,2,3,6056,17367008,0,0,0,0,2102909,8982,0,0,0,0,0
3,save at NativeMethodAccessorImpl.java:0,773,724,0,1789806886986,1789806886991,5,False,3,3543869,1,0,6013,16973792,0,0,0,0,691555,2947,0,0,0,0,0
3,save at NativeMethodAccessorImpl.java:0,768,719,0,1789806886970,1789806886993,23,False,18,15378621,2,3,6056,17367008,0,0,0,0,3143406,13424,0,0,0,0,0
3,save at NativeMethodAccessorImpl.java:0,772,723,0,1789806886985,1789806886993,8,False,4,4994709,1,0,6013,17104864,0,0,0,0,1079423,4605,0,0,0,0,0
3,save at NativeMethodAccessorImpl.java:0,771,722,0,1789806886983,1789806886998,15,False,11,11469478,2,0,6013,17367008,0,0,0,0,2091480,8933,0,0,0,0,0
3,save at NativeMethodAccessorImpl.java:0,774,725,0,1789806886991,1789806886998,7,False,4,4717841,1,0,6013,17104864,0,0,0,0,1073648,4581,0,0,0,0,0
3,save at NativeMethodAccessorImpl.java:0,775,726,0,1789806886992,1789806887002,10,False,7,7684816,1,0,6013,17367008,0,0,0,0,2073946,8857,0,0,0,0,0
3,save at NativeMethodAccessorImpl.java:0,776,727,0,1789806886993,1789806887006,13,False,9,9660483,2,0,6013,17104864,0,0,0,0,1756980,7521,0,0,0,0,0
3,save at NativeMethodAccessorImpl.java:0,777,728,0,1789806886998,1789806887007,9,False,6,6929831,1,0,6013,17104864,0,0,0,0,1400282,5962,0,0,0,0,0
3,save at NativeMethodAccessorImpl.java:0,778,729,0,1789806886998,1789806887010,12,False,8,8052432,2,0,6013,17104864,0,0,0,0,1407470,5995,0,0,0,0,0
3,save at NativeMethodAccessorImpl.java:0,779,730,0,1789806887002,1789806887015,13,False,9,9640507,2,0,6013,17104864,0,0,0,0,1745283,7466,0,0,0,0,0
3,save at NativeMethodAccessorImpl.java:0,782,733,0,1789806887009,1789806887021,12,False,7,7978487,2,0,6013,17104864,0,0,0,0,1404558,5982,0,0,0,0,0
3,save at NativeMethodAccessorImpl.java:0,780,731,0,1789806887005,1789806887021,16,False,12,12289909,2,0,6013,17367008,0,0,0,0,2428756,10369,0,0,0,0,0
3,save at NativeMethodAccessorImpl.java:0,781,732,0,1789806887007,1789806887023,16,False,12,12334912,2,0,6013,17367008,0,0,0,0,2449029,10456,0,0,0,0,0
3,save at NativeMethodAccessorImpl.java:0,783,734,0,1789806887015,1789806887025,10,False,6,6809869,2,0,6013,17104864,0,0,0,0,1061756,4533,0,0,0,0,0
3,save at NativeMethodAccessorImpl.java:0,785,736,0,1789806887021,1789806887032,11,False,7,7995312,2,0,6013,17104864,0,0,0,0,1418590,6043,0,0,0,0,0
3,save at NativeMethodAccessorImpl.java:0,786,737,0,1789806887023,1789806887034,11,False,8,8206453,2,0,6013,17104864,0,0,0,0,1412106,6012,0,0,0,0,0
3,save at NativeMethodAccessorImpl.java:0,784,735,0,1789806887021,1789806887035,14,False,10,10325874,2,0,6013,17367008,0,0,0,0,2123955,9070,0,0,0,0,0
3,save at NativeMethodAccessorImpl.java:0,787,738,0,1789806887025,1789806887040,15,False,12,12084030,2,0,6013,17367008,0,0,0,0,3181259,13585,0,0,0,0,0
3,save at NativeMethodAccessorImpl.java:0,790,741,0,1789806887034,1789806887042,8,False,4,4868219,1,0,6013,17104864,0,0,0,0,1065502,4544,0,0,0,0,0
3,save at NativeMethodAccessorImpl.java:0,788,739,0,1789806887032,1789806887042,10,False,6,6055308,2,0,6013,17104864,0,0,0,0,1408262,5999,0,0,0,0,0
3,save at NativeMethodAccessorImpl.java:0,789,740,0,1789806887034,1789806887045,11,False,8,8282183,1,0,6013,17367008,0,0,0,0,2429472,10373,0,0,0,0,0
3,save at NativeMethodAccessorImpl.java:0,793,744,0,1789806887042,1789806887052,10,False,6,6957256,2,0,6013,17104864,0,0,0,0,1032366,4409,0,0,0,0,0
3,save at NativeMethodAccessorImpl.java:0,791,742,0,1789806887040,1789806887053,13,False,10,10071602,1,0,6013,17367008,0,0,0,0,3169731,13538,0,0,0,0,0
3,save at NativeMethodAccessorImpl.java:0,794,745,0,1789806887045,1789806887055,10,False,8,8208737,1,0,6013,17367008,0,0,0,0,2459508,10502,0,0,0,0,0
3,save at NativeMethodAccessorImpl.java:0,792,743,0,1789806887041,1789806887056,15,False,11,11324067,2,0,6013,17367008,0,0,0,0,2079858,8881,0,0,0,0,0
3,save at NativeMethodAccessorImpl.java:0,796,747,0,1789806887053,1789806887060,7,False,5,5623468,1,0,6013,17104864,0,0,0,0,1403008,5977,0,0,0,0,0
3,save at NativeMethodAccessorImpl.java:0,798,749,0,1789806887056,1789806887065,9,False,5,5237158,2,0,6013,16973792,0,0,0,0,701276,2988,0,0,0,0,0
3,save at NativeMethodAccessorImpl.java:0,797,748,0,1789806887055,1789806887066,11,False,9,9167320,1,0,6013,17367008,0,0,0,0,2798455,11971,0,0,0,0,0
3,save at NativeMethodAccessorImpl.java:0,795,746,0,1789806887052,1789806887068,16,False,12,12568272,2,0,6013,17367008,0,0,0,0,2436905,10403,0,0,0,0,0
3,save at NativeMethodAccessorImpl.java:0,801,752,0,1789806887066,1789806887073,7,False,4,4621685,1,0,6013,17104864,0,0,0,0,1040366,4441,0,0,0,0,0
3,save at NativeMethodAccessorImpl.java:0,799,750,0,1789806887060,1789806887076,16,False,13,13536474,1,0,6013,17891296,0,0,0,0,3860531,16505,0,0,0,0,0
3,save at NativeMethodAccessorImpl.java:0,800,751,0,1789806887065,1789806887076,11,False,8,8167535,2,0,6013,17104864,0,0,0,0,1396970,5954,0,0,0,0,0
3,save at NativeMethodAccessorImpl.java:0,803,754,0,1789806887072,1789806887079,7,False,4,4626380,1,0,6013,17104864,0,0,0,0,1047509,4472,0,0,0,0,0
3,save at NativeMethodAccessorImpl.java:0,802,753,0,1789806887068,1789806887080,12,False,8,8468577,2,0,6013,17104864,0,0,0,0,1780299,7620,0,0,0,0,0
3,save at NativeMethodAccessorImpl.java:0,806,757,0,1789806887079,1789806887088,9,False,6,6185252,1,0,6013,17104864,0,0,0,0,1752178,7494,0,0,0,0,0
3,save at NativeMethodAccessorImpl.java:0,805,756,0,1789806887076,1789806887090,14,False,10,10887965,2,0,6013,17367008,0,0,0,0,2101789,8977,0,0,0,0,0
3,save at NativeMethodAccessorImpl.java:0,804,755,0,1789806887076,1789806887091,15,False,11,11320850,2,0,6013,17367008,0,0,0,0,3510304,14996,0,0,0,0,0
3,save at NativeMethodAccessorImpl.java:0,807,758,0,1789806887080,1789806887093,13,False,10,10265880,2,0,6013,17367008,0,0,0,0,2782527,11909,0,0,0,0,0
3,save at NativeMethodAccessorImpl.java:0,808,759,0,1789806887088,1789806887097,9,False,6,6560825,1,0,6013,17104864,0,0,0,0,1757042,7513,0,0,0,0,0
3,save at NativeMethodAccessorImpl.java:0,810,761,0,1789806887091,1789806887100,9,False,5,5380160,2,0,6013,16973792,0,0,0,0,707958,3018,0,0,0,0,0
3,save at NativeMethodAccessorImpl.java:0,809,760,0,1789806887090,1789806887100,10,False,6,6727141,2,0,6013,17104864,0,0,0,0,1742538,7456,0,0,0,0,0
3,save at NativeMethodAccessorImpl.java:0,811,762,0,1789806887093,1789806887104,11,False,7,7709334,2,0,6013,17367008,0,0,0,0,2110642,9011,0,0,0,0,0
3,save at NativeMethodAccessorImpl.java:0,812,763,0,1789806887096,1789806887105,9,False,6,6236655,1,0,6013,17104864,0,0,0,0,1715125,7336,0,0,0,0,0
3,save at NativeMethodAccessorImpl.java:0,814,765,0,1789806887100,1789806887108,8,False,5,5325269,1,0,6013,17104864,0,0,0,0,1384651,5897,0,0,0,0,0
3,save at NativeMethodAccessorImpl.java:0,815,766,0,1789806887103,1789806887110,7,False,4,4633033,1,0,6013,17104864,0,0,0,0,1068320,4559,0,0,0,0,0
3,save at NativeMethodAccessorImpl.java:0,816,767,0,1789806887105,1789806887112,7,False,4,4526284,1,0,6013,17104864,0,0,0,0,1041966,4452,0,0,0,0,0
3,save at NativeMethodAccessorImpl.java:0,817,768,0,1789806887107,1789806887115,8,False,5,5824835,1,0,6013,17104864,0,0,0,0,1026328,4382,0,0,0,0,0
3,save at NativeMethodAccessorImpl.java:0,813,764,0,1789806887100,1789806887115,15,False,12,12566684,2,0,6013,17367008,0,0,0,0,2467153,10532,0,0,0,0,0
3,save at NativeMethodAccessorImpl.java:0,818,769,0,1789806887110,1789806887119,9,False,5,5224678,2,0,6013,16973792,0,0,0,0,698119,2975,0,0,0,0,0
3,save at NativeMethodAccessorImpl.java:0,819,770,0,1789806887111,1789806887119,8,False,5,5397112,1,0,6013,17104864,0,0,0,0,1406244,5990,0,0,0,0,0
3,save at NativeMethodAccessorImpl.java:0,821,772,0,1789806887115,1789806887128,13,False,9,9596700,2,0,6013,17104864,0,0,0,0,1751255,7491,0,0,0,0,0
3,save at NativeMethodAccessorImpl.java:0,823,774,0,1789806887119,1789806887134,15,False,11,11139307,2,0,6013,17367008,0,0,0,0,2073143,8854,0,0,0,0,0
3,save at NativeMethodAccessorImpl.java:0,822,773,0,1789806887119,1789806887134,15,False,11,11206497,2,0,6013,17367008,0,0,0,0,2073472,8861,0,0,0,0,0
3,save at NativeMethodAccessorImpl.java:0,820,771,0,1789806887115,1789806887139,24,False,20,19956504,2,0,6013,17891296,0,0,0,0,4217201,18000,0,0,0,0,0
3,save at NativeMethodAccessorImpl.java:0,827,778,0,1789806887139,1789806887149,10,False,8,8203105,1,0,6013,17367008,0,0,0,0,2427089,10359,0,0,0,0,0
3,save at NativeMethodAccessorImpl.java:0,825,776,0,1789806887133,1789806887150,17,False,12,12804192,2,0,6013,17367008,0,0,0,0,2485325,10620,0,0,0,0,0
3,save at NativeMethodAccessorImpl.java:0,826,777,0,1789806887134,1789806887151,17,False,13,13755641,2,0,6013,17367008,0,0,0,0,2778177,11886,0,0,0,0,0
3,save at NativeMethodAccessorImpl.java:0,824,775,0,1789806887128,1789806887153,25,False,21,21498098,2,0,6013,17891296,0,0,0,0,4543587,19410,0,0,0,0,0
3,save at NativeMethodAccessorImpl.java:0,828,779,0,1789806887149,1789806887158,9,False,6,6419449,2,0,6013,17104864,0,0,0,0,1737839,7436,0,0,0,0,0
3,save at NativeMethodAccessorImpl.java:0,829,780,0,1789806887150,1789806887160,10,False,6,6706248,2,0,6013,17104864,0,0,0,0,1037943,4435,0,0,0,0,0
3,save at NativeMethodAccessorImpl.java:0,830,781,0,1789806887151,1789806887162,11,False,7,7825902,2,0,6013,17104864,0,0,0,0,1432894,6107,0,0,0,0,0
3,save at NativeMethodAccessorImpl.java:0,832,783,0,1789806887158,1789806887165,7,False,4,4391709,1,0,6013,17104864,0,0,0,0,1040459,4443,0,0,0,0,0
3,save at NativeMethodAccessorImpl.java:0,833,784,0,1789806887159,1789806887165,6,False,2,2760529,2,0,6013,16908256,0,0,0,0,374791,1570,0,0,0,0,0
3,save at NativeMethodAccessorImpl.java:0,831,782,0,1789806887153,1789806887167,14,False,11,11393135,1,0,6013,17367008,0,0,0,0,2755991,11790,0,0,0,0,0
3,save at NativeMethodAccessorImpl.java:0,834,785,0,1789806887162,1789806887169,7,False,4,4407618,1,0,6013,17104864,0,0,0,0,1056056,4509,0,0,0,0,0
3,save at NativeMethodAccessorImpl.java:0,835,786,0,1789806887165,1789806887172,7,False,5,5484250,1,0,6013,17104864,0,0,0,0,1413958,6025,0,0,0,0,0
3,save at NativeMethodAccessorImpl.java:0,836,787,0,1789806887165,1789806887175,10,False,7,7046596,1,0,6013,17367008,0,0,0,0,2044496,8736,0,0,0,0,0
3,save at NativeMethodAccessorImpl.java:0,838,789,0,1789806887168,1789806887177,9,False,6,6165952,1,0,6013,17104864,0,0,0,0,1790991,7664,0,0,0,0,0
3,save at NativeMethodAccessorImpl.java:0,840,791,0,1789806887174,1789806887181,7,False,4,4356433,1,0,6013,17104864,0,0,0,0,1062252,4535,0,0,0,0,0
3,save at NativeMethodAccessorImpl.java:0,837,788,0,1789806887167,1789806887182,15,False,12,12204439,2,0,6013,17367008,0,0,0,0,2444356,10439,0,0,0,0,0
3,save at NativeMethodAccessorImpl.java:0,839,790,0,1789806887172,1789806887184,12,False,10,10025973,1,0,6013,17367008,0,0,0,0,3091357,13206,0,0,0,0,0
3,save at NativeMethodAccessorImpl.java:0,841,792,0,1789806887176,1789806887190,14,False,11,11642568,1,0,6013,17891296,0,0,0,0,3870826,16553,0,0,0,0,0
3,save at NativeMethodAccessorImpl.java:0,844,795,0,1789806887184,1789806887191,7,False,4,4550206,1,0,6013,17104864,0,0,0,0,1070487,4570,0,0,0,0,0
3,save at NativeMethodAccessorImpl.java:0,842,793,0,1789806887181,1789806887191,10,False,8,8013622,1,0,6013,17367008,0,0,0,0,2427043,10363,0,0,0,0,0
3,save at NativeMethodAccessorImpl.java:0,843,794,0,1789806887182,1789806887205,23,False,16,12859352,2,5,6099,17367008,0,0,0,0,3499211,14955,0,0,0,0,0
3,save at NativeMethodAccessorImpl.java:0,845,796,0,1789806887190,1789806887205,15,False,12,6841173,1,5,6056,17104864,0,0,0,0,1741749,7455,0,0,0,0,0
3,save at NativeMethodAccessorImpl.java:0,846,797,0,1789806887191,1789806887209,18,False,15,10256911,1,5,6056,17367008,0,0,0,0,2095885,8953,0,0,0,0,0
3,save at NativeMethodAccessorImpl.java:0,847,798,0,1789806887191,1789806887210,19,False,16,11423784,1,5,6056,17367008,0,0,0,0,2405465,10270,0,0,0,0,0
3,save at NativeMethodAccessorImpl.java:0,849,800,0,1789806887205,1789806887214,9,False,5,5636412,2,0,6013,16973792,0,0,0,0,674129,2868,0,0,0,0,0
3,save at NativeMethodAccessorImpl.java:0,848,799,0,1789806887204,1789806887218,14,False,9,9784605,2,0,6013,17367008,0,0,0,0,2089412,8923,0,0,0,0,0
3,save at NativeMethodAccessorImpl.java:0,850,801,0,1789806887209,1789806887220,11,False,7,7867833,3,0,6013,17104864,0,0,0,0,1405781,5988,0,0,0,0,0
3,save at NativeMethodAccessorImpl.java:0,852,803,0,1789806887213,1789806887223,10,False,7,7510366,1,0,6013,17367008,0,0,0,0,2071860,8848,0,0,0,0,0
3,save at NativeMethodAccessorImpl.java:0,853,804,0,1789806887218,1789806887230,12,False,9,6014385,1,4,6056,17104864,0,0,0,0,1410001,6007,0,0,0,0,0
3,save at NativeMethodAccessorImpl.java:0,851,802,0,1789806887210,1789806887231,21,False,15,12424914,2,4,6056,17367008,0,0,0,0,2418903,10333,0,0,0,0,0
3,save at NativeMethodAccessorImpl.java:0,854,805,0,1789806887220,1789806887231,11,False,8,5027253,1,4,6056,17104864,0,0,0,0,1044561,4459,0,0,0,0,0
3,save at NativeMethodAccessorImpl.java:0,857,808,0,1789806887230,1789806887237,7,False,3,3613842,1,0,6013,16973792,0,0,0,0,694412,2959,0,0,0,0,0
3,save at NativeMethodAccessorImpl.java:0,855,806,0,1789806887223,1789806887237,14,False,7,7206793,5,4,6056,17104864,0,0,0,0,1408774,6000,0,0,0,0,0
3,save at NativeMethodAccessorImpl.java:0,856,807,0,1789806887230,1789806887239,9,False,5,4954402,2,0,6013,16973792,0,0,0,0,703411,2999,0,0,0,0,0
3,save at NativeMethodAccessorImpl.java:0,858,809,0,1789806887231,1789806887243,12,False,9,9413954,1,0,6013,17367008,0,0,0,0,2841787,12159,0,0,0,0,0
3,save at NativeMethodAccessorImpl.java:0,859,810,0,1789806887236,1789806887244,8,False,5,5358856,1,0,6013,17104864,0,0,0,0,1400184,5964,0,0,0,0,0
3,save at NativeMethodAccessorImpl.java:0,860,811,0,1789806887237,1789806887244,7,False,5,5541581,1,0,6013,17104864,0,0,0,0,1432216,6104,0,0,0,0,0
3,save at NativeMethodAccessorImpl.java:0,861,812,0,1789806887239,1789806887247,8,False,6,6387617,1,0,6013,17104864,0,0,0,0,1771978,7575,0,0,0,0,0
3,save at NativeMethodAccessorImpl.java:0,862,813,0,1789806887243,1789806887253,10,False,8,8134089,1,0,6013,17367008,0,0,0,0,2471991,10561,0,0,0,0,0
3,save at NativeMethodAccessorImpl.java:0,863,814,0,1789806887244,1789806887253,9,False,7,7258845,1,0,6013,17367008,0,0,0,0,2127860,9083,0,0,0,0,0
3,save at NativeMethodAccessorImpl.java:0,864,815,0,1789806887244,1789806887257,13,False,10,10818641,1,0,6013,17367008,0,0,0,0,3524823,15072,0,0,0,0,0
3,save at NativeMethodAccessorImpl.java:0,865,816,0,1789806887247,1789806887258,11,False,8,8914284,1,0,6013,17367008,0,0,0,0,2772236,11862,0,0,0,0,0
3,save at NativeMethodAccessorImpl.java:0,867,818,0,1789806887253,1789806887260,7,False,4,4381090,1,0,6013,17104864,0,0,0,0,1020638,4361,0,0,0,0,0
3,save at NativeMethodAccessorImpl.java:0,866,817,0,1789806887253,1789806887260,7,False,5,5257613,1,0,6013,17104864,0,0,0,0,1396717,5948,0,0,0,0,0
3,save at NativeMethodAccessorImpl.java:0,868,819,0,1789806887257,1789806887263,6,False,3,3308074,1,0,6013,16973792,0,0,0,0,699601,2981,0,0,0,0,0
3,save at NativeMethodAccessorImpl.java:0,870,821,0,1789806887260,1789806887268,8,False,6,6188545,1,0,6013,17104864,0,0,0,0,1716440,7340,0,0,0,0,0
3,save at NativeMethodAccessorImpl.java:0,872,823,0,1789806887263,1789806887269,6,False,4,4539385,1,0,6013,17104864,0,0,0,0,1075349,4590,0,0,0,0,0
3,save at NativeMethodAccessorImpl.java:0,869,820,0,1789806887258,1789806887271,13,False,11,11052151,1,0,6013,17367008,0,0,0,0,3487485,14907,0,0,0,0,0
3,save at NativeMethodAccessorImpl.java:0,871,822,0,1789806887260,1789806887272,12,False,9,9966283,1,0,6013,17367008,0,0,0,0,3136840,13405,0,0,0,0,0
3,save at NativeMethodAccessorImpl.java:0,873,824,0,1789806887268,1789806887274,6,False,3,3500598,1,0,6013,16973792,0,0,0,0,704417,3001,0,0,0,0,0
3,save at NativeMethodAccessorImpl.java:0,875,826,0,1789806887271,1789806887280,9,False,6,6376419,1,0,6013,17104864,0,0,0,0,1761514,7535,0,0,0,0,0
3,save at NativeMethodAccessorImpl.java:0,876,827,0,1789806887272,1789806887283,11,False,8,8778456,1,0,6013,17367008,0,0,0,0,2759726,11810,0,0,0,0,0
3,save at NativeMethodAccessorImpl.java:0,874,825,0,1789806887269,1789806887283,14,False,11,11752957,1,0,6013,17367008,0,0,0,0,3830626,16382,0,0,0,0,0
3,save at NativeMethodAccessorImpl.java:0,877,828,0,1789806887273,1789806887285,12,False,9,9148999,1,0,6013,17367008,0,0,0,0,2806363,12007,0,0,0,0,0
3,save at NativeMethodAccessorImpl.java:0,878,829,0,1789806887279,1789806887289,10,False,7,7521672,1,0,6013,17367008,0,0,0,0,2108226,9005,0,0,0,0,0
3,save at NativeMethodAccessorImpl.java:0,881,832,0,1789806887284,1789806887290,6,False,3,3501359,1,0,6013,16973792,0,0,0,0,719523,3070,0,0,0,0,0
3,save at NativeMethodAccessorImpl.java:0,879,830,0,1789806887283,1789806887290,7,False,5,5388366,1,0,6013,17104864,0,0,0,0,1407287,5995,0,0,0,0,0
3,save at NativeMethodAccessorImpl.java:0,880,831,0,1789806887283,1789806887291,8,False,6,6325085,1,0,6013,17104864,0,0,0,0,1749332,7484,0,0,0,0,0
3,save at NativeMethodAccessorImpl.java:0,885,836,0,1789806887291,1789806887296,5,False,3,3287674,1,0,6013,16973792,0,0,0,0,707680,3017,0,0,0,0,0
3,save at NativeMethodAccessorImpl.java:0,883,834,0,1789806887290,1789806887299,9,False,7,7536720,1,0,6013,17367008,0,0,0,0,2130689,9097,0,0,0,0,0
3,save at NativeMethodAccessorImpl.java:0,882,833,0,1789806887289,1789806887300,11,False,8,8405864,1,0,6013,17367008,0,0,0,0,2431237,10382,0,0,0,0,0
3,save at NativeMethodAccessorImpl.java:0,884,835,0,1789806887290,1789806887304,14,False,11,11391728,1,0,6013,17367008,0,0,0,0,2823441,12081,0,0,0,0,0
3,save at NativeMethodAccessorImpl.java:0,886,837,0,1789806887296,1789806887304,8,False,5,5341790,1,0,6013,17104864,0,0,0,0,1388943,5918,0,0,0,0,0
3,save at NativeMethodAccessorImpl.java:0,887,838,0,1789806887299,1789806887310,11,False,8,8201075,1,0,6013,17367008,0,0,0,0,2429689,10366,0,0,0,0,0
3,save at NativeMethodAccessorImpl.java:0,888,839,0,1789806887300,1789806887310,10,False,8,8138261,1,0,6013,17367008,0,0,0,0,2446417,10449,0,0,0,0,0
3,save at NativeMethodAccessorImpl.java:0,889,840,0,1789806887304,1789806887314,10,False,8,8000108,1,0,6013,17367008,0,0,0,0,2436981,10404,0,0,0,0,0
3,save at NativeMethodAccessorImpl.java:0,890,841,0,1789806887304,1789806887314,10,False,7,7053097,2,0,6013,17104864,0,0,0,0,1752890,7500,0,0,0,0,0
3,save at NativeMethodAccessorImpl.java:0,891,842,0,1789806887309,1789806887316,7,False,4,4521759,1,0,6013,17104864,0,0,0,0,1052008,4494,0,0,0,0,0
3,save at NativeMethodAccessorImpl.java:0,892,843,0,1789806887310,1789806887319,9,False,7,7389881,1,0,6013,17367008,0,0,0,0,2100348,8974,0,0,0,0,0
3,save at NativeMethodAccessorImpl.java:0,894,845,0,1789806887314,1789806887322,8,False,6,6204423,1,0,6013,17104864,0,0,0,0,1748032,7480,0,0,0,0,0
3,save at NativeMethodAccessorImpl.java:0,896,847,0,1789806887319,1789806887327,8,False,5,5266957,1,0,6013,17104864,0,0,0,0,1403981,5981,0,0,0,0,0
3,save at NativeMethodAccessorImpl.java:0,893,844,0,1789806887314,1789806887327,13,False,10,10895717,1,0,6013,17367008,0,0,0,0,3520144,15040,0,0,0,0,0
3,save at NativeMethodAccessorImpl.java:0,895,846,0,1789806887316,1789806887327,11,False,9,9337193,1,0,6013,17367008,0,0,0,0,2823492,12082,0,0,0,0,0
3,save at NativeMethodAccessorImpl.java:0,900,851,0,1789806887327,1789806887333,6,False,3,3290550,1,0,6013,16973792,0,0,0,0,674518,2869,0,0,0,0,0
3,save at NativeMethodAccessorImpl.java:0,897,848,0,1789806887322,1789806887333,11,False,9,9149501,1,0,6013,17367008,0,0,0,0,2854411,12215,0,0,0,0,0
3,save at NativeMethodAccessorImpl.java:0,899,850,0,1789806887327,1789806887333,6,False,4,4489527,1,0,6013,17104864,0,0,0,0,1048109,4477,0,0,0,0,0
3,save at NativeMethodAccessorImpl.java:0,898,849,0,1789806887327,1789806887335,8,False,6,6117703,1,0,6013,17104864,0,0,0,0,1754659,7506,0,0,0,0,0
3,save at NativeMethodAccessorImpl.java:0,903,854,0,1789806887333,1789806887339,6,False,3,3443209,1,0,6013,16973792,0,0,0,0,690748,2942,0,0,0,0,0
3,save at NativeMethodAccessorImpl.java:0,901,852,0,1789806887332,1789806887340,8,False,5,5416782,1,0,6013,17104864,0,0,0,0,1396089,5948,0,0,0,0,0
3,save at NativeMethodAccessorImpl.java:0,902,853,0,1789806887333,1789806887342,9,False,6,6441605,1,0,6013,17104864,0,0,0,0,1772075,7577,0,0,0,0,0
3,save at NativeMethodAccessorImpl.java:0,905,856,0,1789806887339,1789806887344,5,False,3,3465794,1,0,6013,16973792,0,0,0,0,710568,3029,0,0,0,0,0
3,save at NativeMethodAccessorImpl.java:0,904,855,0,1789806887335,1789806887345,10,False,7,7879293,1,0,6013,17367008,0,0,0,0,2456279,10490,0,0,0,0,0
3,save at NativeMethodAccessorImpl.java:0,907,858,0,1789806887341,1789806887347,6,False,3,3261178,1,0,6013,16973792,0,0,0,0,718731,3066,0,0,0,0,0
3,save at NativeMethodAccessorImpl.java:0,908,859,0,1789806887344,1789806887352,8,False,5,5549996,1,0,6013,17104864,0,0,0,0,1378583,5872,0,0,0,0,0
3,save at NativeMethodAccessorImpl.java:0,906,857,0,1789806887340,1789806887353,13,False,11,11126327,1,0,6013,17367008,0,0,0,0,2489303,10635,0,0,0,0,0
3,save at NativeMethodAccessorImpl.java:0,910,861,0,1789806887347,1789806887355,8,False,6,6129172,1,0,6013,17104864,0,0,0,0,1717631,7347,0,0,0,0,0
3,save at NativeMethodAccessorImpl.java:0,911,862,0,1789806887352,1789806887360,8,False,6,6126959,1,0,6013,17104864,0,0,0,0,1725554,7381,0,0,0,0,0
3,save at NativeMethodAccessorImpl.java:0,909,860,0,1789806887345,1789806887361,16,False,12,12350166,2,0,6013,17367008,0,0,0,0,2457876,10497,0,0,0,0,0
3,save at NativeMethodAccessorImpl.java:0,913,864,0,1789806887355,1789806887363,8,False,6,6267048,1,0,6013,17104864,0,0,0,0,1039226,4436,0,0,0,0,0
3,save at NativeMethodAccessorImpl.java:0,912,863,0,1789806887353,1789806887366,13,False,9,9247469,2,0,6013,17104864,0,0,0,0,1736756,7427,0,0,0,0,0
3,save at NativeMethodAccessorImpl.java:0,914,865,0,1789806887360,1789806887372,12,False,8,8144280,2,0,6013,17104864,0,0,0,0,1389803,5921,0,0,0,0,0
3,save at NativeMethodAccessorImpl.java:0,915,866,0,1789806887360,1789806887373,13,False,9,9757759,2,0,6013,17104864,0,0,0,0,1767433,7566,0,0,0,0,0
3,save at NativeMethodAccessorImpl.java:0,916,867,0,1789806887363,1789806887374,11,False,7,7854572,2,0,6013,17104864,0,0,0,0,1410050,6009,0,0,0,0,0
3,save at NativeMethodAccessorImpl.java:0,917,868,0,1789806887366,1789806887375,9,False,6,6455120,2,0,6013,17104864,0,0,0,0,1068797,4562,0,0,0,0,0
3,save at NativeMethodAccessorImpl.java:0,920,871,0,1789806887374,1789806887381,7,False,4,4474271,1,0,6013,17104864,0,0,0,0,1040213,4444,0,0,0,0,0
3,save at NativeMethodAccessorImpl.java:0,918,869,0,1789806887371,1789806887382,11,False,8,8605322,1,0,6013,17367008,0,0,0,0,2444232,10442,0,0,0,0,0
3,save at NativeMethodAccessorImpl.java:0,919,870,0,1789806887373,1789806887386,13,False,9,9728658,2,0,6013,17104864,0,0,0,0,1769833,7573,0,0,0,0,0
3,save at NativeMethodAccessorImpl.java:0,922,873,0,1789806887381,1789806887386,5,False,3,3384169,1,0,6013,16973792,0,0,0,0,696044,2967,0,0,0,0,0
3,save at NativeMethodAccessorImpl.java:0,923,874,0,1789806887382,1789806887390,8,False,5,5111000,2,0,6013,16973792,0,0,0,0,703895,3001,0,0,0,0,0
3,save at NativeMethodAccessorImpl.java:0,925,876,0,1789806887386,1789806887396,10,False,6,6398790,2,0,6013,17104864,0,0,0,0,1066124,4550,0,0,0,0,0
3,save at NativeMethodAccessorImpl.java:0,924,875,0,1789806887386,1789806887397,11,False,8,8347504,1,0,6013,17367008,0,0,0,0,2472589,10556,0,0,0,0,0
3,save at NativeMethodAccessorImpl.java:0,921,872,0,1789806887375,1789806887397,22,False,18,18096847,2,0,6013,17891296,0,0,0,0,3864601,16527,0,0,0,0,0
3,save at NativeMethodAccessorImpl.java:0,928,879,0,1789806887396,1789806887407,11,False,8,5653487,1,3,6056,17104864,0,0,0,0,1410508,6010,0,0,0,0,0
3,save at NativeMethodAccessorImpl.java:0,926,877,0,1789806887390,1789806887408,18,False,14,10946611,2,3,6056,17367008,0,0,0,0,2107631,9004,0,0,0,0,0
3,save at NativeMethodAccessorImpl.java:0,929,880,0,1789806887396,1789806887408,12,False,8,5350910,2,3,6056,17104864,0,0,0,0,1063747,4541,0,0,0,0,0
3,save at NativeMethodAccessorImpl.java:0,931,882,0,1789806887408,1789806887414,6,False,4,4606471,1,0,6013,17104864,0,0,0,0,1042323,4453,0,0,0,0,0
3,save at NativeMethodAccessorImpl.java:0,930,881,0,1789806887407,1789806887415,8,False,3,3784731,2,0,6013,16908256,0,0,0,0,372898,1562,0,0,0,0,0
3,save at NativeMethodAccessorImpl.java:0,927,878,0,1789806887396,1789806887417,21,False,17,14343654,2,3,6056,17367008,0,0,0,0,3158948,13490,0,0,0,0,0
3,save at NativeMethodAccessorImpl.java:0,932,883,0,1789806887408,1789806887419,11,False,7,7725627,2,0,6013,17104864,0,0,0,0,1417097,6039,0,0,0,0,0
3,save at NativeMethodAccessorImpl.java:0,934,885,0,1789806887414,1789806887423,9,False,6,6322709,1,0,6013,17104864,0,0,0,0,1727582,7388,0,0,0,0,0
3,save at NativeMethodAccessorImpl.java:0,933,884,0,1789806887414,1789806887427,13,False,9,9347953,2,0,6013,17104864,0,0,0,0,1742525,7457,0,0,0,0,0
3,save at NativeMethodAccessorImpl.java:0,935,886,0,1789806887416,1789806887430,14,False,11,11026678,1,0,6013,17367008,0,0,0,0,2122661,9066,0,0,0,0,0
3,save at NativeMethodAccessorImpl.java:0,937,888,0,1789806887423,1789806887430,7,False,5,5426002,1,0,6013,17104864,0,0,0,0,1405884,5992,0,0,0,0,0
3,save at NativeMethodAccessorImpl.java:0,936,887,0,1789806887419,1789806887434,15,False,12,12317268,2,0,6013,17367008,0,0,0,0,2464172,10525,0,0,0,0,0
3,save at NativeMethodAccessorImpl.java:0,940,891,0,1789806887430,1789806887437,7,False,5,5085464,1,0,6013,17104864,0,0,0,0,1384878,5899,0,0,0,0,0
3,save at NativeMethodAccessorImpl.java:0,941,892,0,1789806887434,1789806887441,7,False,3,3557606,2,0,6013,16908256,0,0,0,0,355028,1485,0,0,0,0,0
3,save at NativeMethodAccessorImpl.java:0,938,889,0,1789806887427,1789806887442,15,False,12,12181201,2,0,6013,17367008,0,0,0,0,2451782,10470,0,0,0,0,0
3,save at NativeMethodAccessorImpl.java:0,942,893,0,1789806887437,1789806887445,8,False,5,5143399,1,0,6013,17104864,0,0,0,0,1399939,5964,0,0,0,0,0
3,save at NativeMethodAccessorImpl.java:0,939,890,0,1789806887430,1789806887446,16,False,12,12599055,2,0,6013,17367008,0,0,0,0,2468678,10545,0,0,0,0,0
3,save at NativeMethodAccessorImpl.java:0,945,896,0,1789806887444,1789806887450,6,False,3,3415756,1,0,6013,16973792,0,0,0,0,692320,2949,0,0,0,0,0
3,save at NativeMethodAccessorImpl.java:0,943,894,0,1789806887441,1789806887453,12,False,8,8843270,2,0,6013,17104864,0,0,0,0,1742506,7452,0,0,0,0,0
3,save at NativeMethodAccessorImpl.java:0,947,898,0,1789806887450,1789806887455,5,False,3,3435321,1,0,6013,16973792,0,0,0,0,708802,3022,0,0,0,0,0
3,save at NativeMethodAccessorImpl.java:0,944,895,0,1789806887442,1789806887459,17,False,14,14109457,2,0,6013,17891296,0,0,0,0,3890293,16631,0,0,0,0,0
3,save at NativeMethodAccessorImpl.java:0,949,900,0,1789806887455,1789806887462,7,False,5,5093830,1,0,6013,17104864,0,0,0,0,1371327,5838,0,0,0,0,0
3,save at NativeMethodAccessorImpl.java:0,946,897,0,1789806887445,1789806887463,18,False,13,13957785,2,0,6013,17367008,0,0,0,0,2840024,12145,0,0,0,0,0
3,save at NativeMethodAccessorImpl.java:0,948,899,0,1789806887453,1789806887463,10,False,8,8159068,1,0,6013,17367008,0,0,0,0,2468005,10538,0,0,0,0,0
3,save at NativeMethodAccessorImpl.java:0,952,903,0,1789806887463,1789806887470,7,False,3,3460590,2,0,6013,16908256,0,0,0,0,344752,1440,0,0,0,0,0
3,save at NativeMethodAccessorImpl.java:0,951,902,0,1789806887462,1789806887470,8,False,6,6163528,1,0,6013,17104864,0,0,0,0,1769131,7573,0,0,0,0,0
3,save at NativeMethodAccessorImpl.java:0,953,904,0,1789806887463,1789806887471,8,False,6,6112766,1,0,6013,17104864,0,0,0,0,1749671,7487,0,0,0,0,0
3,save at NativeMethodAccessorImpl.java:0,950,901,0,1789806887459,1789806887472,13,False,10,10805370,1,0,6013,17367008,0,0,0,0,3510290,15007,0,0,0,0,0
3,save at NativeMethodAccessorImpl.java:0,954,905,0,1789806887469,1789806887478,9,False,6,6134241,1,0,6013,17104864,0,0,0,0,1758919,7526,0,0,0,0,0
3,save at NativeMethodAccessorImpl.java:0,957,908,0,1789806887472,1789806887479,7,False,5,5137237,1,0,6013,17104864,0,0,0,0,1375086,5856,0,0,0,0,0
3,save at NativeMethodAccessorImpl.java:0,956,907,0,1789806887471,1789806887481,10,False,8,8147132,1,0,6013,17367008,0,0,0,0,2471757,10560,0,0,0,0,0
3,save at NativeMethodAccessorImpl.java:0,955,906,0,1789806887470,1789806887482,12,False,9,9789234,1,0,6013,17367008,0,0,0,0,3128398,13358,0,0,0,0,0
3,save at NativeMethodAccessorImpl.java:0,958,909,0,1789806887478,1789806887484,6,False,4,4248005,1,0,6013,17104864,0,0,0,0,1054041,4502,0,0,0,0,0
3,save at NativeMethodAccessorImpl.java:0,959,910,0,1789806887479,1789806887485,6,False,3,3367167,1,0,6013,16973792,0,0,0,0,696733,2969,0,0,0,0,0
3,save at NativeMethodAccessorImpl.java:0,961,912,0,1789806887482,1789806887491,9,False,7,7319303,1,0,6013,17367008,0,0,0,0,2104103,8989,0,0,0,0,0
3,save at NativeMethodAccessorImpl.java:0,960,911,0,1789806887481,1789806887492,11,False,8,8854475,1,0,6013,17367008,0,0,0,0,2760952,11811,0,0,0,0,0
3,save at NativeMethodAccessorImpl.java:0,962,913,0,1789806887484,1789806887495,11,False,8,8841222,1,0,6013,17367008,0,0,0,0,2792768,11949,0,0,0,0,0
3,save at NativeMethodAccessorImpl.java:0,963,914,0,1789806887484,1789806887496,12,False,9,9788140,1,0,6013,17367008,0,0,0,0,3160817,13502,0,0,0,0,0
3,save at NativeMethodAccessorImpl.java:0,964,915,0,1789806887491,1789806887498,7,False,5,5163501,1,0,6013,17104864,0,0,0,0,1370850,5833,0,0,0,0,0
3,save at NativeMethodAccessorImpl.java:0,965,916,0,1789806887492,1789806887500,8,False,6,6156444,1,0,6013,17104864,0,0,0,0,1754946,7504,0,0,0,0,0
3,save at NativeMethodAccessorImpl.java:0,968,919,0,1789806887498,1789806887504,6,False,3,3279853,1,0,6013,16973792,0,0,0,0,716445,3056,0,0,0,0,0
3,save at NativeMethodAccessorImpl.java:0,967,918,0,1789806887496,1789806887504,8,False,5,5473784,1,0,6013,17104864,0,0,0,0,1377261,5865,0,0,0,0,0
3,save at NativeMethodAccessorImpl.java:0,966,917,0,1789806887495,1789806887504,9,False,7,7170060,1,0,6013,17367008,0,0,0,0,2095220,8946,0,0,0,0,0
3,save at NativeMethodAccessorImpl.java:0,969,920,0,1789806887500,1789806887506,6,False,4,4310884,1,0,6013,17104864,0,0,0,0,1041015,4447,0,0,0,0,0
3,save at NativeMethodAccessorImpl.java:0,971,922,0,1789806887503,1789806887510,7,False,4,4357348,1,0,6013,17104864,0,0,0,0,1063242,4538,0,0,0,0,0
3,save at NativeMethodAccessorImpl.java:0,972,923,0,1789806887504,1789806887510,6,False,4,4218395,1,0,6013,17104864,0,0,0,0,1052146,4493,0,0,0,0,0
3,save at NativeMethodAccessorImpl.java:0,973,924,0,1789806887506,1789806887512,6,False,4,4298928,1,0,6013,17104864,0,0,0,0,1038810,4437,0,0,0,0,0
3,save at NativeMethodAccessorImpl.java:0,970,921,0,1789806887503,1789806887515,12,False,9,9687374,1,0,6013,17367008,0,0,0,0,3155453,13477,0,0,0,0,0
3,save at NativeMethodAccessorImpl.java:0,975,926,0,1789806887510,1789806887517,7,False,4,4483669,1,0,6013,17104864,0,0,0,0,1077125,4595,0,0,0,0,0
3,save at NativeMethodAccessorImpl.java:0,976,927,0,1789806887512,1789806887519,7,False,5,5158085,1,0,6013,17104864,0,0,0,0,1384999,5900,0,0,0,0,0
3,save at NativeMethodAccessorImpl.java:0,974,925,0,1789806887510,1789806887521,11,False,9,9183309,1,0,6013,17367008,0,0,0,0,2815367,12046,0,0,0,0,0
3,save at NativeMethodAccessorImpl.java:0,977,928,0,1789806887515,1789806887525,10,False,7,7708328,1,0,6013,17367008,0,0,0,0,2113402,9027,0,0,0,0,0
3,save at NativeMethodAccessorImpl.java:0,979,930,0,1789806887519,1789806887526,7,False,4,4552476,1,0,6013,17104864,0,0,0,0,1085320,4629,0,0,0,0,0
3,save at NativeMethodAccessorImpl.java:0,978,929,0,1789806887516,1789806887527,11,False,8,8183732,2,0,6013,17104864,0,0,0,0,1401531,5971,0,0,0,0,0
3,save at NativeMethodAccessorImpl.java:0,981,932,0,1789806887524,1789806887532,8,False,5,5153484,1,0,6013,17104864,0,0,0,0,1403109,5979,0,0,0,0,0
3,save at NativeMethodAccessorImpl.java:0,980,931,0,1789806887521,1789806887532,11,False,8,8877182,1,0,6013,17367008,0,0,0,0,2778981,11892,0,0,0,0,0
3,save at NativeMethodAccessorImpl.java:0,983,934,0,1789806887527,1789806887535,8,False,4,4812956,2,0,6013,17104864,0,0,0,0,1011842,4326,0,0,0,0,0
3,save at NativeMethodAccessorImpl.java:0,982,933,0,1789806887526,1789806887537,11,False,8,8885485,1,0,6013,17367008,0,0,0,0,2792777,11950,0,0,0,0,0
3,save at NativeMethodAccessorImpl.java:0,985,936,0,1789806887532,1789806887538,6,False,4,4433887,1,0,6013,17104864,0,0,0,0,1053026,4497,0,0,0,0,0
3,save at NativeMethodAccessorImpl.java:0,984,935,0,1789806887531,1789806887540,9,False,6,6123892,1,0,6013,17104864,0,0,0,0,1749058,7487,0,0,0,0,0
3,save at NativeMethodAccessorImpl.java:0,987,938,0,1789806887536,1789806887541,5,False,2,2348795,1,0,6013,16908256,0,0,0,0,357488,1496,0,0,0,0,0
3,save at NativeMethodAccessorImpl.java:0,988,939,0,1789806887538,1789806887545,7,False,5,5197643,1,0,6013,17104864,0,0,0,0,1424077,6069,0,0,0,0,0
3,save at NativeMethodAccessorImpl.java:0,989,940,0,1789806887539,1789806887546,7,False,4,4243036,1,0,6013,17104864,0,0,0,0,1054408,4500,0,0,0,0,0
3,save at NativeMethodAccessorImpl.java:0,986,937,0,1789806887535,1789806887547,12,False,9,9612322,1,0,6013,17367008,0,0,0,0,3141618,13412,0,0,0,0,0
3,save at NativeMethodAccessorImpl.java:0,990,941,0,1789806887541,1789806887551,10,False,7,7921916,1,0,6013,17367008,0,0,0,0,2467540,10541,0,0,0,0,0
3,save at NativeMethodAccessorImpl.java:0,991,942,0,1789806887545,1789806887553,8,False,5,5842654,1,0,6013,17104864,0,0,0,0,1405592,5988,0,0,0,0,0
3,save at NativeMethodAccessorImpl.java:0,992,943,0,1789806887546,1789806887553,7,False,5,5360765,1,0,6013,17104864,0,0,0,0,1411610,6014,0,0,0,0,0
3,save at NativeMethodAccessorImpl.java:0,993,944,0,1789806887547,1789806887558,11,False,8,8897166,1,0,6013,17367008,0,0,0,0,2834883,12123,0,0,0,0,0
3,save at NativeMethodAccessorImpl.java:0,994,945,0,1789806887550,1789806887560,10,False,7,7399594,1,0,6013,17367008,0,0,0,0,2107200,9002,0,0,0,0,0
3,save at NativeMethodAccessorImpl.java:0,996,947,0,1789806887553,1789806887563,10,False,7,7477946,1,0,6013,17367008,0,0,0,0,2175198,9288,0,0,0,0,0
3,save at NativeMethodAccessorImpl.java:0,998,949,0,1789806887560,1789806887566,6,False,4,4284293,1,0,6013,17104864,0,0,0,0,1051954,4493,0,0,0,0,0
3,save at NativeMethodAccessorImpl.java:0,997,948,0,1789806887558,1789806887567,9,False,7,7367547,1,0,6013,17367008,0,0,0,0,2103728,8987,0,0,0,0,0
3,save at NativeMethodAccessorImpl.java:0,995,946,0,1789806887553,1789806887567,14,False,10,10768953,2,0,6013,17367008,0,0,0,0,2092957,8938,0,0,0,0,0
3,save at NativeMethodAccessorImpl.java:0,999,950,0,1789806887562,1789806887570,8,False,5,5985704,1,0,6013,17104864,0,0,0,0,1733477,7416,0,0,0,0,0
3,save at NativeMethodAccessorImpl.java:0,1002,953,0,1789806887567,1789806887574,7,False,4,4395391,1,0,6013,17104864,0,0,0,0,1055606,4507,0,0,0,0,0
3,save at NativeMethodAccessorImpl.java:0,1000,951,0,1789806887566,1789806887574,8,False,6,6021094,1,0,6013,17104864,0,0,0,0,1750508,7490,0,0,0,0,0
3,save at NativeMethodAccessorImpl.java:0,1001,952,0,1789806887567,1789806887579,12,False,9,9415277,2,0,6013,17104864,0,0,0,0,1766383,7559,0,0,0,0,0
3,save at NativeMethodAccessorImpl.java:0,1005,956,0,1789806887574,1789806887581,7,False,5,5284600,1,0,6013,17104864,0,0,0,0,1398859,5957,0,0,0,0,0
3,save at NativeMethodAccessorImpl.java:0,1003,954,0,1789806887570,1789806887582,12,False,9,9840867,1,0,6013,17367008,0,0,0,0,3152824,13470,0,0,0,0,0
3,save at NativeMethodAccessorImpl.java:0,1004,955,0,1789806887573,1789806887584,11,False,8,8933481,1,0,6013,17367008,0,0,0,0,2791279,11950,0,0,0,0,0
3,save at NativeMethodAccessorImpl.java:0,1007,958,0,1789806887581,1789806887590,9,False,6,6316084,1,0,6013,17104864,0,0,0,0,1777349,7607,0,0,0,0,0
3,save at NativeMethodAccessorImpl.java:0,1009,960,0,1789806887584,1789806887594,10,False,4,4267820,1,3,6056,17104864,0,0,0,0,1032637,4411,0,0,0,0,0
3,save at NativeMethodAccessorImpl.java:0,1008,959,0,1789806887582,1789806887599,17,False,11,8224099,1,4,6099,17367008,0,0,0,0,2450411,10467,0,0,0,0,0
3,save at NativeMethodAccessorImpl.java:0,1006,957,0,1789806887579,1789806887600,21,False,16,11699453,2,4,6056,17367008,0,0,0,0,2092984,8936,0,0,0,0,0
3,save at NativeMethodAccessorImpl.java:0,1012,963,0,1789806887599,1789806887608,9,False,6,6265689,1,0,6013,17104864,0,0,0,0,1419020,6047,0,0,0,0,0
3,save at NativeMethodAccessorImpl.java:0,1010,961,0,1789806887590,1789806887609,19,False,11,11238007,7,4,6056,17367008,0,0,0,0,2489071,10635,0,0,0,0,0
3,save at NativeMethodAccessorImpl.java:0,1011,962,0,1789806887594,1789806887611,17,False,12,12413555,3,1,6056,17367008,0,0,0,0,3201164,13673,0,0,0,0,0
3,save at NativeMethodAccessorImpl.java:0,1013,964,0,1789806887599,1789806887613,14,False,10,10423805,2,0,6013,17367008,0,0,0,0,2792208,11948,0,0,0,0,0
3,save at NativeMethodAccessorImpl.java:0,1015,966,0,1789806887609,1789806887616,7,False,4,4776302,1,0,6013,17104864,0,0,0,0,1046312,4470,0,0,0,0,0
3,save at NativeMethodAccessorImpl.java:0,1014,965,0,1789806887608,1789806887616,8,False,5,5823526,1,0,6013,17104864,0,0,0,0,1431955,6101,0,0,0,0,0
3,save at NativeMethodAccessorImpl.java:0,1017,968,0,1789806887613,1789806887627,14,False,10,6617053,1,4,6056,17104864,0,0,0,0,1737189,7430,0,0,0,0,0
3,save at NativeMethodAccessorImpl.java:0,1016,967,0,1789806887611,1789806887627,16,False,12,8887262,1,4,6056,17367008,0,0,0,0,2384948,10181,0,0,0,0,0
3,save at NativeMethodAccessorImpl.java:0,1019,970,0,1789806887616,1789806887634,18,False,10,8357494,5,6,6056,17104864,0,0,0,0,1738392,7437,0,0,0,0,0
3,save at NativeMethodAccessorImpl.java:0,1018,969,0,1789806887616,1789806887636,20,False,13,11204717,5,6,6056,17367008,0,0,0,0,2470343,10550,0,0,0,0,0
3,save at NativeMethodAccessorImpl.java:0,1022,973,0,1789806887634,1789806887641,7,False,3,3743219,2,0,6013,16973792,0,0,0,0,697244,2972,0,0,0,0,0
3,save at NativeMethodAccessorImpl.java:0,1021,972,0,1789806887627,1789806887642,15,False,8,8424922,5,2,6056,16973792,0,0,0,0,715035,3049,0,0,0,0,0
3,save at NativeMethodAccessorImpl.java:0,1023,974,0,1789806887635,1789806887645,10,False,7,7070819,1,0,6013,17104864,0,0,0,0,1741859,7454,0,0,0,0,0
3,save at NativeMethodAccessorImpl.java:0,1020,971,0,1789806887626,1789806887647,21,False,13,13253965,6,2,6056,17104864,0,0,0,0,1776674,7603,0,0,0,0,0
3,save at NativeMethodAccessorImpl.java:0,1024,975,0,1789806887641,1789806887650,9,False,6,6771545,1,0,6013,17104864,0,0,0,0,1781048,7624,0,0,0,0,0
3,save at NativeMethodAccessorImpl.java:0,1028,979,0,1789806887650,1789806887661,11,False,3,3441911,5,3,6056,16908256,0,0,0,0,356598,1491,0,0,0,0,0
3,save at NativeMethodAccessorImpl.java:0,1026,977,0,1789806887645,1789806887661,16,False,13,9680374,1,3,6056,17367008,0,0,0,0,2845693,12177,0,0,0,0,0
3,save at NativeMethodAccessorImpl.java:0,1025,976,0,1789806887642,1789806887668,26,False,20,14903117,2,5,6056,17367008,0,0,0,0,2804285,11996,0,0,0,0,0
3,save at NativeMethodAccessorImpl.java:0,1027,978,0,1789806887647,1789806887670,23,False,20,14225955,2,5,6056,17367008,0,0,0,0,2481056,10598,0,0,0,0,0
3,save at NativeMethodAccessorImpl.java:0,1030,981,0,1789806887661,1789806887673,12,False,7,7742097,4,2,6056,17104864,0,0,0,0,1402505,5974,0,0,0,0,0
3,save at NativeMethodAccessorImpl.java:0,1029,980,0,1789806887660,1789806887675,15,False,9,9013032,4,2,6056,17104864,0,0,0,0,1735628,7423,0,0,0,0,0
3,save at NativeMethodAccessorImpl.java:0,1031,982,0,1789806887667,1789806887677,10,False,6,6675894,1,0,6013,17104864,0,0,0,0,1699986,7270,0,0,0,0,0
3,save at NativeMethodAccessorImpl.java:0,1032,983,0,1789806887670,1789806887679,9,False,6,6556108,1,0,6013,17104864,0,0,0,0,1727929,7389,0,0,0,0,0
3,save at NativeMethodAccessorImpl.java:0,1034,985,0,1789806887675,1789806887682,7,False,4,4967585,1,0,6013,17104864,0,0,0,0,1052982,4494,0,0,0,0,0
3,save at NativeMethodAccessorImpl.java:0,1033,984,0,1789806887673,1789806887685,12,False,8,8042678,2,0,6013,17104864,0,0,0,0,1392252,5931,0,0,0,0,0
3,save at NativeMethodAccessorImpl.java:0,1035,986,0,1789806887677,1789806887693,16,False,11,8307214,1,4,6056,17367008,0,0,0,0,2109240,9005,0,0,0,0,0
3,save at NativeMethodAccessorImpl.java:0,1036,987,0,1789806887679,1789806887693,14,False,11,7506555,1,4,6056,17367008,0,0,0,0,2105040,8986,0,0,0,0,0
3,save at NativeMethodAccessorImpl.java:0,1037,988,0,1789806887682,1789806887693,11,False,9,6153189,1,4,6056,17104864,0,0,0,0,1383603,5893,0,0,0,0,0
3,save at NativeMethodAccessorImpl.java:0,1038,989,0,1789806887684,1789806887698,14,False,5,5832717,6,4,6056,16908256,0,0,0,0,368693,1544,0,0,0,0,0
3,save at NativeMethodAccessorImpl.java:0,1041,992,0,1789806887693,1789806887704,11,False,5,4819804,1,2,6099,17104864,0,0,0,0,1039895,4446,0,0,0,0,0
3,save at NativeMethodAccessorImpl.java:0,1039,990,0,1789806887692,1789806887706,14,False,10,8205202,1,2,6056,17367008,0,0,0,0,2061315,8811,0,0,0,0,0
3,save at NativeMethodAccessorImpl.java:0,1040,991,0,1789806887693,1789806887706,13,False,10,8174367,1,2,6056,17367008,0,0,0,0,2068247,8833,0,0,0,0,0
3,save at NativeMethodAccessorImpl.java:0,1042,993,0,1789806887698,1789806887712,14,False,9,9213209,4,2,6056,17104864,0,0,0,0,1048970,4479,0,0,0,0,0
3,save at NativeMethodAccessorImpl.java:0,1045,996,0,1789806887706,1789806887713,7,False,4,4750698,1,0,6013,17104864,0,0,0,0,1032379,4410,0,0,0,0,0
3,save at NativeMethodAccessorImpl.java:0,1044,995,0,1789806887706,1789806887713,7,False,4,4698012,1,0,6013,17104864,0,0,0,0,1051291,4490,0,0,0,0,0
3,save at NativeMethodAccessorImpl.java:0,1046,997,0,1789806887712,1789806887719,7,False,3,3591711,2,0,6013,16908256,0,0,0,0,361845,1515,0,0,0,0,0
3,save at NativeMethodAccessorImpl.java:0,1043,994,0,1789806887704,1789806887720,16,False,11,11568686,3,0,6013,17367008,0,0,0,0,2118622,9044,0,0,0,0,0
3,save at NativeMethodAccessorImpl.java:0,1047,998,0,1789806887713,1789806887722,9,False,7,7516474,1,0,6013,17367008,0,0,0,0,2099258,8964,0,0,0,0,0
3,save at NativeMethodAccessorImpl.java:0,1048,999,0,1789806887713,1789806887726,13,False,11,11283912,1,0,6013,17367008,0,0,0,0,3471031,14834,0,0,0,0,0
3,save at NativeMethodAccessorImpl.java:0,1049,1000,0,1789806887719,1789806887735,16,False,11,7928300,2,3,6056,17104864,0,0,0,0,1399361,5959,0,0,0,0,0
3,save at NativeMethodAccessorImpl.java:0,1051,1002,0,1789806887722,1789806887737,15,False,12,8642005,1,3,6056,17367008,0,0,0,0,2400098,10253,0,0,0,0,0
3,save at NativeMethodAccessorImpl.java:0,1050,1001,0,1789806887720,1789806887738,18,False,15,12322824,2,3,6056,17367008,0,0,0,0,2451232,10462,0,0,0,0,0
3,save at NativeMethodAccessorImpl.java:0,1052,1003,0,1789806887726,1789806887742,16,False,13,9541431,1,3,6056,17367008,0,0,0,0,2105766,8994,0,0,0,0,0
3,save at NativeMethodAccessorImpl.java:0,1055,1006,0,1789806887738,1789806887752,14,False,9,6743691,2,2,6056,17104864,0,0,0,0,1044780,4461,0,0,0,0,0
3,save at NativeMethodAccessorImpl.java:0,1054,1005,0,1789806887737,1789806887756,19,False,12,9949104,1,2,6056,17367008,0,0,0,0,2810440,12028,0,0,0,0,0
3,save at NativeMethodAccessorImpl.java:0,1056,1007,0,1789806887742,1789806887756,14,False,9,7549970,1,2,6056,16973792,0,0,0,0,706732,3011,0,0,0,0,0
3,save at NativeMethodAccessorImpl.java:0,1053,1004,0,1789806887735,1789806887756,21,False,16,14022215,3,2,6056,17367008,0,0,0,0,2799097,11979,0,0,0,0,0
3,save at NativeMethodAccessorImpl.java:0,1058,1009,0,1789806887752,1789806887761,9,False,6,6081437,2,0,6013,17104864,0,0,0,0,1390254,5923,0,0,0,0,0
3,save at NativeMethodAccessorImpl.java:0,1060,1011,0,1789806887756,1789806887764,8,False,5,5524303,1,0,6013,17104864,0,0,0,0,1373747,5850,0,0,0,0,0
3,save at NativeMethodAccessorImpl.java:0,1057,1008,0,1789806887752,1789806887766,14,False,11,11023761,2,0,6013,17367008,0,0,0,0,3103795,13264,0,0,0,0,0
3,save at NativeMethodAccessorImpl.java:0,1059,1010,0,1789806887756,1789806887767,11,False,8,8252517,2,0,6013,17104864,0,0,0,0,1400471,5967,0,0,0,0,0
3,save at NativeMethodAccessorImpl.java:0,1061,1012,0,1789806887761,1789806887777,16,False,11,8331075,1,4,6056,17367008,0,0,0,0,2141436,9140,0,0,0,0,0
3,save at NativeMethodAccessorImpl.java:0,1062,1013,0,1789806887764,1789806887777,13,False,11,7864757,1,4,6056,17367008,0,0,0,0,2093576,8943,0,0,0,0,0
3,save at NativeMethodAccessorImpl.java:0,1063,1014,0,1789806887766,1789806887779,13,False,10,7271158,1,4,6056,17367008,0,0,0,0,2078580,8874,0,0,0,0,0
3,save at NativeMethodAccessorImpl.java:0,1064,1015,0,1789806887767,1789806887781,14,False,5,5986505,6,4,6056,16908256,0,0,0,0,348247,1457,0,0,0,0,0
3,save at NativeMethodAccessorImpl.java:0,1066,1017,0,1789806887777,1789806887783,6,False,3,3530853,1,0,6013,16973792,0,0,0,0,705757,3008,0,0,0,0,0
3,save at NativeMethodAccessorImpl.java:0,1065,1016,0,1789806887776,1789806887785,9,False,6,5775578,2,0,6013,17104864,0,0,0,0,1406302,5991,0,0,0,0,0
3,save at NativeMethodAccessorImpl.java:0,1068,1019,0,1789806887781,1789806887789,8,False,5,5273906,2,0,6013,17104864,0,0,0,0,1402677,5976,0,0,0,0,0
3,save at NativeMethodAccessorImpl.java:0,1069,1020,0,1789806887783,1789806887790,7,False,4,4238919,1,0,6013,17104864,0,0,0,0,1034576,4419,0,0,0,0,0
3,save at NativeMethodAccessorImpl.java:0,1067,1018,0,1789806887779,1789806887791,12,False,10,9808440,1,0,6013,17367008,0,0,0,0,3112570,13295,0,0,0,0,0
3,save at NativeMethodAccessorImpl.java:0,1071,1022,0,1789806887789,1789806887796,7,False,5,5203831,1,0,6013,17104864,0,0,0,0,1394007,5939,0,0,0,0,0
3,save at NativeMethodAccessorImpl.java:0,1070,1021,0,1789806887785,1789806887798,13,False,10,10946767,1,0,6013,17367008,0,0,0,0,3515462,15016,0,0,0,0,0
3,save at NativeMethodAccessorImpl.java:0,1072,1023,0,1789806887789,1789806887799,10,False,7,7198597,1,0,6013,17367008,0,0,0,0,2101811,8974,0,0,0,0,0
3,save at NativeMethodAccessorImpl.java:0,1073,1024,0,1789806887791,1789806887800,9,False,7,7149912,1,0,6013,17367008,0,0,0,0,2098733,8963,0,0,0,0,0
3,save at NativeMethodAccessorImpl.java:0,1076,1027,0,1789806887799,1789806887806,7,False,5,5268397,1,0,6013,17104864,0,0,0,0,1395904,5943,0,0,0,0,0
3,save at NativeMethodAccessorImpl.java:0,1075,1026,0,1789806887798,1789806887807,9,False,6,6286417,1,0,6013,17104864,0,0,0,0,1746468,7471,0,0,0,0,0
3,save at NativeMethodAccessorImpl.java:0,1074,1025,0,1789806887796,1789806887807,11,False,8,8142291,1,0,6013,17367008,0,0,0,0,2475393,10573,0,0,0,0,0
3,save at NativeMethodAccessorImpl.java:0,1077,1028,0,1789806887800,1789806887810,10,False,7,7087345,1,0,6013,17104864,0,0,0,0,1741126,7448,0,0,0,0,0
3,save at NativeMethodAccessorImpl.java:0,1078,1029,0,1789806887806,1789806887813,7,False,4,4451486,1,0,6013,17104864,0,0,0,0,1046639,4470,0,0,0,0,0
3,save at NativeMethodAccessorImpl.java:0,1080,1031,0,1789806887807,1789806887814,7,False,5,5402947,1,0,6013,17104864,0,0,0,0,1408234,5998,0,0,0,0,0
3,save at NativeMethodAccessorImpl.java:0,1079,1030,0,1789806887806,1789806887815,9,False,6,6276238,1,0,6013,17104864,0,0,0,0,1407566,5994,0,0,0,0,0
3,save at NativeMethodAccessorImpl.java:0,1081,1032,0,1789806887809,1789806887816,7,False,4,4544010,1,0,6013,17104864,0,0,0,0,1043219,4455,0,0,0,0,0
3,save at NativeMethodAccessorImpl.java:0,1082,1033,0,1789806887813,1789806887820,7,False,5,5126966,1,0,6013,17104864,0,0,0,0,1388150,5913,0,0,0,0,0
3,save at NativeMethodAccessorImpl.java:0,1084,1035,0,1789806887815,1789806887823,8,False,6,6329628,1,0,6013,17104864,0,0,0,0,1747485,7479,0,0,0,0,0
3,save at NativeMethodAccessorImpl.java:0,1083,1034,0,1789806887814,1789806887823,9,False,7,7314320,1,0,6013,17367008,0,0,0,0,2088482,8917,0,0,0,0,0
3,save at NativeMethodAccessorImpl.java:0,1085,1036,0,1789806887816,1789806887825,9,False,7,7391376,1,0,6013,17367008,0,0,0,0,2102739,8976,0,0,0,0,0
3,save at NativeMethodAccessorImpl.java:0,1087,1038,0,1789806887823,1789806887827,4,False,2,2368164,1,0,6013,16908256,0,0,0,0,361851,1514,0,0,0,0,0
3,save at NativeMethodAccessorImpl.java:0,1086,1037,0,1789806887820,1789806887831,11,False,8,8907026,1,0,6013,17367008,0,0,0,0,2786614,11922,0,0,0,0,0
3,save at NativeMethodAccessorImpl.java:0,1088,1039,0,1789806887823,1789806887835,12,False,9,9249300,1,0,6013,17367008,0,0,0,0,2859739,12227,0,0,0,0,0
3,save at NativeMethodAccessorImpl.java:0,1089,1040,0,1789806887825,1789806887836,11,False,8,8267323,1,0,6013,17367008,0,0,0,0,2451237,10470,0,0,0,0,0
3,save at NativeMethodAccessorImpl.java:0,1091,1042,0,1789806887830,1789806887837,7,False,4,4411802,1,0,6013,17104864,0,0,0,0,1050815,4488,0,0,0,0,0
3,save at NativeMethodAccessorImpl.java:0,1090,1041,0,1789806887827,1789806887838,11,False,7,7751853,2,0,6013,17367008,0,0,0,0,2086684,8913,0,0,0,0,0
3,save at NativeMethodAccessorImpl.java:0,1092,1043,0,1789806887835,1789806887842,7,False,5,5590736,1,0,6013,17104864,0,0,0,0,1432064,6102,0,0,0,0,0
3,save at NativeMethodAccessorImpl.java:0,1095,1046,0,1789806887838,1789806887845,7,False,4,4378815,1,0,6013,17104864,0,0,0,0,1056847,4511,0,0,0,0,0
3,save at NativeMethodAccessorImpl.java:0,1094,1045,0,1789806887837,1789806887845,8,False,6,6150981,1,0,6013,17104864,0,0,0,0,1750869,7492,0,0,0,0,0
3,save at NativeMethodAccessorImpl.java:0,1093,1044,0,1789806887835,1789806887846,11,False,8,8330326,1,0,6013,17367008,0,0,0,0,2412967,10298,0,0,0,0,0
3,save at NativeMethodAccessorImpl.java:0,1096,1047,0,1789806887842,1789806887848,6,False,3,3535861,1,0,6013,16973792,0,0,0,0,719443,3068,0,0,0,0,0
3,save at NativeMethodAccessorImpl.java:0,1099,1050,0,1789806887846,1789806887852,6,False,4,4271449,1,0,6013,17104864,0,0,0,0,1040761,4441,0,0,0,0,0
3,save at NativeMethodAccessorImpl.java:0,1097,1048,0,1789806887845,1789806887853,8,False,5,5277335,2,0,6013,16973792,0,0,0,0,715325,3050,0,0,0,0,0
3,save at NativeMethodAccessorImpl.java:0,1098,1049,0,1789806887845,1789806887857,12,False,9,9266088,1,0,6013,17367008,0,0,0,0,2828348,12094,0,0,0,0,0
3,save at NativeMethodAccessorImpl.java:0,1101,1052,0,1789806887852,1789806887859,7,False,5,5184233,1,0,6013,17104864,0,0,0,0,1361503,5796,0,0,0,0,0
3,save at NativeMethodAccessorImpl.java:0,1103,1054,0,1789806887857,1789806887860,3,False,0,994392,1,0,5970,65536,0,0,0,0,0,0,0,0,0,0,0
3,save at NativeMethodAccessorImpl.java:0,1100,1051,0,1789806887848,1789806887861,13,False,9,9490596,2,0,6013,17104864,0,0,0,0,1749662,7486,0,0,0,0,0
3,save at NativeMethodAccessorImpl.java:0,1102,1053,0,1789806887853,1789806887865,12,False,8,8906350,2,0,6013,17367008,0,0,0,0,2804301,11992,0,0,0,0,0
3,save at NativeMethodAccessorImpl.java:0,1104,1055,0,1789806887859,1789806887867,8,False,5,5305857,1,0,6013,17104864,0,0,0,0,1396793,5948,0,0,0,0,0
3,save at NativeMethodAccessorImpl.java:0,1105,1056,0,1789806887860,1789806887868,8,False,6,6291457,1,0,6013,17104864,0,0,0,0,1775442,7600,0,0,0,0,0
3,save at NativeMethodAccessorImpl.java:0,1106,1057,0,1789806887860,1789806887870,10,False,6,6565484,2,0,6013,17104864,0,0,0,0,1074366,4584,0,0,0,0,0
3,save at NativeMethodAccessorImpl.java:0,1107,1058,0,1789806887865,1789806887872,7,False,4,4374585,2,0,6013,17104864,0,0,0,0,1037574,4431,0,0,0,0,0
3,save at NativeMethodAccessorImpl.java:0,1109,1060,0,1789806887868,1789806887873,5,False,2,2497416,1,0,6013,16908256,0,0,0,0,362550,1517,0,0,0,0,0
3,save at NativeMethodAccessorImpl.java:0,1108,1059,0,1789806887866,1789806887877,11,False,8,8167990,1,0,6013,17367008,0,0,0,0,2438640,10413,0,0,0,0,0
3,save at NativeMethodAccessorImpl.java:0,1112,1063,0,1789806887873,1789806887877,4,False,2,2371746,1,0,6013,16908256,0,0,0,0,363596,1523,0,0,0,0,0
3,save at NativeMethodAccessorImpl.java:0,1111,1062,0,1789806887872,1789806887878,6,False,4,4479086,1,0,6013,17104864,0,0,0,0,1046856,4470,0,0,0,0,0
3,save at NativeMethodAccessorImpl.java:0,1110,1061,0,1789806887870,1789806887881,11,False,7,7613537,2,0,6013,17104864,0,0,0,0,1733947,7419,0,0,0,0,0
3,save at NativeMethodAccessorImpl.java:0,1113,1064,0,1789806887877,1789806887886,9,False,7,7219809,1,0,6013,17367008,0,0,0,0,2130652,9097,0,0,0,0,0
3,save at NativeMethodAccessorImpl.java:0,1114,1065,0,1789806887877,1789806887888,11,False,8,8828241,1,0,6013,17367008,0,0,0,0,2806388,12007,0,0,0,0,0
3,save at NativeMethodAccessorImpl.java:0,1116,1067,0,1789806887881,1789806887890,9,False,6,6438552,1,0,6013,17104864,0,0,0,0,1743424,7459,0,0,0,0,0
3,save at NativeMethodAccessorImpl.java:0,1115,1066,0,1789806887878,1789806887891,13,False,11,11041293,1,0,6013,17367008,0,0,0,0,3511223,15003,0,0,0,0,0
3,save at NativeMethodAccessorImpl.java:0,1118,1069,0,1789806887888,1789806887895,7,False,4,4235678,1,0,6013,17104864,0,0,0,0,1043402,4457,0,0,0,0,0
3,save at NativeMethodAccessorImpl.java:0,1117,1068,0,1789806887886,1789806887895,9,False,7,7202925,1,0,6013,17367008,0,0,0,0,2102865,8984,0,0,0,0,0
3,save at NativeMethodAccessorImpl.java:0,1120,1071,0,1789806887891,1789806887897,6,False,3,3506997,1,0,6013,16973792,0,0,0,0,710998,3031,0,0,0,0,0
3,save at NativeMethodAccessorImpl.java:0,1119,1070,0,1789806887889,1789806887901,12,False,9,9224925,1,0,6013,17367008,0,0,0,0,2778172,11890,0,0,0,0,0
3,save at NativeMethodAccessorImpl.java:0,1121,1072,0,1789806887894,1789806887902,8,False,5,5344146,1,0,6013,17104864,0,0,0,0,1410646,6007,0,0,0,0,0
3,save at NativeMethodAccessorImpl.java:0,1123,1074,0,1789806887897,1789806887905,8,False,6,6267305,1,0,6013,17104864,0,0,0,0,1744625,7464,0,0,0,0,0
3,save at NativeMethodAccessorImpl.java:0,1122,1073,0,1789806887895,1789806887906,11,False,8,8680645,1,0,6013,17367008,0,0,0,0,2760513,11808,0,0,0,0,0
3,save at NativeMethodAccessorImpl.java:0,1124,1075,0,1789806887901,1789806887912,11,False,9,9188594,1,0,6013,17367008,0,0,0,0,2809433,12022,0,0,0,0,0
3,save at NativeMethodAccessorImpl.java:0,1125,1076,0,1789806887902,1789806887913,11,False,8,8946825,1,0,6013,17367008,0,0,0,0,2828169,12109,0,0,0,0,0
3,save at NativeMethodAccessorImpl.java:0,1126,1077,0,1789806887905,1789806887915,10,False,8,8228747,1,0,6013,17367008,0,0,0,0,2430654,10380,0,0,0,0,0
3,save at NativeMethodAccessorImpl.java:0,1127,1078,0,1789806887906,1789806887916,10,False,7,7336535,1,0,6013,17367008,0,0,0,0,2124862,9073,0,0,0,0,0
3,save at NativeMethodAccessorImpl.java:0,1129,1080,0,1789806887913,1789806887920,7,False,5,5212382,1,0,6013,17104864,0,0,0,0,1419310,6045,0,0,0,0,0
3,save at NativeMethodAccessorImpl.java:0,1128,1079,0,1789806887912,1789806887920,8,False,5,5566601,1,0,6013,17104864,0,0,0,0,1404738,5979,0,0,0,0,0
3,save at NativeMethodAccessorImpl.java:0,1131,1082,0,1789806887915,1789806887923,8,False,5,5408842,1,0,6013,17104864,0,0,0,0,1413787,6025,0,0,0,0,0
3,save at NativeMethodAccessorImpl.java:0,1130,1081,0,1789806887915,1789806887925,10,False,7,7585356,1,0,6013,17367008,0,0,0,0,2160612,9223,0,0,0,0,0
3,save at NativeMethodAccessorImpl.java:0,1133,1084,0,1789806887920,1789806887927,7,False,5,5317991,1,0,6013,17104864,0,0,0,0,1414079,6026,0,0,0,0,0
3,save at NativeMethodAccessorImpl.java:0,1132,1083,0,1789806887920,1789806887928,8,False,6,6444380,1,0,6013,17104864,0,0,0,0,1716939,7343,0,0,0,0,0
3,save at NativeMethodAccessorImpl.java:0,1134,1085,0,1789806887923,1789806887930,7,False,4,4422274,1,0,6013,17104864,0,0,0,0,1052030,4492,0,0,0,0,0
3,save at NativeMethodAccessorImpl.java:0,1135,1086,0,1789806887925,1789806887932,7,False,5,5332926,1,0,6013,17104864,0,0,0,0,1435582,6119,0,0,0,0,0
3,save at NativeMethodAccessorImpl.java:0,1136,1087,0,1789806887927,1789806887935,8,False,5,5152105,1,0,6013,17104864,0,0,0,0,1383947,5894,0,0,0,0,0
3,save at NativeMethodAccessorImpl.java:0,1138,1089,0,1789806887929,1789806887942,13,False,10,7338328,1,3,6056,17367008,0,0,0,0,2089605,8924,0,0,0,0,0
3,save at NativeMethodAccessorImpl.java:0,1137,1088,0,1789806887928,1789806887944,16,False,13,10432232,1,3,6056,17367008,0,0,0,0,3178731,13575,0,0,0,0,0
3,save at NativeMethodAccessorImpl.java:0,1139,1090,0,1789806887932,1789806887945,13,False,10,7736633,1,3,6056,17367008,0,0,0,0,2088046,8917,0,0,0,0,0
3,save at NativeMethodAccessorImpl.java:0,1140,1091,0,1789806887934,1789806887946,12,False,6,6203087,4,3,6056,17104864,0,0,0,0,1729245,7394,0,0,0,0,0
3,save at NativeMethodAccessorImpl.java:0,1142,1093,0,1789806887944,1789806887949,5,False,2,2472363,1,0,6013,16908256,0,0,0,0,349452,1461,0,0,0,0,0
3,save at NativeMethodAccessorImpl.java:0,1141,1092,0,1789806887941,1789806887950,9,False,6,6396853,1,0,6013,17104864,0,0,0,0,1752813,7501,0,0,0,0,0
3,save at NativeMethodAccessorImpl.java:0,1143,1094,0,1789806887944,1789806887953,9,False,6,6155521,1,0,6013,17104864,0,0,0,0,1748685,7481,0,0,0,0,0
3,save at NativeMethodAccessorImpl.java:0,1144,1095,0,1789806887945,1789806887954,9,False,6,6011822,1,0,6013,17104864,0,0,0,0,1731469,7405,0,0,0,0,0
3,save at NativeMethodAccessorImpl.java:0,1145,1096,0,1789806887948,1789806887961,13,False,10,10254246,1,0,6013,17367008,0,0,0,0,3189795,13623,0,0,0,0,0
3,save at NativeMethodAccessorImpl.java:0,1148,1099,0,1789806887953,1789806887963,10,False,7,7108825,1,0,6013,17367008,0,0,0,0,2095172,8947,0,0,0,0,0
3,save at NativeMethodAccessorImpl.java:0,1147,1098,0,1789806887953,1789806887963,10,False,8,8950000,1,0,6013,17367008,0,0,0,0,2788964,11931,0,0,0,0,0
3,save at NativeMethodAccessorImpl.java:0,1146,1097,0,1789806887950,1789806887964,14,False,11,11737745,1,0,6013,17367008,0,0,0,0,3826340,16365,0,0,0,0,0
3,save at NativeMethodAccessorImpl.java:0,1149,1100,0,1789806887961,1789806887969,8,False,5,5845841,1,0,6013,17104864,0,0,0,0,1439990,6136,0,0,0,0,0
3,save at NativeMethodAccessorImpl.java:0,1151,1102,0,1789806887963,1789806887972,9,False,6,6186323,1,0,6013,17104864,0,0,0,0,1719005,7349,0,0,0,0,0
3,save at NativeMethodAccessorImpl.java:0,1150,1101,0,1789806887962,1789806887972,10,False,7,7150434,1,0,6013,17367008,0,0,0,0,2104658,8986,0,0,0,0,0
3,save at NativeMethodAccessorImpl.java:0,1152,1103,0,1789806887964,1789806887974,10,False,8,8236085,1,0,6013,17367008,0,0,0,0,2466929,10528,0,0,0,0,0
3,save at NativeMethodAccessorImpl.java:0,1154,1105,0,1789806887971,1789806887977,6,False,3,3306123,1,0,6013,16973792,0,0,0,0,696735,2969,0,0,0,0,0
3,save at NativeMethodAccessorImpl.java:0,1153,1104,0,1789806887969,1789806887979,10,False,8,8487040,1,0,6013,17367008,0,0,0,0,2446511,10443,0,0,0,0,0
3,save at NativeMethodAccessorImpl.java:0,1156,1107,0,1789806887974,1789806887981,7,False,5,5252051,1,0,6013,17104864,0,0,0,0,1414221,6021,0,0,0,0,0
3,save at NativeMethodAccessorImpl.java:0,1157,1108,0,1789806887977,1789806887983,6,False,4,4297870,1,0,6013,17104864,0,0,0,0,1062469,4533,0,0,0,0,0
3,save at NativeMethodAccessorImpl.java:0,1155,1106,0,1789806887972,1789806887984,12,False,9,9890057,1,0,6013,17367008,0,0,0,0,3148116,13445,0,0,0,0,0
3,save at NativeMethodAccessorImpl.java:0,1158,1109,0,1789806887979,1789806887987,8,False,5,5483052,1,0,6013,17104864,0,0,0,0,1450391,6183,0,0,0,0,0
3,save at NativeMethodAccessorImpl.java:0,1159,1110,0,1789806887981,1789806887987,6,False,4,4563673,1,0,6013,17104864,0,0,0,0,1026703,4384,0,0,0,0,0
3,save at NativeMethodAccessorImpl.java:0,1161,1112,0,1789806887984,1789806887993,9,False,6,6959467,1,0,6013,17367008,0,0,0,0,2089552,8924,0,0,0,0,0
3,save at NativeMethodAccessorImpl.java:0,1160,1111,0,1789806887983,1789806887995,12,False,9,9146186,1,0,6013,17367008,0,0,0,0,2774105,11864,0,0,0,0,0
3,save at NativeMethodAccessorImpl.java:0,1163,1114,0,1789806887987,1789806887996,9,False,6,6452431,1,0,6013,17104864,0,0,0,0,1767325,7562,0,0,0,0,0
3,save at NativeMethodAccessorImpl.java:0,1162,1113,0,1789806887987,1789806888000,13,False,11,11618980,1,0,6013,17367008,0,0,0,0,3798585,16244,0,0,0,0,0
3,save at NativeMethodAccessorImpl.java:0,1164,1115,0,1789806887993,1789806888001,8,False,6,6038217,1,0,6013,17104864,0,0,0,0,1724590,7378,0,0,0,0,0
3,save at NativeMethodAccessorImpl.java:0,1166,1117,0,1789806887996,1789806888005,9,False,7,7111937,1,0,6013,17367008,0,0,0,0,2104224,8987,0,0,0,0,0
3,save at NativeMethodAccessorImpl.java:0,1168,1119,0,1789806888001,1789806888006,5,False,3,3354251,1,0,6013,16973792,0,0,0,0,702410,2994,0,0,0,0,0
3,save at NativeMethodAccessorImpl.java:0,1165,1116,0,1789806887994,1789806888009,15,False,12,12056322,1,0,6013,17891296,0,0,0,0,3875654,16565,0,0,0,0,0
3,save at NativeMethodAccessorImpl.java:0,1167,1118,0,1789806888000,1789806888010,10,False,7,7266541,1,0,6013,17367008,0,0,0,0,2105051,8993,0,0,0,0,0
3,save at NativeMethodAccessorImpl.java:0,1169,1120,0,1789806888005,1789806888012,7,False,4,4416322,1,0,6013,17104864,0,0,0,0,1068728,4560,0,0,0,0,0
3,save at NativeMethodAccessorImpl.java:0,1170,1121,0,1789806888006,1789806888016,10,False,7,7919231,1,0,6013,17367008,0,0,0,0,2467372,10538,0,0,0,0,0
3,save at NativeMethodAccessorImpl.java:0,1171,1122,0,1789806888008,1789806888017,9,False,6,6554030,1,0,6013,17104864,0,0,0,0,1784267,7634,0,0,0,0,0
3,save at NativeMethodAccessorImpl.java:0,1173,1124,0,1789806888011,1789806888018,7,False,4,4424463,1,0,6013,17104864,0,0,0,0,1035038,4420,0,0,0,0,0
3,save at NativeMethodAccessorImpl.java:0,1172,1123,0,1789806888009,1789806888019,10,False,7,7425377,1,0,6013,17367008,0,0,0,0,2138091,9130,0,0,0,0,0
3,save at NativeMethodAccessorImpl.java:0,1176,1127,0,1789806888018,1789806888024,6,False,3,3719232,1,0,6013,16973792,0,0,0,0,715513,3053,0,0,0,0,0
3,save at NativeMethodAccessorImpl.java:0,1175,1126,0,1789806888017,1789806888024,7,False,4,4333996,1,0,6013,17104864,0,0,0,0,1047615,4473,0,0,0,0,0
3,save at NativeMethodAccessorImpl.java:0,1174,1125,0,1789806888016,1789806888024,8,False,6,6505373,1,0,6013,17104864,0,0,0,0,1785009,7637,0,0,0,0,0
3,save at NativeMethodAccessorImpl.java:0,1177,1128,0,1789806888019,1789806888027,8,False,6,6103370,1,0,6013,17104864,0,0,0,0,1737194,7432,0,0,0,0,0
3,save at NativeMethodAccessorImpl.java:0,1179,1130,0,1789806888024,1789806888030,6,False,4,4313795,1,0,6013,17104864,0,0,0,0,1033320,4417,0,0,0,0,0
3,save at NativeMethodAccessorImpl.java:0,1180,1131,0,1789806888024,1789806888032,8,False,6,6225191,1,0,6013,17104864,0,0,0,0,1743684,7463,0,0,0,0,0
3,save at NativeMethodAccessorImpl.java:0,1178,1129,0,1789806888023,1789806888033,10,False,7,7180069,1,0,6013,17367008,0,0,0,0,2103047,8986,0,0,0,0,0
3,save at NativeMethodAccessorImpl.java:0,1181,1132,0,1789806888027,1789806888034,7,False,4,4423192,1,0,6013,17104864,0,0,0,0,1047720,4475,0,0,0,0,0
3,save at NativeMethodAccessorImpl.java:0,1182,1133,0,1789806888030,1789806888037,7,False,5,5367998,1,0,6013,17104864,0,0,0,0,1435018,6117,0,0,0,0,0
3,save at NativeMethodAccessorImpl.java:0,1183,1134,0,1789806888032,1789806888039,7,False,5,5174490,1,0,6013,17104864,0,0,0,0,1392518,5932,0,0,0,0,0
3,save at NativeMethodAccessorImpl.java:0,1185,1136,0,1789806888033,1789806888041,8,False,5,5444487,1,0,6013,17104864,0,0,0,0,1411212,6011,0,0,0,0,0
3,save at NativeMethodAccessorImpl.java:0,1184,1135,0,1789806888032,1789806888041,9,False,6,6335557,1,0,6013,17104864,0,0,0,0,1743686,7461,0,0,0,0,0
3,save at NativeMethodAccessorImpl.java:0,1188,1139,0,1789806888041,1789806888045,4,False,2,2358383,1,0,6013,16908256,0,0,0,0,367405,1539,0,0,0,0,0
3,save at NativeMethodAccessorImpl.java:0,1187,1138,0,1789806888039,1789806888047,8,False,6,6174044,1,0,6013,17104864,0,0,0,0,1754134,7507,0,0,0,0,0
3,save at NativeMethodAccessorImpl.java:0,1189,1140,0,1789806888041,1789806888049,8,False,6,6118324,1,0,6013,17104864,0,0,0,0,1765574,7560,0,0,0,0,0
3,save at NativeMethodAccessorImpl.java:0,1186,1137,0,1789806888037,1789806888050,13,False,10,10185380,1,0,6013,17367008,0,0,0,0,3187189,13614,0,0,0,0,0
3,save at NativeMethodAccessorImpl.java:0,1190,1141,0,1789806888045,1789806888052,7,False,5,5446355,1,0,6013,17104864,0,0,0,0,1402399,5974,0,0,0,0,0
3,save at NativeMethodAccessorImpl.java:0,1191,1142,0,1789806888047,1789806888055,8,False,5,5181251,1,0,6013,17104864,0,0,0,0,1417116,6040,0,0,0,0,0
3,save at NativeMethodAccessorImpl.java:0,1193,1144,0,1789806888049,1789806888059,10,False,7,7173077,1,0,6013,17367008,0,0,0,0,2089997,8925,0,0,0,0,0
3,save at NativeMethodAccessorImpl.java:0,1192,1143,0,1789806888049,1789806888059,10,False,8,8060244,1,0,6013,17367008,0,0,0,0,2471867,10559,0,0,0,0,0
3,save at NativeMethodAccessorImpl.java:0,1194,1145,0,1789806888052,1789806888060,8,False,6,6133056,1,0,6013,17104864,0,0,0,0,1725146,7380,0,0,0,0,0
3,save at NativeMethodAccessorImpl.java:0,1195,1146,0,1789806888055,1789806888065,10,False,7,7942899,1,0,6013,17367008,0,0,0,0,2416258,10320,0,0,0,0,0
3,save at NativeMethodAccessorImpl.java:0,1197,1148,0,1789806888059,1789806888065,6,False,4,4264287,1,0,6013,17104864,0,0,0,0,1027876,4391,0,0,0,0,0
3,save at NativeMethodAccessorImpl.java:0,1196,1147,0,1789806888059,1789806888068,9,False,7,7147162,1,0,6013,17367008,0,0,0,0,2081065,8887,0,0,0,0,0
3,save at NativeMethodAccessorImpl.java:0,1200,1151,0,1789806888065,1789806888071,6,False,3,3325179,1,0,6013,16973792,0,0,0,0,706787,3012,0,0,0,0,0
3,save at NativeMethodAccessorImpl.java:0,1198,1149,0,1789806888060,1789806888072,12,False,9,9916447,1,0,6013,17367008,0,0,0,0,3135672,13396,0,0,0,0,0
3,save at NativeMethodAccessorImpl.java:0,1199,1150,0,1789806888064,1789806888074,10,False,7,7141693,1,0,6013,17367008,0,0,0,0,2107824,8998,0,0,0,0,0
3,save at NativeMethodAccessorImpl.java:0,1201,1152,0,1789806888068,1789806888075,7,False,5,5447418,1,0,6013,17104864,0,0,0,0,1424071,6068,0,0,0,0,0
3,save at NativeMethodAccessorImpl.java:0,1205,1156,0,1789806888075,1789806888080,5,False,2,2303873,1,0,6013,16908256,0,0,0,0,341659,1427,0,0,0,0,0
3,save at NativeMethodAccessorImpl.java:0,1202,1153,0,1789806888070,1789806888081,11,False,8,8154320,1,0,6013,17367008,0,0,0,0,2464705,10524,0,0,0,0,0
3,save at NativeMethodAccessorImpl.java:0,1203,1154,0,1789806888072,1789806888081,9,False,7,7439831,1,0,6013,17367008,0,0,0,0,2118248,9048,0,0,0,0,0
3,save at NativeMethodAccessorImpl.java:0,1204,1155,0,1789806888074,1789806888083,9,False,7,7251886,1,0,6013,17367008,0,0,0,0,2092472,8937,0,0,0,0,0
3,save at NativeMethodAccessorImpl.java:0,1207,1158,0,1789806888080,1789806888086,6,False,3,3340068,1,0,6013,16973792,0,0,0,0,717114,3061,0,0,0,0,0
3,save at NativeMethodAccessorImpl.java:0,1208,1159,0,1789806888081,1789806888088,7,False,4,4482022,1,0,6013,17104864,0,0,0,0,1069094,4563,0,0,0,0,0
3,save at NativeMethodAccessorImpl.java:0,1206,1157,0,1789806888080,1789806888089,9,False,7,7515295,1,0,6013,17367008,0,0,0,0,2109396,9006,0,0,0,0,0
3,save at NativeMethodAccessorImpl.java:0,1209,1160,0,1789806888083,1789806888093,10,False,8,8206972,1,0,6013,17367008,0,0,0,0,2497011,10672,0,0,0,0,0
3,save at NativeMethodAccessorImpl.java:0,1211,1162,0,1789806888088,1789806888095,7,False,5,5235815,1,0,6013,17104864,0,0,0,0,1387519,5909,0,0,0,0,0
3,save at NativeMethodAccessorImpl.java:0,1212,1163,0,1789806888089,1789806888096,7,False,4,4345321,1,0,6013,17104864,0,0,0,0,1029507,4398,0,0,0,0,0
3,save at NativeMethodAccessorImpl.java:0,1210,1161,0,1789806888086,1789806888097,11,False,9,9093438,1,0,6013,17367008,0,0,0,0,2789567,11936,0,0,0,0,0
3,save at NativeMethodAccessorImpl.java:0,1214,1165,0,1789806888095,1789806888099,4,False,2,2380127,1,0,6013,16908256,0,0,0,0,363574,1522,0,0,0,0,0
3,save at NativeMethodAccessorImpl.java:0,1213,1164,0,1789806888093,1789806888101,8,False,6,6118797,1,0,6013,17104864,0,0,0,0,1766569,7556,0,0,0,0,0
3,save at NativeMethodAccessorImpl.java:0,1215,1166,0,1789806888095,1789806888102,7,False,4,4320190,1,0,6013,17104864,0,0,0,0,1027208,4388,0,0,0,0,0
3,save at NativeMethodAccessorImpl.java:0,1216,1167,0,1789806888097,1789806888103,6,False,4,4567587,1,0,6013,17104864,0,0,0,0,1072104,4575,0,0,0,0,0
3,save at NativeMethodAccessorImpl.java:0,1217,1168,0,1789806888099,1789806888107,8,False,5,5291331,1,0,6013,17104864,0,0,0,0,1395014,5941,0,0,0,0,0
3,save at NativeMethodAccessorImpl.java:0,1219,1170,0,1789806888102,1789806888109,7,False,5,5460091,1,0,6013,17104864,0,0,0,0,1398075,5956,0,0,0,0,0
3,save at NativeMethodAccessorImpl.java:0,1218,1169,0,1789806888101,1789806888114,13,False,8,8057402,1,3,6056,17367008,0,0,0,0,2443231,10429,0,0,0,0,0
3,save at NativeMethodAccessorImpl.java:0,1220,1171,0,1789806888103,1789806888119,16,False,10,7211577,1,4,6099,17367008,0,0,0,0,2091503,8919,0,0,0,0,0
3,save at NativeMethodAccessorImpl.java:0,1222,1173,0,1789806888109,1789806888126,17,False,10,9096671,5,4,6056,17104864,0,0,0,0,1716354,7341,0,0,0,0,0
3,save at NativeMethodAccessorImpl.java:0,1221,1172,0,1789806888106,1789806888126,20,False,17,12147478,1,4,6056,17367008,0,0,0,0,2441282,10424,0,0,0,0,0
3,save at NativeMethodAccessorImpl.java:0,1223,1174,0,1789806888114,1789806888126,12,False,7,7066058,4,1,6056,17104864,0,0,0,0,1739016,7438,0,0,0,0,0
3,save at NativeMethodAccessorImpl.java:0,1224,1175,0,1789806888119,1789806888130,11,False,7,7935138,1,0,6013,17367008,0,0,0,0,2081416,8888,0,0,0,0,0
3,save at NativeMethodAccessorImpl.java:0,1228,1179,0,1789806888130,1789806888137,7,False,5,5468591,1,0,6013,17104864,0,0,0,0,1411059,6014,0,0,0,0,0
3,save at NativeMethodAccessorImpl.java:0,1226,1177,0,1789806888126,1789806888138,12,False,9,9973352,1,0,6013,17367008,0,0,0,0,2761331,11812,0,0,0,0,0
3,save at NativeMethodAccessorImpl.java:0,1227,1178,0,1789806888126,1789806888143,17,False,13,13960338,2,0,6013,17367008,0,0,0,0,2807702,12013,0,0,0,0,0
3,save at NativeMethodAccessorImpl.java:0,1229,1180,0,1789806888137,1789806888144,7,False,4,4731959,1,0,6013,17104864,0,0,0,0,1035483,4423,0,0,0,0,0
3,save at NativeMethodAccessorImpl.java:0,1230,1181,0,1789806888138,1789806888145,7,False,4,4693523,1,0,6013,17104864,0,0,0,0,1057324,4514,0,0,0,0,0
3,save at NativeMethodAccessorImpl.java:0,1225,1176,0,1789806888126,1789806888151,25,False,20,17229115,2,4,6056,17367008,0,0,0,0,3560569,15223,0,0,0,0,0
3,save at NativeMethodAccessorImpl.java:0,1233,1184,0,1789806888145,1789806888153,8,False,1,1938166,5,4,6056,65536,0,0,0,0,0,0,0,0,0,0,0
3,save at NativeMethodAccessorImpl.java:0,1232,1183,0,1789806888144,1789806888155,11,False,5,5103652,5,4,6056,16973792,0,0,0,0,704256,2999,0,0,0,0,0
3,save at NativeMethodAccessorImpl.java:0,1231,1182,0,1789806888143,1789806888163,20,False,9,9141412,6,4,6056,17104864,0,0,0,0,1416487,6034,0,0,0,0,0
3,save at NativeMethodAccessorImpl.java:0,1235,1186,0,1789806888153,1789806888163,10,False,4,4603157,1,2,6099,17104864,0,0,0,0,1053911,4499,0,0,0,0,0
3,save at NativeMethodAccessorImpl.java:0,1234,1185,0,1789806888151,1789806888165,14,False,11,8844017,2,2,6056,17104864,0,0,0,0,1396383,5949,0,0,0,0,0
3,save at NativeMethodAccessorImpl.java:0,1236,1187,0,1789806888155,1789806888167,12,False,10,7998066,1,2,6056,17367008,0,0,0,0,2121535,9062,0,0,0,0,0
3,save at NativeMethodAccessorImpl.java:0,1237,1188,0,1789806888162,1789806888173,11,False,6,6739994,2,0,6013,17104864,0,0,0,0,1039188,4439,0,0,0,0,0
3,save at NativeMethodAccessorImpl.java:0,1239,1190,0,1789806888165,1789806888175,10,False,6,6715094,2,0,6013,17104864,0,0,0,0,1050024,4484,0,0,0,0,0
3,save at NativeMethodAccessorImpl.java:0,1240,1191,0,1789806888167,1789806888177,10,False,7,7601872,1,0,6013,17367008,0,0,0,0,2087323,8917,0,0,0,0,0
3,save at NativeMethodAccessorImpl.java:0,1238,1189,0,1789806888163,1789806888182,19,False,15,15366861,2,0,6013,17367008,0,0,0,0,2809003,12021,0,0,0,0,0
3,save at NativeMethodAccessorImpl.java:0,1241,1192,0,1789806888172,1789806888183,11,False,8,8747957,1,0,6013,17367008,0,0,0,0,2459178,10504,0,0,0,0,0
3,save at NativeMethodAccessorImpl.java:0,1242,1193,0,1789806888175,1789806888183,8,False,5,5111835,2,0,6013,16973792,0,0,0,0,713578,3042,0,0,0,0,0
3,save at NativeMethodAccessorImpl.java:0,1243,1194,0,1789806888177,1789806888187,10,False,7,7609140,1,0,6013,17367008,0,0,0,0,2106404,8994,0,0,0,0,0
3,save at NativeMethodAccessorImpl.java:0,1246,1197,0,1789806888183,1789806888187,4,False,1,1048308,2,0,6013,65536,0,0,0,0,0,0,0,0,0,0,0
3,save at NativeMethodAccessorImpl.java:0,1245,1196,0,1789806888183,1789806888194,11,False,6,3102376,1,3,6056,16908256,0,0,0,0,370978,1554,0,0,0,0,0
3,save at NativeMethodAccessorImpl.java:0,1244,1195,0,1789806888181,1789806888196,15,False,11,7854142,2,3,6056,17367008,0,0,0,0,2093085,8942,0,0,0,0,0
3,save at NativeMethodAccessorImpl.java:0,1248,1199,0,1789806888187,1789806888198,11,False,4,4603501,5,3,6056,16973792,0,0,0,0,694589,2959,0,0,0,0,0
3,save at NativeMethodAccessorImpl.java:0,1247,1198,0,1789806888187,1789806888204,17,False,7,7563818,5,5,6099,17104864,0,0,0,0,1716415,7338,0,0,0,0,0
3,save at NativeMethodAccessorImpl.java:0,1249,1200,0,1789806888193,1789806888205,12,False,5,4841247,1,2,6099,17104864,0,0,0,0,1058862,4524,0,0,0,0,0
3,save at NativeMethodAccessorImpl.java:0,1250,1201,0,1789806888196,1789806888207,11,False,8,6147911,1,2,6056,17104864,0,0,0,0,1409440,6004,0,0,0,0,0
3,save at NativeMethodAccessorImpl.java:0,1251,1202,0,1789806888198,1789806888209,11,False,8,6321160,1,2,6056,17104864,0,0,0,0,1069802,4566,0,0,0,0,0
3,save at NativeMethodAccessorImpl.java:0,1252,1203,0,1789806888204,1789806888215,11,False,6,6997126,2,0,6013,17104864,0,0,0,0,1717857,7346,0,0,0,0,0
3,save at NativeMethodAccessorImpl.java:0,1254,1205,0,1789806888206,1789806888215,9,False,5,5870849,1,0,6013,17104864,0,0,0,0,1418265,6039,0,0,0,0,0
3,save at NativeMethodAccessorImpl.java:0,1253,1204,0,1789806888204,1789806888216,12,False,8,8271489,2,0,6013,17367008,0,0,0,0,2087284,8915,0,0,0,0,0
3,save at NativeMethodAccessorImpl.java:0,1257,1208,0,1789806888214,1789806888222,8,False,4,4898155,1,0,6013,17104864,0,0,0,0,1077152,4595,0,0,0,0,0
3,save at NativeMethodAccessorImpl.java:0,1255,1206,0,1789806888209,1789806888222,13,False,11,11447928,1,0,6013,17367008,0,0,0,0,3482254,14879,0,0,0,0,0
3,save at NativeMethodAccessorImpl.java:0,1258,1209,0,1789806888216,1789806888228,12,False,5,5740669,1,4,6099,17104864,0,0,0,0,1428835,6086,0,0,0,0,0
3,save at NativeMethodAccessorImpl.java:0,1256,1207,0,1789806888214,1789806888229,15,False,12,9243381,1,4,6056,17104864,0,0,0,0,1770900,7575,0,0,0,0,0
3,save at NativeMethodAccessorImpl.java:0,1259,1210,0,1789806888222,1789806888235,13,False,6,5999854,5,4,6056,17104864,0,0,0,0,1041060,4446,0,0,0,0,0
3,save at NativeMethodAccessorImpl.java:0,1260,1211,0,1789806888222,1789806888235,13,False,6,6060673,5,4,6056,17104864,0,0,0,0,1070548,4570,0,0,0,0,0
3,save at NativeMethodAccessorImpl.java:0,1262,1213,0,1789806888229,1789806888242,13,False,9,6943450,1,2,6056,17104864,0,0,0,0,1704542,7289,0,0,0,0,0
3,save at NativeMethodAccessorImpl.java:0,1261,1212,0,1789806888228,1789806888242,14,False,10,7933377,1,2,6056,17367008,0,0,0,0,2101502,8975,0,0,0,0,0
3,save at NativeMethodAccessorImpl.java:0,1264,1215,0,1789806888234,1789806888249,15,False,9,9685473,4,2,6056,17367008,0,0,0,0,2139262,9136,0,0,0,0,0
3,save at NativeMethodAccessorImpl.java:0,1266,1217,0,1789806888242,1789806888251,9,False,6,6033052,1,0,6013,17104864,0,0,0,0,1432607,6101,0,0,0,0,0
3,save at NativeMethodAccessorImpl.java:0,1263,1214,0,1789806888234,1789806888251,17,False,11,11807605,4,2,6056,17367008,0,0,0,0,2805139,11999,0,0,0,0,0
3,save at NativeMethodAccessorImpl.java:0,1265,1216,0,1789806888241,1789806888251,10,False,6,6815465,1,0,6013,17104864,0,0,0,0,1754560,7509,0,0,0,0,0
3,save at NativeMethodAccessorImpl.java:0,1267,1218,0,1789806888249,1789806888257,8,False,5,5891009,1,0,6013,17104864,0,0,0,0,1430373,6097,0,0,0,0,0
3,save at NativeMethodAccessorImpl.java:0,1268,1219,0,1789806888250,1789806888264,14,False,10,6770893,1,3,6056,17104864,0,0,0,0,1764944,7553,0,0,0,0,0
3,save at NativeMethodAccessorImpl.java:0,1270,1221,0,1789806888251,1789806888265,14,False,10,6747998,1,3,6056,17104864,0,0,0,0,1738856,7438,0,0,0,0,0
3,save at NativeMethodAccessorImpl.java:0,1269,1220,0,1789806888251,1789806888265,14,False,10,6640205,1,3,6056,17104864,0,0,0,0,1757962,7521,0,0,0,0,0
3,save at NativeMethodAccessorImpl.java:0,1271,1222,0,1789806888257,1789806888270,13,False,6,6486920,5,3,6056,17104864,0,0,0,0,1026253,4384,0,0,0,0,0
3,save at NativeMethodAccessorImpl.java:0,1274,1225,0,1789806888265,1789806888272,7,False,4,4760981,1,0,6013,17104864,0,0,0,0,1055718,4506,0,0,0,0,0
3,save at NativeMethodAccessorImpl.java:0,1273,1224,0,1789806888264,1789806888275,11,False,7,7653879,1,0,6013,17367008,0,0,0,0,2105747,8993,0,0,0,0,0
3,save at NativeMethodAccessorImpl.java:0,1272,1223,0,1789806888264,1789806888276,12,False,9,9554853,1,0,6013,17367008,0,0,0,0,2844861,12174,0,0,0,0,0
3,save at NativeMethodAccessorImpl.java:0,1275,1226,0,1789806888270,1789806888278,8,False,5,5407619,1,0,6013,17104864,0,0,0,0,1416766,6038,0,0,0,0,0
3,save at NativeMethodAccessorImpl.java:0,1277,1228,0,1789806888274,1789806888279,5,False,2,2437357,1,0,6013,16908256,0,0,0,0,359021,1503,0,0,0,0,0
3,save at NativeMethodAccessorImpl.java:0,1276,1227,0,1789806888272,1789806888280,8,False,6,6086991,1,0,6013,17104864,0,0,0,0,1730387,7400,0,0,0,0,0
3,save at NativeMethodAccessorImpl.java:0,1278,1229,0,1789806888276,1789806888287,11,False,8,8176602,1,0,6013,17367008,0,0,0,0,2502272,10690,0,0,0,0,0
3,save at NativeMethodAccessorImpl.java:0,1281,1232,0,1789806888280,1789806888287,7,False,5,5195504,1,0,6013,17104864,0,0,0,0,1412619,6014,0,0,0,0,0
3,save at NativeMethodAccessorImpl.java:0,1279,1230,0,1789806888278,1789806888289,11,False,8,8992145,1,0,6013,17367008,0,0,0,0,2811634,12027,0,0,0,0,0
3,save at NativeMethodAccessorImpl.java:0,1280,1231,0,1789806888279,1789806888291,12,False,10,10160544,1,0,6013,17367008,0,0,0,0,3155483,13483,0,0,0,0,0
3,save at NativeMethodAccessorImpl.java:0,1284,1235,0,1789806888289,1789806888295,6,False,4,4426231,1,0,6013,17104864,0,0,0,0,1057844,4517,0,0,0,0,0
3,save at NativeMethodAccessorImpl.java:0,1282,1233,0,1789806888287,1789806888297,10,False,8,8226285,1,0,6013,17367008,0,0,0,0,2489658,10639,0,0,0,0,0
3,save at NativeMethodAccessorImpl.java:0,1283,1234,0,1789806888287,1789806888297,10,False,8,8361615,1,0,6013,17367008,0,0,0,0,2489312,10631,0,0,0,0,0
3,save at NativeMethodAccessorImpl.java:0,1285,1236,0,1789806888291,1789806888301,10,False,8,8256381,1,0,6013,17367008,0,0,0,0,2489154,10632,0,0,0,0,0
3,save at NativeMethodAccessorImpl.java:0,1286,1237,0,1789806888295,1789806888305,10,False,7,7931811,1,0,6013,17367008,0,0,0,0,2459881,10503,0,0,0,0,0
3,save at NativeMethodAccessorImpl.java:0,1288,1239,0,1789806888297,1789806888305,8,False,6,6122805,1,0,6013,17104864,0,0,0,0,1746818,7474,0,0,0,0,0
3,save at NativeMethodAccessorImpl.java:0,1287,1238,0,1789806888297,1789806888306,9,False,6,6241779,1,0,6013,17104864,0,0,0,0,1736146,7432,0,0,0,0,0
3,save at NativeMethodAccessorImpl.java:0,1291,1242,0,1789806888305,1789806888312,7,False,4,4356831,1,0,6013,17104864,0,0,0,0,1056977,4513,0,0,0,0,0
3,save at NativeMethodAccessorImpl.java:0,1290,1241,0,1789806888305,1789806888312,7,False,5,5153904,1,0,6013,17104864,0,0,0,0,1377451,5865,0,0,0,0,0
3,save at NativeMethodAccessorImpl.java:0,1289,1240,0,1789806888301,1789806888312,11,False,8,8986902,1,0,6013,17367008,0,0,0,0,2819748,12056,0,0,0,0,0
3,save at NativeMethodAccessorImpl.java:0,1292,1243,0,1789806888305,1789806888313,8,False,5,5229965,1,0,6013,17104864,0,0,0,0,1413754,6025,0,0,0,0,0
3,save at NativeMethodAccessorImpl.java:0,1296,1247,0,1789806888313,1789806888321,8,False,5,5928033,1,0,6013,17104864,0,0,0,0,1737844,7432,0,0,0,0,0
3,save at NativeMethodAccessorImpl.java:0,1294,1245,0,1789806888312,1789806888321,9,False,6,6978777,1,0,6013,17367008,0,0,0,0,2087367,8910,0,0,0,0,0
3,save at NativeMethodAccessorImpl.java:0,1293,1244,0,1789806888312,1789806888324,12,False,9,9892342,1,0,6013,17367008,0,0,0,0,3152322,13465,0,0,0,0,0
3,save at NativeMethodAccessorImpl.java:0,1295,1246,0,1789806888312,1789806888324,12,False,10,10041499,1,0,6013,17367008,0,0,0,0,2791503,11947,0,0,0,0,0
3,save at NativeMethodAccessorImpl.java:0,1298,1249,0,1789806888321,1789806888326,5,False,3,3316798,1,0,6013,16973792,0,0,0,0,688240,2932,0,0,0,0,0
3,save at NativeMethodAccessorImpl.java:0,1297,1248,0,1789806888321,1789806888331,10,False,8,8189848,1,0,6013,17367008,0,0,0,0,2464465,10528,0,0,0,0,0
3,save at NativeMethodAccessorImpl.java:0,1299,1250,0,1789806888324,1789806888333,9,False,7,7108468,1,0,6013,17367008,0,0,0,0,2106873,8996,0,0,0,0,0
3,save at NativeMethodAccessorImpl.java:0,1301,1252,0,1789806888326,1789806888336,10,False,7,7192245,1,0,6013,17367008,0,0,0,0,2129392,9093,0,0,0,0,0
3,save at NativeMethodAccessorImpl.java:0,1300,1251,0,1789806888324,1789806888336,12,False,8,8854899,2,0,6013,17367008,0,0,0,0,2804447,12004,0,0,0,0,0
3,save at NativeMethodAccessorImpl.java:0,1302,1253,0,1789806888331,1789806888339,8,False,5,5410095,1,0,6013,17104864,0,0,0,0,1392419,5932,0,0,0,0,0
3,save at NativeMethodAccessorImpl.java:0,1303,1254,0,1789806888333,1789806888339,6,False,4,4406409,1,0,6013,17104864,0,0,0,0,1044374,4459,0,0,0,0,0
3,save at NativeMethodAccessorImpl.java:0,1304,1255,0,1789806888335,1789806888343,8,False,5,5382674,1,0,6013,17104864,0,0,0,0,1411362,6014,0,0,0,0,0
3,save at NativeMethodAccessorImpl.java:0,1306,1257,0,1789806888338,1789806888345,7,False,4,4274923,1,0,6013,17104864,0,0,0,0,1036117,4424,0,0,0,0,0
3,save at NativeMethodAccessorImpl.java:0,1307,1258,0,1789806888339,1789806888348,9,False,6,6175422,1,0,6013,17104864,0,0,0,0,1743564,7461,0,0,0,0,0
3,save at NativeMethodAccessorImpl.java:0,1305,1256,0,1789806888336,1789806888348,12,False,9,9747489,1,0,6013,17367008,0,0,0,0,3180076,13580,0,0,0,0,0
3,save at NativeMethodAccessorImpl.java:0,1308,1259,0,1789806888343,1789806888350,7,False,5,5427481,1,0,6013,17104864,0,0,0,0,1394390,5940,0,0,0,0,0
3,save at NativeMethodAccessorImpl.java:0,1309,1260,0,1789806888345,1789806888351,6,False,4,4367683,1,0,6013,17104864,0,0,0,0,1042252,4452,0,0,0,0,0
3,save at NativeMethodAccessorImpl.java:0,1312,1263,0,1789806888350,1789806888357,7,False,5,5096322,1,0,6013,17104864,0,0,0,0,1389868,5921,0,0,0,0,0
3,save at NativeMethodAccessorImpl.java:0,1313,1264,0,1789806888351,1789806888360,9,False,7,7030970,1,0,6013,17367008,0,0,0,0,2075991,8865,0,0,0,0,0
3,save at NativeMethodAccessorImpl.java:0,1310,1261,0,1789806888347,1789806888362,15,False,12,12513637,1,0,6013,17891296,0,0,0,0,4183864,17856,0,0,0,0,0
3,save at NativeMethodAccessorImpl.java:0,1311,1262,0,1789806888348,1789806888362,14,False,12,12407954,1,0,6013,17367008,0,0,0,0,2776864,11880,0,0,0,0,0
3,save at NativeMethodAccessorImpl.java:0,1314,1265,0,1789806888357,1789806888367,10,False,7,7301718,1,0,6013,17367008,0,0,0,0,2092594,8935,0,0,0,0,0
3,save at NativeMethodAccessorImpl.java:0,1315,1266,0,1789806888360,1789806888367,7,False,4,4416924,1,0,6013,17104864,0,0,0,0,1049300,4480,0,0,0,0,0
3,save at NativeMethodAccessorImpl.java:0,1316,1267,0,1789806888362,1789806888369,7,False,4,4573096,1,0,6013,17104864,0,0,0,0,1081145,4613,0,0,0,0,0
3,save at NativeMethodAccessorImpl.java:0,1317,1268,0,1789806888362,1789806888371,9,False,6,6157370,1,0,6013,17104864,0,0,0,0,1067002,4561,0,0,0,0,0
3,save at NativeMethodAccessorImpl.java:0,1319,1270,0,1789806888367,1789806888372,5,False,3,3402588,1,0,6013,16973792,0,0,0,0,697830,2975,0,0,0,0,0
3,save at NativeMethodAccessorImpl.java:0,1318,1269,0,1789806888367,1789806888374,7,False,5,5395720,1,0,6013,17104864,0,0,0,0,1434259,6112,0,0,0,0,0
3,save at NativeMethodAccessorImpl.java:0,1320,1271,0,1789806888369,1789806888376,7,False,5,5348376,1,0,6013,17104864,0,0,0,0,1433935,6115,0,0,0,0,0
3,save at NativeMethodAccessorImpl.java:0,1321,1272,0,1789806888370,1789806888378,8,False,4,4384535,2,0,6013,17104864,0,0,0,0,1042222,4451,0,0,0,0,0
3,save at NativeMethodAccessorImpl.java:0,1322,1273,0,1789806888372,1789806888379,7,False,4,4605707,1,0,6013,17104864,0,0,0,0,1088157,4643,0,0,0,0,0
3,save at NativeMethodAccessorImpl.java:0,1323,1274,0,1789806888374,1789806888379,5,False,3,3338944,1,0,6013,16973792,0,0,0,0,695370,2962,0,0,0,0,0
3,save at NativeMethodAccessorImpl.java:0,1327,1278,0,1789806888379,1789806888386,7,False,4,4220399,1,0,6013,17104864,0,0,0,0,1059845,4525,0,0,0,0,0
3,save at NativeMethodAccessorImpl.java:0,1326,1277,0,1789806888379,1789806888387,8,False,6,6043542,1,0,6013,17104864,0,0,0,0,1761144,7539,0,0,0,0,0
3,save at NativeMethodAccessorImpl.java:0,1324,1275,0,1789806888376,1789806888388,12,False,10,10115839,1,0,6013,17367008,0,0,0,0,3135995,13398,0,0,0,0,0
3,save at NativeMethodAccessorImpl.java:0,1325,1276,0,1789806888378,1789806888390,12,False,9,9725417,1,0,6013,17367008,0,0,0,0,3127908,13363,0,0,0,0,0
3,save at NativeMethodAccessorImpl.java:0,1328,1279,0,1789806888386,1789806888394,8,False,6,6236917,1,0,6013,17104864,0,0,0,0,1730425,7405,0,0,0,0,0
3,save at NativeMethodAccessorImpl.java:0,1330,1281,0,1789806888388,1789806888395,7,False,5,5326956,1,0,6013,17104864,0,0,0,0,1400384,5965,0,0,0,0,0
3,save at NativeMethodAccessorImpl.java:0,1329,1280,0,1789806888387,1789806888396,9,False,7,7357600,1,0,6013,17367008,0,0,0,0,2112946,9021,0,0,0,0,0
3,save at NativeMethodAccessorImpl.java:0,1331,1282,0,1789806888389,1789806888397,8,False,6,6010834,1,0,6013,17104864,0,0,0,0,1730845,7405,0,0,0,0,0
3,save at NativeMethodAccessorImpl.java:0,1333,1284,0,1789806888395,1789806888400,5,False,2,2453361,1,0,6013,16908256,0,0,0,0,351162,1467,0,0,0,0,0
3,save at NativeMethodAccessorImpl.java:0,1332,1283,0,1789806888394,1789806888404,10,False,8,8220149,1,0,6013,17367008,0,0,0,0,2459444,10496,0,0,0,0,0
3,save at NativeMethodAccessorImpl.java:0,1334,1285,0,1789806888396,1789806888406,10,False,7,7399074,1,0,6013,17367008,0,0,0,0,2158749,9216,0,0,0,0,0
3,save at NativeMethodAccessorImpl.java:0,1336,1287,0,1789806888400,1789806888406,6,False,4,4280790,1,0,6013,17104864,0,0,0,0,1001426,4278,0,0,0,0,0
3,save at NativeMethodAccessorImpl.java:0,1335,1286,0,1789806888397,1789806888411,14,False,10,10872734,2,0,6013,17367008,0,0,0,0,2121518,9060,0,0,0,0,0
3,save at NativeMethodAccessorImpl.java:0,1339,1290,0,1789806888406,1789806888413,7,False,5,5146136,1,0,6013,17104864,0,0,0,0,1428472,6087,0,0,0,0,0
3,save at NativeMethodAccessorImpl.java:0,1337,1288,0,1789806888404,1789806888414,10,False,8,8079571,1,0,6013,17367008,0,0,0,0,2444163,10441,0,0,0,0,0
3,save at NativeMethodAccessorImpl.java:0,1338,1289,0,1789806888405,1789806888418,13,False,9,9874093,1,0,6013,17367008,0,0,0,0,3125656,13347,0,0,0,0,0
3,save at NativeMethodAccessorImpl.java:0,1340,1291,0,1789806888411,1789806888422,11,False,7,7410430,2,0,6013,17104864,0,0,0,0,1761519,7540,0,0,0,0,0
3,save at NativeMethodAccessorImpl.java:0,1341,1292,0,1789806888413,1789806888422,9,False,7,7062430,1,0,6013,17367008,0,0,0,0,2092925,8939,0,0,0,0,0
3,save at NativeMethodAccessorImpl.java:0,1342,1293,0,1789806888414,1789806888422,8,False,6,6044506,1,0,6013,17104864,0,0,0,0,1751816,7492,0,0,0,0,0
3,save at NativeMethodAccessorImpl.java:0,1343,1294,0,1789806888417,1789806888429,12,False,6,6040478,1,3,6056,17104864,0,0,0,0,1720034,7354,0,0,0,0,0
3,save at NativeMethodAccessorImpl.java:0,1345,1296,0,1789806888422,1789806888434,12,False,9,6516280,1,3,6056,17104864,0,0,0,0,1772333,7585,0,0,0,0,0
3,save at NativeMethodAccessorImpl.java:0,1344,1295,0,1789806888422,1789806888434,12,False,10,7326460,1,3,6056,17367008,0,0,0,0,2081456,8892,0,0,0,0,0
3,save at NativeMethodAccessorImpl.java:0,1346,1297,0,1789806888422,1789806888435,13,False,10,7348137,1,3,6056,17367008,0,0,0,0,2068178,8832,0,0,0,0,0
3,save at NativeMethodAccessorImpl.java:0,1347,1298,0,1789806888429,1789806888436,7,False,4,4731298,1,0,6013,17104864,0,0,0,0,1051928,4494,0,0,0,0,0
3,save at NativeMethodAccessorImpl.java:0,1348,1299,0,1789806888434,1789806888440,6,False,4,4440755,1,0,6013,17104864,0,0,0,0,1086066,4633,0,0,0,0,0
3,save at NativeMethodAccessorImpl.java:0,1350,1301,0,1789806888435,1789806888444,9,False,7,7175839,1,0,6013,17367008,0,0,0,0,2096129,8949,0,0,0,0,0
3,save at NativeMethodAccessorImpl.java:0,1351,1302,0,1789806888436,1789806888446,10,False,8,8005588,1,0,6013,17367008,0,0,0,0,2444496,10437,0,0,0,0,0
3,save at NativeMethodAccessorImpl.java:0,1349,1300,0,1789806888434,1789806888446,12,False,10,10027652,1,0,6013,17367008,0,0,0,0,3178291,13575,0,0,0,0,0
3,save at NativeMethodAccessorImpl.java:0,1352,1303,0,1789806888440,1789806888450,10,False,8,8017223,1,0,6013,17367008,0,0,0,0,2513222,10733,0,0,0,0,0
3,save at NativeMethodAccessorImpl.java:0,1353,1304,0,1789806888444,1789806888450,6,False,4,4390471,1,0,6013,17104864,0,0,0,0,1037214,4434,0,0,0,0,0
3,save at NativeMethodAccessorImpl.java:0,1356,1307,0,1789806888450,1789806888453,3,False,0,963798,1,0,5970,65536,0,0,0,0,0,0,0,0,0,0,0
3,save at NativeMethodAccessorImpl.java:0,1355,1306,0,1789806888446,1789806888456,10,False,7,7167497,1,0,6013,17367008,0,0,0,0,2105082,8991,0,0,0,0,0
3,save at NativeMethodAccessorImpl.java:0,1354,1305,0,1789806888446,1789806888457,11,False,9,9128041,1,0,6013,17367008,0,0,0,0,2766594,11833,0,0,0,0,0
3,save at NativeMethodAccessorImpl.java:0,1357,1308,0,1789806888450,1789806888458,8,False,5,5180669,1,0,6013,17104864,0,0,0,0,1411812,6013,0,0,0,0,0
3,save at NativeMethodAccessorImpl.java:0,1358,1309,0,1789806888453,1789806888460,7,False,5,5352834,1,0,6013,17104864,0,0,0,0,1420485,6051,0,0,0,0,0
3,save at NativeMethodAccessorImpl.java:0,1359,1310,0,1789806888456,1789806888463,7,False,5,5305335,1,0,6013,17104864,0,0,0,0,1422348,6059,0,0,0,0,0
3,save at NativeMethodAccessorImpl.java:0,1360,1311,0,1789806888457,1789806888465,8,False,6,6119925,1,0,6013,17104864,0,0,0,0,1712345,7322,0,0,0,0,0
3,save at NativeMethodAccessorImpl.java:0,1361,1312,0,1789806888458,1789806888469,11,False,8,8799303,1,0,6013,17367008,0,0,0,0,2804700,12004,0,0,0,0,0
3,save at NativeMethodAccessorImpl.java:0,1362,1313,0,1789806888460,1789806888470,10,False,7,7270606,1,0,6013,17367008,0,0,0,0,2138035,9129,0,0,0,0,0
3,save at NativeMethodAccessorImpl.java:0,1363,1314,0,1789806888463,1789806888473,10,False,7,7176263,1,0,6013,17367008,0,0,0,0,2107327,8998,0,0,0,0,0
3,save at NativeMethodAccessorImpl.java:0,1364,1315,0,1789806888465,1789806888473,8,False,6,6204134,1,0,6013,17104864,0,0,0,0,1736594,7426,0,0,0,0,0
3,save at NativeMethodAccessorImpl.java:0,1365,1316,0,1789806888468,1789806888480,12,False,8,8998253,1,0,6013,17367008,0,0,0,0,2837613,12143,0,0,0,0,0
3,save at NativeMethodAccessorImpl.java:0,1367,1318,0,1789806888472,1789806888482,10,False,7,7244094,1,0,6013,17367008,0,0,0,0,2106909,8997,0,0,0,0,0
3,save at NativeMethodAccessorImpl.java:0,1368,1319,0,1789806888473,1789806888482,9,False,7,7300698,1,0,6013,17367008,0,0,0,0,2138991,9138,0,0,0,0,0
3,save at NativeMethodAccessorImpl.java:0,1366,1317,0,1789806888469,1789806888483,14,False,11,11961858,1,0,6013,17891296,0,0,0,0,3838806,16425,0,0,0,0,0
3,save at NativeMethodAccessorImpl.java:0,1369,1320,0,1789806888480,1789806888489,9,False,7,7290156,1,0,6013,17367008,0,0,0,0,2072734,8860,0,0,0,0,0
3,save at NativeMethodAccessorImpl.java:0,1371,1322,0,1789806888482,1789806888490,8,False,6,6115447,1,0,6013,17104864,0,0,0,0,1742568,7451,0,0,0,0,0
3,save at NativeMethodAccessorImpl.java:0,1372,1323,0,1789806888483,1789806888491,8,False,5,5330004,1,0,6013,17104864,0,0,0,0,1414930,6031,0,0,0,0,0
3,save at NativeMethodAccessorImpl.java:0,1370,1321,0,1789806888482,1789806888491,9,False,7,7381489,1,0,6013,17367008,0,0,0,0,2096162,8952,0,0,0,0,0
3,save at NativeMethodAccessorImpl.java:0,1376,1327,0,1789806888491,1789806888500,9,False,6,6082306,1,0,6013,17104864,0,0,0,0,1735098,7418,0,0,0,0,0
3,save at NativeMethodAccessorImpl.java:0,1374,1325,0,1789806888490,1789806888500,10,False,7,7035126,1,0,6013,17367008,0,0,0,0,2088337,8920,0,0,0,0,0
3,save at NativeMethodAccessorImpl.java:0,1373,1324,0,1789806888489,1789806888500,11,False,8,8191633,1,0,6013,17367008,0,0,0,0,2451588,10472,0,0,0,0,0
3,save at NativeMethodAccessorImpl.java:0,1375,1326,0,1789806888491,1789806888500,9,False,7,7103009,1,0,6013,17367008,0,0,0,0,2116102,9038,0,0,0,0,0
3,save at NativeMethodAccessorImpl.java:0,1380,1331,0,1789806888500,1789806888506,6,False,4,4452284,1,0,6013,17104864,0,0,0,0,1051835,4492,0,0,0,0,0
3,save at NativeMethodAccessorImpl.java:0,1378,1329,0,1789806888499,1789806888507,8,False,5,5390037,1,0,6013,17104864,0,0,0,0,1419604,6048,0,0,0,0,0
3,save at NativeMethodAccessorImpl.java:0,1377,1328,0,1789806888499,1789806888507,8,False,5,5661501,1,0,6013,17104864,0,0,0,0,1405538,5988,0,0,0,0,0
3,save at NativeMethodAccessorImpl.java:0,1379,1330,0,1789806888500,1789806888508,8,False,6,6273068,1,0,6013,17104864,0,0,0,0,1736938,7433,0,0,0,0,0
3,save at NativeMethodAccessorImpl.java:0,1383,1334,0,1789806888507,1789806888511,4,False,2,2320161,1,0,6013,16908256,0,0,0,0,356041,1489,0,0,0,0,0
3,save at NativeMethodAccessorImpl.java:0,1381,1332,0,1789806888506,1789806888513,7,False,4,4540889,1,0,6013,17104864,0,0,0,0,1055683,4506,0,0,0,0,0
3,save at NativeMethodAccessorImpl.java:0,1382,1333,0,1789806888507,1789806888516,9,False,6,6937907,1,0,6013,17367008,0,0,0,0,2084629,8905,0,0,0,0,0
3,save at NativeMethodAccessorImpl.java:0,1384,1335,0,1789806888508,1789806888516,8,False,6,6128840,1,0,6013,17104864,0,0,0,0,1755251,7510,0,0,0,0,0
3,save at NativeMethodAccessorImpl.java:0,1385,1336,0,1789806888511,1789806888520,9,False,6,6159184,1,0,6013,17104864,0,0,0,0,1752333,7499,0,0,0,0,0
3,save at NativeMethodAccessorImpl.java:0,1386,1337,0,1789806888513,1789806888522,9,False,7,7139348,1,0,6013,17367008,0,0,0,0,2073455,8859,0,0,0,0,0
3,save at NativeMethodAccessorImpl.java:0,1387,1338,0,1789806888516,1789806888523,7,False,5,5305666,1,0,6013,17104864,0,0,0,0,1423402,6066,0,0,0,0,0
3,save at NativeMethodAccessorImpl.java:0,1388,1339,0,1789806888516,1789806888525,9,False,7,7119262,1,0,6013,17367008,0,0,0,0,2105948,8992,0,0,0,0,0
3,save at NativeMethodAccessorImpl.java:0,1389,1340,0,1789806888519,1789806888527,8,False,5,5333382,1,0,6013,17104864,0,0,0,0,1374763,5854,0,0,0,0,0
3,save at NativeMethodAccessorImpl.java:0,1390,1341,0,1789806888522,1789806888528,6,False,4,4464626,1,0,6013,17104864,0,0,0,0,1077077,4595,0,0,0,0,0
3,save at NativeMethodAccessorImpl.java:0,1391,1342,0,1789806888523,1789806888530,7,False,4,4413944,1,0,6013,17104864,0,0,0,0,1048304,4478,0,0,0,0,0
3,save at NativeMethodAccessorImpl.java:0,1392,1343,0,1789806888525,1789806888532,7,False,5,5224987,1,0,6013,17104864,0,0,0,0,1403356,5977,0,0,0,0,0
3,save at NativeMethodAccessorImpl.java:0,1393,1344,0,1789806888527,1789806888534,7,False,5,5337803,1,0,6013,17104864,0,0,0,0,1397545,5955,0,0,0,0,0
3,save at NativeMethodAccessorImpl.java:0,1394,1345,0,1789806888528,1789806888538,10,False,7,7987429,1,0,6013,17367008,0,0,0,0,2430968,10383,0,0,0,0,0
3,save at NativeMethodAccessorImpl.java:0,1395,1346,0,1789806888529,1789806888539,10,False,7,7118753,1,0,6013,17367008,0,0,0,0,2105818,8993,0,0,0,0,0
3,save at NativeMethodAccessorImpl.java:0,1397,1348,0,1789806888534,1789806888542,8,False,6,6142415,1,0,6013,17104864,0,0,0,0,1758830,7529,0,0,0,0,0
3,save at NativeMethodAccessorImpl.java:0,1398,1349,0,1789806888538,1789806888542,4,False,2,2396955,1,0,6013,16908256,0,0,0,0,365911,1532,0,0,0,0,0
3,save at NativeMethodAccessorImpl.java:0,1399,1350,0,1789806888539,1789806888546,7,False,5,5186302,1,0,6013,17104864,0,0,0,0,1397105,5952,0,0,0,0,0
3,save at NativeMethodAccessorImpl.java:0,1396,1347,0,1789806888532,1789806888546,14,False,11,11683350,1,0,6013,17891296,0,0,0,0,3848301,16453,0,0,0,0,0
3,save at NativeMethodAccessorImpl.java:0,1400,1351,0,1789806888542,1789806888548,6,False,4,4327711,1,0,6013,17104864,0,0,0,0,1037804,4432,0,0,0,0,0
3,save at NativeMethodAccessorImpl.java:0,1401,1352,0,1789806888542,1789806888550,8,False,6,6105245,1,0,6013,17104864,0,0,0,0,1745766,7467,0,0,0,0,0
3,save at NativeMethodAccessorImpl.java:0,1403,1354,0,1789806888546,1789806888553,7,False,5,5298654,1,0,6013,17104864,0,0,0,0,1412771,6019,0,0,0,0,0
3,save at NativeMethodAccessorImpl.java:0,1402,1353,0,1789806888546,1789806888554,8,False,6,6141161,1,0,6013,17104864,0,0,0,0,1766670,7556,0,0,0,0,0
3,save at NativeMethodAccessorImpl.java:0,1404,1355,0,1789806888548,1789806888555,7,False,5,5181168,1,0,6013,17104864,0,0,0,0,1384270,5893,0,0,0,0,0
3,save at NativeMethodAccessorImpl.java:0,1407,1358,0,1789806888554,1789806888560,6,False,4,4131987,1,0,6013,17104864,0,0,0,0,1059167,4521,0,0,0,0,0
3,save at NativeMethodAccessorImpl.java:0,1405,1356,0,1789806888550,1789806888562,12,False,9,9750635,1,0,6013,17367008,0,0,0,0,3162851,13508,0,0,0,0,0
3,save at NativeMethodAccessorImpl.java:0,1406,1357,0,1789806888553,1789806888563,10,False,7,7960515,1,0,6013,17367008,0,0,0,0,2444781,10441,0,0,0,0,0
3,save at NativeMethodAccessorImpl.java:0,1408,1359,0,1789806888555,1789806888567,12,False,9,9873899,1,0,6013,17367008,0,0,0,0,3176382,13572,0,0,0,0,0
3,save at NativeMethodAccessorImpl.java:0,1409,1360,0,1789806888560,1789806888567,7,False,5,5396304,1,0,6013,17104864,0,0,0,0,1410421,6007,0,0,0,0,0
3,save at NativeMethodAccessorImpl.java:0,1410,1361,0,1789806888562,1789806888568,6,False,3,3262819,1,0,6013,16973792,0,0,0,0,714362,3047,0,0,0,0,0
3,save at NativeMethodAccessorImpl.java:0,1411,1362,0,1789806888563,1789806888571,8,False,5,5873372,1,0,6013,17104864,0,0,0,0,1765682,7561,0,0,0,0,0
3,save at NativeMethodAccessorImpl.java:0,1413,1364,0,1789806888567,1789806888574,7,False,4,4398471,1,0,6013,17104864,0,0,0,0,1058029,4517,0,0,0,0,0
3,save at NativeMethodAccessorImpl.java:0,1412,1363,0,1789806888567,1789806888577,10,False,8,8037000,1,0,6013,17367008,0,0,0,0,2444211,10438,0,0,0,0,0
3,save at NativeMethodAccessorImpl.java:0,1415,1366,0,1789806888571,1789806888577,6,False,4,4338635,1,0,6013,17104864,0,0,0,0,1045773,4468,0,0,0,0,0
3,save at NativeMethodAccessorImpl.java:0,1414,1365,0,1789806888568,1789806888578,10,False,7,7961081,1,0,6013,17367008,0,0,0,0,2456285,10488,0,0,0,0,0
3,save at NativeMethodAccessorImpl.java:0,1419,1370,0,1789806888577,1789806888585,8,False,5,5280907,1,0,6013,17104864,0,0,0,0,1414577,6025,0,0,0,0,0
3,save at NativeMethodAccessorImpl.java:0,1416,1367,0,1789806888574,1789806888585,11,False,8,8936614,1,0,6013,17367008,0,0,0,0,2802133,11985,0,0,0,0,0
3,save at NativeMethodAccessorImpl.java:0,1417,1368,0,1789806888577,1789806888587,10,False,7,7300612,1,0,6013,17367008,0,0,0,0,2116855,9034,0,0,0,0,0
3,save at NativeMethodAccessorImpl.java:0,1418,1369,0,1789806888577,1789806888588,11,False,8,8072763,1,0,6013,17367008,0,0,0,0,2471621,10560,0,0,0,0,0
3,save at NativeMethodAccessorImpl.java:0,1420,1371,0,1789806888585,1789806888591,6,False,4,4456399,1,0,6013,17104864,0,0,0,0,1056331,4508,0,0,0,0,0
3,save at NativeMethodAccessorImpl.java:0,1422,1373,0,1789806888587,1789806888593,6,False,4,4186934,1,0,6013,17104864,0,0,0,0,1042162,4451,0,0,0,0,0
3,save at NativeMethodAccessorImpl.java:0,1423,1374,0,1789806888587,1789806888596,9,False,7,7231993,1,0,6013,17367008,0,0,0,0,2091846,8934,0,0,0,0,0
3,save at NativeMethodAccessorImpl.java:0,1421,1372,0,1789806888585,1789806888599,14,False,11,11887906,1,0,6013,17891296,0,0,0,0,3839796,16419,0,0,0,0,0
3,save at NativeMethodAccessorImpl.java:0,1424,1375,0,1789806888591,1789806888599,8,False,6,6092857,1,0,6013,17104864,0,0,0,0,1755259,7513,0,0,0,0,0
3,save at NativeMethodAccessorImpl.java:0,1426,1377,0,1789806888596,1789806888601,5,False,2,2501326,1,0,6013,16908256,0,0,0,0,360917,1510,0,0,0,0,0
3,save at NativeMethodAccessorImpl.java:0,1425,1376,0,1789806888593,1789806888601,8,False,6,6066892,1,0,6013,17104864,0,0,0,0,1740252,7445,0,0,0,0,0
3,save at NativeMethodAccessorImpl.java:0,1427,1378,0,1789806888599,1789806888612,13,False,6,3406918,1,5,6099,16973792,0,0,0,0,694273,2957,0,0,0,0,0
3,save at NativeMethodAccessorImpl.java:0,1428,1379,0,1789806888599,1789806888613,14,False,11,6325202,1,5,6056,17104864,0,0,0,0,1399750,5961,0,0,0,0,0
3,save at NativeMethodAccessorImpl.java:0,1430,1381,0,1789806888601,1789806888614,13,False,11,6085772,1,5,6056,17104864,0,0,0,0,1425732,6077,0,0,0,0,0
3,save at NativeMethodAccessorImpl.java:0,1429,1380,0,1789806888601,1789806888614,13,False,11,6297550,1,5,6056,17104864,0,0,0,0,1051398,4487,0,0,0,0,0
3,save at NativeMethodAccessorImpl.java:0,1432,1383,0,1789806888613,1789806888620,7,False,4,4635601,1,0,6013,16973792,0,0,0,0,687252,2927,0,0,0,0,0
3,save at NativeMethodAccessorImpl.java:0,1431,1382,0,1789806888611,1789806888621,10,False,6,6590903,2,0,6013,17104864,0,0,0,0,1060500,4529,0,0,0,0,0
3,save at NativeMethodAccessorImpl.java:0,1434,1385,0,1789806888614,1789806888622,8,False,5,5778895,1,0,6013,17104864,0,0,0,0,1409082,6002,0,0,0,0,0
3,save at NativeMethodAccessorImpl.java:0,1436,1387,0,1789806888621,1789806888626,5,False,2,2525709,1,0,6013,16908256,0,0,0,0,356847,1492,0,0,0,0,0
3,save at NativeMethodAccessorImpl.java:0,1433,1384,0,1789806888614,1789806888627,13,False,9,9289087,2,0,6013,17104864,0,0,0,0,1733913,7418,0,0,0,0,0
3,save at NativeMethodAccessorImpl.java:0,1437,1388,0,1789806888622,1789806888627,5,False,2,2640452,1,0,6013,16908256,0,0,0,0,352771,1474,0,0,0,0,0
3,save at NativeMethodAccessorImpl.java:0,1435,1386,0,1789806888620,1789806888630,10,False,7,7754908,1,0,6013,17367008,0,0,0,0,2096873,8956,0,0,0,0,0
3,save at NativeMethodAccessorImpl.java:0,1439,1390,0,1789806888626,1789806888641,15,False,10,6657241,2,4,6056,17104864,0,0,0,0,1078797,4605,0,0,0,0,0
3,save at NativeMethodAccessorImpl.java:0,1440,1391,0,1789806888627,1789806888641,14,False,10,6552788,2,4,6056,17104864,0,0,0,0,1067017,4554,0,0,0,0,0
3,save at NativeMethodAccessorImpl.java:0,1438,1389,0,1789806888626,1789806888642,16,False,13,9663339,2,4,6056,17104864,0,0,0,0,1747936,7478,0,0,0,0,0
3,save at NativeMethodAccessorImpl.java:0,1441,1392,0,1789806888630,1789806888644,14,False,12,8512221,1,4,6056,17367008,0,0,0,0,2447574,10450,0,0,0,0,0
3,save at NativeMethodAccessorImpl.java:0,1443,1394,0,1789806888641,1789806888652,11,False,7,6819651,3,0,6013,17104864,0,0,0,0,1052577,4494,0,0,0,0,0
3,save at NativeMethodAccessorImpl.java:0,1442,1393,0,1789806888641,1789806888653,12,False,8,7891382,3,0,6013,17104864,0,0,0,0,1420293,6055,0,0,0,0,0
3,save at NativeMethodAccessorImpl.java:0,1444,1395,0,1789806888642,1789806888654,12,False,8,7856366,2,0,6013,17104864,0,0,0,0,1074989,4585,0,0,0,0,0
3,save at NativeMethodAccessorImpl.java:0,1445,1396,0,1789806888644,1789806888654,10,False,7,7497756,1,0,6013,17104864,0,0,0,0,1775052,7596,0,0,0,0,0
3,save at NativeMethodAccessorImpl.java:0,1449,1400,0,1789806888654,1789806888661,7,False,5,5098671,1,0,6013,17104864,0,0,0,0,1394314,5940,0,0,0,0,0
3,save at NativeMethodAccessorImpl.java:0,1447,1398,0,1789806888653,1789806888661,8,False,5,5894073,1,0,6013,17104864,0,0,0,0,1744771,7467,0,0,0,0,0
3,save at NativeMethodAccessorImpl.java:0,1446,1397,0,1789806888652,1789806888661,9,False,7,7100991,1,0,6013,17367008,0,0,0,0,2089400,8924,0,0,0,0,0
3,save at NativeMethodAccessorImpl.java:0,1448,1399,0,1789806888653,1789806888662,9,False,5,5533305,2,0,6013,17104864,0,0,0,0,1064096,4543,0,0,0,0,0
3,save at NativeMethodAccessorImpl.java:0,1452,1403,0,1789806888661,1789806888669,8,False,5,5221477,1,0,6013,17104864,0,0,0,0,1408512,6001,0,0,0,0,0
3,save at NativeMethodAccessorImpl.java:0,1451,1402,0,1789806888661,1789806888669,8,False,6,6260451,1,0,6013,17104864,0,0,0,0,1753788,7502,0,0,0,0,0
3,save at NativeMethodAccessorImpl.java:0,1453,1404,0,1789806888662,1789806888670,8,False,6,6193454,1,0,6013,17104864,0,0,0,0,1766473,7562,0,0,0,0,0
3,save at NativeMethodAccessorImpl.java:0,1450,1401,0,1789806888661,1789806888671,10,False,7,7940149,1,0,6013,17367008,0,0,0,0,2480135,10594,0,0,0,0,0
3,save at NativeMethodAccessorImpl.java:0,1454,1405,0,1789806888668,1789806888675,7,False,4,4366764,1,0,6013,17104864,0,0,0,0,1058929,4521,0,0,0,0,0
3,save at NativeMethodAccessorImpl.java:0,1456,1407,0,1789806888670,1789806888677,7,False,4,4354819,1,0,6013,17104864,0,0,0,0,1039278,4438,0,0,0,0,0
3,save at NativeMethodAccessorImpl.java:0,1455,1406,0,1789806888669,1789806888678,9,False,5,5989364,1,0,6013,17104864,0,0,0,0,1741582,7448,0,0,0,0,0
3,save at NativeMethodAccessorImpl.java:0,1457,1408,0,1789806888671,1789806888678,7,False,5,5077709,1,0,6013,17104864,0,0,0,0,1416452,6036,0,0,0,0,0
3,save at NativeMethodAccessorImpl.java:0,1458,1409,0,1789806888675,1789806888683,8,False,6,6116071,1,0,6013,17104864,0,0,0,0,1777327,7608,0,0,0,0,0
3,save at NativeMethodAccessorImpl.java:0,1460,1411,0,1789806888677,1789806888686,9,False,6,6084920,1,0,6013,17104864,0,0,0,0,1776952,7605,0,0,0,0,0
3,save at NativeMethodAccessorImpl.java:0,1459,1410,0,1789806888676,1789806888686,10,False,7,7206355,1,0,6013,17367008,0,0,0,0,2086010,8915,0,0,0,0,0
3,save at NativeMethodAccessorImpl.java:0,1461,1412,0,1789806888678,1789806888686,8,False,6,6159168,1,0,6013,17104864,0,0,0,0,1784463,7634,0,0,0,0,0
3,save at NativeMethodAccessorImpl.java:0,1463,1414,0,1789806888686,1789806888693,7,False,5,5157188,1,0,6013,17104864,0,0,0,0,1400556,5966,0,0,0,0,0
3,save at NativeMethodAccessorImpl.java:0,1465,1416,0,1789806888686,1789806888693,7,False,5,5098157,1,0,6013,17104864,0,0,0,0,1372193,5843,0,0,0,0,0
3,save at NativeMethodAccessorImpl.java:0,1462,1413,0,1789806888683,1789806888696,13,False,10,10931636,1,0,6013,17367008,0,0,0,0,3470685,14830,0,0,0,0,0
3,save at NativeMethodAccessorImpl.java:0,1464,1415,0,1789806888686,1789806888696,10,False,8,8148667,1,0,6013,17367008,0,0,0,0,2477764,10584,0,0,0,0,0
3,save at NativeMethodAccessorImpl.java:0,1467,1418,0,1789806888693,1789806888700,7,False,5,5213154,1,0,6013,17104864,0,0,0,0,1398672,5958,0,0,0,0,0
3,save at NativeMethodAccessorImpl.java:0,1468,1419,0,1789806888696,1789806888701,5,False,3,3323522,1,0,6013,16973792,0,0,0,0,690518,2940,0,0,0,0,0
3,save at NativeMethodAccessorImpl.java:0,1469,1420,0,1789806888696,1789806888701,5,False,3,3285022,1,0,6013,16973792,0,0,0,0,703848,3000,0,0,0,0,0
3,save at NativeMethodAccessorImpl.java:0,1466,1417,0,1789806888693,1789806888702,9,False,7,7382032,1,0,6013,17367008,0,0,0,0,2093810,8942,0,0,0,0,0
3,save at NativeMethodAccessorImpl.java:0,1471,1422,0,1789806888701,1789806888709,8,False,6,6099159,1,0,6013,17104864,0,0,0,0,1734705,7419,0,0,0,0,0
3,save at NativeMethodAccessorImpl.java:0,1473,1424,0,1789806888702,1789806888709,7,False,5,5113712,1,0,6013,17104864,0,0,0,0,1432174,6106,0,0,0,0,0
3,save at NativeMethodAccessorImpl.java:0,1470,1421,0,1789806888700,1789806888711,11,False,8,8205267,1,0,6013,17367008,0,0,0,0,2457721,10497,0,0,0,0,0
3,save at NativeMethodAccessorImpl.java:0,1472,1423,0,1789806888701,1789806888712,11,False,8,8787026,1,0,6013,17367008,0,0,0,0,2768656,11843,0,0,0,0,0
3,save at NativeMethodAccessorImpl.java:0,1475,1426,0,1789806888709,1789806888714,5,False,2,2405572,1,0,6013,16908256,0,0,0,0,353153,1476,0,0,0,0,0
3,save at NativeMethodAccessorImpl.java:0,1476,1427,0,1789806888710,1789806888716,6,False,3,3290955,1,0,6013,16973792,0,0,0,0,703675,2999,0,0,0,0,0
3,save at NativeMethodAccessorImpl.java:0,1478,1429,0,1789806888714,1789806888720,6,False,4,4223490,1,0,6013,17104864,0,0,0,0,1033184,4414,0,0,0,0,0
3,save at NativeMethodAccessorImpl.java:0,1477,1428,0,1789806888712,1789806888721,9,False,6,6343211,1,0,6013,17104864,0,0,0,0,1779541,7613,0,0,0,0,0
3,save at NativeMethodAccessorImpl.java:0,1474,1425,0,1789806888709,1789806888721,12,False,9,9959091,1,0,6013,17367008,0,0,0,0,3186473,13613,0,0,0,0,0
3,save at NativeMethodAccessorImpl.java:0,1479,1430,0,1789806888716,1789806888727,11,False,8,8906383,1,0,6013,17367008,0,0,0,0,2808491,12011,0,0,0,0,0
3,save at NativeMethodAccessorImpl.java:0,1481,1432,0,1789806888720,1789806888729,9,False,6,6122102,1,0,6013,17104864,0,0,0,0,1743392,7456,0,0,0,0,0
3,save at NativeMethodAccessorImpl.java:0,1480,1431,0,1789806888720,1789806888729,9,False,7,7109771,1,0,6013,17367008,0,0,0,0,2070828,8849,0,0,0,0,0
3,save at NativeMethodAccessorImpl.java:0,1482,1433,0,1789806888721,1789806888730,9,False,6,6257512,1,0,6013,17104864,0,0,0,0,1772864,7590,0,0,0,0,0
3,save at NativeMethodAccessorImpl.java:0,1483,1434,0,1789806888726,1789806888734,8,False,5,5182287,1,0,6013,17104864,0,0,0,0,1403674,5977,0,0,0,0,0
3,save at NativeMethodAccessorImpl.java:0,1486,1437,0,1789806888730,1789806888738,8,False,6,6321121,1,0,6013,17104864,0,0,0,0,1768869,7572,0,0,0,0,0
3,save at NativeMethodAccessorImpl.java:0,1485,1436,0,1789806888729,1789806888738,9,False,7,7035864,1,0,6013,17367008,0,0,0,0,2086342,8912,0,0,0,0,0
3,save at NativeMethodAccessorImpl.java:0,1484,1435,0,1789806888729,1789806888740,11,False,9,9025162,1,0,6013,17367008,0,0,0,0,2776237,11875,0,0,0,0,0
3,save at NativeMethodAccessorImpl.java:0,1487,1438,0,1789806888734,1789806888743,9,False,7,7192049,1,0,6013,17367008,0,0,0,0,2091790,8936,0,0,0,0,0
3,save at NativeMethodAccessorImpl.java:0,1488,1439,0,1789806888738,1789806888745,7,False,4,4516706,1,0,6013,17104864,0,0,0,0,1038783,4436,0,0,0,0,0
3,save at NativeMethodAccessorImpl.java:0,1490,1441,0,1789806888740,1789806888747,7,False,5,5213109,1,0,6013,17104864,0,0,0,0,1426453,6081,0,0,0,0,0
3,save at NativeMethodAccessorImpl.java:0,1491,1442,0,1789806888743,1789806888748,5,False,3,3272183,1,0,6013,16973792,0,0,0,0,691893,2947,0,0,0,0,0
3,save at NativeMethodAccessorImpl.java:0,1489,1440,0,1789806888738,1789806888751,13,False,10,10225476,1,0,6013,17367008,0,0,0,0,3226257,13776,0,0,0,0,0
3,save at NativeMethodAccessorImpl.java:0,1493,1444,0,1789806888747,1789806888754,7,False,4,4186448,1,0,6013,17104864,0,0,0,0,1025772,4384,0,0,0,0,0
3,save at NativeMethodAccessorImpl.java:0,1492,1443,0,1789806888744,1789806888755,11,False,8,8306875,1,0,6013,17367008,0,0,0,0,2474346,10567,0,0,0,0,0
3,save at NativeMethodAccessorImpl.java:0,1494,1445,0,1789806888748,1789806888758,10,False,8,8055152,1,0,6013,17367008,0,0,0,0,2472078,10552,0,0,0,0,0
3,save at NativeMethodAccessorImpl.java:0,1495,1446,0,1789806888750,1789806888760,10,False,7,7242177,1,0,6013,17367008,0,0,0,0,2089096,8921,0,0,0,0,0
3,save at NativeMethodAccessorImpl.java:0,1497,1448,0,1789806888755,1789806888763,8,False,6,6102529,1,0,6013,17104864,0,0,0,0,1758317,7527,0,0,0,0,0
3,save at NativeMethodAccessorImpl.java:0,1496,1447,0,1789806888754,1789806888763,9,False,7,7199084,1,0,6013,17367008,0,0,0,0,2128062,9084,0,0,0,0,0
3,save at NativeMethodAccessorImpl.java:0,1498,1449,0,1789806888758,1789806888768,10,False,8,8034659,1,0,6013,17367008,0,0,0,0,2465288,10525,0,0,0,0,0
3,save at NativeMethodAccessorImpl.java:0,1501,1452,0,1789806888763,1789806888768,5,False,3,3312602,1,0,6013,16973792,0,0,0,0,699726,2982,0,0,0,0,0
3,save at NativeMethodAccessorImpl.java:0,1499,1450,0,1789806888760,1789806888769,9,False,7,7089330,1,0,6013,17367008,0,0,0,0,2082403,8892,0,0,0,0,0
3,save at NativeMethodAccessorImpl.java:0,1500,1451,0,1789806888763,1789806888769,6,False,4,4496457,1,0,6013,17104864,0,0,0,0,1049616,4480,0,0,0,0,0
3,save at NativeMethodAccessorImpl.java:0,1503,1454,0,1789806888768,1789806888773,5,False,2,2345179,1,0,6013,16908256,0,0,0,0,354606,1483,0,0,0,0,0
3,save at NativeMethodAccessorImpl.java:0,1502,1453,0,1789806888768,1789806888774,6,False,4,4241206,1,0,6013,17104864,0,0,0,0,1032003,4408,0,0,0,0,0
3,save at NativeMethodAccessorImpl.java:0,1505,1456,0,1789806888769,1789806888777,8,False,5,5986523,1,0,6013,17104864,0,0,0,0,1743226,7456,0,0,0,0,0
3,save at NativeMethodAccessorImpl.java:0,1504,1455,0,1789806888769,1789806888779,10,False,7,7968336,1,0,6013,17367008,0,0,0,0,2421319,10341,0,0,0,0,0
3,save at NativeMethodAccessorImpl.java:0,1506,1457,0,1789806888772,1789806888780,8,False,5,5273597,1,0,6013,17104864,0,0,0,0,1403919,5982,0,0,0,0,0
3,save at NativeMethodAccessorImpl.java:0,1507,1458,0,1789806888774,1789806888781,7,False,5,5207341,1,0,6013,17104864,0,0,0,0,1391003,5925,0,0,0,0,0
3,save at NativeMethodAccessorImpl.java:0,1508,1459,0,1789806888777,1789806888784,7,False,5,5147532,1,0,6013,17104864,0,0,0,0,1422917,6064,0,0,0,0,0
3,save at NativeMethodAccessorImpl.java:0,1510,1461,0,1789806888780,1789806888786,6,False,4,4294763,1,0,6013,17104864,0,0,0,0,1055261,4507,0,0,0,0,0
3,save at NativeMethodAccessorImpl.java:0,1509,1460,0,1789806888779,1789806888787,8,False,6,6154985,1,0,6013,17104864,0,0,0,0,1759815,7532,0,0,0,0,0
3,save at NativeMethodAccessorImpl.java:0,1511,1462,0,1789806888781,1789806888789,8,False,5,5367149,1,0,6013,17104864,0,0,0,0,1431611,6103,0,0,0,0,0
3,save at NativeMethodAccessorImpl.java:0,1515,1466,0,1789806888789,1789806888791,2,False,0,885493,1,0,5970,65536,0,0,0,0,0,0,0,0,0,0,0
3,save at NativeMethodAccessorImpl.java:0,1514,1465,0,1789806888787,1789806888792,5,False,3,3355796,1,0,6013,16973792,0,0,0,0,722638,3082,0,0,0,0,0
3,save at NativeMethodAccessorImpl.java:0,1512,1463,0,1789806888784,1789806888795,11,False,8,8909945,1,0,6013,17367008,0,0,0,0,2795807,11966,0,0,0,0,0
3,save at NativeMethodAccessorImpl.java:0,1513,1464,0,1789806888786,1789806888796,10,False,8,8060281,1,0,6013,17367008,0,0,0,0,2456098,10489,0,0,0,0,0
3,save at NativeMethodAccessorImpl.java:0,1517,1468,0,1789806888792,1789806888797,5,False,3,3352482,1,0,6013,16973792,0,0,0,0,704113,2999,0,0,0,0,0
3,save at NativeMethodAccessorImpl.java:0,1516,1467,0,1789806888791,1789806888798,7,False,4,4398399,1,0,6013,17104864,0,0,0,0,1050060,4484,0,0,0,0,0
3,save at NativeMethodAccessorImpl.java:0,1518,1469,0,1789806888795,1789806888805,10,False,8,5220210,1,2,6056,17104864,0,0,0,0,1405399,5987,0,0,0,0,0
3,save at NativeMethodAccessorImpl.java:0,1520,1471,0,1789806888797,1789806888806,9,False,3,3392752,4,2,6056,16973792,0,0,0,0,691454,2946,0,0,0,0,0
3,save at NativeMethodAccessorImpl.java:0,1519,1470,0,1789806888796,1789806888806,10,False,8,5326165,1,2,6056,17104864,0,0,0,0,1390397,5920,0,0,0,0,0
3,save at NativeMethodAccessorImpl.java:0,1521,1472,0,1789806888798,1789806888809,11,False,6,6134301,4,2,6056,17104864,0,0,0,0,1750240,7492,0,0,0,0,0
3,save at NativeMethodAccessorImpl.java:0,1522,1473,0,1789806888805,1789806888810,5,False,3,3300572,1,0,6013,16973792,0,0,0,0,700477,2987,0,0,0,0,0
3,save at NativeMethodAccessorImpl.java:0,1524,1475,0,1789806888806,1789806888811,5,False,3,3352453,1,0,6013,16973792,0,0,0,0,702861,2997,0,0,0,0,0
3,save at NativeMethodAccessorImpl.java:0,1523,1474,0,1789806888806,1789806888814,8,False,6,6124400,1,0,6013,17104864,0,0,0,0,1728309,7392,0,0,0,0,0
3,save at NativeMethodAccessorImpl.java:0,1525,1476,0,1789806888809,1789806888814,5,False,3,3209089,1,0,6013,16973792,0,0,0,0,698792,2977,0,0,0,0,0
3,save at NativeMethodAccessorImpl.java:0,1526,1477,0,1789806888810,1789806888819,9,False,7,7257312,1,0,6013,17367008,0,0,0,0,2141505,9141,0,0,0,0,0
3,save at NativeMethodAccessorImpl.java:0,1529,1480,0,1789806888814,1789806888822,8,False,6,6016744,1,0,6013,17104864,0,0,0,0,1737675,7433,0,0,0,0,0
3,save at NativeMethodAccessorImpl.java:0,1527,1478,0,1789806888811,1789806888822,11,False,8,8753134,1,0,6013,17367008,0,0,0,0,2763426,11827,0,0,0,0,0
3,save at NativeMethodAccessorImpl.java:0,1528,1479,0,1789806888814,1789806888824,10,False,8,8169079,1,0,6013,17367008,0,0,0,0,2458412,10504,0,0,0,0,0
3,save at NativeMethodAccessorImpl.java:0,1531,1482,0,1789806888822,1789806888827,5,False,3,3233727,1,0,6013,16973792,0,0,0,0,696963,2969,0,0,0,0,0
3,save at NativeMethodAccessorImpl.java:0,1530,1481,0,1789806888819,1789806888829,10,False,8,8026228,1,0,6013,17367008,0,0,0,0,2444762,10439,0,0,0,0,0
3,save at NativeMethodAccessorImpl.java:0,1532,1483,0,1789806888822,1789806888831,9,False,7,7246706,1,0,6013,17367008,0,0,0,0,2067058,8829,0,0,0,0,0
3,save at NativeMethodAccessorImpl.java:0,1534,1485,0,1789806888827,1789806888831,4,False,2,2346717,1,0,6013,16908256,0,0,0,0,353054,1477,0,0,0,0,0
3,save at NativeMethodAccessorImpl.java:0,1533,1484,0,1789806888824,1789806888834,10,False,8,8217946,1,0,6013,17367008,0,0,0,0,2457424,10496,0,0,0,0,0
3,save at NativeMethodAccessorImpl.java:0,1535,1486,0,1789806888829,1789806888837,8,False,6,6134847,1,0,6013,17104864,0,0,0,0,1760200,7534,0,0,0,0,0
3,save at NativeMethodAccessorImpl.java:0,1537,1488,0,1789806888831,1789806888838,7,False,4,4337384,1,0,6013,17104864,0,0,0,0,1050785,4485,0,0,0,0,0
3,save at NativeMethodAccessorImpl.java:0,1536,1487,0,1789806888831,1789806888838,7,False,5,5178717,1,0,6013,17104864,0,0,0,0,1404730,5981,0,0,0,0,0
3,save at NativeMethodAccessorImpl.java:0,1538,1489,0,1789806888834,1789806888842,8,False,6,6027890,1,0,6013,17104864,0,0,0,0,1763496,7549,0,0,0,0,0
3,save at NativeMethodAccessorImpl.java:0,1541,1492,0,1789806888838,1789806888843,5,False,3,3288302,1,0,6013,16973792,0,0,0,0,699429,2981,0,0,0,0,0
3,save at NativeMethodAccessorImpl.java:0,1539,1490,0,1789806888837,1789806888845,8,False,5,5392302,1,0,6013,17104864,0,0,0,0,1404033,5982,0,0,0,0,0
3,save at NativeMethodAccessorImpl.java:0,1540,1491,0,1789806888838,1789806888846,8,False,6,6164089,1,0,6013,17104864,0,0,0,0,1736354,7426,0,0,0,0,0
3,save at NativeMethodAccessorImpl.java:0,1543,1494,0,1789806888843,1789806888850,7,False,4,4410622,1,0,6013,17104864,0,0,0,0,1059755,4525,0,0,0,0,0
3,save at NativeMethodAccessorImpl.java:0,1542,1493,0,1789806888842,1789806888850,8,False,6,6032469,1,0,6013,17104864,0,0,0,0,1752538,7496,0,0,0,0,0
3,save at NativeMethodAccessorImpl.java:0,1545,1496,0,1789806888846,1789806888855,9,False,6,6611820,1,0,6013,17104864,0,0,0,0,1754982,7507,0,0,0,0,0
3,save at NativeMethodAccessorImpl.java:0,1544,1495,0,1789806888845,1789806888855,10,False,8,8120650,1,0,6013,17367008,0,0,0,0,2427812,10366,0,0,0,0,0
3,save at NativeMethodAccessorImpl.java:0,1547,1498,0,1789806888850,1789806888857,7,False,4,4436896,1,0,6013,17104864,0,0,0,0,1057350,4515,0,0,0,0,0
3,save at NativeMethodAccessorImpl.java:0,1546,1497,0,1789806888850,1789806888858,8,False,6,6170075,1,0,6013,17104864,0,0,0,0,1753376,7502,0,0,0,0,0
3,save at NativeMethodAccessorImpl.java:0,1549,1500,0,1789806888855,1789806888862,7,False,5,5323781,1,0,6013,17104864,0,0,0,0,1417275,6038,0,0,0,0,0
3,save at NativeMethodAccessorImpl.java:0,1548,1499,0,1789806888855,1789806888865,10,False,7,7866504,1,0,6013,17367008,0,0,0,0,2421821,10340,0,0,0,0,0
3,save at NativeMethodAccessorImpl.java:0,1551,1502,0,1789806888858,1789806888866,8,False,6,6240503,1,0,6013,17104864,0,0,0,0,1764210,7545,0,0,0,0,0
3,save at NativeMethodAccessorImpl.java:0,1552,1503,0,1789806888862,1789806888867,5,False,2,2383869,1,0,6013,16908256,0,0,0,0,362760,1519,0,0,0,0,0
3,save at NativeMethodAccessorImpl.java:0,1550,1501,0,1789806888857,1789806888868,11,False,8,8806311,1,0,6013,17367008,0,0,0,0,2773340,11865,0,0,0,0,0
3,save at NativeMethodAccessorImpl.java:0,1553,1504,0,1789806888864,1789806888870,6,False,3,3238288,1,0,6013,16973792,0,0,0,0,695488,2963,0,0,0,0,0
3,save at NativeMethodAccessorImpl.java:0,1556,1507,0,1789806888867,1789806888876,9,False,6,6034828,1,0,6013,17104864,0,0,0,0,1759686,7531,0,0,0,0,0
3,save at NativeMethodAccessorImpl.java:0,1554,1505,0,1789806888866,1789806888876,10,False,7,7375723,1,0,6013,17367008,0,0,0,0,2126346,9074,0,0,0,0,0
3,save at NativeMethodAccessorImpl.java:0,1555,1506,0,1789806888867,1789806888877,10,False,7,7980579,1,0,6013,17367008,0,0,0,0,2448231,10454,0,0,0,0,0
3,save at NativeMethodAccessorImpl.java:0,1557,1508,0,1789806888869,1789806888880,11,False,8,8176571,1,0,6013,17367008,0,0,0,0,2476373,10580,0,0,0,0,0
3,save at NativeMethodAccessorImpl.java:0,1558,1509,0,1789806888875,1789806888882,7,False,4,4252485,1,0,6013,17104864,0,0,0,0,1037608,4434,0,0,0,0,0
3,save at NativeMethodAccessorImpl.java:0,1560,1511,0,1789806888876,1789806888883,7,False,4,4488231,1,0,6013,17104864,0,0,0,0,1060164,4524,0,0,0,0,0
3,save at NativeMethodAccessorImpl.java:0,1559,1510,0,1789806888876,1789806888890,14,False,11,11908272,1,0,6013,17891296,0,0,0,0,3865873,16527,0,0,0,0,0
3,save at NativeMethodAccessorImpl.java:0,1562,1513,0,1789806888882,1789806888890,8,False,6,6105213,1,0,6013,17104864,0,0,0,0,1754925,7509,0,0,0,0,0
3,save at NativeMethodAccessorImpl.java:0,1563,1514,0,1789806888883,1789806888893,10,False,7,7865598,1,0,6013,17367008,0,0,0,0,2435962,10400,0,0,0,0,0
3,save at NativeMethodAccessorImpl.java:0,1561,1512,0,1789806888880,1789806888893,13,False,11,11036791,1,0,6013,17367008,0,0,0,0,3514051,15023,0,0,0,0,0
3,save at NativeMethodAccessorImpl.java:0,1564,1515,0,1789806888890,1789806888899,9,False,7,7380331,1,0,6013,17367008,0,0,0,0,2115921,9032,0,0,0,0,0
3,save at NativeMethodAccessorImpl.java:0,1567,1518,0,1789806888893,1789806888899,6,False,4,4284293,1,0,6013,17104864,0,0,0,0,1042521,4453,0,0,0,0,0
3,save at NativeMethodAccessorImpl.java:0,1565,1516,0,1789806888890,1789806888900,10,False,8,8054805,1,0,6013,17367008,0,0,0,0,2457210,10497,0,0,0,0,0
3,save at NativeMethodAccessorImpl.java:0,1566,1517,0,1789806888893,1789806888904,11,False,8,8948709,1,0,6013,17367008,0,0,0,0,2782359,11907,0,0,0,0,0
3,save at NativeMethodAccessorImpl.java:0,1568,1519,0,1789806888899,1789806888905,6,False,3,3397674,1,0,6013,16973792,0,0,0,0,709950,3026,0,0,0,0,0
3,save at NativeMethodAccessorImpl.java:0,1569,1520,0,1789806888899,1789806888908,9,False,6,6326242,1,0,6013,17104864,0,0,0,0,1754151,7507,0,0,0,0,0
3,save at NativeMethodAccessorImpl.java:0,1572,1523,0,1789806888904,1789806888910,6,False,3,3321122,1,0,6013,16973792,0,0,0,0,712696,3040,0,0,0,0,0
3,save at NativeMethodAccessorImpl.java:0,1570,1521,0,1789806888900,1789806888910,10,False,8,8025776,1,0,6013,17367008,0,0,0,0,2500642,10685,0,0,0,0,0
3,save at NativeMethodAccessorImpl.java:0,1571,1522,0,1789806888904,1789806888913,9,False,7,7174099,1,0,6013,17367008,0,0,0,0,2102983,8980,0,0,0,0,0
3,save at NativeMethodAccessorImpl.java:0,1575,1526,0,1789806888910,1789806888917,7,False,5,5219809,1,0,6013,17104864,0,0,0,0,1438416,6130,0,0,0,0,0
3,save at NativeMethodAccessorImpl.java:0,1574,1525,0,1789806888910,1789806888918,8,False,6,6191649,1,0,6013,17104864,0,0,0,0,1748036,7481,0,0,0,0,0
3,save at NativeMethodAccessorImpl.java:0,1573,1524,0,1789806888907,1789806888918,11,False,9,9039736,1,0,6013,17367008,0,0,0,0,2796562,11966,0,0,0,0,0
3,save at NativeMethodAccessorImpl.java:0,1576,1527,0,1789806888913,1789806888921,8,False,6,6167688,1,0,6013,17104864,0,0,0,0,1731293,7406,0,0,0,0,0
3,save at NativeMethodAccessorImpl.java:0,1577,1528,0,1789806888917,1789806888925,8,False,6,6171550,1,0,6013,17104864,0,0,0,0,1766208,7561,0,0,0,0,0
3,save at NativeMethodAccessorImpl.java:0,1578,1529,0,1789806888918,1789806888928,10,False,7,7992658,1,0,6013,17367008,0,0,0,0,2457891,10498,0,0,0,0,0
3,save at NativeMethodAccessorImpl.java:0,1579,1530,0,1789806888918,1789806888928,10,False,8,8153903,1,0,6013,17367008,0,0,0,0,2468417,10545,0,0,0,0,0
3,save at NativeMethodAccessorImpl.java:0,1580,1531,0,1789806888921,1789806888930,9,False,6,6343181,1,0,6013,17104864,0,0,0,0,1763079,7507,0,0,0,0,0
3,save at NativeMethodAccessorImpl.java:0,1583,1534,0,1789806888928,1789806888933,5,False,2,2283934,1,0,6013,16908256,0,0,0,0,359832,1505,0,0,0,0,0
3,save at NativeMethodAccessorImpl.java:0,1584,1535,0,1789806888929,1789806888937,8,False,5,5068755,1,0,6013,17104864,0,0,0,0,1406857,5992,0,0,0,0,0
3,save at NativeMethodAccessorImpl.java:0,1585,1536,0,1789806888933,1789806888938,5,False,3,3287037,1,0,6013,16973792,0,0,0,0,690810,2943,0,0,0,0,0
3,save at NativeMethodAccessorImpl.java:0,1581,1532,0,1789806888925,1789806888938,13,False,10,10751348,1,0,6013,17367008,0,0,0,0,3482068,14864,0,0,0,0,0
3,save at NativeMethodAccessorImpl.java:0,1582,1533,0,1789806888928,1789806888940,12,False,9,9864636,1,0,6013,17367008,0,0,0,0,3155957,13487,0,0,0,0,0
3,save at NativeMethodAccessorImpl.java:0,1588,1539,0,1789806888938,1789806888943,5,False,3,3358315,1,0,6013,16973792,0,0,0,0,701907,2991,0,0,0,0,0
3,save at NativeMethodAccessorImpl.java:0,1586,1537,0,1789806888937,1789806888944,7,False,5,5184784,1,0,6013,17104864,0,0,0,0,1432554,6107,0,0,0,0,0
3,save at NativeMethodAccessorImpl.java:0,1587,1538,0,1789806888938,1789806888947,9,False,7,7170396,1,0,6013,17367008,0,0,0,0,2096516,8953,0,0,0,0,0
3,save at NativeMethodAccessorImpl.java:0,1589,1540,0,1789806888940,1789806888947,7,False,5,5370324,1,0,6013,17104864,0,0,0,0,1423331,6064,0,0,0,0,0
3,save at NativeMethodAccessorImpl.java:0,1590,1541,0,1789806888943,1789806888952,9,False,6,6177220,1,0,6013,17104864,0,0,0,0,1746736,7470,0,0,0,0,0
3,save at NativeMethodAccessorImpl.java:0,1591,1542,0,1789806888944,1789806888954,10,False,7,7859818,1,0,6013,17367008,0,0,0,0,2470845,10551,0,0,0,0,0
3,save at NativeMethodAccessorImpl.java:0,1593,1544,0,1789806888947,1789806888957,10,False,7,7274177,1,0,6013,17367008,0,0,0,0,2099594,8968,0,0,0,0,0
3,save at NativeMethodAccessorImpl.java:0,1592,1543,0,1789806888947,1789806888957,10,False,8,8200917,1,0,6013,17367008,0,0,0,0,2481130,10597,0,0,0,0,0
3,save at NativeMethodAccessorImpl.java:0,1594,1545,0,1789806888951,1789806888961,10,False,7,7525924,1,0,6013,17367008,0,0,0,0,2137437,9128,0,0,0,0,0
3,save at NativeMethodAccessorImpl.java:0,1595,1546,0,1789806888954,1789806888963,9,False,7,7108056,1,0,6013,17367008,0,0,0,0,2130097,9094,0,0,0,0,0
3,save at NativeMethodAccessorImpl.java:0,1597,1548,0,1789806888957,1789806888963,6,False,4,4274438,1,0,6013,17104864,0,0,0,0,1063764,4541,0,0,0,0,0
3,save at NativeMethodAccessorImpl.java:0,1596,1547,0,1789806888956,1789806888966,10,False,7,7239698,1,0,6013,17367008,0,0,0,0,2063237,8813,0,0,0,0,0
3,save at NativeMethodAccessorImpl.java:0,1600,1551,0,1789806888963,1789806888970,7,False,5,5226828,1,0,6013,17104864,0,0,0,0,1378232,5869,0,0,0,0,0
3,save at NativeMethodAccessorImpl.java:0,1598,1549,0,1789806888961,1789806888972,11,False,9,9265044,1,0,6013,17367008,0,0,0,0,2821271,12069,0,0,0,0,0
3,save at NativeMethodAccessorImpl.java:0,1599,1550,0,1789806888963,1789806888973,10,False,7,7948503,1,0,6013,17367008,0,0,0,0,2449981,10458,0,0,0,0,0
3,save at NativeMethodAccessorImpl.java:0,1601,1552,0,1789806888965,1789806888976,11,False,8,8020446,1,0,6013,17367008,0,0,0,0,2443201,10435,0,0,0,0,0
3,save at NativeMethodAccessorImpl.java:0,1602,1553,0,1789806888970,1789806888982,12,False,6,6140333,1,0,6013,17104864,0,0,0,0,1732383,7407,0,0,0,0,0
3,save at NativeMethodAccessorImpl.java:0,1603,1554,0,1789806888972,1789806888987,15,False,11,6089960,1,5,6056,17104864,0,0,0,0,1400118,5967,0,0,0,0,0
3,save at NativeMethodAccessorImpl.java:0,1605,1556,0,1789806888976,1789806888991,15,False,13,7982656,1,5,6056,17104864,0,0,0,0,1386949,5907,0,0,0,0,0
3,save at NativeMethodAccessorImpl.java:0,1604,1555,0,1789806888973,1789806888992,19,False,17,12165391,1,5,6056,17367008,0,0,0,0,3453069,14753,0,0,0,0,0
3,save at NativeMethodAccessorImpl.java:0,1609,1560,0,1789806888992,1789806888997,5,False,2,2610648,1,0,6013,16908256,0,0,0,0,365932,1532,0,0,0,0,0
3,save at NativeMethodAccessorImpl.java:0,1607,1558,0,1789806888987,1789806888997,10,False,7,7402154,1,0,6013,17104864,0,0,0,0,1757208,7520,0,0,0,0,0
3,save at NativeMethodAccessorImpl.java:0,1608,1559,0,1789806888991,1789806889000,9,False,5,5442048,2,0,6013,16973792,0,0,0,0,713060,3043,0,0,0,0,0
3,save at NativeMethodAccessorImpl.java:0,1606,1557,0,1789806888982,1789806889000,18,False,12,12218642,5,2,6056,17104864,0,0,0,0,1753620,7504,0,0,0,0,0
3,save at NativeMethodAccessorImpl.java:0,1610,1561,0,1789806888997,1789806889006,9,False,6,6532915,1,0,6013,17104864,0,0,0,0,1756983,7518,0,0,0,0,0
3,save at NativeMethodAccessorImpl.java:0,1611,1562,0,1789806888997,1789806889007,10,False,7,7789369,1,0,6013,17367008,0,0,0,0,2131182,9094,0,0,0,0,0
3,save at NativeMethodAccessorImpl.java:0,1612,1563,0,1789806889000,1789806889019,19,False,14,10786421,2,3,6056,17104864,0,0,0,0,1755978,7513,0,0,0,0,0
3,save at NativeMethodAccessorImpl.java:0,1615,1566,0,1789806889007,1789806889019,12,False,9,6231704,1,3,6056,17104864,0,0,0,0,1737174,7430,0,0,0,0,0
3,save at NativeMethodAccessorImpl.java:0,1613,1564,0,1789806889000,1789806889019,19,False,13,10069553,2,3,6056,17104864,0,0,0,0,1773988,7592,0,0,0,0,0
3,save at NativeMethodAccessorImpl.java:0,1614,1565,0,1789806889006,1789806889019,13,False,11,7707174,1,3,6056,17367008,0,0,0,0,2116306,9037,0,0,0,0,0
3,save at NativeMethodAccessorImpl.java:0,1618,1569,0,1789806889019,1789806889028,9,False,5,5617045,2,1,6056,17104864,0,0,0,0,1017425,4349,0,0,0,0,0
3,save at NativeMethodAccessorImpl.java:0,1617,1568,0,1789806889019,1789806889031,12,False,8,8383562,3,1,6056,17104864,0,0,0,0,1377935,5870,0,0,0,0,0
3,save at NativeMethodAccessorImpl.java:0,1616,1567,0,1789806889018,1789806889031,13,False,8,8475942,3,1,6056,17104864,0,0,0,0,1405498,5988,0,0,0,0,0
3,save at NativeMethodAccessorImpl.java:0,1619,1570,0,1789806889019,1789806889031,12,False,9,9365682,1,1,6056,17367008,0,0,0,0,2402037,10258,0,0,0,0,0
3,save at NativeMethodAccessorImpl.java:0,1620,1571,0,1789806889027,1789806889036,9,False,6,6039070,1,0,6013,17104864,0,0,0,0,1747411,7472,0,0,0,0,0
3,save at NativeMethodAccessorImpl.java:0,1624,1575,0,1789806889036,1789806889039,3,False,0,893853,1,0,5970,65536,0,0,0,0,0,0,0,0,0,0,0
3,save at NativeMethodAccessorImpl.java:0,1621,1572,0,1789806889031,1789806889041,10,False,6,6590870,2,0,6013,17104864,0,0,0,0,1057704,4515,0,0,0,0,0
3,save at NativeMethodAccessorImpl.java:0,1622,1573,0,1789806889031,1789806889042,11,False,9,9002962,1,0,6013,17367008,0,0,0,0,2775219,11874,0,0,0,0,0
3,save at NativeMethodAccessorImpl.java:0,1625,1576,0,1789806889038,1789806889048,10,False,7,7290986,1,0,6013,17367008,0,0,0,0,2111002,9014,0,0,0,0,0
3,save at NativeMethodAccessorImpl.java:0,1627,1578,0,1789806889042,1789806889050,8,False,5,5268325,1,0,6013,17104864,0,0,0,0,1387045,5907,0,0,0,0,0
3,save at NativeMethodAccessorImpl.java:0,1623,1574,0,1789806889031,1789806889052,21,False,17,17978941,2,0,6013,17891296,0,0,0,0,3845410,16437,0,0,0,0,0
3,save at NativeMethodAccessorImpl.java:0,1628,1579,0,1789806889048,1789806889053,5,False,3,3433208,1,0,6013,16973792,0,0,0,0,721074,3076,0,0,0,0,0
3,save at NativeMethodAccessorImpl.java:0,1629,1580,0,1789806889049,1789806889059,10,False,7,7293651,1,0,6013,17367008,0,0,0,0,2133672,9109,0,0,0,0,0
3,save at NativeMethodAccessorImpl.java:0,1626,1577,0,1789806889041,1789806889059,18,False,14,14896005,2,0,6013,17367008,0,0,0,0,3197186,13650,0,0,0,0,0
3,save at NativeMethodAccessorImpl.java:0,1631,1582,0,1789806889053,1789806889062,9,False,6,6960835,1,0,6013,17367008,0,0,0,0,2087965,8921,0,0,0,0,0
3,save at NativeMethodAccessorImpl.java:0,1630,1581,0,1789806889052,1789806889063,11,False,7,7575689,2,0,6013,17104864,0,0,0,0,1414381,6027,0,0,0,0,0
3,save at NativeMethodAccessorImpl.java:0,1632,1583,0,1789806889059,1789806889066,7,False,5,5260482,1,0,6013,17104864,0,0,0,0,1444787,6156,0,0,0,0,0
3,save at NativeMethodAccessorImpl.java:0,1634,1585,0,1789806889062,1789806889069,7,False,5,5140179,1,0,6013,17104864,0,0,0,0,1409499,6005,0,0,0,0,0
3,save at NativeMethodAccessorImpl.java:0,1633,1584,0,1789806889059,1789806889070,11,False,8,8318143,2,0,6013,17104864,0,0,0,0,1735288,7426,0,0,0,0,0
3,save at NativeMethodAccessorImpl.java:0,1636,1587,0,1789806889066,1789806889072,6,False,4,4541426,1,0,6013,17104864,0,0,0,0,1074337,4585,0,0,0,0,0
3,save at NativeMethodAccessorImpl.java:0,1635,1586,0,1789806889063,1789806889074,11,False,7,7850865,2,0,6013,17367008,0,0,0,0,2128989,9090,0,0,0,0,0
3,save at NativeMethodAccessorImpl.java:0,1637,1588,0,1789806889069,1789806889078,9,False,7,7131431,1,0,6013,17367008,0,0,0,0,2122312,9062,0,0,0,0,0
3,save at NativeMethodAccessorImpl.java:0,1640,1591,0,1789806889074,1789806889082,8,False,5,5916240,1,0,6013,17104864,0,0,0,0,1718082,7346,0,0,0,0,0
3,save at NativeMethodAccessorImpl.java:0,1639,1590,0,1789806889072,1789806889082,10,False,7,7281494,1,0,6013,17367008,0,0,0,0,2118115,9040,0,0,0,0,0
3,save at NativeMethodAccessorImpl.java:0,1638,1589,0,1789806889070,1789806889084,14,False,11,11805474,1,0,6013,17367008,0,0,0,0,2109034,9006,0,0,0,0,0
3,save at NativeMethodAccessorImpl.java:0,1641,1592,0,1789806889078,1789806889087,9,False,6,6155787,1,0,6013,17104864,0,0,0,0,1743956,7456,0,0,0,0,0
3,save at NativeMethodAccessorImpl.java:0,1642,1593,0,1789806889081,1789806889091,10,False,7,7203402,1,0,6013,17367008,0,0,0,0,2084977,8905,0,0,0,0,0
3,save at NativeMethodAccessorImpl.java:0,1643,1594,0,1789806889082,1789806889091,9,False,7,7053964,1,0,6013,17367008,0,0,0,0,2111846,9021,0,0,0,0,0
3,save at NativeMethodAccessorImpl.java:0,1645,1596,0,1789806889086,1789806889092,6,False,3,3384824,1,0,6013,16973792,0,0,0,0,701846,2993,0,0,0,0,0
3,save at NativeMethodAccessorImpl.java:0,1644,1595,0,1789806889084,1789806889093,9,False,6,6393745,1,0,6013,17104864,0,0,0,0,1763576,7542,0,0,0,0,0
3,save at NativeMethodAccessorImpl.java:0,1646,1597,0,1789806889091,1789806889097,6,False,4,4247647,1,0,6013,17104864,0,0,0,0,1059004,4523,0,0,0,0,0
3,save at NativeMethodAccessorImpl.java:0,1647,1598,0,1789806889091,1789806889101,10,False,8,8141670,1,0,6013,17367008,0,0,0,0,2456599,10490,0,0,0,0,0
3,save at NativeMethodAccessorImpl.java:0,1649,1600,0,1789806889093,1789806889103,10,False,7,7984088,1,0,6013,17367008,0,0,0,0,2462951,10521,0,0,0,0,0
3,save at NativeMethodAccessorImpl.java:0,1648,1599,0,1789806889092,1789806889104,12,False,9,9765081,1,0,6013,17367008,0,0,0,0,3143371,13430,0,0,0,0,0
3,save at NativeMethodAccessorImpl.java:0,1650,1601,0,1789806889097,1789806889104,7,False,4,4365108,1,0,6013,17104864,0,0,0,0,1033861,4418,0,0,0,0,0
3,save at NativeMethodAccessorImpl.java:0,1652,1603,0,1789806889103,1789806889110,7,False,5,5243208,1,0,6013,17104864,0,0,0,0,1383976,5896,0,0,0,0,0
3,save at NativeMethodAccessorImpl.java:0,1651,1602,0,1789806889101,1789806889111,10,False,7,7126938,1,0,6013,17367008,0,0,0,0,2048888,8757,0,0,0,0,0
3,save at NativeMethodAccessorImpl.java:0,1653,1604,0,1789806889104,1789806889112,8,False,6,6053771,1,0,6013,17104864,0,0,0,0,1729975,7395,0,0,0,0,0
3,save at NativeMethodAccessorImpl.java:0,1655,1606,0,1789806889110,1789806889117,7,False,5,5270210,1,0,6013,17104864,0,0,0,0,1413393,6018,0,0,0,0,0
3,save at NativeMethodAccessorImpl.java:0,1657,1608,0,1789806889112,1789806889120,8,False,6,6057243,1,0,6013,17104864,0,0,0,0,1758509,7525,0,0,0,0,0
3,save at NativeMethodAccessorImpl.java:0,1654,1605,0,1789806889104,1789806889120,16,False,12,12278987,2,0,6013,17367008,0,0,0,0,2475781,10572,0,0,0,0,0
3,save at NativeMethodAccessorImpl.java:0,1656,1607,0,1789806889110,1789806889120,10,False,7,7223556,1,0,6013,17367008,0,0,0,0,2095599,8951,0,0,0,0,0
3,save at NativeMethodAccessorImpl.java:0,1658,1609,0,1789806889117,1789806889125,8,False,6,6035581,1,0,6013,17104864,0,0,0,0,1720563,7358,0,0,0,0,0
3,save at NativeMethodAccessorImpl.java:0,1661,1612,0,1789806889120,1789806889126,6,False,4,4295056,1,0,6013,17104864,0,0,0,0,1046736,4472,0,0,0,0,0
3,save at NativeMethodAccessorImpl.java:0,1659,1610,0,1789806889120,1789806889126,6,False,4,4393956,1,0,6013,17104864,0,0,0,0,1063563,4540,0,0,0,0,0
3,save at NativeMethodAccessorImpl.java:0,1660,1611,0,1789806889120,1789806889128,8,False,5,5029757,2,0,6013,16973792,0,0,0,0,714218,3046,0,0,0,0,0
3,save at NativeMethodAccessorImpl.java:0,1664,1615,0,1789806889126,1789806889129,3,False,0,888973,1,0,5970,65536,0,0,0,0,0,0,0,0,0,0,0
3,save at NativeMethodAccessorImpl.java:0,1662,1613,0,1789806889125,1789806889132,7,False,5,5244121,1,0,6013,17104864,0,0,0,0,1392437,5933,0,0,0,0,0
3,save at NativeMethodAccessorImpl.java:0,1666,1617,0,1789806889129,1789806889133,4,False,2,2412143,1,0,6013,16908256,0,0,0,0,375540,1573,0,0,0,0,0
3,save at NativeMethodAccessorImpl.java:0,1663,1614,0,1789806889126,1789806889135,9,False,7,7319888,1,0,6013,17367008,0,0,0,0,2128053,9086,0,0,0,0,0
3,save at NativeMethodAccessorImpl.java:0,1665,1616,0,1789806889128,1789806889137,9,False,6,6381735,2,0,6013,17104864,0,0,0,0,1049268,4479,0,0,0,0,0
3,save at NativeMethodAccessorImpl.java:0,1667,1618,0,1789806889132,1789806889140,8,False,6,6076943,1,0,6013,17104864,0,0,0,0,1744687,7467,0,0,0,0,0
3,save at NativeMethodAccessorImpl.java:0,1668,1619,0,1789806889133,1789806889143,10,False,8,8035283,1,0,6013,17367008,0,0,0,0,2434781,10395,0,0,0,0,0
3,save at NativeMethodAccessorImpl.java:0,1669,1620,0,1789806889135,1789806889144,9,False,6,6304412,1,0,6013,17104864,0,0,0,0,1757504,7521,0,0,0,0,0
3,save at NativeMethodAccessorImpl.java:0,1671,1622,0,1789806889140,1789806889150,10,False,8,8059271,1,0,6013,17367008,0,0,0,0,2453359,10479,0,0,0,0,0
3,save at NativeMethodAccessorImpl.java:0,1673,1624,0,1789806889143,1789806889152,9,False,6,6122787,1,0,6013,17104864,0,0,0,0,1732594,7411,0,0,0,0,0
3,save at NativeMethodAccessorImpl.java:0,1672,1623,0,1789806889143,1789806889152,9,False,7,7048719,1,0,6013,17367008,0,0,0,0,2089583,8921,0,0,0,0,0
3,save at NativeMethodAccessorImpl.java:0,1675,1626,0,1789806889151,1789806889157,6,False,3,3217574,1,0,6013,16973792,0,0,0,0,686287,2921,0,0,0,0,0
3,save at NativeMethodAccessorImpl.java:0,1670,1621,0,1789806889137,1789806889157,20,False,16,16259818,2,0,6013,17367008,0,0,0,0,3465778,14807,0,0,0,0,0
3,save at NativeMethodAccessorImpl.java:0,1674,1625,0,1789806889150,1789806889159,9,False,7,7239468,1,0,6013,17367008,0,0,0,0,2091986,8938,0,0,0,0,0
3,save at NativeMethodAccessorImpl.java:0,1676,1627,0,1789806889152,1789806889162,10,False,8,8073743,1,0,6013,17367008,0,0,0,0,2461315,10512,0,0,0,0,0
3,save at NativeMethodAccessorImpl.java:0,1677,1628,0,1789806889157,1789806889163,6,False,4,4565080,1,0,6013,17104864,0,0,0,0,1069032,4564,0,0,0,0,0
3,save at NativeMethodAccessorImpl.java:0,1678,1629,0,1789806889157,1789806889163,6,False,3,3537736,2,0,6013,16973792,0,0,0,0,708908,3021,0,0,0,0,0
3,save at NativeMethodAccessorImpl.java:0,1679,1630,0,1789806889159,1789806889166,7,False,5,5095100,1,0,6013,17104864,0,0,0,0,1391876,5929,0,0,0,0,0
3,save at NativeMethodAccessorImpl.java:0,1682,1633,0,1789806889163,1789806889169,6,False,3,3299838,1,0,6013,16973792,0,0,0,0,715841,3052,0,0,0,0,0
3,save at NativeMethodAccessorImpl.java:0,1681,1632,0,1789806889163,1789806889170,7,False,5,5178468,1,0,6013,17104864,0,0,0,0,1382806,5889,0,0,0,0,0
3,save at NativeMethodAccessorImpl.java:0,1680,1631,0,1789806889162,1789806889170,8,False,6,6008140,1,0,6013,17104864,0,0,0,0,1767471,7562,0,0,0,0,0
3,save at NativeMethodAccessorImpl.java:0,1683,1634,0,1789806889166,1789806889173,7,False,4,4248280,1,0,6013,17104864,0,0,0,0,1036438,4428,0,0,0,0,0
3,save at NativeMethodAccessorImpl.java:0,1684,1635,0,1789806889169,1789806889175,6,False,4,4293691,1,0,6013,17104864,0,0,0,0,1059715,4521,0,0,0,0,0
3,save at NativeMethodAccessorImpl.java:0,1685,1636,0,1789806889170,1789806889177,7,False,5,5084378,1,0,6013,17104864,0,0,0,0,1403396,5979,0,0,0,0,0
3,save at NativeMethodAccessorImpl.java:0,1686,1637,0,1789806889170,1789806889179,9,False,6,6233629,1,0,6013,17104864,0,0,0,0,1707015,7297,0,0,0,0,0
3,save at NativeMethodAccessorImpl.java:0,1687,1638,0,1789806889172,1789806889179,7,False,4,4218832,1,0,6013,17104864,0,0,0,0,1044383,4462,0,0,0,0,0
3,save at NativeMethodAccessorImpl.java:0,1688,1639,0,1789806889175,1789806889182,7,False,4,4544787,1,0,6013,17104864,0,0,0,0,1040144,4443,0,0,0,0,0
3,save at NativeMethodAccessorImpl.java:0,1689,1640,0,1789806889177,1789806889182,5,False,2,2293077,1,0,6013,16908256,0,0,0,0,365713,1531,0,0,0,0,0
3,save at NativeMethodAccessorImpl.java:0,1691,1642,0,1789806889179,1789806889184,5,False,3,3335305,1,0,6013,16973792,0,0,0,0,709918,3027,0,0,0,0,0
3,save at NativeMethodAccessorImpl.java:0,1692,1643,0,1789806889181,1789806889186,5,False,2,2332492,1,0,6013,16908256,0,0,0,0,351350,1469,0,0,0,0,0
3,save at NativeMethodAccessorImpl.java:0,1693,1644,0,1789806889182,1789806889187,5,False,3,3392377,1,0,6013,16973792,0,0,0,0,724630,3090,0,0,0,0,0
3,save at NativeMethodAccessorImpl.java:0,1690,1641,0,1789806889179,1789806889188,9,False,7,7823901,1,0,6013,17367008,0,0,0,0,2408636,10289,0,0,0,0,0
3,save at NativeMethodAccessorImpl.java:0,1694,1645,0,1789806889184,1789806889197,13,False,11,8064695,1,3,6056,17367008,0,0,0,0,2417389,10319,0,0,0,0,0
3,save at NativeMethodAccessorImpl.java:0,1697,1648,0,1789806889188,1789806889198,10,False,3,3303153,5,3,6056,16973792,0,0,0,0,683898,2912,0,0,0,0,0
3,save at NativeMethodAccessorImpl.java:0,1696,1647,0,1789806889187,1789806889198,11,False,8,5382516,1,3,6056,17104864,0,0,0,0,1413859,6019,0,0,0,0,0
3,save at NativeMethodAccessorImpl.java:0,1695,1646,0,1789806889186,1789806889199,13,False,11,8235179,1,3,6056,17367008,0,0,0,0,2446133,10449,0,0,0,0,0
3,save at NativeMethodAccessorImpl.java:0,1698,1649,0,1789806889197,1789806889203,6,False,3,3404277,1,0,6013,16973792,0,0,0,0,702090,2992,0,0,0,0,0
3,save at NativeMethodAccessorImpl.java:0,1700,1651,0,1789806889198,1789806889204,6,False,4,4183796,1,0,6013,17104864,0,0,0,0,1029734,4401,0,0,0,0,0
3,save at NativeMethodAccessorImpl.java:0,1699,1650,0,1789806889197,1789806889205,8,False,5,5243261,1,0,6013,17104864,0,0,0,0,1376685,5863,0,0,0,0,0
3,save at NativeMethodAccessorImpl.java:0,1701,1652,0,1789806889199,1789806889206,7,False,4,4394888,1,0,6013,17104864,0,0,0,0,1055721,4508,0,0,0,0,0
3,save at NativeMethodAccessorImpl.java:0,1702,1653,0,1789806889203,1789806889208,5,False,3,3303375,1,0,6013,16973792,0,0,0,0,697078,2970,0,0,0,0,0
3,save at NativeMethodAccessorImpl.java:0,1705,1656,0,1789806889206,1789806889210,4,False,2,2335351,1,0,6013,16908256,0,0,0,0,366912,1538,0,0,0,0,0
3,save at NativeMethodAccessorImpl.java:0,1704,1655,0,1789806889205,1789806889211,6,False,4,4328105,1,0,6013,17104864,0,0,0,0,1081183,4614,0,0,0,0,0
3,save at NativeMethodAccessorImpl.java:0,1703,1654,0,1789806889204,1789806889214,10,False,7,7953460,1,0,6013,17367008,0,0,0,0,2424211,10344,0,0,0,0,0
3,save at NativeMethodAccessorImpl.java:0,1706,1657,0,1789806889208,1789806889218,10,False,7,7997991,1,0,6013,17367008,0,0,0,0,2445779,10448,0,0,0,0,0
3,save at NativeMethodAccessorImpl.java:0,1708,1659,0,1789806889211,1789806889219,8,False,6,6063227,1,0,6013,17104864,0,0,0,0,1730408,7402,0,0,0,0,0
3,save at NativeMethodAccessorImpl.java:0,1707,1658,0,1789806889210,1789806889220,10,False,8,8007298,1,0,6013,17367008,0,0,0,0,2415705,10311,0,0,0,0,0
3,save at NativeMethodAccessorImpl.java:0,1710,1661,0,1789806889218,1789806889223,5,False,2,2367391,1,0,6013,16908256,0,0,0,0,358764,1500,0,0,0,0,0
3,save at NativeMethodAccessorImpl.java:0,1709,1660,0,1789806889214,1789806889226,12,False,9,9799867,1,0,6013,17367008,0,0,0,0,3143418,13422,0,0,0,0,0
3,save at NativeMethodAccessorImpl.java:0,1713,1664,0,1789806889222,1789806889227,5,False,2,2251997,1,0,6013,16908256,0,0,0,0,349542,1461,0,0,0,0,0
3,save at NativeMethodAccessorImpl.java:0,1712,1663,0,1789806889220,1789806889229,9,False,7,7094159,1,0,6013,17367008,0,0,0,0,2098782,8958,0,0,0,0,0
3,save at NativeMethodAccessorImpl.java:0,1711,1662,0,1789806889219,1789806889229,10,False,7,7951786,1,0,6013,17367008,0,0,0,0,2444052,10434,0,0,0,0,0
3,save at NativeMethodAccessorImpl.java:0,1714,1665,0,1789806889226,1789806889233,7,False,5,5131595,1,0,6013,17104864,0,0,0,0,1412011,6015,0,0,0,0,0
3,save at NativeMethodAccessorImpl.java:0,1715,1666,0,1789806889227,1789806889235,8,False,6,6059268,1,0,6013,17104864,0,0,0,0,1725442,7384,0,0,0,0,0
3,save at NativeMethodAccessorImpl.java:0,1716,1667,0,1789806889229,1789806889235,6,False,4,4369871,1,0,6013,17104864,0,0,0,0,1040381,4444,0,0,0,0,0
3,save at NativeMethodAccessorImpl.java:0,1717,1668,0,1789806889229,1789806889240,11,False,8,8050060,1,0,6013,17367008,0,0,0,0,2477812,10583,0,0,0,0,0
3,save at NativeMethodAccessorImpl.java:0,1718,1669,0,1789806889233,1789806889241,8,False,6,6164994,1,0,6013,17104864,0,0,0,0,1748287,7479,0,0,0,0,0
3,save at NativeMethodAccessorImpl.java:0,1719,1670,0,1789806889235,1789806889245,10,False,7,7862477,1,0,6013,17367008,0,0,0,0,2418376,10327,0,0,0,0,0
3,save at NativeMethodAccessorImpl.java:0,1721,1672,0,1789806889239,1789806889245,6,False,3,3242257,1,0,6013,16973792,0,0,0,0,714709,3050,0,0,0,0,0
3,save at NativeMethodAccessorImpl.java:0,1720,1671,0,1789806889235,1789806889245,10,False,8,8201051,1,0,6013,17367008,0,0,0,0,2497817,10671,0,0,0,0,0
3,save at NativeMethodAccessorImpl.java:0,1722,1673,0,1789806889241,1789806889249,8,False,5,5972715,1,0,6013,17104864,0,0,0,0,1746911,7471,0,0,0,0,0
3,save at NativeMethodAccessorImpl.java:0,1725,1676,0,1789806889245,1789806889250,5,False,2,2399988,1,0,6013,16908256,0,0,0,0,387241,1625,0,0,0,0,0
3,save at NativeMethodAccessorImpl.java:0,1724,1675,0,1789806889245,1789806889251,6,False,4,4228405,1,0,6013,17104864,0,0,0,0,1037887,4432,0,0,0,0,0
3,save at NativeMethodAccessorImpl.java:0,1723,1674,0,1789806889245,1789806889255,10,False,8,8081150,1,0,6013,17367008,0,0,0,0,2443602,10441,0,0,0,0,0
3,save at NativeMethodAccessorImpl.java:0,1727,1678,0,1789806889250,1789806889255,5,False,3,3071729,1,0,6013,16973792,0,0,0,0,678167,2884,0,0,0,0,0
3,save at NativeMethodAccessorImpl.java:0,1728,1679,0,1789806889251,1789806889256,5,False,3,3300814,1,0,6013,16973792,0,0,0,0,685857,2921,0,0,0,0,0
3,save at NativeMethodAccessorImpl.java:0,1726,1677,0,1789806889249,1789806889257,8,False,6,6335071,1,0,6013,17104864,0,0,0,0,1779612,7618,0,0,0,0,0
3,save at NativeMethodAccessorImpl.java:0,1730,1681,0,1789806889255,1789806889263,8,False,6,6088515,1,0,6013,17104864,0,0,0,0,1751125,7491,0,0,0,0,0
3,save at NativeMethodAccessorImpl.java:0,1731,1682,0,1789806889256,1789806889263,7,False,5,5067345,1,0,6013,17104864,0,0,0,0,1413386,6020,0,0,0,0,0
3,save at NativeMethodAccessorImpl.java:0,1732,1683,0,1789806889257,1789806889263,6,False,4,4053329,1,0,6013,17104864,0,0,0,0,1025066,4378,0,0,0,0,0
3,save at NativeMethodAccessorImpl.java:0,1729,1680,0,1789806889255,1789806889265,10,False,8,8153536,1,0,6013,17367008,0,0,0,0,2436128,10403,0,0,0,0,0
3,save at NativeMethodAccessorImpl.java:0,1733,1684,0,1789806889263,1789806889271,8,False,6,6119153,1,0,6013,17104864,0,0,0,0,1750966,7493,0,0,0,0,0
3,save at NativeMethodAccessorImpl.java:0,1734,1685,0,1789806889263,1789806889272,9,False,7,7168669,1,0,6013,17367008,0,0,0,0,2139605,9134,0,0,0,0,0
3,save at NativeMethodAccessorImpl.java:0,1735,1686,0,1789806889263,1789806889273,10,False,7,7893514,1,0,6013,17367008,0,0,0,0,2438722,10414,0,0,0,0,0
3,save at NativeMethodAccessorImpl.java:0,1736,1687,0,1789806889265,1789806889275,10,False,7,7951256,1,0,6013,17367008,0,0,0,0,2428239,10365,0,0,0,0,0
3,save at NativeMethodAccessorImpl.java:0,1737,1688,0,1789806889271,1789806889276,5,False,3,3262200,1,0,6013,16973792,0,0,0,0,683793,2912,0,0,0,0,0
3,save at NativeMethodAccessorImpl.java:0,1739,1690,0,1789806889273,1789806889279,6,False,3,3351247,1,0,6013,16973792,0,0,0,0,733768,3132,0,0,0,0,0
3,save at NativeMethodAccessorImpl.java:0,1738,1689,0,1789806889272,1789806889279,7,False,5,5318514,1,0,6013,17104864,0,0,0,0,1397955,5953,0,0,0,0,0
3,save at NativeMethodAccessorImpl.java:0,1741,1692,0,1789806889276,1789806889281,5,False,3,3313002,1,0,6013,16973792,0,0,0,0,721251,3076,0,0,0,0,0
3,save at NativeMethodAccessorImpl.java:0,1740,1691,0,1789806889275,1789806889284,9,False,7,7785177,1,0,6013,17367008,0,0,0,0,2399937,10245,0,0,0,0,0
3,save at NativeMethodAccessorImpl.java:0,1742,1693,0,1789806889279,1789806889285,6,False,4,4160734,1,0,6013,17104864,0,0,0,0,1015172,4339,0,0,0,0,0
3,save at NativeMethodAccessorImpl.java:0,1743,1694,0,1789806889279,1789806889288,9,False,7,7208068,1,0,6013,17367008,0,0,0,0,2119037,9052,0,0,0,0,0
3,save at NativeMethodAccessorImpl.java:0,1744,1695,0,1789806889281,1789806889292,11,False,8,8886631,1,0,6013,17367008,0,0,0,0,2820755,12070,0,0,0,0,0
3,save at NativeMethodAccessorImpl.java:0,1745,1696,0,1789806889284,1789806889293,9,False,6,6269419,1,0,6013,17104864,0,0,0,0,1769968,7572,0,0,0,0,0
3,save at NativeMethodAccessorImpl.java:0,1746,1697,0,1789806889285,1789806889295,10,False,7,7937559,1,0,6013,17367008,0,0,0,0,2427216,10366,0,0,0,0,0
3,save at NativeMethodAccessorImpl.java:0,1747,1698,0,1789806889288,1789806889297,9,False,7,7112823,1,0,6013,17367008,0,0,0,0,2120181,9051,0,0,0,0,0
3,save at NativeMethodAccessorImpl.java:0,1749,1700,0,1789806889293,1789806889300,7,False,5,5325459,1,0,6013,17104864,0,0,0,0,1405164,5986,0,0,0,0,0
3,save at NativeMethodAccessorImpl.java:0,1748,1699,0,1789806889292,1789806889304,12,False,9,9809817,1,0,6013,17367008,0,0,0,0,3137737,13399,0,0,0,0,0
3,save at NativeMethodAccessorImpl.java:0,1750,1701,0,1789806889295,1789806889304,9,False,7,7881269,1,0,6013,17367008,0,0,0,0,2439543,10411,0,0,0,0,0
3,save at NativeMethodAccessorImpl.java:0,1751,1702,0,1789806889297,1789806889309,12,False,9,9791411,1,0,6013,17367008,0,0,0,0,3170546,13538,0,0,0,0,0
3,save at NativeMethodAccessorImpl.java:0,1753,1704,0,1789806889304,1789806889310,6,False,4,4215951,1,0,6013,17104864,0,0,0,0,1046662,4473,0,0,0,0,0
3,save at NativeMethodAccessorImpl.java:0,1752,1703,0,1789806889300,1789806889311,11,False,9,9197598,1,0,6013,17367008,0,0,0,0,2822700,12079,0,0,0,0,0
3,save at NativeMethodAccessorImpl.java:0,1754,1705,0,1789806889304,1789806889313,9,False,6,6170187,1,0,6013,17104864,0,0,0,0,1748145,7478,0,0,0,0,0
3,save at NativeMethodAccessorImpl.java:0,1755,1706,0,1789806889309,1789806889317,8,False,6,6099179,1,0,6013,17104864,0,0,0,0,1772441,7585,0,0,0,0,0
3,save at NativeMethodAccessorImpl.java:0,1757,1708,0,1789806889311,1789806889318,7,False,5,5192660,1,0,6013,17104864,0,0,0,0,1433748,6105,0,0,0,0,0
3,save at NativeMethodAccessorImpl.java:0,1758,1709,0,1789806889312,1789806889320,8,False,5,5163841,1,0,6013,17104864,0,0,0,0,1407555,5995,0,0,0,0,0
3,save at NativeMethodAccessorImpl.java:0,1756,1707,0,1789806889310,1789806889321,11,False,8,8090737,1,0,6013,17367008,0,0,0,0,2497810,10669,0,0,0,0,0
3,save at NativeMethodAccessorImpl.java:0,1761,1712,0,1789806889319,1789806889326,7,False,4,4136785,1,0,6013,17104864,0,0,0,0,1043512,4457,0,0,0,0,0
3,save at NativeMethodAccessorImpl.java:0,1760,1711,0,1789806889318,1789806889327,9,False,6,6049543,1,0,6013,17104864,0,0,0,0,1748652,7480,0,0,0,0,0
3,save at NativeMethodAccessorImpl.java:0,1759,1710,0,1789806889317,1789806889327,10,False,7,7006079,1,0,6013,17367008,0,0,0,0,2031065,8682,0,0,0,0,0
3,save at NativeMethodAccessorImpl.java:0,1762,1713,0,1789806889320,1789806889331,11,False,8,8761350,1,0,6013,17367008,0,0,0,0,2765820,11834,0,0,0,0,0
3,save at NativeMethodAccessorImpl.java:0,1765,1716,0,1789806889326,1789806889332,6,False,3,3227373,1,0,6013,16973792,0,0,0,0,692912,2951,0,0,0,0,0
3,save at NativeMethodAccessorImpl.java:0,1764,1715,0,1789806889326,1789806889335,9,False,6,6139338,1,0,6013,17104864,0,0,0,0,1753622,7505,0,0,0,0,0
3,save at NativeMethodAccessorImpl.java:0,1766,1717,0,1789806889331,1789806889338,7,False,4,4388334,1,0,6013,17104864,0,0,0,0,1051485,4488,0,0,0,0,0
3,save at NativeMethodAccessorImpl.java:0,1763,1714,0,1789806889326,1789806889339,13,False,10,10786940,1,0,6013,17367008,0,0,0,0,3537697,15125,0,0,0,0,0
3,save at NativeMethodAccessorImpl.java:0,1767,1718,0,1789806889332,1789806889340,8,False,6,6221711,1,0,6013,17104864,0,0,0,0,1746307,7471,0,0,0,0,0
3,save at NativeMethodAccessorImpl.java:0,1769,1720,0,1789806889338,1789806889344,6,False,4,4199500,1,0,6013,17104864,0,0,0,0,1055225,4507,0,0,0,0,0
3,save at NativeMethodAccessorImpl.java:0,1770,1721,0,1789806889339,1789806889345,6,False,4,4217675,1,0,6013,17104864,0,0,0,0,1052083,4492,0,0,0,0,0
3,save at NativeMethodAccessorImpl.java:0,1768,1719,0,1789806889335,1789806889345,10,False,8,8274426,1,0,6013,17367008,0,0,0,0,2481544,10598,0,0,0,0,0
3,save at NativeMethodAccessorImpl.java:0,1771,1722,0,1789806889340,1789806889348,8,False,6,6326434,1,0,6013,17104864,0,0,0,0,1395706,5947,0,0,0,0,0
3,save at NativeMethodAccessorImpl.java:0,1772,1723,0,1789806889344,1789806889351,7,False,3,3386573,2,0,6013,16908256,0,0,0,0,354525,1483,0,0,0,0,0
3,save at NativeMethodAccessorImpl.java:0,1774,1725,0,1789806889345,1789806889352,7,False,4,4297404,1,0,6013,17104864,0,0,0,0,1062492,4536,0,0,0,0,0
3,save at NativeMethodAccessorImpl.java:0,1773,1724,0,1789806889345,1789806889356,11,False,8,8930925,1,0,6013,17367008,0,0,0,0,2845265,12175,0,0,0,0,0
3,save at NativeMethodAccessorImpl.java:0,1777,1728,0,1789806889351,1789806889358,7,False,4,4216720,1,0,6013,17104864,0,0,0,0,1059452,4524,0,0,0,0,0
3,save at NativeMethodAccessorImpl.java:0,1776,1727,0,1789806889351,1789806889362,11,False,7,7930305,2,0,6013,17104864,0,0,0,0,1411545,6013,0,0,0,0,0
3,save at NativeMethodAccessorImpl.java:0,1778,1729,0,1789806889356,1789806889363,7,False,5,5136375,1,0,6013,17104864,0,0,0,0,1396284,5949,0,0,0,0,0
3,save at NativeMethodAccessorImpl.java:0,1775,1726,0,1789806889348,1789806889365,17,False,13,13606648,2,0,6013,17367008,0,0,0,0,2799706,11972,0,0,0,0,0
3,save at NativeMethodAccessorImpl.java:0,1779,1730,0,1789806889358,1789806889368,10,False,8,8266442,1,0,6013,17367008,0,0,0,0,2455957,10487,0,0,0,0,0
3,save at NativeMethodAccessorImpl.java:0,1781,1732,0,1789806889363,1789806889372,9,False,7,7026646,1,0,6013,17367008,0,0,0,0,2107073,8996,0,0,0,0,0
3,save at NativeMethodAccessorImpl.java:0,1780,1731,0,1789806889361,1789806889372,11,False,7,7746179,2,0,6013,17104864,0,0,0,0,1411043,6012,0,0,0,0,0
3,save at NativeMethodAccessorImpl.java:0,1782,1733,0,1789806889365,1789806889377,12,False,6,6106564,2,0,6013,17104864,0,0,0,0,1021665,4365,0,0,0,0,0
3,save at NativeMethodAccessorImpl.java:0,1783,1734,0,1789806889368,1789806889383,15,False,9,6749861,1,5,6099,17104864,0,0,0,0,1752124,7496,0,0,0,0,0
3,save at NativeMethodAccessorImpl.java:0,1784,1735,0,1789806889372,1789806889383,11,False,5,3952769,4,5,6056,16973792,0,0,0,0,705135,3005,0,0,0,0,0
3,save at NativeMethodAccessorImpl.java:0,1786,1737,0,1789806889377,1789806889391,14,False,8,8559773,4,2,6056,17104864,0,0,0,0,1058838,4521,0,0,0,0,0
3,save at NativeMethodAccessorImpl.java:0,1785,1736,0,1789806889372,1789806889395,23,False,16,14190869,5,5,6056,17367008,0,0,0,0,2454582,10481,0,0,0,0,0
3,save at NativeMethodAccessorImpl.java:0,1787,1738,0,1789806889383,1789806889397,14,False,10,10880136,1,0,6013,17367008,0,0,0,0,3169102,13536,0,0,0,0,0
3,save at NativeMethodAccessorImpl.java:0,1788,1739,0,1789806889383,1789806889401,18,False,14,14303911,2,0,6013,17367008,0,0,0,0,2803243,11994,0,0,0,0,0
3,save at NativeMethodAccessorImpl.java:0,1789,1740,0,1789806889391,1789806889404,13,False,8,8685150,3,0,6013,17104864,0,0,0,0,1402252,5973,0,0,0,0,0
3,save at NativeMethodAccessorImpl.java:0,1790,1741,0,1789806889395,1789806889407,12,False,8,8533451,2,0,6013,17104864,0,0,0,0,1422804,6061,0,0,0,0,0
3,save at NativeMethodAccessorImpl.java:0,1791,1742,0,1789806889396,1789806889408,12,False,8,8552905,1,0,6013,17367008,0,0,0,0,2471276,10556,0,0,0,0,0
3,save at NativeMethodAccessorImpl.java:0,1792,1743,0,1789806889401,1789806889413,12,False,9,9431552,2,0,6013,17104864,0,0,0,0,1787459,7652,0,0,0,0,0
3,save at NativeMethodAccessorImpl.java:0,1794,1745,0,1789806889406,1789806889422,16,False,11,7401517,2,3,6056,17104864,0,0,0,0,1071767,4577,0,0,0,0,0
3,save at NativeMethodAccessorImpl.java:0,1795,1746,0,1789806889407,1789806889422,15,False,11,7498225,1,3,6056,17367008,0,0,0,0,2094051,8944,0,0,0,0,0
3,save at NativeMethodAccessorImpl.java:0,1793,1744,0,1789806889404,1789806889422,18,False,15,11373449,2,3,6056,17367008,0,0,0,0,2097716,8958,0,0,0,0,0
3,save at NativeMethodAccessorImpl.java:0,1797,1748,0,1789806889422,1789806889430,8,False,5,5221524,2,0,6013,17104864,0,0,0,0,1386700,5908,0,0,0,0,0
3,save at NativeMethodAccessorImpl.java:0,1796,1747,0,1789806889413,1789806889430,17,False,14,10320502,2,3,6056,17104864,0,0,0,0,1397670,5954,0,0,0,0,0
3,save at NativeMethodAccessorImpl.java:0,1798,1749,0,1789806889422,1789806889433,11,False,6,6552644,3,0,6013,17104864,0,0,0,0,1031749,4406,0,0,0,0,0
3,save at NativeMethodAccessorImpl.java:0,1799,1750,0,1789806889422,1789806889437,15,False,11,10805888,3,0,6013,17367008,0,0,0,0,2118247,9046,0,0,0,0,0
3,save at NativeMethodAccessorImpl.java:0,1801,1752,0,1789806889430,1789806889438,8,False,5,5535327,1,0,6013,17104864,0,0,0,0,1407387,5996,0,0,0,0,0
3,save at NativeMethodAccessorImpl.java:0,1800,1751,0,1789806889430,1789806889439,9,False,6,6161033,2,0,6013,17104864,0,0,0,0,1740037,7444,0,0,0,0,0
3,save at NativeMethodAccessorImpl.java:0,1802,1753,0,1789806889433,1789806889442,9,False,6,6160715,2,0,6013,17104864,0,0,0,0,1054301,4501,0,0,0,0,0
3,save at NativeMethodAccessorImpl.java:0,1804,1755,0,1789806889438,1789806889445,7,False,5,5263867,1,0,6013,17104864,0,0,0,0,1416673,6032,0,0,0,0,0
3,save at NativeMethodAccessorImpl.java:0,1803,1754,0,1789806889437,1789806889448,11,False,7,7734589,2,0,6013,17104864,0,0,0,0,1426405,6076,0,0,0,0,0
3,save at NativeMethodAccessorImpl.java:0,1805,1756,0,1789806889439,1789806889448,9,False,7,7057248,1,0,6013,17367008,0,0,0,0,2148601,9171,0,0,0,0,0
3,save at NativeMethodAccessorImpl.java:0,1807,1758,0,1789806889445,1789806889453,8,False,6,6153250,1,0,6013,17104864,0,0,0,0,1764555,7550,0,0,0,0,0
3,save at NativeMethodAccessorImpl.java:0,1806,1757,0,1789806889442,1789806889454,12,False,8,8934196,2,0,6013,17104864,0,0,0,0,1728399,7393,0,0,0,0,0
3,save at NativeMethodAccessorImpl.java:0,1808,1759,0,1789806889448,1789806889456,8,False,5,5247012,2,0,6013,17104864,0,0,0,0,1069041,4563,0,0,0,0,0
3,save at NativeMethodAccessorImpl.java:0,1809,1760,0,1789806889448,1789806889457,9,False,7,7040257,1,0,6013,17367008,0,0,0,0,2088247,8920,0,0,0,0,0
3,save at NativeMethodAccessorImpl.java:0,1810,1761,0,1789806889453,1789806889463,10,False,7,7216002,1,0,6013,17367008,0,0,0,0,2095393,8952,0,0,0,0,0
3,save at NativeMethodAccessorImpl.java:0,1811,1762,0,1789806889454,1789806889463,9,False,7,7134785,1,0,6013,17367008,0,0,0,0,2070097,8842,0,0,0,0,0
3,save at NativeMethodAccessorImpl.java:0,1813,1764,0,1789806889457,1789806889465,8,False,5,5970820,1,0,6013,17104864,0,0,0,0,1785363,7644,0,0,0,0,0
3,save at NativeMethodAccessorImpl.java:0,1812,1763,0,1789806889456,1789806889466,10,False,7,7891851,1,0,6013,17367008,0,0,0,0,2442995,10434,0,0,0,0,0
3,save at NativeMethodAccessorImpl.java:0,1815,1766,0,1789806889463,1789806889467,4,False,2,2351984,1,0,6013,16908256,0,0,0,0,354213,1482,0,0,0,0,0
3,save at NativeMethodAccessorImpl.java:0,1814,1765,0,1789806889462,1789806889470,8,False,5,5361787,1,0,6013,17104864,0,0,0,0,1404619,5984,0,0,0,0,0
3,save at NativeMethodAccessorImpl.java:0,1816,1767,0,1789806889465,1789806889471,6,False,4,4132474,1,0,6013,17104864,0,0,0,0,1039393,4440,0,0,0,0,0
3,save at NativeMethodAccessorImpl.java:0,1817,1768,0,1789806889466,1789806889473,7,False,4,4977668,1,0,6013,17104864,0,0,0,0,1411504,6012,0,0,0,0,0
3,save at NativeMethodAccessorImpl.java:0,1818,1769,0,1789806889467,1789806889477,10,False,7,7798109,1,0,6013,17367008,0,0,0,0,2434214,10400,0,0,0,0,0
3,save at NativeMethodAccessorImpl.java:0,1819,1770,0,1789806889470,1789806889482,12,False,9,9910317,1,0,6013,17367008,0,0,0,0,3223485,13765,0,0,0,0,0
3,save at NativeMethodAccessorImpl.java:0,1821,1772,0,1789806889473,1789806889483,10,False,7,7996041,1,0,6013,17367008,0,0,0,0,2472043,10551,0,0,0,0,0
3,save at NativeMethodAccessorImpl.java:0,1820,1771,0,1789806889471,1789806889485,14,False,12,12621621,1,0,6013,17891296,0,0,0,0,4199290,17934,0,0,0,0,0
3,save at NativeMethodAccessorImpl.java:0,1822,1773,0,1789806889477,1789806889486,9,False,6,6942828,1,0,6013,17367008,0,0,0,0,2068544,8833,0,0,0,0,0
3,save at NativeMethodAccessorImpl.java:0,1823,1774,0,1789806889482,1789806889487,5,False,3,3480481,1,0,6013,16973792,0,0,0,0,706386,3012,0,0,0,0,0
3,save at NativeMethodAccessorImpl.java:0,1824,1775,0,1789806889482,1789806889490,8,False,5,5243431,1,0,6013,17104864,0,0,0,0,1391627,5929,0,0,0,0,0
3,save at NativeMethodAccessorImpl.java:0,1825,1776,0,1789806889485,1789806889494,9,False,6,6073414,1,0,6013,17104864,0,0,0,0,1745606,7473,0,0,0,0,0
3,save at NativeMethodAccessorImpl.java:0,1826,1777,0,1789806889486,1789806889494,8,False,6,6011668,1,0,6013,17104864,0,0,0,0,1732332,7410,0,0,0,0,0
3,save at NativeMethodAccessorImpl.java:0,1828,1779,0,1789806889490,1789806889496,6,False,4,4138118,1,0,6013,17104864,0,0,0,0,1006382,4305,0,0,0,0,0
3,save at NativeMethodAccessorImpl.java:0,1827,1778,0,1789806889487,1789806889497,10,False,7,7483159,1,0,6013,17367008,0,0,0,0,2119145,9048,0,0,0,0,0
3,save at NativeMethodAccessorImpl.java:0,1829,1780,0,1789806889493,1789806889499,6,False,3,3304631,1,0,6013,16973792,0,0,0,0,705052,3004,0,0,0,0,0
3,save at NativeMethodAccessorImpl.java:0,1830,1781,0,1789806889494,1789806889502,8,False,5,5907165,1,0,6013,17104864,0,0,0,0,1729040,7396,0,0,0,0,0
3,save at NativeMethodAccessorImpl.java:0,1832,1783,0,1789806889497,1789806889505,8,False,5,5948775,1,0,6013,17104864,0,0,0,0,1742255,7458,0,0,0,0,0
3,save at NativeMethodAccessorImpl.java:0,1831,1782,0,1789806889496,1789806889507,11,False,9,9373991,1,0,6013,17367008,0,0,0,0,3086268,13186,0,0,0,0,0
3,save at NativeMethodAccessorImpl.java:0,1833,1784,0,1789806889499,1789806889509,10,False,8,8660924,1,0,6013,17367008,0,0,0,0,2800936,11981,0,0,0,0,0
3,save at NativeMethodAccessorImpl.java:0,1834,1785,0,1789806889501,1789806889510,9,False,6,6021686,1,0,6013,17104864,0,0,0,0,1723590,7375,0,0,0,0,0
3,save at NativeMethodAccessorImpl.java:0,1836,1787,0,1789806889507,1789806889516,9,False,6,6034903,1,0,6013,17104864,0,0,0,0,1736106,7424,0,0,0,0,0
3,save at NativeMethodAccessorImpl.java:0,1835,1786,0,1789806889505,1789806889516,11,False,8,8717442,1,0,6013,17367008,0,0,0,0,2793607,11952,0,0,0,0,0
3,save at NativeMethodAccessorImpl.java:0,1838,1789,0,1789806889509,1789806889516,7,False,4,4203450,1,0,6013,17104864,0,0,0,0,1032582,4410,0,0,0,0,0
3,save at NativeMethodAccessorImpl.java:0,1837,1788,0,1789806889509,1789806889518,9,False,7,7040511,1,0,6013,17367008,0,0,0,0,2075163,8864,0,0,0,0,0
3,save at NativeMethodAccessorImpl.java:0,1841,1792,0,1789806889515,1789806889522,7,False,4,4302318,1,0,6013,17104864,0,0,0,0,1049564,4482,0,0,0,0,0
3,save at NativeMethodAccessorImpl.java:0,1839,1790,0,1789806889515,1789806889524,9,False,6,6972129,1,0,6013,17367008,0,0,0,0,2084547,8906,0,0,0,0,0
3,save at NativeMethodAccessorImpl.java:0,1842,1793,0,1789806889518,1789806889527,9,False,6,6993459,1,0,6013,17367008,0,0,0,0,2098468,8967,0,0,0,0,0
3,save at NativeMethodAccessorImpl.java:0,1843,1794,0,1789806889522,1789806889531,9,False,6,6723161,1,0,6013,17367008,0,0,0,0,2022314,8644,0,0,0,0,0
3,save at NativeMethodAccessorImpl.java:0,1844,1795,0,1789806889524,1789806889532,8,False,6,6225313,1,0,6013,17104864,0,0,0,0,1725538,7380,0,0,0,0,0
3,save at NativeMethodAccessorImpl.java:0,1845,1796,0,1789806889527,1789806889537,10,False,7,7854937,1,0,6013,17367008,0,0,0,0,2100238,8973,0,0,0,0,0
3,save at NativeMethodAccessorImpl.java:0,1847,1798,0,1789806889532,1789806889540,8,False,5,5443483,1,0,6013,17104864,0,0,0,0,1407612,5999,0,0,0,0,0
3,save at NativeMethodAccessorImpl.java:0,1846,1797,0,1789806889530,1789806889540,10,False,7,7740058,1,0,6013,17367008,0,0,0,0,2129064,9092,0,0,0,0,0
3,save at NativeMethodAccessorImpl.java:0,1848,1799,0,1789806889537,1789806889545,8,False,5,5577667,1,0,6013,17104864,0,0,0,0,1401198,5970,0,0,0,0,0
3,save at NativeMethodAccessorImpl.java:0,1850,1801,0,1789806889540,1789806889545,5,False,2,2811919,1,0,6013,16908256,0,0,0,0,356112,1490,0,0,0,0,0
3,save at NativeMethodAccessorImpl.java:0,1849,1800,0,1789806889540,1789806889552,12,False,10,10075397,1,0,6013,17367008,0,0,0,0,2157635,9209,0,0,0,0,0
3,save at NativeMethodAccessorImpl.java:0,1851,1802,0,1789806889544,1789806889555,11,False,8,8551093,1,0,6013,17104864,0,0,0,0,1765303,7554,0,0,0,0,0
3,save at NativeMethodAccessorImpl.java:0,1853,1804,0,1789806889552,1789806889557,5,False,3,3308870,1,0,6013,16973792,0,0,0,0,726823,3102,0,0,0,0,0
3,save at NativeMethodAccessorImpl.java:0,1852,1803,0,1789806889545,1789806889558,13,False,10,10525085,1,0,6013,17367008,0,0,0,0,2472331,10565,0,0,0,0,0
3,save at NativeMethodAccessorImpl.java:0,1854,1805,0,1789806889555,1789806889563,8,False,6,6038140,1,0,6013,17104864,0,0,0,0,1748798,7484,0,0,0,0,0
3,save at NativeMethodAccessorImpl.java:0,1855,1806,0,1789806889557,1789806889565,8,False,6,6084356,1,0,6013,17104864,0,0,0,0,1762375,7540,0,0,0,0,0
3,save at NativeMethodAccessorImpl.java:0,1857,1808,0,1789806889563,1789806889570,7,False,4,4363832,1,0,6013,17104864,0,0,0,0,1032113,4410,0,0,0,0,0
3,save at NativeMethodAccessorImpl.java:0,1856,1807,0,1789806889558,1789806889571,13,False,10,10789906,1,0,6013,17367008,0,0,0,0,3466031,14812,0,0,0,0,0
3,save at NativeMethodAccessorImpl.java:0,1858,1809,0,1789806889565,1789806889571,6,False,4,4347382,1,0,6013,17104864,0,0,0,0,1057374,4514,0,0,0,0,0
3,save at NativeMethodAccessorImpl.java:0,1861,1812,0,1789806889571,1789806889578,7,False,4,4213666,1,0,6013,17104864,0,0,0,0,1041713,4450,0,0,0,0,0
3,save at NativeMethodAccessorImpl.java:0,1859,1810,0,1789806889569,1789806889578,9,False,6,6347951,1,0,6013,17104864,0,0,0,0,1792939,7669,0,0,0,0,0
3,save at NativeMethodAccessorImpl.java:0,1860,1811,0,1789806889571,1789806889583,12,False,9,9729552,1,0,6013,17367008,0,0,0,0,3136017,13398,0,0,0,0,0
3,save at NativeMethodAccessorImpl.java:0,1863,1814,0,1789806889578,1789806889586,8,False,5,5482855,1,0,6013,17104864,0,0,0,0,1432537,6104,0,0,0,0,0
3,save at NativeMethodAccessorImpl.java:0,1862,1813,0,1789806889578,1789806889587,9,False,7,7299427,1,0,6013,17367008,0,0,0,0,2109102,9008,0,0,0,0,0
3,save at NativeMethodAccessorImpl.java:0,1864,1815,0,1789806889583,1789806889589,6,False,4,4334561,1,0,6013,17104864,0,0,0,0,1036922,4430,0,0,0,0,0
3,save at NativeMethodAccessorImpl.java:0,1866,1817,0,1789806889587,1789806889594,7,False,4,4190255,1,0,6013,17104864,0,0,0,0,1054362,4500,0,0,0,0,0
3,save at NativeMethodAccessorImpl.java:0,1865,1816,0,1789806889585,1789806889597,12,False,9,9001125,1,0,6013,17367008,0,0,0,0,2778129,11889,0,0,0,0,0
3,save at NativeMethodAccessorImpl.java:0,1867,1818,0,1789806889589,1789806889599,10,False,7,7074952,1,0,6013,17367008,0,0,0,0,2101575,8976,0,0,0,0,0
3,save at NativeMethodAccessorImpl.java:0,1869,1820,0,1789806889597,1789806889603,6,False,4,4342726,1,0,6013,17104864,0,0,0,0,1056065,4509,0,0,0,0,0
3,save at NativeMethodAccessorImpl.java:0,1868,1819,0,1789806889593,1789806889608,15,False,12,9145669,1,3,6056,17367008,0,0,0,0,2772340,11854,0,0,0,0,0
3,save at NativeMethodAccessorImpl.java:0,1871,1822,0,1789806889603,1789806889612,9,False,6,3598132,1,3,6056,16973792,0,0,0,0,702146,2991,0,0,0,0,0
3,save at NativeMethodAccessorImpl.java:0,1870,1821,0,1789806889598,1789806889615,17,False,14,10775365,1,3,6056,17367008,0,0,0,0,3500685,14965,0,0,0,0,0
3,save at NativeMethodAccessorImpl.java:0,1872,1823,0,1789806889608,1789806889616,8,False,6,6185202,1,0,6013,17104864,0,0,0,0,1763968,7547,0,0,0,0,0
3,save at NativeMethodAccessorImpl.java:0,1873,1824,0,1789806889612,1789806889619,7,False,5,5413388,1,0,6013,17104864,0,0,0,0,1430561,6098,0,0,0,0,0
3,save at NativeMethodAccessorImpl.java:0,1874,1825,0,1789806889614,1789806889620,6,False,3,3208281,1,0,6013,16973792,0,0,0,0,693667,2955,0,0,0,0,0
3,save at NativeMethodAccessorImpl.java:0,1875,1826,0,1789806889616,1789806889626,10,False,8,8018139,1,0,6013,17367008,0,0,0,0,2448918,10458,0,0,0,0,0
3,save at NativeMethodAccessorImpl.java:0,1876,1827,0,1789806889619,1789806889626,7,False,5,5205785,1,0,6013,17104864,0,0,0,0,1391333,5925,0,0,0,0,0
3,save at NativeMethodAccessorImpl.java:0,1877,1828,0,1789806889620,1789806889628,8,False,5,5955655,1,0,6013,17104864,0,0,0,0,1719463,7357,0,0,0,0,0
3,save at NativeMethodAccessorImpl.java:0,1878,1829,0,1789806889626,1789806889633,7,False,5,5184430,1,0,6013,17104864,0,0,0,0,1435516,6120,0,0,0,0,0
3,save at NativeMethodAccessorImpl.java:0,1880,1831,0,1789806889627,1789806889635,8,False,5,5062078,1,0,6013,17104864,0,0,0,0,1405462,5988,0,0,0,0,0
3,save at NativeMethodAccessorImpl.java:0,1879,1830,0,1789806889626,1789806889639,13,False,10,10836191,1,0,6013,17367008,0,0,0,0,3535791,15108,0,0,0,0,0
3,save at NativeMethodAccessorImpl.java:0,1881,1832,0,1789806889633,1789806889641,8,False,5,5215104,1,0,6013,17104864,0,0,0,0,1388713,5916,0,0,0,0,0
3,save at NativeMethodAccessorImpl.java:0,1882,1833,0,1789806889634,1789806889646,12,False,9,9020449,1,0,6013,17367008,0,0,0,0,2816176,12050,0,0,0,0,0
3,save at NativeMethodAccessorImpl.java:0,1883,1834,0,1789806889639,1789806889646,7,False,4,4322778,1,0,6013,17104864,0,0,0,0,1082406,4620,0,0,0,0,0
3,save at NativeMethodAccessorImpl.java:0,1884,1835,0,1789806889641,1789806889648,7,False,5,5167264,1,0,6013,17104864,0,0,0,0,1398311,5954,0,0,0,0,0
3,save at NativeMethodAccessorImpl.java:0,1886,1837,0,1789806889645,1789806889653,8,False,5,5287623,1,0,6013,17104864,0,0,0,0,1394264,5938,0,0,0,0,0
3,save at NativeMethodAccessorImpl.java:0,1887,1838,0,1789806889648,1789806889653,5,False,3,3166061,1,0,6013,16973792,0,0,0,0,682725,2907,0,0,0,0,0
3,save at NativeMethodAccessorImpl.java:0,1885,1836,0,1789806889645,1789806889654,9,False,6,6158400,1,0,6013,17104864,0,0,0,0,1733336,7413,0,0,0,0,0
3,save at NativeMethodAccessorImpl.java:0,1889,1840,0,1789806889653,1789806889659,6,False,4,4301517,1,0,6013,17104864,0,0,0,0,1042823,4454,0,0,0,0,0
3,save at NativeMethodAccessorImpl.java:0,1890,1841,0,1789806889653,1789806889661,8,False,5,5184894,1,0,6013,17104864,0,0,0,0,1384101,5895,0,0,0,0,0
3,save at NativeMethodAccessorImpl.java:0,1888,1839,0,1789806889653,1789806889662,9,False,7,7215417,1,0,6013,17367008,0,0,0,0,2075563,8864,0,0,0,0,0
3,save at NativeMethodAccessorImpl.java:0,1892,1843,0,1789806889660,1789806889668,8,False,5,5123443,1,0,6013,17104864,0,0,0,0,1376158,5861,0,0,0,0,0
3,save at NativeMethodAccessorImpl.java:0,1891,1842,0,1789806889659,1789806889669,10,False,7,7177778,1,0,6013,17367008,0,0,0,0,2099364,8961,0,0,0,0,0
3,save at NativeMethodAccessorImpl.java:0,1893,1844,0,1789806889662,1789806889670,8,False,6,6064304,1,0,6013,17104864,0,0,0,0,1735546,7425,0,0,0,0,0
3,save at NativeMethodAccessorImpl.java:0,1894,1845,0,1789806889668,1789806889676,8,False,6,6087480,1,0,6013,17104864,0,0,0,0,1759728,7534,0,0,0,0,0
3,save at NativeMethodAccessorImpl.java:0,1895,1846,0,1789806889669,1789806889676,7,False,5,5158303,1,0,6013,17104864,0,0,0,0,1412562,6016,0,0,0,0,0
3,save at NativeMethodAccessorImpl.java:0,1896,1847,0,1789806889670,1789806889679,9,False,7,7182791,1,0,6013,17367008,0,0,0,0,2145606,9163,0,0,0,0,0
3,save at NativeMethodAccessorImpl.java:0,1898,1849,0,1789806889676,1789806889681,5,False,2,2386642,1,0,6013,16908256,0,0,0,0,356090,1489,0,0,0,0,0
3,save at NativeMethodAccessorImpl.java:0,1897,1848,0,1789806889676,1789806889684,8,False,6,6212651,1,0,6013,17104864,0,0,0,0,1735768,7427,0,0,0,0,0
3,save at NativeMethodAccessorImpl.java:0,1899,1850,0,1789806889679,1789806889684,5,False,3,3365974,1,0,6013,16973792,0,0,0,0,697143,2970,0,0,0,0,0
3,save at NativeMethodAccessorImpl.java:0,1900,1851,0,1789806889681,1789806889687,6,False,4,4273108,1,0,6013,17104864,0,0,0,0,1077834,4597,0,0,0,0,0
3,save at NativeMethodAccessorImpl.java:0,1902,1853,0,1789806889684,1789806889694,10,False,7,7158943,1,0,6013,17367008,0,0,0,0,2064494,8819,0,0,0,0,0
3,save at NativeMethodAccessorImpl.java:0,1903,1854,0,1789806889687,1789806889694,7,False,5,5113443,1,0,6013,17104864,0,0,0,0,1404032,5980,0,0,0,0,0
3,save at NativeMethodAccessorImpl.java:0,1901,1852,0,1789806889684,1789806889695,11,False,9,9104623,1,0,6013,17367008,0,0,0,0,2811328,12027,0,0,0,0,0
3,save at NativeMethodAccessorImpl.java:0,1904,1855,0,1789806889693,1789806889701,8,False,5,5129480,1,0,6013,17104864,0,0,0,0,1381259,5886,0,0,0,0,0
3,save at NativeMethodAccessorImpl.java:0,1906,1857,0,1789806889695,1789806889703,8,False,6,6101545,1,0,6013,17104864,0,0,0,0,1738786,7440,0,0,0,0,0
3,save at NativeMethodAccessorImpl.java:0,1905,1856,0,1789806889694,1789806889705,11,False,8,8799029,1,0,6013,17367008,0,0,0,0,2840859,12152,0,0,0,0,0
3,save at NativeMethodAccessorImpl.java:0,1908,1859,0,1789806889703,1789806889709,6,False,3,3329655,1,0,6013,16973792,0,0,0,0,700097,2986,0,0,0,0,0
3,save at NativeMethodAccessorImpl.java:0,1907,1858,0,1789806889701,1789806889711,10,False,8,8109116,1,0,6013,17367008,0,0,0,0,2448526,10460,0,0,0,0,0
3,save at NativeMethodAccessorImpl.java:0,1909,1860,0,1789806889705,1789806889712,7,False,4,4257033,1,0,6013,17104864,0,0,0,0,1017108,4348,0,0,0,0,0
3,save at NativeMethodAccessorImpl.java:0,1910,1861,0,1789806889709,1789806889716,7,False,5,5108515,1,0,6013,17104864,0,0,0,0,1388829,5918,0,0,0,0,0
3,save at NativeMethodAccessorImpl.java:0,1912,1863,0,1789806889712,1789806889717,5,False,3,3146522,1,0,6013,16973792,0,0,0,0,680028,2895,0,0,0,0,0
3,save at NativeMethodAccessorImpl.java:0,1911,1862,0,1789806889711,1789806889718,7,False,5,5075376,1,0,6013,17104864,0,0,0,0,1382199,5886,0,0,0,0,0
3,save at NativeMethodAccessorImpl.java:0,1913,1864,0,1789806889716,1789806889722,6,False,4,4563115,1,0,6013,17104864,0,0,0,0,1061843,4532,0,0,0,0,0
3,save at NativeMethodAccessorImpl.java:0,1914,1865,0,1789806889717,1789806889724,7,False,5,5206895,1,0,6013,17104864,0,0,0,0,1413318,6023,0,0,0,0,0
3,save at NativeMethodAccessorImpl.java:0,1915,1866,0,1789806889718,1789806889725,7,False,5,5488984,1,0,6013,17104864,0,0,0,0,1406046,5987,0,0,0,0,0
3,save at NativeMethodAccessorImpl.java:0,1916,1867,0,1789806889722,1789806889732,10,False,7,7187603,1,0,6013,17367008,0,0,0,0,2094137,8944,0,0,0,0,0
3,save at NativeMethodAccessorImpl.java:0,1917,1868,0,1789806889724,1789806889734,10,False,7,7765487,1,0,6013,17367008,0,0,0,0,2445009,10442,0,0,0,0,0
3,save at NativeMethodAccessorImpl.java:0,1920,1871,0,1789806889734,1789806889740,6,False,4,4220602,1,0,6013,17104864,0,0,0,0,1036126,4426,0,0,0,0,0
3,save at NativeMethodAccessorImpl.java:0,1918,1869,0,1789806889725,1789806889740,15,False,12,12716188,1,0,6013,17891296,0,0,0,0,4270468,18243,0,0,0,0,0
3,save at NativeMethodAccessorImpl.java:0,1919,1870,0,1789806889732,1789806889740,8,False,6,6336564,1,0,6013,17104864,0,0,0,0,1761755,7540,0,0,0,0,0
3,save at NativeMethodAccessorImpl.java:0,1921,1872,0,1789806889740,1789806889750,10,False,8,8115756,1,0,6013,17367008,0,0,0,0,2449297,10460,0,0,0,0,0
3,save at NativeMethodAccessorImpl.java:0,1923,1874,0,1789806889740,1789806889750,10,False,8,8010862,1,0,6013,17367008,0,0,0,0,2467104,10539,0,0,0,0,0
3,save at NativeMethodAccessorImpl.java:0,1922,1873,0,1789806889740,1789806889753,13,False,10,10980699,1,0,6013,17367008,0,0,0,0,3533613,15106,0,0,0,0,0
3,save at NativeMethodAccessorImpl.java:0,1925,1876,0,1789806889750,1789806889758,8,False,5,5347580,1,0,6013,17104864,0,0,0,0,1403368,5977,0,0,0,0,0
3,save at NativeMethodAccessorImpl.java:0,1926,1877,0,1789806889753,1789806889759,6,False,4,4285966,1,0,6013,17104864,0,0,0,0,1026616,4384,0,0,0,0,0
3,save at NativeMethodAccessorImpl.java:0,1924,1875,0,1789806889750,1789806889762,12,False,10,10185781,1,0,6013,17367008,0,0,0,0,3177945,13568,0,0,0,0,0
3,save at NativeMethodAccessorImpl.java:0,1927,1878,0,1789806889758,1789806889766,8,False,6,6298651,1,0,6013,17104864,0,0,0,0,1744887,7465,0,0,0,0,0
3,save at NativeMethodAccessorImpl.java:0,1928,1879,0,1789806889759,1789806889766,7,False,5,5235050,1,0,6013,17104864,0,0,0,0,1418915,6046,0,0,0,0,0
3,save at NativeMethodAccessorImpl.java:0,1931,1882,0,1789806889766,1789806889771,5,False,2,2324277,1,0,6013,16908256,0,0,0,0,349661,1461,0,0,0,0,0
3,save at NativeMethodAccessorImpl.java:0,1929,1880,0,1789806889762,1789806889771,9,False,6,6176164,1,0,6013,17104864,0,0,0,0,1771952,7581,0,0,0,0,0
3,save at NativeMethodAccessorImpl.java:0,1930,1881,0,1789806889766,1789806889775,9,False,6,6073240,1,0,6013,17104864,0,0,0,0,1728760,7396,0,0,0,0,0
3,save at NativeMethodAccessorImpl.java:0,1933,1884,0,1789806889771,1789806889781,10,False,8,8339044,1,0,6013,17367008,0,0,0,0,2476038,10579,0,0,0,0,0
3,save at NativeMethodAccessorImpl.java:0,1932,1883,0,1789806889771,1789806889781,10,False,8,8748909,1,0,6013,17367008,0,0,0,0,2796054,11961,0,0,0,0,0
3,save at NativeMethodAccessorImpl.java:0,1934,1885,0,1789806889774,1789806889783,9,False,6,6233897,1,0,6013,17104864,0,0,0,0,1761639,7536,0,0,0,0,0
3,save at NativeMethodAccessorImpl.java:0,1935,1886,0,1789806889781,1789806889786,5,False,2,2389765,1,0,6013,16908256,0,0,0,0,340253,1420,0,0,0,0,0
3,save at NativeMethodAccessorImpl.java:0,1937,1888,0,1789806889783,1789806889787,4,False,2,2273198,1,0,6013,16908256,0,0,0,0,355104,1485,0,0,0,0,0
3,save at NativeMethodAccessorImpl.java:0,1936,1887,0,1789806889781,1789806889791,10,False,6,6927094,1,0,6013,17367008,0,0,0,0,2087809,8921,0,0,0,0,0
3,save at NativeMethodAccessorImpl.java:0,1938,1889,0,1789806889786,1789806889795,9,False,7,7139534,1,0,6013,17367008,0,0,0,0,2117506,9039,0,0,0,0,0
3,save at NativeMethodAccessorImpl.java:0,1939,1890,0,1789806889787,1789806889798,11,False,8,8815931,1,0,6013,17367008,0,0,0,0,2781251,11903,0,0,0,0,0
3,save at NativeMethodAccessorImpl.java:0,1940,1891,0,1789806889790,1789806889798,8,False,6,6075392,1,0,6013,17104864,0,0,0,0,1748685,7478,0,0,0,0,0
3,save at NativeMethodAccessorImpl.java:0,1942,1893,0,1789806889797,1789806889802,5,False,2,2251717,1,0,6013,16908256,0,0,0,0,359899,1506,0,0,0,0,0
3,save at NativeMethodAccessorImpl.java:0,1941,1892,0,1789806889795,1789806889804,9,False,7,7159453,1,0,6013,17367008,0,0,0,0,2069991,8841,0,0,0,0,0
3,save at NativeMethodAccessorImpl.java:0,1943,1894,0,1789806889798,1789806889805,7,False,4,4307459,1,0,6013,17104864,0,0,0,0,1071862,4576,0,0,0,0,0
3,save at NativeMethodAccessorImpl.java:0,1944,1895,0,1789806889802,1789806889811,9,False,7,7167959,1,0,6013,17367008,0,0,0,0,2107586,9002,0,0,0,0,0
3,save at NativeMethodAccessorImpl.java:0,1945,1896,0,1789806889804,1789806889813,9,False,7,7183833,1,0,6013,17367008,0,0,0,0,2117744,9044,0,0,0,0,0
3,save at NativeMethodAccessorImpl.java:0,1947,1898,0,1789806889811,1789806889814,3,False,0,927415,1,0,5970,65536,0,0,0,0,0,0,0,0,0,0,0
3,save at NativeMethodAccessorImpl.java:0,1946,1897,0,1789806889805,1789806889815,10,False,7,7747496,1,0,6013,17367008,0,0,0,0,2432403,10389,0,0,0,0,0
3,save at NativeMethodAccessorImpl.java:0,1949,1900,0,1789806889814,1789806889822,8,False,5,5931206,1,0,6013,17104864,0,0,0,0,1727506,7389,0,0,0,0,0
3,save at NativeMethodAccessorImpl.java:0,1948,1899,0,1789806889813,1789806889822,9,False,7,7219940,1,0,6013,17367008,0,0,0,0,2092658,8938,0,0,0,0,0
3,save at NativeMethodAccessorImpl.java:0,1950,1901,0,1789806889815,1789806889823,8,False,5,5953906,1,0,6013,17104864,0,0,0,0,1700865,7273,0,0,0,0,0
3,save at NativeMethodAccessorImpl.java:0,1951,1902,0,1789806889822,1789806889827,5,False,3,3157801,1,0,6013,16973792,0,0,0,0,690155,2939,0,0,0,0,0
3,save at NativeMethodAccessorImpl.java:0,1952,1903,0,1789806889822,1789806889834,12,False,6,6240721,1,3,6056,17104864,0,0,0,0,1711495,7321,0,0,0,0,0
3,save at NativeMethodAccessorImpl.java:0,1953,1904,0,1789806889822,1789806889840,18,False,11,7902036,1,5,6099,17367008,0,0,0,0,2114686,9031,0,0,0,0,0
3,save at NativeMethodAccessorImpl.java:0,1954,1905,0,1789806889827,1789806889849,22,False,19,14041986,1,5,6056,17367008,0,0,0,0,2759988,11813,0,0,0,0,0
3,save at NativeMethodAccessorImpl.java:0,1955,1906,0,1789806889834,1789806889853,19,False,13,13694258,4,2,6056,17367008,0,0,0,0,2082955,8896,0,0,0,0,0
3,save at NativeMethodAccessorImpl.java:0,1956,1907,0,1789806889840,1789806889854,14,False,10,10254839,3,0,6013,17104864,0,0,0,0,1750340,7489,0,0,0,0,0
3,save at NativeMethodAccessorImpl.java:0,1957,1908,0,1789806889848,1789806889861,13,False,8,8681049,3,0,6013,17104864,0,0,0,0,1399182,5961,0,0,0,0,0
3,save at NativeMethodAccessorImpl.java:0,1958,1909,0,1789806889853,1789806889861,8,False,6,6379041,1,0,6013,17104864,0,0,0,0,1719895,7355,0,0,0,0,0
3,save at NativeMethodAccessorImpl.java:0,1959,1910,0,1789806889854,1789806889875,21,False,15,11837513,2,4,6056,17367008,0,0,0,0,2107133,8998,0,0,0,0,0
3,save at NativeMethodAccessorImpl.java:0,1961,1912,0,1789806889861,1789806889875,14,False,10,6307534,1,4,6056,17104864,0,0,0,0,1067377,4557,0,0,0,0,0
3,save at NativeMethodAccessorImpl.java:0,1960,1911,0,1789806889861,1789806889879,18,False,10,10035506,7,4,6056,17367008,0,0,0,0,2469256,10544,0,0,0,0,0
3,save at NativeMethodAccessorImpl.java:0,1963,1914,0,1789806889875,1789806889882,7,False,4,4430069,2,0,6013,17104864,0,0,0,0,1047104,4474,0,0,0,0,0
3,save at NativeMethodAccessorImpl.java:0,1962,1913,0,1789806889874,1789806889884,10,False,6,6441598,2,0,6013,17104864,0,0,0,0,1753000,7500,0,0,0,0,0
3,save at NativeMethodAccessorImpl.java:0,1965,1916,0,1789806889882,1789806889887,5,False,3,3259003,1,0,6013,16973792,0,0,0,0,729009,3111,0,0,0,0,0
3,save at NativeMethodAccessorImpl.java:0,1966,1917,0,1789806889884,1789806889888,4,False,2,2234277,1,0,6013,16908256,0,0,0,0,365697,1531,0,0,0,0,0
3,save at NativeMethodAccessorImpl.java:0,1964,1915,0,1789806889879,1789806889888,9,False,7,7307225,1,0,6013,17367008,0,0,0,0,2087963,8920,0,0,0,0,0
3,save at NativeMethodAccessorImpl.java:0,1969,1920,0,1789806889888,1789806889896,8,False,5,5173506,1,0,6013,17104864,0,0,0,0,1421661,6056,0,0,0,0,0
3,save at NativeMethodAccessorImpl.java:0,1967,1918,0,1789806889887,1789806889897,10,False,7,7746743,1,0,6013,17367008,0,0,0,0,2448777,10457,0,0,0,0,0
3,save at NativeMethodAccessorImpl.java:0,1968,1919,0,1789806889888,1789806889898,10,False,8,8015088,1,0,6013,17367008,0,0,0,0,2454005,10483,0,0,0,0,0
3,save at NativeMethodAccessorImpl.java:0,1970,1921,0,1789806889895,1789806889903,8,False,5,5209876,1,0,6013,17104864,0,0,0,0,1420781,6054,0,0,0,0,0
3,save at NativeMethodAccessorImpl.java:0,1972,1923,0,1789806889898,1789806889908,10,False,7,7832803,1,0,6013,17367008,0,0,0,0,2459228,10501,0,0,0,0,0
3,save at NativeMethodAccessorImpl.java:0,1971,1922,0,1789806889897,1789806889910,13,False,10,10718177,1,0,6013,17367008,0,0,0,0,3524647,15058,0,0,0,0,0
3,save at NativeMethodAccessorImpl.java:0,1973,1924,0,1789806889903,1789806889916,13,False,10,10727819,1,0,6013,17367008,0,0,0,0,3505107,14982,0,0,0,0,0
3,save at NativeMethodAccessorImpl.java:0,1974,1925,0,1789806889908,1789806889916,8,False,6,6131171,1,0,6013,17104864,0,0,0,0,1749955,7487,0,0,0,0,0
3,save at NativeMethodAccessorImpl.java:0,1975,1926,0,1789806889910,1789806889918,8,False,6,6024992,1,0,6013,17104864,0,0,0,0,1764820,7552,0,0,0,0,0
3,save at NativeMethodAccessorImpl.java:0,1977,1928,0,1789806889916,1789806889923,7,False,4,4901476,1,0,6013,17104864,0,0,0,0,1382573,5887,0,0,0,0,0
3,save at NativeMethodAccessorImpl.java:0,1978,1929,0,1789806889917,1789806889924,7,False,4,4186778,1,0,6013,17104864,0,0,0,0,1046080,4471,0,0,0,0,0
3,save at NativeMethodAccessorImpl.java:0,1976,1927,0,1789806889916,1789806889924,8,False,6,6057298,1,0,6013,17104864,0,0,0,0,1748920,7482,0,0,0,0,0
3,save at NativeMethodAccessorImpl.java:0,1980,1931,0,1789806889923,1789806889929,6,False,3,3208670,1,0,6013,16973792,0,0,0,0,715732,3053,0,0,0,0,0
3,save at NativeMethodAccessorImpl.java:0,1979,1930,0,1789806889923,1789806889933,10,False,8,8007252,1,0,6013,17367008,0,0,0,0,2435859,10400,0,0,0,0,0
3,save at NativeMethodAccessorImpl.java:0,1982,1933,0,1789806889929,1789806889935,6,False,4,4234259,1,0,6013,17104864,0,0,0,0,1037774,4430,0,0,0,0,0
3,save at NativeMethodAccessorImpl.java:0,1981,1932,0,1789806889924,1789806889936,12,False,10,10448108,1,0,6013,17367008,0,0,0,0,3443639,14711,0,0,0,0,0
3,save at NativeMethodAccessorImpl.java:0,1983,1934,0,1789806889933,1789806889938,5,False,2,2366815,1,0,6013,16908256,0,0,0,0,373554,1566,0,0,0,0,0
3,save at NativeMethodAccessorImpl.java:0,1984,1935,0,1789806889935,1789806889942,7,False,5,5054505,1,0,6013,17104864,0,0,0,0,1406975,5995,0,0,0,0,0
3,save at NativeMethodAccessorImpl.java:0,1986,1937,0,1789806889937,1789806889945,8,False,5,5966333,1,0,6013,17104864,0,0,0,0,1762862,7542,0,0,0,0,0
3,save at NativeMethodAccessorImpl.java:0,1985,1936,0,1789806889936,1789806889947,11,False,8,8774232,1,0,6013,17367008,0,0,0,0,2817318,12055,0,0,0,0,0
3,save at NativeMethodAccessorImpl.java:0,1987,1938,0,1789806889942,1789806889947,5,False,3,3166478,1,0,6013,16973792,0,0,0,0,669669,2850,0,0,0,0,0
3,save at NativeMethodAccessorImpl.java:0,1988,1939,0,1789806889945,1789806889954,9,False,6,6090013,1,0,6013,17104864,0,0,0,0,1769512,7576,0,0,0,0,0
3,save at NativeMethodAccessorImpl.java:0,1990,1941,0,1789806889947,1789806889954,7,False,4,4089724,1,0,6013,17104864,0,0,0,0,1022781,4369,0,0,0,0,0
3,save at NativeMethodAccessorImpl.java:0,1989,1940,0,1789806889947,1789806889956,9,False,6,6994557,1,0,6013,17367008,0,0,0,0,2033325,8689,0,0,0,0,0
3,save at NativeMethodAccessorImpl.java:0,1992,1943,0,1789806889954,1789806889959,5,False,3,3294538,1,0,6013,16973792,0,0,0,0,727082,3102,0,0,0,0,0
3,save at NativeMethodAccessorImpl.java:0,1991,1942,0,1789806889953,1789806889960,7,False,4,4532417,1,0,6013,17104864,0,0,0,0,1054132,4503,0,0,0,0,0
3,save at NativeMethodAccessorImpl.java:0,1993,1944,0,1789806889955,1789806889965,10,False,7,7015800,1,0,6013,17367008,0,0,0,0,2083354,8898,0,0,0,0,0
3,save at NativeMethodAccessorImpl.java:0,1994,1945,0,1789806889959,1789806889965,6,False,4,4360554,1,0,6013,17104864,0,0,0,0,1064848,4548,0,0,0,0,0
3,save at NativeMethodAccessorImpl.java:0,1995,1946,0,1789806889960,1789806889967,7,False,5,5079286,1,0,6013,17104864,0,0,0,0,1407051,5994,0,0,0,0,0
3,save at NativeMethodAccessorImpl.java:0,1996,1947,0,1789806889964,1789806889971,7,False,5,5024981,1,0,6013,17104864,0,0,0,0,1419332,6047,0,0,0,0,0
3,save at NativeMethodAccessorImpl.java:0,1998,1949,0,1789806889967,1789806889975,8,False,5,5949317,1,0,6013,17104864,0,0,0,0,1756788,7515,0,0,0,0,0
3,save at NativeMethodAccessorImpl.java:0,1997,1948,0,1789806889965,1789806889975,10,False,7,7940666,1,0,6013,17367008,0,0,0,0,2452384,10473,0,0,0,0,0
3,save at NativeMethodAccessorImpl.java:0,1999,1950,0,1789806889971,1789806889980,9,False,6,6626507,1,0,6013,17104864,0,0,0,0,1772049,7583,0,0,0,0,0
3,save at NativeMethodAccessorImpl.java:0,2001,1952,0,1789806889975,1789806889981,6,False,4,4215353,1,0,6013,17104864,0,0,0,0,1064438,4544,0,0,0,0,0
3,save at NativeMethodAccessorImpl.java:0,2000,1951,0,1789806889975,1789806889982,7,False,5,5288986,1,0,6013,17104864,0,0,0,0,1413720,6023,0,0,0,0,0
3,save at NativeMethodAccessorImpl.java:0,2002,1953,0,1789806889980,1789806889988,8,False,6,6020032,1,0,6013,17104864,0,0,0,0,1761711,7536,0,0,0,0,0
3,save at NativeMethodAccessorImpl.java:0,2003,1954,0,1789806889981,1789806889990,9,False,7,7017843,1,0,6013,17367008,0,0,0,0,2104085,8986,0,0,0,0,0
3,save at NativeMethodAccessorImpl.java:0,2004,1955,0,1789806889982,1789806889992,10,False,7,7936350,1,0,6013,17367008,0,0,0,0,2446816,10450,0,0,0,0,0
3,save at NativeMethodAccessorImpl.java:0,2005,1956,0,1789806889988,1789806889994,6,False,4,4152677,1,0,6013,17104864,0,0,0,0,1029372,4397,0,0,0,0,0
3,save at NativeMethodAccessorImpl.java:0,2006,1957,0,1789806889990,1789806889997,7,False,5,5164256,1,0,6013,17104864,0,0,0,0,1400812,5967,0,0,0,0,0
3,save at NativeMethodAccessorImpl.java:0,2007,1958,0,1789806889992,1789806889999,7,False,5,5100722,1,0,6013,17104864,0,0,0,0,1420594,6056,0,0,0,0,0
3,save at NativeMethodAccessorImpl.java:0,2008,1959,0,1789806889994,1789806890000,6,False,4,4247274,1,0,6013,17104864,0,0,0,0,1055577,4507,0,0,0,0,0
3,save at NativeMethodAccessorImpl.java:0,2010,1961,0,1789806889999,1789806890003,4,False,2,2174440,1,0,6013,16908256,0,0,0,0,365368,1529,0,0,0,0,0
3,save at NativeMethodAccessorImpl.java:0,2009,1960,0,1789806889997,1789806890006,9,False,6,6972994,1,0,6013,17367008,0,0,0,0,2105218,8992,0,0,0,0,0
3,save at NativeMethodAccessorImpl.java:0,2011,1962,0,1789806890000,1789806890007,7,False,5,5009756,1,0,6013,17104864,0,0,0,0,1401428,5969,0,0,0,0,0
3,save at NativeMethodAccessorImpl.java:0,2012,1963,0,1789806890003,1789806890011,8,False,6,6070547,1,0,6013,17104864,0,0,0,0,1733158,7420,0,0,0,0,0
3,save at NativeMethodAccessorImpl.java:0,2013,1964,0,1789806890006,1789806890014,8,False,5,5368129,1,0,6013,17104864,0,0,0,0,1453216,6195,0,0,0,0,0
3,save at NativeMethodAccessorImpl.java:0,2014,1965,0,1789806890007,1789806890016,9,False,7,7662135,1,0,6013,17367008,0,0,0,0,2439651,10417,0,0,0,0,0
3,save at NativeMethodAccessorImpl.java:0,2015,1966,0,1789806890011,1789806890017,6,False,4,4396168,1,0,6013,17104864,0,0,0,0,1068938,4565,0,0,0,0,0
3,save at NativeMethodAccessorImpl.java:0,2016,1967,0,1789806890013,1789806890022,9,False,6,6088469,1,0,6013,17104864,0,0,0,0,1727092,7383,0,0,0,0,0
3,save at NativeMethodAccessorImpl.java:0,2017,1968,0,1789806890016,1789806890023,7,False,5,5038233,1,0,6013,17104864,0,0,0,0,1389024,5916,0,0,0,0,0
3,save at NativeMethodAccessorImpl.java:0,2018,1969,0,1789806890017,1789806890024,7,False,5,5170707,1,0,6013,17104864,0,0,0,0,1380935,5884,0,0,0,0,0
3,save at NativeMethodAccessorImpl.java:0,2019,1970,0,1789806890021,1789806890031,10,False,7,7831892,1,0,6013,17367008,0,0,0,0,2449358,10457,0,0,0,0,0
3,save at NativeMethodAccessorImpl.java:0,2020,1971,0,1789806890023,1789806890031,8,False,6,6011744,1,0,6013,17104864,0,0,0,0,1751308,7499,0,0,0,0,0
3,save at NativeMethodAccessorImpl.java:0,2021,1972,0,1789806890024,1789806890036,12,False,9,9606312,1,0,6013,17367008,0,0,0,0,3130990,13377,0,0,0,0,0
3,save at NativeMethodAccessorImpl.java:0,2023,1974,0,1789806890031,1789806890036,5,False,3,3184124,1,0,6013,16973792,0,0,0,0,694807,2959,0,0,0,0,0
3,save at NativeMethodAccessorImpl.java:0,2022,1973,0,1789806890031,1789806890040,9,False,7,7068200,1,0,6013,17367008,0,0,0,0,2082367,8895,0,0,0,0,0
3,save at NativeMethodAccessorImpl.java:0,2025,1976,0,1789806890036,1789806890042,6,False,4,4206970,1,0,6013,17104864,0,0,0,0,1040497,4442,0,0,0,0,0
3,save at NativeMethodAccessorImpl.java:0,2024,1975,0,1789806890035,1789806890046,11,False,8,8145340,1,0,6013,17367008,0,0,0,0,2489246,10637,0,0,0,0,0
3,save at NativeMethodAccessorImpl.java:0,2026,1977,0,1789806890040,1789806890047,7,False,4,4960752,1,0,6013,17104864,0,0,0,0,1368340,5828,0,0,0,0,0
3,save at NativeMethodAccessorImpl.java:0,2027,1978,0,1789806890042,1789806890053,11,False,8,8532402,1,0,6013,17367008,0,0,0,0,2760160,11807,0,0,0,0,0
3,save at NativeMethodAccessorImpl.java:0,2029,1980,0,1789806890047,1789806890053,6,False,4,4114786,1,0,6013,17104864,0,0,0,0,1046124,4467,0,0,0,0,0
3,save at NativeMethodAccessorImpl.java:0,2028,1979,0,1789806890046,1789806890055,9,False,6,6953737,1,0,6013,17367008,0,0,0,0,2096316,8955,0,0,0,0,0
3,save at NativeMethodAccessorImpl.java:0,2031,1982,0,1789806890053,1789806890059,6,False,4,4193580,1,0,6013,17104864,0,0,0,0,1058334,4520,0,0,0,0,0
3,save at NativeMethodAccessorImpl.java:0,2030,1981,0,1789806890053,1789806890062,9,False,7,7053567,1,0,6013,17367008,0,0,0,0,2144349,9156,0,0,0,0,0
3,save at NativeMethodAccessorImpl.java:0,2032,1983,0,1789806890055,1789806890067,12,False,9,9821918,1,0,6013,17367008,0,0,0,0,3149755,13452,0,0,0,0,0
3,save at NativeMethodAccessorImpl.java:0,2033,1984,0,1789806890059,1789806890068,9,False,6,6478257,1,0,6013,17104864,0,0,0,0,1727167,7385,0,0,0,0,0
3,save at NativeMethodAccessorImpl.java:0,2034,1985,0,1789806890062,1789806890068,6,False,4,4310917,1,0,6013,17104864,0,0,0,0,1090076,4650,0,0,0,0,0
3,save at NativeMethodAccessorImpl.java:0,2035,1986,0,1789806890066,1789806890072,6,False,3,3094984,1,0,6013,16973792,0,0,0,0,684637,2914,0,0,0,0,0
3,save at NativeMethodAccessorImpl.java:0,2036,1987,0,1789806890068,1789806890080,12,False,6,6938752,1,0,6013,17367008,0,0,0,0,2098775,8967,0,0,0,0,0
3,save at NativeMethodAccessorImpl.java:0,2037,1988,0,1789806890068,1789806890080,12,False,6,6319752,1,0,6013,17104864,0,0,0,0,1778251,7608,0,0,0,0,0
3,save at NativeMethodAccessorImpl.java:0,2038,1989,0,1789806890072,1789806890081,9,False,6,3205035,1,3,6056,16973792,0,0,0,0,701001,2988,0,0,0,0,0
3,save at NativeMethodAccessorImpl.java:0,2039,1990,0,1789806890080,1789806890089,9,False,6,6461592,1,0,6013,17104864,0,0,0,0,1757807,7522,0,0,0,0,0
3,save at NativeMethodAccessorImpl.java:0,2040,1991,0,1789806890080,1789806890090,10,False,7,7388557,1,0,6013,17367008,0,0,0,0,2069813,8840,0,0,0,0,0
3,save at NativeMethodAccessorImpl.java:0,2041,1992,0,1789806890080,1789806890092,12,False,8,8965249,1,0,6013,17367008,0,0,0,0,2816867,12050,0,0,0,0,0
3,save at NativeMethodAccessorImpl.java:0,2044,1995,0,1789806890091,1789806890094,3,False,0,750045,1,0,5970,65536,0,0,0,0,0,0,0,0,0,0,0
3,save at NativeMethodAccessorImpl.java:0,2043,1994,0,1789806890089,1789806890097,8,False,5,5876135,1,0,6013,17104864,0,0,0,0,1736308,7427,0,0,0,0,0
3,save at NativeMethodAccessorImpl.java:0,2042,1993,0,1789806890089,1789806890098,9,False,6,6986217,1,0,6013,17367008,0,0,0,0,2120244,9056,0,0,0,0,0
3,save at NativeMethodAccessorImpl.java:0,2045,1996,0,1789806890094,1789806890099,5,False,3,3153573,1,0,6013,16973792,0,0,0,0,687727,2927,0,0,0,0,0
3,save at NativeMethodAccessorImpl.java:0,2047,1998,0,1789806890097,1789806890107,10,False,6,6178255,1,0,6013,17104864,0,0,0,0,1746320,7473,0,0,0,0,0
3,save at NativeMethodAccessorImpl.java:0,2048,1999,0,1789806890099,1789806890107,8,False,5,5198983,1,0,6013,17104864,0,0,0,0,1394221,5937,0,0,0,0,0
3,save at NativeMethodAccessorImpl.java:0,2046,1997,0,1789806890097,1789806890107,10,False,7,7711204,1,0,6013,17367008,0,0,0,0,2427458,10370,0,0,0,0,0
3,save at NativeMethodAccessorImpl.java:0,1840,1791,0,1789806889515,1789806891365,1850,False,1844,1823496833,1,19,6185,545324144,159383248,137600447,0,0,536834774,2322317,0,0,0,0,0
