t,t_rel,cpu_idle,cpu_iowait,cpu_irq,cpu_nice,cpu_softirq,cpu_steal,cpu_system,cpu_user,ctxt,mem_Cached,mem_Dirty,mem_MemAvailable,mem_MemFree,mem_MemTotal,mem_SwapCached,mem_Writeback,mem_WritebackTmp,procs_blocked,procs_running,psi_cpu_full_total,psi_cpu_some_total,psi_io_full_total,psi_io_some_total,psi_memory_full_total,psi_memory_some_total,vm_nr_dirty,vm_nr_dirty_background_threshold,vm_nr_dirty_threshold,vm_nr_writeback,vm_pgfault,vm_pgmajfault,vm_pgpgin,vm_pgpgout,vm_pswpout
1789564829.2245367,0.0,5644558,355747,0,111,60,86,72505,573732,21366892,118060,1264,63874876,64254896,64771556,0,0,0,1,1,0,10660145,2037215093,2050717267,31,31,316,1595266,3194433,0,54456799,52871,387819146,299217285,0
1789564829.474971,0.25,5644803,355765,0,111,60,86,72507,573869,21367534,127684,1264,63857856,64232344,64771556,0,0,0,0,17,0,10660295,2037243650,2050745879,31,31,316,1595004,3193909,0,54459460,52944,387831166,299217285,0
1789564829.725553,0.501,5645169,355781,0,111,60,86,72508,573884,21368224,134880,1264,63842800,64213332,64771556,0,0,0,1,1,0,10660921,2037327381,2050829625,31,31,316,1594727,3193354,0,54464346,52977,387840086,299217285,0
1789564829.9760175,0.751,5645545,355804,0,111,60,86,72509,573885,21368953,163212,1264,63810632,64166548,64771556,0,0,0,1,1,0,10661639,2037486202,2050988446,31,31,316,1594289,3192476,0,54468595,53183,387869026,299217285,0
1789564830.2263892,1.002,5645910,355827,0,111,60,86,72511,573894,21371161,173456,1264,63795584,64146124,64771556,0,0,0,1,1,0,10662358,2037628420,2051130686,31,31,316,1594048,3191993,0,54471811,53280,387879594,299217285,0
1789564830.4767644,1.252,5646280,355849,0,111,60,86,72512,573902,21372860,180412,1296,63784024,64131252,64771556,0,0,0,1,1,0,10663153,2037812384,2051314705,31,31,324,1593846,3191590,0,54473867,53286,387886182,299217285,0
1789564830.727084,1.503,5646647,355871,0,111,60,86,72513,573912,21374133,188832,1296,63762168,64105156,64771556,0,0,0,0,1,0,10663885,2037974287,2051476683,31,31,324,1593407,3190710,0,54478952,53286,387894586,299217285,0
1789564830.9774184,1.753,5647001,355880,0,111,60,86,72518,573942,21377898,191820,1328,63761540,64103012,64771556,0,0,0,1,3,0,10664863,2037992954,2051495354,31,31,332,1593429,3190754,0,54494915,53294,387897590,299217317,0
1789564831.2278938,2.003,5647358,355893,0,111,60,86,72520,573970,21380609,195256,1296,63732984,64072732,64771556,0,0,0,1,1,0,10665441,2038066899,2051569306,31,31,324,1592759,3189413,0,54501960,53295,387901006,299217317,0
1789564831.4782534,2.254,5647723,355905,0,111,60,86,72521,573992,21383777,198132,1296,63713088,64051412,64771556,0,0,0,1,1,0,10666115,2038152406,2051654812,31,31,324,1592298,3188489,0,54506682,53295,387903890,299217317,0
1789564831.728593,2.504,5648083,355919,0,111,60,86,72524,574013,21387650,201496,1296,63682260,64018864,64771556,0,0,0,0,5,0,10666850,2038236955,2051739362,31,31,324,1591571,3187034,0,54514647,53302,387907262,299217317,0
1789564831.9790347,2.754,5648436,355930,0,111,60,86,72525,574047,21391304,204416,1296,63669916,64005052,64771556,0,0,0,0,2,0,10667368,2038297245,2051799652,31,31,324,1591300,3186491,0,54517152,53307,387910218,299217317,0
1789564832.2293906,3.005,5648793,355940,0,111,60,86,72526,574079,21396346,206576,1296,63663020,63997104,64771556,0,0,0,1,1,0,10668064,2038324870,2051827283,31,31,324,1591154,3186198,0,54518892,53309,387912342,299217317,0
1789564832.4798536,3.255,5649135,355951,0,111,60,86,72530,574120,21402292,208856,1296,63703500,64036432,64771556,0,0,0,1,1,0,10668519,2038372895,2051875307,31,31,324,1592193,3188280,0,54523419,53313,387914790,299217317,0
1789564832.8787525,3.654,5649745,355977,0,111,61,86,72532,574122,21403339,237048,1296,63683736,64002184,64771556,0,0,0,1,1,0,10669615,2038605205,2052107618,31,31,324,1592061,3188016,0,54526767,53541,387943730,299217321,0
1789564833.1314383,3.907,5650121,355996,0,111,61,86,72533,574127,21403983,251076,1296,63665928,63977268,64771556,0,0,0,1,1,0,10670428,2038789390,2052291851,31,31,324,1591794,3187481,0,54530697,53649,387957814,299217321,0
1789564833.381821,4.157,5650496,356013,0,111,61,86,72534,574134,21404576,262692,1296,63650320,63955780,64771556,0,0,0,1,1,0,10671179,2038958388,2052460859,31,31,324,1591551,3186995,0,54534702,53743,387969546,299217321,0
1789564833.6323698,4.408,5650864,356027,0,111,61,86,72536,574152,21406279,269128,1296,63631504,63933664,64771556,0,0,0,0,4,0,10672074,2039041974,2052544466,31,31,324,1591164,3186219,0,54538185,53755,387976158,299217321,0
1789564833.8830516,4.659,5651221,356041,0,111,61,86,72537,574179,21408080,272272,1296,63613292,63913872,64771556,0,0,0,0,3,0,10672676,2039122243,2052624735,31,31,324,1590749,3185387,0,54541849,53759,387979306,299217321,0
1789564834.1335402,4.909,5651552,356053,0,111,61,86,72540,574234,21410268,274860,1296,63551320,63850344,64771556,0,0,0,1,4,0,10673328,2039177626,2052680118,31,31,324,1589228,3182342,0,54560391,53759,387981914,299217321,0
1789564834.3842468,5.16,5651902,356064,0,111,61,86,72542,574272,21412063,277584,1296,63519844,63816132,64771556,0,0,0,1,2,0,10673733,2039229151,2052731643,31,31,324,1588442,3180768,0,54568132,53759,387984662,299217321,0
1789564834.634686,5.41,5652259,356075,0,111,61,86,72544,574302,21415970,281032,1296,63500272,63793112,64771556,0,0,0,0,4,0,10674174,2039269456,2052771948,31,31,324,1587953,3179790,0,54574293,53762,387988166,299217321,0
1789564834.8851287,5.661,5652613,356085,0,111,61,86,72544,574335,21417550,283984,1296,63496928,63786816,64771556,0,0,0,1,1,0,10674630,2039322144,2052824636,31,31,324,1587870,3179623,0,54576736,53762,387991026,299217321,0
1789564835.135523,5.911,5652960,356094,0,111,61,86,72546,574377,21420015,286052,1396,63489072,63776872,64771556,0,0,0,1,1,0,10675027,2039359582,2052862088,31,31,349,1587674,3179230,0,54580119,53764,387993130,299217321,0
1789564835.3859823,6.161,5653321,356105,0,111,61,86,72547,574403,21422037,289500,1396,63476476,63760824,64771556,0,0,0,1,1,0,10675565,2039433230,2052935736,31,31,349,1587359,3178600,0,54583421,53764,387996570,299217321,0
1789564835.6364114,6.412,5653672,356112,0,111,61,86,72548,574443,21423249,292120,1396,63461592,63743324,64771556,0,0,0,0,2,0,10675799,2039466548,2052969060,31,31,349,1586988,3177856,0,54588390,53764,387999178,299217321,0
1789564835.8867476,6.662,5653996,356114,0,111,61,86,72552,574513,21432560,292916,1396,63446256,63727244,64771556,0,0,0,0,2,0,10676467,2039471418,2052973929,31,31,349,1586605,3177090,0,54592040,53766,387999866,299217321,0
1789564836.1371067,6.913,5654324,356116,0,111,61,86,72553,574577,21437697,293536,1396,63431776,63712084,64771556,0,0,0,0,4,0,10676867,2039480415,2052982926,31,31,349,1586243,3176366,0,54595347,53766,388000478,299217321,0
1789564836.3875768,7.163,5654681,356129,0,111,61,86,72555,574606,21440594,296960,1396,63427320,63704204,64771556,0,0,0,1,1,0,10677383,2039552157,2053054668,31,31,349,1586132,3176143,0,54596737,53769,388004046,299217321,0
1789564836.6380556,7.414,5655054,356138,0,111,61,86,72556,574623,21441692,299940,1396,63419996,63693900,64771556,0,0,0,0,2,0,10677931,2039640772,2053143283,31,31,349,1585949,3175777,0,54598505,53769,388006914,299217321,0
1789564836.8885043,7.664,5655420,356145,0,111,61,86,72558,574649,21443553,301600,1396,63401920,63674156,64771556,0,0,0,0,4,0,10678350,2039694624,2053197135,31,31,349,1585498,3174873,0,54602609,53769,388008558,299217321,0
1789564837.1389875,7.914,5655774,356157,0,111,61,86,72560,574681,21444975,304856,1396,63381276,63650252,64771556,0,0,0,0,2,0,10678726,2039756557,2053259077,31,31,349,1584983,3173841,0,54608399,53769,388011814,299217321,0
1789564837.3894372,8.165,5656147,356167,0,111,61,86,72561,574698,21445920,307492,1396,63360832,63627180,64771556,0,0,0,0,3,0,10679910,2039844717,2053347246,31,31,349,1584472,3172819,0,54613310,53769,388014526,299217321,0
1789564837.639924,8.415,5656494,356173,0,111,61,86,72563,574743,21447559,309120,1396,63340004,63604716,64771556,0,0,0,0,2,0,10680119,2039875198,2053377727,31,31,349,1583953,3171778,0,54618885,53769,388016086,299217321,0
1789564837.8903801,8.666,5656861,356182,0,111,61,86,72565,574764,21448911,310984,1396,63317752,63580284,64771556,0,0,0,0,4,0,10680602,2039947174,2053449702,31,31,349,1583397,3170666,0,54624564,53769,388018486,299217321,0
1789564838.1408467,8.916,5657190,356187,0,111,61,86,72568,574827,21455750,312580,1396,63280088,63540728,64771556,0,0,0,0,4,0,10681040,2039963106,2053465635,31,31,349,1582457,3168783,0,54633158,53769,388020222,299217321,0
1789564838.3913412,9.167,5657496,356190,0,111,61,86,72571,574912,21460183,315068,1400,63220924,63479088,64771556,0,0,0,0,5,0,10681303,2039966680,2053469209,31,31,350,1580980,3165826,0,54646968,53769,388021774,299218313,0
1789564838.6418295,9.417,5657861,356202,0,111,61,86,72572,574935,21461027,318324,1400,63199844,63454752,64771556,0,0,0,0,2,0,10681734,2040050011,2053552540,31,31,350,1580454,3164772,0,54652513,53769,388024974,299218313,0
1789564838.8922718,9.668,5658215,356208,0,111,61,86,72577,574972,21463464,319964,1408,63283664,63536964,64771556,0,0,0,1,1,0,10681911,2040061544,2053564073,31,31,352,1582546,3168962,0,54662865,53769,388026554,299218313,0
1789564839.1427002,9.918,5658583,356216,0,111,61,86,72578,574994,21465396,321860,1408,63264052,63515404,64771556,0,0,0,0,2,0,10682677,2040093192,2053595730,31,31,352,1582057,3167982,0,54668131,53769,388028506,299218313,0
1789564839.3931694,10.169,5658953,356222,0,111,61,86,72580,575016,21466547,323816,1408,63236724,63486116,64771556,0,0,0,0,2,0,10683034,2040145719,2053648257,31,31,352,1581374,3166616,0,54674627,53769,388030462,299218313,0
1789564839.6436188,10.419,5659286,356231,0,111,61,86,72583,575071,21469967,326560,1412,63213532,63460172,64771556,0,0,0,0,3,0,10683805,2040179746,2053682287,31,31,353,1580775,3165416,0,54681193,53770,388033138,299218313,0
1789564839.8940501,10.67,5659600,356232,0,111,61,86,72586,575151,21478027,327236,1472,63199792,63445744,64771556,0,0,0,0,13,0,10684284,2040182209,2053684750,31,31,368,1580452,3164769,0,54684866,53770,388033778,299218373,0
1789564840.1447575,10.92,5659882,356247,0,111,61,86,72593,575242,21489033,455564,1472,63143152,63260756,64771556,0,0,0,0,3,0,10684997,2040200658,2053703209,31,31,368,1579038,3161938,0,54700929,53770,388162106,299218373,0
1789564840.395252,11.171,5660150,356250,0,111,61,86,72612,575352,21498150,456376,1472,62875192,62991660,64771556,0,0,0,0,12,0,10685443,2040203750,2053706300,32,32,368,1572349,3148543,0,54763373,53770,388162970,299218373,0
1789564840.6461563,11.422,5660402,356262,0,111,61,86,72632,575465,21505238,580316,32128,62477252,62469744,64771556,0,0,0,2,3,0,10685994,2040215032,2053717588,32,32,8032,1562401,3128623,0,54854093,53770,388256742,299218373,0
1789564840.8966541,11.672,5660680,356275,0,111,61,86,72648,575556,21509927,741804,97456,62179048,62009244,64771556,0,0,0,3,2,0,10686324,2040233390,2053735958,32,32,24364,1554957,3113717,0,54923001,53791,388353802,299218373,0
1789564841.147358,11.923,5660955,356296,0,111,61,86,72664,575642,21513020,894420,181908,61927344,61602628,64771556,0,0,0,1,6,0,10686585,2040258641,2053761292,32,32,45477,1548650,3101086,0,54989505,53844,388424094,299218373,0
1789564841.398024,12.173,5661183,356323,0,111,61,86,72689,575759,21518600,1050040,203824,61728852,61247340,64771556,0,0,0,1,6,0,10687104,2040287180,2053789981,32,32,50956,1543678,3091131,0,55014909,53882,388557474,299218373,0
1789564841.6484876,12.424,5661414,356347,0,111,61,86,72706,575888,21525010,1244708,269040,61631628,60954536,64771556,0,0,0,0,7,0,10687473,2040317622,2053820494,32,32,67260,1541232,3086234,0,55054339,53888,388687810,299218373,0
1789564841.898988,12.674,5661692,356365,0,111,61,86,72717,575978,21528736,1460292,356064,61647116,60752944,64771556,0,0,0,0,5,0,10688113,2040346335,2053849223,32,32,89016,1541596,3086961,0,55064842,53920,388818034,299218377,0
1789564842.1494536,12.925,5661974,356373,0,111,61,86,72743,576063,21533421,1643576,411768,61452292,60373632,64771556,0,0,0,0,5,0,10688818,2040357837,2053860728,32,32,102942,1536702,3077163,0,55092794,53920,388945562,299218377,0
1789564842.3999743,13.175,5662258,356379,0,111,61,86,72758,576157,21539467,1883916,492604,61437364,60117356,64771556,0,0,0,1,4,0,10689226,2040371027,2053873918,32,32,123151,1536305,3076366,0,55118027,53920,389104942,299218377,0
1789564842.6506488,13.426,5662537,356383,0,111,61,86,72767,576265,21541728,2070408,583248,61419176,59911628,64771556,0,0,0,0,6,0,10689495,2040380733,2053883624,32,32,145812,1535825,3075406,0,55123099,53920,389200546,299218377,0
1789564842.901366,13.677,5662772,356392,0,111,61,86,72792,576399,21548054,2299864,626432,61220280,59482516,64771556,0,0,0,1,4,0,10690260,2040388601,2053891493,32,32,156608,1530841,3065425,0,55156756,53920,389387186,299218377,0
1789564843.1518478,13.927,5663069,356400,0,111,61,86,72799,576486,21551530,2581044,711460,61218576,59198700,64771556,0,0,0,0,5,0,10690727,2040407571,2053910468,32,32,177865,1530775,3065294,0,55158678,53920,389583058,299218377,0
1789564843.4023302,14.178,5663348,356402,0,111,61,86,72821,576581,21554634,2730164,797092,60999616,58829532,64771556,0,0,0,0,11,0,10690990,2040409754,2053912652,32,32,199273,1525282,3054293,0,55178854,53920,389646962,299218377,0
1789564843.6528382,14.428,5663632,356411,0,111,61,86,72828,576681,21558352,2989188,863968,61035072,58605360,64771556,0,0,0,0,5,0,10691410,2040429715,2053932613,32,32,215992,1526152,3056036,0,55181687,53920,389838066,299218377,0
1789564843.9033086,14.679,5663931,356415,0,111,61,86,72835,576771,21560673,3216644,964508,61085264,58426396,64771556,0,0,0,0,5,0,10691684,2040440464,2053943362,32,32,241127,1527363,3058460,0,55182740,53920,389965570,299218377,0
1789564844.1537812,14.929,5664211,356421,0,111,61,86,72858,576861,21566835,3437208,1021828,60926084,58045676,64771556,0,0,0,1,4,0,10692459,2040453043,2053955942,32,32,255457,1523352,3050429,0,55200704,53920,390129814,299218377,0
1789564844.4042728,15.18,5664509,356434,0,111,61,86,72866,576943,21570271,3730528,1099760,61003056,57827880,64771556,0,0,0,0,5,0,10692944,2040485989,2053988888,32,32,274940,1525250,3054230,0,55202436,53920,390344746,299218377,0
1789564844.6547432,15.43,5664801,356436,0,111,61,86,72883,577032,21572105,3875876,1193080,60875776,57554060,64771556,0,0,0,1,5,0,10693125,2040490946,2053993845,32,32,298270,1522041,3047804,0,55207563,53920,390397130,299218377,0
1789564844.9052415,15.681,5665065,356454,0,111,61,86,72902,577134,21578407,4132956,55780,60894772,57314976,64771556,0,1180064,0,0,5,0,10693637,2040522523,2054025425,32,32,13945,1522493,3048708,295016,55223688,53920,390603090,300407237,0
1789564845.1557136,15.931,5665352,356466,0,111,61,86,72908,577228,21581095,4346544,141748,60957932,57163360,64771556,0,1171872,0,0,6,0,10693944,2040546197,2054049104,32,32,35437,1524039,3051804,292968,55226867,53921,390730622,300407237,0
1789564845.4061973,16.182,5665632,356475,0,111,61,86,72929,577316,21584724,4524528,209584,60821216,56847180,64771556,0,1155488,0,1,5,0,10694399,2040562025,2054064944,32,32,52396,1520590,3044898,288872,55232279,53921,390841938,300407237,0
1789564845.6566722,16.432,5665920,356490,0,111,61,86,72941,577402,21589872,4756024,277492,60830460,56624080,64771556,0,1147296,0,1,4,0,10695002,2040594129,2054097053,32,32,69373,1520800,3045318,286824,55250891,53921,391004570,300407237,0
1789564845.9071534,16.683,5666218,356498,0,111,61,86,72948,577489,21591927,4960684,373636,60863192,56450612,64771556,0,1130560,0,0,6,0,10696188,2040612563,2054115585,32,32,93409,1521565,3046851,282640,55252406,53921,391113134,300407237,0
1789564846.157611,16.933,5666498,356511,0,111,61,86,72966,577578,21595963,5172216,424392,60760268,56135032,64771556,0,1122368,0,0,5,0,10697088,2040634773,2054137801,32,32,106098,1518980,3041674,280592,55256794,53921,391274386,300407237,0
1789564846.4083233,17.184,5666771,356524,0,111,61,86,72976,577681,21601004,5390012,495812,60751852,55907732,64771556,0,1105984,0,2,4,0,10697608,2040656688,2054159731,32,32,123953,1518743,3041201,276496,55278048,53921,391420130,300407237,0
1789564846.65902,17.434,5667060,356529,0,111,61,86,72990,577774,21603243,5585104,593780,60724168,55683660,64771556,0,1097792,0,1,4,0,10698323,2040667456,2054170537,32,32,148445,1518020,3039752,274448,55281142,53921,391517274,300407237,0
1789564846.9095025,17.685,5667330,356548,0,111,61,86,73004,577871,21607712,5842868,639516,60664540,55365200,64771556,0,1081056,0,1,6,0,10699336,2040697017,2054200138,32,32,159879,1516505,3036718,270264,55286010,53921,391729666,300407237,0
1789564847.1600184,17.935,5667614,356558,0,111,61,86,73010,577970,21610962,6075304,722972,60717016,55183872,64771556,0,1072864,0,0,5,0,10699713,2040719385,2054222507,32,32,180849,1517790,3039292,268216,55287890,53921,391878158,300407237,0
1789564847.410523,18.186,5667897,356569,0,111,61,86,73028,578057,21614374,6267944,799652,60611516,54884480,64771556,0,1056480,0,0,5,0,10700251,2040731371,2054234565,32,32,199913,1515116,3033936,264120,55293292,53921,391994646,300407237,0
1789564847.6612403,18.437,5668193,356581,0,111,61,86,73036,578141,21617573,6479060,872000,60650268,54711316,64771556,0,1048288,0,0,5,0,10700624,2040759047,2054262242,32,32,218000,1516063,3035833,262072,55294631,53921,392133190,300407237,0
1789564847.9117315,18.687,5668488,356592,0,111,61,86,73043,578227,21620479,6696220,961356,60675892,54518388,64771556,0,1031544,0,0,5,0,10701894,2040785843,2054289077,32,32,240339,1516668,3037045,257886,55295400,53921,392260690,300407237,0
1789564848.1622157,18.938,5668769,356605,0,111,61,86,73063,578315,21624369,6896536,1015956,60551332,54192380,64771556,0,1023352,0,1,4,0,10702711,2040811895,2054315155,32,32,253989,1513530,3030762,255838,55300647,53921,392407006,300407237,0
1789564848.412691,19.188,5669067,356621,0,111,61,86,73070,578393,21627449,7145884,1094180,60617476,54008128,64771556,0,1006968,0,3,2,0,10703770,2040845260,2054348537,32,32,273545,1515144,3033994,251742,55301534,53921,392577666,300407237,0
1789564848.6631782,19.439,5669366,356629,0,111,61,86,73080,578475,21629118,7331288,1190968,60618976,53822732,64771556,0,998776,0,1,4,0,10704816,2040864972,2054368282,32,32,297742,1515155,3034015,249694,55303881,53921,392666494,300407237,0
1789564848.913654,19.689,5669659,356650,0,111,61,86,73099,578542,21634822,7597256,1232824,60560912,53497508,64771556,0,982016,0,1,4,0,10706321,2040907616,2054410986,32,32,308206,1513676,3031054,245504,55315295,53921,392890898,300407237,0
1789564849.1641538,19.94,5669955,356660,0,111,61,87,73104,578630,21637040,7820896,1320952,60620764,53332660,64771556,0,973824,0,0,6,0,10707054,2040931836,2054435215,32,32,330238,1515144,3033993,243456,55316226,53921,393025714,300407237,0
1789564849.4148657,20.19,5670235,356670,0,111,61,87,73122,578721,21639580,8009124,1394860,60502696,53024864,64771556,0,957440,0,1,4,0,10707729,2040947275,2054450704,32,32,348715,1512159,3028016,239360,55320725,53921,393140282,300407237,0
1789564849.6653404,20.441,5670521,356682,0,111,61,87,73133,578813,21644153,8219324,1464388,60541172,52852852,64771556,0,949248,0,0,5,0,10708269,2040965396,2054468867,32,32,366097,1513102,3029905,237312,55332032,53921,393280874,300407237,0
1789564849.9158192,20.691,5670816,356689,0,111,61,87,73140,578902,21646065,8443364,1560632,60603456,52689112,64771556,0,932504,0,0,5,0,10708681,2040984239,2054487933,32,32,390158,1514618,3032939,233126,55332770,53921,393408226,300407773,0
1789564850.1662023,20.942,5671108,356704,0,111,61,87,73159,578978,21649302,8669304,1614884,60490680,52349148,64771556,0,924312,0,1,4,0,10709396,2041009901,2054513621,32,32,403721,1511771,3027238,231078,55337279,53921,393580502,300407773,0
1789564850.4166405,21.192,5671402,356719,0,111,61,87,73165,579063,21652702,8925384,1691976,60567888,52169400,64771556,0,907928,0,0,5,0,10709876,2041045791,2054549512,32,32,422994,1513667,3031035,226982,55338189,53921,393758886,300407773,0
1789564850.667117,21.443,5671699,356725,0,111,61,87,73180,579145,21654250,9090068,1785180,60499820,51935008,64771556,0,899736,0,0,6,0,10710508,2041053669,2054557520,32,32,446295,1511936,3027570,224934,55341792,53921,393831734,300407773,0
1789564850.9175851,21.693,5671997,356742,0,111,61,87,73190,579219,21657786,9349892,1840212,60518508,51692956,64771556,0,891192,0,1,5,0,10711579,2041089864,2054593764,32,32,460159,1512368,3028433,222798,55343373,53921,394035602,300407773,0
1789564851.1680963,21.944,5672282,356754,0,111,61,87,73197,579315,21661510,9570028,1922656,60592396,51545296,64771556,0,874808,0,0,5,0,10712541,2041114315,2054618242,32,32,480664,1514190,3032082,218702,55344341,53921,394173226,300407773,0
1789564851.4185855,22.194,5672575,356763,0,111,61,87,73216,579394,21664506,9744764,1992164,60471540,51248512,64771556,0,866616,0,0,6,0,10713180,2041133220,2054637365,32,32,498041,1511143,3025982,216654,55348707,53921,394278818,300407773,0
1789564851.6693115,22.445,5672869,356775,0,111,61,87,73222,579481,21667219,9973760,2079964,60559764,51106448,64771556,0,850232,0,1,5,0,10714233,2041160127,2054664295,32,32,519991,1513326,3030352,212558,55348789,53921,394420090,300407773,0
1789564851.9197912,22.695,5673148,356787,0,111,61,87,73229,579584,21670125,10223756,2191608,60618488,50913672,64771556,0,841688,0,0,5,0,10714597,2041184074,2054688243,32,32,547902,1514717,3033139,210422,55349289,53921,394557826,300407773,0
1789564852.1702666,22.946,5673437,356799,0,111,61,87,73246,579663,21673691,10421332,2244076,60640100,50736680,64771556,0,825304,0,0,5,0,10715448,2041204584,2054708804,32,32,561019,1515255,3034216,206326,55352581,53921,394703414,300407773,0
1789564852.4207358,23.196,5673735,356815,0,111,61,87,73254,579743,21677365,10691560,2332992,60655948,50480756,64771556,0,817112,0,1,5,0,10715980,2041244643,2054748863,32,32,583248,1515613,3034932,204278,55352598,53921,394884698,300407773,0
1789564852.6711667,23.447,5674011,356827,0,111,61,87,73272,579836,21681977,10881328,2401120,60687800,50321488,64771556,0,800728,0,0,5,0,10716786,2041257888,2054762144,32,32,600280,1516374,3036455,200182,55355837,53921,395006234,300407773,0
1789564852.9216592,23.697,5674304,356843,0,111,61,87,73279,579921,21685487,11146272,2486568,60709992,50077628,64771556,0,792160,0,0,5,0,10718203,2041295730,2054800034,32,32,621744,1516910,3037530,198040,55355870,53921,395185558,300407773,0
1789564853.1723764,23.948,5674601,356856,0,111,61,87,73295,579995,21689381,11372692,2560384,60735532,49875440,64771556,0,775776,0,2,3,0,10721125,2041319300,2054823698,32,32,640096,1517518,3038747,193944,55360672,53921,395338786,300407773,0
1789564853.4228466,24.198,5674899,356872,0,111,61,87,73303,580072,21692622,11625348,2647324,60746912,49633144,64771556,0,767584,0,0,5,0,10721575,2041354554,2054858978,32,32,661831,1517774,3039260,191896,55361381,53921,395504406,300407773,0
1789564853.6732914,24.449,5675193,356888,0,111,61,87,73318,580147,21696546,11865608,2726212,60766864,49410720,64771556,0,751200,0,1,4,0,10722043,2041385866,2054890306,32,32,681553,1518209,3040131,187800,55363584,53921,395665298,300407773,0
1789564853.9237583,24.699,5675460,356904,0,111,61,87,73331,580250,21700637,12102732,2805524,61066712,49472848,64771556,0,742656,0,0,6,0,10722439,2041412713,2054917161,32,32,701381,1525679,3055090,185664,55367036,53921,395823254,300407773,0
1789564854.1742728,24.95,5675754,356920,0,111,61,87,73344,580327,21703964,12351468,2893580,61297856,49453424,64771556,0,726272,0,0,5,0,10723718,2041446800,2054951296,32,32,723651,1531404,3066552,181568,55368032,53921,395982678,300407773,0
1789564854.424956,25.2,5676044,356934,0,111,61,87,73359,580408,21707827,12584160,2968484,61273184,49195052,64771556,0,718080,0,0,5,0,10724540,2041470956,2054975520,32,32,742121,1530773,3065290,179520,55376129,53921,396142102,300407773,0
1789564854.6754432,25.451,5676336,356950,0,111,61,87,73366,580493,21712324,12837928,3055580,61314560,48981372,64771556,0,701696,0,0,8,0,10725037,2041506385,2055011004,32,32,763895,1531764,3067273,175424,55376856,53921,396308186,300407773,0
1789564854.9259233,25.701,5676665,356958,0,111,61,87,73380,580542,21714725,12964812,3099440,61357692,48896544,64771556,0,693140,0,0,2,0,10725351,2041528061,2055032680,32,32,774860,1532812,3069372,173285,55381150,53921,396391202,300408309,0
1789564855.1763797,25.952,5677023,356960,0,111,61,87,73385,580577,21717553,13013428,3118200,61366936,48856784,64771556,0,676756,0,0,5,0,10726025,2041539915,2055044542,32,32,779550,1533033,3069815,169189,55382049,53921,396421094,300408309,0
1789564855.42685,26.202,5677254,356961,0,111,61,87,73389,580740,21724293,13013428,3118200,61358756,48848560,64771556,0,668564,0,0,7,0,10726332,2041540138,2055044765,32,32,779550,1532829,3069406,167141,55384863,53921,396421210,300408309,0
1789564855.6773252,26.453,5677492,356961,0,111,61,87,73392,580899,21727996,13013428,3118200,61348168,48837972,64771556,0,652180,0,0,6,0,10726517,2041540166,2055044794,32,32,779550,1532565,3068877,163045,55386388,53921,396421210,300408309,0
1789564855.92782,26.703,5677777,356961,0,111,61,87,73394,581012,21729780,13013428,3118200,61347972,48837776,64771556,0,643636,0,0,5,0,10726880,2041540166,2055044902,32,32,779550,1532560,3068867,160909,55386480,53921,396421210,300408309,0
1789564856.1782925,26.954,5678062,356961,0,111,61,87,73398,581123,21731417,13013640,3118296,61362504,48852076,64771556,0,627252,0,0,3,0,10727223,2041540209,2055044989,32,32,779574,1532923,3069594,156813,55386905,53921,396421210,300408309,0
1789564856.428759,27.204,5678347,356961,0,111,61,87,73400,581236,21732867,13013640,3118296,61362256,48851824,64771556,0,619060,0,0,5,0,10727610,2041540250,2055045073,32,32,779574,1532916,3069581,154765,55387127,53921,396421210,300408309,0
1789564856.6792266,27.455,5678634,356961,0,111,61,87,73402,581347,21733767,13013640,3118296,61362012,48851572,64771556,0,602676,0,0,5,0,10727905,2041540250,2055045320,32,32,779574,1532870,3069488,150669,55387191,53921,396421210,300408309,0
1789564856.9297612,27.705,5678917,356961,0,111,61,87,73404,581463,21735071,13013736,3118392,61360024,48849492,64771556,0,594120,0,0,5,0,10728005,2041540250,2055045518,32,32,779598,1532861,3069470,148530,55387303,53921,396421210,300408309,0
1789564857.1802545,27.956,5679207,356961,0,111,61,87,73407,581568,21737261,13013736,3118392,61382428,48871896,64771556,0,577736,0,0,5,0,10728375,2041540250,2055045939,32,32,779598,1533420,3070590,144434,55387478,53921,396421210,300408309,0
1789564857.430734,28.206,5679498,356961,0,111,61,87,73409,581676,21738871,13013736,3118392,61382428,48871896,64771556,0,569544,0,0,5,0,10728559,2041540250,2055046070,32,32,779598,1533420,3070590,142386,55387543,53921,396421210,300408309,0
1789564857.6812184,28.457,5679780,356961,0,111,61,87,73411,581792,21739420,13013736,3118392,61380916,48870384,64771556,0,553160,0,0,5,0,10729530,2041540250,2055046399,32,32,779598,1533382,3070514,138290,55388179,53921,396421210,300408309,0
1789564857.93172,28.707,5680068,356961,0,111,61,87,73413,581903,21740498,13013736,3118392,61380512,48869980,64771556,0,544616,0,0,5,0,10730124,2041540250,2055046502,32,32,779598,1533372,3070494,136154,55388250,53921,396421210,300408309,0
1789564858.182225,28.958,5680361,356961,0,111,61,87,73415,582009,21741167,13013928,3118584,61398676,48887956,64771556,0,536424,0,0,6,0,10730796,2041540263,2055046728,32,32,779646,1533826,3071402,134106,55388276,53921,396421210,300408309,0
1789564858.4327075,29.208,5680639,356961,0,111,61,87,73417,582128,21743036,13013928,3118584,61386220,48875492,64771556,0,520040,0,0,6,0,10730884,2041540294,2055046759,32,32,779646,1533515,3070779,130010,55391255,53921,396421210,300408309,0
1789564858.6831868,29.459,5680927,356961,0,111,61,87,73419,582239,21743833,13013928,3118584,61386220,48875492,64771556,0,511848,0,0,5,0,10730905,2041540338,2055046804,32,32,779646,1533515,3070779,127962,55391281,53921,396421210,300408309,0
1789564858.9336507,29.709,5681214,356961,0,111,61,87,73421,582352,21744750,13014024,3118680,61386112,48875292,64771556,0,495096,0,0,6,0,10730925,2041540441,2055046907,32,32,779670,1533512,3070774,123774,55391411,53921,396421210,300408309,0
1789564859.1841412,29.96,5681490,356961,0,111,61,87,73423,582473,21745871,13014024,3118680,61395860,48885040,64771556,0,486904,0,0,5,0,10731578,2041540441,2055047020,32,32,779670,1533755,3071261,121726,55392687,53921,396421210,300408309,0
1789564859.4346192,30.21,5681778,356962,0,111,61,87,73426,582584,21746601,13014120,3118872,61395636,48884724,64771556,0,470520,0,0,5,0,10732061,2041540511,2055047295,32,32,779718,1533750,3071250,117630,55392854,53921,396421210,300408417,0
1789564859.6851015,30.461,5682048,356962,0,111,61,87,73428,582711,21747411,13014120,3118872,61395636,48884724,64771556,0,462328,0,0,5,0,10732584,2041540511,2055047384,32,32,779718,1533750,3071250,115582,55392933,53921,396421210,300408417,0
1789564859.9355817,30.711,5682334,356962,0,111,61,87,73430,582823,21747930,13014120,3118872,61395144,48884220,64771556,0,445592,0,0,5,0,10732597,2041540609,2055047483,32,32,779718,1533737,3071225,111398,55392968,53921,396421210,300408417,0
1789564860.1860726,30.962,5682628,356963,0,111,61,87,73433,582924,21748550,13014216,3114832,61411624,48900604,64771556,0,437400,0,0,5,0,10732652,2041540775,2055047661,32,32,778708,1534149,3072049,109350,55392987,53921,396421210,300412621,0
1789564860.4365559,31.212,5682923,356963,0,111,61,87,73434,583029,21749399,13014216,3114832,61410884,48899848,64771556,0,421016,0,0,5,0,10733313,2041540775,2055047928,32,32,778708,1534130,3072012,105254,55393659,53921,396421210,300412621,0
1789564860.6870434,31.463,5683218,356963,0,111,61,87,73436,583133,21749730,13014312,3114928,61410912,48899784,64771556,0,412824,0,0,5,0,10733346,2041540775,2055048150,32,32,778732,1534131,3072014,103206,55393672,53921,396421210,300412621,0
1789564860.9375122,31.713,5683516,356963,0,111,61,87,73437,583234,21750259,13014312,3114928,61410912,48899784,64771556,0,396076,0,0,5,0,10733434,2041540776,2055048165,32,32,778732,1534131,3072014,99019,55393683,53921,396421210,300412621,0
1789564861.1880207,31.963,5683812,356963,0,111,61,87,73438,583338,21751336,13014312,3114928,61427220,48916092,64771556,0,387884,0,0,5,0,10733733,2041540789,2055048178,32,32,778732,1534538,3072829,96971,55393958,53921,396421218,300412621,0
1789564861.4385068,32.214,5684108,356963,0,111,61,87,73440,583441,21751784,13014408,3115024,61427048,48915824,64771556,0,371500,0,0,5,0,10733751,2041540792,2055048181,32,32,778756,1534534,3072820,92875,55393970,53921,396421218,300412621,0
1789564861.689019,32.464,5684400,356963,0,111,61,87,73442,583547,21752438,13014408,3115024,61427056,48915824,64771556,0,363308,0,0,5,0,10734131,2041540792,2055048288,32,32,778756,1534534,3072821,90827,55394004,53921,396421218,300412621,0
1789564861.9395146,32.715,5684697,356964,0,111,61,87,73444,583647,21752876,13014504,3115120,61426776,48915448,64771556,0,346576,0,0,5,0,10734137,2041540803,2055048300,32,32,778780,1534527,3072807,86644,55394028,53921,396421218,300412621,0
1789564862.1899972,32.965,5684975,356964,0,111,61,87,73447,583764,21754575,13014504,3115120,61429284,48917952,64771556,0,338384,0,0,5,0,10734345,2041540832,2055048329,32,32,778780,1534590,3072932,84596,55397297,53921,396421218,300412621,0
1789564862.4404676,33.216,5685266,356964,0,111,61,87,73449,583873,21755225,13014504,3115120,61428880,48917548,64771556,0,322256,0,0,7,0,10734408,2041540832,2055048755,32,32,778780,1534580,3072912,80564,55397802,53921,396421218,300412621,0
1789564862.6909983,33.466,5685552,356964,0,111,61,87,73451,583984,21756549,13014600,3115216,61427104,48915680,64771556,0,314064,0,0,5,0,10734777,2041540832,2055048868,32,32,778804,1534535,3072823,78516,55399015,53921,396421218,300412621,0
1789564862.941476,33.717,5685850,356964,0,111,61,87,73453,584085,21756957,13014600,3115216,61427104,48915680,64771556,0,297332,0,0,5,0,10735181,2041540832,2055049212,32,32,778804,1534535,3072823,74333,55399051,53921,396421218,300412621,0
1789564863.191968,33.967,5686147,356964,0,111,61,87,73455,584187,21757412,13014696,3115312,61429848,48918332,64771556,0,288872,0,0,5,0,10736382,2041540832,2055049374,32,32,778828,1534604,3072960,72218,55399055,53921,396421218,300412621,0
1789564863.442435,34.218,5686446,356964,0,111,61,87,73456,584286,21757719,13014696,3115312,61429848,48918332,64771556,0,272488,0,0,5,0,10737036,2041540832,2055049727,32,32,778828,1534604,3072960,68122,55399056,53921,396421218,300412621,0
1789564863.692902,34.468,5686734,356964,0,111,61,87,73459,584397,21758064,13014792,3115408,61427648,48916040,64771556,0,264296,0,0,7,0,10737259,2041540832,2055049819,32,32,778852,1534549,3072850,66074,55399436,53921,396421218,300412621,0
1789564863.943619,34.719,5687031,356964,0,111,61,87,73462,584497,21758687,13014792,3115408,61387708,48876088,64771556,0,247552,0,0,5,0,10738021,2041541273,2055050489,32,32,778852,1533552,3070854,61888,55406313,53922,396421230,300412621,0
1789564864.1940963,34.97,5687364,356964,0,111,61,87,73462,584564,21758865,13014804,3115408,61396908,48885288,64771556,0,239360,0,0,2,0,10738798,2041541273,2055050636,32,32,778852,1533781,3071313,59840,55406317,53922,396421230,300412621,0
1789564864.4445696,35.22,5687739,356964,0,111,61,87,73462,584590,21759034,13017288,3117892,61397320,48883216,64771556,0,222976,0,0,2,0,10738969,2041541279,2055050776,32,32,779473,1533792,3071334,55744,55406319,53922,396421230,300412621,0
1789564864.6950326,35.47,5688112,356964,0,111,61,87,73464,584615,21759123,13047796,3148400,61401028,48856416,64771556,0,214784,0,0,2,0,10739070,2041541279,2055051629,32,32,787100,1533884,3071519,53696,55406319,53922,396421230,300412621,0
1789564864.9454906,35.721,5688488,356964,0,111,61,87,73465,584639,21759172,13080308,3180912,61403028,48825500,64771556,0,198036,0,0,2,0,10741281,2041541279,2055053460,32,32,795228,1533914,3071579,49509,55406321,53922,396421230,300412621,0
1789564865.1958537,35.971,5688863,356965,0,111,61,87,73466,584663,21759300,13089408,3188148,61406448,48819600,64771556,0,190016,0,0,2,0,10743013,2041541322,2055053808,32,32,797037,1534004,3071759,47504,55406326,53922,396421234,300414545,0
1789564865.4463046,36.222,5689238,356965,0,111,61,87,73467,584687,21759379,13089408,3188148,61408976,48822128,64771556,0,181780,0,0,3,0,10745056,2041541322,2055054573,32,32,797037,1534067,3071886,45445,55406330,53922,396421234,300414545,0
1789564865.6967103,36.472,5689614,356965,0,111,61,87,73468,584711,21759431,13089408,3188148,61408976,48822128,64771556,0,165332,0,0,2,0,10746968,2041541322,2055054881,32,32,797037,1534067,3071886,41333,55406330,53922,396421234,300414545,0
1789564865.9471376,36.723,5689989,356965,0,111,61,87,73473,584731,21759522,13089408,3188152,61305552,48718704,64771556,0,157076,0,0,2,0,10748502,2041541322,2055055113,32,32,797038,1531485,3066716,39269,55428949,53922,396421234,300414545,0
1789564866.1975107,36.973,5690364,356965,0,111,61,87,73473,584756,21759600,13089408,3188160,61311116,48724252,64771556,0,140336,0,0,2,0,10750383,2041541322,2055055510,32,32,797040,1531624,3066994,35084,55428949,53922,396421234,300414545,0
1789564866.4479623,37.223,5690740,356965,0,111,61,87,73473,584781,21759637,13089408,3188160,61311116,48724252,64771556,0,132144,0,0,2,0,10751380,2041541322,2055055688,32,32,797040,1531624,3066994,33036,55428950,53922,396421234,300414545,0
1789564866.6983619,37.474,5691115,356965,0,111,61,87,73473,584806,21759688,13089408,3188160,61311116,48724252,64771556,0,115760,0,0,2,0,10754740,2041541322,2055056723,32,32,797040,1531624,3066994,28940,55428952,53922,396421234,300414545,0
1789564866.9487703,37.724,5691491,356965,0,111,61,87,73473,584831,21759736,13089408,3188160,61313408,48726544,64771556,0,107568,0,0,2,0,10756392,2041541322,2055057083,32,32,797040,1531682,3067109,26892,55428953,53922,396421234,300414545,0
1789564867.1991627,37.975,5691866,356965,0,111,61,87,73473,584856,21759824,13089408,3188160,61318336,48731472,64771556,0,90836,0,0,2,0,10760129,2041541570,2055057977,32,32,797040,1531805,3067355,22709,55428953,53922,396421234,300414545,0
1789564867.449551,38.225,5692242,356965,0,111,61,87,73473,584881,21759861,13089408,3188160,61318336,48731472,64771556,0,82644,0,0,2,0,10760229,2041541570,2055058917,32,32,797040,1531805,3067355,20661,55428954,53922,396421234,300414545,0
1789564867.699959,38.475,5692617,356965,0,111,61,87,73473,584907,21759924,13089408,3188160,61318336,48731472,64771556,0,66260,0,0,2,0,10763459,2041541570,2055059383,32,32,797040,1531805,3067355,16565,55428956,53922,396421234,300414545,0
1789564867.9503493,38.726,5692993,356965,0,111,61,87,73473,584932,21759963,13089408,3188160,61318336,48731472,64771556,0,58068,0,0,2,0,10765550,2041541570,2055060299,32,32,797040,1531805,3067355,14517,55428957,53922,396421234,300414545,0
1789564868.2007165,38.976,5693368,356965,0,111,61,87,73473,584957,21760045,13089408,3188160,61322432,48735568,64771556,0,41436,0,0,2,0,10768230,2041541570,2055060748,32,32,797040,1531907,3067560,10359,55428958,53922,396421234,300414545,0
1789564868.4511023,39.227,5693744,356965,0,111,61,87,73473,584982,21760080,13089408,3188160,61322432,48735568,64771556,0,33244,0,0,2,0,10769500,2041541570,2055060993,32,32,797040,1531907,3067560,8311,55428970,53922,396421234,300414545,0
1789564868.7014136,39.477,5694119,356965,0,111,61,87,73473,585007,21760132,13089408,3188160,61322432,48735568,64771556,0,16860,0,0,2,0,10772102,2041541675,2055061516,32,32,797040,1531907,3067560,4215,55428970,53922,396421234,300414545,0
1789564868.9517415,39.727,5694494,356965,0,111,61,87,73473,585032,21760192,13089408,3188160,61324440,48737576,64771556,0,8668,0,0,2,0,10772619,2041542134,2055061978,32,32,797040,1531957,3067660,2167,55428972,53922,396421234,300414545,0
1789564869.2020843,39.978,5694869,356965,0,111,61,87,73473,585057,21760269,13089408,3188160,61325692,48738828,64771556,0,0,0,0,2,0,10773877,2041542134,2055062012,32,32,797040,1531988,3067723,0,55428972,53922,396421234,300414545,0
1789564869.4524214,40.228,5695243,356965,0,111,61,87,73474,585084,21760381,13105504,3204256,61328176,48725004,64771556,0,0,0,0,2,0,10773890,2041542134,2055062012,32,32,801064,1532045,3067837,0,55428973,53922,396421234,300414545,0
1789564869.7028983,40.478,5695618,356965,0,111,61,87,73475,585108,21760416,13136896,3235648,61326708,48691740,64771556,0,0,0,0,2,0,10773902,2041542134,2055062012,32,32,809016,1532009,3067764,0,55428974,53922,396421234,300414545,0
1789564869.9532537,40.729,5695994,356965,0,111,61,87,73476,585132,21760451,13168720,3267472,61323208,48656012,64771556,0,0,0,0,2,0,10773927,2041542134,2055062012,32,32,816868,1531901,3067548,0,55428975,53922,396421234,300414545,0
1789564870.2035844,40.979,5696369,356965,0,111,61,87,73477,585156,21760500,13200624,3299376,61329708,48630108,64771556,0,0,0,0,2,0,10774069,2041542134,2055062012,32,32,824844,1532051,3067848,0,55428975,53922,396421234,300414545,0
1789564870.4539497,41.229,5696745,356965,0,111,61,87,73478,585180,21760547,13232448,3331200,61329376,48597548,64771556,0,0,0,0,2,0,10774084,2041542134,2055062012,32,32,832800,1532032,3067811,0,55428978,53922,396421234,300414585,0
1789564870.7042625,41.48,5697120,356965,0,111,61,87,73479,585204,21760581,13263904,3362656,61325940,48562252,64771556,0,0,0,0,2,0,10774084,2041542134,2055062012,32,32,840664,1531936,3067619,0,55428978,53922,396421234,300414585,0
1789564870.9545617,41.73,5697495,356965,0,111,61,87,73480,585228,21760616,13295328,3393676,61331996,48536480,64771556,0,0,0,0,2,0,10774084,2041542134,2055062012,32,32,848419,1532078,3067902,0,55428979,53922,396421234,300415225,0
1789564871.2048898,41.98,5697871,356965,0,111,61,87,73481,585252,21760669,13327040,3425148,61329876,48502048,64771556,0,0,0,0,2,0,10774254,2041542134,2055062012,32,32,856287,1532010,3067766,0,55428980,53922,396421234,300415225,0
1789564871.4551842,42.231,5698246,356965,0,111,61,87,73481,585277,21760700,13358912,3457020,61336376,48476272,64771556,0,0,0,0,2,0,10774254,2041542134,2055062012,32,32,864255,1532162,3068070,0,55428980,53922,396421234,300415225,0
1789564871.7055259,42.481,5698621,356965,0,111,61,87,73483,585301,21760771,13390288,3488396,61333676,48441792,64771556,0,0,0,0,2,0,10774266,2041542134,2055062012,32,32,872099,1532084,3067915,0,55428982,53922,396421234,300415225,0
1789564871.955987,42.731,5698997,356965,0,111,61,87,73484,585325,21760819,13390288,3488396,61333676,48441792,64771556,0,0,0,0,2,0,10774284,2041542134,2055062012,32,32,872099,1532084,3067915,0,55429016,53922,396421234,300415225,0
1789564872.2063243,42.982,5699372,356965,0,111,61,87,73485,585349,21760866,13390304,3488412,61334264,48442296,64771556,0,0,0,0,2,0,10774438,2041542134,2055062012,32,32,872103,1532097,3067941,0,55429021,53922,396421234,300415225,0
1789564872.4566636,43.232,5699745,356965,0,111,61,87,73487,585375,21761116,13390304,3490356,61333068,48441100,64771556,0,0,0,0,3,0,10774455,2041542134,2055062012,32,32,872589,1532067,3067881,0,55430173,53922,396421234,300415225,0
1789564872.7071269,43.483,5700115,356965,0,111,61,87,73491,585401,21761823,13390368,3492196,61325160,48433156,64771556,0,0,0,0,2,0,10774475,2041542134,2055062012,32,32,873049,1531869,3067485,0,55436057,53923,396421234,300415225,0
1789564872.957589,43.733,5700490,356965,0,111,61,87,73491,585427,21761858,13390368,3492196,61325160,48433156,64771556,0,0,0,0,2,0,10774475,2041542134,2055062012,32,32,873049,1531869,3067485,0,55436057,53923,396421234,300415225,0
1789564873.2079601,43.983,5700866,356965,0,111,61,87,73491,585452,21761928,13390368,3492240,61327652,48435648,64771556,0,0,0,0,2,0,10774635,2041542134,2055062012,32,32,873060,1531932,3067609,0,55436058,53923,396421234,300415225,0
1789564873.4583066,44.234,5701239,356965,0,111,61,87,73492,585477,21762449,13390368,3492240,61323572,48431504,64771556,0,0,0,0,2,0,10774664,2041542134,2055062012,32,32,873060,1531830,3067405,0,55438756,53923,396421234,300415225,0
1789564873.7087107,44.484,5701615,356965,0,111,61,87,73492,585503,21762486,13390368,3492240,61323572,48431504,64771556,0,0,0,0,2,0,10774676,2041542134,2055062012,32,32,873060,1531830,3067405,0,55438757,53923,396421234,300415225,0
1789564873.9590816,44.735,5701990,356965,0,111,61,87,73492,585528,21762521,13390368,3492240,61323572,48431504,64771556,0,0,0,0,2,0,10774676,2041542134,2055062012,32,32,873060,1531830,3067405,0,55438758,53923,396421234,300415225,0
1789564874.2094111,44.985,5702365,356965,0,111,61,87,73492,585553,21762576,13390368,3492240,61324224,48432156,64771556,0,0,0,0,2,0,10774819,2041542134,2055062012,32,32,873060,1531846,3067438,0,55438760,53923,396421234,300415225,0
1789564874.4597342,45.235,5702741,356965,0,111,61,87,73492,585578,21762651,13390368,3492240,61325464,48433396,64771556,0,0,0,0,2,0,10774833,2041542134,2055062012,32,32,873060,1531877,3067500,0,55438760,53923,396421234,300415225,0
1789564874.7100723,45.486,5703116,356965,0,111,61,87,73492,585603,21762692,13390368,3492240,61325956,48433888,64771556,0,0,0,0,2,0,10774882,2041542134,2055062012,32,32,873060,1531889,3067524,0,55438771,53923,396421234,300415225,0
1789564874.9603944,45.736,5703491,356965,0,111,61,87,73492,585628,21762741,13390368,3492240,61325956,48433888,64771556,0,0,0,0,2,0,10774882,2041542134,2055062012,32,32,873060,1531889,3067524,0,55438783,53923,396421234,300415225,0
1789564875.2107725,45.986,5703867,356965,0,111,61,87,73492,585653,21762798,13390368,3492240,61326244,48434176,64771556,0,0,0,0,2,0,10775072,2041542134,2055062012,32,32,873060,1531896,3067539,0,55438864,53923,396421234,300415225,0
1789564875.4610941,46.237,5704241,356965,0,111,61,87,73493,585678,21762862,13390360,3294520,61325424,48433356,64771556,0,197752,0,0,2,0,10775074,2041542137,2055062015,32,32,823630,1531876,3067498,49438,55438864,53923,396421238,300613305,0
1789564875.7114277,46.487,5704616,356965,0,111,61,87,73493,585703,21763009,13390360,3294520,61325424,48433356,64771556,0,190208,0,0,2,0,10776823,2041542647,2055062657,32,32,823630,1531876,3067498,47552,55438866,53923,396421238,300613305,0
1789564875.9618418,46.737,5704991,356965,0,111,61,87,73493,585728,21763121,13390360,3294520,61325424,48433356,64771556,0,169360,0,0,2,0,10777855,2041544535,2055064556,32,32,823630,1531876,3067498,42340,55438866,53923,396421238,300613305,0
1789564876.2121534,46.988,5705367,356965,0,111,61,87,73493,585753,21763188,13416540,3320388,61328188,48409720,64771556,0,161424,0,0,2,0,10780305,2041544535,2055064913,32,32,830097,1531938,3067623,40356,55438867,53923,396421238,300613305,0
1789564876.4624698,47.238,5705742,356965,0,111,61,87,73494,585777,21763237,13447196,3351044,61317800,48368344,64771556,0,153360,0,0,2,0,10782422,2041544535,2055065819,32,32,837761,1531669,3067083,38340,55438867,53923,396421238,300613305,0
1789564876.7127886,47.488,5706117,356965,0,111,61,87,73495,585801,21763294,13477912,3381764,61321880,48341632,64771556,0,140944,0,0,2,0,10784437,2041544535,2055065873,32,32,845441,1531762,3067269,35236,55438869,53923,396421238,300613305,0
1789564876.9631114,47.739,5706493,356965,0,111,61,87,73496,585825,21763352,13508712,3412568,61324084,48312108,64771556,0,124304,0,0,2,0,10786970,2041544535,2055066362,32,32,853142,1531804,3067353,31076,55438870,53923,396421238,300613305,0
1789564877.2134113,47.989,5706868,356965,0,111,61,87,73498,585848,21763431,13540480,3444328,61320184,48276044,64771556,0,112016,0,0,2,0,10789241,2041544535,2055067275,32,32,861082,1531696,3067138,28004,55438871,53923,396421238,300613305,0
1789564877.463745,48.239,5707243,356965,0,111,61,87,73499,585873,21763517,13572484,3476332,61312732,48236452,64771556,0,103824,0,0,2,0,10791124,2041544535,2055067558,32,32,869083,1531497,3066738,25956,55438871,53923,396421238,300613305,0
1789564877.7140648,48.49,5707619,356965,0,111,61,87,73500,585897,21763575,13604304,3508152,61318080,48209172,64771556,0,87440,0,0,2,0,10792668,2041544538,2055068048,32,32,877038,1531620,3066985,21860,55438871,53923,396421238,300613305,0
1789564877.9643831,48.74,5707994,356965,0,111,61,87,73501,585921,21763627,13636104,3539952,61314540,48173428,64771556,0,79224,0,0,2,0,10792793,2041544538,2055068048,32,32,884988,1531522,3066788,19806,55438873,53923,396421238,300613305,0
1789564878.214672,48.99,5708369,356965,0,111,61,87,73502,585945,21763692,13667920,3571768,61319476,48146148,64771556,0,62776,0,0,2,0,10795903,2041544538,2055069002,32,32,892942,1531635,3067015,15694,55438873,53923,396421238,300613305,0
1789564878.4650197,49.24,5708731,356965,0,111,61,87,73503,585983,21764317,13691272,3595120,61309828,48112652,64771556,0,50328,0,0,2,0,10796173,2041544538,2055069089,32,32,898780,1531381,3066508,12582,55441078,53923,396421238,300613305,0
1789564878.7154415,49.491,5709106,356965,0,111,61,87,73504,586007,21764378,13691272,3595120,61309828,48112652,64771556,0,37692,0,0,2,0,10798150,2041544538,2055069539,32,32,898780,1531381,3066508,9423,55441078,53923,396421238,300613305,0
1789564878.9657812,49.741,5709482,356965,0,111,61,87,73506,586031,21764421,13691272,3595120,61309828,48112652,64771556,0,29500,0,0,2,0,10798410,2041544538,2055069780,32,32,898780,1531381,3066508,7375,55441079,53923,396421238,300613305,0
1789564879.2161531,49.992,5709857,356965,0,111,61,87,73506,586056,21764509,13691272,3595120,61309684,48112508,64771556,0,16736,0,0,2,0,10798593,2041544542,2055069784,32,32,898780,1531378,3066500,4184,55441098,53923,396421238,300613305,0
1789564879.4665897,50.242,5710232,356965,0,111,61,87,73506,586081,21764560,13691272,3595120,61309684,48112508,64771556,0,0,0,0,2,0,10799116,2041544542,2055070287,32,32,898780,1531378,3066500,0,55441099,53923,396421238,300613305,0
1789564879.716949,50.492,5710607,356965,0,111,61,87,73506,586106,21764599,13691272,3595120,61309684,48112508,64771556,0,0,0,0,2,0,10799126,2041544542,2055070287,32,32,898780,1531378,3066500,0,55441100,53923,396421238,300613305,0
1789564879.967273,50.743,5710983,356965,0,111,61,87,73506,586131,21764632,13691272,3595120,61309684,48112508,64771556,0,0,0,0,2,0,10799126,2041544542,2055070287,32,32,898780,1531378,3066500,0,55441101,53923,396421238,300613305,0
1789564880.2175758,50.993,5711358,356965,0,111,61,87,73506,586156,21764685,13691272,3595120,61309684,48112508,64771556,0,0,0,0,2,0,10799234,2041544542,2055070287,32,32,898780,1531378,3066500,0,55441158,53923,396421238,300613305,0
1789564880.4679298,51.243,5711734,356965,0,111,61,87,73507,586181,21764729,13691272,3595120,61306452,48109276,64771556,0,0,0,0,2,0,10799234,2041544542,2055070287,32,32,898780,1531297,3066339,0,55442228,53923,396421238,300613305,0
1789564880.7182424,51.494,5712103,356966,0,111,61,87,73512,586206,21764842,13691376,2208876,61306164,48108828,64771556,0,1378104,0,0,2,0,10799240,2041544591,2055070340,32,32,552219,1531290,3066324,344526,55442229,53923,396421250,301999693,0
1789564880.9685905,51.744,5712479,356966,0,111,61,87,73512,586230,21764886,13691376,2208876,61302252,48104916,64771556,0,1369912,0,0,2,0,10800798,2041544591,2055070800,32,32,552219,1531192,3066128,342478,55442806,53923,396421250,301999693,0
1789564881.2189097,51.994,5712854,356966,0,111,61,87,73513,586256,21764970,13691376,2208876,61299144,48101800,64771556,0,1357616,0,0,2,0,10801491,2041544591,2055070955,32,32,552219,1531114,3065973,339404,55443816,53923,396421250,301999693,0
1789564881.4692273,52.245,5713229,356966,0,111,61,87,73513,586280,21765059,13691376,2208876,61290892,48093540,64771556,0,1341232,0,0,2,0,10802073,2041544591,2055071415,32,32,552219,1530908,3065560,335308,55444538,53923,396421250,301999693,0
1789564881.7195528,52.495,5713604,356966,0,111,61,87,73513,586306,21765146,13691376,2208876,61286852,48089500,64771556,0,1328944,0,0,2,0,10803210,2041544591,2055072341,32,32,552219,1530808,3065358,332236,55444951,53923,396421250,301999693,0
1789564881.9698517,52.745,5713980,356966,0,111,61,87,73513,586331,21765192,13691376,2208876,61286456,48089104,64771556,0,1320752,0,0,2,0,10805461,2041544591,2055072680,32,32,552219,1530798,3065339,330188,55445672,53923,396421250,301999693,0
1789564882.2201467,52.996,5714355,356966,0,111,61,87,73513,586356,21765259,13691376,2208876,61286852,48089500,64771556,0,1304368,0,0,2,0,10808514,2041544591,2055073672,32,32,552219,1530808,3065358,326092,55445870,53923,396421250,301999693,0
1789564882.4704425,53.246,5714730,356966,0,111,61,87,73513,586381,21765310,13691376,2208876,61286852,48089500,64771556,0,1292064,0,0,2,0,10809044,2041544591,2055074070,32,32,552219,1530808,3065358,323016,55445871,53923,396421250,301999693,0
1789564882.7207541,53.496,5715106,356966,0,111,61,87,73513,586406,21765359,13691376,2208876,61286852,48089500,64771556,0,1283872,0,0,2,0,10809343,2041544591,2055074320,32,32,552219,1530808,3065358,320968,55445872,53923,396421250,301999693,0
1789564882.9710813,53.747,5715481,356966,0,111,61,87,73514,586430,21765415,13721968,2239468,61289428,48061076,64771556,0,1271576,0,0,2,0,10809396,2041544595,2055074324,32,32,559867,1530851,3065446,317894,55445875,53923,396421250,301999693,0
1789564883.2213864,53.997,5715856,356966,0,111,61,87,73514,586455,21765497,13752464,2269964,61288976,48029756,64771556,0,1255320,0,0,2,0,10812623,2041544595,2055075275,32,32,567491,1530841,3065426,313830,55445875,53923,396421250,301999693,0
1789564883.4717557,54.247,5716232,356966,0,111,61,87,73515,586479,21765558,13783376,2300876,61281476,47990900,64771556,0,1243152,0,0,2,0,10814053,2041544763,2055075771,32,32,575219,1530642,3065028,310788,55445876,53923,396421250,301999693,0
1789564883.7221618,54.498,5716607,356966,0,111,61,87,73516,586503,21765605,13813860,2331360,61278192,47956804,64771556,0,1234960,0,0,2,0,10815521,2041544763,2055076192,32,32,582840,1530552,3064848,308740,55445877,53923,396421250,301999693,0
1789564883.9725323,54.748,5716983,356966,0,111,61,87,73516,586528,21765664,13844464,2361972,61274344,47921940,64771556,0,1218576,0,0,2,0,10818589,2041544763,2055077169,32,32,590493,1530446,3064635,304644,55445878,53923,396421250,301999693,0
1789564884.2229695,54.998,5717358,356966,0,111,61,87,73518,586552,21765730,13876176,2393676,61272288,47887596,64771556,0,1206032,0,0,2,0,10820936,2041544763,2055077585,32,32,598419,1530380,3064503,301508,55445879,53923,396421250,301999693,0
1789564884.473355,55.249,5717734,356966,0,111,61,87,73519,586576,21765779,13907708,2425208,61268604,47852092,64771556,0,1197840,0,0,2,0,10822394,2041544763,2055077857,32,32,606302,1530281,3064304,299460,55445880,53923,396421250,301999693,0
1789564884.723724,55.499,5718109,356966,0,111,61,87,73520,586600,21765828,13939824,2457324,61274308,47825180,64771556,0,1185536,0,0,2,0,10823069,2041544763,2055077969,32,32,614331,1530411,3064565,296384,55445881,53923,396421250,301999693,0
1789564884.9741106,55.75,5718484,356966,0,111,61,87,73520,586625,21765907,13971280,2488780,61275868,47794808,64771556,0,1169152,0,0,2,0,10824003,2041544763,2055078739,32,32,622195,1530437,3064616,292288,55445885,53923,396421250,301999693,0
1789564885.2245283,56.0,5718860,356966,0,111,61,87,73521,586649,21766035,13992288,2509788,61269564,47767096,64771556,0,1156856,0,0,2,0,10826469,2041544763,2055079296,32,32,627447,1530271,3064284,289214,55446574,53923,396421250,301999693,0
1789564885.474955,56.25,5719178,356966,0,111,61,87,73524,586728,21766984,13992288,2509788,61216732,47714264,64771556,0,1148664,0,0,2,0,10826662,2041544763,2055079397,32,32,627447,1528952,3061643,287166,55458666,53923,396421250,301999693,0
1789564885.7254457,56.501,5719524,356966,0,111,61,87,73534,586770,21768498,13992384,981376,61198704,47696024,64771556,0,2656736,0,0,3,0,10827075,2041544810,2055079665,32,32,245344,1528502,3060742,664184,55462916,53923,396421258,303528457,0
1789564885.9759219,56.751,5719880,356966,0,111,61,87,73535,586813,21769233,13992384,981376,61198704,47696024,64771556,0,2648544,0,0,2,0,10828107,2041544983,2055080010,32,32,245344,1528502,3060742,662136,55462916,53923,396421258,303528457,0
1789564886.226381,57.002,5720235,356966,0,111,61,87,73537,586856,21769938,13992384,981376,61198312,47695600,64771556,0,2640352,0,0,2,0,10829218,2041544983,2055080287,32,32,245344,1528492,3060722,660088,55463071,53923,396421258,303528457,0
1789564886.476833,57.252,5720590,356966,0,111,61,87,73540,586897,21770618,13992384,981376,61175544,47672832,64771556,0,2628064,0,0,2,0,10829407,2041545110,2055080415,32,32,245344,1527924,3059584,657016,55467206,53923,396421258,303528457,0
1789564886.7273033,57.503,5720945,356966,0,111,61,87,73543,586939,21771294,13992384,981376,61151304,47648592,64771556,0,2611680,0,0,4,0,10829647,2041545267,2055080656,32,32,245344,1527319,3058372,652920,55473960,53923,396421258,303528457,0
1789564886.977798,57.753,5721301,356966,0,111,61,87,73545,586981,21771934,13992384,981376,61127064,47624352,64771556,0,2599392,0,0,2,0,10829866,2041545362,2055080779,32,32,245344,1526714,3057161,649848,55480700,53923,396421258,303528457,0
1789564887.2282867,58.004,5721657,356966,0,111,61,87,73553,587015,21772658,13167676,156252,61148744,48481416,64771556,0,2591200,0,0,2,0,10832965,2041545445,2055080863,32,32,38751,1527521,3058778,647800,55486423,53923,396421258,303528457,0
1789564887.4787502,58.254,5722009,356988,0,111,61,87,73556,587039,21773326,13015196,4076,61261072,48748552,64771556,0,2575008,0,1,1,0,10833498,2041644386,2055180118,32,32,1019,1530384,3064509,643752,55488746,53924,396421370,303528457,0
1789564887.7292266,58.505,5722384,357013,0,111,61,87,73556,587039,21773433,13015200,4076,61261068,48748552,64771556,0,2562856,0,1,1,0,10833517,2041893144,2055429154,32,32,1019,1530383,3064509,640714,55488748,53924,396421370,303528457,0
1789564887.9796493,58.755,5722759,357038,0,111,61,87,73556,587039,21773589,13015200,4076,61261068,48748552,64771556,0,2554696,0,1,1,0,10833539,2042141525,2055678547,32,32,1019,1530383,3064509,638674,55488751,53924,396421370,303528457,0
1789564888.2300823,59.006,5723134,357063,0,111,61,87,73556,587039,21773740,13015296,4176,61261932,48749320,64771556,0,2542016,0,1,1,0,10833562,2042390797,2055927949,32,32,1044,1530405,3064552,635504,55488754,53924,396421370,303528457,0
1789564888.4804995,59.256,5723510,357089,0,111,61,87,73556,587039,21773863,13015296,4176,61261932,48749320,64771556,0,2525632,0,1,1,0,10833583,2042639028,2056176309,32,32,1044,1530405,3064552,631408,55488755,53924,396421370,303528457,0
1789564888.7308517,59.506,5723885,357114,0,111,61,87,73556,587040,21773954,13015296,4176,61261932,48749320,64771556,0,2513344,0,1,1,0,10833596,2042887255,2056424642,32,32,1044,1530405,3064552,628336,55488759,53924,396421370,303528457,0
1789564888.9811988,59.757,5724259,357139,0,111,61,87,73556,587040,21774179,13015296,4176,61261932,48749320,64771556,0,2505152,0,1,1,0,10833622,2043135349,2056672989,32,32,1044,1530405,3064552,626288,55488762,53924,396421370,303528457,0
1789564889.231571,60.007,5724635,357164,0,111,61,87,73556,587040,21774328,13015296,4176,61265008,48752396,64771556,0,2488768,0,1,1,0,10833639,2043383622,2056921372,32,32,1044,1530482,3064706,622192,55488762,53924,396421370,303528457,0
1789564889.4820204,60.257,5725010,357189,0,111,61,87,73556,587040,21774581,13015296,4176,61264492,48751880,64771556,0,2484672,0,1,1,0,10833670,2043632355,2057170786,32,32,1044,1530469,3064680,621168,55488800,53924,396421370,303528457,0
1789564889.732435,60.508,5725385,357214,0,111,61,87,73556,587040,21774630,13015296,4176,61264492,48751880,64771556,0,2468288,0,1,1,0,10833671,2043880688,2057419119,32,32,1044,1530469,3064680,617072,55488801,53924,396421370,303528457,0
1789564889.9827497,60.758,5725760,357239,0,111,61,87,73556,587040,21774678,13015296,4176,61264492,48751880,64771556,0,2455976,0,1,1,0,10833671,2044129007,2057667438,32,32,1044,1530469,3064680,613994,55488802,53924,396421370,303528457,0
1789564890.23307,61.009,5726135,357265,0,111,61,87,73556,587040,21774745,13015296,4220,61267536,48754916,64771556,0,2447784,0,1,1,0,10833677,2044375424,2057913864,32,32,1055,1530545,3064832,611946,55488802,53924,396421370,303528509,0
1789564890.4834743,61.259,5726510,357290,0,111,61,87,73556,587040,21774810,13015284,4220,61267536,48754916,64771556,0,2427304,0,1,1,0,10833678,2044622864,2058161304,32,32,1055,1530545,3064832,606826,55488803,53924,396421370,303528509,0
1789564890.7339323,61.509,5726885,357315,0,111,61,87,73556,587040,21774868,13015284,4340,61267536,48754916,64771556,0,2419360,0,1,1,0,10833678,2044872268,2058410709,32,32,1085,1530545,3064832,604840,55488804,53924,396421370,303528745,0
1789564890.9843066,61.76,5727260,357340,0,111,61,87,73556,587040,21774923,13015284,4340,61267536,48754916,64771556,0,2411168,0,1,1,0,10833678,2045121574,2058660015,32,32,1085,1530545,3064832,602792,55488806,53924,396421370,303528745,0
1789564891.234618,62.01,5727636,357366,0,111,61,87,73556,587040,21774986,13015296,4340,61269096,48756476,64771556,0,2398624,0,1,1,0,10833678,2045370880,2058909321,32,32,1085,1530584,3064910,599656,55488806,53924,396421370,303528745,0
1789564891.4849753,62.26,5728011,357391,0,111,61,87,73556,587040,21775034,13015296,4340,61269096,48756476,64771556,0,2382240,0,1,1,0,10833678,2045619177,2059157617,32,32,1085,1530584,3064910,595560,55488807,53924,396421370,303528745,0
1789564891.7352746,62.511,5728386,357416,0,111,61,87,73556,587040,21775075,13015296,4340,61269096,48756476,64771556,0,2369952,0,1,1,0,10833678,2045868459,2059406899,32,32,1085,1530584,3064910,592488,55488807,53924,396421370,303528745,0
1789564891.9856021,62.761,5728761,357441,0,111,61,87,73556,587040,21775116,13015296,4340,61269096,48756476,64771556,0,2361760,0,1,1,0,10833679,2046117761,2059656202,32,32,1085,1530584,3064910,590440,55488809,53924,396421370,303528745,0
1789564892.2359207,63.011,5729136,357466,0,111,61,87,73556,587040,21775188,13015296,4340,61269676,48757056,64771556,0,2345376,0,1,1,0,10833679,2046366074,2059904515,32,32,1085,1530598,3064939,586344,55488809,53924,396421370,303528745,0
1789564892.4862294,63.262,5729512,357491,0,111,61,87,73556,587040,21775227,13015296,4340,61269676,48757056,64771556,0,2333064,0,1,1,0,10833679,2046615364,2060153805,32,32,1085,1530598,3064939,583266,55488811,53924,396421370,303528745,0
1789564892.73654,63.512,5729887,357517,0,111,61,87,73556,587040,21775265,13015296,4340,61269676,48757056,64771556,0,2324872,0,1,1,0,10833679,2046864641,2060403081,32,32,1085,1530598,3064939,581218,55488811,53924,396421370,303528745,0
1789564892.9868424,63.762,5730262,357542,0,111,61,87,73556,587040,21775308,13015296,4340,61269676,48757056,64771556,0,2312576,0,1,1,0,10833679,2047113920,2060652360,32,32,1085,1530598,3064939,578144,55488812,53924,396421370,303528745,0
1789564893.2371426,64.013,5730637,357567,0,111,61,87,73556,587040,21775383,13015296,4340,61269676,48757056,64771556,0,2296576,0,1,1,0,10833680,2047362222,2060900663,32,32,1085,1530598,3064939,574144,55488813,53924,396421370,303528745,0
1789564893.487442,64.263,5731012,357592,0,111,61,87,73556,587040,21775464,13015296,4340,61269676,48757056,64771556,0,2284280,0,1,1,0,10833688,2047611490,2061149941,32,32,1085,1530598,3064939,571070,55488814,53924,396421370,303528745,0
1789564893.7377422,64.513,5731388,357617,0,111,61,87,73556,587040,21775512,13015296,4340,61269676,48757056,64771556,0,2276088,0,1,1,0,10833688,2047860795,2061399246,32,32,1085,1530598,3064939,569022,55488815,53924,396421370,303528745,0
1789564893.9880643,64.764,5731763,357642,0,111,61,87,73556,587040,21775568,13015296,4340,61269676,48757056,64771556,0,2259704,0,1,1,0,10833688,2048109082,2061647534,32,32,1085,1530598,3064939,564926,55488816,53924,396421370,303528745,0
1789564894.2383614,65.014,5732138,357667,0,111,61,87,73556,587040,21775621,13015296,4340,61269676,48757056,64771556,0,2247032,0,1,1,0,10833688,2048358375,2061896827,32,32,1085,1530598,3064939,561758,55488816,53924,396421370,303528745,0
1789564894.4886823,65.264,5732513,357693,0,111,61,87,73556,587040,21775654,13015296,4340,61269676,48757056,64771556,0,2238840,0,1,1,0,10833689,2048607684,2062146136,32,32,1085,1530598,3064939,559710,55488817,53924,396421370,303528745,0
1789564894.7390165,65.514,5732888,357718,0,111,61,87,73556,587040,21775702,13015296,4340,61269676,48757056,64771556,0,2226536,0,1,1,0,10833689,2048855995,2062394446,32,32,1085,1530598,3064939,556634,55488818,53924,396421370,303528745,0
1789564894.9893122,65.765,5733263,357743,0,111,61,87,73556,587040,21775758,13015296,4340,61269676,48757056,64771556,0,2210152,0,1,1,0,10833689,2049104286,2062642738,32,32,1085,1530598,3064939,552538,55488818,53924,396421370,303528745,0
1789564895.239605,66.015,5733638,357768,0,111,61,87,73556,587040,21775829,13015296,4340,61269676,48757056,64771556,0,2197856,0,1,1,0,10833690,2049352583,2062891034,32,32,1085,1530598,3064939,549464,55488820,53924,396421370,303528745,0
1789564895.489918,66.265,5734014,357793,0,111,61,87,73557,587040,21775868,13015296,4340,61269676,48757056,64771556,0,2189664,0,1,1,0,10833690,2049601879,2063140331,32,32,1085,1530598,3064939,547416,55488821,53924,396421370,303528745,0
1789564895.7402127,66.516,5734389,357819,0,111,61,87,73557,587040,21775915,13015296,4340,61269676,48757056,64771556,0,2173280,0,1,1,0,10833690,2049850170,2063388622,32,32,1085,1530598,3064939,543320,55488822,53924,396421370,303528745,0
1789564895.9905264,66.766,5734764,357844,0,111,61,87,73557,587040,21775972,13015284,4324,61269692,48757056,64771556,0,2161008,0,1,1,0,10833690,2050099471,2063637923,32,32,1081,1530599,3064940,540252,55488824,53924,396421370,303528821,0
1789564896.2408273,67.016,5735139,357869,0,111,61,87,73557,587040,21776023,13015296,4328,61269676,48757056,64771556,0,2152800,0,1,1,0,10833691,2050348744,2063887196,32,32,1082,1530599,3064941,538200,55488826,53924,396421370,303528821,0
1789564896.4911222,67.267,5735514,357894,0,111,61,87,73557,587040,21776072,13015296,4328,61269676,48757056,64771556,0,2140496,0,1,1,0,10833691,2050598018,2064136470,32,32,1082,1530599,3064941,535124,55488827,53924,396421370,303528821,0
1789564896.7414255,67.517,5735889,357919,0,111,61,87,73557,587040,21776119,13015296,4328,61269676,48757056,64771556,0,2124112,0,1,1,0,10833692,2050846340,2064384792,32,32,1082,1530599,3064941,531028,55488829,53924,396421370,303528821,0
1789564896.9917705,67.767,5736265,357944,0,111,61,87,73557,587040,21776162,13015296,4328,61269676,48757056,64771556,0,2111816,0,1,1,0,10833692,2051095646,2064634099,32,32,1082,1530599,3064941,527954,55488829,53924,396421370,303528821,0
1789564897.2420866,68.018,5736640,357970,0,111,61,87,73557,587040,21776237,13015296,4328,61269676,48757056,64771556,0,2099528,0,1,1,0,10833692,2051344937,2064883389,32,32,1082,1530599,3064941,524882,55488830,53924,396421370,303528821,0
1789564897.4924111,68.268,5737015,357995,0,111,61,87,73557,587040,21776312,13015296,4328,61269676,48757056,64771556,0,2087148,0,1,1,0,10833698,2051594215,2065132674,32,32,1082,1530599,3064941,521787,55488830,53924,396421370,303528821,0
1789564897.7427158,68.518,5737390,358020,0,111,61,87,73557,587041,21776354,13015296,4328,61269676,48757056,64771556,0,2078700,0,1,1,0,10833698,2051843523,2065381982,32,32,1082,1530599,3064941,519675,55488831,53924,396421370,303528821,0
1789564897.9930494,68.769,5737766,358045,0,111,61,87,73557,587041,21776397,13015296,4328,61269676,48757056,64771556,0,2066060,0,1,1,0,10833698,2052092798,2065631257,32,32,1082,1530599,3064941,516515,55488832,53924,396421370,303528821,0
1789564898.2433548,69.019,5738141,358070,0,111,61,87,73557,587041,21776461,13015296,4328,61269676,48757056,64771556,0,2049328,0,1,1,0,10833698,2052341125,2065879584,32,32,1082,1530599,3064941,512332,55488834,53924,396421370,303528821,0
1789564898.4936886,69.269,5738516,358095,0,111,61,87,73557,587041,21776504,13015296,4328,61269676,48757056,64771556,0,2037040,0,1,1,0,10833698,2052590426,2066128886,32,32,1082,1530599,3064941,509260,55488834,53924,396421370,303528821,0
1789564898.7440107,69.519,5738891,358120,0,111,61,87,73557,587041,21776543,13015296,4328,61269676,48757056,64771556,0,2024400,0,1,1,0,10833699,2052839702,2066378161,32,32,1082,1530599,3064941,506100,55488835,53924,396421370,303528821,0
1789564898.994307,69.77,5739266,358146,0,111,61,87,73557,587041,21776591,13015296,4328,61269676,48757056,64771556,0,2016208,0,1,1,0,10833699,2053088972,2066627432,32,32,1082,1530599,3064941,504052,55488836,53924,396421370,303528821,0
1789564899.2446015,70.02,5739641,358171,0,111,61,87,73557,587041,21776650,13015296,4328,61269676,48757056,64771556,0,2003856,0,1,1,0,10833699,2053338262,2066876722,32,32,1082,1530599,3064941,500964,55488838,53924,396421370,303528821,0
1789564899.4949439,70.27,5740017,358196,0,111,61,87,73557,587041,21776685,13015296,4328,61269676,48757056,64771556,0,1995664,0,1,1,0,10833699,2053587565,2067126025,32,32,1082,1530599,3064941,498916,55488839,53924,396421370,303528821,0
1789564899.7452338,70.521,5740392,358221,0,111,61,87,73557,587041,21776742,13015296,4328,61269676,48757056,64771556,0,1983028,0,1,1,0,10833699,2053836849,2067375308,32,32,1082,1530599,3064941,495757,55488840,53924,396421370,303528821,0
1789564899.9955359,70.771,5740767,358246,0,111,61,87,73557,587041,21776791,13015296,4328,61269676,48757056,64771556,0,1966292,0,1,1,0,10833699,2054085133,2067623592,32,32,1082,1530599,3064941,491573,55488840,53924,396421370,303528821,0
1789564900.245825,71.021,5741142,358271,0,111,61,87,73557,587041,21776853,13015296,4328,61269932,48757312,64771556,0,1953812,0,1,1,0,10833700,2054334466,2067872926,32,32,1082,1530605,3064953,488453,55488841,53924,396421370,303528821,0
1789564900.4962058,71.272,5741517,358296,0,111,61,87,73557,587041,21776948,13015296,4328,61269932,48757312,64771556,0,1941076,0,1,1,0,10833700,2054583770,2068122229,32,32,1082,1530605,3064953,485269,55488849,53924,396421370,303528821,0
1789564900.746528,71.522,5741893,358322,0,111,61,87,73557,587041,21776985,13015296,4328,61269932,48757312,64771556,0,1932884,0,1,1,0,10833700,2054833065,2068371524,32,32,1082,1530605,3064953,483221,55488850,53924,396421370,303528821,0
1789564900.996855,71.772,5742268,358347,0,111,61,87,73557,587041,21777036,13015296,4328,61269932,48757312,64771556,0,1920244,0,1,1,0,10833700,2055082357,2068620817,32,32,1082,1530605,3064953,480061,55488852,53924,396421370,303528821,0
1789564901.2471452,72.023,5742642,358372,0,111,61,87,73557,587041,21777139,13015284,4332,61270144,48757524,64771556,0,1899412,0,1,1,0,10833701,2055327761,2068866221,32,32,1083,1530611,3064964,474853,55488852,53924,396421370,303528881,0
1789564901.4974566,72.273,5743018,358397,0,111,61,87,73557,587041,21777213,13015284,4332,61270144,48757524,64771556,0,1891348,0,1,1,0,10833707,2055577030,2069115497,32,32,1083,1530611,3064964,472837,55488853,53924,396421370,303528881,0
1789564901.747762,72.523,5743393,358423,0,111,61,87,73557,587041,21777252,13015284,4332,61270144,48757524,64771556,0,1878580,0,1,1,0,10833707,2055826324,2069364790,32,32,1083,1530611,3064964,469645,55488853,53924,396421370,303528881,0
1789564901.9980857,72.774,5743768,358448,0,111,61,87,73557,587041,21777291,13015284,4332,61270144,48757524,64771556,0,1870644,0,1,1,0,10833707,2056075601,2069614068,32,32,1083,1530611,3064964,467661,55488855,53924,396421370,303528881,0
1789564902.2483997,73.024,5744143,358473,0,111,61,87,73557,587041,21777346,13015296,4332,61270144,48757524,64771556,0,1857748,0,1,1,0,10833707,2056324929,2069863396,32,32,1083,1530611,3064964,464437,55488856,53924,396421370,303528881,0
1789564902.4987535,73.274,5744519,358498,0,111,61,87,73557,587041,21777400,13015296,4332,61270144,48757524,64771556,0,1841016,0,1,1,0,10833707,2056573256,2070111723,32,32,1083,1530611,3064964,460254,55488857,53924,396421370,303528881,0
1789564902.7490797,73.525,5744894,358523,0,111,61,87,73557,587041,21777447,13015296,4332,61270144,48757524,64771556,0,1836920,0,1,1,0,10833707,2056822535,2070361002,32,32,1083,1530611,3064964,459230,55488857,53924,396421370,303528881,0
1789564902.999388,73.775,5745269,358548,0,111,61,87,73557,587041,21777490,13015296,4332,61270144,48757524,64771556,0,1820188,0,1,1,0,10833708,2057071809,2070610276,32,32,1083,1530611,3064964,455047,55488858,53924,396421370,303528881,0
1789564903.2496932,74.025,5745639,358573,0,111,61,87,73559,587044,21777907,13015296,4792,61265716,48753096,64771556,0,1808028,0,1,2,0,10833811,2057284666,2070823212,32,32,1198,1530500,3064743,452007,55492337,53924,396421370,303528881,0
1789564903.5001292,74.276,5745990,358599,0,111,61,87,73563,587064,21778351,13015300,4792,61235212,48722592,64771556,0,1795388,0,1,1,0,10833919,2057412441,2070951402,32,32,1198,1529739,3063218,448847,55503385,53924,396421370,303528885,0
1789564903.7505343,74.526,5746362,358625,0,111,61,87,73564,587065,21778770,13015304,3548,61234904,48722276,64771556,0,1787312,0,1,1,0,10833934,2057642965,2071182001,32,32,887,1529731,3063202,446828,55504337,53924,396421370,303533173,0
1789564904.000965,74.776,5746738,358650,0,111,61,87,73564,587065,21778826,13015304,3548,61234904,48722276,64771556,0,1774672,0,1,1,0,10833934,2057892321,2071431357,32,32,887,1529731,3063202,443668,55504338,53924,396421370,303533173,0
1789564904.251311,75.027,5747113,358675,0,111,61,87,73564,587065,21778906,13015304,3680,61239820,48727144,64771556,0,1757692,0,1,1,0,10833935,2058139660,2071678696,32,32,920,1529853,3063448,439423,55504338,53924,396421370,303533173,0
1789564904.5016239,75.277,5747488,358700,0,111,61,87,73564,587065,21778945,13015304,3680,61239820,48727144,64771556,0,1745404,0,1,1,0,10833935,2058388954,2071927990,32,32,920,1529853,3063448,436351,55504339,53924,396421370,303533173,0
1789564904.7519872,75.527,5747863,358725,0,111,61,87,73564,587065,21778984,13015304,3680,61239820,48727144,64771556,0,1732768,0,1,1,0,10833935,2058638298,2072177334,32,32,920,1529853,3063448,433192,55504340,53924,396421370,303533173,0
1789564905.0023453,75.778,5748238,358751,0,111,61,87,73564,587065,21779023,13015304,3680,61239820,48727144,64771556,0,1724576,0,1,1,0,10833935,2058887612,2072426648,32,32,920,1529853,3063448,431144,55504342,53924,396421370,303533173,0
1789564905.252675,76.028,5748614,358776,0,111,61,87,73564,587065,21779097,13015304,3680,61240964,48728288,64771556,0,1711936,0,1,1,0,10833935,2059136929,2072675965,32,32,920,1529882,3063505,427984,55504342,53924,396421370,303533173,0
1789564905.5030134,76.278,5748989,358801,0,111,61,87,73564,587065,21779194,13015304,3680,61247028,48734352,64771556,0,1695488,0,1,1,0,10833942,2059385234,2072924278,32,32,920,1530033,3063808,423872,55504343,53924,396421370,303533173,0
1789564905.7533367,76.529,5749364,358826,0,111,61,87,73564,587065,21779239,13015304,3680,61247028,48734352,64771556,0,1683008,0,1,1,0,10833942,2059634525,2073173569,32,32,920,1530033,3063808,420752,55504343,53924,396421370,303533173,0
1789564906.0036478,76.779,5749739,358851,0,111,61,87,73564,587065,21779284,13015304,3680,61247028,48734352,64771556,0,1670468,0,1,1,0,10833942,2059883817,2073422861,32,32,920,1530033,3063808,417617,55504343,53924,396421370,303533173,0
1789564906.2540004,77.029,5750114,358876,0,111,61,87,73564,587065,21779344,13015304,3328,61247396,48734720,64771556,0,1662340,0,1,1,0,10833942,2060133140,2073672184,32,32,832,1530042,3063826,415585,55504346,53924,396421370,303533501,0
1789564906.5043266,77.28,5750490,358901,0,111,61,87,73564,587065,21779393,13015304,3348,61247652,48734976,64771556,0,1649448,0,1,1,0,10833942,2060382423,2073921467,32,32,837,1530049,3063839,412362,55504346,53924,396421370,303533529,0
1789564906.7546313,77.53,5750865,358926,0,111,61,87,73564,587066,21779430,13015304,3348,61247652,48734976,64771556,0,1641512,0,1,1,0,10833942,2060631720,2074170764,32,32,837,1530049,3063839,410378,55504348,53924,396421370,303533529,0
1789564907.0049639,77.78,5751240,358952,0,111,61,87,73564,587066,21779479,13015304,3348,61247652,48734976,64771556,0,1628616,0,1,1,0,10833943,2060880992,2074420036,32,32,837,1530049,3063839,407154,55504348,53924,396421370,303533529,0
1789564907.255267,78.031,5751615,358977,0,111,61,87,73564,587066,21779561,13015304,3348,61247652,48734976,64771556,0,1611884,0,1,1,0,10833943,2061128326,2074667371,32,32,837,1530049,3063839,402971,55504349,53924,396421370,303533529,0
1789564907.5055885,78.281,5751990,359002,0,111,61,87,73564,587066,21779601,13015304,3348,61247652,48734976,64771556,0,1599596,0,1,1,0,10833943,2061377630,2074916674,32,32,837,1530049,3063839,399899,55504349,53924,396421370,303533529,0
1789564907.755936,78.531,5752366,359027,0,111,61,87,73564,587066,21779653,13015304,3348,61251160,48738484,64771556,0,1586960,0,1,1,0,10833944,2061625978,2075165022,32,32,837,1530136,3064014,396740,55504351,53924,396421370,303533529,0
1789564908.0062585,78.782,5752741,359052,0,111,61,87,73564,587066,21779694,13015304,3348,61251160,48738484,64771556,0,1578768,0,1,1,0,10833944,2061875258,2075414302,32,32,837,1530136,3064014,394692,55504351,53924,396421370,303533529,0
1789564908.2565637,79.032,5753116,359077,0,111,61,87,73564,587066,21779747,13015304,3348,61250920,48738244,64771556,0,1566128,0,1,1,0,10833944,2062124537,2075663582,32,32,837,1530130,3064002,391532,55504352,53924,396421370,303533529,0
1789564908.506901,79.282,5753491,359103,0,111,61,87,73564,587066,21779788,13015304,3348,61250920,48738244,64771556,0,1549392,0,1,1,0,10833944,2062372868,2075911912,32,32,837,1530130,3064002,387348,55504353,53924,396421370,303533529,0
1789564908.7572157,79.533,5753866,359128,0,111,61,87,73564,587066,21779847,13015304,3348,61250920,48738244,64771556,0,1537232,0,1,1,0,10833944,2062622168,2076161213,32,32,837,1530130,3064002,384308,55504354,53924,396421370,303533529,0
1789564909.0075305,79.783,5754242,359153,0,111,61,87,73564,587066,21779888,13015304,3348,61252464,48739788,64771556,0,1528848,0,1,1,0,10833944,2062871457,2076410502,32,32,837,1530169,3064080,382212,55504355,53924,396421370,303533529,0
1789564909.257831,80.033,5754617,359178,0,111,61,87,73564,587066,21779957,13015304,3348,61252464,48739788,64771556,0,1512176,0,1,1,0,10833945,2063119764,2076658809,32,32,837,1530169,3064080,378044,55504356,53924,396421370,303533529,0
1789564909.5081413,80.284,5754992,359203,0,111,61,87,73564,587066,21780030,13015304,3348,61255756,48743080,64771556,0,1499888,0,1,1,0,10833950,2063369037,2076908089,32,32,837,1530251,3064244,374972,55504357,53924,396421370,303533529,0
1789564909.758444,80.534,5755367,359228,0,111,61,87,73564,587066,21780071,13015304,3348,61255756,48743080,64771556,0,1491696,0,1,1,0,10833951,2063618327,2077157378,32,32,837,1530251,3064244,372924,55504358,53924,396421370,303533529,0
1789564910.0087676,80.784,5755742,359254,0,111,61,87,73564,587066,21780121,13015304,3348,61255756,48743080,64771556,0,1475312,0,1,1,0,10833951,2063866643,2077405695,32,32,837,1530251,3064244,368828,55504360,53924,396421370,303533529,0
1789564910.2590845,81.035,5756117,359279,0,111,61,87,73565,587066,21780183,13015304,3348,61255724,48743048,64771556,0,1463368,0,1,1,0,10833951,2064115011,2077654063,32,32,837,1530250,3064243,365842,55504360,53924,396421370,303533529,0
1789564910.5094683,81.285,5756493,359304,0,111,61,87,73565,587066,21780216,13015304,3348,61255724,48743048,64771556,0,1454824,0,1,1,0,10833951,2064364315,2077903367,32,32,837,1530250,3064243,363706,55504362,53924,396421370,303533529,0
1789564910.759788,81.535,5756868,359329,0,111,61,87,73565,587066,21780259,13015304,3348,61255724,48743048,64771556,0,1442536,0,1,1,0,10833952,2064613634,2078152686,32,32,837,1530250,3064243,360634,55504362,53924,396421370,303533529,0
1789564911.0101323,81.786,5757243,359354,0,111,61,87,73565,587066,21780306,13015304,3348,61255724,48743048,64771556,0,1426392,0,1,1,0,10833952,2064861956,2078401008,32,32,837,1530250,3064243,356598,55504363,53924,396421370,303533529,0
1789564911.260482,82.036,5757618,359379,0,111,61,87,73565,587066,21780384,13015304,3348,61258860,48746184,64771556,0,1414192,0,1,1,0,10833952,2065111312,2078650364,32,32,837,1530329,3064399,353548,55504364,53924,396421370,303533529,0
1789564911.510854,82.286,5757994,359405,0,111,61,87,73565,587066,21780423,13015304,3388,61258860,48746184,64771556,0,1405904,0,1,1,0,10833953,2065360647,2078899699,32,32,847,1530329,3064399,351476,55504365,53924,396421370,303533585,0
1789564911.7612083,82.537,5758369,359430,0,111,61,87,73565,587066,21780483,13015304,3388,61258860,48746184,64771556,0,1389520,0,1,1,0,10833953,2065608988,2079148040,32,32,847,1530329,3064399,347380,55504366,53924,396421370,303533585,0
1789564912.0115495,82.787,5758744,359455,0,111,61,87,73565,587066,21780527,13015304,3388,61258860,48746184,64771556,0,1377232,0,1,1,0,10833954,2065858319,2079397372,32,32,847,1530329,3064399,344308,55504367,53924,396421370,303533585,0
1789564912.2618842,83.037,5759119,359480,0,111,61,87,73565,587066,21780574,13015304,3388,61258860,48746184,64771556,0,1369168,0,1,1,0,10833954,2066107625,2079646678,32,32,847,1530329,3064399,342292,55504367,53924,396421370,303533585,0
1789564912.5122106,83.288,5759495,359505,0,111,61,87,73565,587066,21780612,13015304,3388,61258860,48746184,64771556,0,1356496,0,1,1,0,10833954,2066356926,2079895979,32,32,847,1530329,3064399,339124,55504369,53924,396421370,303533585,0
1789564912.7625294,83.538,5759870,359530,0,111,61,87,73565,587066,21780665,13015304,3388,61261380,48748704,64771556,0,1340476,0,1,1,0,10833954,2066605243,2080144296,32,32,847,1530392,3064525,335119,55504369,53924,396421370,303533585,0
1789564913.0128312,83.788,5760245,359556,0,111,61,87,73565,587066,21780708,13015304,3388,61261380,48748704,64771556,0,1328164,0,1,1,0,10833954,2066854553,2080393606,32,32,847,1530392,3064525,332041,55504370,53924,396421370,303533585,0
1789564913.2632124,84.039,5760620,359581,0,111,61,87,73565,587066,21780767,13015304,3388,61261396,48748720,64771556,0,1319608,0,1,1,0,10833955,2067103891,2080642944,32,32,847,1530392,3064526,329902,55504371,53924,396421370,303533585,0
1789564913.5135877,84.289,5760995,359606,0,111,61,87,73565,587066,21780866,13015304,3388,61262748,48750072,64771556,0,1299120,0,1,1,0,10833961,2067351292,2080890352,32,32,847,1530426,3064594,324780,55504372,53924,396421370,303533585,0
1789564913.763998,84.539,5761371,359631,0,111,61,87,73565,587066,21780906,13015304,3388,61262748,48750072,64771556,0,1290928,0,1,1,0,10833961,2067601640,2081140700,32,32,847,1530426,3064594,322732,55504373,53924,396421370,303533585,0
1789564914.0143597,84.79,5761746,359656,0,111,61,87,73565,587066,21780951,13015304,3388,61262748,48750072,64771556,0,1282736,0,1,1,0,10833961,2067850022,2081389082,32,32,847,1530426,3064594,320684,55504374,53924,396421370,303533585,0
1789564914.2647605,85.04,5762121,359681,0,111,61,87,73565,587066,21781003,13015304,3388,61262748,48750072,64771556,0,1270448,0,1,1,0,10833961,2068099408,2081638468,32,32,847,1530426,3064594,317612,55504374,53924,396421370,303533585,0
1789564914.5151758,85.291,5762497,359707,0,111,61,87,73565,587066,21781034,13015304,3388,61262748,48750072,64771556,0,1262256,0,1,1,0,10833961,2068348766,2081887826,32,32,847,1530426,3064594,315564,55504376,53924,396421370,303533585,0
1789564914.765557,85.541,5762872,359732,0,111,61,87,73565,587066,21781083,13015304,3388,61264956,48752280,64771556,0,1245872,0,1,1,0,10833962,2068597145,2082136205,32,32,847,1530481,3064704,311468,55504376,53924,396421370,303533585,0
1789564915.0159824,85.791,5763247,359757,0,111,61,87,73565,587066,21781125,13015304,3388,61264956,48752280,64771556,0,1233584,0,1,1,0,10833962,2068846543,2082385603,32,32,847,1530481,3064704,308396,55504378,53924,396421370,303533585,0
1789564915.2663627,86.042,5763622,359782,0,111,61,87,73565,587066,21781199,13015304,3388,61266844,48754168,64771556,0,1225776,0,1,1,0,10833962,2069095881,2082634941,32,32,847,1530528,3064798,306444,55504386,53924,396421370,303533585,0
1789564915.5167282,86.292,5763998,359807,0,111,61,87,73565,587066,21781243,13015304,3388,61266844,48754168,64771556,0,1213104,0,1,1,0,10833962,2069345264,2082884324,32,32,847,1530528,3064798,303276,55504386,53924,396421370,303533585,0
1789564915.7671347,86.543,5764373,359832,0,111,61,87,73565,587066,21781286,13015304,3388,61266844,48754168,64771556,0,1196888,0,1,1,0,10833962,2069594611,2083133671,32,32,847,1530528,3064798,299222,55504387,53924,396421370,303533585,0
1789564916.0175185,86.793,5764748,359857,0,111,61,87,73565,587066,21781331,13015304,3388,61266844,48754168,64771556,0,1184528,0,1,1,0,10833962,2069843974,2083383035,32,32,847,1530528,3064798,296132,55504388,53924,396421370,303533585,0
1789564916.2679224,87.043,5765124,359883,0,111,61,87,73565,587066,21781383,13015304,3388,61268776,48756100,64771556,0,1176208,0,1,1,0,10833962,2070093336,2083632397,32,32,847,1530576,3064895,294052,55504389,53924,396421370,303533585,0
1789564916.5183198,87.294,5765499,359908,0,111,61,87,73565,587066,21781438,13015304,3388,61268776,48756100,64771556,0,1159824,0,1,1,0,10833962,2070341734,2083880795,32,32,847,1530576,3064895,289956,55504390,53924,396421370,303533585,0
1789564916.7687197,87.544,5765874,359933,0,111,61,87,73565,587066,21781485,13015304,3396,61268776,48756100,64771556,0,1147536,0,1,1,0,10833962,2070591112,2084130172,32,32,849,1530576,3064895,286884,55504391,53924,396421370,303533625,0
1789564917.0191262,87.795,5766249,359958,0,111,61,88,73565,587066,21781531,13015304,3396,61268776,48756100,64771556,0,1139344,0,1,1,0,10833963,2070840476,2084379536,32,32,849,1530576,3064895,284836,55504391,53924,396421370,303533625,0
1789564917.2695212,88.045,5766625,359983,0,111,61,88,73565,587066,21781643,13015304,3396,61268776,48756100,64771556,0,1118944,0,1,1,0,10833976,2071087806,2084626951,32,32,849,1530576,3064895,279736,55504393,53924,396421370,303533625,0
1789564917.5199535,88.295,5767000,360009,0,111,61,88,73565,587066,21781723,13015304,3396,61270464,48757788,64771556,0,1110700,0,1,1,0,10833982,2071337197,2084876350,32,32,849,1530618,3064979,277675,55504393,53924,396421370,303533625,0
1789564917.7703776,88.546,5767375,360034,0,111,61,88,73565,587066,21781772,13015304,3396,61270464,48757788,64771556,0,1098424,0,1,1,0,10833990,2071586545,2085125724,32,32,849,1530618,3064979,274606,55504395,53924,396421370,303533625,0
1789564918.0207615,88.796,5767751,360059,0,111,61,88,73566,587066,21781811,13015304,3396,61270464,48757788,64771556,0,1090528,0,1,1,0,10833990,2071835905,2085375084,32,32,849,1530618,3064979,272632,55504395,53924,396421370,303533625,0
1789564918.271159,89.047,5768125,360084,0,111,61,88,73566,587066,21781925,13015304,3396,61270224,48757548,64771556,0,1069680,0,1,1,0,10833991,2072082352,2085621531,32,32,849,1530612,3064967,267420,55504397,53924,396421370,303533625,0
1789564918.5215616,89.297,5768501,360109,0,111,61,88,73566,587066,21781969,13015304,3396,61270224,48757548,64771556,0,1061488,0,1,1,0,10833991,2072331696,2085870875,32,32,849,1530612,3064967,265372,55504397,53924,396421370,303533625,0
1789564918.7719665,89.547,5768876,360134,0,111,61,88,73566,587066,21782009,13015304,3396,61270224,48757548,64771556,0,1053296,0,1,1,0,10833991,2072581061,2086120241,32,32,849,1530612,3064967,263324,55504400,53924,396421370,303533625,0
1789564919.0223258,89.798,5769251,360160,0,111,61,88,73566,587066,21782064,13015304,3400,61270224,48757548,64771556,0,1041000,0,1,1,0,10833991,2072830408,2086369588,32,32,850,1530612,3064967,260250,55504401,53924,396421370,303533625,0
1789564919.2726953,90.048,5769627,360185,0,111,61,88,73566,587066,21782132,13015304,3400,61271952,48759276,64771556,0,1024616,0,1,1,0,10833991,2073079736,2086618916,32,32,850,1530655,3065054,256154,55504402,53924,396421370,303533625,0
1789564919.523034,90.298,5770002,360210,0,111,61,88,73566,587066,21782169,13015304,3400,61272252,48759576,64771556,0,1012328,0,1,1,0,10833991,2073329020,2086868199,32,32,850,1530663,3065069,253082,55504402,53924,396421370,303533625,0
1789564919.773337,90.549,5770377,360235,0,111,61,88,73566,587066,21782224,13015304,3400,61272252,48759576,64771556,0,995944,0,1,1,0,10833991,2073577327,2087116506,32,32,850,1530663,3065069,248986,55504403,53924,396421370,303533625,0
1789564920.0236762,90.799,5770752,360260,0,111,61,88,73566,587067,21782263,13015304,3400,61272252,48759576,64771556,0,987752,0,1,1,0,10833992,2073826664,2087365844,32,32,850,1530663,3065069,246938,55504404,53924,396421370,303533625,0
1789564920.2740347,91.049,5771125,360287,0,111,61,88,73566,587067,21782555,13015712,3400,61271672,48758440,64771556,0,975528,0,1,1,0,10834004,2074055450,2087594630,32,32,850,1530648,3065040,243882,55505219,53935,396422270,303533625,0
1789564920.5245037,91.3,5771500,360312,0,111,61,88,73566,587067,21782588,13015712,3400,61271672,48758440,64771556,0,967336,0,1,1,0,10834004,2074304850,2087844030,32,32,850,1530648,3065040,241834,55505220,53935,396422270,303533625,0
1789564920.774949,91.55,5771875,360337,0,111,61,88,73567,587067,21782633,13015712,3400,61271672,48758440,64771556,0,955040,0,1,1,0,10834004,2074554277,2088093457,32,32,850,1530648,3065040,238760,55505220,53935,396422270,303533625,0
1789564921.0253794,91.801,5772251,360362,0,111,61,88,73567,587067,21782687,13015712,3356,61271704,48758440,64771556,0,938656,0,1,1,0,10834004,2074802660,2088341840,32,32,839,1530649,3065041,234664,55505221,53935,396422270,303533637,0
1789564921.2757838,92.051,5772626,360388,0,111,61,88,73567,587067,21782760,13016024,3664,61272372,48758764,64771556,0,926344,0,1,1,0,10834004,2075052038,2088591218,32,32,916,1530666,3065075,231586,55505221,53935,396422270,303533637,0
1789564921.5261936,92.302,5773001,360413,0,111,61,88,73567,587067,21782841,13016024,3664,61273504,48759896,64771556,0,918208,0,1,1,0,10834012,2075301392,2088840581,32,32,916,1530694,3065131,229552,55505224,53935,396422270,303533737,0
1789564921.7765722,92.552,5773376,360438,0,111,61,88,73567,587067,21782899,13016024,3664,61273504,48759896,64771556,0,901824,0,1,1,0,10834012,2075549768,2089088957,32,32,916,1530694,3065131,225456,55505224,53935,396422270,303533737,0
1789564922.026982,92.802,5773752,360463,0,111,61,88,73567,587067,21782951,13016024,3672,61273504,48759896,64771556,0,889536,0,1,1,0,10834012,2075799123,2089338312,32,32,918,1530694,3065131,222384,55505226,53935,396422270,303533769,0
1789564922.2773273,93.053,5774127,360488,0,111,61,88,73567,587067,21783011,13016024,3572,61274640,48761032,64771556,0,881224,0,1,1,0,10834012,2076048453,2089587643,32,32,893,1530723,3065188,220306,55505226,53935,396422270,303533769,0
1789564922.5277095,93.303,5774502,360513,0,111,61,88,73567,587067,21783052,13016024,3572,61274640,48761032,64771556,0,868920,0,1,1,0,10834013,2076297839,2089837029,32,32,893,1530723,3065188,217230,55505227,53935,396422270,303533769,0
1789564922.7781432,93.554,5774877,360539,0,111,61,88,73567,587067,21783101,13016024,3572,61274640,48761032,64771556,0,852656,0,1,1,0,10834013,2076546240,2090085429,32,32,893,1530723,3065188,213164,55505228,53935,396422270,303533769,0
1789564923.028542,93.804,5775253,360564,0,111,61,88,73567,587067,21783149,13016024,3572,61274640,48761032,64771556,0,840312,0,1,1,0,10834013,2076794641,2090333830,32,32,893,1530723,3065188,210078,55505230,53935,396422270,303533769,0
1789564923.2789521,94.054,5775628,360589,0,111,61,88,73567,587067,21783211,13016024,3572,61275352,48761744,64771556,0,832048,0,1,1,0,10834013,2077045009,2090584199,32,32,893,1530740,3065224,208012,55505230,53935,396422270,303533769,0
1789564923.5293484,94.305,5776003,360614,0,111,61,88,73567,587067,21783252,13016024,3572,61275352,48761744,64771556,0,815664,0,1,1,0,10834014,2077294394,2090833583,32,32,893,1530740,3065224,203916,55505231,53935,396422270,303533769,0
1789564923.7797642,94.555,5776379,360639,0,111,61,88,73567,587067,21783291,13016024,3572,61275352,48761744,64771556,0,803368,0,1,1,0,10834014,2077544777,2091083966,32,32,893,1530740,3065224,200842,55505231,53935,396422270,303533769,0
1789564924.0301924,94.806,5776754,360664,0,111,61,88,73567,587067,21783349,13016024,3572,61275352,48761744,64771556,0,787268,0,1,1,0,10834014,2077794150,2091333339,32,32,893,1530740,3065224,196817,55505233,53935,396422270,303533769,0
1789564924.2805617,95.056,5777129,360689,0,111,61,88,73567,587067,21783396,13016024,3572,61275608,48762000,64771556,0,782888,0,1,1,0,10834014,2078044457,2091583646,32,32,893,1530747,3065237,195722,55505234,53935,396422270,303533769,0
1789564924.5309014,95.306,5777505,360715,0,111,61,88,73567,587067,21783433,13016024,3572,61275608,48762000,64771556,0,766504,0,1,1,0,10834014,2078293773,2091832962,32,32,893,1530747,3065237,191626,55505234,53935,396422270,303533769,0
1789564924.7812226,95.557,5777880,360740,0,111,61,88,73567,587067,21783477,13016024,3572,61275608,48762000,64771556,0,754200,0,1,1,0,10834014,2078543066,2092082255,32,32,893,1530747,3065237,188550,55505235,53935,396422270,303533769,0
1789564925.0315387,95.807,5778255,360765,0,111,61,88,73567,587067,21783516,13016024,3572,61275608,48762000,64771556,0,746008,0,1,1,0,10834014,2078792354,2092331543,32,32,893,1530747,3065237,186502,55505235,53935,396422270,303533769,0
1789564925.2818565,96.057,5778630,360790,0,111,61,88,73567,587067,21783583,13016024,3572,61275608,48762000,64771556,0,729744,0,1,1,0,10834015,2079040662,2092579852,32,32,893,1530747,3065237,182436,55505237,53935,396422270,303533769,0
1789564925.532166,96.308,5779005,360815,0,111,61,88,73567,587067,21783669,13016024,3572,61275608,48762000,64771556,0,717388,0,1,1,0,10834021,2079289958,2092829155,32,32,893,1530747,3065237,179347,55505237,53935,396422270,303533769,0
1789564925.7824922,96.558,5779381,360840,0,111,61,88,73567,587067,21783712,13016024,3572,61275608,48762000,64771556,0,709256,0,1,1,0,10834021,2079539246,2093078443,32,32,893,1530747,3065237,177314,55505239,53935,396422270,303533769,0
1789564926.032821,96.808,5779756,360865,0,111,61,88,73567,587067,21783756,13016024,3572,61275608,48762000,64771556,0,696904,0,1,1,0,10834021,2079788555,2093327752,32,32,893,1530747,3065237,174226,55505239,53935,396422270,303533769,0
1789564926.2831411,97.059,5780131,360891,0,111,61,88,73567,587067,21783840,12999640,3616,61274272,48776960,64771556,0,680456,0,1,1,0,10834039,2080033593,2093572805,32,32,904,1530714,3065171,170114,55505240,53935,396422270,303533821,0
1789564926.5334835,97.309,5780506,360916,0,111,61,88,73568,587067,21783889,12987352,3616,61272108,48785264,64771556,0,668168,0,1,1,0,10834049,2080282096,2093821308,32,32,904,1530663,3065069,167042,55505241,53935,396422270,303533821,0
1789564926.7838225,97.559,5780881,360941,0,111,61,88,73568,587067,21783934,12987352,3604,61272108,48785264,64771556,0,659988,0,1,1,0,10834049,2080531404,2094070617,32,32,901,1530663,3065069,164997,55505243,53935,396422270,303533833,0
1789564927.0341325,97.81,5781256,360966,0,111,61,88,73568,587067,21783998,12987352,3604,61272108,48785264,64771556,0,639492,0,1,1,0,10834056,2080778725,2094317947,32,32,901,1530663,3065069,159873,55505244,53935,396422270,303533833,0
1789564927.2844384,98.06,5781631,360991,0,111,61,88,73568,587067,21784077,12987340,3608,61272108,48785264,64771556,0,631588,0,1,1,0,10834056,2081028021,2094567243,32,32,902,1530663,3065069,157897,55505245,53935,396422270,303533865,0
1789564927.5347593,98.31,5782006,361016,0,111,61,88,73568,587068,21784108,12987340,3608,61272108,48785264,64771556,0,623248,0,1,1,0,10834056,2081277322,2094816544,32,32,902,1530663,3065069,155812,55505245,53935,396422270,303533865,0
1789564927.7850764,98.561,5782381,361042,0,111,61,88,73568,587068,21784162,12987340,3608,61272108,48785264,64771556,0,610864,0,1,1,0,10834056,2081525632,2095064854,32,32,902,1530663,3065069,152716,55505246,53935,396422270,303533865,0
1789564928.0353963,98.811,5782757,361067,0,111,61,88,73568,587068,21784209,12987340,3608,61272108,48785264,64771556,0,594776,0,1,1,0,10834057,2081773940,2095313162,32,32,902,1530663,3065069,148694,55505247,53935,396422270,303533865,0
1789564928.285698,99.061,5783132,361092,0,111,61,88,73568,587068,21784281,12987352,3616,61272128,48785264,64771556,0,582184,0,1,1,0,10834057,2082023256,2095562479,32,32,904,1530663,3065070,145546,55505248,53935,396422270,303533865,0
1789564928.5360274,99.311,5783507,361117,0,111,61,88,73568,587068,21784321,12987352,3616,61272128,48785264,64771556,0,570088,0,1,1,0,10834057,2082272531,2095811753,32,32,904,1530663,3065070,142522,55505249,53935,396422270,303533865,0
1789564928.7863262,99.562,5783882,361142,0,111,61,88,73568,587068,21784367,12987352,3616,61272128,48785264,64771556,0,557576,0,1,1,0,10834057,2082521833,2096061055,32,32,904,1530663,3065070,139394,55505249,53935,396422270,303533865,0
1789564929.0366492,99.812,5784257,361167,0,111,61,88,73568,587068,21784416,12987352,3616,61272128,48785264,64771556,0,549384,0,1,1,0,10834057,2082771119,2096310341,32,32,904,1530663,3065070,137346,55505250,53935,396422270,303533865,0
1789564929.28699,100.062,5784633,361193,0,111,61,88,73568,587068,21784487,12987352,3616,61272128,48785264,64771556,0,536620,0,1,1,0,10834057,2083020433,2096559655,32,32,904,1530663,3065070,134155,55505251,53935,396422270,303533865,0
1789564929.5373108,100.313,5785008,361218,0,111,61,88,73568,587068,21784556,12987352,3616,61272128,48785264,64771556,0,528172,0,1,1,0,10834065,2083269705,2096808936,32,32,904,1530663,3065070,132043,55505252,53935,396422270,303533865,0
1789564929.787615,100.563,5785383,361243,0,111,61,88,73568,587068,21784611,12987352,3616,61272128,48785264,64771556,0,515728,0,1,1,0,10834065,2083519012,2097058243,32,32,904,1530663,3065070,128932,55505254,53935,396422270,303533865,0
1789564930.0379548,100.813,5785758,361268,0,111,61,88,73568,587068,21784662,12987352,3616,61272136,48785264,64771556,0,498996,0,1,1,0,10834065,2083767315,2097306547,32,32,904,1530664,3065070,124749,55505255,53935,396422270,303533865,0
1789564930.2882528,101.064,5786133,361293,0,111,61,88,73568,587068,21784717,12987352,3616,61271656,48784784,64771556,0,486516,0,1,1,0,10834065,2084016611,2097555843,32,32,904,1530652,3065046,121629,55505255,53935,396422270,303533865,0
1789564930.5385802,101.314,5786508,361318,0,111,61,88,73568,587068,21784759,12987352,3616,61271656,48784784,64771556,0,473880,0,1,1,0,10834065,2084264912,2097804143,32,32,904,1530652,3065046,118470,55505256,53935,396422270,303533865,0
1789564930.7888932,101.564,5786884,361344,0,111,61,88,73568,587068,21784798,12987352,3616,61271656,48784784,64771556,0,465688,0,1,1,0,10834065,2084514213,2098053444,32,32,904,1530652,3065046,116422,55505256,53935,396422270,303533865,0
1789564931.0392036,101.815,5787259,361369,0,111,61,88,73568,587068,21784846,12987352,3616,61271656,48784784,64771556,0,453044,0,1,1,0,10834066,2084763486,2098302718,32,32,904,1530652,3065046,113261,55505257,53935,396422270,303533865,0
1789564931.2895038,102.065,5787634,361394,0,111,61,88,73568,587068,21784922,12987352,3616,61271656,48784784,64771556,0,436404,0,1,1,0,10834066,2085011798,2098551030,32,32,904,1530652,3065046,109101,55505259,53935,396422270,303533865,0
1789564931.5398293,102.315,5788009,361419,0,111,61,88,73568,587068,21784961,12987352,3616,61271656,48784784,64771556,0,424116,0,1,1,0,10834066,2085261079,2098800311,32,32,904,1530652,3065046,106029,55505260,53935,396422270,303533865,0
1789564931.7901425,102.566,5788384,361444,0,111,61,88,73568,587068,21785008,12987352,3616,61271656,48784784,64771556,0,411700,0,1,1,0,10834066,2085510380,2099049612,32,32,904,1530652,3065046,102925,55505261,53935,396422270,303533865,0
1789564932.0404532,102.816,5788759,361469,0,111,61,88,73568,587068,21785053,12987352,3616,61271656,48784784,64771556,0,399420,0,1,1,0,10834066,2085759669,2099298901,32,32,904,1530652,3065046,99855,55505262,53935,396422270,303533865,0
1789564932.290767,103.066,5789135,361494,0,111,61,88,73568,587068,21785121,12987352,3616,61271912,48785040,64771556,0,386852,0,1,1,0,10834066,2086008981,2099548212,32,32,904,1530658,3065059,96713,55505262,53935,396422270,303533865,0
1789564932.5411098,103.317,5789510,361520,0,111,61,88,73568,587068,21785170,12987340,3616,61271912,48785040,64771556,0,378312,0,1,1,0,10834066,2086258306,2099797538,32,32,904,1530658,3065059,94098,55505264,53935,396422270,303533917,0
1789564932.7914572,103.567,5789885,361545,0,111,61,88,73568,587068,21785227,12987340,3616,61272164,48785292,64771556,0,366024,0,1,1,0,10834066,2086507603,2100046834,32,32,904,1530664,3065071,91506,55505264,53935,396422270,303533917,0
1789564933.0417836,103.817,5790260,361570,0,111,61,88,73568,587068,21785277,12987340,3616,61272164,48785292,64771556,0,353388,0,1,1,0,10834066,2086756928,2100296160,32,32,904,1530664,3065071,88347,55505266,53935,396422270,303533917,0
1789564933.2921169,104.068,5790636,361595,0,111,61,88,73568,587068,21785345,12987352,3616,61272164,48785292,64771556,0,337084,0,1,1,0,10834067,2087005252,2100544484,32,32,904,1530664,3065071,84271,55505266,53935,396422270,303533917,0
1789564933.542457,104.318,5791011,361620,0,111,61,88,73568,587068,21785412,12987352,3616,61272164,48785292,64771556,0,329380,0,1,1,0,10834078,2087255476,2100794770,32,32,904,1530664,3065071,82345,55505266,53935,396422270,303533917,0
1789564933.7927678,104.568,5791386,361645,0,111,61,88,73568,587068,21785467,12987352,3616,61272164,48785292,64771556,0,312776,0,1,1,0,10834078,2087503789,2101043083,32,32,904,1530664,3065071,78194,55505267,53935,396422270,303533917,0
1789564934.0430896,104.819,5791761,361670,0,111,61,88,73568,587068,21785512,12987352,3616,61272164,48785292,64771556,0,304836,0,1,1,0,10834079,2087753067,2101292361,32,32,904,1530664,3065071,76209,55505268,53935,396422270,303533917,0
1789564934.293447,105.069,5792128,361696,0,111,61,88,73572,587071,21786253,12987352,320,61266600,48779712,64771556,0,296424,0,1,3,0,10834137,2087949728,2101489115,32,32,80,1530525,3064793,74106,55511495,53935,396422270,303538057,0
1789564934.5441153,105.32,5792502,361721,0,111,61,88,73572,587072,21786561,12987352,3108,61266896,48780008,64771556,0,280480,0,1,1,0,10834154,2088187733,2101727230,32,32,777,1530533,3064808,70120,55512453,53935,396422270,303538057,0
1789564934.7945411,105.57,5792877,361747,0,111,61,88,73572,587072,21786616,12987352,3108,61266896,48780008,64771556,0,264140,0,1,1,0,10834154,2088436073,2101975570,32,32,777,1530533,3064808,66035,55512455,53935,396422270,303538057,0
1789564935.0448875,105.82,5793252,361772,0,111,61,88,73572,587072,21786674,12987352,3108,61268956,48782068,64771556,0,255992,0,1,1,0,10834154,2088685386,2102224883,32,32,777,1530584,3064911,63998,55512455,53935,396422270,303538057,0
1789564935.2952101,106.071,5793628,361797,0,111,61,88,73572,587072,21786735,12987360,3248,61269272,48782352,64771556,0,247340,0,1,1,0,10834154,2088935672,2102475169,32,32,812,1530592,3064926,61835,55512456,53935,396422270,303538057,0
1789564935.5455375,106.321,5794003,361822,0,111,61,88,73572,587072,21786776,12987360,3248,61269272,48782352,64771556,0,231000,0,1,1,0,10834155,2089184979,2102724476,32,32,812,1530592,3064926,57750,55512458,53935,396422270,303538057,0
1789564935.7958558,106.571,5794378,361847,0,111,61,88,73572,587072,21786822,12987360,3248,61269272,48782352,64771556,0,218756,0,1,1,0,10834155,2089434268,2102973765,32,32,812,1530592,3064926,54689,55512459,53935,396422270,303538057,0
1789564936.046159,106.822,5794753,361872,0,111,61,88,73572,587072,21786865,12987360,3248,61269272,48782352,64771556,0,206468,0,1,1,0,10834155,2089683539,2103223036,32,32,812,1530592,3064926,51617,55512459,53935,396422270,303538057,0
1789564936.296456,107.072,5795128,361897,0,111,61,88,73572,587072,21786934,12987360,3248,61269992,48783072,64771556,0,198396,0,1,1,0,10834155,2089933832,2103473330,32,32,812,1530610,3064962,49599,55512460,53935,396422270,303538057,0
1789564936.546787,107.322,5795504,361922,0,111,61,88,73572,587072,21786987,12987360,3248,61269992,48783072,64771556,0,182056,0,1,1,0,10834155,2090182173,2103721670,32,32,812,1530610,3064962,45514,55512460,53935,396422270,303538057,0
1789564936.7971427,107.573,5795879,361948,0,111,61,88,73572,587072,21787028,12987360,3248,61269992,48783072,64771556,0,169756,0,1,1,0,10834156,2090431507,2103971004,32,32,812,1530610,3064962,42439,55512462,53935,396422270,303538057,0
1789564937.0475123,107.823,5796254,361973,0,111,61,88,73572,587072,21787080,12987360,3248,61269992,48783072,64771556,0,157644,0,1,1,0,10834156,2090680826,2104220323,32,32,812,1530610,3064962,39411,55512463,53935,396422270,303538057,0
1789564937.2978325,108.073,5796629,361998,0,111,61,88,73573,587073,21787147,12987360,3248,61270248,48783328,64771556,0,149300,0,1,1,0,10834156,2090931138,2104470635,32,32,812,1530616,3064975,37325,55512464,53935,396422270,303538057,0
1789564937.5481772,108.324,5797004,362023,0,111,61,88,73573,587073,21787238,12987360,3164,61270248,48783328,64771556,0,132960,0,1,1,0,10834162,2091180428,2104719933,32,32,791,1530616,3064975,33240,55512464,53935,396422270,303538117,0
1789564937.7984881,108.574,5797380,362048,0,111,61,88,73573,587073,21787290,12987352,3164,61270248,48783328,64771556,0,120716,0,1,1,0,10834162,2091429721,2104969226,32,32,791,1530616,3064975,30179,55512464,53935,396422270,303538145,0
1789564938.0488188,108.824,5797755,362073,0,111,61,88,73573,587073,21787337,12987352,3164,61270248,48783328,64771556,0,108428,0,1,1,0,10834162,2091679035,2105218540,32,32,791,1530616,3064975,27107,55512465,53935,396422270,303538145,0
1789564938.2991512,109.075,5798130,362098,0,111,61,88,73573,587073,21787393,12987360,3184,61270248,48783328,64771556,0,100280,0,1,1,0,10834162,2091929345,2105468850,32,32,796,1530616,3064975,25070,55512467,53935,396422270,303538145,0
1789564938.549483,109.325,5798505,362123,0,111,61,88,73573,587073,21787438,12987360,3184,61270248,48783328,64771556,0,83996,0,1,1,0,10834162,2092179631,2105719136,32,32,796,1530616,3064975,20999,55512468,53935,396422270,303538145,0
1789564938.7997952,109.575,5798881,362148,0,111,61,88,73573,587073,21787479,12987360,3184,61270248,48783328,64771556,0,71716,0,1,1,0,10834162,2092428932,2105968437,32,32,796,1530616,3064975,17929,55512468,53935,396422270,303538145,0
1789564939.0501225,109.826,5799256,362174,0,111,61,88,73573,587073,21787524,12987360,3184,61270248,48783328,64771556,0,59528,0,1,1,0,10834162,2092678207,2106217712,32,32,796,1530616,3064975,14882,55512469,53935,396422270,303538145,0
1789564939.300417,110.076,5799631,362199,0,111,61,88,73573,587073,21787587,12983320,3184,61272376,48791480,64771556,0,51260,0,1,1,0,10834167,2092927906,2106467412,32,32,796,1530669,3065081,12815,55512469,53935,396422270,303538145,0
1789564939.55075,110.326,5800006,362222,0,111,61,88,73575,587073,21787674,12641576,3184,61282172,49144904,64771556,0,34976,0,1,1,0,10834329,2093113028,2106652577,32,32,796,1530959,3065662,8744,55512472,53935,396422270,303538145,0
1789564939.801083,110.577,5800381,362243,0,111,61,88,73579,587073,21787770,12015244,3184,61291524,49786044,64771556,0,22696,0,1,1,0,10836212,2093259179,2106798835,32,32,796,1531329,3066402,5674,55512472,53935,396422270,303538145,0
1789564940.05139,110.827,5800756,362268,0,111,61,88,73579,587073,21787827,12003012,3184,61287800,49794552,64771556,0,10764,0,1,1,0,10836225,2093507234,2107046890,32,32,796,1531236,3066216,2691,55512473,53935,396422270,303538145,0
1789564940.301707,111.077,5801131,362272,0,111,61,88,73599,587073,21788081,8714928,3184,61356616,53199188,64771556,0,0,0,0,2,0,10847500,2093522534,2107062214,32,32,796,1534145,3072042,0,55512495,53935,396422270,303538145,0
1789564940.5521297,111.328,5801529,362272,0,111,61,88,73599,587076,21788329,8714908,3188,61354736,53197588,64771556,0,0,0,0,1,0,10847699,2093522534,2107062214,32,32,797,1534105,3071961,0,55512871,53935,396422270,303538145,0
