t,t_rel,cpu_idle,cpu_iowait,cpu_irq,cpu_nice,cpu_softirq,cpu_steal,cpu_system,cpu_user,ctxt,mem_Cached,mem_Dirty,mem_MemAvailable,mem_MemFree,mem_MemTotal,mem_SwapCached,mem_Writeback,mem_WritebackTmp,procs_blocked,procs_running,psi_cpu_full_total,psi_cpu_some_total,psi_io_full_total,psi_io_some_total,psi_memory_full_total,psi_memory_some_total,vm_nr_dirty,vm_nr_dirty_background_threshold,vm_nr_dirty_threshold,vm_nr_writeback,vm_pgfault,vm_pgmajfault,vm_pgpgin,vm_pgpgout,vm_pswpout
1789561837.5779743,0.0,1526646,67611,0,111,38,45,27912,243310,8246148,116760,1516,63874260,64256028,64771556,0,4,0,1,1,0,6093219,310150510,314005145,13,13,379,1595256,3194413,1,22633527,20138,138084422,121217481,0
1789561837.8283765,0.25,1526884,67629,0,111,38,45,27913,243454,8246775,126416,1516,63862648,64238456,64771556,0,4,0,0,17,0,6093582,310178010,314032690,13,13,379,1595122,3194144,1,22636212,20211,138096674,121217481,0
1789561838.0789328,0.501,1527258,67646,0,111,38,45,27915,243460,8247499,135608,1516,63847624,64218160,64771556,0,4,0,1,1,0,6094431,310279488,314134218,13,13,379,1594878,3193657,1,22641231,20249,138107602,121217481,0
1789561838.329321,0.751,1527633,67668,0,111,38,45,27916,243461,8248210,162428,1516,63817712,64174740,64771556,0,4,0,1,1,0,6095209,310446504,314301235,13,13,379,1594469,3192837,1,22645436,20460,138134914,121217481,0
1789561838.5797172,1.002,1527998,67692,0,111,38,45,27917,243471,8250506,173324,1520,63800752,64151964,64771556,0,0,0,1,1,0,6097060,310595188,314449990,13,13,380,1594191,3192280,0,22648626,20547,138145314,121217481,0
1789561838.8301537,1.252,1528369,67714,0,111,38,45,27918,243477,8252121,179780,1520,63789436,64137404,64771556,0,0,0,1,1,0,6097991,310778304,314633106,13,13,380,1593989,3191876,0,22650651,20553,138151762,121217481,0
1789561839.0805767,1.503,1528735,67736,0,111,38,45,27919,243488,8253622,188160,1520,63767516,64111308,64771556,0,0,0,1,1,0,6098786,310937101,314791911,13,13,380,1593546,3190989,0,22655798,20553,138160158,121217481,0
1789561839.331018,1.753,1529087,67745,0,111,38,45,27924,243519,8257829,191096,1520,63759240,64101588,64771556,0,0,0,0,2,0,6099166,310956636,314811450,13,13,380,1593376,3190648,0,22672401,20561,138163058,121217513,0
1789561839.581449,2.003,1529445,67757,0,111,38,45,27927,243546,8260925,194532,1520,63731316,64071928,64771556,0,0,0,1,2,0,6099931,311030481,314885301,13,13,380,1592722,3189338,0,22680252,20562,138166518,121217513,0
1789561839.8318927,2.254,1529809,67769,0,111,38,45,27928,243567,8264956,197424,1520,63711796,64050964,64771556,0,0,0,1,1,0,6100587,311115396,314970223,13,13,380,1592271,3188435,0,22685162,20562,138169386,121217513,0
1789561840.0822809,2.504,1530168,67784,0,111,38,45,27932,243586,8269572,200888,1520,63682312,64019712,64771556,0,0,0,1,1,0,6101254,311200206,315055040,13,13,380,1591579,3187049,0,22692883,20570,138172862,121217513,0
1789561840.3326964,2.755,1530517,67794,0,111,38,45,27934,243628,8275135,203588,1520,63670736,64006808,64771556,0,0,0,1,1,0,6101949,311249501,315104335,13,13,380,1591323,3186537,0,22696022,20575,138175566,121217513,0
1789561840.5831645,3.005,1530875,67805,0,111,38,45,27936,243656,8280144,206048,1520,63663296,63998140,64771556,0,0,0,1,1,0,6102587,311325877,315180718,13,13,380,1591168,3186227,0,22697659,20578,138178054,121217513,0
1789561840.8335774,3.256,1531221,67816,0,111,38,45,27939,243696,8285675,208232,1520,63646412,63980148,64771556,0,0,0,0,2,0,6102959,311347840,315202809,13,13,380,1590774,3185438,0,22702504,20581,138180270,121217517,0
1789561841.119891,3.542,1531653,67841,0,111,38,45,27940,243698,8286641,236128,1520,63624300,63943712,64771556,0,0,0,1,1,0,6104119,311591567,315446559,13,13,380,1590580,3185049,0,22705434,20809,138209026,121217517,0
1789561841.3724194,3.794,1532028,67860,0,111,38,45,27942,243702,8287340,250184,1520,63606948,63919232,64771556,0,0,0,1,1,0,6104842,311780438,315635439,13,13,380,1590324,3184538,0,22709371,20917,138223142,121217517,0
1789561841.6229584,4.045,1532404,67876,0,111,38,45,27943,243709,8287869,262020,1520,63591032,63897340,64771556,0,0,0,1,1,0,6106763,311950032,315805042,13,13,380,1590076,3184041,0,22713540,21011,138235122,121217517,0
1789561841.8733625,4.295,1532771,67891,0,111,38,45,27946,243724,8289746,268452,1520,63570780,63873776,64771556,0,0,0,1,1,0,6107316,312027044,315882076,13,13,380,1589653,3183194,0,22717319,21023,138241710,121217517,0
1789561842.1237636,4.546,1533129,67905,0,111,38,45,27948,243751,8291773,271472,1520,63555616,63857088,64771556,0,0,0,0,2,0,6108004,312109147,315964179,13,13,380,1589313,3182512,0,22721069,21027,138244746,121217517,0
1789561842.3741927,4.796,1533457,67918,0,111,38,45,27951,243806,8293378,274300,1520,63502992,63803072,64771556,0,0,0,0,4,0,6108352,312152909,316007945,13,13,380,1588034,3179951,0,22741650,21027,138247638,121217517,0
1789561842.6246533,5.047,1533813,67928,0,111,38,45,27954,243837,8295310,277008,1520,63480652,63778008,64771556,0,0,0,0,2,0,6108900,312220609,316075645,13,13,380,1587477,3178835,0,22747645,21027,138250250,121217517,0
1789561842.8751178,5.297,1534163,67939,0,111,38,45,27957,243872,8299661,280696,1520,63460092,63753724,64771556,0,0,0,0,2,0,6109291,312250167,316105207,13,13,380,1586963,3177807,0,22753391,21030,138253946,121217517,0
1789561843.1257303,5.548,1534520,67949,0,111,38,45,27959,243902,8301140,283204,1520,63452884,63744032,64771556,0,0,0,1,2,0,6109708,312304017,316159068,13,13,380,1586783,3177447,0,22755938,21031,138256682,121217517,0
1789561843.376198,5.798,1534871,67960,0,111,38,45,27961,243939,8303300,286412,1620,63439072,63726976,64771556,0,0,0,0,2,0,6110176,312356756,316211807,13,13,405,1586439,3176757,0,22759251,21032,138259582,121217517,0
1789561843.6266916,6.049,1535227,67971,0,111,38,45,27961,243973,8305394,289992,1620,63424572,63708864,64771556,0,0,0,0,3,0,6110614,312420316,316275377,13,13,405,1586077,3176032,0,22763163,21032,138263246,121217517,0
1789561843.8773804,6.299,1535577,67975,0,111,38,45,27964,244016,8310114,291716,1620,63415172,63697744,64771556,0,0,0,0,2,0,6111694,312443017,316298083,13,13,405,1585842,3175562,0,22766438,21032,138264866,121217517,0
1789561844.1280787,6.55,1535887,67977,0,111,38,45,27966,244103,8317772,292348,1620,63404124,63686052,64771556,0,0,0,0,5,0,6112552,312446991,316302057,13,13,405,1585566,3175010,0,22771336,21034,138265498,121217517,0
1789561844.3788416,6.801,1536210,67981,0,111,38,45,27968,244173,8322350,293420,1620,63397500,63678428,64771556,0,0,0,0,2,0,6112925,312461216,316316282,13,13,405,1585401,3174679,0,22773069,21037,138266654,121217517,0
1789561844.6293416,7.051,1536583,67995,0,111,38,45,27969,244184,8323510,297580,1620,63392448,63669252,64771556,0,0,0,1,1,0,6113693,312593798,316448874,13,13,405,1585275,3174426,0,22774404,21037,138270734,121217517,0
1789561844.8798504,7.302,1536955,68002,0,111,38,45,27970,244206,8324542,299420,1620,63381592,63656512,64771556,0,0,0,0,2,0,6114103,312653265,316508341,13,13,405,1585004,3173883,0,22777673,21037,138272710,121217517,0
1789561845.1305187,7.553,1537301,68012,0,111,38,45,27971,244248,8327155,302232,1620,63363032,63635128,64771556,0,0,0,1,3,0,6114678,312700778,316555869,13,13,405,1584540,3172956,0,22782894,21037,138275422,121217517,0
1789561845.381042,7.803,1537675,68025,0,111,38,45,27973,244260,8327869,305720,1620,63341584,63610136,64771556,0,0,0,0,2,0,6115374,312819029,316674136,13,13,405,1584005,3171884,0,22788306,21037,138278910,121217517,0
1789561845.631669,8.054,1538030,68031,0,111,38,45,27973,244299,8329619,307104,1620,63315536,63582720,64771556,0,0,0,1,3,0,6116178,312852173,316707285,13,13,405,1583355,3170581,0,22793612,21037,138280266,121217517,0
1789561845.882151,8.304,1538394,68039,0,111,38,45,27975,244325,8330604,309092,1620,63295376,63560556,64771556,0,0,0,1,1,0,6116558,312911196,316766308,13,13,405,1582852,3169574,0,22800126,21037,138282270,121217517,0
1789561846.1326168,8.555,1538737,68047,0,111,38,45,27978,244372,8334567,311248,1620,63269388,63532036,64771556,0,0,0,0,2,0,6116964,312947422,316802535,13,13,405,1582203,3168275,0,22806483,21037,138284802,121217517,0
1789561846.3833282,8.805,1539061,68051,0,111,38,45,27981,244440,8339358,312488,1776,63216264,63477640,64771556,0,0,0,0,5,0,6117249,312952675,316807788,13,13,444,1580877,3165619,0,22818886,21037,138286286,121217517,0
1789561846.633792,9.056,1539409,68062,0,111,38,45,27982,244480,8341382,314736,1776,63204920,63464052,64771556,0,0,0,0,2,0,6117679,313015192,316870304,13,13,444,1580593,3165052,0,22825133,21037,138288730,121217517,0
1789561846.884254,9.306,1539760,68069,0,111,38,45,27985,244520,8343702,316984,1784,63180904,63437800,64771556,0,0,0,0,2,0,6117858,313029252,316884366,13,13,446,1579994,3163851,0,22835166,21037,138290834,121217517,0
1789561847.1349268,9.557,1540128,68076,0,111,38,45,27987,244541,8345827,319520,1784,63286660,63541052,64771556,0,0,0,0,2,0,6118351,313087614,316942739,13,13,446,1582634,3169138,0,22840727,21037,138292910,121217517,0
1789561847.3855577,9.808,1540499,68084,0,111,38,45,27989,244561,8346843,321636,1784,63258996,63511256,64771556,0,0,0,0,2,0,6118773,313149642,317004767,13,13,446,1581943,3167755,0,22847460,21037,138295026,121217517,0
1789561847.6362293,10.058,1540836,68092,0,111,38,45,27992,244613,8350797,324252,1788,63235588,63485208,64771556,0,0,0,1,4,0,6119275,313175777,317030909,13,13,447,1581359,3166585,0,22854133,21038,138297654,121217517,0
1789561847.8868768,10.309,1541169,68095,0,111,38,45,27994,244672,8359006,325136,1840,63230944,63479664,64771556,0,0,0,0,3,0,6119775,313180542,317035673,13,13,460,1581243,3166353,0,22856596,21038,138298570,121217577,0
1789561848.137346,10.559,1541440,68105,0,111,38,45,28003,244780,8368716,404532,1848,63145176,63314464,64771556,0,0,0,3,4,0,6120350,313190706,317045846,13,13,462,1579102,3162066,0,22879940,21038,138379834,121217577,0
1789561848.388096,10.81,1541712,68116,0,111,38,45,28009,244888,8377343,482828,1848,63099236,63189956,64771556,0,0,0,0,12,0,6120809,313201403,317056542,13,13,462,1577955,3159769,0,22892774,21038,138456206,121217577,0
1789561848.6386027,11.061,1541958,68129,0,111,38,45,28031,245007,8387213,784768,154016,62899188,62686448,64771556,0,0,0,1,7,0,6121338,313215163,317070343,13,13,38504,1572913,3149673,0,22936526,21038,138605978,121217577,0
1789561848.8890939,11.311,1542243,68143,0,111,38,45,28058,245077,8395813,1301268,508416,62723200,61989732,64771556,0,0,0,1,4,0,6121896,313241668,317096852,15,15,127104,1568424,3140684,0,22970758,21038,138768090,121217577,0
1789561849.139552,11.562,1542487,68157,0,111,38,45,28098,245177,8404759,1480628,531464,62621364,61708144,64771556,0,0,0,0,6,0,6124130,313255500,317110690,15,15,132866,1565872,3135573,0,22979910,21038,138924030,121217577,0
1789561849.3900416,11.812,1542740,68176,0,111,38,45,28127,245275,8413029,1976036,826880,62487908,61075260,64771556,0,0,0,1,5,0,6124685,313286335,317141525,15,15,206720,1562441,3128703,0,23025906,21038,139125534,121217577,0
1789561849.6405306,12.063,1543008,68194,0,111,38,45,28174,245340,8419141,2357460,1013016,62148296,60351876,64771556,0,0,0,3,5,0,6125241,313314893,317170097,15,15,253254,1553902,3111604,0,23038215,21038,139320438,121217577,0
1789561849.8911176,12.313,1543266,68214,0,111,38,45,28196,245439,8426025,2883908,1310956,62185428,59858892,64771556,0,0,0,0,7,0,6126034,313341047,317196254,15,15,327841,1554740,3113282,0,23052999,21038,139547950,121217577,0
1789561850.141624,12.564,1543537,68229,0,111,38,45,28241,245505,8432026,3255500,1519760,61848000,59146712,64771556,0,0,0,2,4,0,6126588,313358199,317213411,15,15,379940,1546238,3096257,0,23088593,21038,139711518,121217577,0
1789561850.392136,12.814,1543815,68261,0,111,38,45,28262,245573,8438799,3792816,1752340,61904332,58662576,64771556,0,0,0,0,6,0,6127321,313418609,317273831,15,15,438085,1547565,3098915,0,23091515,21038,140015582,121217577,0
1789561850.6428738,13.065,1544096,68277,0,111,38,45,28301,245634,8443901,4222408,2026116,61763812,58088088,64771556,0,0,0,0,6,0,6127890,313444825,317300066,15,15,506529,1543948,3091672,0,23105245,21038,140171518,121217577,0
1789561850.8935602,13.316,1544376,68310,0,111,38,45,28331,245691,8451523,4662424,2187676,61711100,57593248,64771556,0,0,0,3,2,0,6128668,313508637,317363913,15,15,546919,1542579,3088931,0,23126171,21038,140450902,121217577,0
1789561851.144238,13.566,1544665,68328,0,111,38,45,28361,245751,8455273,5195964,2531864,61741960,57085528,64771556,0,0,0,1,5,0,6129421,313551717,317406993,15,15,632865,1543214,3090201,0,23132764,21038,140639478,121217577,0
1789561851.3949606,13.817,1544935,68345,0,111,38,45,28403,245821,8463259,5583340,2721260,62051336,57004704,64771556,0,0,0,1,4,0,6130072,313582268,317437544,15,15,680315,1550876,3105544,0,23156625,21038,140837438,121217577,0
1789561851.6456184,14.068,1545199,68371,0,111,38,45,28432,245900,8470037,6107420,2975228,61974324,56399720,64771556,0,0,0,0,14,0,6130726,313619799,317475148,15,15,743807,1548864,3101516,0,23185312,21083,141108934,121217577,0
1789561851.8962352,14.318,1545466,68392,0,111,38,45,28479,245964,8476849,6531836,3203676,61792740,55789808,64771556,0,0,0,0,8,0,6131530,313646005,317501453,15,15,800919,1544254,3092285,0,23205137,21127,141307658,121217577,0
1789561852.1467743,14.569,1545743,68422,0,111,38,45,28504,246032,8482796,7052032,3427860,61813588,55286596,64771556,0,0,0,0,6,0,6132393,313700672,317556166,15,15,856965,1544679,3093136,0,23216526,21127,141603698,121217577,0
1789561852.3972743,14.819,1546001,68433,0,111,38,45,28548,246121,8488224,7461004,3662420,61691228,54752052,64771556,0,0,0,2,3,0,6132837,313717386,317572882,15,15,915605,1541543,3086855,0,23226747,21127,141779102,121217577,0
1789561852.6477585,15.07,1546279,68450,0,111,38,45,28581,246193,8494972,8006756,3954864,61670104,54180712,64771556,0,0,0,0,8,0,6133492,313751274,317606770,15,15,988716,1540905,3085578,0,23258512,21127,142031394,121217577,0
1789561852.8982682,15.32,1546546,68462,0,111,38,45,28622,246271,8500391,8479716,4188456,61513064,53547904,64771556,0,0,0,2,3,0,6134131,313775654,317631150,15,15,1047114,1536905,3077569,0,23266317,21127,142270914,121217577,0
1789561853.1487408,15.571,1546823,68484,0,111,38,45,28661,246330,8507341,9017856,2740212,61570032,53062076,64771556,0,1727396,0,2,4,0,6135025,313816642,317672150,15,15,685053,1538227,3080215,431849,23280659,21127,142522446,122954025,0
1789561853.39925,15.821,1547103,68521,0,111,38,45,28693,246382,8512317,9329372,2907812,61496568,52674556,64771556,0,1703132,0,3,3,0,6137821,313880073,317736848,15,15,726953,1536477,3076711,425783,23292864,21127,142665758,122954025,0
1789561853.6497176,16.072,1547386,68562,0,111,38,45,28720,246431,8517474,9738488,3109900,61751680,52517460,64771556,0,1682652,0,3,4,0,6138719,313961306,317818739,15,15,777475,1542617,3089007,420663,23307783,21127,142872598,122954025,0
1789561853.9002275,16.322,1547631,68599,0,111,38,45,28753,246518,8521577,10059440,3291564,61648864,52091292,64771556,0,1649884,0,3,4,0,6139539,314010833,317869451,15,15,822891,1539990,3083747,412471,23320023,21127,143012170,122954025,0
1789561854.150851,16.573,1547920,68639,0,111,38,45,28776,246566,8527212,10485712,3501012,61674768,51687824,64771556,0,1629404,0,2,3,0,6141254,314088873,317949344,15,15,875253,1540559,3084885,407351,23331227,21127,143228678,122954025,0
1789561854.4014256,16.823,1548192,68674,0,111,38,45,28806,246629,8532010,10807616,3687524,61645052,51333496,64771556,0,1604828,0,2,4,0,6142593,314153967,318017313,15,15,921881,1539751,3083266,401207,23339734,21128,143364486,122954025,0
1789561854.6521044,17.074,1548483,68714,0,111,38,45,28830,246673,8536476,11229852,3905332,61660116,50923000,64771556,0,1580252,0,1,4,0,6143373,314239062,318103050,15,15,976333,1540054,3083874,395063,23349330,21128,143568678,122954025,0
1789561854.9028502,17.325,1548777,68753,0,111,38,45,28859,246710,8539874,11577284,4087492,61568804,50481756,64771556,0,1551580,0,3,2,0,6144356,314322592,318186942,15,15,1021873,1537689,3079138,387895,23368965,21128,143734358,122954025,0
1789561855.1534705,17.575,1549061,68794,0,111,38,45,28883,246761,8544449,11963704,4287956,61554900,50078484,64771556,0,1535196,0,1,4,0,6145986,314410722,318276395,15,15,1072090,1537291,3078342,383799,23377837,21128,143919534,122954025,0
1789561855.404242,17.826,1549352,68833,0,111,38,45,28912,246800,8548878,12335524,4471472,61504396,49653304,64771556,0,1506492,0,1,4,0,6147543,314493352,318359780,15,15,1117868,1535949,3075654,376623,23387444,21128,144107966,122954025,0
1789561855.6549652,18.077,1549645,68873,0,111,38,45,28936,246844,8552120,12714664,4687744,61555736,49322600,64771556,0,1481916,0,1,5,0,6149161,314581899,318448777,15,15,1172040,1537158,3078075,370479,23392239,21128,144270450,122954025,0
1789561855.9056911,18.328,1549929,68914,0,111,38,45,28962,246894,8557001,13095100,4873484,61526292,48909912,64771556,0,1453244,0,1,4,0,6150866,314658513,318526642,15,15,1218371,1536353,3076462,363311,23400319,21128,144465370,122954025,0
1789561856.1561725,18.578,1550227,68947,0,111,38,45,28990,246936,8561196,13482952,5086448,61439636,48432280,64771556,0,1436860,0,2,3,0,6151493,314739614,318619250,15,15,1271612,1534112,3071975,359215,23413034,21128,144640514,122954025,0
1789561856.4066398,18.829,1550512,68984,0,111,38,45,29016,246988,8566590,13856984,5272960,61396752,48012772,64771556,0,1408188,0,2,3,0,6152923,314816732,318707245,15,15,1318341,1532977,3069702,352047,23424876,21128,144828010,122954025,0
1789561856.657103,19.079,1550811,69017,0,111,38,45,29041,247029,8569956,14231412,5467184,61401460,47640040,64771556,0,1391804,0,1,3,0,6154343,314895782,318804679,15,15,1366796,1533019,3069787,347951,23429580,21128,145008462,122954025,0
1789561856.9075603,19.33,1551109,69057,0,111,38,45,29070,247064,8574193,14618196,5672076,61306764,47155872,64771556,0,1363132,0,2,3,0,6156103,314989101,318899793,15,15,1417918,1530588,3064919,340783,23444442,21128,145190002,122954025,0
1789561857.158035,19.58,1551392,69098,0,111,38,45,29095,247115,8579690,14968488,5846880,61223544,46719476,64771556,0,1330364,0,1,4,0,6157339,315068991,318981317,15,15,1461720,1528438,3060614,332591,23455472,21128,145365530,122954025,0
1789561857.4085054,19.831,1551689,69135,0,111,38,45,29124,247152,8583695,15357340,6061028,61179732,46283844,64771556,0,1309852,0,2,7,0,6158097,315152654,319067128,15,15,1515257,1527271,3058276,327463,23468026,21128,145540346,122954025,0
1789561857.6591563,20.081,1551982,69179,0,111,38,45,29146,247191,8588566,15767676,5957588,61234928,45923060,64771556,0,1576572,0,3,3,0,6159075,315243541,319161468,15,15,1488629,1528510,3060758,394911,23470319,21128,145754902,123253001,0
1789561857.90965,20.332,1552256,69215,0,111,38,45,29184,247241,8593791,16102852,4480792,61171748,45519752,64771556,0,3220272,0,1,5,0,6160230,315311483,319231733,15,15,1120198,1526810,3057354,805068,23488732,21128,145906054,124913597,0
1789561858.1602561,20.582,1552553,69255,0,111,38,45,29207,247282,8598766,16499136,4680268,61232744,45178552,64771556,0,3191600,0,3,2,0,6160840,315400142,319330769,15,15,1170067,1528186,3060108,797900,23503397,21128,146103674,124914405,0
1789561858.4107645,20.833,1552838,69282,0,111,38,45,29236,247341,8603812,16813472,4869700,61344376,44970684,64771556,0,3175216,0,2,3,0,6161751,315455967,319408440,15,15,1217425,1530830,3065404,793804,23509932,21128,146228298,124914405,0
1789561858.661537,21.084,1553115,69323,0,111,38,45,29260,247398,8609908,17185036,5064520,61481860,44730224,64771556,0,3146544,0,3,3,0,6164253,315540296,319497410,15,15,1266232,1534136,3072024,786636,23513857,21128,146405466,124914405,0
1789561858.9121768,21.334,1553386,69365,0,111,38,45,29283,247460,8616424,17531660,5243408,61646392,44543228,64771556,0,3121968,0,1,4,0,6164836,315617653,319575565,15,15,1310852,1538101,3079963,780492,23520160,21128,146573302,124914405,0
1789561859.1629326,21.585,1553681,69401,0,111,38,45,29304,247508,8622044,17769568,5370300,61808344,44462592,64771556,0,3101488,0,1,1,0,6165265,315690157,319648926,15,15,1342575,1542024,3087819,775372,23524104,21128,146683562,124914405,0
1789561859.413375,21.835,1554056,69427,0,111,38,45,29304,247508,8622311,17769568,5370300,61808092,44462340,64771556,0,3076912,0,1,1,0,6165280,315934672,319893466,15,15,1342575,1542018,3087806,769228,23524105,21128,146683562,124914405,0
1789561859.6636941,22.086,1554431,69452,0,111,38,45,29304,247508,8622381,17769568,5370300,61808092,44462340,64771556,0,3056400,0,1,1,0,6165287,316182027,320140831,15,15,1342575,1542018,3087806,764100,23524106,21128,146683562,124914405,0
1789561859.9140363,22.336,1554805,69478,0,111,38,45,29304,247508,8622464,17769568,5370300,61818144,44472392,64771556,0,3023632,0,1,1,0,6165299,316427420,320386238,15,15,1342575,1542269,3088309,755908,23524107,21128,146683562,124914405,0
1789561860.1643364,22.586,1555180,69503,0,111,38,45,29304,247508,8622552,17769568,5370300,61829508,44483756,64771556,0,3003152,0,1,1,0,6165311,316674739,320633575,15,15,1342575,1542552,3088877,750788,23524108,21128,146683562,124914405,0
1789561860.4146209,22.837,1555555,69528,0,111,38,45,29305,247508,8622630,17769568,5370300,61837700,44491948,64771556,0,2978576,0,1,1,0,6165323,316921083,320879934,15,15,1342575,1542757,3089286,744644,23524109,21128,146683562,124914405,0
1789561860.664929,23.087,1555930,69554,0,111,38,45,29305,247508,8622749,17769568,5370300,61838108,44492356,64771556,0,2954000,0,1,1,0,6165330,317169397,321128258,15,15,1342575,1542767,3089307,738500,23524109,21128,146683562,124914405,0
1789561860.9152255,23.337,1556305,69579,0,111,38,45,29305,247508,8622824,17769568,5370300,61837728,44491976,64771556,0,2925328,0,1,1,0,6165342,317415726,321374603,15,15,1342575,1542758,3089288,731332,23524110,21128,146683562,124914405,0
1789561861.1655316,23.588,1556680,69605,0,111,38,45,29305,247508,8622927,17769568,5370300,61853728,44507976,64771556,0,2908944,0,1,1,0,6165349,317662129,321621015,15,15,1342575,1543157,3090087,727236,23524112,21128,146683570,124914405,0
1789561861.4159112,23.838,1557054,69630,0,111,38,45,29305,247508,8623046,17769568,5370300,61853356,44507604,64771556,0,2880272,0,1,1,0,6165368,317909472,321868385,15,15,1342575,1543148,3090069,720068,23524113,21128,146683570,124914405,0
1789561861.6662307,24.088,1557429,69655,0,111,38,45,29305,247508,8623115,17769568,5370300,61853356,44507604,64771556,0,2855696,0,1,1,0,6165377,318156799,322115725,15,15,1342575,1543148,3090069,713924,23524113,21128,146683570,124914405,0
1789561861.9165514,24.339,1557804,69681,0,111,38,45,29305,247508,8623193,17769568,5370300,61853356,44507604,64771556,0,2826992,0,1,1,0,6165388,318402196,322361138,15,15,1342575,1543148,3090069,706748,23524115,21128,146683570,124914405,0
1789561862.1668553,24.589,1558179,69706,0,111,38,45,29305,247508,8623304,17769568,5370300,61877796,44532044,64771556,0,2810608,0,1,1,0,6165394,318649530,322608480,15,15,1342575,1543758,3091291,702652,23524115,21128,146683570,124914405,0
1789561862.4171708,24.839,1558554,69731,0,111,38,45,29306,247508,8623393,17769568,5370300,61877544,44531792,64771556,0,2781928,0,1,1,0,6165406,318895881,322854849,15,15,1342575,1543752,3091278,695482,23524118,21128,146683570,124914405,0
1789561862.6674619,25.089,1558929,69757,0,111,38,45,29306,247508,8623483,17769568,5370300,61877544,44531792,64771556,0,2749160,0,1,1,0,6165414,319142204,323101182,15,15,1342575,1543752,3091278,687290,23524119,21128,146683570,124914405,0
1789561862.9177473,25.34,1559292,69782,0,111,38,45,29317,247508,8623770,17769676,3222824,61874000,44527988,64771556,0,4876156,0,1,1,0,6166832,319314104,323273146,15,15,805706,1543663,3091101,1219039,23524120,21128,146683578,127062009,0
1789561863.16807,25.59,1559667,69807,0,111,38,45,29317,247508,8623928,17769676,3222944,61882192,44536180,64771556,0,4860036,0,1,1,0,6166843,319562370,323521427,15,15,805736,1543868,3091510,1215009,23524120,21128,146683578,127062693,0
1789561863.4183557,25.84,1560042,69833,0,111,38,45,29317,247508,8624015,17769720,3222816,61890340,44544276,64771556,0,4831336,0,1,1,0,6166853,319809672,323768744,15,15,805704,1544071,3091918,1207834,23524121,21128,146683578,127062693,0
1789561863.668649,26.091,1560417,69858,0,111,38,45,29317,247508,8624110,17769712,3222816,61890340,44544276,64771556,0,4798632,0,1,1,0,6166874,320055867,324015080,15,15,805704,1544071,3091918,1199658,23524121,21128,146683578,127062693,0
1789561863.918965,26.341,1560792,69883,0,111,38,45,29317,247508,8624167,17769704,3222816,61889960,44543896,64771556,0,4782260,0,1,1,0,6166883,320304144,324263370,15,15,805704,1544061,3091899,1195565,23524124,21128,146683578,127062693,0
1789561864.169247,26.591,1561167,69909,0,111,38,45,29318,247508,8624269,17769692,3222816,61912208,44566144,64771556,0,4753712,0,1,1,0,6166894,320549519,324508760,15,15,805704,1544617,3093011,1188428,23524124,21128,146683578,127062693,0
1789561864.4195406,26.842,1561541,69934,0,111,38,45,29318,247509,8624393,17769684,3222816,61919892,44573828,64771556,0,4737276,0,1,1,0,6166906,320796818,324756076,15,15,805704,1544809,3093395,1184319,23524127,21128,146683578,127062693,0
1789561864.6698332,27.092,1561916,69959,0,111,38,45,29318,247509,8624476,17769672,3222816,61919892,44573828,64771556,0,4708700,0,1,1,0,6166912,321044143,325003411,15,15,805704,1544809,3093395,1177175,23524127,21128,146683578,127062693,0
1789561864.920117,27.342,1562291,69985,0,111,38,45,29318,247509,8624537,17769672,3222816,61919892,44573828,64771556,0,4684124,0,1,1,0,6166933,321293288,325252668,15,15,805704,1544809,3093395,1171031,23524129,21128,146683578,127062693,0
1789561865.1703954,27.592,1562666,70010,0,111,38,45,29318,247509,8624655,17769672,3222816,61936276,44590212,64771556,0,4663644,0,1,1,0,6166940,321540599,325499989,15,15,805704,1545218,3094214,1165911,23524130,21128,146683578,127062693,0
1789561865.4207048,27.843,1563041,70035,0,111,38,45,29318,247509,8624815,17769720,3222816,61944212,44598144,64771556,0,4638684,0,1,1,0,6166962,321784066,325743488,15,15,805704,1545416,3094611,1159671,23524189,21128,146683578,127062693,0
1789561865.6710267,28.093,1563416,70061,0,111,38,45,29318,247509,8624882,17769720,3222816,61944212,44598144,64771556,0,4618204,0,1,1,0,6166968,322031397,325990827,15,15,805704,1545416,3094611,1154551,23524189,21128,146683578,127062693,0
1789561865.9213288,28.343,1563790,70086,0,111,38,45,29319,247509,8624970,17769720,3222816,61943840,44597772,64771556,0,4585436,0,1,1,0,6166998,322278565,326238126,15,15,805704,1545406,3094592,1146359,23524191,21128,146683578,127062693,0
1789561866.1716127,28.594,1564165,70111,0,111,38,45,29319,247509,8625056,17769720,3222816,61968436,44622368,64771556,0,4564932,0,1,2,0,6167006,322524885,326484458,15,15,805704,1546020,3095821,1141233,23524192,21128,146683578,127062693,0
1789561866.421917,28.844,1564540,70137,0,111,38,45,29319,247509,8625134,17769720,3222816,61976632,44630564,64771556,0,4540356,0,1,1,0,6167019,322770277,326729869,15,15,805704,1546225,3096231,1135089,23524193,21128,146683578,127062693,0
1789561866.672213,29.094,1564915,70162,0,111,38,45,29319,247509,8625205,17769720,3222816,61976248,44630180,64771556,0,4515780,0,1,1,0,6167024,323018575,326978175,15,15,805704,1546216,3096212,1128945,23524194,21128,146683578,127062693,0
1789561866.922497,29.345,1565290,70187,0,111,38,45,29319,247509,8625289,17769720,3222816,61976248,44630180,64771556,0,4487100,0,1,1,0,6167037,323263979,327223594,15,15,805704,1546216,3096212,1121775,23524195,21128,146683578,127062693,0
1789561867.1727948,29.595,1565665,70212,0,111,38,45,29319,247509,8625396,17769720,3222816,62008888,44662820,64771556,0,4458428,0,1,1,0,6167067,323511153,327470917,15,15,805704,1547030,3097844,1114607,23524195,21128,146683578,127062693,0
1789561867.423116,29.845,1566040,70238,0,111,38,45,29319,247509,8625464,17769720,3222816,62008768,44662700,64771556,0,4442044,0,1,1,0,6167079,323758470,327718250,15,15,805704,1547027,3097838,1110511,23524197,21128,146683578,127062693,0
1789561867.6734061,30.095,1566415,70263,0,111,38,45,29319,247509,8625537,17769720,3222816,62008768,44662700,64771556,0,4417468,0,1,1,0,6167086,324004795,327964584,15,15,805704,1547027,3097838,1104367,23524197,21128,146683578,127062693,0
1789561867.9236984,30.346,1566789,70288,0,111,38,45,29319,247509,8625617,17769720,3222816,62008768,44662700,64771556,0,4388796,0,1,1,0,6167098,324250221,328210026,15,15,805704,1547027,3097838,1097199,23524198,21128,146683578,127062693,0
1789561868.1740053,30.596,1567164,70314,0,111,38,45,29319,247509,8625723,17769720,3222828,62039920,44693852,64771556,0,4364220,0,1,1,0,6167111,324494696,328454516,15,15,805707,1547805,3099395,1091055,23524199,21128,146683578,127062761,0
1789561868.4242957,30.846,1567538,70340,0,111,38,45,29319,247509,8625888,17769720,3218304,62048008,44701820,64771556,0,4343728,0,1,1,0,6167125,324732041,328691876,15,15,804576,1548007,3099799,1085932,23524200,21128,146683578,127067469,0
1789561868.6746333,31.097,1567913,70366,0,111,38,45,29320,247509,8625976,17769720,3218304,62048008,44701820,64771556,0,4310956,0,1,1,0,6167130,324979376,328939220,15,15,804576,1548007,3099799,1077739,23524201,21128,146683578,127067469,0
1789561868.9249723,31.347,1568288,70391,0,111,38,45,29320,247509,8626046,17769720,3218304,62048008,44701820,64771556,0,4290468,0,1,1,0,6167142,325226696,329186555,15,15,804576,1548007,3099799,1072617,23524202,21128,146683578,127067469,0
1789561869.1752815,31.597,1568662,70417,0,111,38,45,29320,247510,8626147,17769720,3218304,62069208,44723020,64771556,0,4265884,0,1,1,0,6167153,325473041,329432914,15,15,804576,1548536,3100859,1066471,23524202,21128,146683578,127067469,0
1789561869.425605,31.848,1569038,70442,0,111,38,45,29320,247510,8626248,17769720,3218304,62084376,44738188,64771556,0,4245404,0,1,1,0,6167170,325722316,329682212,15,15,804576,1548915,3101617,1061351,23524204,21128,146683578,127067469,0
1789561869.6759343,32.098,1569412,70467,0,111,38,45,29320,247510,8626343,17769720,3218304,62084376,44738188,64771556,0,4212636,0,1,1,0,6167175,325967727,329927631,15,15,804576,1548915,3101617,1053159,23524204,21128,146683578,127067469,0
1789561869.926249,32.348,1569787,70493,0,111,38,45,29320,247510,8626410,17769720,3218304,62084012,44737824,64771556,0,4196252,0,1,1,0,6167186,326216018,330175936,15,15,804576,1548906,3101599,1049063,23524206,21128,146683578,127067469,0
1789561870.1765454,32.599,1570162,70518,0,111,38,45,29320,247510,8626504,17769720,3218304,62101776,44755588,64771556,0,4167572,0,1,1,0,6167198,326462353,330422286,15,15,804576,1549349,3102487,1041893,23524206,21128,146683578,127067469,0
1789561870.4268582,32.849,1570537,70543,0,111,38,45,29320,247510,8626569,17769720,3218304,62109480,44763292,64771556,0,4151188,0,1,1,0,6167208,326710644,330670591,15,15,804576,1549541,3102872,1037797,23524207,21128,146683578,127067469,0
1789561870.6771586,33.099,1570912,70568,0,111,38,45,29320,247510,8626717,17769500,3218948,62116984,44771036,64771556,0,4114732,0,1,1,0,6167228,326957305,330917374,15,15,804737,1549729,3103247,1028683,23524218,21128,146683578,127067469,0
1789561870.9274695,33.349,1571287,70594,0,111,38,45,29321,247510,8626853,17769500,3218948,62116984,44771036,64771556,0,4095392,0,1,1,0,6167240,327204609,331164695,15,15,804737,1549729,3103247,1023848,23524221,21128,146683578,127067469,0
1789561871.1777735,33.6,1571661,70619,0,111,38,45,29322,247510,8627044,17769436,3221644,62125540,44779660,64771556,0,4066072,0,1,2,0,6167255,327449321,331409423,15,15,805411,1549942,3103675,1016518,23524266,21128,146683578,127067469,0
1789561871.4280946,33.85,1572036,70644,0,111,38,45,29322,247510,8627179,17769436,3221644,62139100,44793220,64771556,0,4046316,0,1,1,0,6167266,327696635,331656757,15,15,805411,1550281,3104353,1011579,23524267,21128,146683578,127067469,0
1789561871.6784313,34.1,1572411,70666,0,111,38,45,29325,247510,8627373,17769008,3285976,62113084,44767608,64771556,0,4017096,0,0,2,0,6167285,327907243,331867375,15,15,821494,1549631,3103052,1004274,23525362,21128,146683578,127067469,0
1789561871.9288223,34.351,1572674,70666,0,111,38,45,29335,247636,8634098,17768664,3330732,62098644,44753464,64771556,0,4000712,0,0,8,0,6167988,327907340,331867584,15,15,832683,1549271,3102330,1000178,23530954,21128,146683694,127067469,0
1789561872.1794217,34.601,1572936,70666,0,111,38,45,29336,247774,8634854,17768664,3330732,62114816,44769636,64771556,0,3972040,0,0,9,0,6168292,327907350,331867934,15,15,832683,1549675,3103139,993010,23533357,21128,146683694,127067469,0
1789561872.4300683,34.852,1573192,70666,0,111,38,45,29341,247913,8636367,17768664,3330732,62113536,44768272,64771556,0,3951560,0,0,6,0,6169277,327907369,331868247,15,15,832683,1549643,3103075,987890,23535082,21128,146683694,127067469,0
1789561872.6805608,35.103,1573476,70666,0,111,38,45,29345,248026,8638512,17768664,3330732,62112476,44767208,64771556,0,3926984,0,0,5,0,6170340,327907369,331868648,15,15,832683,1549616,3103022,981746,23535562,21128,146683694,127067469,0
1789561872.9311936,35.353,1573767,70666,0,111,38,45,29350,248130,8640032,17768760,3330828,62110684,44765324,64771556,0,3906504,0,0,5,0,6170900,327907369,331868805,15,15,832707,1549571,3102932,976626,23536002,21128,146683694,127067469,0
1789561873.1817868,35.604,1574044,70666,0,111,38,45,29356,248248,8641365,17768760,3330828,62152120,44806760,64771556,0,3873736,0,0,8,0,6171798,327907369,331869262,15,15,832707,1550606,3105003,968434,23536108,21128,146683694,127067469,0
1789561873.432274,35.854,1574333,70666,0,111,38,45,29360,248355,8642148,17768760,3330836,62151452,44806092,64771556,0,3853256,0,0,5,0,6172762,327907370,331869688,15,15,832709,1550589,3104970,963314,23536157,21128,146683694,127068013,0
1789561873.6827526,36.105,1574625,70667,0,111,38,45,29364,248459,8643005,17768856,3330284,62150172,44804720,64771556,0,3828680,0,0,5,0,6173687,327907378,331869910,15,15,832571,1550557,3104906,957170,23536220,21128,146683694,127068673,0
1789561873.9332209,36.355,1574899,70667,0,111,38,45,29368,248579,8644623,17768856,3330288,62135904,44790432,64771556,0,3808200,0,0,5,0,6173856,327907390,331869953,15,15,832572,1550201,3104193,952050,23538932,21128,146683694,127068673,0
1789561874.1837087,36.606,1575190,70667,0,111,38,45,29373,248684,8645526,17768856,3330292,62116920,44771448,64771556,0,3775432,0,0,11,0,6174458,327907390,331870147,15,15,832573,1549727,3103244,943858,23545443,21128,146683694,127068673,0
1789561874.434379,36.856,1575474,70667,0,111,38,45,29380,248793,8646700,17768856,3330292,62104072,44758600,64771556,0,3754952,0,0,5,0,6175163,327907390,331870295,15,15,832573,1549406,3102602,938738,23551827,21128,146683694,127068673,0
1789561874.68484,37.107,1575761,70667,0,111,38,45,29384,248901,8648338,17768952,3330388,62103116,44757552,64771556,0,3730376,0,0,6,0,6175731,327907390,331870644,15,15,832597,1549383,3102554,932594,23551999,21128,146683694,127068673,0
1789561874.9353046,37.357,1576049,70667,0,111,38,45,29388,249011,8649644,17768952,3330388,62103116,44757552,64771556,0,3705800,0,0,5,0,6176703,327907390,331870838,15,15,832597,1549383,3102554,926450,23552080,21128,146683694,127068673,0
1789561875.1857827,37.608,1576338,70667,0,111,38,45,29393,249118,8650486,17768952,3330388,62127284,44781720,64771556,0,3677128,0,0,6,0,6177285,327907390,331870996,15,15,832597,1549986,3103762,919282,23552177,21128,146683694,127068673,0
1789561875.4365044,37.859,1576631,70667,0,111,38,45,29398,249221,8651158,17769048,3330484,62125484,44779828,64771556,0,3660744,0,0,5,0,6178030,327907390,331871274,15,15,832621,1549941,3103672,915186,23552579,21128,146683694,127068673,0
1789561875.6871989,38.109,1576925,70667,0,111,38,45,29403,249322,8651842,17769048,3330484,62117512,44771852,64771556,0,3632072,0,0,6,0,6178828,327907390,331871519,15,15,832621,1549742,3103273,908018,23552618,21128,146683694,127068673,0
1789561875.9378738,38.36,1577221,70667,0,111,38,45,29407,249422,8652167,17769048,3330484,62117336,44771676,64771556,0,3607496,0,0,5,0,6179839,327907390,331871751,15,15,832621,1549738,3103265,901874,23552713,21128,146683694,127068673,0
1789561876.1885703,38.611,1577512,70667,0,111,38,45,29412,249527,8652781,17769144,3330580,62150560,44804808,64771556,0,3578824,0,0,6,0,6180770,327907390,331872318,15,15,832645,1550567,3104925,894706,23552734,21128,146683694,127068673,0
1789561876.4390638,38.861,1577797,70667,0,111,38,45,29417,249636,8653253,17769144,3330580,62150820,44805068,64771556,0,3562440,0,0,5,0,6181488,327907390,331872638,15,15,832645,1550573,3104938,890610,23552766,21128,146683694,127068673,0
1789561876.689545,39.112,1578070,70667,0,111,38,45,29421,249760,8654050,17769148,3330580,62147000,44801248,64771556,0,3533768,0,0,7,0,6182681,327907529,331873174,15,15,832645,1550478,3104748,883442,23555563,21129,146683698,127068673,0
1789561876.9400501,39.362,1578351,70667,0,111,38,45,29426,249874,8655670,17769244,3330676,62132792,44786940,64771556,0,3509192,0,0,5,0,6183534,327907529,331873379,15,15,832669,1550123,3104037,877298,23556393,21129,146683698,127068673,0
1789561877.1905272,39.613,1578633,70667,0,111,38,45,29431,249987,8656354,17769244,3330676,62159684,44813828,64771556,0,3480520,0,0,6,0,6184875,327907529,331873696,15,15,832669,1550795,3105382,870130,23556614,21129,146683698,127068673,0
1789561877.4410012,39.863,1578929,70667,0,111,38,45,29436,250086,8656969,17769244,3330676,62159828,44813972,64771556,0,3464136,0,0,5,0,6185246,327907529,331873880,15,15,832669,1550798,3105389,866034,23556617,21129,146683698,127068673,0
1789561877.6914911,40.114,1579222,70667,0,111,38,45,29441,250187,8657486,17769340,3330772,62151264,44805316,64771556,0,3435464,0,0,5,0,6185939,327907595,331874403,15,15,832693,1550585,3104961,858866,23557139,21129,146683698,127068673,0
1789561877.941986,40.364,1579513,70667,0,111,38,45,29447,250292,8658086,17769340,3330772,62150048,44804096,64771556,0,3419080,0,0,6,0,6186546,327907595,331874597,15,15,832693,1550554,3104900,854770,23557872,21129,146683698,127068673,0
1789561878.192451,40.614,1579809,70667,0,111,38,45,29452,250391,8658465,17769340,3330772,62184516,44838564,64771556,0,3382216,0,0,5,0,6187897,327907595,331875359,15,15,832693,1551415,3106623,845554,23557873,21129,146683698,127068673,0
1789561878.4429173,40.865,1580107,70667,0,111,38,45,29455,250491,8658753,17769436,3330872,62184544,44838500,64771556,0,3365832,0,0,5,0,6188512,327907595,331875597,15,15,832718,1551415,3106624,841458,23557873,21129,146683698,127068737,0
1789561878.693399,41.115,1580402,70667,0,111,38,45,29458,250593,8659247,17769444,3329736,62184488,44838428,64771556,0,3341256,0,0,5,0,6189669,327907596,331875808,15,15,832434,1551414,3106621,835314,23557877,21129,146683702,127069849,0
1789561878.9440267,41.366,1580696,70667,0,111,38,45,29465,250694,8660168,17769444,3329736,62175864,44829788,64771556,0,3320776,0,0,6,0,6189761,327907596,331876081,15,15,832434,1551199,3106190,830194,23558451,21129,146683702,127069849,0
1789561879.1945033,41.617,1580994,70667,0,111,38,45,29469,250792,8660448,17769540,3329832,62201184,44855016,64771556,0,3288008,0,0,5,0,6190614,327907600,331876321,15,15,832458,1551831,3107456,822002,23558455,21129,146683702,127069849,0
1789561879.4450037,41.867,1581292,70667,0,111,38,45,29472,250891,8660773,17769540,3329832,62205608,44859440,64771556,0,3267528,0,0,6,0,6191412,327907600,331876767,15,15,832458,1551941,3107677,816882,23558460,21129,146683702,127069849,0
1789561879.6957328,42.118,1581585,70667,0,111,38,45,29478,250994,8661067,17769540,3329832,62205776,44859608,64771556,0,3242952,0,0,5,0,6192169,327907607,331877028,15,15,832458,1551945,3107686,810738,23558473,21129,146683702,127069849,0
1789561879.9462411,42.368,1581881,70667,0,111,38,45,29482,251094,8661393,17769636,3329928,62205808,44859544,64771556,0,3222472,0,0,5,0,6192209,327907632,331877083,15,15,832482,1551946,3107687,805618,23558480,21129,146683702,127069849,0
1789561880.1967063,42.619,1582179,70667,0,111,38,46,29488,251191,8661738,17769636,3329928,62231932,44885668,64771556,0,3189704,0,0,5,0,6192743,327907638,331877338,15,15,832482,1552598,3108993,797426,23558484,21129,146683702,127069849,0
1789561880.4472036,42.869,1582473,70667,0,111,38,46,29493,251292,8662016,17769636,3329928,62231684,44885420,64771556,0,3169224,0,0,5,0,6193016,327907706,331877686,15,15,832482,1552592,3108981,792306,23558495,21129,146683702,127069849,0
1789561880.6976786,43.12,1582754,70667,0,111,38,46,29498,251408,8663489,17769732,3330024,62221136,44874772,64771556,0,3144648,0,0,5,0,6194352,327907706,331878082,15,15,832506,1552329,3108453,786162,23560003,21129,146683702,127069849,0
1789561880.9481876,43.37,1583044,70667,0,111,38,46,29503,251514,8664003,17769732,3330024,62220620,44874256,64771556,0,3120072,0,0,5,0,6194902,327907706,331878292,15,15,832506,1552316,3108428,780018,23560018,21129,146683702,127069849,0
1789561881.198674,43.621,1583338,70667,0,111,38,46,29507,251615,8664631,17769732,3330024,62243472,44897108,64771556,0,3091400,0,0,5,0,6196280,327907706,331878813,15,15,832506,1552886,3109570,772850,23560033,21129,146683702,127069849,0
1789561881.4491575,43.871,1583631,70667,0,111,38,46,29512,251718,8665326,17769828,3330120,62233676,44887220,64771556,0,3075016,0,0,6,0,6196940,327907706,331878965,15,15,832530,1552642,3109080,768754,23560400,21129,146683702,127069849,0
1789561881.6996338,44.122,1583928,70667,0,111,38,46,29518,251816,8665671,17769828,3330120,62234076,44887620,64771556,0,3046344,0,0,5,0,6197407,327907731,331879189,15,15,832530,1552652,3109100,761586,23560425,21129,146683702,127069849,0
1789561881.9503024,44.372,1584227,70667,0,111,38,46,29521,251914,8665971,17769924,3330216,62231328,44884776,64771556,0,3021768,0,0,5,0,6198677,327907731,331879422,15,15,832554,1552583,3108963,755442,23561115,21129,146683702,127069849,0
1789561882.2009377,44.623,1584510,70675,0,111,38,46,29531,252015,8667206,17771996,3332864,62176404,44826780,64771556,0,3001288,0,1,5,0,6199169,327915350,331887128,15,15,833216,1551212,3106217,750322,23575984,21148,146686830,127069849,0
1789561882.451518,44.874,1584773,70690,0,111,38,46,29536,252132,8667958,17777584,3332864,62164060,44808256,64771556,0,2976712,0,1,5,0,6199363,327943282,331915101,15,15,833216,1550904,3105600,744178,23579772,21185,146693022,127069849,0
1789561882.702183,45.124,1585089,70701,0,111,38,46,29540,252201,8668724,17780276,3332864,62176280,44817644,64771556,0,2948036,0,0,3,0,6200491,327969407,331941363,15,15,833216,1551209,3106211,737009,23585777,21191,146695786,127069853,0
1789561882.9526129,45.375,1585459,70701,0,111,38,46,29545,252226,8669232,17890244,3444132,62166928,44696292,64771556,0,2923464,0,0,2,0,6200609,327969432,331942187,15,15,861033,1550925,3105643,730866,23587260,21191,146695786,127069853,0
1789561883.2030706,45.625,1585834,70701,0,111,38,46,29551,252244,8669322,17949004,3502892,62176080,44645140,64771556,0,2894792,0,0,2,0,6204669,327969432,331943505,15,15,875723,1551115,3106023,723698,23587262,21191,146695786,127069853,0
1789561883.4534252,45.875,1586209,70701,0,111,38,46,29558,252263,8669447,17949004,3502892,62109320,44578380,64771556,0,2878408,0,0,2,0,6205533,327969446,331943663,15,15,875723,1549448,3102685,719602,23606007,21191,146695786,127069853,0
1789561883.7037883,46.126,1586583,70702,0,111,38,46,29559,252290,8669577,17949004,3502952,62100752,44569804,64771556,0,2849736,0,0,2,0,6207147,327970312,331944851,15,15,875738,1549234,3102257,712434,23608163,21191,146695786,127069925,0
1789561883.954441,46.376,1586958,70702,0,111,38,46,29559,252315,8669646,17949004,3502952,62100752,44569804,64771556,0,2833352,0,0,2,0,6208233,327970312,331945714,15,15,875738,1549234,3102257,708338,23608164,21191,146695786,127069925,0
1789561884.204857,46.627,1587333,70702,0,111,38,46,29559,252340,8669741,17949004,3502952,62112036,44581088,64771556,0,2796488,0,0,2,0,6209156,327970872,331946775,15,15,875738,1549516,3102821,699122,23608164,21191,146695786,127069925,0
1789561884.4552128,46.877,1587708,70702,0,111,38,46,29559,252365,8669824,17949004,3502952,62115980,44585032,64771556,0,2780104,0,0,2,0,6210897,327971159,331947730,15,15,875738,1549614,3103018,695026,23608166,21191,146695786,127069925,0
1789561884.705624,47.128,1588083,70702,0,111,38,46,29559,252390,8669891,17949004,3502952,62115700,44584752,64771556,0,2755528,0,0,2,0,6212835,327971741,331948893,15,15,875738,1549607,3103004,688882,23608167,21191,146695786,127069925,0
1789561884.9559762,47.378,1588459,70702,0,111,38,46,29559,252415,8669946,17949004,3502952,62115700,44584752,64771556,0,2735048,0,1,2,0,6214431,327971826,331949607,15,15,875738,1549607,3103004,683762,23608169,21191,146695786,127069925,0
1789561885.206301,47.628,1588834,70702,0,111,38,46,29559,252440,8670072,17949004,3502952,62134120,44603172,64771556,0,2702280,0,0,2,0,6218234,327972097,331950373,15,15,875738,1550067,3103925,675570,23608169,21191,146695786,127069925,0
1789561885.4566803,47.879,1589209,70702,0,111,38,46,29560,252465,8670173,17949004,3502952,62135640,44604692,64771556,0,2681800,0,0,2,0,6219045,327973185,331951736,15,15,875738,1550105,3104001,670450,23608170,21191,146695786,127069925,0
1789561885.7070162,48.129,1589584,70702,0,111,38,46,29560,252490,8670256,17949004,3502952,62135640,44604692,64771556,0,2657224,0,0,2,0,6223298,327974312,331953393,15,15,875738,1550105,3104001,664306,23608170,21191,146695786,127069925,0
1789561885.957355,48.379,1589959,70703,0,111,38,46,29560,252515,8670330,17949004,3502952,62135892,44604944,64771556,0,2636744,0,1,2,0,6224226,327974993,331954177,15,15,875738,1550111,3104013,659186,23608171,21191,146695786,127069925,0
1789561886.2077796,48.63,1590315,70703,0,111,38,46,29561,252558,8670698,17949004,3502952,62132984,44602036,64771556,0,2603976,0,0,2,0,6224925,327975361,331954682,15,15,875738,1550039,3103868,650994,23612122,21191,146695786,127069925,0
1789561886.4582448,48.88,1590686,70703,0,111,38,46,29562,252585,8671262,17949004,3502952,62130172,44599204,64771556,0,2575304,0,0,2,0,6226129,327976741,331956370,15,15,875738,1549969,3103727,643826,23613216,21191,146695786,127069925,0
1789561886.7086937,49.131,1591054,70703,0,111,38,46,29565,252614,8672171,17780416,3334364,62140524,44781384,64771556,0,2558920,0,0,7,0,6227433,327977677,331957315,15,15,833591,1550308,3104406,639730,23613270,21191,146695806,127069925,0
1789561886.9591432,49.381,1591391,70726,0,111,38,46,29566,252652,8673358,17780488,3334324,62121528,44762640,64771556,0,2534344,0,1,1,0,6227999,328065872,332045711,15,15,833581,1549842,3103473,633586,23618215,21192,146695898,127069925,0
1789561887.209573,49.632,1591766,70751,0,111,38,46,29567,252652,8673544,17780488,3334324,62134584,44775696,64771556,0,2505736,0,1,1,0,6228026,328313122,332293097,15,15,833581,1550168,3104126,626434,23618215,21192,146695898,127069925,0
1789561887.4599597,49.882,1592141,70777,0,111,38,46,29567,252652,8673732,17780488,3334324,62135084,44776192,64771556,0,2489288,0,2,1,0,6228027,328558565,332538540,15,15,833581,1550180,3104151,622322,23618220,21192,146695898,127069925,0
1789561887.7102928,50.132,1592515,70802,0,111,38,46,29567,252652,8673877,17780488,3334324,62135084,44776192,64771556,0,2460616,0,1,1,0,6228028,328803042,332783018,15,15,833581,1550180,3104151,615154,23618220,21192,146695898,127069925,0
1789561887.9606142,50.383,1592890,70827,0,111,38,46,29567,252653,8674013,17780488,3334324,62135084,44776192,64771556,0,2436040,0,1,1,0,6228029,329050385,333030363,15,15,833581,1550180,3104151,609010,23618220,21192,146695898,127069925,0
1789561888.2109578,50.633,1593265,70853,0,111,38,46,29567,252653,8674201,17780488,3334324,62148840,44789948,64771556,0,2407368,0,1,1,0,6228044,329293899,333273893,15,15,833581,1550523,3104838,601842,23618225,21192,146695898,127069925,0
1789561888.461277,50.883,1593636,70878,0,111,38,46,29570,252654,8674348,17780528,2662312,62148896,44789948,64771556,0,3062996,0,1,1,0,6228049,329512158,333492154,15,15,665578,1550525,3104841,765749,23618225,21192,146695898,127741937,0
1789561888.7116153,51.134,1594011,70903,0,111,38,46,29570,252654,8674459,17780528,2662412,62148644,44789696,64771556,0,3034324,0,1,1,0,6228050,329757584,333737580,15,15,665603,1550519,3104829,758581,23618227,21192,146695898,127742093,0
1789561888.961962,51.384,1594385,70929,0,111,38,46,29571,252654,8674793,17780528,2662412,62146356,44787408,64771556,0,3009748,0,1,1,0,6228051,330003988,333983985,15,15,665603,1550461,3104714,752437,23618288,21192,146695898,127742093,0
1789561889.2122962,51.634,1594760,70954,0,111,38,46,29571,252654,8674887,17780528,2662412,62148256,44789308,64771556,0,2981076,0,1,1,0,6228059,330249375,334229402,15,15,665603,1550509,3104809,745269,23618289,21192,146695898,127742093,0
1789561889.4626224,51.885,1595135,70979,0,111,38,46,29571,252654,8675006,17780528,2662412,62161484,44802536,64771556,0,2956500,0,1,1,0,6228076,330496609,334476744,15,15,665603,1550839,3105470,739125,23618289,21192,146695898,127742093,0
1789561889.7129717,52.135,1595510,71005,0,111,38,46,29571,252654,8675067,17780528,2662412,62161484,44802536,64771556,0,2936020,0,1,1,0,6228076,330743950,334724085,15,15,665603,1550839,3105470,734005,23618290,21192,146695898,127742093,0
1789561889.963312,52.385,1595885,71030,0,111,38,46,29571,252654,8675143,17780528,2662412,62161484,44802536,64771556,0,2903252,0,1,1,0,6228077,330990331,334970467,15,15,665603,1550839,3105470,725813,23618291,21192,146695898,127742093,0
1789561890.213637,52.636,1596260,71055,0,111,38,46,29571,252654,8675249,17780528,2662412,62164592,44805644,64771556,0,2886860,0,1,1,0,6228084,331236646,335216851,15,15,665603,1550917,3105626,721715,23618293,21192,146695898,127742093,0
1789561890.46398,52.886,1596634,71081,0,111,38,46,29571,252654,8675336,17780528,2662412,62172532,44813584,64771556,0,2856480,0,1,1,0,6228085,331482066,335462272,15,15,665603,1551115,3106023,714120,23618293,21192,146695898,127742093,0
1789561890.714293,53.136,1597010,71106,0,111,38,46,29571,252654,8675395,17780528,2662412,62172532,44813584,64771556,0,2840096,0,1,1,0,6228086,331731354,335711559,15,15,665603,1551115,3106023,710024,23618294,21192,146695898,127742093,0
1789561890.9645953,53.387,1597385,71131,0,111,38,46,29571,252654,8675465,17780528,2662412,62172532,44813584,64771556,0,2819616,0,1,1,0,6228086,331977716,335957922,15,15,665603,1551115,3106023,704904,23618294,21192,146695898,127742093,0
1789561891.214934,53.637,1597759,71157,0,111,38,46,29572,252654,8675557,17780528,2662412,62186136,44827188,64771556,0,2786848,0,1,1,0,6228097,332224062,336204317,15,15,665603,1551454,3106703,696712,23618296,21192,146695898,127742093,0
1789561891.4652445,53.887,1598134,71182,0,111,38,46,29572,252654,8675633,17780528,2662412,62185884,44826936,64771556,0,2766352,0,1,1,0,6228097,332471392,336451648,15,15,665603,1551448,3106690,691588,23618297,21192,146695898,127742093,0
1789561891.7155547,54.138,1598509,71208,0,111,38,46,29572,252654,8675710,17780528,2662412,62185884,44826936,64771556,0,2741776,0,1,1,0,6228098,332716824,336697080,15,15,665603,1551448,3106690,685444,23618299,21192,146695898,127742093,0
1789561891.9658546,54.388,1598884,71233,0,111,38,46,29572,252654,8675779,17780528,2662412,62186140,44827192,64771556,0,2717200,0,1,1,0,6228099,332964140,336944397,15,15,665603,1551455,3106703,679300,23618299,21192,146695898,127742093,0
1789561892.2161672,54.638,1599259,71258,0,111,38,46,29573,252654,8675865,17780528,2662412,62194188,44835240,64771556,0,2688520,0,1,1,0,6228111,333209523,337189814,15,15,665603,1551655,3107105,672130,23618300,21192,146695898,127742093,0
1789561892.4664705,54.888,1599634,71284,0,111,38,46,29573,252654,8675927,17780528,2662412,62194188,44835240,64771556,0,2672136,0,1,1,0,6228112,333455884,337436175,15,15,665603,1551655,3107105,668034,23618300,21192,146695898,127742093,0
1789561892.7167838,55.139,1600009,71309,0,111,38,46,29573,252654,8676001,17780528,2662412,62193936,44834988,64771556,0,2643524,0,1,1,0,6228112,333703245,337683536,15,15,665603,1551649,3107093,660881,23618302,21192,146695898,127742093,0
1789561892.9670806,55.389,1600384,71334,0,111,38,46,29573,252654,8676068,17780528,2662412,62193936,44834988,64771556,0,2619108,0,1,1,0,6228113,333949584,337929876,15,15,665603,1551649,3107093,654777,23618303,21192,146695898,127742093,0
1789561893.21737,55.639,1600759,71360,0,111,38,46,29573,252654,8676162,17780524,2662412,62196176,44837232,64771556,0,2590236,0,1,1,0,6228440,334195090,338175392,15,15,665603,1551705,3107205,647559,23618304,21192,146695898,127742093,0
1789561893.4676774,55.89,1601134,71385,0,111,38,46,29573,252655,8676266,17780524,2662412,62204772,44845828,64771556,0,2573816,0,1,1,0,6228445,334443393,338423701,15,15,665603,1551920,3107634,643454,23618304,21192,146695898,127742093,0
1789561893.717993,56.14,1601495,71410,0,111,38,46,29586,252655,8676631,17780684,117868,62202076,44842892,64771556,0,5089680,0,1,1,0,6229136,334605969,338586280,15,15,29467,1551852,3107499,1272420,23618305,21192,146695902,130286637,0
1789561893.9683218,56.39,1601870,71436,0,111,38,46,29586,252655,8676731,17780684,118080,62201824,44842640,64771556,0,5056912,0,1,1,0,6229137,334850428,338830740,15,15,29520,1551846,3107487,1264228,23618306,21192,146695902,130286945,0
1789561894.2186084,56.641,1602245,71461,0,111,38,46,29586,252655,8676812,17780684,118080,62203616,44844432,64771556,0,5036432,0,1,1,0,6229154,335098608,339079035,15,15,29520,1551891,3107576,1259108,23618307,21192,146695902,130286945,0
1789561894.4689221,56.891,1602620,71486,0,111,38,46,29586,252655,8676871,17780684,118080,62208692,44849508,64771556,0,5020048,0,1,1,0,6229155,335345952,339326380,15,15,29520,1552018,3107830,1255012,23618308,21192,146695902,130286945,0
1789561894.7192135,57.141,1602995,71512,0,111,38,46,29586,252655,8676937,17780684,118080,62208692,44849508,64771556,0,4991360,0,1,1,0,6229155,335594259,339574687,15,15,29520,1552018,3107830,1247840,23618309,21192,146695902,130286945,0
1789561894.9695015,57.392,1603369,71537,0,111,38,46,29587,252655,8677022,17780684,118080,62208692,44849508,64771556,0,4958592,0,1,1,0,6229156,335838734,339819162,15,15,29520,1552018,3107830,1239648,23618309,21192,146695902,130286945,0
1789561895.2198167,57.642,1603744,71563,0,111,38,46,29587,252655,8677090,17780684,118080,62214688,44855504,64771556,0,4942208,0,1,1,0,6229161,336087023,340067459,15,15,29520,1552167,3108130,1235552,23618311,21192,146695902,130286945,0
1789561895.4701016,57.892,1604119,71588,0,111,38,46,29587,252655,8677168,17780684,118080,62214436,44855252,64771556,0,4921720,0,1,1,0,6229162,336333359,340313798,15,15,29520,1552161,3108117,1230430,23618311,21192,146695902,130286945,0
1789561895.720381,58.142,1604494,71613,0,111,38,46,29587,252655,8677238,17780684,118080,62214436,44855252,64771556,0,4897144,0,1,1,0,6229162,336579691,340560130,15,15,29520,1552161,3108117,1224286,23618312,21192,146695902,130286945,0
1789561895.9706678,58.393,1604869,71639,0,111,38,46,29587,252655,8677310,17780684,118080,62214692,44855508,64771556,0,4868464,0,1,1,0,6229165,336826026,340806465,15,15,29520,1552167,3108130,1217116,23618314,21192,146695902,130286945,0
1789561896.22097,58.643,1605244,71664,0,111,38,46,29587,252655,8677388,17780684,118080,62216240,44857056,64771556,0,4843888,0,1,1,0,6229169,337073328,341053774,15,15,29520,1552206,3108207,1210972,23618314,21192,146695902,130286945,0
1789561896.471265,58.893,1605619,71689,0,111,38,46,29587,252655,8677476,17780684,118080,62220068,44860884,64771556,0,4815208,0,1,1,0,6229169,337318713,341299159,15,15,29520,1552301,3108399,1203802,23618315,21192,146695902,130286945,0
1789561896.7215552,59.144,1605994,71715,0,111,38,46,29587,252655,8677530,17780684,118080,62220068,44860884,64771556,0,4798824,0,1,1,0,6229170,337566987,341547433,15,15,29520,1552301,3108399,1199706,23618315,21192,146695902,130286945,0
1789561896.971843,59.394,1606369,71740,0,111,38,46,29587,252655,8677596,17780684,118080,62220068,44860884,64771556,0,4778336,0,2,1,0,6229170,337816243,341796689,15,15,29520,1552301,3108399,1194584,23618316,21192,146695902,130286945,0
1789561897.222128,59.644,1606744,71765,0,111,38,46,29588,252655,8677683,17780684,118080,62221692,44862508,64771556,0,4745708,0,1,1,0,6229175,338062591,342043045,15,15,29520,1552342,3108480,1186427,23618317,21192,146695902,130286945,0
1789561897.472448,59.894,1607119,71790,0,111,38,46,29588,252655,8677792,17780684,118080,62226160,44866976,64771556,0,4725080,0,1,1,0,6229181,338309909,342290370,15,15,29520,1552454,3108703,1181270,23618318,21192,146695902,130286945,0
1789561897.7227588,60.145,1607494,71816,0,111,38,46,29588,252655,8677863,17780684,118080,62226160,44866976,64771556,0,4700504,0,1,1,0,6229182,338556290,342536752,15,15,29520,1552454,3108703,1175126,23618319,21192,146695902,130286945,0
1789561897.9730601,60.395,1607868,71841,0,111,38,46,29588,252655,8677941,17780684,118080,62226160,44866976,64771556,0,4675920,0,1,2,0,6229182,338802625,342783087,15,15,29520,1552454,3108703,1168980,23618320,21192,146695902,130286945,0
1789561898.223341,60.645,1608243,71867,0,111,38,46,29588,252655,8678012,17780684,118080,62226400,44867216,64771556,0,4647248,0,1,1,0,6229190,339049919,343030388,15,15,29520,1552460,3108715,1161812,23618320,21192,146695902,130286945,0
1789561898.4736245,60.896,1608618,71892,0,111,38,46,29588,252655,8678088,17780684,118080,62229268,44870084,64771556,0,4618568,0,1,1,0,6229191,339295305,343275775,15,15,29520,1552531,3108859,1154642,23618322,21192,146695902,130286945,0
1789561898.7239225,61.146,1608993,71917,0,111,38,46,29588,252655,8678147,17780684,118080,62229268,44870084,64771556,0,4602184,0,1,1,0,6229192,339542642,343523112,15,15,29520,1552531,3108859,1150546,23618322,21192,146695902,130286945,0
1789561898.9742048,61.396,1609368,71943,0,111,38,46,29588,252655,8678236,17780684,118100,62229840,44870628,64771556,0,4577608,0,1,2,0,6229192,339788050,343768521,15,15,29525,1552545,3108887,1144402,23618324,21192,146695902,130287025,0
1789561899.2244976,61.647,1609742,71968,0,111,38,46,29588,252655,8678356,17780684,118072,62232812,44873600,64771556,0,4548976,0,1,1,0,6229203,340035284,344015844,15,15,29518,1552620,3109036,1137244,23618327,21192,146695902,130287137,0
1789561899.4747887,61.897,1610117,71994,0,111,38,46,29588,252655,8678417,17780684,118072,62233036,44873824,64771556,0,4532592,0,1,1,0,6229204,340282612,344263172,15,15,29518,1552625,3109047,1133148,23618328,21192,146695902,130287137,0
1789561899.7250986,62.147,1610492,72019,0,111,38,46,29588,252655,8678495,17780684,118072,62233292,44874080,64771556,0,4503912,0,1,1,0,6229205,340528002,344508563,15,15,29518,1552632,3109060,1125978,23618328,21192,146695902,130287137,0
1789561899.975377,62.397,1610867,72044,0,111,38,46,29588,252655,8678570,17780684,118072,62233292,44874080,64771556,0,4471144,0,1,1,0,6229205,340774338,344754900,15,15,29518,1552632,3109060,1117786,23618330,21192,146695902,130287137,0
1789561900.2256618,62.648,1611242,72069,0,111,38,46,29588,252655,8678648,17780684,118072,62235924,44876712,64771556,0,4450900,0,1,1,0,6229239,341024377,345005157,15,15,29518,1552697,3109191,1112725,23618331,21192,146695902,130287137,0
1789561900.4759579,62.898,1611617,72095,0,111,38,46,29588,252655,8678718,17780684,118072,62235924,44876712,64771556,0,4426188,0,1,1,0,6229240,341270735,345251515,15,15,29518,1552697,3109191,1106547,23618332,21192,146695902,130287137,0
1789561900.726247,63.148,1611992,72120,0,111,38,46,29589,252655,8678776,17780684,118072,62235672,44876460,64771556,0,4405656,0,1,1,0,6229240,341519998,345500779,15,15,29518,1552691,3109179,1101414,23618332,21192,146695902,130287137,0
1789561900.9765267,63.399,1612367,72146,0,111,38,46,29589,252655,8678856,17780676,118072,62235672,44876460,64771556,0,4373020,0,1,1,0,6229241,341764444,345745225,15,15,29518,1552691,3109179,1093255,23618332,21192,146695902,130287137,0
1789561901.2268193,63.649,1612742,72171,0,111,38,46,29589,252655,8678938,17780668,118072,62239156,44879944,64771556,0,4356664,0,1,1,0,6229245,342011770,345992559,15,15,29518,1552778,3109353,1089166,23618333,21192,146695902,130287137,0
1789561901.4771235,63.899,1613117,72196,0,111,38,46,29589,252655,8679056,17780684,118072,62238932,44879720,64771556,0,4327712,0,1,1,0,6229256,342257157,346237959,15,15,29518,1552772,3109342,1081928,23618335,21192,146695902,130287137,0
1789561901.7274182,64.149,1613492,72222,0,111,38,46,29589,252655,8679118,17780684,118072,62239184,44879972,64771556,0,4311328,0,1,1,0,6229257,342505433,346486235,15,15,29518,1552779,3109354,1077832,23618336,21192,146695902,130287137,0
1789561901.9776928,64.4,1613866,72247,0,111,38,46,29589,252655,8679189,17780684,118072,62239184,44879972,64771556,0,4282648,0,1,1,0,6229257,342752751,346733553,15,15,29518,1552779,3109354,1070662,23618336,21192,146695902,130287137,0
1789561902.2279866,64.65,1614241,72272,0,111,38,46,29589,252655,8679266,17780684,118072,62241244,44882032,64771556,0,4258072,0,1,1,0,6229262,342999074,346979883,15,15,29518,1552830,3109457,1064518,23618337,21192,146695902,130287137,0
1789561902.4782648,64.9,1614616,72298,0,111,38,46,29590,252655,8679338,17780684,118072,62240992,44881780,64771556,0,4229392,0,1,1,0,6229263,343244491,347225300,15,15,29518,1552824,3109445,1057348,23618337,21192,146695902,130287137,0
1789561902.728566,65.151,1614991,72323,0,111,38,46,29590,252655,8679400,17780684,118072,62240740,44881528,64771556,0,4213008,0,1,1,0,6229264,343492793,347473604,15,15,29518,1552818,3109432,1053252,23618339,21192,146695902,130287137,0
1789561902.9788845,65.401,1615366,72349,0,111,38,46,29590,252655,8679475,17780684,118072,62240740,44881528,64771556,0,4184652,0,1,1,0,6229264,343738212,347719022,15,15,29518,1552818,3109432,1046163,23618340,21192,146695902,130287137,0
1789561903.229175,65.651,1615741,72374,0,111,38,46,29590,252655,8679559,17780672,118072,62242576,44883364,64771556,0,4159928,0,1,1,0,6229271,343984533,347965354,15,15,29518,1552863,3109524,1039982,23618341,21192,146695902,130287137,0
1789561903.4794552,65.901,1616116,72399,0,111,38,46,29590,252655,8679631,17780672,118072,62242576,44883364,64771556,0,4131224,0,1,1,0,6229271,344229911,348210732,15,15,29518,1552863,3109524,1032806,23618341,21192,146695902,130287137,0
1789561903.7297602,66.152,1616491,72425,0,111,38,46,29590,252655,8679700,17780672,118072,62242488,44883276,64771556,0,4114840,0,1,1,0,6229272,344477275,348458097,15,15,29518,1552861,3109520,1028710,23618342,21192,146695902,130287137,0
1789561903.9800687,66.402,1616865,72450,0,111,38,46,29591,252655,8679791,17780672,118088,62242564,44883352,64771556,0,4086512,0,1,1,0,6229273,344721715,348702537,15,15,29522,1552863,3109523,1021628,23618342,21192,146695902,130287217,0
1789561904.2303793,66.652,1617240,72476,0,111,38,46,29591,252655,8679866,17780672,118088,62244564,44885352,64771556,0,4061600,0,1,1,0,6229278,344970012,348950841,15,15,29522,1552913,3109623,1015400,23618345,21192,146695902,130287217,0
1789561904.4806728,66.903,1617614,72501,0,111,38,46,29592,252655,8679963,17780672,4456,62244312,44885100,64771556,0,4145328,0,1,1,0,6229279,345210662,349191491,15,15,1114,1552907,3109611,1036332,23618347,21192,146695902,130400893,0
1789561904.7309775,67.153,1617989,72526,0,111,38,46,29592,252655,8680020,17780672,4456,62244312,44885100,64771556,0,4129092,0,1,1,0,6229279,345458948,349439778,15,15,1114,1552907,3109611,1032273,23618348,21192,146695902,130400893,0
1789561904.981262,67.403,1618364,72552,0,111,38,46,29592,252655,8680092,17780672,4456,62244312,44885100,64771556,0,4096472,0,1,1,0,6229280,345704334,349685165,15,15,1114,1552907,3109611,1024118,23618349,21192,146695902,130400893,0
1789561905.2315629,67.654,1618739,72577,0,111,38,46,29592,252655,8680174,17780672,4456,62247052,44887832,64771556,0,4075888,0,1,1,0,6229284,345952617,349933454,15,15,1114,1552975,3109748,1018972,23618350,21192,146695902,130400893,0
1789561905.4818556,67.904,1619114,72602,0,111,38,46,29592,252655,8680285,17780692,4416,62247456,44888216,64771556,0,4059132,0,1,1,0,6229298,346201761,350182718,15,15,1104,1552985,3109768,1014783,23618351,21192,146695902,130400893,0
1789561905.7321362,68.154,1619489,72627,0,111,38,46,29592,252655,8680359,17780692,4416,62247456,44888216,64771556,0,4030452,0,1,1,0,6229298,346448102,350429058,15,15,1104,1552985,3109768,1007613,23618352,21192,146695902,130400893,0
1789561905.9824238,68.404,1619864,72653,0,111,38,46,29592,252655,8680442,17780692,4416,62247456,44888216,64771556,0,4002368,0,1,1,0,6229299,346693487,350674444,15,15,1104,1552985,3109768,1000361,23618352,21192,146695902,130400893,0
1789561906.232704,68.655,1620239,72678,0,111,38,46,29592,252655,8680526,17780692,4416,62249824,44890584,64771556,0,3978968,0,1,1,0,6229325,346942662,350923726,15,15,1104,1553044,3109886,994742,23618352,21192,146695902,130400893,0
1789561906.4830115,68.905,1620614,72703,0,111,38,46,29592,252655,8680596,17780692,4416,62249572,44890332,64771556,0,3950884,0,1,1,0,6229326,347189008,351170073,15,15,1104,1553038,3109874,987721,23618354,21192,146695902,130400893,0
1789561906.7332928,69.155,1620988,72729,0,111,38,46,29592,252655,8680657,17780692,4416,62249572,44890332,64771556,0,3930992,0,1,1,0,6229327,347437310,351418374,15,15,1104,1553038,3109874,982748,23618354,21192,146695902,130400893,0
1789561906.983577,69.406,1621363,72754,0,111,38,46,29592,252655,8680738,17780692,4416,62249572,44890332,64771556,0,3899400,0,1,1,0,6229328,347681731,351662796,15,15,1104,1553038,3109874,974850,23618357,21192,146695902,130400893,0
1789561907.2338836,69.656,1621738,72779,0,111,38,46,29592,252656,8680819,17780692,4416,62249740,44890500,64771556,0,3879508,0,1,1,0,6229332,347930037,351911108,15,15,1104,1553042,3109882,969877,23618357,21192,146695902,130400893,0
1789561907.4841828,69.906,1622113,72805,0,111,38,46,29592,252656,8680890,17780692,4416,62249968,44890728,64771556,0,3851424,0,1,1,0,6229332,348175429,352156500,15,15,1104,1553048,3109893,962856,23618358,21192,146695902,130400893,0
1789561907.7344816,70.157,1622488,72830,0,111,38,46,29592,252656,8680972,17780692,4416,62251444,44892204,64771556,0,3831532,0,1,1,0,6229332,348423721,352404793,15,15,1104,1553085,3109967,957883,23618359,21192,146695902,130400893,0
1789561907.984763,70.407,1622863,72855,0,111,38,46,29592,252656,8681045,17780692,4416,62251444,44892204,64771556,0,3811952,0,1,1,0,6229333,348671055,352652127,15,15,1104,1553085,3109967,952988,23618360,21192,146695902,130400893,0
1789561908.2350624,70.657,1623238,72881,0,111,38,46,29592,252656,8681126,17780692,4416,62251688,44892448,64771556,0,3783896,0,1,1,0,6229337,348917397,352898475,15,15,1104,1553091,3109979,945974,23618361,21192,146695902,130400893,0
1789561908.4853554,70.907,1623612,72906,0,111,38,46,29593,252656,8681247,17780692,4416,62251792,44892552,64771556,0,3760520,0,1,1,0,6229337,349163728,353144807,15,15,1104,1553093,3109985,940130,23618369,21192,146695902,130400893,0
1789561908.7356358,71.158,1623987,72932,0,111,38,46,29593,252656,8681315,17780692,4416,62251792,44892552,64771556,0,3740296,0,1,1,0,6229338,349412003,353393081,15,15,1104,1553093,3109985,935074,23618369,21192,146695902,130400893,0
1789561908.9859421,71.408,1624362,72957,0,111,38,46,29593,252656,8681392,17780692,4416,62251792,44892552,64771556,0,3704216,0,1,1,0,6229339,349658374,353639453,15,15,1104,1553093,3109985,926054,23618370,21192,146695902,130400893,0
1789561909.2362392,71.658,1624737,72983,0,111,38,46,29593,252656,8681485,17780692,4460,62252292,44893048,64771556,0,3684096,0,1,1,0,6229343,349904712,353885797,15,15,1115,1553106,3110010,921024,23618371,21192,146695902,130401021,0
1789561909.4865158,71.909,1625112,73008,0,111,38,46,29593,252656,8681601,17780692,4460,62253816,44894572,64771556,0,3660728,0,1,1,0,6229356,350152902,354134093,15,15,1115,1553144,3110086,915182,23618372,21192,146695902,130401021,0
1789561909.7368171,72.159,1625487,73033,0,111,38,46,29593,252656,8681665,17780692,4460,62253564,44894320,64771556,0,3640836,0,1,1,0,6229361,350401185,354382384,15,15,1115,1553138,3110073,910209,23618373,21192,146695902,130401021,0
1789561909.987092,72.409,1625862,73058,0,111,38,46,29593,252656,8681740,17780692,4460,62253564,44894320,64771556,0,3612904,0,1,1,0,6229361,350647514,354628713,15,15,1115,1553138,3110073,903226,23618374,21192,146695902,130401021,0
1789561910.2373734,72.659,1626236,73084,0,111,38,46,29593,252656,8681822,17780692,4460,62253804,44894560,64771556,0,3593148,0,1,1,0,6229365,350895781,354876987,15,15,1115,1553144,3110085,898287,23618374,21192,146695902,130401021,0
1789561910.487667,72.91,1626611,73109,0,111,38,46,29594,252656,8681898,17780692,4460,62253552,44894308,64771556,0,3561268,0,1,1,0,6229366,351142140,355123347,15,15,1115,1553137,3110073,890317,23618376,21192,146695902,130401021,0
1789561910.7379756,73.16,1626986,73134,0,111,38,46,29594,252656,8681984,17780692,4460,62253552,44894308,64771556,0,3541408,0,1,1,0,6229366,351389458,355370664,15,15,1115,1553137,3110073,885352,23618376,21192,146695902,130401021,0
1789561910.9882677,73.41,1627361,73160,0,111,38,46,29594,252656,8682049,17780692,4460,62253552,44894308,64771556,0,3513416,0,1,1,0,6229367,351635801,355617007,15,15,1115,1553137,3110073,878354,23618378,21192,146695902,130401021,0
1789561911.2385564,73.661,1627736,73185,0,111,38,46,29594,252656,8682126,17780692,4460,62253788,44894544,64771556,0,3493480,0,1,1,0,6229371,351882152,355863364,15,15,1115,1553143,3110084,873370,23618378,21192,146695902,130401021,0
1789561911.4888453,73.911,1628111,73211,0,111,38,46,29594,252656,8682203,17780692,4460,62253788,44894544,64771556,0,3462176,0,1,1,0,6229374,352128492,356109705,15,15,1115,1553143,3110084,865544,23618378,21192,146695902,130401021,0
1789561911.7391424,74.161,1628486,73236,0,111,38,46,29594,252656,8682271,17780692,4460,62253536,44894292,64771556,0,3442028,0,1,1,0,6229374,352375809,356357021,15,15,1115,1553137,3110072,860507,23618380,21192,146695902,130401021,0
1789561911.989422,74.411,1628860,73261,0,111,38,46,29594,252656,8682342,17780692,4460,62253536,44894292,64771556,0,3413964,0,1,1,0,6229375,352622150,356603363,15,15,1115,1553137,3110072,853491,23618380,21192,146695902,130401021,0
1789561912.2397163,74.662,1629235,73287,0,111,38,46,29594,252656,8682410,17780692,4460,62253776,44894532,64771556,0,3394392,0,1,1,0,6229379,352869476,356850694,15,15,1115,1553143,3110084,848598,23618381,21192,146695902,130401021,0
1789561912.4900224,74.912,1629610,73312,0,111,38,46,29594,252656,8682492,17780692,4460,62253524,44894280,64771556,0,3362056,0,1,1,0,6229380,353113915,357095134,15,15,1115,1553137,3110071,840514,23618382,21192,146695902,130401021,0
1789561912.7403052,75.162,1629985,73337,0,111,38,46,29594,252656,8682548,17780692,4460,62253524,44894280,64771556,0,3345708,0,1,1,0,6229380,353362180,357343400,15,15,1115,1553137,3110071,836427,23618383,21192,146695902,130401021,0
1789561912.990603,75.413,1630355,73363,0,111,38,46,29596,252658,8683034,17780700,2696,62250192,44890900,64771556,0,3320768,0,1,2,0,6229437,353573434,357555797,15,15,674,1553053,3109905,830192,23621008,21192,146695902,130404969,0
1789561913.2410333,75.663,1630727,73388,0,111,38,46,29598,252660,8683615,17780692,4196,62250372,44891076,64771556,0,3296192,0,1,1,0,6229473,353793747,357777756,15,15,1049,1553058,3109914,824048,23625377,21192,146695902,130404969,0
1789561913.491392,75.913,1631101,73414,0,111,38,46,29598,252660,8683728,17780692,4196,62250372,44891076,64771556,0,3267520,0,1,1,0,6229479,354040112,358024128,15,15,1049,1553058,3109914,816880,23625377,21192,146695902,130404969,0
1789561913.7417114,76.164,1631476,73439,0,111,38,46,29598,252660,8683786,17780692,4196,62250372,44891076,64771556,0,3251136,0,1,1,0,6229479,354288427,358272444,15,15,1049,1553058,3109914,812784,23625379,21192,146695902,130404969,0
1789561913.992028,76.414,1631851,73464,0,111,38,46,29598,252660,8683870,17772500,4196,62250456,44899164,64771556,0,3218352,0,1,1,0,6229484,354534136,358518152,15,15,1049,1553061,3109920,804588,23625379,21192,146695902,130404969,0
1789561914.2423275,76.664,1632226,73490,0,111,38,46,29599,252660,8683981,17756104,4196,62258972,44924164,64771556,0,3201968,0,1,1,0,6229502,354779258,358763300,15,15,1049,1553276,3110349,800492,23625380,21192,146695902,130405045,0
1789561914.4926608,76.915,1632601,73515,0,111,38,46,29599,252660,8684085,17731544,3748,62259684,44949128,64771556,0,3169192,0,1,1,0,6229514,355023833,359007876,15,15,937,1553296,3110390,792298,23625381,21192,146695902,130405481,0
1789561914.7429748,77.165,1632976,73540,0,111,38,46,29599,252660,8684138,17731544,3748,62259684,44949128,64771556,0,3152808,0,1,1,0,6229514,355272123,359256166,15,15,937,1553296,3110390,788202,23625382,21192,146695902,130405481,0
1789561914.9932642,77.415,1633351,73566,0,111,38,46,29599,252660,8684218,17731544,3748,62259684,44949128,64771556,0,3128232,0,1,1,0,6229515,355518523,359502566,15,15,937,1553296,3110390,782058,23625383,21192,146695902,130405481,0
1789561915.2435763,77.666,1633726,73591,0,111,38,46,29599,252660,8684314,17731544,3748,62261776,44951220,64771556,0,3103732,0,1,1,0,6229522,355765833,359749887,15,15,937,1553348,3110495,775933,23625385,21192,146695902,130405481,0
1789561915.4938939,77.916,1634101,73616,0,111,38,46,29599,252660,8684387,17731544,3748,62262352,44951796,64771556,0,3079080,0,1,1,0,6229527,356012230,359996291,15,15,937,1553363,3110524,769770,23625385,21192,146695902,130405481,0
1789561915.7441795,78.166,1634476,73642,0,111,38,46,29599,252660,8684460,17731544,3748,62262352,44951796,64771556,0,3054504,0,1,1,0,6229527,356259534,360243595,15,15,937,1553363,3110524,763626,23625386,21192,146695902,130405481,0
1789561915.9944658,78.416,1634850,73667,0,111,38,46,29599,252660,8684540,17731544,3748,62262100,44951544,64771556,0,3025808,0,1,1,0,6229528,356504917,360488978,15,15,937,1553356,3110511,756452,23625386,21192,146695902,130405481,0
1789561916.244754,78.667,1635225,73692,0,111,38,46,29600,252660,8684616,17731544,3748,62263196,44952640,64771556,0,3001488,0,1,1,0,6229532,356753217,360737285,15,15,937,1553384,3110566,750372,23625386,21192,146695902,130405481,0
1789561916.4950633,78.917,1635600,73718,0,111,38,46,29600,252660,8684681,17731544,3748,62263196,44952640,64771556,0,2981016,0,1,1,0,6229532,357000527,360984595,15,15,937,1553384,3110566,745254,23625387,21192,146695902,130405481,0
1789561916.745349,79.167,1635975,73743,0,111,38,46,29600,252660,8684763,17731544,3748,62263196,44952640,64771556,0,2956432,0,1,1,0,6229534,357247861,361231929,15,15,937,1553384,3110566,739108,23625389,21192,146695902,130405481,0
1789561916.9956264,79.418,1636350,73769,0,111,38,46,29600,252660,8684852,17723352,3748,62263564,44961800,64771556,0,2923712,0,1,1,0,6229538,357493528,361477597,15,15,937,1553394,3110586,730928,23625390,21192,146695902,130405481,0
1789561917.2459266,79.668,1636724,73794,0,111,38,46,29600,252660,8684988,17706968,3748,62263676,44978448,64771556,0,2907024,0,1,1,0,6229962,357740512,361724592,15,15,937,1553399,3110596,726756,23625390,21192,146695902,130405481,0
1789561917.49625,79.918,1637099,73819,0,111,38,46,29601,252660,8685115,17682392,3748,62263460,45003028,64771556,0,2874256,0,1,1,0,6229985,357986018,361970107,15,15,937,1553399,3110597,718564,23625391,21192,146695902,130405481,0
1789561917.7465453,80.169,1637474,73844,0,111,38,46,29601,252660,8685171,17682392,3748,62263460,45003028,64771556,0,2857872,0,1,1,0,6229985,358234295,362218384,15,15,937,1553399,3110597,714468,23625392,21192,146695902,130405481,0
1789561917.9968297,80.419,1637849,73870,0,111,38,46,29601,252660,8685251,17682392,3748,62263460,45003028,64771556,0,2825104,0,1,1,0,6229986,358478749,362462839,15,15,937,1553399,3110597,706276,23625394,21192,146695902,130405481,0
1789561918.2471159,80.669,1638224,73895,0,111,38,46,29601,252660,8685321,17682392,3748,62263424,45002992,64771556,0,2808768,0,1,1,0,6229994,358727028,362711130,15,15,937,1553398,3110595,702192,23625395,21192,146695902,130405481,0
1789561918.4974034,80.919,1638599,73920,0,111,38,46,29601,252660,8685403,17682392,3748,62263424,45002992,64771556,0,2775980,0,1,1,0,6229995,358972413,362956516,15,15,937,1553398,3110595,693995,23625396,21192,146695902,130405481,0
1789561918.7476897,81.17,1638974,73945,0,111,38,46,29601,252660,8685458,17682392,3748,62263424,45002992,64771556,0,2761364,0,1,1,0,6229995,359221724,363205828,15,15,937,1553398,3110595,690341,23625396,21192,146695902,130405481,0
1789561918.9980025,81.42,1639349,73971,0,111,38,46,29601,252660,8685537,17682392,3748,62263424,45002992,64771556,0,2733020,0,1,1,0,6229996,359467137,363451240,15,15,937,1553398,3110595,683255,23625397,21192,146695902,130405481,0
1789561919.2482834,81.67,1639724,73996,0,111,38,46,29601,252660,8685644,17674456,3748,62263856,45011372,64771556,0,2712996,0,1,1,0,6230009,359713851,363697970,15,15,937,1553409,3110617,678249,23625398,21192,146695902,130405481,0
1789561919.4986165,81.921,1640098,74021,0,111,38,46,29602,252660,8685743,17601156,3748,62263644,45085256,64771556,0,2684912,0,1,1,0,6230020,359953333,363937453,15,15,937,1553424,3110646,671228,23625401,21192,146695902,130405529,0
1789561919.7489436,82.171,1640473,74046,0,111,38,46,29602,252660,8685812,17601156,3748,62263644,45085256,64771556,0,2665020,0,1,1,0,6230021,360201640,364185760,15,15,937,1553424,3110646,666255,23625401,21192,146695902,130405529,0
1789561919.9992254,82.421,1640848,74072,0,111,38,46,29602,252660,8685891,17601156,3748,62263644,45085256,64771556,0,2632372,0,1,1,0,6230022,360447028,364431148,15,15,937,1553424,3110646,658093,23625402,21192,146695902,130405529,0
1789561920.249508,82.672,1641222,74098,0,111,38,46,29603,252660,8686018,17600884,3780,62263948,45085692,64771556,0,2616312,0,1,1,0,6230032,360686130,364670264,15,15,945,1553432,3110663,654078,23625403,21192,146696086,130405529,0
1789561920.4998188,82.922,1641597,74123,0,111,38,46,29603,252660,8686080,17600884,3780,62263948,45085692,64771556,0,2591532,0,1,1,0,6230033,360933469,364917603,15,15,945,1553432,3110663,647883,23625404,21192,146696086,130405529,0
1789561920.7501218,83.172,1641972,74149,0,111,38,46,29603,252660,8686139,17600884,3780,62263948,45085692,64771556,0,2566956,0,1,1,0,6230034,361180796,365164930,15,15,945,1553432,3110663,641739,23625406,21192,146696086,130405529,0
1789561921.000412,83.422,1642347,74174,0,111,38,46,29603,252660,8686223,17600884,3780,62263948,45085692,64771556,0,2534368,0,1,1,0,6230035,361425263,365409398,15,15,945,1553432,3110663,633592,23625406,21192,146696086,130405529,0
1789561921.2507043,83.673,1642722,74199,0,111,38,46,29603,252660,8686299,17601068,3780,62263872,45085452,64771556,0,2517684,0,1,1,0,6230041,361673569,365657714,15,15,945,1553430,3110659,629421,23625407,21192,146696086,130405529,0
1789561921.501035,83.923,1643097,74224,0,111,38,46,29603,252660,8686409,17601068,3780,62263872,45085452,64771556,0,2493084,0,1,1,0,6230074,361923622,365908001,15,15,945,1553430,3110659,623271,23625407,21192,146696086,130405529,0
1789561921.7513556,84.173,1643472,74250,0,111,38,46,29603,252660,8686468,17601068,3780,62263872,45085452,64771556,0,2468508,0,1,1,0,6230075,362170978,366155357,15,15,945,1553430,3110659,617127,23625408,21192,146696086,130405529,0
1789561922.0016997,84.424,1643847,74275,0,111,38,46,29603,252660,8686538,17601068,3780,62263872,45085452,64771556,0,2443932,0,1,1,0,6230076,362417403,366401782,15,15,945,1553430,3110659,610983,23625409,21192,146696086,130405529,0
1789561922.2520072,84.674,1644222,74300,0,111,38,46,29603,252660,8686613,17601068,3780,62263840,45085420,64771556,0,2419476,0,1,1,0,6230083,362664698,366649089,15,15,945,1553429,3110657,604869,23625411,21192,146696086,130405529,0
1789561922.5022974,84.924,1644597,74326,0,111,38,46,29603,252660,8686684,17601068,3780,62263840,45085420,64771556,0,2394900,0,1,1,0,6230084,362911053,366895444,15,15,945,1553429,3110657,598725,23625411,21192,146696086,130405529,0
1789561922.7525816,85.175,1644972,74351,0,111,38,46,29603,252660,8686747,17601068,3780,62263840,45085420,64771556,0,2370432,0,1,1,0,6230084,363158366,367142756,15,15,945,1553429,3110657,592608,23625412,21192,146696086,130405529,0
1789561923.0028546,85.425,1645346,74377,0,111,38,46,29603,252660,8686829,17601068,3780,62263840,45085420,64771556,0,2337532,0,1,1,0,6230086,363402817,367387208,15,15,945,1553429,3110657,584383,23625412,21192,146696086,130405529,0
1789561923.2531502,85.675,1645721,74402,0,111,38,46,29603,252660,8686912,17601068,3780,62263824,45085404,64771556,0,2321060,0,1,1,0,6230090,363650128,367634526,15,15,945,1553429,3110657,580265,23625414,21192,146696086,130405529,0
1789561923.5034301,85.925,1646096,74427,0,111,38,46,29603,252660,8686984,17601068,3780,62263824,45085404,64771556,0,2288380,0,1,1,0,6230091,363895540,367879937,15,15,945,1553429,3110657,572095,23625415,21192,146696086,130405529,0
1789561923.7537134,86.176,1646471,74453,0,111,38,46,29603,252661,8687052,17601068,3780,62263824,45085404,64771556,0,2272116,0,1,1,0,6230091,364143855,368128252,15,15,945,1553429,3110657,568029,23625416,21192,146696086,130405529,0
1789561924.0040445,86.426,1646846,74478,0,111,38,46,29603,252661,8687142,17601068,3780,62263824,45085404,64771556,0,2239348,0,1,1,0,6230092,364388314,368372712,15,15,945,1553429,3110657,559837,23625416,21192,146696086,130405529,0
1789561924.2543516,86.676,1647221,74503,0,111,38,46,29603,252661,8687212,17601068,3780,62263868,45085448,64771556,0,2222724,0,1,1,0,6230096,364636611,368621014,15,15,945,1553430,3110659,555681,23625417,21192,146696086,130405529,0
1789561924.5046585,86.927,1647595,74529,0,111,38,46,29603,252661,8687303,17601056,3780,62264120,45085700,64771556,0,2192732,0,1,1,0,6230097,364880129,368864533,15,15,945,1553436,3110671,548183,23625417,21192,146696086,130405617,0
1789561924.7549922,87.177,1647970,74554,0,111,38,46,29603,252661,8687370,17601056,3780,62264120,45085700,64771556,0,2176348,0,1,1,0,6230097,365128460,369112864,15,15,945,1553436,3110671,544087,23625419,21192,146696086,130405617,0
1789561925.0052989,87.427,1648345,74580,0,111,38,46,29604,252661,8687453,17601056,3780,62264120,45085700,64771556,0,2143684,0,1,1,0,6230098,365374802,369359206,15,15,945,1553436,3110671,535921,23625420,21192,146696086,130405617,0
1789561925.255578,87.678,1648720,74605,0,111,38,46,29604,252661,8687533,17601068,3832,62264120,45085700,64771556,0,2127196,0,1,1,0,6230102,365623084,369607494,15,15,958,1553436,3110671,531799,23625420,21192,146696086,130405617,0
1789561925.5058863,87.928,1649095,74631,0,111,38,46,29604,252661,8687640,17601068,3832,62264756,45086336,64771556,0,2094428,0,1,1,0,6230107,365869431,369853848,15,15,958,1553452,3110703,523607,23625421,21192,146696086,130405617,0
1789561925.7561746,88.178,1649470,74656,0,111,38,46,29604,252661,8687692,17601068,3832,62264756,45086336,64771556,0,2078044,0,1,1,0,6230107,366118702,370103119,15,15,958,1553452,3110703,519511,23625421,21192,146696086,130405617,0
1789561926.0064714,88.428,1649845,74681,0,111,38,46,29604,252661,8687772,17601068,3832,62264756,45086336,64771556,0,2045276,0,1,1,0,6230109,366364118,370348536,15,15,958,1553452,3110703,511319,23625423,21192,146696086,130405617,0
1789561926.2567458,88.679,1650220,74707,0,111,38,46,29604,252661,8687840,17601068,3832,62264676,45086256,64771556,0,2029288,0,1,1,0,6230112,366612410,370596834,15,15,958,1553450,3110699,507322,23625424,21192,146696086,130405617,0
1789561926.5070508,88.929,1650594,74732,0,111,38,46,29604,252661,8687916,17601068,3832,62264676,45086256,64771556,0,1996492,0,1,1,0,6230113,366858744,370843167,15,15,958,1553450,3110699,499123,23625425,21192,146696086,130405617,0
1789561926.7573252,89.179,1650969,74757,0,111,38,46,29604,252661,8687971,17601068,3832,62264676,45086256,64771556,0,1980036,0,1,1,0,6230113,367107032,371091455,15,15,958,1553450,3110699,495009,23625425,21192,146696086,130405617,0
1789561927.0076146,89.43,1651344,74783,0,111,38,46,29605,252661,8688046,17601068,3832,62265092,45086672,64771556,0,1946996,0,1,1,0,6230114,367353385,371337810,15,15,958,1553461,3110720,486749,23625427,21192,146696086,130405617,0
1789561927.2579079,89.68,1651719,74808,0,111,38,46,29605,252661,8688117,17601068,3832,62265300,45086880,64771556,0,1930588,0,1,1,0,6230118,367601701,371586131,15,15,958,1553466,3110730,482647,23625427,21192,146696086,130405617,0
1789561927.5082314,89.93,1652094,74833,0,111,38,46,29605,252661,8688196,17601068,3832,62265048,45086628,64771556,0,1897820,0,1,1,0,6230119,367847124,371831554,15,15,958,1553460,3110718,474455,23625428,21192,146696086,130405617,0
1789561927.7585225,90.181,1652469,74859,0,111,38,46,29605,252661,8688257,17601068,3832,62265048,45086628,64771556,0,1881436,0,1,1,0,6230120,368095415,372079846,15,15,958,1553460,3110718,470359,23625429,21192,146696086,130405617,0
1789561928.0088203,90.431,1652844,74884,0,111,38,46,29605,252661,8688345,17589036,3832,62264816,45098428,64771556,0,1848668,0,1,1,0,6230131,368339895,372324326,15,15,958,1553454,3110706,462167,23625430,21192,146696086,130405617,0
1789561928.2591085,90.681,1653219,74909,0,111,38,46,29605,252661,8688430,17572396,3832,62264996,45115240,64771556,0,1832284,0,1,1,0,6230150,368586927,372571373,15,15,958,1553461,3110721,458071,23625431,21192,146696086,130405617,0
1789561928.5093994,90.931,1653593,74934,0,111,38,46,29606,252661,8688529,17551916,3832,62265484,45136208,64771556,0,1799516,0,1,1,0,6230160,368830755,372815202,15,15,958,1553476,3110750,449879,23625432,21192,146696086,130405617,0
1789561928.759716,91.182,1653968,74960,0,111,38,46,29606,252661,8688595,17551916,3832,62265232,45135956,64771556,0,1783132,0,1,1,0,6230161,369079106,373063553,15,15,958,1553469,3110737,445783,23625432,21192,146696086,130405617,0
1789561929.0100446,91.432,1654343,74985,0,111,38,46,29606,252661,8688673,17551916,3832,62265232,45135956,64771556,0,1750364,0,1,1,0,6230162,369324507,373308955,15,15,958,1553469,3110737,437591,23625434,21192,146696086,130405617,0
1789561929.2603571,91.682,1654718,75010,0,111,38,46,29606,252661,8688752,17551916,3832,62265352,45136076,64771556,0,1733980,0,1,1,0,6230168,369572809,373557267,15,15,958,1553472,3110743,433495,23625434,21192,146696086,130405617,0
1789561929.5106685,91.933,1655093,75036,0,111,38,46,29606,252661,8688870,17551904,3832,62267948,45138672,64771556,0,1709404,0,1,1,0,6230177,369817285,373801753,15,15,958,1553537,3110873,427351,23625436,21192,146696086,130405701,0
1789561929.761004,92.183,1655468,75061,0,111,38,46,29606,252661,8688938,17551904,3832,62267696,45138420,64771556,0,1684828,0,1,1,0,6230177,370063664,374048132,15,15,958,1553531,3110861,421207,23625437,21192,146696086,130405701,0
1789561930.0113106,92.433,1655843,75086,0,111,38,46,29607,252661,8689020,17551904,3776,62267696,45138420,64771556,0,1660276,0,1,1,0,6230188,370310882,374295460,15,15,944,1553531,3110861,415069,23625438,21192,146696086,130405725,0
1789561930.2616353,92.684,1656218,75112,0,111,38,46,29607,252661,8689106,17551916,3824,62268088,45138812,64771556,0,1627484,0,1,1,0,6230194,370556295,374540882,15,15,956,1553541,3110880,406871,23625439,21192,146696086,130405725,0
1789561930.5119708,92.934,1656593,75137,0,111,38,46,29607,252661,8689162,17551916,3824,62268088,45138812,64771556,0,1611100,0,1,1,0,6230195,370803630,374788217,15,15,956,1553541,3110880,402775,23625440,21192,146696086,130405725,0
1789561930.7622817,93.184,1656968,75163,0,111,38,46,29607,252661,8689233,17551916,3824,62267836,45138560,64771556,0,1578332,0,1,1,0,6230196,371049060,375033648,15,15,956,1553534,3110868,394583,23625441,21192,146696086,130405725,0
1789561931.0125916,93.435,1657343,75188,0,111,38,46,29607,252661,8689294,17551916,3824,62267836,45138560,64771556,0,1561948,0,1,1,0,6230196,371296381,375280970,15,15,956,1553534,3110868,390487,23625442,21192,146696086,130405725,0
1789561931.2629094,93.685,1657717,75213,0,111,38,46,29608,252661,8689386,17551916,3824,62268232,45138956,64771556,0,1529180,0,1,1,0,6230201,371541806,375526400,15,15,956,1553544,3110887,382295,23625443,21192,146696086,130405725,0
1789561931.5132115,93.935,1658092,75239,0,111,38,46,29608,252661,8689448,17551916,3824,62268232,45138956,64771556,0,1512796,0,1,1,0,6230201,371790106,375774701,15,15,956,1553544,3110887,378199,23625443,21192,146696086,130405725,0
1789561931.763528,94.186,1658467,75264,0,111,38,46,29608,252661,8689528,17551916,3824,62268232,45138956,64771556,0,1480028,0,1,1,0,6230218,372036349,376021066,15,15,956,1553544,3110887,370007,23625444,21192,146696086,130405725,0
1789561932.0138364,94.436,1658842,75289,0,111,38,46,29608,252661,8689595,17551916,3824,62267980,45138704,64771556,0,1463644,0,1,1,0,6230219,372284657,376269373,15,15,956,1553538,3110875,365911,23625445,21192,146696086,130405725,0
1789561932.2641523,94.686,1659217,75315,0,111,38,46,29608,252661,8689660,17551916,3824,62268092,45138816,64771556,0,1439068,0,1,1,0,6230225,372531975,376516699,15,15,956,1553541,3110880,359767,23625447,21192,146696086,130405725,0
1789561932.514452,94.936,1659592,75340,0,111,38,46,29608,252661,8689738,17551916,3824,62268344,45139068,64771556,0,1414492,0,1,1,0,6230225,372778327,376763052,15,15,956,1553547,3110893,353623,23625447,21192,146696086,130405725,0
1789561932.7647486,95.187,1659967,75365,0,111,38,46,29609,252661,8689808,17551916,3824,62268344,45139068,64771556,0,1389916,0,1,1,0,6230226,373025676,377010400,15,15,956,1553547,3110893,347479,23625448,21192,146696086,130405725,0
1789561933.0150664,95.437,1660342,75391,0,111,38,46,29609,252661,8689886,17551916,3824,62268344,45139068,64771556,0,1365340,0,1,1,0,6230227,373271071,377255796,15,15,956,1553547,3110893,341335,23625448,21192,146696086,130405725,0
1789561933.2653697,95.687,1660717,75416,0,111,38,46,29609,252661,8689966,17551916,3824,62268244,45138968,64771556,0,1340764,0,1,1,0,6230231,373518392,377503122,15,15,956,1553545,3110888,335191,23625450,21192,146696086,130405725,0
1789561933.515691,95.938,1661092,75441,0,111,38,46,29609,252661,8690080,17551916,3824,62270560,45141284,64771556,0,1316372,0,1,1,0,6230236,373765748,377750485,15,15,956,1553602,3111004,329093,23625451,21192,146696086,130405725,0
1789561933.7660162,96.188,1661467,75467,0,111,38,46,29609,252661,8690144,17551916,3824,62270560,45141284,64771556,0,1291708,0,1,1,0,6230237,374012107,377996844,15,15,956,1553602,3111004,322927,23625452,21192,146696086,130405725,0
1789561934.016307,96.438,1661841,75492,0,111,38,46,29609,252661,8690267,17551916,3824,62270316,45141040,64771556,0,1267036,0,1,1,0,6230238,374259457,378244195,15,15,956,1553596,3110992,316759,23625455,21192,146696086,130405725,0
1789561934.2666066,96.689,1662216,75517,0,111,38,46,29609,252661,8690337,17551916,3824,62270316,45141040,64771556,0,1242612,0,1,2,0,6230249,374506681,378491510,15,15,956,1553596,3110992,310653,23625456,21192,146696086,130405725,0
1789561934.516922,96.939,1662591,75543,0,111,38,46,29609,252661,8690443,17551916,3860,62270500,45141224,64771556,0,1217884,0,1,1,0,6230249,374751171,378736000,15,15,965,1553601,3111001,304471,23625457,21192,146696086,130405797,0
1789561934.767228,97.189,1662966,75568,0,111,38,46,29609,252661,8690520,17551916,3860,62270500,45141224,64771556,0,1185116,0,1,1,0,6230250,374997518,378982348,15,15,965,1553601,3111001,296279,23625459,21192,146696086,130405797,0
1789561935.0175257,97.44,1663341,75594,0,111,38,46,29609,252661,8690594,17551916,3888,62270500,45141224,64771556,0,1168744,0,1,1,0,6230250,375244843,379229673,15,15,972,1553601,3111001,292186,23625461,21192,146696086,130405857,0
1789561935.267818,97.69,1663715,75619,0,111,38,46,29610,252661,8690690,17551916,3892,62270488,45141212,64771556,0,1135964,0,1,1,0,6230268,375492030,379476984,15,15,973,1553601,3111000,283991,23625461,21192,146696086,130405857,0
1789561935.5181189,97.94,1664090,75645,0,111,38,46,29610,252661,8690753,17551916,3892,62270236,45140960,64771556,0,1119580,0,1,1,0,6230268,375740307,379725262,15,15,973,1553594,3110988,279895,23625462,21192,146696086,130405857,0
1789561935.7683945,98.19,1664465,75670,0,111,38,46,29610,252661,8690825,17551916,3892,62270236,45140960,64771556,0,1086812,0,1,1,0,6230269,375986640,379971595,15,15,973,1553594,3110988,271703,23625462,21192,146696086,130405857,0
1789561936.0186741,98.441,1664840,75695,0,111,38,46,29610,252661,8690891,17551916,3892,62270236,45140960,64771556,0,1070428,0,1,1,0,6230269,376234914,380219869,15,15,973,1553594,3110988,267607,23625464,21192,146696086,130405857,0
1789561936.2689767,98.691,1665215,75721,0,111,38,46,29610,252661,8690977,17551916,3892,62270472,45141196,64771556,0,1037660,0,1,1,0,6230274,376480314,380465276,15,15,973,1553600,3110999,259415,23625465,21192,146696086,130405857,0
1789561936.5192726,98.941,1665590,75746,0,111,38,46,29610,252661,8691036,17551916,3892,62271516,45142240,64771556,0,1021276,0,1,1,0,6230274,376728598,380713559,15,15,973,1553626,3111052,255319,23625466,21192,146696086,130405857,0
1789561936.7695541,99.192,1665965,75771,0,111,38,46,29611,252661,8691109,17551916,3892,62271516,45142240,64771556,0,988508,0,1,1,0,6230275,376974002,380958964,15,15,973,1553626,3111052,247127,23625466,21192,146696086,130405857,0
1789561937.0198364,99.442,1666340,75797,0,111,38,46,29611,252661,8691166,17551916,3892,62271516,45142240,64771556,0,972124,0,1,1,0,6230276,377222271,381207233,15,15,973,1553626,3111052,243031,23625467,21192,146696086,130405857,0
1789561937.2701132,99.692,1666715,75822,0,111,38,46,29611,252661,8691263,17551916,3892,62271516,45142240,64771556,0,947608,0,1,1,0,6230296,377470456,381455547,15,15,973,1553626,3111052,236902,23625467,21192,146696086,130405857,0
1789561937.5204408,99.942,1667090,75847,0,111,38,46,29611,252661,8691356,17551916,3892,62273544,45144268,64771556,0,922972,0,1,1,0,6230302,377718751,381703850,15,15,973,1553677,3111153,230743,23625470,21192,146696086,130405857,0
1789561937.770737,100.193,1667464,75873,0,111,38,46,29611,252661,8691428,17551916,3892,62273292,45144016,64771556,0,898396,0,1,1,0,6230302,377966083,381951182,15,15,973,1553671,3111140,224599,23625470,21192,146696086,130405857,0
1789561938.021038,100.443,1667839,75898,0,111,38,46,29611,252661,8691495,17551916,3892,62273292,45144016,64771556,0,877916,0,1,1,0,6230303,378213400,382198500,15,15,973,1553671,3111140,219479,23625472,21192,146696086,130405857,0
1789561938.2713277,100.693,1668214,75923,0,111,38,46,29611,252661,8691566,17551916,3892,62273292,45144016,64771556,0,847140,0,1,1,0,6230307,378460694,382445800,15,15,973,1553671,3111140,211785,23625472,21192,146696086,130405857,0
1789561938.5216115,100.944,1668588,75950,0,111,38,46,29612,252661,8691722,17551892,340,62273532,45144256,64771556,0,825760,0,1,1,0,6230345,378699346,382684866,15,15,85,1553677,3111152,206440,23625474,21192,146696086,130409577,0
1789561938.7719226,101.194,1668963,75975,0,111,38,46,29612,252661,8691799,17551892,340,62273280,45144004,64771556,0,804124,0,1,1,0,6230345,378947657,382933177,15,15,85,1553670,3111140,201031,23625476,21192,146696086,130409577,0
1789561939.022208,101.444,1669338,76000,0,111,38,46,29612,252661,8691880,17551892,340,62273280,45144004,64771556,0,774156,0,1,1,0,6230346,379193994,383179515,15,15,85,1553670,3111140,193539,23625476,21192,146696086,130409577,0
1789561939.2724886,101.695,1669713,76026,0,111,38,46,29612,252661,8691977,17551916,220,62275088,45145812,64771556,0,747964,0,1,1,0,6230354,379441301,383426834,15,15,55,1553715,3111230,186991,23625477,21192,146696086,130409577,0
1789561939.522797,101.945,1670088,76051,0,111,38,46,29612,252662,8692043,17551904,220,62275088,45145812,64771556,0,732100,0,1,1,0,6230354,379690588,383676121,15,15,55,1553715,3111230,183025,23625477,21192,146696086,130409661,0
1789561939.7731085,102.195,1670462,76077,0,111,38,46,29612,252662,8692134,17551904,220,62274836,45145560,64771556,0,700096,0,1,1,0,6230355,379935977,383921511,15,15,55,1553709,3111218,175024,23625478,21192,146696086,130409661,0
1789561940.0233998,102.445,1670837,76102,0,111,38,46,29612,252662,8692196,17551904,220,62274836,45145560,64771556,0,684088,0,1,1,0,6230355,380184266,384169800,15,15,55,1553709,3111218,171022,23625479,21192,146696086,130409661,0
1789561940.2736893,102.696,1671212,76127,0,111,38,46,29612,252662,8692280,17551916,248,62275076,45145800,64771556,0,660032,0,1,1,0,6230366,380431577,384417128,15,15,62,1553715,3111230,165008,23625481,21192,146696086,130409661,0
1789561940.5240054,102.946,1671587,76153,0,111,38,46,29612,252662,8692368,17551916,248,62274824,45145548,64771556,0,627896,0,1,1,0,6230366,380678887,384664438,15,15,62,1553709,3111217,156974,23625481,21192,146696086,130409661,0
1789561940.7742963,103.196,1671962,76178,0,111,38,46,29612,252662,8692425,17551916,248,62274824,45145548,64771556,0,612184,0,1,1,0,6230366,380927163,384912714,15,15,62,1553709,3111217,153046,23625482,21192,146696086,130409661,0
1789561941.0245728,103.447,1672337,76203,0,111,38,46,29612,252662,8692522,17539628,248,62274980,45157696,64771556,0,579992,0,1,1,0,6230375,381171576,385157128,15,15,62,1553713,3111225,144998,23625482,21192,146696086,130409661,0
1789561941.2749014,103.697,1672711,76216,0,111,38,46,29625,252662,8692712,15876096,248,62301244,46859196,64771556,0,555888,0,0,2,0,6234022,381250521,385236144,15,15,62,1554648,3113098,138972,23625484,21192,146696086,130409661,0
1789561941.5252233,103.947,1673086,76238,0,111,38,46,29628,252662,8692839,15469636,248,62300880,47270560,64771556,0,531900,0,1,1,0,6234160,381454969,385440614,15,15,62,1554771,3113343,132975,23625484,21192,146696086,130409661,0
1789561941.7755234,104.198,1673461,76264,0,111,38,46,29628,252662,8692916,15469636,248,62300880,47270560,64771556,0,507912,0,1,1,0,6234169,381701330,385686990,15,15,62,1554771,3113343,126978,23625486,21192,146696086,130409661,0
1789561942.025837,104.448,1673836,76289,0,111,38,46,29628,252662,8692975,15469636,248,62300900,47270580,64771556,0,483924,0,1,1,0,6234177,381948826,385934499,15,15,62,1554771,3113344,120981,23625486,21192,146696086,130409661,0
1789561942.2763398,104.698,1674211,76314,0,111,38,46,29628,252662,8693080,15469528,248,62301416,47271592,64771556,0,451784,0,1,1,0,6234191,382194218,386179912,15,15,62,1554794,3113389,112946,23625487,21192,146696086,130409661,0
1789561942.526675,104.949,1674586,76340,0,111,38,46,29628,252662,8693140,15469528,248,62301164,47271340,64771556,0,435960,0,1,1,0,6234197,382443493,386429198,15,15,62,1554787,3113377,108990,23625488,21192,146696086,130409661,0
1789561942.7769785,105.199,1674961,76365,0,111,38,46,29628,252662,8693213,15469528,248,62301164,47271340,64771556,0,404068,0,1,1,0,6234203,382689825,386675540,15,15,62,1554787,3113377,101017,23625489,21192,146696086,130409661,0
1789561943.0272753,105.449,1675335,76390,0,111,38,46,29629,252663,8693295,15469528,248,62298612,47268788,64771556,0,388064,0,1,2,0,6234221,382928568,386914395,15,15,62,1554724,3113249,97016,23626175,21192,146696086,130409661,0
1789561943.2776446,105.7,1675693,76415,0,111,38,46,29632,252677,8693776,15469524,2656,62272440,47242616,64771556,0,364108,0,1,2,0,6234269,383077604,387064160,15,15,664,1554070,3111941,91027,23634546,21192,146696086,130409681,0
1789561943.5280411,105.95,1676062,76434,0,111,38,46,29635,252685,8694490,15469528,4148,62286716,47256880,64771556,0,340376,0,1,1,0,6234423,383229027,387269523,15,15,1037,1554427,3112655,85094,23640990,21192,146696090,130409729,0
1789561943.7784212,106.2,1676436,76460,0,111,38,46,29635,252685,8694585,15469528,0,62286716,47256880,64771556,0,316196,0,1,1,0,6234431,383471723,387512233,15,15,0,1554427,3112655,79049,23640991,21192,146696090,130414029,0
1789561944.028753,106.451,1676811,76485,0,111,38,46,29635,252685,8694662,15469528,0,62286716,47256880,64771556,0,292212,0,1,1,0,6234436,383719077,387759595,15,15,0,1554427,3112655,73053,23640992,21192,146696090,130414029,0
1789561944.27908,106.701,1677186,76511,0,111,38,46,29635,252685,8694778,15469536,244,62288432,47258556,64771556,0,256332,0,1,1,0,6234459,383965278,388005941,15,15,61,1554470,3112740,64083,23640992,21192,146696090,130414029,0
1789561944.5293732,106.951,1677561,76536,0,111,38,46,29635,252685,8694833,15469536,244,62289136,47259260,64771556,0,244044,0,1,1,0,6234466,384214536,388255211,15,15,61,1554487,3112776,61011,23640993,21192,146696090,130414029,0
1789561944.7796683,107.202,1677935,76562,0,111,38,46,29635,252685,8694929,15469524,244,62289136,47259260,64771556,0,208356,0,1,1,0,6234473,384459400,388500082,15,15,61,1554487,3112776,52089,23640994,21192,146696090,130414401,0
1789561945.029984,107.452,1678310,76587,0,111,38,46,29635,252685,8695015,15449044,244,62293976,47284872,64771556,0,187876,0,1,1,0,6234492,384705020,388745716,15,15,61,1554616,3113034,46969,23640995,21192,146696090,130414401,0
1789561945.280292,107.702,1678685,76606,0,111,38,46,29642,252685,8695209,14613120,476,62306832,48153552,64771556,0,160380,0,1,1,0,6238020,384793287,388833987,15,15,119,1555433,3114669,40095,23640996,21192,146696090,130414401,0
1789561945.530622,107.953,1679060,76631,0,111,38,46,29642,252685,8695311,14613120,476,62307084,48153804,64771556,0,139900,0,1,1,0,6238029,385040614,389081323,15,15,119,1555439,3114681,34975,23640997,21192,146696090,130414401,0
1789561945.780947,108.203,1679435,76657,0,111,38,46,29642,252685,8695400,14613120,476,62307084,48153804,64771556,0,110016,0,1,1,0,6238030,385286046,389326758,15,15,119,1555439,3114681,27504,23640997,21192,146696090,130414401,0
1789561946.0312464,108.453,1679810,76682,0,111,38,46,29642,252685,8695462,14613120,476,62307084,48153804,64771556,0,93632,0,1,1,0,6238031,385534354,389575066,15,15,119,1555439,3114681,23408,23640998,21192,146696090,130414401,0
1789561946.281549,108.704,1680185,76707,0,111,38,46,29642,252685,8695554,14613120,476,62307084,48153804,64771556,0,60856,0,1,1,0,6238031,385780723,389821435,15,15,119,1555439,3114681,15214,23640999,21192,146696090,130414401,0
1789561946.5318882,108.954,1680560,76732,0,111,38,46,29642,252685,8695607,14613120,476,62307084,48153804,64771556,0,44772,0,1,1,0,6238032,386029046,390069759,15,15,119,1555439,3114681,11193,23641001,21192,146696090,130414401,0
1789561946.7821918,109.204,1680935,76758,0,111,38,46,29642,252685,8695676,14613120,476,62307084,48153804,64771556,0,14440,0,1,1,0,6238033,386275422,390316141,15,15,119,1555439,3114681,3610,23641001,21192,146696090,130414401,0
1789561947.0324895,109.455,1681310,76777,0,111,38,46,29648,252685,8695786,13789512,476,62313548,48989616,64771556,0,316,0,0,2,0,6242366,386450904,390491623,15,15,119,1555742,3115289,79,23641001,21192,146696090,130414401,0
1789561947.2828414,109.705,1681685,76777,0,111,38,46,29673,252685,8696040,10475892,476,62373884,52410120,64771556,0,316,0,0,3,0,6249309,386450904,390491623,15,15,119,1558419,3120648,79,23641002,21192,146696090,130414401,0
1789561947.5332644,109.955,1682069,76777,0,111,38,46,29687,252688,8696370,8722768,476,62435236,54267096,64771556,0,316,0,0,1,0,6253091,386450904,390491623,15,15,119,1561012,3125840,79,23641308,21192,146696090,130414401,0
1789561947.783671,110.206,1682469,76777,0,111,38,46,29687,252688,8696443,8722768,476,62435236,54267096,64771556,0,316,0,0,1,0,6253091,386450904,390491623,15,15,119,1561012,3125840,79,23641312,21192,146696090,130414401,0
