t,t_rel,cpu_idle,cpu_iowait,cpu_irq,cpu_nice,cpu_softirq,cpu_steal,cpu_system,cpu_user,ctxt,mem_Cached,mem_Dirty,mem_MemAvailable,mem_MemFree,mem_MemTotal,mem_SwapCached,mem_Writeback,mem_WritebackTmp,procs_blocked,procs_running,psi_cpu_full_total,psi_cpu_some_total,psi_io_full_total,psi_io_some_total,psi_memory_full_total,psi_memory_some_total,vm_nr_dirty,vm_nr_dirty_background_threshold,vm_nr_dirty_threshold,vm_nr_writeback,vm_pgfault,vm_pgmajfault,vm_pgpgin,vm_pgpgout,vm_pswpout
1789564719.032118,0.0,5492397,345392,0,111,60,84,71443,561183,20949377,117888,1188,63891616,64271132,64771556,0,0,0,1,1,0,10512099,1968336417,1980222103,31,31,297,1595670,3195241,0,53401413,51734,379201886,295036253,0
1789564719.2828348,0.251,5492636,345409,0,111,60,84,71444,561326,20950012,126736,1276,63876852,64251336,64771556,0,0,0,0,17,0,10513694,1968358396,1980244165,31,31,319,1595460,3194822,0,53404088,51807,379214078,295036253,0
1789564719.533432,0.501,5493010,345426,0,111,60,84,71446,561333,20950714,136280,1276,63860476,64229916,64771556,0,0,0,1,1,0,10514417,1968457835,1980343626,31,31,319,1595177,3194255,0,53409079,51843,379224294,295036253,0
1789564719.783859,0.752,5493385,345449,0,111,60,84,71448,561334,20951443,163576,1308,63835376,64190596,64771556,0,0,0,1,1,0,10515189,1968621288,1980507079,31,31,327,1594906,3193711,0,53413312,52053,379252094,295036253,0
1789564720.0342333,1.002,5493750,345472,0,111,60,84,71450,561343,20953690,174084,1308,63818092,64168040,64771556,0,0,0,1,1,0,10516025,1968779883,1980665766,31,31,327,1594606,3193111,0,53416468,52143,379262614,295036253,0
1789564720.2846222,1.253,5494120,345494,0,111,60,84,71451,561349,20955382,180512,1308,63807096,64153840,64771556,0,0,0,1,1,0,10517225,1968960616,1980846511,31,31,327,1594411,3192721,0,53418511,52149,379269050,295036253,0
1789564720.5349572,1.503,5494486,345516,0,111,60,84,71453,561359,20956784,188804,1308,63783752,64126336,64771556,0,0,0,1,5,0,10518074,1969121486,1981007381,31,31,327,1593932,3191762,0,53423584,52149,379277398,295036253,0
1789564720.7852843,1.753,5494840,345525,0,111,60,84,71459,561392,20960475,191816,1308,63753600,64094584,64771556,0,0,0,1,2,0,10519071,1969142228,1981028125,31,31,327,1593220,3190335,0,53439689,52157,379280334,295036285,0
1789564721.0357413,2.004,5495198,345538,0,111,60,84,71461,561420,20963100,195256,1308,63726028,64065292,64771556,0,0,0,0,2,0,10519645,1969216919,1981102886,31,31,327,1592574,3189043,0,53447264,52158,379283894,295036285,0
1789564721.2862036,2.254,5495562,345549,0,111,60,84,71463,561439,20966357,198132,1308,63708060,64045888,64771556,0,0,0,0,4,0,10520238,1969301333,1981187300,31,31,327,1592162,3188216,0,53451880,52158,379286662,295036285,0
1789564721.536656,2.505,5495922,345564,0,111,60,84,71466,561462,20970109,201464,1308,63674316,64010444,64771556,0,0,0,0,4,0,10520891,1969383073,1981269047,31,31,327,1591362,3186615,0,53459673,52166,379290002,295036285,0
1789564721.787117,2.755,5496275,345575,0,111,60,84,71467,561496,20973807,204424,1308,63664688,63999332,64771556,0,0,0,1,2,0,10521393,1969441142,1981327116,31,31,327,1591158,3186208,0,53461765,52171,379292966,295036285,0
1789564722.0375302,3.005,5496632,345584,0,111,60,84,71469,561526,20978616,206536,1308,63657220,63990832,64771556,0,0,0,1,1,0,10522788,1969499626,1981385630,31,31,327,1590998,3185886,0,53463486,52173,379295078,295036285,0
1789564722.2879162,3.256,5496975,345595,0,111,60,84,71472,561569,20984459,208860,1308,63640400,63972852,64771556,0,0,0,0,3,0,10523300,1969548449,1981434500,31,31,327,1590607,3185103,0,53468100,52177,379297498,295036285,0
1789564722.6781936,3.646,5497570,345622,0,111,60,84,71474,561572,20985525,236700,1308,63618524,63936628,64771556,0,0,0,1,1,0,10523865,1969663069,1981549151,31,31,327,1590419,3184727,0,53471665,52405,379326470,295036289,0
1789564722.9306595,3.899,5497946,345640,0,111,60,84,71475,561577,20986138,250784,1308,63601228,63912256,64771556,0,0,0,1,1,0,10524747,1969849304,1981735459,31,31,327,1590164,3184216,0,53475599,52513,379340574,295036289,0
1789564723.181014,4.149,5498321,345657,0,111,60,84,71476,561584,20986668,262844,1308,63584840,63889988,64771556,0,0,0,1,1,0,10525953,1970017866,1981904052,31,31,327,1589901,3183691,0,53479612,52607,379352526,295036289,0
1789564723.4313567,4.399,5498689,345671,0,111,60,84,71477,561600,20988520,268936,1308,63562816,63864648,64771556,0,0,0,1,1,0,10526690,1970098624,1981984817,31,31,327,1589434,3182755,0,53483489,52619,379358950,295036289,0
1789564723.681771,4.65,5499047,345685,0,111,60,84,71479,561627,20990497,272312,1308,63545920,63845984,64771556,0,0,0,0,2,0,10527331,1970181668,1982067861,31,31,327,1589057,3181999,0,53487260,52623,379362114,295036289,0
1789564723.9322364,4.9,5499376,345697,0,111,60,84,71482,561682,20992536,274920,1308,63490108,63788552,64771556,0,0,0,0,4,0,10527699,1970225233,1982111426,31,31,327,1587688,3179259,0,53505868,52623,379364722,295036289,0
1789564724.1827054,5.151,5499727,345707,0,111,60,84,71485,561718,20994389,277608,1308,63468884,63764636,64771556,0,0,0,1,1,0,10528250,1970253709,1982139916,31,31,327,1587159,3178200,0,53512618,52623,379367434,295036289,0
1789564724.4331746,5.401,5500087,345718,0,111,60,84,71487,561743,20997621,280948,1308,63449008,63741388,64771556,0,0,0,0,2,0,10528812,1970320119,1982206327,31,31,327,1586662,3177204,0,53518742,52626,379370898,295036289,0
1789564724.6836183,5.652,5500435,345728,0,111,60,84,71489,561785,20999644,283728,1308,63438388,63728012,64771556,0,0,0,1,1,0,10529234,1970361556,1982247783,31,31,327,1586397,3176673,0,53522275,52626,379373562,295036289,0
1789564724.934071,5.902,5500785,345736,0,111,60,84,71491,561823,21001808,285988,1408,63428084,63715432,64771556,0,0,0,1,1,0,10530418,1970402794,1982289026,31,31,352,1586140,3176158,0,53525524,52628,379375714,295036289,0
1789564725.1844883,6.152,5501145,345747,0,111,60,84,71493,561849,21003978,289296,1408,63410548,63694584,64771556,0,0,0,1,1,0,10531113,1970474432,1982360731,31,31,352,1585702,3175281,0,53529217,52628,379379054,295036289,0
1789564725.4349434,6.403,5501499,345755,0,111,60,84,71493,561887,21005066,292084,1408,63400484,63681740,64771556,0,0,0,0,6,0,10531433,1970516567,1982402867,31,31,352,1585451,3174778,0,53533683,52628,379381910,295036289,0
1789564725.6853948,6.653,5501828,345756,0,111,60,84,71498,561953,21013278,292556,1408,63396448,63677212,64771556,0,0,0,0,7,0,10532186,1970519959,1982406258,31,31,352,1585350,3174577,0,53535593,52628,379382266,295036289,0
1789564725.9361153,6.904,5502163,345759,0,111,60,84,71500,562011,21018280,293424,1408,63389176,63669084,64771556,0,0,0,0,6,0,10533068,1970529734,1982416034,31,31,352,1585168,3174213,0,53538617,52630,379383138,295036289,0
1789564726.1866045,7.154,5502505,345767,0,111,60,84,71502,562058,21022892,295464,1408,63382344,63660220,64771556,0,0,0,1,1,0,10533589,1970563714,1982450016,31,31,352,1584998,3173872,0,53541645,52633,379385178,295036289,0
1789564726.4370654,7.405,5502879,345778,0,111,60,84,71503,562072,21023928,299200,1408,63377324,63651472,64771556,0,0,0,0,2,0,10534348,1970670513,1982556830,31,31,352,1584873,3173621,0,53543042,52633,379388962,295036289,0
1789564726.6874576,7.655,5503251,345786,0,111,60,84,71504,562090,21024913,301208,1408,63366016,63638128,64771556,0,0,0,1,1,0,10534981,1970747111,1982633428,31,31,352,1584590,3173055,0,53545974,52633,379390958,295036289,0
1789564726.9379086,7.906,5503598,345794,0,111,60,84,71506,562132,21027558,303784,1408,63341596,63611176,64771556,0,0,0,1,1,0,10535351,1970783210,1982669553,31,31,352,1583981,3171835,0,53552222,52633,379393514,295036289,0
1789564727.188301,8.156,5503973,345806,0,111,60,84,71507,562143,21028195,306812,1408,63319336,63585852,64771556,0,0,0,1,1,0,10537547,1970906564,1982792914,31,31,352,1583425,3170722,0,53556845,52633,379396546,295036289,0
1789564727.438689,8.407,5504327,345812,0,111,60,84,71508,562182,21030459,308132,1408,63295984,63561168,64771556,0,0,0,0,2,0,10537857,1970938976,1982825325,31,31,352,1582842,3169555,0,53561974,52633,379397910,295036289,0
1789564727.6891685,8.657,5504692,345819,0,111,60,84,71510,562208,21031336,310032,1408,63274192,63537496,64771556,0,0,0,0,2,0,10538243,1970991857,1982878207,31,31,352,1582298,3168465,0,53568270,52633,379399750,295036289,0
1789564727.9396453,8.908,5505033,345827,0,111,60,84,71512,562257,21035647,311948,1408,63250776,63511748,64771556,0,0,0,0,6,0,10538667,1971022570,1982908919,31,31,352,1581714,3167295,0,53574279,52633,379402082,295036289,0
1789564728.190114,9.158,5505365,345830,0,111,60,84,71515,562317,21040601,314728,1412,63194568,63452752,64771556,0,0,0,0,5,0,10539615,1971030482,1982916832,31,31,353,1580310,3164485,0,53585851,52633,379403838,295037281,0
1789564728.440571,9.408,5505690,345838,0,111,60,84,71518,562381,21042857,316656,1412,63164140,63420412,64771556,0,0,0,1,1,0,10539835,1971047551,1982933919,31,31,353,1579551,3162964,0,53596208,52633,379405766,295037281,0
1789564728.6910613,9.659,5506047,345847,0,111,60,85,71520,562414,21045428,319172,1420,63130540,63384320,64771556,0,0,0,0,3,0,10540203,1971076853,1982963221,31,31,355,1578712,3161285,0,53606109,52633,379408278,295037281,0
1789564728.9415119,9.909,5506411,345852,0,111,60,85,71523,562442,21047610,320752,1420,63242364,63494528,64771556,0,0,0,1,2,0,10540581,1971115068,1983001446,31,31,355,1581504,3166874,0,53611846,52633,379409870,295037281,0
1789564729.1919117,10.16,5506781,345860,0,111,60,85,71525,562463,21048642,322856,1420,63225264,63475324,64771556,0,0,0,1,1,0,10541130,1971178019,1983064495,31,31,355,1581077,3166020,0,53617339,52633,379411958,295037281,0
1789564729.442267,10.41,5507140,345868,0,111,60,85,71526,562494,21051069,325476,1420,63200692,63448180,64771556,0,0,0,1,2,0,10541550,1971227735,1983114216,31,31,355,1580463,3164791,0,53623532,52634,379414586,295037281,0
1789564729.6927166,10.661,5507473,345872,0,111,60,85,71530,562553,21055380,326640,1424,63180492,63426784,64771556,0,0,0,0,2,0,10542321,1971244599,1983131080,31,31,356,1579959,3163782,0,53629118,52634,379415746,295037281,0
1789564729.9431832,10.911,5507758,345873,0,111,60,85,71534,562660,21064401,327308,1484,63167760,63413336,64771556,0,0,0,0,6,0,10542787,1971246074,1983132555,31,31,371,1579641,3163145,0,53632793,52634,379416402,295037341,0
1789564730.193778,11.162,5508053,345892,0,111,60,85,71545,562735,21073575,484416,1484,63085080,63173548,64771556,0,0,0,0,2,0,10543487,1971267550,1983154032,31,31,371,1577577,3159012,0,53657092,52634,379573538,295037341,0
1789564730.4442768,11.412,5508308,345892,0,111,60,85,71571,562848,21084707,484796,1484,62647100,62734852,64771556,0,0,0,0,6,0,10544012,1971268291,1983154773,31,31,371,1566644,3137118,0,53761340,52634,379573866,295037341,0
1789564730.6950247,11.663,5508569,345902,0,111,60,85,71591,562958,21091480,637168,51692,62323968,62259348,64771556,0,0,0,2,3,0,10544375,1971284241,1983170723,31,31,12923,1558577,3120966,0,53841695,52634,379676022,295037341,0
1789564730.9455447,11.913,5508852,345908,0,111,60,85,71606,563055,21095203,811312,127760,62080956,61841384,64771556,0,0,0,0,5,0,10544669,1971298341,1983184823,31,31,31940,1552491,3108777,0,53900563,52634,379774386,295037341,0
1789564731.1963472,12.164,5509150,345915,0,111,60,85,71621,563135,21097607,1004812,209620,61851736,61418052,64771556,0,0,0,0,5,0,10544904,1971312470,1983198953,31,31,52405,1546753,3097289,0,53955303,52634,379885738,295037341,0
1789564731.4471076,12.415,5509406,345924,0,111,60,85,71654,563239,21105558,1199572,248468,61587464,60958068,64771556,0,0,0,0,6,0,10545441,1971323310,1983209793,31,31,62117,1540132,3084031,0,53989199,52634,380041690,295037341,0
1789564731.6976075,12.665,5509667,345932,0,111,60,85,71663,563360,21109118,1429384,322180,61567600,60707784,64771556,0,0,0,0,6,0,10545716,1971335608,1983222091,31,31,80545,1539621,3083007,0,53994911,52634,380197626,295037341,0
1789564731.9481025,12.916,5509959,345939,0,111,60,85,71671,563450,21112695,1674820,411624,61550628,60444312,64771556,0,0,0,0,6,0,10546046,1971351110,1983237593,31,31,102906,1539171,3082106,0,54004960,52634,380353562,295037341,0
1789564732.198587,13.166,5510237,345941,0,111,60,85,71694,563547,21116112,1830648,489428,61382944,60119560,64771556,0,0,0,0,13,0,10546468,1971355244,1983241727,31,31,122357,1534954,3073661,0,54015854,52634,380431682,295037341,0
1789564732.449256,13.417,5510494,345951,0,111,60,85,71707,563663,21122238,2097652,546400,61385880,59854708,64771556,0,0,0,1,4,0,10546936,1971371011,1983257495,31,31,136600,1535008,3073769,0,54033287,52634,380642010,295037341,0
1789564732.6998904,13.668,5510787,345957,0,111,60,85,71716,563756,21126661,2362300,633032,61420360,59623508,64771556,0,0,0,0,5,0,10547348,1971385394,1983271877,31,31,158258,1535843,3075441,0,54043915,52634,380820070,295037341,0
1789564732.9506645,13.919,5511073,345958,0,111,60,85,71729,563856,21128257,2497260,727628,61303860,59370924,64771556,0,0,0,0,6,0,10547605,1971388792,1983275275,31,31,181907,1532884,3069517,0,54056754,52634,380860354,295037341,0
1789564733.2013714,14.169,5511336,345965,0,111,60,85,71745,563970,21133055,2748872,783848,61253708,59068504,64771556,0,0,0,0,6,0,10548144,1971399042,1983285538,31,31,195962,1531638,3067022,0,54060382,52634,381055810,295037341,0
1789564733.4521036,14.42,5511631,345970,0,111,60,85,71756,564056,21138398,3021520,867756,61275860,58816612,64771556,0,0,0,0,5,0,10548566,1971412778,1983299274,31,31,216939,1532144,3068034,0,54078266,52634,381244310,295037341,0
1789564733.702855,14.671,5511925,345972,0,111,60,85,71768,564149,21139986,3202200,964784,61222852,58582176,64771556,0,0,0,0,6,0,10548798,1971417621,1983304118,31,31,241196,1530804,3065352,0,54081006,52634,381328162,295037341,0
1789564733.9535165,14.921,5512208,345978,0,111,60,85,71790,564240,21145727,3423716,1023276,61070788,58207024,64771556,0,0,0,0,8,0,10549287,1971428362,1983314858,31,31,255819,1526979,3057691,0,54101577,52634,381490986,295037341,0
1789564734.2040443,15.172,5512495,345983,0,111,60,85,71798,564338,21149745,3702424,1105320,61132784,57989812,64771556,0,0,0,0,5,0,10549709,1971441207,1983327703,31,31,276330,1528502,3060741,0,54103528,52634,381687602,295037341,0
1789564734.454772,15.423,5512784,345986,0,111,60,85,71807,564438,21151814,3905916,1200280,61109964,57761820,64771556,0,0,0,0,5,0,10549984,1971448416,1983334912,31,31,300070,1527893,3059522,0,54105295,52634,381795970,295037341,0
1789564734.7054622,15.673,5513058,345991,0,111,60,85,71835,564530,21157480,4117592,181148,60958192,57397084,64771556,0,1075352,0,0,7,0,10550520,1971457569,1983344069,31,31,45287,1524082,3051891,268838,54125157,52634,381951970,296112693,0
1789564734.9559424,15.924,5513348,346004,0,111,60,85,71842,564619,21160797,4378408,263960,61027936,57204664,64771556,0,1058968,0,1,5,0,10551982,1971478044,1983364632,31,31,65990,1525790,3055311,264742,54125189,52634,382130930,296113321,0
1789564735.2063327,16.174,5513632,346017,0,111,60,85,71855,564712,21164873,4550828,342284,61021780,57025032,64771556,0,1050776,0,1,4,0,10552920,1971495221,1983381846,31,31,85676,1525621,3054972,262694,54144026,52634,382224834,296113321,0
1789564735.4567835,16.425,5513929,346065,0,111,60,85,71868,564754,21166761,4667532,382192,60914400,56799744,64771556,0,1034392,0,3,2,0,10553927,1971612123,1983499299,31,31,95548,1522900,3049523,258598,54146892,52634,382301630,296113321,0
1789564735.7072353,16.675,5514226,346122,0,111,60,85,71872,564796,21168227,4783280,418680,60945356,56714568,64771556,0,1022096,0,2,3,0,10554659,1971746709,1983633913,31,31,104670,1523663,3051051,255524,54148942,52634,382380770,296113321,0
1789564735.957585,16.925,5514526,346178,0,111,60,85,71876,564838,21169610,4904460,461772,60968864,56616296,64771556,0,1013904,0,2,3,0,10555507,1971882366,1983769633,31,31,115443,1524235,3052196,253476,54149470,52634,382458738,296113321,0
1789564736.2079613,17.176,5514820,346230,0,111,60,85,71887,564882,21171026,4983984,502828,60896772,56463936,64771556,0,997520,0,2,3,0,10557122,1972005125,1983892930,31,31,125707,1522416,3048555,249380,54151810,52634,382497874,296113321,0
1789564736.4583879,17.426,5515117,346290,0,111,60,85,71891,564920,21172948,5128944,534376,60923616,56345224,64771556,0,989328,0,2,3,0,10557758,1972143280,1984031138,31,31,133594,1523071,3049867,247332,54151814,52634,382610558,296113321,0
1789564736.708765,17.677,5515404,346346,0,111,60,85,71898,564971,21175998,5251220,574988,60914124,56212756,64771556,0,968848,0,3,2,0,10558672,1972267446,1984157933,31,31,143747,1522817,3049359,242212,54160480,52635,382692526,296113321,0
1789564736.9592235,17.927,5515698,346399,0,111,60,85,71905,565018,21176952,5327296,623216,60887288,56108724,64771556,0,960656,0,2,3,0,10559238,1972387747,1984278415,31,31,155804,1522128,3047979,240164,54161630,52635,382720758,296113321,0
1789564737.2096705,18.178,5515995,346457,0,111,60,85,71912,565056,21178786,5443716,650384,60852148,55957268,64771556,0,952464,0,2,3,0,10560263,1972521489,1984412311,31,31,162596,1521245,3046209,238116,54162797,52635,382809626,296113321,0
1789564737.4601028,18.428,5516295,346512,0,111,60,85,71916,565097,21180330,5577016,695212,60861968,55832908,64771556,0,936080,0,2,3,0,10561179,1972659125,1984550019,31,31,173803,1521468,3046656,234020,54162801,52635,382898354,296113321,0
1789564737.710486,18.678,5516588,346566,0,111,60,85,71920,565145,21181416,5672416,740364,60809244,55684124,64771556,0,927888,0,3,3,0,10561637,1972785835,1984677061,31,31,185091,1520135,3043988,231972,54163938,52635,382948474,296113321,0
1789564737.9609213,18.929,5516874,346624,0,111,60,85,71927,565194,21183279,5794336,767492,60781664,55534224,64771556,0,915600,0,2,3,0,10563476,1972911528,1984802931,31,31,191873,1519437,3042589,228900,54165365,52635,383043530,296113321,0
1789564738.2113485,19.179,5517148,346680,0,111,60,85,71933,565259,21186441,5911720,806516,60789896,55424416,64771556,0,899216,0,2,3,0,10564679,1973019188,1984912179,31,31,201629,1519626,3042969,224804,54175045,52635,383121498,296113321,0
1789564738.4618168,19.43,5517447,346733,0,111,60,85,71939,565300,21187361,5998968,854660,60895876,55442360,64771556,0,891024,0,2,3,0,10564845,1973150711,1985045489,31,31,213665,1522252,3048227,222756,54175985,52635,383160482,296113321,0
1789564738.7122538,19.68,5517739,346791,0,111,60,85,71946,565343,21189526,6121288,880820,60853092,55276772,64771556,0,874640,0,3,2,0,10565973,1973283347,1985178542,31,31,220205,1521172,3046064,218660,54177347,52635,383257018,296113321,0
1789564738.9626677,19.931,5518038,346849,0,111,60,85,71949,565382,21191116,6255924,921756,60874648,55163136,64771556,0,862328,0,2,3,0,10567918,1973428330,1985323595,31,31,230439,1521696,3047113,215582,54177353,52635,383350902,296113321,0
1789564739.2130215,20.181,5518336,346903,0,111,60,85,71953,565428,21191972,6349776,971684,60895772,55089680,64771556,0,854136,0,2,3,0,10568633,1973559654,1985454981,31,31,242921,1522205,3048133,213534,54177425,52635,383394386,296113321,0
1789564739.463354,20.431,5518630,346958,0,111,60,85,71962,565470,21193777,6457048,1000968,60813028,54899080,64771556,0,837752,0,2,3,0,10570025,1973684315,1985580155,31,31,250242,1520124,3043966,209438,54179616,52635,383472374,296113321,0
1789564739.7138336,20.682,5518926,347014,0,111,60,85,71969,565513,21196344,6579400,896004,60816444,54779544,64771556,0,975492,0,3,2,0,10570972,1973817354,1985714673,31,31,224001,1520196,3044109,243873,54187662,52635,383554254,296259253,0
1789564739.9642658,20.932,5519225,347071,0,111,60,85,71972,565555,21197713,6699024,941376,60860296,54703016,64771556,0,959108,0,2,3,0,10571673,1973957450,1985855005,31,31,235344,1521271,3046263,239777,54187678,52635,383628310,296259817,0
1789564740.2146256,21.183,5519521,347127,0,111,60,85,71982,565592,21199705,6806132,970496,60786252,54521256,64771556,0,946812,0,2,3,0,10573429,1974093856,1985992077,31,31,242624,1519408,3042531,236703,54189857,52635,383706278,296259817,0
1789564740.465097,21.433,5519821,347184,0,111,60,85,71985,565632,21201153,6926244,1012364,60817220,54431688,64771556,0,938620,0,2,3,0,10573774,1974232507,1986130755,31,31,253091,1520171,3044058,234655,54189860,52635,383784246,296259817,0
1789564740.7154653,21.683,5520121,347241,0,111,60,85,71989,565672,21202495,7047952,1056044,60859832,54351812,64771556,0,922236,0,2,3,0,10575652,1974373971,1986272287,31,31,264011,1521215,3046149,230559,54189861,52635,383862214,296259817,0
1789564740.965811,21.934,5520409,347297,0,111,60,85,71999,565716,21203970,7158516,1089000,60773816,54154600,64771556,0,914044,0,2,3,0,10576843,1974501193,1986399867,31,31,272250,1519052,3041818,228511,54192033,52635,383940182,296259817,0
1789564741.216181,22.184,5520693,347352,0,111,60,85,72004,565772,21207087,7270776,1123172,60785972,54054008,64771556,0,901756,0,2,3,0,10577844,1974617714,1986519494,31,31,280793,1519343,3042402,225439,54200169,52635,384018218,296259817,0
1789564741.4666345,22.435,5520991,347406,0,111,60,85,72008,565817,21208420,7394856,1169408,60976512,54119828,64771556,0,885372,0,2,3,0,10579153,1974748660,1986652480,31,31,292352,1524083,3051893,221343,54200175,52635,384096186,296259817,0
1789564741.717036,22.685,5521276,347461,0,111,60,85,72017,565867,21209828,7498172,1204288,60900320,53939468,64771556,0,877180,0,3,4,0,10579498,1974869723,1986774019,31,31,301072,1522161,3048043,219295,54203516,52635,384164918,296259817,0
1789564741.9674823,22.935,5521567,347519,0,111,60,85,72022,565915,21211375,7622152,1240404,60925004,53840196,64771556,0,868988,0,3,3,0,10581119,1975001220,1986905598,31,31,310101,1522756,3049236,217247,54204506,52635,384252122,296259817,0
1789564742.2179816,23.186,5521866,347573,0,111,60,85,72026,565959,21212696,7747176,1287460,60950500,53739592,64771556,0,852604,0,2,3,0,10582396,1975133843,1987038314,31,31,321865,1523387,3050499,213151,54204510,52635,384330090,296259817,0
1789564742.4684334,23.436,5522164,347627,0,111,60,85,72036,565996,21214250,7838596,1325488,60878500,53575740,64771556,0,840308,0,2,3,0,10582927,1975261590,1987166956,31,31,331372,1521568,3046856,210077,54206717,52635,384383994,296259817,0
1789564742.7189462,23.687,5522452,347683,0,111,60,85,72041,566047,21217178,7974724,1358952,60902320,53462568,64771556,0,832116,0,2,3,0,10583366,1975382423,1987289627,31,31,339843,1522152,3048026,208029,54213067,52635,384486026,296259817,0
1789564742.9694083,23.937,5522751,347740,0,111,60,85,72043,566089,21218561,8097180,1403560,60940804,53377984,64771556,0,815732,0,2,3,0,10583760,1975521248,1987428484,31,31,350890,1523097,3049919,203933,54213070,52635,384563994,296259817,0
1789564743.219875,24.188,5523049,347793,0,111,60,85,72053,566128,21219705,8183216,1446592,60870944,53221156,64771556,0,807540,0,4,2,0,10584108,1975652308,1987560371,31,31,361648,1521330,3046380,201885,54215220,52635,384607510,296259817,0
1789564743.4703264,24.438,5523347,347848,0,111,60,85,72057,566171,21221591,8329428,1480292,60902284,53105896,64771556,0,795236,0,2,3,0,10585260,1975787580,1987695768,31,31,370073,1522103,3047927,198809,54215231,52635,384719930,296259817,0
1789564743.7207768,24.689,5523647,347905,0,111,60,85,72061,566210,21222921,8451096,1523752,60934952,53016260,64771556,0,778852,0,2,3,0,10586707,1975926779,1987835047,31,31,380938,1522902,3049529,194713,54215244,52635,384797898,296259817,0
1789564743.971235,24.939,5523945,347958,0,111,60,85,72070,566251,21223765,8526888,1567952,60867952,52872564,64771556,0,770660,0,3,3,0,10587359,1976054860,1987963478,31,31,391988,1521207,3046134,192665,54222219,52635,384829718,296259817,0
1789564744.2216678,25.19,5524230,348014,0,111,60,85,72076,566305,21226500,8664044,1592508,61114304,52981364,64771556,0,754276,0,3,2,0,10587904,1976168132,1988080940,31,31,398127,1527347,3058429,188569,54229485,52635,384942166,296259817,0
1789564744.4721553,25.44,5524530,348072,0,111,60,85,72080,566344,21227960,8794708,1633428,61138720,52874516,64771556,0,741980,0,2,3,0,10589353,1976313767,1988226660,31,31,408357,1527941,3059619,185495,54229486,52635,385031802,296259817,0
1789564744.7225702,25.69,5524846,348106,0,111,60,85,72086,566389,21228161,8851124,1689696,61140964,52819596,64771556,0,733788,0,2,3,0,10589514,1976415494,1988375286,31,31,422424,1527966,3059668,183447,54230377,52635,385031802,296259817,0
1789564744.9729872,25.941,5525142,348163,0,111,60,85,72093,566428,21230050,8972972,1713432,61109768,52666016,64771556,0,717404,0,3,2,0,10590020,1976546421,1988510481,31,31,428358,1527186,3058107,179351,54231713,52635,385130298,296260273,0
1789564745.2234967,26.191,5525449,348211,0,111,60,85,72099,566469,21233049,9109528,1751956,61127416,52546496,64771556,0,709212,0,2,3,0,10591310,1976674147,1988660500,31,31,437989,1527612,3058960,177303,54240098,52635,385228458,296260273,0
1789564745.474,26.442,5525749,348264,0,111,60,85,72101,566513,21233826,9198628,1803136,61148228,52477524,64771556,0,692828,0,2,3,0,10591821,1976805227,1988791692,31,31,450784,1528114,3059966,173207,54241116,52635,385265706,296260273,0
1789564745.7246585,26.693,5526053,348315,0,111,60,85,72111,566550,21235301,9303844,1830568,61080764,52304476,64771556,0,680540,0,2,3,0,10593056,1976932607,1988934585,31,31,457642,1526421,3056575,170135,54243460,52635,385343674,296260273,0
1789564745.9751203,26.943,5526377,348347,0,111,60,85,72114,566590,21236719,9427136,1872172,61124860,52224476,64771556,0,672348,0,3,2,0,10593364,1977038204,1989112529,31,31,468043,1527502,3058739,168087,54243461,52635,385425298,296260273,0
1789564746.2255,27.193,5526680,348401,0,111,60,85,72117,566631,21238104,9546264,1917028,61170116,52149964,64771556,0,655964,0,2,3,0,10594015,1977176611,1989254276,31,31,479257,1528616,3060969,163991,54243471,52635,385499610,296260273,0
1789564746.4761956,27.444,5526974,348446,0,111,60,85,72129,566680,21240668,9650124,1942664,61077008,51952532,64771556,0,647772,0,2,3,0,10594692,1977280674,1989381847,31,31,485666,1526280,3056292,161943,54252977,52635,385577578,296260273,0
1789564746.7266636,27.695,5527299,348476,0,111,60,85,72132,566721,21241976,9769560,1984452,61178876,51934240,64771556,0,635476,0,2,3,0,10595004,1977380432,1989559881,31,31,496113,1528813,3061365,158869,54252982,52635,385655546,296260273,0
1789564746.9770796,27.945,5527625,348505,0,111,60,85,72134,566764,21243261,9891436,2028296,61192732,51825616,64771556,0,619092,0,2,3,0,10596416,1977475134,1989735434,31,31,507074,1529135,3062010,154773,54253040,52635,385733514,296260273,0
1789564747.227461,28.195,5527945,348537,0,111,60,85,72146,566803,21244734,9997628,2056264,61134404,51660492,64771556,0,610900,0,2,3,0,10597020,1977568707,1989897160,31,31,514066,1527664,3059064,152725,54255231,52635,385811482,296260273,0
1789564747.4779437,28.446,5528270,348565,0,111,60,85,72148,566846,21245971,10121280,2102204,61180364,51582312,64771556,0,594516,0,2,3,0,10599165,1977660976,1990067448,31,31,525551,1528799,3061337,148629,54255231,52635,385889450,296260273,0
1789564747.7283316,28.696,5528577,348610,0,111,60,85,72155,566887,21248784,10240252,2143208,61174488,51456728,64771556,0,582212,0,2,3,0,10599477,1977783377,1990214570,31,31,535802,1528635,3061008,145553,54263926,52635,385967418,296260273,0
1789564747.978777,28.947,5528872,348659,0,111,60,85,72166,566933,21250350,10348664,2173224,61081300,51254060,64771556,0,574020,0,2,4,0,10599895,1977893269,1990341771,31,31,543306,1526289,3056311,143505,54266840,52656,386046506,296260273,0
1789564748.2292688,29.197,5529182,348696,0,111,60,85,72174,566976,21252993,10468976,2214516,61118916,51170128,64771556,0,557636,0,2,3,0,10600653,1977980571,1990492991,31,31,553629,1527219,3058172,139409,54273121,52724,386128934,296260273,0
1789564748.4797099,29.448,5529494,348742,0,111,60,85,72177,567017,21254326,10591064,2258520,61139164,51067688,64771556,0,549444,0,2,3,0,10600981,1978104873,1990648517,31,31,564630,1527710,3059155,137361,54273121,52724,386206902,296260273,0
1789564748.730105,29.698,5529793,348798,0,111,60,85,72188,567052,21255838,10697908,2297284,61100352,50921040,64771556,0,533060,0,4,1,0,10601426,1978238712,1990782628,31,31,574321,1526716,3057166,133265,54278312,52724,386275614,296260273,0
1789564748.9805799,29.948,5530081,348855,0,111,60,85,72191,567102,21258466,10813148,2324912,61191240,50896224,64771556,0,520764,0,2,4,0,10601756,1978362310,1990908972,31,31,581228,1528976,3061691,130191,54281915,52724,386362838,296260273,0
1789564749.2310488,30.199,5530381,348912,0,111,60,85,72193,567143,21259770,10936600,2370056,61243580,50824516,64771556,0,512572,0,2,3,0,10602367,1978503464,1991050240,31,31,592514,1530268,3064278,128143,54281936,52724,386440782,296260273,0
1789564749.481439,30.449,5530679,348962,0,111,60,85,72203,567186,21260227,10985332,2419196,61155404,50686892,64771556,0,496188,0,2,4,0,10602583,1978626271,1991173458,31,31,604799,1528049,3059834,124047,54284154,52724,386441086,296260373,0
1789564749.7321515,30.7,5530979,349025,0,111,60,85,72207,567220,21262542,11155708,2442940,61176900,50537392,64771556,0,487996,0,4,1,0,10603513,1978775334,1991322545,31,31,610735,1528570,3060877,121999,54284172,52724,386587974,296260373,0
1789564749.9826128,30.95,5531278,349080,0,111,60,85,72214,567259,21265513,11282508,2478232,61194716,50427764,64771556,0,475720,0,2,3,0,10604034,1978907058,1991459995,31,31,619558,1528999,3061738,118930,54292372,52724,386674686,296265165,0
1789564750.233105,31.201,5531603,349105,0,111,60,85,72218,567306,21265641,11341016,2536584,61211296,50385100,64771556,0,459324,0,2,3,0,10605667,1978990531,1991626967,31,31,634146,1529382,3062504,114831,54292985,52724,386674686,296265165,0
1789564750.4835317,31.451,5531926,349137,0,111,60,85,72226,567341,21267852,11458844,2559724,61160464,50215900,64771556,0,451132,0,4,1,0,10607091,1979091250,1991797307,31,31,639931,1528112,3059961,112783,54294776,52724,386769630,296265165,0
1789564750.7340226,31.702,5532249,349171,0,111,60,85,72231,567380,21269914,11602016,2599008,61200116,50111756,64771556,0,434748,0,4,1,0,10607744,1979193451,1991966807,31,31,649752,1529087,3061912,108687,54294855,52724,386873518,296265165,0
1789564750.9844832,31.952,5532575,349199,0,111,60,85,72233,567425,21270574,11689500,2651320,61234408,50057724,64771556,0,422452,0,2,3,0,10607908,1979286342,1992137424,31,31,662830,1529922,3063585,105613,54294861,52724,386908590,296265165,0
1789564751.2349494,32.203,5532862,349251,0,111,60,85,72247,567474,21273847,11790324,2674020,61129676,49851976,64771556,0,414260,0,2,3,0,10608347,1979397495,1992258609,31,31,668611,1527313,3058361,103565,54310783,52724,386986558,296265165,0
1789564751.4854198,32.453,5533162,349307,0,111,60,85,72250,567515,21275225,11911376,2717004,61227136,49827616,64771556,0,397876,0,2,3,0,10608678,1979533117,1992395385,31,31,679251,1529716,3063173,99469,54310784,52724,387064526,296265165,0
1789564751.735878,32.704,5533462,349364,0,111,60,85,72254,567554,21276408,12031684,2759444,61251280,49730948,64771556,0,389684,0,2,3,0,10609872,1979672593,1992534911,31,31,689861,1530306,3064355,97421,54310827,52724,387142494,296265165,0
1789564751.986283,32.954,5533754,349420,0,111,60,85,72264,567597,21278321,12126132,2794036,61172372,49556848,64771556,0,373300,0,2,4,0,10610810,1979800220,1992663018,31,31,698509,1528318,3060373,93325,54313042,52724,387202470,296265165,0
1789564752.2367375,33.205,5534048,349475,0,111,60,85,72269,567642,21280951,12241192,2832904,61236444,49505140,64771556,0,360996,0,2,4,0,10612014,1979929428,1992795241,31,31,708226,1529898,3063537,90249,54317652,52724,387278542,296265165,0
1789564752.487212,33.455,5534372,349506,0,111,60,85,72275,567682,21282648,12352708,2886124,61240712,49397304,64771556,0,352804,0,2,3,0,10612348,1980030186,1992966255,31,31,721632,1529990,3063722,88201,54320011,52724,387336774,296265165,0
1789564752.7376473,33.706,5534677,349539,0,111,60,85,72280,567738,21286077,12457204,2912548,61282156,49333672,64771556,0,336420,0,2,3,0,10612752,1980118618,1993109862,31,31,728137,1531011,3065766,84105,54320696,52724,387415030,296265165,0
1789564752.988124,33.956,5534983,349571,0,111,60,85,72288,567791,21290006,12558468,2946960,61271904,49221452,64771556,0,328228,0,2,3,0,10613387,1980199938,1993249060,31,31,736740,1530726,3065194,82057,54323698,52724,387481822,296265165,0
1789564753.2385774,34.206,5535304,349602,0,111,60,85,72295,567834,21292426,12677608,2987696,61631376,49461088,64771556,0,315932,0,2,6,0,10614736,1980297409,1993418897,31,31,746924,1539694,3083154,78983,54324170,52724,387560230,296265165,0
1789564753.48918,34.457,5535624,349635,0,111,60,85,72300,567874,21295175,12789376,3024108,61622484,49340072,64771556,0,299548,0,2,3,0,10615758,1980394563,1993585772,31,31,756027,1539463,3082690,74887,54325624,52724,387635734,296265165,0
1789564753.7396424,34.708,5535946,349652,0,111,60,85,72309,567927,21298126,12899656,3061196,61614388,49220892,64771556,0,291356,0,2,7,0,10616070,1980445569,1993751765,31,31,765299,1539240,3082244,72839,54330000,52724,387708486,296265165,0
1789564753.9901567,34.958,5536254,349679,0,111,60,85,72314,567984,21301048,13009624,3098840,61638672,49134560,64771556,0,274972,0,2,4,0,10618149,1980521620,1993901646,31,31,774710,1539831,3083428,68743,54332270,52724,387780934,296265165,0
1789564754.2406354,35.209,5536596,349722,0,111,60,85,72318,567996,21302234,13040380,3109372,61649004,49113872,64771556,0,261988,0,2,1,0,10618317,1980703109,1994118871,31,31,777343,1540082,3083930,65497,54332782,52724,387801262,296265165,0
1789564754.4911132,35.459,5536947,349772,0,111,60,85,72318,567996,21302313,13040380,3109372,61649004,49113872,64771556,0,253796,0,2,1,0,10618330,1980952457,1994368258,31,31,777343,1540082,3083930,63449,54332782,52724,387801262,296265165,0
1789564754.741543,35.709,5537297,349822,0,111,60,85,72318,567996,21302423,13040380,3109372,61649004,49113872,64771556,0,237412,0,2,1,0,10618338,1981201643,1994617662,31,31,777343,1540082,3083930,59353,54332785,52724,387801262,296265165,0
1789564754.9919722,35.96,5537647,349873,0,111,60,85,72318,567996,21302478,13040380,3109376,61648752,49113620,64771556,0,229220,0,2,1,0,10618343,1981451483,1994867520,31,31,777344,1540076,3083918,57305,54332786,52724,387801262,296265629,0
1789564755.2423446,36.21,5537997,349923,0,111,60,85,72318,567997,21302580,13040388,3108936,61680544,49145396,64771556,0,212836,0,2,1,0,10618384,1981699811,1995115896,31,31,777234,1540870,3085507,53209,54332789,52724,387801270,296266073,0
1789564755.492702,36.461,5538347,349973,0,111,60,85,72318,567997,21302685,13040384,3108992,61680124,49144980,64771556,0,205276,0,2,1,0,10618392,1981949421,1995365522,31,31,777248,1540859,3085486,51319,54332794,52724,387801270,296266073,0
1789564755.7430732,36.711,5538697,350023,0,111,60,85,72318,567997,21302748,13040384,3108992,61679828,49144684,64771556,0,188892,0,2,1,0,10618392,1982198736,1995614838,31,31,777248,1540852,3085471,47223,54332795,52724,387801270,296266073,0
1789564755.9934068,36.961,5539047,350073,0,111,60,85,72318,567997,21302801,13040384,3108992,61688032,49152888,64771556,0,180700,0,2,1,0,10618397,1982448536,1995864652,31,31,777248,1541056,3085881,45175,54332795,52724,387801270,296266073,0
1789564756.2437596,37.212,5539397,350124,0,111,60,85,72318,567997,21302879,13040384,3108992,61694076,49158932,64771556,0,164316,0,2,1,0,10618401,1982697397,1996113518,31,31,777248,1541207,3086183,41079,54332796,52724,387801270,296266073,0
1789564756.4941578,37.462,5539747,350174,0,111,60,85,72318,567997,21303030,13040384,3108996,61692980,49157836,64771556,0,147084,0,2,1,0,10618407,1982946229,1996362366,31,31,777249,1541180,3086129,36771,54332804,52724,387801270,296266073,0
1789564756.7445145,37.712,5540056,350193,0,111,60,85,72325,568062,21307247,13040192,3118328,61685248,49150288,64771556,0,138636,0,0,10,0,10618754,1982982819,1996398956,31,31,779582,1540987,3085742,34659,54336028,52724,387801386,296266073,0
1789564756.9950457,37.963,5540284,350193,0,111,60,85,72329,568229,21310204,13040196,3118328,61634692,49099732,64771556,0,124040,0,0,7,0,10618911,1982982981,1996399133,31,31,779582,1539725,3083215,31010,54346354,52725,387801390,296266073,0
1789564757.2455118,38.213,5540528,350193,0,111,60,85,72330,568385,21311055,13039964,3118000,61629152,49094416,64771556,0,116740,0,0,8,0,10619228,1982982981,1996399133,31,31,779500,1539587,3082938,29185,54348287,52725,387801390,296266073,0
1789564757.4960296,38.464,5540792,350193,0,111,60,85,72332,568518,21312901,13039964,3118000,61628320,49093572,64771556,0,105348,0,0,6,0,10619789,1982982995,1996399147,31,31,779500,1539566,3082897,26337,54349244,52725,387801390,296266073,0
1789564757.7465,38.714,5541069,350193,0,111,60,85,72334,568639,21313932,13039964,3118000,61628320,49093572,64771556,0,90756,0,0,5,0,10619874,1982982995,1996399181,31,31,779500,1539566,3082897,22689,54349333,52725,387801390,296266073,0
1789564757.996982,38.965,5541355,350193,0,111,60,85,72336,568752,21314906,13039964,3118000,61628320,49093572,64771556,0,80256,0,0,6,0,10619943,1982982995,1996399284,31,31,779500,1539566,3082897,20064,54349418,52725,387801390,296266073,0
1789564758.247468,39.215,5541632,350193,0,111,60,85,72338,568874,21315900,13040060,3118096,61634176,49099336,64771556,0,65664,0,0,5,0,10620515,1982982995,1996399376,31,31,779524,1539712,3083190,16416,54349538,52725,387801390,296266073,0
1789564758.497955,39.466,5541915,350193,0,111,60,85,72340,568989,21316491,13040060,3118096,61618572,49083732,64771556,0,51072,0,0,5,0,10620641,1982982995,1996399476,31,31,779524,1539323,3082410,12768,54351667,52725,387801390,296266073,0
1789564758.7484598,39.716,5542198,350193,0,111,60,85,72343,569102,21318160,13040060,3118096,61614352,49079512,64771556,0,39676,0,0,5,0,10620767,1982982995,1996399521,31,31,779524,1539217,3082199,9919,54355067,52725,387801390,296266073,0
1789564758.9989653,39.967,5542489,350193,0,111,60,85,72345,569210,21318945,13040156,3118192,61613576,49078644,64771556,0,25088,0,0,5,0,10621398,1982982995,1996399629,31,31,779548,1539198,3082160,6272,54355106,52725,387801390,296266073,0
1789564759.2494469,40.217,5542776,350193,0,111,60,85,72347,569321,21319724,13040156,3118192,61622956,49088016,64771556,0,17792,0,0,5,0,10621583,1982982995,1996399629,31,31,779548,1539412,3082588,4448,54355422,52725,387801390,296266073,0
1789564759.5002246,40.468,5543061,350193,0,111,60,85,72349,569434,21320451,13040156,3118192,61620932,49085992,64771556,0,7296,0,0,7,0,10621813,1982983041,1996399676,31,31,779548,1539382,3082528,1824,54355538,52725,387801390,296266073,0
1789564759.7507026,40.719,5543353,350193,0,111,60,85,72351,569541,21321812,13040252,3118288,61620296,49085264,64771556,0,0,0,0,6,0,10621861,1982983041,1996399676,31,31,779572,1539366,3082496,0,54355622,52725,387801390,296266073,0
1789564760.0012145,40.969,5543626,350193,0,111,60,85,72351,569667,21322797,13040252,3118288,61618884,49083852,64771556,0,0,0,0,9,0,10621891,1982983041,1996399676,31,31,779572,1539331,3082425,0,54356150,52725,387801390,296266073,0
1789564760.2518618,41.22,5543907,350193,0,111,60,85,72354,569783,21324977,13040252,3118288,61626640,49091608,64771556,0,0,0,0,5,0,10621983,1982983041,1996399676,31,31,779572,1539524,3082813,0,54357072,52725,387801390,296266073,0
1789564760.5025344,41.47,5544191,350193,0,111,60,85,72355,569900,21325552,13040252,3118288,61625840,49090808,64771556,0,0,0,0,5,0,10621992,1982983041,1996399676,31,31,779572,1539504,3082773,0,54358016,52725,387801390,296266073,0
1789564760.7531838,41.721,5544486,350193,0,111,60,85,72357,570003,21326196,13040348,3117732,61626028,49090904,64771556,0,0,0,0,8,0,10622001,1982983041,1996399676,31,31,779433,1539509,3082782,0,54358032,52725,387801390,296266253,0
1789564761.0037742,41.972,5544777,350193,0,111,60,85,72359,570111,21326927,13040348,3117732,61638284,49103160,64771556,0,0,0,0,9,0,10622034,1982983041,1996399676,31,31,779433,1539815,3083395,0,54358110,52725,387801390,296266253,0
1789564761.2544913,42.222,5545063,350193,0,111,60,85,72361,570224,21327713,13040348,3118200,61650384,49115260,64771556,0,0,0,0,5,0,10622286,1982983042,1996399677,31,31,779550,1540117,3084000,0,54358171,52725,387801390,296266733,0
1789564761.505257,42.473,5545360,350193,0,111,60,85,72362,570326,21328230,13040444,3118296,61647672,49112452,64771556,0,0,0,0,6,0,10622307,1982983042,1996399677,31,31,779574,1540049,3083864,0,54358211,52725,387801390,296266733,0
1789564761.7559457,42.724,5545647,350193,0,111,60,85,72363,570438,21328735,13040444,3118296,61647672,49112452,64771556,0,0,0,0,6,0,10622318,1982983042,1996399677,31,31,779574,1540049,3083864,0,54358214,52725,387801390,296266733,0
1789564762.0065815,42.974,5545938,350193,0,111,60,85,72365,570547,21329385,13040444,3118296,61647672,49112452,64771556,0,0,0,0,5,0,10622333,1982983042,1996399677,31,31,779574,1540049,3083864,0,54358226,52725,387801390,296266733,0
1789564762.25722,43.225,5546231,350193,0,111,60,85,72367,570652,21330388,13040540,3118392,61658196,49122884,64771556,0,0,0,0,5,0,10622393,1982983042,1996399677,31,31,779598,1540292,3084350,0,54358237,52725,387801390,296266733,0
1789564762.5080261,43.476,5546505,350193,0,111,60,85,72369,570778,21331454,13040540,3118392,61652276,49116956,64771556,0,0,0,0,6,0,10622425,1982983042,1996399677,31,31,779598,1540164,3084094,0,54359443,52725,387801390,296266733,0
1789564762.7587287,43.727,5546799,350193,0,111,60,85,72371,570882,21332097,13040540,3118392,61651876,49116556,64771556,0,0,0,0,7,0,10622435,1982983042,1996399677,31,31,779598,1540154,3084074,0,54359703,52725,387801390,296266733,0
1789564763.0092392,43.977,5547097,350193,0,111,60,85,72373,570983,21332346,13040540,3118392,61651876,49116556,64771556,0,0,0,0,5,0,10622444,1982983042,1996399677,31,31,779598,1540154,3084074,0,54359707,52725,387801390,296266733,0
1789564763.2597055,44.228,5547383,350193,0,111,60,85,72375,571096,21332825,13040636,3118488,61660716,49125288,64771556,0,0,0,0,6,0,10623007,1982983042,1996399677,31,31,779622,1540375,3084516,0,54359720,52725,387801390,296266733,0
1789564763.5102456,44.478,5547676,350193,0,111,60,85,72376,571202,21333310,13040636,3118488,61658412,49122984,64771556,0,0,0,0,5,0,10623018,1982983042,1996399677,31,31,779622,1540317,3084401,0,54359925,52725,387801390,296266733,0
1789564763.7607381,44.729,5547973,350193,0,111,60,85,72379,571303,21333977,13040636,3118488,61652268,49116840,64771556,0,0,0,0,5,0,10623040,1982983042,1996399677,31,31,779622,1540164,3084094,0,54361420,52725,387801390,296266733,0
1789564764.011225,44.979,5548256,350193,0,111,60,85,72381,571417,21334886,13040732,3118584,61638512,49102992,64771556,0,0,0,0,6,0,10623082,1982983042,1996399677,31,31,779646,1539820,3083406,0,54365170,52725,387801390,296266733,0
1789564764.2616959,45.23,5548549,350193,0,111,60,85,72382,571524,21335599,13040732,3118584,61642128,49106608,64771556,0,0,0,0,5,0,10623355,1982983042,1996399677,31,31,779646,1539911,3083587,0,54365208,52725,387801390,296266733,0
1789564764.512201,45.48,5548845,350193,0,111,60,85,72383,571626,21335962,13040732,3118584,61641300,49105780,64771556,0,0,0,0,5,0,10623360,1982983042,1996399677,31,31,779646,1539890,3083546,0,54365213,52725,387801390,296266733,0
1789564764.7626615,45.731,5549143,350193,0,111,60,85,72385,571728,21336265,13040828,3118680,61641392,49105780,64771556,0,0,0,0,5,0,10623364,1982983042,1996399677,31,31,779670,1539892,3083550,0,54365213,52725,387801390,296266733,0
1789564765.0131435,45.981,5549436,350193,0,111,60,85,72386,571834,21336687,13040828,3118680,61641392,49105780,64771556,0,0,0,0,5,0,10623382,1982983042,1996399677,31,31,779670,1539892,3083550,0,54365217,52725,387801390,296266733,0
1789564765.2635999,46.231,5549734,350193,0,111,60,85,72388,571935,21337273,13040924,3118776,61640776,49105064,64771556,0,0,0,0,5,0,10623438,1982983042,1996399677,31,31,779694,1539877,3083520,0,54365781,52725,387801390,296266733,0
1789564765.514105,46.482,5550029,350193,0,111,60,85,72390,572037,21337618,13040932,2997692,61640792,49105064,64771556,0,112892,0,0,5,0,10624945,1982983285,1996399996,31,31,749423,1539877,3083520,28223,54365790,52725,387801390,296387817,0
1789564765.7645714,46.732,5550327,350193,0,111,60,85,72392,572138,21338017,13040932,2997692,61640792,49105064,64771556,0,104700,0,0,5,0,10625305,1982983430,1996400167,31,31,749423,1539877,3083520,26175,54365791,52725,387801390,296387817,0
1789564766.015039,46.983,5550621,350193,0,111,60,85,72393,572243,21338300,13040932,2997692,61640792,49105064,64771556,0,92412,0,0,5,0,10625571,1982983430,1996400225,31,31,749423,1539877,3083520,23103,54365795,52725,387801390,296387817,0
1789564766.265517,47.233,5550919,350193,0,111,60,85,72394,572344,21338649,13041028,2997788,61648968,49113148,64771556,0,76028,0,0,5,0,10625739,1982983430,1996400479,31,31,749447,1540082,3083929,19007,54365800,52725,387801390,296387817,0
1789564766.5160608,47.484,5551198,350193,0,111,60,85,72397,572462,21340556,13041028,2997788,61642024,49106200,64771556,0,63740,0,0,5,0,10626004,1982983430,1996400532,31,31,749447,1539908,3083582,15935,54367594,52725,387801390,296387817,0
1789564766.7665477,47.734,5551496,350193,0,111,60,85,72399,572562,21341047,13041028,2997788,61641620,49105796,64771556,0,51452,0,0,5,0,10626039,1982983430,1996400703,31,31,749447,1539898,3083562,12863,54368090,52725,387801390,296387817,0
1789564767.0170279,47.985,5551790,350193,0,111,60,85,72400,572667,21341823,13041028,2997788,61640864,49105040,64771556,0,43260,0,0,5,0,10626085,1982983430,1996400905,31,31,749447,1539879,3083524,10815,54368123,52725,387801390,296387817,0
1789564767.2674892,48.235,5552086,350193,0,111,60,85,72403,572768,21342342,13041124,2997884,61645852,49109936,64771556,0,30972,0,0,5,0,10626294,1982983430,1996400930,31,31,749471,1540004,3083773,7743,54368161,52725,387801390,296387817,0
1789564767.5179431,48.486,5552385,350193,0,111,60,85,72404,572869,21342578,13041124,2997884,61645852,49109936,64771556,0,14588,0,0,5,0,10627076,1982983430,1996401194,31,31,749471,1540004,3083773,3647,54368166,52725,387801390,296387817,0
1789564767.768451,48.736,5552684,350193,0,111,60,85,72407,572968,21343171,13041228,2997980,61625128,49089112,64771556,0,0,0,0,5,0,10627488,1982983720,1996401723,31,31,749495,1539486,3082737,0,54370883,52725,387801398,296387817,0
1789564768.0189342,48.987,5552972,350193,0,111,60,85,72408,573079,21343564,13041228,2997980,61623364,49087348,64771556,0,0,0,0,5,0,10627500,1982983720,1996401723,31,31,749495,1539442,3082649,0,54371213,52725,387801398,296387817,0
1789564768.2694004,49.237,5553292,350193,0,111,60,85,72409,573159,21343714,13041228,2997980,61629928,49093912,64771556,0,0,0,0,2,0,10627546,1982983720,1996401723,31,31,749495,1539606,3082977,0,54371215,52725,387801398,296387817,0
1789564768.519838,49.488,5553666,350193,0,111,60,85,72409,573186,21343856,13050284,3007036,61631480,49086400,64771556,0,0,0,0,2,0,10627560,1982983720,1996401723,31,31,751759,1539645,3083055,0,54371222,52725,387801398,296387817,0
1789564768.7703254,49.738,5554041,350193,0,111,60,85,72410,573211,21343902,13082060,3038812,61634504,49057444,64771556,0,0,0,0,2,0,10627560,1982983720,1996401723,31,31,759703,1539715,3083196,0,54371223,52725,387801398,296387817,0
1789564769.0208395,49.989,5554416,350193,0,111,60,85,72411,573235,21343939,13114348,3071100,61624980,49015228,64771556,0,0,0,0,2,0,10627684,1982983720,1996401723,31,31,767775,1539466,3082697,0,54371225,52725,387801398,296387817,0
1789564769.2712047,50.239,5554792,350193,0,111,60,85,72413,573258,21343992,13115564,3072316,61628584,49017568,64771556,0,0,0,0,2,0,10627702,1982983720,1996401723,31,31,768079,1539556,3082877,0,54371226,52725,387801398,296387817,0
1789564769.521573,50.489,5555167,350193,0,111,60,85,72417,573280,21344077,13115564,3072316,61569176,48958160,64771556,0,0,0,0,2,0,10627724,1982983720,1996401723,31,31,768079,1538073,3079908,0,54387677,52725,387801398,296387817,0
1789564769.7720246,50.74,5555542,350193,0,111,60,85,72421,573301,21344214,13115564,3072316,61453888,48842872,64771556,0,0,0,0,2,0,10627728,1982983720,1996401723,31,31,768079,1535195,3074145,0,54414546,52725,387801398,296387817,0
1789564770.0224967,50.99,5555918,350193,0,111,60,85,72421,573326,21344250,13115564,3072316,61453888,48842872,64771556,0,0,0,0,2,0,10627743,1982983720,1996401723,31,31,768079,1535195,3074145,0,54414546,52725,387801398,296387817,0
1789564770.2729042,51.241,5556293,350193,0,111,60,85,72421,573351,21344313,13115844,3072596,61455700,48844372,64771556,0,0,0,0,2,0,10627847,1982983720,1996401723,31,31,768149,1535240,3074234,0,54414548,52725,387801398,296387817,0
1789564770.5232666,51.491,5556665,350193,0,111,60,85,72424,573376,21344389,13115828,2225240,61457076,48845748,64771556,0,847356,0,0,2,0,10627848,1982983729,1996401733,31,31,556310,1535274,3074302,211839,54414548,52725,387801402,297235609,0
1789564770.7736065,51.741,5557040,350194,0,111,60,85,72424,573401,21344544,13115824,2225240,61457076,48845748,64771556,0,831356,0,0,2,0,10630146,1982985333,1996403509,31,31,556310,1535264,3074282,207839,54414549,52725,387801402,297235609,0
1789564771.023974,51.992,5557415,350194,0,111,60,85,72424,573427,21344632,13115816,2225240,61456284,48844956,64771556,0,819068,0,0,2,0,10631175,1982987891,1996406090,31,31,556310,1535254,3074263,204767,54414553,52725,387801402,297235609,0
1789564771.2743163,52.242,5557790,350194,0,111,60,85,72424,573452,21344689,13115812,2225240,61457900,48846572,64771556,0,811036,0,0,2,0,10632289,1982987891,1996406871,31,31,556310,1535285,3074323,202759,54414555,52725,387801402,297235609,0
1789564771.5247006,52.493,5558164,350194,0,111,60,85,72424,573478,21345084,13115812,2225240,61451232,48839904,64771556,0,794492,0,0,2,0,10635718,1982987891,1996408144,31,31,556310,1535128,3074010,198623,54416285,52725,387801402,297235609,0
1789564771.7751262,52.743,5558540,350194,0,111,60,85,72424,573503,21345127,13115812,2225240,61451232,48839904,64771556,0,782360,0,0,2,0,10636311,1982987891,1996408581,31,31,556310,1535128,3074010,195590,54416286,52725,387801402,297235609,0
1789564772.025478,52.993,5558915,350194,0,111,60,85,72424,573528,21345176,13115812,2225240,61450816,48839488,64771556,0,773996,0,0,2,0,10636442,1982987891,1996409488,31,31,556310,1535118,3073989,193499,54416286,52725,387801402,297235609,0
1789564772.2758229,53.244,5559291,350194,0,111,60,85,72425,573553,21345233,13115812,2225240,61451836,48840508,64771556,0,761764,0,0,2,0,10636676,1982987891,1996409626,31,31,556310,1535143,3074040,190441,54416287,52725,387801402,297235609,0
1789564772.526223,53.494,5559637,350194,0,111,60,85,72426,573606,21345647,13115884,2224868,61413716,48802316,64771556,0,753508,0,0,3,0,10637083,1982987891,1996409883,31,31,556217,1534192,3072135,188377,54422020,52725,387801402,297235609,0
1789564772.7767115,53.745,5560005,350194,0,111,60,85,72426,573638,21345976,13115884,2224868,61413716,48802316,64771556,0,733020,0,0,2,0,10637675,1982987891,1996410136,31,31,556217,1534192,3072135,183255,54422219,52725,387801402,297235609,0
1789564773.027146,53.995,5560346,350201,0,111,60,85,72431,573685,21347770,12738752,1968712,61404312,49172472,64771556,0,724828,0,1,1,0,10638304,1983012720,1996435012,31,31,492178,1534017,3071786,181207,54425766,52726,387801514,297235609,0
1789564773.277618,54.245,5560722,350226,0,111,60,85,72431,573685,21347905,12738752,1968712,61405764,49173924,64771556,0,716636,0,1,1,0,10638357,1983260886,1996683509,31,31,492178,1534054,3071859,179159,54425766,52726,387801514,297235609,0
1789564773.528138,54.496,5561097,350251,0,111,60,85,72431,573685,21348098,12738744,1968708,61405252,49173420,64771556,0,704340,0,1,1,0,10638394,1983510931,1996933794,31,31,492177,1534041,3071833,176085,54425769,52726,387801514,297235609,0
1789564773.778541,54.746,5561472,350276,0,111,60,85,72431,573686,21348298,12738744,1968708,61405252,49173420,64771556,0,687956,0,1,1,0,10638422,1983758101,1997181237,31,31,492177,1534041,3071833,171989,54425771,52726,387801514,297235609,0
1789564774.0290062,54.997,5561847,350302,0,111,60,85,72431,573686,21348419,12738744,1968708,61405264,49173420,64771556,0,675660,0,1,1,0,10638454,1984007327,1997430603,31,31,492177,1534041,3071834,168915,54425773,52726,387801514,297235609,0
1789564774.2794068,55.247,5562222,350327,0,111,60,85,72431,573686,21348557,12738744,1968708,61406608,49174760,64771556,0,667468,0,1,1,0,10638488,1984256497,1997680003,31,31,492177,1534075,3071901,166867,54425775,52726,387801514,297235609,0
1789564774.5298316,55.498,5562597,350352,0,111,60,85,72431,573687,21348729,12738744,1968708,61406328,49174480,64771556,0,651084,0,1,1,0,10638511,1984502788,1997926452,31,31,492177,1534068,3071887,162771,54425780,52726,387801514,297235609,0
1789564774.780244,55.748,5562972,350377,0,111,60,85,72431,573687,21348980,12738744,1968708,61406328,49174480,64771556,0,638788,0,1,1,0,10638548,1984751912,1998175830,31,31,492177,1534068,3071887,159697,54425781,52726,387801514,297235609,0
1789564775.030657,55.999,5563347,350402,0,111,60,85,72431,573687,21349342,12738744,1968708,61408016,49176168,64771556,0,630596,0,1,1,0,10638575,1984998838,1998423282,31,31,492177,1534110,3071971,157649,54425818,52726,387801514,297235609,0
1789564775.2811222,56.249,5563722,350427,0,111,60,85,72431,573687,21349400,12738744,1968708,61408016,49176168,64771556,0,618300,0,1,1,0,10638583,1985247209,1998671669,31,31,492177,1534110,3071971,154575,54425819,52726,387801514,297235609,0
1789564775.5315082,56.499,5564097,350452,0,111,60,85,72431,573687,21349474,12738744,1968784,61407764,49175916,64771556,0,601916,0,1,1,0,10638612,1985495419,1998920019,31,31,492196,1534104,3071959,150479,54425821,52726,387801514,297235797,0
1789564775.7818406,56.75,5564469,350478,0,111,60,85,72434,573687,21349759,12738784,1242140,61407856,49175916,64771556,0,1316264,0,1,1,0,10638623,1985718119,1999142733,31,31,310535,1534106,3071963,329066,54425821,52726,387801518,297962441,0
1789564776.0321743,57.0,5564844,350503,0,111,60,85,72434,573687,21349802,12738784,1242140,61407856,49175916,64771556,0,1308072,0,1,1,0,10638636,1985967419,1999392056,31,31,310535,1534106,3071963,327018,54425822,52726,387801518,297962441,0
1789564776.2825394,57.25,5565220,350528,0,111,60,85,72434,573687,21349861,12738784,1242140,61410160,49178220,64771556,0,1292040,0,1,1,0,10638654,1986216686,1999641417,31,31,310535,1534163,3072078,323010,54425822,52726,387801518,297962441,0
1789564776.5329738,57.501,5565595,350553,0,111,60,85,72435,573687,21349929,12678616,1242140,61411064,49239492,64771556,0,1279520,0,1,1,0,10638680,1986462945,1999887791,31,31,310535,1534191,3072133,319880,54425823,52726,387801518,297962441,0
1789564776.7833233,57.751,5565971,350578,0,111,60,85,72435,573687,21349966,12678616,1242140,61411064,49239492,64771556,0,1271456,0,1,1,0,10638697,1986713151,2000138093,31,31,310535,1534191,3072133,317864,54425825,52726,387801518,297962441,0
1789564777.0336475,58.002,5566346,350603,0,111,60,85,72435,573687,21350019,12678616,1242140,61411064,49239492,64771556,0,1259032,0,1,1,0,10638708,1986962425,2000387389,31,31,310535,1534191,3072133,314758,54425826,52726,387801518,297962441,0
1789564777.2839887,58.252,5566721,350628,0,111,60,85,72435,573687,21350092,12678616,1242140,61415056,49243484,64771556,0,1242520,0,1,1,0,10638724,1987210719,2000635731,31,31,310535,1534291,3072333,310630,54425826,52726,387801518,297962441,0
1789564777.534357,58.502,5567096,350653,0,111,60,85,72435,573687,21350190,12678232,1242140,61415520,49244496,64771556,0,1230352,0,1,1,0,10638744,1987460025,2000885072,31,31,310535,1534306,3072364,307588,54425828,52726,387801518,297962441,0
1789564777.784714,58.753,5567472,350678,0,111,60,85,72435,573688,21350229,12678232,1242140,61415268,49244244,64771556,0,1222288,0,1,1,0,10638750,1987709334,2001134390,31,31,310535,1534300,3072352,305572,54425828,52726,387801518,297962441,0
1789564778.0350523,59.003,5567847,350703,0,111,60,85,72435,573688,21350291,12678232,1242140,61415268,49244244,64771556,0,1205712,0,1,1,0,10638768,1987957624,2001382711,31,31,310535,1534300,3072352,301428,54425830,52726,387801518,297962441,0
1789564778.2853837,59.253,5568222,350728,0,111,60,85,72435,573688,21350343,12678232,1242140,61417492,49246468,64771556,0,1193512,0,1,1,0,10638787,1988207852,2001633037,31,31,310535,1534356,3072463,298378,54425830,52726,387801518,297962441,0
1789564778.5357559,59.504,5568597,350754,0,111,60,85,72435,573688,21350384,12678232,1242140,61417492,49246468,64771556,0,1185416,0,1,1,0,10638795,1988457169,2001882366,31,31,310535,1534356,3072463,296354,54425831,52726,387801518,297962441,0
1789564778.7861047,59.754,5568971,350779,0,111,60,85,72435,573689,21350465,12678232,1242140,61415040,49244004,64771556,0,1168832,0,1,1,0,10638810,1988690655,2002115874,31,31,310535,1534294,3072340,292208,54426538,52726,387801518,297962441,0
1789564779.0364711,60.004,5569344,350797,0,111,60,85,72438,573695,21351167,12681180,1244868,61395724,49220536,64771556,0,1160864,0,2,1,0,10639835,1988864351,2002350347,31,31,311217,1533812,3071375,290216,54431539,52745,387805750,297962441,0
1789564779.286917,60.255,5569696,350836,0,111,60,85,72439,573702,21351813,12686848,1244868,61387108,49205880,64771556,0,1140544,0,1,2,0,10641621,1989059922,2002551257,31,31,311217,1533597,3070944,285136,54434724,52783,387811754,297962441,0
1789564779.537296,60.505,5570051,350868,0,111,60,85,72443,573711,21352488,12688512,1244868,61409852,49226740,64771556,0,1132224,0,1,2,0,10642279,1989222589,2002716617,31,31,311217,1534163,3072078,283056,54440912,52788,387813590,297962445,0
1789564779.787751,60.756,5570425,350893,0,111,60,85,72443,573712,21352825,12688576,1246480,61412100,49228920,64771556,0,1123712,0,1,1,0,10642304,1989460041,2002954690,31,31,311620,1534219,3072190,280928,54441372,52788,387813590,297962501,0
1789564780.0381916,61.006,5570800,350918,0,111,60,85,72443,573712,21352874,12688576,1246480,61412100,49228920,64771556,0,1111424,0,1,1,0,10642313,1989709381,2003204044,31,31,311620,1534219,3072190,277856,54441372,52788,387813590,297962501,0
1789564780.2885478,61.256,5571175,350943,0,111,60,85,72443,573712,21352929,12688576,1246480,61413828,49230648,64771556,0,1095040,0,1,1,0,10642325,1989957702,2003452385,31,31,311620,1534262,3072277,273760,54441373,52788,387813590,297962501,0
1789564780.5389347,61.507,5571551,350969,0,111,60,85,72443,573712,21352972,12688576,1246480,61413828,49230648,64771556,0,1082752,0,1,1,0,10642334,1990207038,2003701734,31,31,311620,1534262,3072277,270688,54441374,52788,387813590,297962501,0
1789564780.7892616,61.757,5571923,350994,0,111,60,85,72446,573712,21353063,12688624,519904,61413680,49230424,64771556,0,1801176,0,1,1,0,10642344,1990430519,2003925397,31,31,129976,1534259,3072269,450294,54441379,52788,387813598,298689313,0
1789564781.0395951,62.007,5572298,351019,0,111,60,85,72446,573712,21353138,12688624,519904,61413680,49230424,64771556,0,1784792,0,1,1,0,10642356,1990678834,2004173735,31,31,129976,1534259,3072269,446198,54441379,52788,387813598,298689313,0
1789564781.2899826,62.258,5572673,351044,0,111,60,85,72446,573712,21353206,12688624,519904,61415296,49232040,64771556,0,1772504,0,1,1,0,10642385,1990928998,2004424054,31,31,129976,1534299,3072350,443126,54441380,52788,387813598,298689313,0
1789564781.5403228,62.508,5573049,351069,0,111,60,85,72446,573712,21353305,12688624,519904,61416904,49233648,64771556,0,1764312,0,1,1,0,10642400,1991178283,2004673362,31,31,129976,1534339,3072430,441078,54441380,52788,387813598,298689313,0
1789564781.7906888,62.759,5573424,351095,0,111,60,85,72446,573712,21353350,12688624,519904,61416652,49233396,64771556,0,1752408,0,1,1,0,10642414,1991427573,2004922706,31,31,129976,1534333,3072418,438102,54441382,52788,387813598,298689313,0
1789564782.041037,63.009,5573799,351120,0,111,60,85,72446,573712,21353401,12688624,519904,61417432,49234176,64771556,0,1735640,0,1,1,0,10642420,1991675864,2005171008,31,31,129976,1534352,3072457,433910,54441382,52788,387813598,298689313,0
1789564782.2913578,63.259,5574174,351145,0,111,60,85,72446,573712,21353451,12688624,519904,61417668,49234412,64771556,0,1723608,0,1,1,0,10642428,1991925159,2005420317,31,31,129976,1534358,3072469,430902,54441384,52788,387813598,298689313,0
1789564782.5416915,63.51,5574550,351170,0,111,60,85,72446,573712,21353496,12688624,519904,61417668,49234412,64771556,0,1715416,0,1,1,0,10642434,1992174463,2005669633,31,31,129976,1534358,3072469,428854,54441384,52788,387813598,298689313,0
1789564782.7920473,63.76,5574925,351195,0,111,60,85,72446,573712,21353560,12688624,519904,61417824,49234568,64771556,0,1698904,0,1,1,0,10642442,1992422769,2005917951,31,31,129976,1534362,3072476,424726,54441385,52788,387813598,298689313,0
1789564783.042397,64.01,5575300,351220,0,111,60,85,72446,573712,21353615,12688624,519904,61418068,49234812,64771556,0,1686488,0,1,1,0,10642453,1992672076,2006167276,31,31,129976,1534368,3072489,421622,54441386,52788,387813598,298689313,0
1789564783.292726,64.261,5575675,351246,0,111,60,85,72446,573712,21353658,12688624,519904,61418068,49234812,64771556,0,1678424,0,1,1,0,10642469,1992921383,2006416614,31,31,129976,1534368,3072489,419606,54441387,52788,387813598,298689313,0
1789564783.543085,64.511,5576051,351271,0,111,60,85,72446,573712,21353710,12688624,519904,61417816,49234560,64771556,0,1666040,0,1,1,0,10642477,1993170668,2006665910,31,31,129976,1534362,3072476,416510,54441387,52788,387813598,298689313,0
1789564783.7934103,64.761,5576426,351296,0,111,60,85,72446,573712,21353757,12688624,519904,61417816,49234560,64771556,0,1649624,0,1,1,0,10642486,1993418974,2006914229,31,31,129976,1534362,3072476,412406,54441389,52788,387813598,298689313,0
1789564784.043738,65.012,5576801,351321,0,111,60,85,72446,573712,21353817,12688624,519904,61417816,49234560,64771556,0,1637368,0,1,1,0,10642496,1993667334,2007162602,31,31,129976,1534362,3072476,409342,54441389,52788,387813598,298689313,0
1789564784.2940679,65.262,5577176,351346,0,111,60,85,72446,573712,21353868,12688624,519904,61418056,49234800,64771556,0,1629400,0,1,1,0,10642507,1993916624,2007411915,31,31,129976,1534368,3072488,407350,54441390,52788,387813598,298689313,0
1789564784.5444148,65.512,5577551,351371,0,111,60,85,72446,573712,21353917,12688624,519904,61417804,49234548,64771556,0,1612888,0,1,1,0,10642514,1994164937,2007660239,31,31,129976,1534362,3072475,403222,54441391,52788,387813598,298689313,0
1789564784.7947254,65.763,5577927,351397,0,111,60,85,72446,573712,21353991,12688624,519904,61417804,49234548,64771556,0,1600728,0,1,1,0,10642521,1994414241,2007909553,31,31,129976,1534362,3072475,400182,54441391,52788,387813598,298689313,0
1789564785.0450659,66.013,5578302,351422,0,111,60,85,72446,573712,21354036,12688624,519904,61417804,49234548,64771556,0,1592600,0,1,1,0,10642533,1994663507,2008158841,31,31,129976,1534362,3072475,398150,54441393,52788,387813598,298689313,0
1789564785.295388,66.263,5578677,351447,0,111,60,86,72446,573712,21354099,12688624,519904,61419496,49236240,64771556,0,1579992,0,1,1,0,10642551,1994912827,2008408207,31,31,129976,1534404,3072560,394998,54441393,52788,387813598,298689313,0
1789564785.5457869,66.514,5579052,351472,0,111,60,86,72446,573712,21354203,12688624,519904,61419244,49235988,64771556,0,1563608,0,1,1,0,10642569,1995161145,2008656551,31,31,129976,1534398,3072547,390902,54441394,52788,387813598,298689313,0
1789564785.7961538,66.764,5579426,351497,0,111,60,86,72448,573712,21354272,12688596,186996,61418832,49235572,64771556,0,1884628,0,1,2,0,10642594,1995396267,2008891814,31,31,46547,1534387,3072527,471359,54441396,52788,387813602,299023205,0
1789564786.0464666,67.014,5579800,351522,0,111,60,86,72448,573712,21354330,12688652,6440,61419136,49235816,64771556,0,2056992,0,1,1,0,10642611,1995639840,2009135488,31,31,1610,1534395,3072542,514248,54441397,52788,387813602,299202909,0
1789564786.2967913,67.265,5580176,351547,0,111,60,86,72449,573712,21354381,12688652,6440,61418884,49235564,64771556,0,2040736,0,1,1,0,10642623,1995888172,2009383839,31,31,1610,1534389,3072529,510184,54441398,52788,387813602,299202909,0
1789564786.5471563,67.515,5580551,351572,0,111,60,86,72449,573712,21354424,12688652,6440,61418884,49235564,64771556,0,2028320,0,1,1,0,10642632,1996137469,2009633151,31,31,1610,1534389,3072529,507080,54441401,52788,387813602,299202909,0
1789564786.797484,67.765,5580926,351598,0,111,60,86,72449,573712,21354477,12688652,6440,61418884,49235564,64771556,0,2020384,0,1,1,0,10642640,1996386752,2009882447,31,31,1610,1534389,3072529,505096,54441401,52788,387813602,299202909,0
1789564787.047829,68.016,5581301,351623,0,111,60,86,72449,573712,21354527,12688652,6440,61418884,49235564,64771556,0,2005920,0,1,1,0,10642650,1996636042,2010131755,31,31,1610,1534389,3072529,501480,54441402,52788,387813602,299202909,0
1789564787.2981381,68.266,5581677,351648,0,111,60,86,72449,573712,21354588,12688652,6440,61419116,49235796,64771556,0,1993112,0,1,1,0,10642661,1996886320,2010382051,31,31,1610,1534394,3072541,498278,54441402,52788,387813602,299202909,0
1789564787.5484834,68.516,5582052,351673,0,111,60,86,72449,573712,21354645,12688652,6440,61418864,49235544,64771556,0,1980308,0,1,1,0,10642676,1997135586,2010631349,31,31,1610,1534388,3072528,495077,54441403,52788,387813602,299202909,0
1789564787.7988214,68.767,5582427,351698,0,111,60,86,72449,573712,21354695,12688652,6440,61418864,49235544,64771556,0,1967508,0,1,1,0,10642684,1997385877,2010881653,31,31,1610,1534388,3072528,491877,54441404,52788,387813602,299202909,0
1789564788.0491474,69.017,5582803,351723,0,111,60,86,72449,573712,21354734,12688652,6440,61418864,49235544,64771556,0,1959092,0,1,1,0,10642699,1997636084,2011131949,31,31,1610,1534388,3072528,489773,54441406,52788,387813602,299202909,0
1789564788.2994537,69.267,5583178,351748,0,111,60,86,72449,573712,21354791,12688652,6440,61419100,49235780,64771556,0,1942644,0,1,1,0,10642711,1997884381,2011380266,31,31,1610,1534394,3072540,485661,54441406,52788,387813602,299202909,0
1789564788.5497725,69.518,5583553,351773,0,111,60,86,72449,573713,21354841,12688652,6440,61419100,49235780,64771556,0,1930376,0,1,1,0,10642717,1998133685,2011629579,31,31,1610,1534394,3072540,482594,54441407,52788,387813602,299202909,0
1789564788.8001118,69.768,5583928,351798,0,111,60,86,72449,573713,21354886,12688652,6440,61418848,49235528,64771556,0,1922312,0,1,1,0,10642733,1998383868,2011879857,31,31,1610,1534388,3072528,480578,54441407,52788,387813602,299202909,0
1789564789.0504084,70.018,5584303,351823,0,111,60,86,72449,573713,21354937,12688652,6440,61419096,49235776,64771556,0,1909888,0,1,1,0,10642739,1998633136,2012129135,31,31,1610,1534394,3072540,477472,54441408,52788,387813602,299202909,0
1789564789.3007355,70.269,5584679,351849,0,111,60,86,72449,573713,21355000,12688652,6440,61418844,49235524,64771556,0,1901568,0,1,1,0,10642755,1998881465,2012377500,31,31,1610,1534388,3072527,475392,54441410,52788,387813602,299202909,0
1789564789.5511026,70.519,5585054,351874,0,111,60,86,72449,573713,21355116,12688664,6464,61421160,49237832,64771556,0,1880680,0,1,1,0,10642772,1999130750,2012626812,31,31,1616,1534445,3072643,470170,54441410,52788,387813602,299202909,0
1789564789.8014326,70.769,5585429,351899,0,111,60,86,72449,573713,21355166,12688664,6464,61421160,49237832,64771556,0,1872488,0,1,1,0,10642781,1999380022,2012876098,31,31,1616,1534445,3072643,468122,54441411,52788,387813602,299202909,0
1789564790.0517523,71.02,5585804,351924,0,111,60,86,72449,573713,21355210,12688664,6464,61421160,49237832,64771556,0,1864296,0,2,1,0,10642790,1999629328,2013125419,31,31,1616,1534445,3072643,466074,54441411,52788,387813602,299202909,0
1789564790.302083,71.27,5586179,351949,0,111,60,86,72449,573713,21355310,12688664,6464,61421644,49238316,64771556,0,1852000,0,1,1,0,10642808,1999878522,2013374712,31,31,1616,1534458,3072667,463000,54441419,52788,387813602,299202909,0
1789564790.552409,71.52,5586555,351974,0,111,60,86,72449,573713,21355369,12672516,6464,61420244,49252212,64771556,0,1835616,0,1,1,0,10642825,2000126900,2013623108,31,31,1616,1534423,3072597,458904,54441420,52788,387813602,299202909,0
1789564790.802756,71.771,5586930,351999,0,111,60,86,72449,573713,21355429,12660376,6464,61426988,49271948,64771556,0,1823312,0,1,1,0,10642841,2000374424,2013870647,31,31,1616,1534591,3072934,455828,54441422,52788,387813602,299202909,0
1789564791.053084,72.021,5587305,352024,0,111,60,86,72449,573713,21355513,12660376,5016,61427480,49272440,64771556,0,1815136,0,1,1,0,10642849,2000621746,2014117981,31,31,1254,1534603,3072959,453784,54441422,52788,387813602,299204541,0
1789564791.3034182,72.271,5587680,352050,0,111,60,86,72449,573713,21355585,12660376,5016,61427228,49272188,64771556,0,1794784,0,1,1,0,10642859,2000869116,2014365370,31,31,1254,1534597,3072946,448696,54441423,52788,387813602,299204541,0
1789564791.5537803,72.522,5588055,352075,0,111,60,86,72449,573713,21355634,12660376,5016,61427228,49272188,64771556,0,1786720,0,1,1,0,10642867,2001118410,2014614680,31,31,1254,1534597,3072946,446680,54441424,52788,387813602,299204541,0
1789564791.8041098,72.772,5588430,352100,0,111,60,86,72449,573713,21355673,12660376,5016,61427228,49272188,64771556,0,1778400,0,1,1,0,10642875,2001367683,2014863965,31,31,1254,1534597,3072946,444600,54441425,52788,387813602,299204541,0
1789564792.054424,73.022,5588806,352125,0,111,60,86,72449,573713,21355724,12660376,4612,61427460,49272420,64771556,0,1766488,0,1,1,0,10642881,2001616965,2015113257,31,31,1153,1534603,3072958,441622,54441427,52788,387813602,299205149,0
1789564792.3047383,73.273,5589181,352150,0,111,60,86,72449,573713,21355793,12660376,4612,61427208,49272168,64771556,0,1749720,0,1,1,0,10642899,2001865199,2015361602,31,31,1153,1534596,3072945,437430,54441428,52788,387813602,299205149,0
1789564792.5550807,73.523,5589556,352175,0,111,60,86,72449,573713,21355838,12660376,4612,61427208,49272168,64771556,0,1737552,0,1,1,0,10642906,2002114480,2015610896,31,31,1153,1534596,3072945,434388,54441428,52788,387813602,299205149,0
1789564792.805398,73.773,5589931,352201,0,111,60,86,72449,573713,21355879,12660376,4612,61427208,49272168,64771556,0,1729404,0,1,1,0,10642914,2002363761,2015860188,31,31,1153,1534596,3072945,432351,54441429,52788,387813602,299205149,0
1789564793.0557244,74.024,5590306,352226,0,111,60,86,72449,573713,21355930,12660376,4612,61427208,49272168,64771556,0,1713200,0,1,1,0,10642923,2002612088,2016108533,31,31,1153,1534596,3072945,428300,54441429,52788,387813602,299205149,0
1789564793.3060913,74.274,5590682,352251,0,111,60,86,72449,573713,21355987,12660376,4612,61427448,49272408,64771556,0,1700720,0,1,1,0,10642942,2002861385,2016357879,31,31,1153,1534602,3072957,425180,54441432,52788,387813602,299205149,0
1789564793.5564468,74.524,5591057,352276,0,111,60,86,72449,573713,21356087,12659992,4348,61428384,49273708,64771556,0,1692232,0,1,1,0,10642961,2003110660,2016607188,31,31,1087,1534627,3073007,423058,54441432,52788,387813602,299205149,0
1789564793.806779,74.775,5591432,352301,0,111,60,86,72450,573713,21356130,12659992,4348,61428384,49273708,64771556,0,1679928,0,1,1,0,10642966,2003360966,2016857503,31,31,1087,1534627,3073007,419982,54441432,52788,387813602,299205149,0
1789564794.0571198,75.025,5591807,352326,0,111,60,86,72450,573713,21356192,12659992,4348,61428624,49273948,64771556,0,1663544,0,1,1,0,10642976,2003609278,2017105831,31,31,1087,1534633,3073019,415886,54441433,52788,387813602,299205149,0
1789564794.3074503,75.275,5592183,352351,0,111,60,86,72450,573713,21356237,12659992,4348,61428624,49273948,64771556,0,1651256,0,1,1,0,10642984,2003858585,2017355152,31,31,1087,1534633,3073019,412814,54441433,52788,387813602,299205149,0
1789564794.557829,75.526,5592558,352377,0,111,60,86,72450,573713,21356281,12659992,4348,61428372,49273696,64771556,0,1643064,0,1,1,0,10642994,2004107896,2017604478,31,31,1087,1534627,3073006,410766,54441435,52788,387813602,299205149,0
1789564794.808151,75.776,5592933,352402,0,111,60,86,72450,573713,21356336,12659992,4348,61428372,49273696,64771556,0,1626680,0,1,1,0,10643005,2004356187,2017852786,31,31,1087,1534627,3073006,406670,54441436,52788,387813602,299205149,0
1789564795.0584755,76.026,5593308,352427,0,111,60,86,72450,573713,21356385,12659992,4348,61428372,49273696,64771556,0,1618472,0,1,1,0,10643014,2004605490,2018102108,31,31,1087,1534627,3073006,404618,54441437,52788,387813602,299205149,0
1789564795.3088307,76.277,5593683,352452,0,111,60,86,72450,573713,21356459,12659992,4348,61428608,49273932,64771556,0,1602344,0,1,1,0,10643027,2004853824,2018350466,31,31,1087,1534633,3073018,400586,54441437,52788,387813602,299205149,0
1789564795.559205,76.527,5594059,352477,0,111,60,86,72450,573713,21356504,12659992,4348,61428356,49273680,64771556,0,1589832,0,1,1,0,10643036,2005103106,2018599766,31,31,1087,1534626,3073005,397458,54441438,52788,387813602,299205149,0
1789564795.8095179,76.777,5594434,352502,0,111,60,86,72450,573713,21356548,12659992,4348,61428356,49273680,64771556,0,1581608,0,1,1,0,10643042,2005352396,2018849066,31,31,1087,1534626,3073005,395402,54441438,52788,387813602,299205149,0
1789564796.0598624,77.028,5594809,352528,0,111,60,86,72450,573713,21356611,12659980,4348,61428596,49273920,64771556,0,1565480,0,1,1,0,10643050,2005600712,2019097394,31,31,1087,1534632,3073017,391370,54441441,52788,387813602,299205229,0
1789564796.3101766,77.278,5595184,352553,0,111,60,86,72450,573713,21356656,12659980,4348,61428344,49273668,64771556,0,1553384,0,1,1,0,10643058,2005850006,2019346701,31,31,1087,1534626,3073005,388346,54441441,52788,387813602,299205229,0
1789564796.5605242,77.528,5595560,352578,0,111,60,86,72450,573713,21356693,12659980,4348,61428344,49273668,64771556,0,1545104,0,1,1,0,10643064,2006099304,2019596010,31,31,1087,1534626,3073005,386276,54441443,52788,387813602,299205229,0
1789564796.8108509,77.779,5595935,352603,0,111,60,86,72450,573713,21356738,12659980,4348,61428344,49273668,64771556,0,1532776,0,1,1,0,10643070,2006348580,2019845294,31,31,1087,1534626,3073005,383194,54441443,52788,387813602,299205229,0
1789564797.061163,78.029,5596310,352628,0,111,60,86,72450,573713,21356807,12659980,4348,61428616,49273940,64771556,0,1516584,0,1,1,0,10643081,2006596894,2020093626,31,31,1087,1534633,3073018,379146,54441444,52788,387813602,299205229,0
1789564797.3115134,78.279,5596685,352653,0,111,60,86,72450,573713,21356868,12656268,4348,61427240,49276248,64771556,0,1504104,0,1,1,0,10643101,2006845950,2020342723,31,31,1087,1534598,3072949,376026,54441444,52788,387813602,299205229,0
1789564797.561871,78.53,5597060,352678,0,111,60,86,72450,573713,21356969,12647704,4416,61428280,49285124,64771556,0,1495592,0,1,1,0,10643117,2007094777,2020591574,31,31,1104,1534626,3073004,373898,54441446,52788,387813602,299205229,0
1789564797.8122025,78.78,5597436,352704,0,111,60,86,72450,573713,21357036,12631320,4416,61428448,49301632,64771556,0,1479208,0,1,1,0,10643139,2007342165,2020838979,31,31,1104,1534635,3073023,369802,54441446,52788,387813602,299205229,0
1789564798.0625129,79.03,5597811,352729,0,111,60,86,72450,573713,21357079,12631320,4416,61428448,49301632,64771556,0,1466920,0,1,1,0,10643147,2007591430,2021088262,31,31,1104,1534635,3073023,366730,54441447,52788,387813602,299205229,0
1789564798.312829,79.281,5598186,352754,0,111,60,86,72450,573713,21357123,12631320,4416,61428648,49301832,64771556,0,1458728,0,1,1,0,10643155,2007840718,2021337564,31,31,1104,1534640,3073033,364682,54441448,52788,387813602,299205229,0
1789564798.5631511,79.531,5598561,352779,0,111,60,86,72450,573713,21357178,12631320,4416,61428648,49301832,64771556,0,1446440,0,1,1,0,10643171,2008089937,2021586862,31,31,1104,1534640,3073033,361610,54441448,52788,387813602,299205229,0
1789564798.8134642,79.781,5598936,352804,0,111,60,86,72450,573713,21357233,12631320,4416,61428648,49301832,64771556,0,1430056,0,1,1,0,10643179,2008338231,2021835170,31,31,1104,1534640,3073033,357514,54441449,52788,387813602,299205229,0
1789564799.0637755,80.032,5599312,352829,0,111,60,86,72450,573713,21357282,12631320,4416,61428648,49301832,64771556,0,1417876,0,1,1,0,10643202,2008588417,2022085468,31,31,1104,1534640,3073033,354469,54441450,52788,387813602,299205229,0
1789564799.314107,80.282,5599687,352854,0,111,60,86,72450,573713,21357327,12631320,4416,61428648,49301832,64771556,0,1409808,0,1,1,0,10643215,2008838614,2022335755,31,31,1104,1534640,3073033,352452,54441451,52788,387813602,299205229,0
1789564799.5644279,80.532,5600062,352879,0,111,60,86,72450,573713,21357389,12631320,4416,61428648,49301832,64771556,0,1389480,0,1,1,0,10643224,2009086901,2022584059,31,31,1104,1534640,3073033,347370,54441452,52788,387813602,299205229,0
1789564799.8147469,80.783,5600437,352905,0,111,60,86,72450,573713,21357456,12631320,4416,61428648,49301832,64771556,0,1381520,0,1,1,0,10643233,2009336198,2022833371,31,31,1104,1534640,3073033,345380,54441454,52788,387813602,299205229,0
1789564800.0650647,81.033,5600812,352930,0,111,60,86,72450,573713,21357495,12631320,4416,61428648,49301832,64771556,0,1373096,0,1,1,0,10643242,2009585463,2023082648,31,31,1104,1534640,3073033,343274,54441454,52788,387813602,299205229,0
1789564800.3153667,81.283,5601188,352955,0,111,60,86,72450,573713,21357545,12631320,4416,61428648,49301832,64771556,0,1360904,0,1,1,0,10643251,2009834732,2023331932,31,31,1104,1534640,3073033,340226,54441456,52788,387813602,299205229,0
1789564800.565676,81.534,5601563,352980,0,111,60,86,72450,573713,21357594,12631320,4416,61428648,49301832,64771556,0,1344424,0,1,1,0,10643261,2010083040,2023580255,31,31,1104,1534640,3073033,336106,54441456,52788,387813602,299205229,0
1789564800.8160238,81.784,5601938,353005,0,111,60,86,72450,573713,21357642,12631320,4416,61428648,49301832,64771556,0,1332232,0,1,1,0,10643269,2010332301,2023829529,31,31,1104,1534640,3073033,333058,54441457,52788,387813602,299205229,0
1789564801.0663292,82.034,5602313,353030,0,111,60,86,72450,573713,21357689,12631320,4416,61428648,49301832,64771556,0,1324168,0,1,1,0,10643286,2010581545,2024078817,31,31,1104,1534640,3073033,331042,54441458,52788,387813602,299205229,0
1789564801.3166256,82.285,5602688,353056,0,111,60,86,72450,573713,21357769,12631320,4420,61428648,49301832,64771556,0,1308040,0,1,1,0,10643296,2010829836,2024327126,31,31,1105,1534640,3073033,327010,54441459,52788,387813602,299205285,0
1789564801.5669715,82.535,5603064,353081,0,111,60,86,72450,573713,21357862,12631320,4420,61428828,49302012,64771556,0,1294888,0,1,1,0,10643313,2011079118,2024576434,31,31,1105,1534645,3073042,323722,54441459,52788,387813602,299205285,0
1789564801.817298,82.785,5603439,353106,0,111,60,86,72450,573713,21357903,12631320,4420,61428828,49302012,64771556,0,1286696,0,1,1,0,10643323,2011328388,2024825719,31,31,1105,1534645,3073042,321674,54441461,52788,387813602,299205285,0
1789564802.067606,83.035,5603814,353131,0,111,60,86,72450,573713,21357954,12631320,4420,61428828,49302012,64771556,0,1272104,0,1,1,0,10643329,2011577671,2025075013,31,31,1105,1534645,3073042,318026,54441461,52788,387813602,299205285,0
1789564802.31795,83.286,5604189,353156,0,111,60,86,72450,573713,21358010,12628504,4420,61429484,49306636,64771556,0,1259304,0,1,1,0,10643345,2011827483,2025324846,31,31,1105,1534661,3073075,314826,54441463,52788,387813602,299205285,0
1789564802.5682724,83.536,5604564,353181,0,111,60,86,72450,573713,21358063,12628504,4420,61429484,49306636,64771556,0,1243296,0,1,1,0,10643363,2012077673,2025575124,31,31,1105,1534661,3073075,310824,54441463,52788,387813602,299205285,0
1789564802.8185751,83.786,5604940,353206,0,111,60,86,72450,573713,21358100,12628504,4420,61429484,49306636,64771556,0,1240096,0,1,1,0,10643371,2012327933,2025825397,31,31,1105,1534661,3073075,310024,54441463,52788,387813602,299205285,0
1789564803.0689068,84.037,5605315,353231,0,111,60,86,72451,573714,21358165,12628504,4420,61429740,49306892,64771556,0,1223712,0,1,1,0,10643380,2012576245,2026073725,31,31,1105,1534668,3073088,305928,54441465,52788,387813602,299205285,0
1789564803.3192124,84.287,5605690,353256,0,111,60,86,72451,573714,21358228,12628504,4420,61429740,49306892,64771556,0,1211488,0,1,1,0,10643386,2012825526,2026323016,31,31,1105,1534668,3073088,302872,54441465,52788,387813602,299205285,0
1789564803.5695426,84.537,5606065,353281,0,111,60,86,72451,573714,21358269,12628504,4420,61429740,49306892,64771556,0,1203232,0,1,1,0,10643393,2013074818,2026572322,31,31,1105,1534668,3073088,300808,54441467,52788,387813602,299205285,0
1789564803.819853,84.788,5606440,353307,0,111,60,86,72451,573714,21358322,12628504,4420,61429740,49306892,64771556,0,1186976,0,1,1,0,10643401,2013323101,2026820615,31,31,1105,1534668,3073088,296744,54441467,52788,387813602,299205285,0
1789564804.0701635,85.038,5606816,353332,0,111,60,86,72451,573714,21358374,12628504,4420,61429740,49306892,64771556,0,1174704,0,1,1,0,10643411,2013572371,2027069902,31,31,1105,1534668,3073088,293676,54441468,52788,387813602,299205285,0
1789564804.3204603,85.288,5607191,353357,0,111,60,86,72451,573714,21358415,12628504,4420,61429740,49306892,64771556,0,1166352,0,1,1,0,10643417,2013821643,2027319187,31,31,1105,1534668,3073088,291588,54441468,52788,387813602,299205285,0
1789564804.5707724,85.539,5607566,353382,0,111,60,86,72451,573714,21358461,12628504,4420,61429740,49306892,64771556,0,1154064,0,1,1,0,10643427,2014070928,2027568489,31,31,1105,1534668,3073088,288516,54441470,52788,387813602,299205285,0
1789564804.8211079,85.789,5607941,353407,0,111,60,86,72451,573714,21358520,12628504,4420,61429740,49306892,64771556,0,1138064,0,1,1,0,10643433,2014319220,2027816790,31,31,1105,1534668,3073088,284516,54441471,52788,387813602,299205285,0
1789564805.0714123,86.039,5608316,353432,0,111,60,86,72451,573714,21358588,12628504,4420,61429740,49306892,64771556,0,1125904,0,1,1,0,10643454,2014567476,2028065093,31,31,1105,1534668,3073088,281476,54441472,52788,387813602,299205285,0
1789564805.321711,86.29,5608692,353458,0,111,60,86,72451,573714,21358635,12628504,4420,61429740,49306892,64771556,0,1117696,0,1,1,0,10643461,2014816773,2028314406,31,31,1105,1534668,3073088,279424,54441472,52788,387813602,299205285,0
1789564805.57205,86.54,5609066,353483,0,111,60,86,72451,573714,21358778,12628120,4420,61429412,49307028,64771556,0,1096704,0,1,1,0,10643480,2015065052,2028562719,31,31,1105,1534661,3073076,274176,54441473,52788,387813602,299205285,0
1789564805.8223665,86.79,5609442,353508,0,111,60,86,72451,573714,21358820,12628120,4420,61429412,49307028,64771556,0,1088512,0,1,1,0,10643488,2015314328,2028812005,31,31,1105,1534661,3073076,272128,54441474,52788,387813602,299205285,0
1789564806.072677,87.041,5609817,353533,0,111,60,86,72451,573714,21358859,12628120,4420,61429412,49307028,64771556,0,1080320,0,1,1,0,10643494,2015563645,2029061334,31,31,1105,1534661,3073076,270080,54441475,52788,387813602,299205285,0
1789564806.3230321,87.291,5610192,353558,0,111,60,86,72451,573714,21358910,12628120,4420,61429172,49306788,64771556,0,1068016,0,1,1,0,10643510,2015812878,2029310635,31,31,1105,1534655,3073064,267004,54441476,52788,387813602,299205285,0
1789564806.5733483,87.541,5610567,353583,0,111,60,86,72451,573714,21358967,12628108,4420,61429172,49306788,64771556,0,1051888,0,1,1,0,10643521,2016061175,2029558951,31,31,1105,1534655,3073064,262972,54441477,52788,387813602,299205409,0
1789564806.8236854,87.792,5610943,353609,0,111,60,86,72451,573714,21359023,12628108,4420,61429172,49306788,64771556,0,1039344,0,1,1,0,10643527,2016310486,2029808272,31,31,1105,1534655,3073064,259836,54441477,52788,387813602,299205409,0
1789564807.074008,88.042,5611318,353634,0,111,60,86,72451,573714,21359071,12628108,4420,61429392,49307008,64771556,0,1031312,0,1,1,0,10643540,2016560674,2030058551,31,31,1105,1534661,3073075,257828,54441477,52788,387813602,299205409,0
1789564807.3243196,88.292,5611693,353659,0,111,60,86,72451,573714,21359130,12628108,4420,61429140,49306756,64771556,0,1014768,0,1,1,0,10643552,2016808965,2030306865,31,31,1105,1534655,3073062,253692,54441479,52788,387813602,299205409,0
1789564807.5746624,88.543,5612068,353684,0,111,60,86,72451,573714,21359177,12628108,4420,61429140,49306756,64771556,0,1002624,0,1,1,0,10643560,2017058256,2030556169,31,31,1105,1534655,3073062,250656,54441480,52788,387813602,299205409,0
1789564807.8249922,88.793,5612444,353709,0,111,60,86,72451,573714,21359216,12628108,4420,61429140,49306756,64771556,0,994528,0,1,1,0,10643566,2017307526,2030805448,31,31,1105,1534655,3073062,248632,54441481,52788,387813602,299205409,0
1789564808.0752914,89.043,5612819,353734,0,111,60,86,72451,573714,21359261,12628108,4420,61429376,49306992,64771556,0,982048,0,1,1,0,10643577,2017556752,2031054727,31,31,1105,1534661,3073074,245512,54441481,52788,387813602,299205409,0
1789564808.3256018,89.293,5613194,353759,0,111,60,86,72451,573714,21359315,12628108,4420,61429124,49306740,64771556,0,965856,0,1,1,0,10643583,2017805037,2031303022,31,31,1105,1534654,3073061,241464,54441482,52788,387813602,299205409,0
1789564808.5759408,89.544,5613569,353784,0,111,60,86,72451,573714,21359368,12628108,4420,61429124,49306740,64771556,0,953696,0,1,1,0,10643602,2018055257,2031553339,31,31,1105,1534654,3073061,238424,54441484,52788,387813602,299205409,0
1789564808.826251,89.794,5613944,353810,0,111,60,86,72451,573714,21359411,12628108,4420,61429124,49306740,64771556,0,945264,0,1,1,0,10643611,2018304515,2031802611,31,31,1105,1534654,3073061,236316,54441485,52788,387813602,299205409,0
1789564809.0765438,90.044,5614320,353835,0,111,60,86,72451,573714,21359470,12628108,4420,61429124,49306740,64771556,0,928720,0,1,1,0,10643631,2018552761,2032050910,31,31,1105,1534654,3073061,232180,54441485,52788,387813602,299205409,0
1789564809.3268461,90.295,5614695,353860,0,111,60,86,72451,573714,21359520,12628108,4420,61429356,49306972,64771556,0,916432,0,1,1,0,10643641,2018802026,2032300193,31,31,1105,1534660,3073073,229108,54441486,52788,387813602,299205409,0
1789564809.5771596,90.545,5615070,353885,0,111,60,86,72451,573714,21359611,12628120,4484,61430740,49308356,64771556,0,908240,0,1,1,0,10643664,2019051279,2032549484,31,31,1121,1534695,3073142,227060,54441486,52788,387813602,299205409,0
1789564809.8275008,90.795,5615445,353910,0,111,60,86,72451,573714,21359674,12628120,4484,61430488,49308104,64771556,0,891840,0,1,1,0,10643672,2019299600,2032797819,31,31,1121,1534688,3073129,222960,54441488,52788,387813602,299205409,0
1789564810.0778253,91.046,5615818,353937,0,111,60,86,72451,573715,21359843,12628120,200,61430992,49308596,64771556,0,884040,0,1,1,0,10643706,2019534134,2033032463,31,31,50,1534701,3073155,221010,54442167,52788,387813602,299209753,0
1789564810.3281736,91.296,5616184,353963,0,111,60,86,72456,573719,21360895,12628692,4388,61422768,49299704,64771556,0,867260,0,1,1,0,10643901,2019726450,2033228251,31,31,1097,1534496,3072744,216815,54449444,52801,387814518,299209753,0
1789564810.5785975,91.546,5616559,353988,0,111,60,86,72456,573719,21360951,12628692,4340,61422768,49299704,64771556,0,854976,0,1,1,0,10643901,2019975797,2033477598,31,31,1085,1534496,3072744,213744,54449444,52801,387814518,299209785,0
1789564810.828976,91.797,5616934,354013,0,111,60,86,72456,573719,21360992,12628692,4340,61422768,49299704,64771556,0,846912,0,1,1,0,10643901,2020225134,2033726935,31,31,1085,1534496,3072744,211728,54449445,52801,387814518,299209785,0
1789564811.0793104,92.047,5617309,354038,0,111,60,86,72456,573719,21361045,12628692,4340,61422940,49299876,64771556,0,834560,0,1,1,0,10643901,2020474425,2033976226,31,31,1085,1534500,3072752,208640,54449445,52801,387814518,299209785,0
1789564811.329626,92.298,5617685,354064,0,111,60,86,72456,573719,21361100,12628692,4340,61423512,49300448,64771556,0,818112,0,1,1,0,10643902,2020722801,2034224602,31,31,1085,1534514,3072781,204528,54449447,52801,387814518,299209785,0
1789564811.580014,92.548,5618060,354089,0,111,60,86,72456,573719,21361168,12628680,4340,61423764,49300700,64771556,0,805932,0,1,1,0,10643902,2020972106,2034473907,31,31,1085,1534520,3072793,201483,54449448,52801,387814518,299209845,0
1789564811.830337,92.798,5618435,354114,0,111,60,86,72456,573719,21361212,12628680,4340,61423764,49300700,64771556,0,797888,0,1,1,0,10643902,2021221403,2034723204,31,31,1085,1534520,3072793,199472,54449450,52801,387814518,299209845,0
1789564812.0806482,93.049,5618810,354139,0,111,60,86,72456,573719,21361263,12628680,4340,61424736,49301672,64771556,0,781632,0,1,1,0,10643902,2021469695,2034971496,31,31,1085,1534545,3072842,195408,54449450,52801,387814518,299209845,0
1789564812.3309753,93.299,5619185,354164,0,111,60,86,72456,573719,21361326,12628680,4340,61425112,49302048,64771556,0,769152,0,1,1,0,10643903,2021718991,2035220792,31,31,1085,1534554,3072861,192288,54449450,52801,387814518,299209845,0
1789564812.581311,93.549,5619561,354189,0,111,60,86,72456,573719,21361369,12628680,4340,61425112,49302048,64771556,0,760864,0,1,1,0,10643903,2021968292,2035470093,31,31,1085,1534554,3072861,190216,54449452,52801,387814518,299209845,0
1789564812.831628,93.8,5619936,354214,0,111,60,86,72456,573719,21361414,12628680,4340,61425112,49302048,64771556,0,748544,0,1,1,0,10643903,2022217584,2035719385,31,31,1085,1534554,3072861,187136,54449454,52801,387814518,299209845,0
1789564813.081965,94.05,5620311,354240,0,111,60,86,72456,573719,21361484,12628680,4340,61425112,49302048,64771556,0,732096,0,1,1,0,10643913,2022465869,2035967707,31,31,1085,1534554,3072861,183024,54449455,52801,387814518,299209845,0
1789564813.332265,94.3,5620686,354265,0,111,60,86,72456,573719,21361554,12628680,4340,61425472,49302408,64771556,0,720192,0,1,1,0,10643913,2022714185,2036216023,31,31,1085,1534563,3072879,180048,54449455,52801,387814518,299209845,0
1789564813.582595,94.55,5621061,354290,0,111,60,86,72456,573719,21361653,12629012,4348,61426100,49302700,64771556,0,711616,0,1,1,0,10643924,2022963458,2036465311,31,31,1087,1534578,3072909,177904,54449456,52801,387814518,299209845,0
1789564813.8329484,94.801,5621436,354315,0,111,60,86,72456,573719,21361716,12629012,4348,61426100,49302700,64771556,0,691136,0,1,1,0,10643924,2023210825,2036712679,31,31,1087,1534578,3072909,172784,54449457,52801,387814518,299209845,0
1789564814.08326,95.051,5621811,354340,0,111,60,86,72456,573719,21361773,12629012,4348,61426308,49302908,64771556,0,682944,0,1,1,0,10643925,2023460116,2036961970,31,31,1087,1534584,3072920,170736,54449460,52801,387814518,299209845,0
1789564814.3335693,95.301,5622187,354366,0,111,60,86,72456,573719,21361825,12629012,4348,61427944,49304544,64771556,0,674752,0,1,1,0,10643925,2023709408,2037211262,31,31,1087,1534624,3073001,168688,54449461,52801,387814518,299209845,0
1789564814.5839174,95.552,5622562,354391,0,111,60,86,72456,573719,21361877,12629012,4348,61427944,49304544,64771556,0,662464,0,1,1,0,10643925,2023958718,2037460572,31,31,1087,1534624,3073001,165616,54449462,52801,387814518,299209845,0
1789564814.8342228,95.802,5622937,354416,0,111,60,86,72456,573719,21361922,12629012,4348,61427944,49304544,64771556,0,654272,0,1,1,0,10643925,2024207990,2037709844,31,31,1087,1534624,3073001,163568,54449462,52801,387814518,299209845,0
1789564815.084532,96.052,5623312,354441,0,111,60,86,72456,573719,21361983,12629012,4348,61429184,49305784,64771556,0,637888,0,1,1,0,10643926,2024456304,2037958158,31,31,1087,1534655,3073063,159472,54449464,52801,387814518,299209845,0
1789564815.3348274,96.303,5623687,354466,0,111,60,86,72456,573719,21362030,12629012,4348,61429184,49305784,64771556,0,625824,0,1,1,0,10643926,2024705579,2038207433,31,31,1087,1534655,3073063,156456,54449464,52801,387814518,299209845,0
1789564815.5851345,96.553,5624063,354491,0,111,60,86,72456,573719,21362082,12629012,4348,61429184,49305784,64771556,0,617408,0,1,1,0,10643926,2024954874,2038456728,31,31,1087,1534655,3073063,154352,54449466,52801,387814518,299209845,0
1789564815.8354497,96.803,5624438,354516,0,111,60,86,72456,573719,21362127,12629012,4348,61429184,49305784,64771556,0,605376,0,1,1,0,10643927,2025204167,2038706022,31,31,1087,1534655,3073063,151344,54449466,52801,387814518,299209845,0
1789564816.0857687,97.054,5624813,354542,0,111,60,86,72456,573719,21362185,12629012,4348,61429184,49305784,64771556,0,588832,0,1,1,0,10643927,2025452515,2038954370,31,31,1087,1534655,3073063,147208,54449467,52801,387814518,299209845,0
1789564816.3361197,97.304,5625188,354567,0,111,60,86,72456,573719,21362234,12629012,4348,61430272,49306872,64771556,0,576704,0,1,1,0,10643927,2025701814,2039203669,31,31,1087,1534683,3073118,144176,54449468,52801,387814518,299209845,0
1789564816.586433,97.554,5625563,354592,0,111,60,86,72456,573719,21362287,12629012,4348,61430272,49306872,64771556,0,568248,0,1,1,0,10643927,2025951113,2039452967,31,31,1087,1534683,3073118,142062,54449470,52801,387814518,299209853,0
1789564816.8367481,97.805,5625938,354617,0,111,60,86,72456,573719,21362360,12629012,4348,61430272,49306872,64771556,0,545592,0,1,1,0,10643928,2026199432,2039701286,31,31,1087,1534683,3073118,136398,54449470,52801,387814518,299209909,0
1789564817.0870755,98.055,5626314,354642,0,111,60,86,72456,573719,21362420,12629012,4348,61429860,49306460,64771556,0,536248,0,1,1,0,10643939,2026449688,2039951571,31,31,1087,1534672,3073097,134062,54449471,52801,387814518,299209909,0
1789564817.337391,98.305,5626689,354667,0,111,60,86,72456,573719,21362470,12629012,4348,61429892,49306492,64771556,0,526648,0,1,1,0,10643939,2026699978,2040201861,31,31,1087,1534673,3073099,131662,54449472,52801,387814518,299209909,0
1789564817.587727,98.556,5627064,354692,0,111,60,86,72457,573719,21362568,12629012,4344,61430260,49306860,64771556,0,513480,0,1,1,0,10643945,2026950302,2040452193,31,31,1086,1534682,3073117,128370,54449472,52801,387814518,299209909,0
1789564817.8380902,98.806,5627439,354718,0,111,60,86,72457,573719,21362622,12629012,4344,61430008,49306608,64771556,0,505288,0,1,1,0,10643946,2027199607,2040701499,31,31,1086,1534676,3073105,126322,54449474,52801,387814518,299209909,0
1789564818.088405,99.056,5627815,354743,0,111,60,86,72457,573719,21362678,12629012,4344,61430008,49306608,64771556,0,488904,0,1,1,0,10643946,2027447912,2040949804,31,31,1086,1534676,3073105,122226,54449474,52801,387814518,299209909,0
1789564818.338712,99.307,5628190,354768,0,111,60,86,72457,573719,21362731,12620948,4344,61428728,49312944,64771556,0,476616,0,1,1,0,10643952,2027696757,2041198648,31,31,1086,1534644,3073041,119154,54449476,52801,387814518,299209909,0
1789564818.5890434,99.557,5628565,354793,0,111,60,86,72457,573719,21362826,12612852,4348,61427088,49318952,64771556,0,468424,0,1,1,0,10643967,2027945465,2041447541,31,31,1087,1534603,3072959,117106,54449480,52801,387814518,299209909,0
1789564818.8394089,99.807,5628940,354818,0,111,60,86,72457,573719,21362881,12604436,4348,61425392,49325992,64771556,0,452024,0,1,1,0,10643972,2028193333,2041695408,31,31,1087,1534561,3072874,113006,54449481,52801,387814518,299209909,0
1789564819.0897462,100.058,5629315,354843,0,111,60,86,72457,573719,21362926,12604436,4348,61425392,49325992,64771556,0,443832,0,1,2,0,10643972,2028442670,2041944745,31,31,1087,1534561,3072874,110958,54449482,52801,387814518,299209909,0
1789564819.3400881,100.308,5629690,354869,0,111,60,86,72457,573719,21363003,12604436,4348,61425972,49326572,64771556,0,427516,0,1,1,0,10643973,2028690981,2042193056,31,31,1087,1534575,3072903,106879,54449483,52801,387814518,299209909,0
1789564819.5904124,100.558,5630066,354894,0,111,60,86,72457,573719,21363046,12604436,4348,61425972,49326572,64771556,0,419364,0,1,1,0,10643973,2028940305,2042442380,31,31,1087,1534575,3072903,104841,54449484,52801,387814518,299209909,0
1789564819.8407552,100.809,5630441,354919,0,111,60,86,72457,573719,21363105,12604436,4348,61425720,49326320,64771556,0,403220,0,1,1,0,10643973,2029188620,2042690696,31,31,1087,1534569,3072890,100805,54449486,52801,387814518,299209909,0
1789564820.0910783,101.059,5630816,354944,0,111,60,86,72457,573719,21363148,12604436,4348,61425960,49326560,64771556,0,394868,0,1,1,0,10643974,2029437918,2042939993,31,31,1087,1534575,3072902,98717,54449486,52801,387814518,299209909,0
1789564820.3413985,101.309,5631191,354969,0,111,60,86,72457,573719,21363201,12604436,4348,61425960,49326560,64771556,0,378516,0,1,1,0,10643974,2029686242,2043188318,31,31,1087,1534575,3072902,94629,54449487,52801,387814518,299209909,0
1789564820.5917377,101.56,5631567,354994,0,111,60,86,72457,573719,21363245,12604436,4348,61425708,49326308,64771556,0,370196,0,1,1,0,10643974,2029935580,2043437655,31,31,1087,1534569,3072890,92549,54449487,52801,387814518,299209909,0
1789564820.842093,101.81,5631942,355020,0,111,60,86,72457,573719,21363311,12604436,4348,61425708,49326308,64771556,0,353808,0,1,1,0,10643975,2030183902,2043685978,31,31,1087,1534569,3072890,88452,54449488,52801,387814518,299209909,0
1789564821.0924082,102.06,5632317,355045,0,111,60,86,72457,573719,21363366,12604436,4348,61425708,49326308,64771556,0,345616,0,1,1,0,10643983,2030433163,2043935272,31,31,1087,1534569,3072890,86404,54449489,52801,387814518,299209909,0
1789564821.34272,102.311,5632692,355070,0,111,60,86,72457,573720,21363435,12604436,4348,61425696,49326596,64771556,0,329104,0,1,1,0,10643988,2030681499,2044183617,31,31,1087,1534569,3072890,82276,54449490,52801,387814518,299209909,0
1789564821.5930946,102.561,5633067,355095,0,111,60,86,72457,573720,21363510,12604436,4348,61425444,49326344,64771556,0,320912,0,1,1,0,10643993,2030930803,2044432928,31,31,1087,1534563,3072878,80228,54449491,52801,387814518,299209909,0
1789564821.843404,102.811,5633442,355120,0,111,60,86,72457,573720,21363569,12604436,4348,61425444,49326344,64771556,0,304820,0,1,1,0,10643993,2031180088,2044682213,31,31,1087,1534563,3072878,76205,54449491,52801,387814518,299209909,0
1789564822.0937107,103.062,5633818,355145,0,111,60,86,72457,573720,21363618,12604424,4348,61425684,49326584,64771556,0,296636,0,1,1,0,10643993,2031429418,2044931543,31,31,1087,1534569,3072890,74159,54449492,52801,387814518,299209989,0
1789564822.3440604,103.312,5634193,355170,0,111,60,86,72457,573720,21363674,12604424,4348,61425684,49326584,64771556,0,280012,0,1,1,0,10643993,2031678725,2045180850,31,31,1087,1534569,3072890,70003,54449492,52801,387814518,299209989,0
1789564822.5944018,103.562,5634568,355196,0,111,60,86,72457,573720,21363711,12604424,4348,61425432,49326332,64771556,0,272028,0,1,1,0,10643994,2031928016,2045430140,31,31,1087,1534562,3072877,68007,54449494,52801,387814518,299209989,0
1789564822.8447258,103.813,5634943,355221,0,111,60,86,72457,573720,21363765,12604424,4348,61425432,49326332,64771556,0,255392,0,1,1,0,10643994,2032178338,2045680463,31,31,1087,1534562,3072877,63848,54449495,52801,387814518,299209989,0
1789564823.095073,104.063,5635319,355246,0,111,60,86,72457,573720,21363812,12604424,4348,61425668,49326568,64771556,0,247224,0,1,1,0,10643994,2032427631,2045929756,31,31,1087,1534568,3072889,61806,54449496,52801,387814518,299209989,0
1789564823.3453877,104.313,5635694,355271,0,111,60,86,72457,573720,21363865,12604424,4348,61425668,49326568,64771556,0,230812,0,1,1,0,10643994,2032676923,2046179048,31,31,1087,1534568,3072889,57703,54449496,52801,387814518,299209989,0
1789564823.5957298,104.564,5636069,355296,0,111,60,86,72458,573720,21363904,12604424,4348,61425416,49326316,64771556,0,222604,0,1,1,0,10643994,2032926244,2046428369,31,31,1087,1534562,3072877,55651,54449497,52801,387814518,299209989,0
1789564823.846057,104.814,5636444,355321,0,111,60,86,72458,573720,21363968,12604424,4348,61425416,49326316,64771556,0,214404,0,1,1,0,10643995,2033174550,2046676676,31,31,1087,1534562,3072877,53601,54449498,52801,387814518,299209989,0
1789564824.0963752,105.064,5636819,355346,0,111,60,86,72458,573720,21364014,12604424,4348,61425652,49326552,64771556,0,198112,0,1,1,0,10643995,2033423843,2046925969,31,31,1087,1534568,3072888,49528,54449500,52801,387814518,299209989,0
1789564824.3466794,105.315,5637195,355372,0,111,60,86,72458,573720,21364061,12604424,4348,61425652,49326552,64771556,0,185752,0,1,1,0,10643995,2033673167,2047175292,31,31,1087,1534568,3072888,46438,54449500,52801,387814518,299209989,0
1789564824.5970328,105.565,5637570,355397,0,111,60,86,72458,573720,21364098,12604424,4348,61425400,49326300,64771556,0,177264,0,1,1,0,10643995,2033923456,2047425582,31,31,1087,1534562,3072876,44316,54449502,52801,387814518,299209989,0
1789564824.8473513,105.815,5637945,355422,0,111,60,86,72458,573720,21364155,12604424,4348,61425400,49326300,64771556,0,160944,0,1,1,0,10643996,2034171763,2047673888,31,31,1087,1534562,3072876,40236,54449502,52801,387814518,299209989,0
1789564825.0976505,106.066,5638320,355447,0,111,60,86,72458,573720,21364222,12604424,4348,61425644,49326544,64771556,0,148764,0,1,1,0,10644008,2034421015,2047923172,31,31,1087,1534568,3072888,37191,54449503,52801,387814518,299209989,0
1789564825.3479965,106.316,5638695,355472,0,111,60,86,72458,573720,21364306,12604436,4368,61425664,49326564,64771556,0,136252,0,1,1,0,10644015,2034669330,2048171496,31,31,1092,1534568,3072889,34063,54449505,52801,387814518,299209989,0
1789564825.5983174,106.566,5639071,355497,0,111,60,86,72458,573720,21364371,12596308,4368,61431848,49340764,64771556,0,128060,0,1,1,0,10644022,2034918080,2048420246,31,31,1092,1534723,3073198,32015,54449506,52801,387814518,299209989,0
1789564825.848634,106.817,5639446,355522,0,111,60,86,72458,573720,21364442,12580116,4368,61431960,49357036,64771556,0,111676,0,1,1,0,10644033,2035165483,2048667650,31,31,1092,1534725,3073204,27919,54449506,52801,387814518,299209989,0
1789564826.098977,107.067,5639821,355547,0,111,60,86,72458,573720,21364483,12580116,4368,61431960,49357036,64771556,0,103484,0,1,1,0,10644033,2035414776,2048916943,31,31,1092,1534725,3073204,25871,54449506,52801,387814518,299209989,0
1789564826.3492923,107.317,5640196,355573,0,111,60,86,72458,573720,21364540,12580116,4368,61432192,49357268,64771556,0,84000,0,1,1,0,10644033,2035663093,2049165259,31,31,1092,1534731,3073215,21000,54449507,52801,387814518,299209989,0
1789564826.5996187,107.568,5640571,355598,0,111,60,86,72458,573720,21364586,12580116,4368,61432192,49357268,64771556,0,75808,0,1,1,0,10644033,2035912394,2049414560,31,31,1092,1534731,3073215,18952,54449508,52801,387814518,299209989,0
1789564826.849974,107.818,5640946,355623,0,111,60,86,72458,573720,21364657,12580116,4204,61431940,49357016,64771556,0,56324,0,1,1,0,10644034,2036160730,2049662897,31,31,1051,1534725,3073203,14081,54449510,52801,387814518,299210089,0
1789564827.1002762,108.068,5641322,355648,0,111,60,86,72458,573720,21364717,12580116,4204,61432180,49357256,64771556,0,47020,0,1,1,0,10644034,2036410997,2049913164,31,31,1051,1534731,3073215,11755,54449510,52801,387814518,299210089,0
1789564827.3505902,108.318,5641697,355673,0,111,60,86,72458,573720,21364767,12580104,4204,61431928,49357004,64771556,0,37744,0,1,1,0,10644034,2036661298,2050163465,31,31,1051,1534725,3073202,9436,54449511,52801,387814518,299210153,0
1789564827.6009488,108.569,5642072,355698,0,111,60,86,72458,573720,21364819,12580104,4204,61431928,49357004,64771556,0,24604,0,1,1,0,10644034,2036911615,2050413782,31,31,1051,1534725,3073202,6151,54449511,52801,387814518,299210153,0
1789564827.851275,108.819,5642447,355720,0,111,60,86,72462,573720,21364912,12007176,4204,61452108,49955972,64771556,0,13212,0,1,1,0,10646577,2037027473,2050529640,31,31,1051,1535363,3074481,3303,54449512,52801,387814518,299210153,0
1789564828.1016262,109.07,5642822,355738,0,111,60,86,72469,573720,21365044,10768160,4204,61467756,51225884,64771556,0,28,0,0,2,0,10651823,2037193807,2050695974,31,31,1051,1536135,3076026,7,54449514,52801,387814518,299210153,0
1789564828.352014,109.32,5643209,355738,0,111,60,86,72481,573721,21365400,8724744,4260,61533180,53365952,64771556,0,0,0,0,1,0,10655368,2037193807,2050695974,31,31,1065,1538549,3080861,0,54449824,52801,387814518,299210153,0
