t,t_rel,cpu_idle,cpu_iowait,cpu_irq,cpu_nice,cpu_softirq,cpu_steal,cpu_system,cpu_user,ctxt,mem_Cached,mem_Dirty,mem_MemAvailable,mem_MemFree,mem_MemTotal,mem_SwapCached,mem_Writeback,mem_WritebackTmp,procs_blocked,procs_running,psi_cpu_full_total,psi_cpu_some_total,psi_io_full_total,psi_io_some_total,psi_memory_full_total,psi_memory_some_total,vm_nr_dirty,vm_nr_dirty_background_threshold,vm_nr_dirty_threshold,vm_nr_writeback,vm_pgfault,vm_pgmajfault,vm_pgpgin,vm_pgpgout,vm_pswpout
1789562672.6842992,0.0,2692784,158704,0,111,43,55,37027,311933,10938261,116904,1496,63877260,64258576,64771556,0,128,0,1,1,0,7205133,878121311,885203958,23,23,374,1595335,3194571,32,29296189,26928,189755566,164155453,0
1789562672.9347136,0.25,2693022,158722,0,111,43,55,37028,312077,10938864,126800,1496,63863396,64238772,64771556,0,128,0,0,17,0,7205351,878160937,885243594,23,23,374,1595146,3194193,32,29298867,27001,189767794,164155453,0
1789562673.1852672,0.501,2693395,158739,0,111,43,55,37029,312083,10939619,136144,1496,63845092,64215160,64771556,0,0,0,1,1,0,7206060,878262276,885344956,23,23,374,1594827,3193553,0,29303886,27039,189778734,164155453,0
1789562673.4356523,0.751,2693770,158762,0,111,43,55,37031,312084,10940360,163284,1528,63821808,64178104,64771556,0,0,0,1,1,0,7206831,878430260,885512949,23,23,382,1594589,3193078,0,29308091,27253,189806270,164155453,0
1789562673.68601,1.002,2694135,158785,0,111,43,55,37032,312093,10942687,173624,1528,63804720,64155796,64771556,0,0,0,1,1,0,7207700,878573181,885655874,23,23,382,1594293,3192484,0,29311296,27337,189816486,164155453,0
1789562673.9363806,1.252,2694506,158807,0,111,43,55,37033,312099,10944280,180128,1528,63793924,64141752,64771556,0,0,0,1,1,0,7208685,878760904,885843617,23,23,382,1594105,3192107,0,29313349,27343,189822982,164155453,0
1789562674.1867385,1.502,2694873,158829,0,111,43,55,37034,312110,10945799,188556,1528,63772532,64116132,64771556,0,0,0,1,1,0,7209300,878843802,885926565,23,23,382,1593670,3191237,0,29318502,27343,189831438,164155453,0
1789562674.437133,1.753,2695226,158838,0,111,43,55,37039,312143,10949447,191420,1528,63763000,64105168,64771556,0,0,0,0,2,0,7210570,878863736,885946513,23,23,382,1593474,3190844,0,29334802,27351,189834262,164155485,0
1789562674.6875577,2.003,2695585,158850,0,111,43,55,37041,312170,10951420,194848,1528,63736524,64076984,64771556,0,0,0,1,1,0,7211092,878937908,886020720,23,23,382,1592855,3189606,0,29342231,27352,189837710,164155485,0
1789562674.9378858,2.254,2695948,158862,0,111,43,55,37043,312192,10954975,197752,1528,63716740,64055764,64771556,0,0,0,0,2,0,7212009,879021645,886104465,23,23,382,1592397,3188689,0,29346957,27352,189840622,164155485,0
1789562675.1882126,2.504,2696306,158880,0,111,43,55,37045,312213,10958861,202384,1528,63692508,64028976,64771556,0,0,0,0,3,0,7212634,879106951,886189864,23,23,382,1591856,3187605,0,29355105,27381,189845646,164155485,0
1789562675.438638,2.754,2696638,158901,0,111,43,55,37048,312255,10964001,208328,3180,63670432,64003332,64771556,0,0,0,0,4,0,7213132,879158624,886241785,23,23,795,1591394,3186680,0,29361034,27440,189852782,164155485,0
1789562675.6892385,3.005,2696971,158927,0,111,43,55,37052,312291,10968373,216036,3180,63648040,63976816,64771556,0,0,0,1,3,0,7213714,879257662,886340823,23,23,795,1590938,3185767,0,29366251,27484,189861622,164155485,0
1789562675.939647,3.255,2697291,158949,0,111,43,55,37056,312342,10973756,221672,3180,63627196,63953044,64771556,0,4,0,1,2,0,7214089,879291756,886374971,23,23,795,1590491,3184871,1,29373434,27493,189866818,164155489,0
1789562676.2261143,3.542,2697712,158979,0,111,43,55,37061,312346,10975479,251796,4388,63628108,63938260,64771556,0,0,0,1,1,0,7214872,879443231,886527265,23,23,1097,1590906,3185702,0,29381432,27755,189898350,164155493,0
1789562676.482614,3.798,2698093,158998,0,111,43,55,37063,312351,10976300,266140,4388,63608460,63911336,64771556,0,0,0,0,2,0,7215627,879635308,886719352,23,23,1097,1590597,3185083,0,29385407,27865,189912758,164155493,0
1789562676.7981353,4.114,2698567,159019,0,111,43,55,37064,312360,10976826,280144,4388,63592836,63884440,64771556,0,0,0,1,1,0,7216752,879846204,886930255,23,23,1097,1590277,3184443,0,29390544,27961,189926914,164155493,0
1789562677.0491447,4.365,2698932,159033,0,111,43,55,37066,312379,10978841,284472,4388,63576140,63863288,64771556,0,0,0,1,2,0,7218237,879946335,887030390,23,23,1097,1589860,3183608,0,29394588,27966,189931346,164155493,0
1789562677.299556,4.615,2699290,159046,0,111,43,55,37067,312409,10980544,287508,4388,63562712,63846680,64771556,0,0,0,1,2,0,7218796,880023739,887107793,23,23,1097,1589525,3182937,0,29398711,27969,189934430,164155493,0
1789562677.5500011,4.866,2699605,159058,0,111,43,55,37071,312477,10982236,290084,4388,63508592,63789984,64771556,0,0,0,0,2,0,7219057,880057715,887141771,23,23,1097,1588174,3180232,0,29419473,27969,189936982,164155493,0
1789562677.8004634,5.116,2699966,159069,0,111,43,55,37072,312504,10984461,293072,4388,63488044,63766444,64771556,0,0,0,0,2,0,7219541,880124602,887208670,23,23,1097,1587661,3179205,0,29425289,27969,189939994,164155493,0
1789562678.0509481,5.367,2700307,159080,0,111,43,55,37075,312547,10988812,296376,4388,63470476,63745556,64771556,0,0,0,0,3,0,7220040,880166168,887250349,23,23,1097,1587223,3178326,0,29429918,27972,189943314,164155493,0
1789562678.3014,5.617,2700675,159088,0,111,43,55,37075,312570,10989835,298652,4388,63462188,63735012,64771556,0,0,0,0,5,0,7221893,880222909,887307095,23,23,1097,1587016,3177912,0,29432219,27972,189945574,164155493,0
1789562678.5518465,5.868,2701028,159101,0,111,43,55,37077,312601,10991942,302484,4488,63445692,63714740,64771556,0,0,0,0,2,0,7222385,880294410,887378600,23,23,1122,1586604,3177087,0,29437379,27973,189949402,164155493,0
1789562678.8022695,6.118,2701378,159112,0,111,43,55,37079,312639,10993454,305896,4488,63427940,63693544,64771556,0,0,0,0,4,0,7222727,880346192,887430382,23,23,1122,1586161,3176200,0,29442330,27973,189952678,164155493,0
1789562679.0527167,6.368,2701717,159113,0,111,43,55,37081,312695,11001125,306760,4488,63415980,63680668,64771556,0,0,0,0,8,0,7223332,880353581,887437771,23,23,1122,1585862,3175602,0,29445352,27973,189953554,164155493,0
1789562679.3034122,6.619,2702044,159116,0,111,43,55,37085,312760,11006949,307572,4488,63402184,63666060,64771556,0,0,0,0,4,0,7223947,880362667,887446857,23,23,1122,1585518,3174913,0,29450331,27975,189954354,164155493,0
1789562679.5538871,6.87,2702388,159124,0,111,43,55,37087,312805,11011829,309548,4488,63395608,63657564,64771556,0,0,0,1,1,0,7224428,880397255,887481446,23,23,1122,1585354,3174584,0,29452428,27978,189956330,164155493,0
1789562679.8043306,7.12,2702762,159136,0,111,43,55,37088,312818,11012874,313488,4488,63389812,63647784,64771556,0,0,0,1,1,0,7225150,880513718,887597909,23,23,1122,1585209,3174294,0,29453979,27978,189960286,164155493,0
1789562680.0547533,7.37,2703134,159144,0,111,43,55,37089,312837,11013939,315596,4488,63378104,63633952,64771556,0,0,0,0,3,0,7225700,880593211,887677406,23,23,1122,1584917,3173709,0,29456685,27978,189962378,164155493,0
1789562680.3052151,7.621,2703486,159153,0,111,43,55,37091,312873,11016301,318356,4488,63341948,63595040,64771556,0,0,0,1,1,0,7226036,880638762,887722957,23,23,1122,1584014,3171902,0,29465502,27978,189965154,164155493,0
1789562680.5556417,7.871,2703861,159166,0,111,43,55,37092,312883,11017004,321620,4488,63325024,63574840,64771556,0,0,0,0,2,0,7226944,880763679,887847890,23,23,1122,1583592,3171056,0,29470105,27978,189968422,164155493,0
1789562680.8060634,8.122,2704211,159172,0,111,43,55,37094,312925,11018708,322776,4488,63302996,63551660,64771556,0,0,0,0,5,0,7227167,880792279,887876490,23,23,1122,1583042,3169954,0,29476256,27978,189969566,164155493,0
1789562681.0567086,8.372,2704577,159182,0,111,43,55,37095,312948,11019946,324892,4488,63280180,63526724,64771556,0,0,0,0,3,0,7229214,880866228,887950450,23,23,1122,1582473,3168815,0,29482040,27978,189971722,164155493,0
1789562681.3073606,8.623,2704912,159187,0,111,43,55,37099,313003,11025390,326692,4488,63251360,63495712,64771556,0,0,0,0,2,0,7229647,880887423,887971645,23,23,1122,1581753,3167373,0,29489208,27978,189973894,164155493,0
1789562681.557833,8.874,2705221,159190,0,111,43,55,37103,313085,11029605,328036,4644,63197728,63440752,64771556,0,0,0,0,5,0,7229906,880890596,887974818,23,23,1161,1580414,3164692,0,29505501,27978,189975082,164155493,0
1789562681.8083072,9.124,2705584,159202,0,111,43,55,37105,313109,11030500,331336,4644,63199364,63439072,64771556,0,0,0,0,2,0,7230377,880967235,888051456,23,23,1161,1580455,3164774,0,29510798,27978,189978394,164155493,0
1789562682.0587401,9.374,2705934,159208,0,111,43,55,37110,313149,11033299,332928,4652,63303928,63542032,64771556,0,0,0,0,3,0,7230630,880977396,888061651,23,23,1163,1583065,3170001,0,29521144,27978,189979974,164155493,0
1789562682.3091762,9.625,2706302,159216,0,111,43,55,37112,313170,11035676,334888,4652,63281948,63518096,64771556,0,0,0,0,2,0,7231187,881040905,888125160,23,23,1163,1582516,3168902,0,29526523,27978,189981990,164155493,0
1789562682.5596004,9.875,2706671,159222,0,111,43,55,37114,313193,11036833,336860,4652,63255368,63489532,64771556,0,0,0,0,2,0,7232022,881091273,888175534,23,23,1163,1581853,3167574,0,29533053,27978,189983946,164155493,0
1789562682.810157,10.126,2707003,159231,0,111,43,55,37117,313246,11041024,339472,4656,63234704,63466272,64771556,0,0,0,0,4,0,7232476,881125295,888209556,23,23,1164,1581337,3166541,0,29538473,27979,189986622,164155493,0
1789562683.060621,10.376,2707326,159233,0,111,43,55,37120,313318,11049046,340252,4716,63225784,63456548,64771556,0,0,0,0,14,0,7233145,881129862,888214123,23,23,1179,1581114,3166095,0,29541331,27980,189987266,164155553,0
1789562683.3111532,10.627,2707598,159251,0,111,43,55,37130,313415,11059654,497016,4716,63136112,63210100,64771556,0,0,0,0,4,0,7233979,881149077,888233338,23,23,1179,1578876,3161612,0,29564543,27980,190144030,164155553,0
1789562683.5616477,10.877,2707873,159253,0,111,43,55,37139,313527,11067093,522756,29612,63046544,63094312,64771556,0,0,0,0,5,0,7234358,881153256,888237517,23,23,7403,1576635,3157125,0,29582719,27980,190144918,164155553,0
1789562683.8123746,11.128,2708137,159270,0,111,43,55,37166,313618,11075607,937620,288256,62770956,62400972,64771556,0,0,0,0,5,0,7234874,881176461,888260751,23,23,72064,1569683,3143204,0,29642422,27980,190300854,164155553,0
1789562684.0631256,11.379,2708417,159286,0,111,43,55,37208,313679,11082531,1316712,511680,62491100,61738692,64771556,0,0,0,0,5,0,7235760,881211231,888295522,23,23,127920,1562592,3129005,0,29652933,27980,190456806,164155553,0
1789562684.3137918,11.629,2708667,159305,0,111,43,55,37230,313787,11088894,1640580,661268,62399200,61321244,64771556,0,0,0,3,3,0,7237535,881237632,888321930,23,23,165317,1560275,3124365,0,29673580,27980,190632134,164155553,0
1789562684.564283,11.88,2708934,159334,0,111,43,55,37257,313863,11097485,2211924,938828,62471748,60818992,64771556,0,0,0,0,5,0,7238190,881286181,888370486,23,23,234808,1562013,3127846,0,29698847,27980,190924614,164155553,0
1789562684.815037,12.131,2709205,159348,0,111,43,55,37301,313932,11103397,2559316,1130600,62179428,60176732,64771556,0,0,0,0,5,0,7238943,881304064,888388403,23,23,282650,1554643,3113087,0,29710997,27980,191080550,164155553,0
1789562685.0655084,12.381,2709494,159377,0,111,43,55,37323,313992,11110820,3155044,1414396,62252420,59650224,64771556,0,0,0,0,5,0,7239812,881369122,888453484,23,23,353703,1556370,3116546,0,29721037,27980,191392422,164155553,0
1789562685.3160267,12.632,2709736,159393,0,111,43,55,37368,314084,11117541,3448628,1551788,61904164,59006256,64771556,0,0,0,0,8,0,7240754,881387292,888471711,23,23,388051,1547633,3099051,0,29741301,27980,191548358,164155553,0
1789562685.5667434,12.882,2710020,159422,0,111,43,55,37390,314151,11124289,3997556,1841684,62030456,58578900,64771556,0,0,0,3,2,0,7241464,881447301,888531722,23,23,460421,1550672,3105135,0,29751716,27980,191808434,164155553,0
1789562685.8174372,13.133,2710290,159439,0,111,43,55,37440,314214,11130655,4346668,2027052,61704688,57901328,64771556,0,0,0,2,3,0,7242124,881471294,888555756,23,23,506763,1542460,3088691,0,29781390,27980,191972306,164155553,0
1789562686.0679388,13.384,2710578,159459,0,111,43,55,37464,314283,11136971,4895480,2337944,61836708,57480032,64771556,0,0,0,1,6,0,7242788,881510677,888595147,23,23,584486,1545643,3095065,0,29794176,27980,192209822,164155553,0
1789562686.3186111,13.634,2710859,159477,0,111,43,55,37509,314338,11143692,5308104,2532996,61578336,56806300,64771556,0,0,0,1,6,0,7243627,881538605,888623093,23,23,633249,1539125,3082013,0,29805252,27980,192427182,164155553,0
1789562686.5692856,13.885,2711120,159497,0,111,43,55,37529,314437,11150656,5818512,2821640,61659116,56372712,64771556,0,0,0,2,5,0,7244174,881566037,888650535,23,23,705410,1541027,3085823,0,29817027,27980,192649678,164155553,0
1789562686.8199296,14.136,2711406,159514,0,111,43,55,37574,314489,11155527,6217320,3038760,61419772,55731080,64771556,0,0,0,2,4,0,7244998,881602985,888687483,23,23,759589,1534979,3073712,0,29825809,27980,192830590,164155553,0
1789562687.070389,14.386,2711697,159543,0,111,43,55,37596,314544,11160871,6812320,3317456,61622448,55335556,64771556,0,0,0,0,5,0,7246055,881671628,888756134,23,23,829364,1539969,3083704,0,29826011,27980,193146702,164155553,0
1789562687.320856,14.637,2711977,159550,0,111,43,55,37645,314609,11166887,7231964,3569092,61374192,54663416,64771556,0,0,0,0,5,0,7246570,881685563,888770081,23,23,892273,1533656,3071062,0,29844938,27980,193314678,164155553,0
1789562687.5713248,14.887,2712254,159574,0,111,43,55,37671,314683,11173692,7836580,3837552,61513196,54193888,64771556,0,0,0,0,5,0,7247295,881732924,888817456,23,23,959388,1537042,3077842,0,29855955,27980,193650914,164155553,0
1789562687.8218343,15.138,2712513,159578,0,111,43,55,37719,314770,11178996,8259884,4102372,61462936,53717128,64771556,0,0,0,1,5,0,7247820,881740698,888825233,23,23,1025596,1535695,3075146,0,29871484,27980,193809454,164155553,0
1789562688.0725522,15.388,2712785,159594,0,111,43,55,37749,314853,11185618,8897260,4414020,61619112,53230896,64771556,0,0,0,1,4,0,7248656,881771896,888856431,23,23,1103505,1539458,3082680,0,29882150,27980,194135730,164156101,0
1789562688.3230402,15.639,2713024,159622,0,111,43,55,37802,314931,11190952,9269364,1279672,61508400,52744392,64771556,0,3346212,0,3,3,0,7249338,881812493,888898172,23,23,319150,1536627,3077011,837321,29893383,27980,194288670,167513577,0
1789562688.5735009,15.889,2713322,159683,0,111,43,55,37816,314959,11193486,9592696,1171948,61671140,52581084,64771556,0,3623716,0,2,3,0,7250152,881957399,889045345,23,23,292987,1540612,3084991,905929,29894276,27980,194433310,167796201,0
1789562688.8240051,16.14,2713618,159742,0,111,43,55,37837,314982,11196983,9819004,1246948,61529672,52212196,64771556,0,3607332,0,2,13,0,7250636,882093805,889189565,23,23,311737,1537032,3077823,901833,29915596,27980,194584618,167796201,0
1789562689.074613,16.39,2713918,159799,0,111,43,55,37858,315005,11199145,10079084,1424432,61517640,51937496,64771556,0,3599140,0,2,3,0,7252068,882231927,889328799,23,23,356108,1536687,3077133,899785,29921895,27980,194667214,167796201,0
1789562689.325087,16.641,2714216,159855,0,111,43,55,37872,315038,11202338,10378044,1567868,61575860,51694852,64771556,0,3586852,0,2,3,0,7252630,882364893,889475859,23,23,391967,1538104,3079969,896713,29923181,27980,194823150,167796201,0
1789562689.5755806,16.891,2714504,159911,0,111,43,55,37893,315071,11206383,10590712,1676572,61464444,51368860,64771556,0,3570468,0,4,4,0,7253313,882483364,889600419,23,23,419143,1535264,3074283,892617,29929953,27980,194927342,167796201,0
1789562689.82625,17.142,2714798,159964,0,111,43,55,37906,315112,11209799,10920456,1836864,61888840,51461224,64771556,0,3562276,0,3,2,0,7253747,882600765,889741331,23,23,459216,1545789,3095357,890569,29930210,27980,195096538,167796201,0
1789562690.0767214,17.392,2715097,160018,0,111,43,55,37931,315135,11212465,11138108,1938084,61738664,51092252,64771556,0,3545892,0,3,2,0,7254856,882723831,889877166,23,23,484521,1542018,3087806,886473,29954671,27980,195212586,167796201,0
1789562690.327321,17.643,2715397,160081,0,111,43,55,37942,315161,11215025,11459672,2107296,61815956,50845172,64771556,0,3533604,0,2,3,0,7256240,882882012,890036422,23,23,526824,1543884,3091543,883401,29954680,27980,195365066,167796201,0
1789562690.5778942,17.894,2715686,160131,0,111,43,55,37965,315199,11217553,11678164,2243832,61665444,50474444,64771556,0,3525412,0,3,2,0,7257028,882996557,890158593,23,23,560958,1540083,3083932,881353,29963016,27980,195446894,167796201,0
1789562690.8283436,18.144,2715985,160195,0,111,43,55,37976,315226,11220372,12007028,2416588,61763668,50241236,64771556,0,3509028,0,2,3,0,7257389,883145607,890309844,23,23,604147,1542461,3088693,877257,29963729,27981,195602858,167796201,0
1789562691.0786905,18.394,2716281,160251,0,111,43,55,37998,315252,11223119,12219404,2510792,61652620,49916340,64771556,0,3500836,0,4,1,0,7258093,883277935,890450970,23,23,627698,1539662,3083090,875209,29973000,27981,195721686,167796201,0
1789562691.3291423,18.645,2716580,160307,0,111,43,55,38018,315277,11225159,12512856,2688656,61595632,49563300,64771556,0,3484452,0,2,4,0,7259201,883413916,890587069,23,23,672164,1538175,3080111,871113,29976299,27981,195836762,167796201,0
1789562691.5795894,18.895,2716866,160370,0,111,43,55,38031,315317,11228910,12782620,2802348,61631824,49328196,64771556,0,3472164,0,2,3,0,7260313,883540190,890714961,23,23,700689,1539040,3081844,868041,29980040,27981,195992698,167796201,0
1789562691.8303583,19.146,2717166,160428,0,111,43,55,38052,315339,11230983,13031496,2940956,61554268,48999640,64771556,0,3463972,0,2,3,0,7260973,883678809,890853901,23,23,735239,1537041,3077840,865993,29984222,27981,196103742,167796201,0
1789562692.0810723,19.397,2717462,160492,0,111,43,55,38065,315366,11234400,13332744,3084092,61584596,48726468,64771556,0,3447588,0,3,2,0,7261897,883824507,891000369,23,23,771023,1537752,3079264,861897,29991307,27981,196261470,167796201,0
1789562692.33185,19.648,2717759,160549,0,111,43,55,38087,315391,11236190,13544228,3213236,61501520,48430412,64771556,0,3439396,0,3,2,0,7262404,883961051,891137216,23,23,803309,1535641,3075036,859849,30001432,27981,196344218,167796201,0
1789562692.582411,19.898,2718043,160612,0,111,43,55,38099,315432,11239831,13858956,3372092,61680776,48292360,64771556,0,3427076,0,2,3,0,7263422,884090178,891268064,23,23,843023,1540051,3083867,856769,30004487,27981,196499490,167796201,0
1789562692.8329103,20.149,2718337,160670,0,111,43,55,38124,315458,11242469,14068796,3484156,61540112,47940180,64771556,0,3410692,0,3,2,0,7264932,884227285,891406469,23,23,871039,1536498,3076754,852673,30019276,27981,196597458,167796201,0
1789562693.083337,20.399,2718637,160735,0,111,43,55,38134,315482,11244959,14392320,3653320,61687124,47761276,64771556,0,3402500,0,3,2,0,7265790,884386800,891566115,23,23,913431,1540119,3084003,850625,30019886,27981,196752346,167796981,0
1789562693.3337197,20.649,2718927,160793,0,111,43,55,38156,315513,11248422,14597408,3736824,61544724,47412484,64771556,0,3386116,0,3,2,0,7267437,884519654,891702520,23,23,934206,1536522,3076800,846529,30037001,27981,196873802,167796981,0
1789562693.5841959,20.9,2719238,160841,0,111,43,55,38170,315541,11250733,14894968,3905856,61679484,47247168,64771556,0,3373828,0,3,2,0,7268167,884653690,891863767,23,23,976464,1539822,3083410,843457,30038279,27981,197001946,167796981,0
1789562693.834639,21.15,2719549,160884,0,111,43,55,38193,315563,11253959,15122992,3278220,61559588,46898000,64771556,0,4099772,0,2,3,0,7270184,884770376,892016554,23,23,819659,1536800,3077358,1024943,30052980,27981,197123278,168531117,0
1789562694.0851026,21.401,2719860,160919,0,111,43,55,38210,315599,11256037,15400828,3439516,61549796,46607712,64771556,0,4083388,0,2,4,0,7271926,884870099,892177726,23,23,859879,1536499,3076756,1020847,30055784,27981,197240230,168531117,0
1789562694.3354864,21.651,2720163,160962,0,111,43,55,38228,315636,11259831,15648660,3570388,61557128,46363840,64771556,0,4075196,0,2,3,0,7272688,884977591,892317059,23,23,892597,1536588,3076934,1018799,30069655,27981,197357182,168531117,0
1789562694.5859716,21.902,2720478,161004,0,111,43,55,38246,315662,11263010,15917032,3706996,61671568,46205440,64771556,0,4058812,0,3,2,0,7273591,885096124,892487818,23,23,926749,1539323,3082410,1014703,30072026,27981,197488798,168531117,0
1789562694.8364356,22.152,2720791,161050,0,111,43,55,38263,315685,11266049,16178472,3841396,61671080,45939436,64771556,0,4046524,0,3,2,0,7274866,885222309,892644455,23,23,960349,1539220,3082204,1011631,30077819,27981,197615870,168531117,0
1789562695.086925,22.403,2721092,161105,0,111,43,55,38282,315709,11269364,16445280,3976892,61671176,45668904,64771556,0,4038332,0,2,6,0,7276121,885364987,892793286,23,23,994223,1539127,3082017,1009583,30083459,27981,197747022,168531117,0
1789562695.337406,22.653,2721395,161140,0,111,43,55,38299,315753,11272930,16696608,4122672,61860684,45603072,64771556,0,4021948,0,2,4,0,7276753,885452101,892932935,23,23,1030668,1543748,3091270,1005487,30087835,27981,197852798,168531117,0
1789562695.5878544,22.904,2721681,161174,0,111,43,55,38317,315812,11277549,16910544,4237492,61909372,45434328,64771556,0,4013756,0,2,7,0,7277607,885527867,893056028,23,23,1059373,1544883,3093544,1003439,30094718,27981,197951686,168531117,0
1789562695.8383398,23.154,2721971,161221,0,111,43,55,38332,315861,11281900,17137724,4357256,62020276,45314648,64771556,0,4001468,0,2,3,0,7278226,885630814,893187061,23,23,1089314,1547567,3098918,1000367,30099852,27981,198059286,168531117,0
1789562696.0888112,23.405,2722278,161258,0,111,43,55,38348,315899,11286168,17379004,4482560,62087096,45136564,64771556,0,3985084,0,2,3,0,7278789,885721142,893328667,23,23,1120742,1549155,3102098,996271,30103242,27981,198175142,168531117,0
1789562696.3392863,23.655,2722583,161294,0,111,43,55,38363,315943,11290199,17617560,4606920,62090308,44897028,64771556,0,3976892,0,2,3,0,7279916,885817924,893476364,23,23,1151730,1549132,3102053,994223,30106955,27981,198289602,168531117,0
1789562696.5897713,23.905,2722901,161341,0,111,43,55,38377,315967,11293442,17792036,4703864,62092972,44722732,64771556,0,3960508,0,2,2,0,7281424,885960012,893649156,23,23,1176094,1549140,3102068,990127,30109858,27981,198366806,168531117,0
1789562696.8402445,24.156,2723248,161391,0,111,43,55,38380,315968,11293573,17780872,4692704,62096644,44737160,64771556,0,3948244,0,2,1,0,7281428,886196924,893886252,23,23,1173176,1549208,3102205,987061,30110621,27981,198366806,168531117,0
1789562697.090621,24.406,2723598,161441,0,111,43,56,38380,315968,11293707,17780876,4692704,62111768,44752284,64771556,0,3939996,0,2,2,0,7281434,886446578,894136049,23,23,1173176,1549586,3102961,984999,30110623,27981,198366806,168531117,0
1789562697.3409588,24.657,2723948,161491,0,111,43,56,38380,315968,11293758,17780876,4692704,62122888,44763404,64771556,0,3931804,0,2,2,0,7281434,886696879,894386350,23,23,1173176,1549863,3103517,982951,30110623,27981,198366806,168531117,0
1789562697.5912657,24.907,2724299,161541,0,111,43,56,38380,315968,11293844,17780876,4692704,62122888,44763404,64771556,0,3915420,0,2,1,0,7281442,886946650,894636132,23,23,1173176,1549863,3103517,978855,30110626,27981,198366806,168531117,0
1789562697.8415654,25.157,2724649,161591,0,111,43,56,38380,315968,11293897,17780876,4692704,62122888,44763404,64771556,0,3907228,0,2,1,0,7281442,887196913,894886395,23,23,1173176,1549863,3103517,976807,30110628,27981,198366806,168531117,0
1789562698.0918496,25.408,2724999,161641,0,111,43,56,38380,315968,11293968,17780876,4692704,62131080,44771596,64771556,0,3886748,0,2,1,0,7281442,887446668,895136150,23,23,1173176,1550068,3103926,971687,30110629,27981,198366806,168531117,0
1789562698.3421333,25.658,2725349,161691,0,111,43,56,38380,315968,11294039,17780876,4692792,62142580,44783096,64771556,0,3878556,0,2,1,0,7281445,887696824,895386413,23,23,1173198,1550355,3104501,969639,30110629,27981,198366806,168531757,0
1789562698.5924249,25.908,2725699,161741,0,111,43,56,38380,315968,11294102,17780876,4692792,62142580,44783096,64771556,0,3862172,0,2,1,0,7281445,887947091,895636680,23,23,1173198,1550355,3104501,965543,30110629,27981,198366806,168531757,0
1789562698.8427165,26.158,2726049,161791,0,111,43,56,38380,315968,11294141,17780876,4692792,62142328,44782844,64771556,0,3853980,0,2,1,0,7281445,888197358,895886947,23,23,1173198,1550349,3104489,963495,30110630,27981,198366806,168531757,0
1789562699.0930178,26.409,2726399,161841,0,111,43,56,38380,315968,11294221,17780876,4692792,62167004,44807520,64771556,0,3841692,0,2,1,0,7281448,888447021,896136721,23,23,1173198,1550965,3105722,960423,30110632,27981,198366806,168531757,0
1789562699.343317,26.659,2726750,161892,0,111,43,56,38380,315968,11294272,17780876,4692792,62174916,44815432,64771556,0,3825308,0,2,1,0,7281448,888697277,896386977,23,23,1173198,1551162,3106118,956327,30110633,27981,198366806,168531757,0
1789562699.593606,26.909,2727100,161942,0,111,43,56,38380,315968,11294331,17780876,4692792,62182980,44823496,64771556,0,3817116,0,2,1,0,7281448,888947549,896637249,23,23,1173198,1551364,3106521,954279,30110633,27981,198366806,168531757,0
1789562699.8439171,27.16,2727450,161992,0,111,43,56,38380,315968,11294376,17780876,4692792,62182980,44823496,64771556,0,3808924,0,2,1,0,7281448,889197320,896887020,23,23,1173198,1551364,3106521,952231,30110634,27981,198366806,168531757,0
1789562700.0941935,27.41,2727800,162042,0,111,43,56,38380,315968,11294472,17780876,4692792,62199316,44839832,64771556,0,3788444,0,2,1,0,7281448,889447581,897137281,23,23,1173198,1551771,3107337,947111,30110635,27981,198366806,168531757,0
1789562700.3444839,27.66,2728150,162092,0,111,43,56,38380,315968,11294521,17780876,4692792,62201996,44842512,64771556,0,3780252,0,2,1,0,7281448,889697835,897387535,23,23,1173198,1551838,3107471,945063,30110638,27981,198366806,168531757,0
1789562700.594765,27.91,2728500,162142,0,111,43,56,38380,315968,11294573,17780876,4692792,62201712,44842228,64771556,0,3772060,0,2,1,0,7281448,889948105,897637805,23,23,1173198,1551831,3107457,943015,30110638,27981,198366806,168531757,0
1789562700.8450742,28.161,2728851,162192,0,111,43,56,38380,315968,11294641,17780876,4692792,62214636,44855152,64771556,0,3755676,0,2,1,0,7281452,890198131,897888103,23,23,1173198,1552154,3108103,938919,30110644,27981,198366806,168531757,0
1789562701.095412,28.411,2729200,162242,0,111,43,56,38380,315969,11294793,17780888,4693100,62231948,44872444,64771556,0,3747484,0,2,1,0,7281475,890445512,898135946,23,23,1173275,1552586,3108968,936871,30111271,27981,198366830,168531757,0
1789562701.3457441,28.661,2729550,162292,0,111,43,56,38381,315969,11294876,17780888,4693100,62248788,44889284,64771556,0,3735164,0,2,1,0,7281478,890695782,898386231,23,23,1173275,1553006,3109810,933791,30111273,27981,198366830,168531757,0
1789562701.596057,28.912,2729900,162342,0,111,43,56,38381,315969,11294956,17780888,4693100,62248788,44889284,64771556,0,3718780,0,2,1,0,7281485,890946071,898636530,23,23,1173275,1553006,3109810,929695,30111273,27981,198366830,168531757,0
1789562701.8463821,29.162,2730251,162393,0,111,43,56,38381,315969,11294999,17780888,4693100,62248536,44889032,64771556,0,3702396,0,2,1,0,7281485,891196336,898886795,23,23,1173275,1553000,3109798,925599,30111275,27981,198366830,168531757,0
1789562702.0966682,29.412,2730601,162443,0,111,43,56,38381,315969,11295071,17780888,4693100,62274568,44915064,64771556,0,3694204,0,2,2,0,7281488,891446062,899136589,23,23,1173275,1553650,3111099,923551,30111275,27981,198366830,168531757,0
1789562702.3469987,29.663,2730951,162493,0,111,43,56,38381,315969,11295113,17780888,4693100,62276880,44917376,64771556,0,3681916,0,2,1,0,7281488,891696341,899386869,23,23,1173275,1553708,3111215,920479,30111276,27981,198366830,168531757,0
1789562702.5973086,29.913,2731301,162543,0,111,43,56,38381,315969,11295168,17780888,4693100,62284784,44925280,64771556,0,3673724,0,2,1,0,7281488,891946616,899637144,23,23,1173275,1553905,3111610,918431,30111278,27981,198366830,168531757,0
1789562702.847606,30.163,2731652,162593,0,111,43,56,38381,315969,11295212,17780888,4693100,62284784,44925280,64771556,0,3657340,0,2,1,0,7281488,892196873,899887400,23,23,1173275,1553905,3111610,914335,30111279,27981,198366830,168531757,0
1789562703.0979042,30.414,2732002,162643,0,111,43,56,38381,315969,11295287,17780888,4693100,62310316,44950812,64771556,0,3649148,0,2,1,0,7281488,892447158,900137686,23,23,1173275,1554542,3112886,912287,30111279,27981,198366830,168531757,0
1789562703.3482008,30.664,2732352,162693,0,111,43,56,38381,315969,11295336,17780888,4693100,62309548,44950044,64771556,0,3632764,0,2,1,0,7281488,892697411,900387938,23,23,1173275,1554523,3112848,908191,30111281,27981,198366830,168531757,0
1789562703.5984921,30.914,2732701,162744,0,111,43,56,38381,315969,11295575,17780888,4688544,62322192,44962680,64771556,0,3620480,0,2,1,0,7281497,892941612,900632585,23,23,1172136,1554839,3113480,905120,30111285,27981,198366830,168536589,0
1789562703.8488464,31.165,2733051,162794,0,111,43,56,38381,315969,11295618,17780888,4688544,62322192,44962680,64771556,0,3612468,0,2,1,0,7281497,893191894,900882867,23,23,1172136,1554839,3113480,903117,30111287,27981,198366830,168536589,0
1789562704.0991418,31.415,2733401,162844,0,111,43,56,38381,315969,11295695,17780888,4688544,62345184,44985672,64771556,0,3595900,0,2,1,0,7281497,893442158,901133131,23,23,1172136,1555413,3114629,898975,30111287,27981,198366830,168536589,0
1789562704.3494322,31.665,2733751,162894,0,111,43,56,38381,315969,11295741,17780888,4688544,62355024,44995512,64771556,0,3587708,0,2,1,0,7281497,893692421,901383394,23,23,1172136,1555658,3115121,896927,30111288,27981,198366830,168536589,0
1789562704.5997448,31.915,2734102,162945,0,111,43,56,38381,315969,11295800,17780888,4688544,62354748,44995236,64771556,0,3575420,0,2,1,0,7281497,893942732,901633705,23,23,1172136,1555651,3115107,893855,30111289,27981,198366830,168536589,0
1789562704.850077,32.166,2734452,162995,0,111,43,56,38381,315969,11295844,17780888,4688544,62354748,44995236,64771556,0,3559036,0,2,1,0,7281497,894193005,901883978,23,23,1172136,1555651,3115107,889759,30111290,27981,198366830,168536589,0
1789562705.1003835,32.416,2734802,163045,0,111,43,56,38381,315969,11295923,17780888,4688544,62381772,45022260,64771556,0,3550844,0,2,1,0,7281500,894443204,902134259,23,23,1172136,1556326,3116458,887711,30111291,27981,198366830,168536589,0
1789562705.3506882,32.666,2735152,163095,0,111,43,56,38381,315969,11296002,17780888,4688544,62388032,45028520,64771556,0,3534460,0,2,1,0,7281507,894692975,902384039,23,23,1172136,1556482,3116771,883615,30111292,27981,198366830,168536589,0
1789562705.6009943,32.917,2735502,163145,0,111,43,56,38381,315969,11296069,17780888,4688544,62388032,45028520,64771556,0,3522140,0,2,1,0,7281511,894943237,902634305,23,23,1172136,1556482,3116771,880535,30111292,27981,198366830,168536589,0
1789562705.8512976,33.167,2735852,163195,0,111,43,56,38381,315969,11296123,17780888,4688544,62387752,45028240,64771556,0,3505756,0,2,1,0,7281511,895192997,902884065,23,23,1172136,1556475,3116757,876439,30111293,27981,198366830,168536589,0
1789562706.1015816,33.417,2736202,163245,0,111,43,56,38381,315970,11296225,17780888,4688544,62418992,45059480,64771556,0,3497564,0,2,2,0,7281514,895440682,903131855,23,23,1172136,1557255,3118318,874391,30111792,27981,198366830,168536589,0
1789562706.3519244,33.668,2736546,163294,0,111,43,56,38384,315973,11296873,17780896,4690996,62416892,45057340,64771556,0,3481180,0,2,2,0,7281587,895663905,903359028,23,23,1172749,1557203,3118213,870295,30118031,27981,198366830,168536589,0
1789562706.6022792,33.918,2736896,163344,0,111,43,56,38385,315973,11297173,17780888,4692328,62416360,45056752,64771556,0,3472988,0,2,1,0,7281603,895913355,903608842,23,23,1173082,1557188,3118184,868247,30118269,27981,198366830,168536589,0
1789562706.852622,34.168,2737246,163394,0,111,43,56,38385,315973,11297221,17780888,4692328,62416360,45056752,64771556,0,3460700,0,2,1,0,7281606,896163642,903859139,23,23,1173082,1557188,3118184,865175,30118270,27981,198366830,168536589,0
1789562707.1029656,34.419,2737597,163444,0,111,43,56,38385,315973,11297295,17780888,4692536,62437848,45078232,64771556,0,3452508,0,2,1,0,7281614,896413701,904109442,23,23,1173134,1557725,3119258,863127,30118270,27981,198366830,168536589,0
1789562707.3532977,34.669,2737947,163494,0,111,43,56,38385,315973,11297354,17780888,4692536,62444508,45084892,64771556,0,3436124,0,2,1,0,7281614,896663990,904359731,23,23,1173134,1557891,3119591,859031,30118273,27981,198366830,168536589,0
1789562707.6036048,34.919,2738297,163545,0,111,43,56,38385,315973,11297405,17780888,4692536,62449368,45089752,64771556,0,3427932,0,2,1,0,7281614,896914262,904610003,23,23,1173134,1558012,3119834,856983,30118273,27981,198366830,168536589,0
1789562707.8539276,35.17,2738647,163595,0,111,43,56,38385,315973,11297456,17780888,4692536,62449368,45089752,64771556,0,3407452,0,2,1,0,7281615,897163557,904859298,23,23,1173134,1558012,3119834,851863,30118274,27981,198366830,168536589,0
1789562708.104224,35.42,2738998,163645,0,111,43,56,38385,315973,11297523,17780888,4692536,62457164,45097548,64771556,0,3399260,0,2,1,0,7281615,897413822,905109562,23,23,1173134,1558207,3120224,849815,30118274,27981,198366830,168536589,0
1789562708.3545232,35.67,2739348,163695,0,111,43,56,38385,315973,11297579,17780888,4692536,62456912,45097296,64771556,0,3391068,0,2,1,0,7281615,897664088,905359828,23,23,1173134,1558200,3120211,847767,30118275,27981,198366830,168536589,0
1789562708.6048234,35.921,2739698,163745,0,111,43,56,38385,315973,11297659,17780896,4691996,62469840,45110212,64771556,0,3374684,0,2,1,0,7281619,897913840,905609621,23,23,1172999,1558523,3120857,843671,30118276,27981,198366834,168537129,0
1789562708.8551526,36.171,2740048,163795,0,111,43,56,38385,315973,11297714,17780896,4692004,62469840,45110212,64771556,0,3362396,0,2,1,0,7281619,898164129,905859909,23,23,1173001,1558523,3120857,840599,30118279,27981,198366834,168537177,0
1789562709.1054626,36.421,2740398,163845,0,111,43,56,38385,315973,11297797,17780896,4692008,62486944,45127316,64771556,0,3354204,0,2,1,0,7281619,898413912,906109692,23,23,1173002,1558950,3121712,838551,30118279,27981,198366834,168537177,0
1789562709.3557818,36.671,2740749,163895,0,111,43,56,38385,315973,11297891,17780896,4692008,62497172,45137544,64771556,0,3337820,0,2,1,0,7281626,898664188,906359978,23,23,1173002,1559205,3122224,834455,30118280,27981,198366834,168537177,0
1789562709.6060927,36.922,2741099,163945,0,111,43,56,38385,315973,11297941,17780896,4692008,62497172,45137544,64771556,0,3329628,0,2,1,0,7281626,898914445,906610235,23,23,1173002,1559205,3122224,832407,30118280,27981,198366834,168537177,0
1789562709.8563771,37.172,2741449,163995,0,111,43,56,38385,315973,11297991,17780896,4692008,62497172,45137544,64771556,0,3313244,0,2,1,0,7281626,899164694,906860484,23,23,1173002,1559205,3122224,828311,30118281,27981,198366834,168537177,0
1789562710.1066673,37.422,2741799,164046,0,111,43,56,38385,315973,11298074,17780896,4692012,62525172,45165544,64771556,0,3300924,0,2,2,0,7281629,899414446,907110259,23,23,1173003,1559904,3123623,825231,30118284,27981,198366834,168537177,0
1789562710.3569782,37.673,2742149,164096,0,111,43,56,38385,315973,11298120,17780896,4692012,62525596,45165968,64771556,0,3292732,0,2,1,0,7281629,899664701,907360513,23,23,1173003,1559915,3123645,823183,30118285,27981,198366834,168537177,0
1789562710.6072538,37.923,2742500,164146,0,111,43,56,38385,315973,11298174,17780896,4692012,62525596,45165968,64771556,0,3276348,0,2,1,0,7281629,899914950,907610762,23,23,1173003,1559915,3123645,819087,30118285,27981,198366834,168537177,0
1789562710.8575418,38.173,2742850,164196,0,111,43,56,38385,315973,11298226,17780896,4692016,62525344,45165716,64771556,0,3268156,0,2,1,0,7281631,900165081,907861059,23,23,1173004,1559909,3123632,817039,30118289,27981,198366834,168537177,0
1789562711.1078892,38.424,2743200,164246,0,111,43,56,38386,315973,11298299,17780896,4692016,62534504,45174876,64771556,0,3255868,0,2,1,0,7281636,900414845,908110854,23,23,1173004,1560137,3124090,813967,30118290,27981,198366834,168537177,0
1789562711.3581765,38.674,2743550,164296,0,111,43,56,38386,315973,11298350,17780896,4692016,62548236,45188608,64771556,0,3239484,0,2,1,0,7281636,900665100,908361109,23,23,1173004,1560480,3124776,809871,30118291,27981,198366834,168537177,0
1789562711.6084588,38.924,2743900,164346,0,111,43,56,38386,315973,11298404,17780896,4692016,62555956,45196328,64771556,0,3231292,0,2,1,0,7281636,900915354,908611363,23,23,1173004,1560673,3125162,807823,30118292,27981,198366834,168537177,0
1789562711.8587487,39.174,2744251,164396,0,111,43,56,38386,315973,11298454,17780896,4692016,62556216,45196588,64771556,0,3214908,0,2,1,0,7281636,901165643,908861651,23,23,1173004,1560679,3125175,803727,30118293,27981,198366834,168537177,0
1789562712.1090662,39.425,2744601,164446,0,111,43,56,38386,315973,11298524,17780896,4692016,62563856,45204228,64771556,0,3202620,0,2,1,0,7281639,901415900,909111926,23,23,1173004,1560870,3125557,800655,30118293,27981,198366834,168537177,0
1789562712.3593786,39.675,2744951,164496,0,111,43,56,38386,315973,11298570,17780896,4692016,62563856,45204228,64771556,0,3194428,0,2,1,0,7281639,901666180,909362206,23,23,1173004,1560870,3125557,798607,30118295,27981,198366834,168537177,0
1789562712.6096735,39.925,2745301,164547,0,111,43,56,38386,315973,11298627,17780896,4692016,62563856,45204228,64771556,0,3178044,0,2,1,0,7281639,901915470,909611497,23,23,1173004,1560870,3125557,794511,30118295,27981,198366834,168537177,0
1789562712.8599927,40.176,2745652,164597,0,111,43,56,38386,315973,11298668,17780896,4692016,62564108,45204480,64771556,0,3169852,0,2,1,0,7281639,902165742,909861769,23,23,1173004,1560876,3125570,792463,30118297,27981,198366834,168537177,0
1789562713.1102889,40.426,2746002,164647,0,111,43,56,38386,315973,11298748,17780896,4692016,62578764,45219136,64771556,0,3161660,0,2,1,0,7281639,902415517,910111544,23,23,1173004,1561242,3126302,790415,30118297,27981,198366834,168537177,0
1789562713.3605928,40.676,2746352,164697,0,111,43,56,38386,315973,11298842,17780884,4692016,62598188,45238560,64771556,0,3141468,0,2,1,0,7281647,902665274,910361323,23,23,1173004,1561727,3127273,785367,30118298,27981,198366834,168537177,0
1789562713.6109228,40.927,2746702,164747,0,111,43,56,38386,315974,11298932,17780884,4692016,62597636,45238008,64771556,0,3133244,0,2,1,0,7281648,902914772,910611141,23,23,1173004,1561713,3127246,783311,30118304,27981,198366834,168537177,0
1789562713.8612685,41.177,2747052,164797,0,111,43,56,38386,315974,11298993,17780884,4691164,62597244,45237604,64771556,0,3116696,0,2,1,0,7281648,903165075,910861443,23,23,1172791,1561704,3127226,779174,30118306,27981,198366834,168538241,0
1789562714.1115818,41.427,2747402,164847,0,111,43,56,38386,315974,11299056,17780904,4691012,62600768,45241100,64771556,0,3108412,0,2,1,0,7281648,903415349,911111718,23,23,1172753,1561792,3127402,777103,30118306,27981,198366834,168538241,0
1789562714.3619206,41.678,2747752,164897,0,111,43,56,38386,315974,11299108,17780904,4691012,62600768,45241100,64771556,0,3096092,0,2,1,0,7281649,903665150,911361519,23,23,1172753,1561792,3127402,774023,30118308,27981,198366834,168538241,0
1789562714.6122286,41.928,2748103,164947,0,111,43,56,38386,315974,11299166,17780904,4691012,62601020,45241352,64771556,0,3087900,0,2,1,0,7281649,903914932,911611301,23,23,1172753,1561798,3127415,771975,30118308,27981,198366834,168538241,0
1789562714.8625338,42.178,2748453,164997,0,111,43,56,38386,315974,11299217,17780904,4691012,62601020,45241352,64771556,0,3071516,0,2,1,0,7281649,904165209,911861578,23,23,1172753,1561798,3127415,767879,30118308,27981,198366834,168538241,0
1789562715.1128552,42.429,2748803,165047,0,111,43,56,38386,315974,11299284,17780904,4691012,62614416,45254748,64771556,0,3063324,0,2,1,0,7281651,904414952,912111363,23,23,1172753,1562132,3128084,765831,30118312,27981,198366834,168538241,0
1789562715.3631508,42.679,2749153,165098,0,111,43,56,38386,315974,11299336,17780904,4691012,62618488,45258820,64771556,0,3046940,0,2,1,0,7281651,904665214,912361625,23,23,1172753,1562234,3128288,761735,30118312,27981,198366834,168538241,0
1789562715.6134431,42.929,2749504,165148,0,111,43,56,38386,315974,11299396,17780904,4691012,62624344,45264676,64771556,0,3034652,0,2,1,0,7281668,904915461,912611899,23,23,1172753,1562380,3128581,758663,30118314,27981,198366834,168538241,0
1789562715.863754,43.179,2749854,165198,0,111,43,56,38386,315974,11299442,17780904,4691012,62624344,45264676,64771556,0,3018268,0,2,1,0,7281687,905165701,912862190,23,23,1172753,1562380,3128581,754567,30118314,27981,198366834,168538241,0
1789562716.114073,43.43,2750204,165248,0,111,43,56,38387,315974,11299503,17780904,4691012,62628808,45269140,64771556,0,3010076,0,2,1,0,7281706,905415926,913112460,23,23,1172753,1562492,3128804,752519,30118316,27981,198366834,168538241,0
1789562716.3643699,43.68,2750554,165298,0,111,43,56,38387,315974,11299553,17780904,4691012,62637008,45277340,64771556,0,2993692,0,2,1,0,7281723,905666163,913362721,23,23,1172753,1562696,3129214,748423,30118316,27981,198366834,168538241,0
1789562716.6146626,43.93,2750905,165348,0,111,43,56,38387,315974,11299602,17780904,4691012,62637008,45277340,64771556,0,2989588,0,2,1,0,7281740,905916396,913612976,23,23,1172753,1562696,3129214,747397,30118317,27981,198366834,168538241,0
1789562716.8649595,44.181,2751255,165398,0,111,43,56,38387,315974,11299666,17780904,4691012,62636756,45277088,64771556,0,2973204,0,2,1,0,7281759,906166127,913862732,23,23,1172753,1562690,3129201,743301,30118318,27981,198366834,168538241,0
1789562717.1152523,44.431,2751605,165448,0,111,43,56,38387,315974,11299750,17780904,4691012,62654132,45294464,64771556,0,2965012,0,2,1,0,7281782,906416198,914113005,23,23,1172753,1563124,3130070,741253,30118320,27981,198366834,168538241,0
1789562717.365562,44.681,2751955,165498,0,111,43,56,38387,315974,11299843,17780904,4691012,62665508,45305840,64771556,0,2948628,0,2,1,0,7281809,906665928,914362781,23,23,1172753,1563408,3130638,737157,30118321,27981,198366834,168538241,0
1789562717.6158552,44.932,2752305,165548,0,111,43,56,38387,315974,11299900,17780904,4691012,62665508,45305840,64771556,0,2936340,0,2,1,0,7281826,906916165,914613041,23,23,1172753,1563408,3130638,734085,30118322,27981,198366834,168538241,0
1789562717.8661435,45.182,2752655,165598,0,111,43,56,38387,315974,11299944,17780904,4691012,62665508,45305840,64771556,0,2928148,0,2,1,0,7281843,907166399,914863298,23,23,1172753,1563408,3130638,732037,30118322,27981,198366834,168538241,0
1789562718.1164281,45.432,2753006,165648,0,111,43,56,38387,315974,11300012,17780904,4691012,62667012,45307344,64771556,0,2911764,0,2,1,0,7281861,907416622,915113554,23,23,1172753,1563445,3130714,727941,30118323,27981,198366834,168538241,0
1789562718.3667128,45.682,2753356,165699,0,111,43,56,38387,315974,11300084,17780904,4691012,62676348,45316680,64771556,0,2895380,0,2,1,0,7281877,907666376,915363331,23,23,1172753,1563678,3131180,723845,30118324,27981,198366834,168538241,0
1789562718.6170251,45.933,2753706,165749,0,111,43,56,38387,315974,11300131,17780904,4691012,62676348,45316680,64771556,0,2887188,0,2,1,0,7281898,907916581,915613603,23,23,1172753,1563678,3131180,721797,30118327,27981,198366834,168538241,0
1789562718.86732,46.183,2754056,165799,0,111,43,56,38387,315974,11300187,17780904,4691012,62684540,45324872,64771556,0,2874876,0,2,1,0,7281914,908166815,915863859,23,23,1172753,1563883,3131590,718719,30118327,27981,198366834,168538241,0
1789562719.1176066,46.433,2754406,165849,0,111,43,56,38387,315974,11300248,17780904,4691012,62690724,45331056,64771556,0,2866684,0,2,1,0,7281933,908417042,916114123,23,23,1172753,1564037,3131899,716671,30118328,27981,198366834,168538241,0
1789562719.3679137,46.684,2754755,165899,0,111,43,56,38389,315974,11300328,17780896,4308832,62690068,45330400,64771556,0,3232512,0,2,2,0,7281950,908657671,916354774,23,23,1077208,1564021,3131866,808128,30118328,27981,198366834,168920781,0
1789562719.6182063,46.934,2755104,165949,0,111,43,56,38389,315974,11300382,17780936,4179856,62689948,45330232,64771556,0,3353296,0,2,1,0,7281968,908904923,916602071,23,23,1044964,1564018,3131860,838324,30118329,27981,198366834,169049501,0
1789562719.8685033,47.184,2755454,165999,0,111,43,56,38390,315974,11300444,17780936,4179856,62689948,45330232,64771556,0,3332816,0,2,1,0,7281988,909154646,916851840,23,23,1044964,1564018,3131860,833204,30118330,27981,198366834,169049501,0
1789562720.1188166,47.435,2755805,166049,0,111,43,56,38390,315974,11300509,17780936,4179856,62694556,45334840,64771556,0,3324828,0,2,1,0,7282010,909404864,917102124,23,23,1044964,1564133,3132090,831207,30118332,27981,198366834,169049501,0
1789562720.3691063,47.685,2756155,166099,0,111,43,56,38390,315974,11300557,17780932,4179856,62694556,45334840,64771556,0,3316752,0,2,1,0,7282027,909655096,917352379,23,23,1044964,1564133,3132090,829188,30118332,27981,198366834,169049501,0
1789562720.6193907,47.935,2756505,166149,0,111,43,56,38390,315974,11300615,17780928,4179856,62698476,45338760,64771556,0,3300220,0,2,1,0,7282045,909905304,917602637,23,23,1044964,1564231,3132286,825055,30118333,27981,198366834,169049501,0
1789562720.8696845,48.185,2756855,166199,0,111,43,56,38390,315975,11300688,17780928,4179856,62701736,45342020,64771556,0,3288008,0,2,1,0,7282065,910155382,917852936,23,23,1044964,1564312,3132449,822002,30118333,27981,198366834,169049501,0
1789562721.1200156,48.436,2757206,166249,0,111,43,56,38390,315975,11300761,17780928,4179856,62705272,45345556,64771556,0,3279956,0,2,1,0,7282084,910405129,918102713,23,23,1044964,1564400,3132626,819989,30118334,27981,198366834,169049501,0
1789562721.370323,48.686,2757556,166299,0,111,43,56,38390,315975,11300856,17780936,4179856,62718028,45358304,64771556,0,3263176,0,2,1,0,7282106,910655368,918352982,23,23,1044964,1564719,3133264,815794,30118336,27981,198366834,169049501,0
1789562721.6206129,48.936,2757906,166349,0,111,43,56,38390,315975,11300907,17780936,4179856,62718028,45358304,64771556,0,3255108,0,2,1,0,7282123,910905108,918602744,23,23,1044964,1564719,3133264,813777,30118337,27981,198366834,169049501,0
1789562721.8709142,49.187,2758256,166400,0,111,43,56,38390,315975,11300958,17780936,4179856,62718028,45358304,64771556,0,3238892,0,2,1,0,7282141,911154860,918852520,23,23,1044964,1564719,3133264,809723,30118337,27981,198366834,169049501,0
1789562722.121211,49.437,2758606,166450,0,111,43,56,38390,315975,11301021,17780936,4179856,62717788,45358064,64771556,0,3226596,0,2,1,0,7282162,911405081,919102793,23,23,1044964,1564713,3133252,806649,30118338,27981,198366834,169049501,0
1789562722.3714998,49.687,2758957,166500,0,111,43,56,38390,315975,11301069,17780936,4179856,62717788,45358064,64771556,0,3218404,0,2,1,0,7282178,911655311,919353045,23,23,1044964,1564713,3133252,804601,30118338,27981,198366834,169049501,0
1789562722.6217885,49.937,2759307,166550,0,111,43,56,38390,315975,11301120,17780936,4179856,62717788,45358064,64771556,0,3202020,0,2,1,0,7282195,911905562,919603321,23,23,1044964,1564713,3133252,800505,30118341,27981,198366834,169049501,0
1789562722.872084,50.188,2759657,166600,0,111,43,56,38390,315975,11301166,17780936,4179856,62717788,45358064,64771556,0,3193828,0,2,1,0,7282213,912155771,919853577,23,23,1044964,1564713,3133252,798457,30118341,27981,198366834,169049501,0
1789562723.1223648,50.438,2760007,166650,0,111,43,56,38390,315975,11301240,17780936,4179856,62718028,45358304,64771556,0,3177084,0,2,1,0,7282229,912406006,920103835,23,23,1044964,1564719,3133264,794271,30118342,27981,198366834,169049501,0
1789562723.372649,50.688,2760358,166700,0,111,43,56,38390,315975,11301329,17780936,4179856,62720108,45360384,64771556,0,3162328,0,2,1,0,7282244,912656241,920354091,23,23,1044964,1564771,3133368,790582,30118342,27981,198366834,169049501,0
1789562723.6229653,50.939,2760708,166750,0,111,43,56,38390,315975,11301457,17780528,4180400,62735724,45376408,64771556,0,3152544,0,2,1,0,7282269,912904937,920603134,23,23,1045100,1565161,3134148,788136,30118359,27981,198366834,169049501,0
1789562723.8733,51.189,2761058,166800,0,111,43,56,38390,315975,11301552,17780528,4180912,62735724,45376408,64771556,0,3137496,0,2,1,0,7282287,913155026,920853247,23,23,1045228,1565161,3134148,784374,30118369,27981,198366834,169049501,0
1789562724.12361,51.439,2761408,166850,0,111,43,56,38390,315975,11301660,17780688,4180940,62735912,45376440,64771556,0,3128036,0,2,1,0,7282305,913405269,921103516,23,23,1045235,1565165,3134158,782009,30118371,27981,198366834,169049501,0
1789562724.3739264,51.69,2761758,166900,0,111,43,56,38390,315976,11301757,17780688,4180940,62737736,45378264,64771556,0,3113164,0,2,1,0,7282321,913655535,921353804,23,23,1045235,1565211,3134249,778291,30118371,27981,198366834,169049501,0
1789562724.624249,51.94,2762101,166937,0,111,43,56,38410,315976,11301968,17779892,1336748,62717932,45359136,64771556,0,6022204,0,1,2,0,7283035,913802909,921513190,23,23,333675,1564716,3133259,1506063,30119697,27981,198366842,171968341,0
1789562724.8746758,52.19,2762475,166962,0,111,43,56,38412,315976,11302127,17779872,1031404,62717516,45358720,64771556,0,6312664,0,1,1,0,7287838,914037392,921755763,23,23,257851,1564706,3133238,1578166,30119698,27981,198366846,172273717,0
1789562725.1250098,52.441,2762851,166987,0,111,43,56,38412,315976,11302253,17780236,1031960,62722184,45363032,64771556,0,6299976,0,1,1,0,7287850,914287226,922005604,23,23,257990,1564823,3133472,1574994,30119710,27981,198366846,172273717,0
1789562725.3753147,52.691,2763226,167012,0,111,43,56,38412,315976,11302383,17780236,1031960,62735660,45376508,64771556,0,6288208,0,1,1,0,7287856,914537493,922255879,23,23,257990,1565159,3134145,1572052,30119712,27981,198366846,172273717,0
1789562725.6256232,52.941,2763601,167037,0,111,43,56,38412,315976,11302462,17780236,1031960,62735660,45376508,64771556,0,6278792,0,1,1,0,7287856,914787765,922506151,23,23,257990,1565159,3134145,1569698,30119712,27981,198366846,172273717,0
1789562725.8759353,53.192,2763976,167062,0,111,43,56,38412,315976,11302563,17780236,1031960,62735660,45376508,64771556,0,6264056,0,1,1,0,7287856,915038048,922756434,23,23,257990,1565159,3134145,1566014,30119713,27981,198366846,172273717,0
1789562726.1262286,53.442,2764352,167087,0,111,43,56,38412,315976,11302688,17779828,1031960,62738156,45379004,64771556,0,6249336,0,1,1,0,7287868,915288244,923006638,23,23,257990,1565221,3134270,1562334,30119713,27981,198366846,172273717,0
1789562726.376531,53.692,2764727,167112,0,111,43,56,38412,315976,11302773,17779828,1031960,62739884,45380732,64771556,0,6239732,0,1,1,0,7287868,915538507,923256901,23,23,257990,1565264,3134356,1559933,30119715,27981,198366846,172273717,0
1789562726.6268198,53.943,2765102,167137,0,111,43,56,38412,315976,11302887,17779828,1031960,62739884,45380732,64771556,0,6226448,0,1,1,0,7287868,915788771,923507165,23,23,257990,1565264,3134356,1556612,30119715,27981,198366846,172273717,0
1789562726.8771029,54.193,2765477,167162,0,111,43,56,38412,315976,11302931,17779828,1031960,62739884,45380732,64771556,0,6218256,0,1,1,0,7287873,916038965,923757412,23,23,257990,1565264,3134356,1554564,30119717,27981,198366846,172273717,0
1789562727.1273777,54.443,2765853,167187,0,111,43,56,38412,315976,11302996,17779828,1031960,62739884,45380732,64771556,0,6210064,0,1,1,0,7287880,916288932,924007672,23,23,257990,1565264,3134356,1552516,30119717,27981,198366846,172273717,0
1789562727.3776782,54.693,2766228,167212,0,111,43,56,38412,315976,11303044,17779828,1031960,62739884,45380732,64771556,0,6194024,0,1,1,0,7287880,916539195,924257935,23,23,257990,1565264,3134356,1548506,30119718,27981,198366846,172273717,0
1789562727.6279762,54.944,2766603,167237,0,111,43,56,38412,315976,11303090,17779828,1031960,62739884,45380732,64771556,0,6185744,0,1,1,0,7287880,916789457,924508197,23,23,257990,1565264,3134356,1546436,30119718,27981,198366846,172273717,0
1789562727.8782752,55.194,2766978,167262,0,111,43,56,38412,315976,11303138,17779828,1031960,62739884,45380732,64771556,0,6173488,0,1,1,0,7287880,917039720,924758460,23,23,257990,1565264,3134356,1543372,30119721,27981,198366846,172273717,0
1789562728.1285553,55.444,2767354,167287,0,111,43,56,38412,315976,11303204,17779824,1031960,62744652,45385500,64771556,0,6156988,0,1,1,0,7287880,917288990,925007731,23,23,257990,1565383,3134595,1539247,30119722,27981,198366846,172273717,0
1789562728.3788514,55.695,2767729,167312,0,111,43,56,38412,315976,11303252,17779824,1031960,62746044,45386892,64771556,0,6148744,0,1,1,0,7287880,917539255,925257996,23,23,257990,1565418,3134664,1537186,30119723,27981,198366846,172273717,0
1789562728.6291423,55.945,2768104,167337,0,111,43,56,38412,315976,11303301,17779824,1031960,62746044,45386892,64771556,0,6132380,0,1,1,0,7287880,917789508,925508248,23,23,257990,1565418,3134664,1533095,30119723,27981,198366846,172273717,0
1789562728.8794184,56.195,2768479,167362,0,111,43,56,38412,315976,11303346,17779824,1031960,62746044,45386892,64771556,0,6120248,0,1,1,0,7287880,918039763,925758503,23,23,257990,1565418,3134664,1530062,30119724,27981,198366846,172273717,0
1789562729.1297095,56.445,2768855,167387,0,111,43,56,38412,315977,11303446,17779764,1031956,62750100,45391196,64771556,0,6107664,0,1,1,0,7287885,918289056,926007803,23,23,257989,1565519,3134867,1526916,30119725,27981,198366846,172273717,0
1789562729.3800254,56.696,2769230,167412,0,111,43,56,38412,315977,11303537,17779764,1031956,62761900,45402996,64771556,0,6099472,0,1,1,0,7287893,918539317,926258075,23,23,257989,1565814,3135457,1524868,30119725,27981,198366846,172273717,0
1789562729.6303263,56.946,2769605,167438,0,111,43,56,38412,315977,11303604,17779764,1032520,62761868,45402964,64771556,0,6083088,0,1,1,0,7287893,918788598,926507356,23,23,258130,1565813,3135455,1520772,30119727,27981,198366846,172274481,0
1789562729.880631,57.196,2769980,167463,0,111,43,56,38412,315977,11303650,17779764,1032520,62761868,45402964,64771556,0,6074896,0,1,1,0,7287893,919038876,926757634,23,23,258130,1565813,3135455,1518724,30119727,27981,198366846,172274481,0
1789562730.1309614,57.447,2770352,167488,0,111,43,56,38416,315977,11303752,17779748,416832,62766040,45407136,64771556,0,6678296,0,1,2,0,7287898,919260865,926979623,23,23,104208,1565917,3135664,1669574,30119728,27981,198366846,172890289,0
1789562730.381288,57.697,2770726,167513,0,111,43,56,38417,315977,11303819,17779720,63452,62767288,45408384,64771556,0,7015548,0,1,1,0,7287900,919495219,927213977,23,23,15863,1565948,3135726,1753887,30119729,27981,198366846,173243581,0
1789562730.6315842,57.947,2771101,167538,0,111,43,56,38417,315977,11303869,17779720,63452,62767288,45408384,64771556,0,7007356,0,1,1,0,7287900,919745476,927464234,23,23,15863,1565948,3135726,1751839,30119730,27981,198366846,173243581,0
1789562730.881893,58.198,2771476,167563,0,111,43,56,38417,315977,11303926,17779720,63452,62767288,45408384,64771556,0,6991112,0,1,1,0,7287900,919995799,927714557,23,23,15863,1565948,3135726,1747778,30119732,27981,198366846,173243581,0
1789562731.1322303,58.448,2771851,167588,0,111,43,56,38417,315977,11303989,17779720,63452,62769160,45410256,64771556,0,6982896,0,1,2,0,7287900,920246075,927964833,23,23,15863,1565995,3135820,1745724,30119734,27981,198366846,173243581,0
1789562731.382527,58.698,2772227,167613,0,111,43,56,38417,315977,11304031,17779716,63452,62769160,45410256,64771556,0,6970428,0,1,1,0,7287900,920496329,928215087,23,23,15863,1565995,3135820,1742607,30119734,27981,198366846,173243581,0
1789562731.6328208,58.949,2772602,167638,0,111,43,56,38417,315977,11304082,17779716,63452,62769160,45410256,64771556,0,6962104,0,1,1,0,7287900,920746593,928465351,23,23,15863,1565995,3135820,1740526,30119735,27981,198366846,173243581,0
1789562731.8831024,59.199,2772977,167663,0,111,43,56,38418,315977,11304127,17779716,63452,62769160,45410256,64771556,0,6945724,0,1,1,0,7287900,920996845,928715603,23,23,15863,1565995,3135820,1736431,30119735,27981,198366846,173243581,0
1789562732.1333866,59.449,2773352,167688,0,111,43,56,38418,315977,11304192,17779716,63452,62770396,45411492,64771556,0,6929700,0,1,2,0,7287900,921247106,928965864,23,23,15863,1566026,3135882,1732425,30119736,27981,198366846,173243581,0
1789562732.383689,59.699,2773728,167713,0,111,43,56,38418,315977,11304244,17779716,63452,62771484,45412580,64771556,0,6917448,0,1,1,0,7287900,921497390,929216148,23,23,15863,1566053,3135936,1729362,30119737,27981,198366846,173243581,0
1789562732.6340015,59.95,2774103,167738,0,111,43,56,38418,315977,11304296,17779716,63452,62771080,45412176,64771556,0,6909212,0,1,1,0,7287900,921747645,929466403,23,23,15863,1566043,3135916,1727303,30119738,27981,198366846,173243581,0
1789562732.8842957,60.2,2774478,167763,0,111,43,56,38418,315977,11304340,17779716,63452,62771080,45412176,64771556,0,6900976,0,1,1,0,7287900,921997909,929716667,23,23,15863,1566043,3135916,1725244,30119739,27981,198366846,173243581,0
1789562733.1345828,60.45,2774854,167788,0,111,43,56,38418,315977,11304405,17779716,63452,62775624,45416720,64771556,0,6884544,0,1,1,0,7287900,922248172,929966930,23,23,15863,1566157,3136143,1721136,30119740,27981,198366846,173243581,0
1789562733.3848863,60.701,2775229,167813,0,111,43,56,38418,315977,11304511,17779828,63420,62784100,45425084,64771556,0,6871964,0,1,1,0,7287908,922498428,930217199,23,23,15855,1566368,3136567,1717991,30119740,27981,198366846,173243581,0
1789562733.6351862,60.951,2775604,167838,0,111,43,56,38418,315977,11304601,17779828,63420,62784100,45425084,64771556,0,6863772,0,1,1,0,7287908,922747744,930466514,23,23,15855,1566368,3136567,1715943,30119745,27981,198366846,173243581,0
1789562733.885531,61.201,2775979,167864,0,111,43,56,38418,315977,11304658,17779828,63420,62784100,45425084,64771556,0,6847388,0,1,1,0,7287908,922997044,930715814,23,23,15855,1566368,3136567,1711847,30119746,27981,198366846,173243581,0
1789562734.13586,61.452,2776354,167889,0,111,43,56,38418,315977,11304716,17779828,63420,62785108,45426092,64771556,0,6831004,0,1,1,0,7287908,923247327,930966098,23,23,15855,1566393,3136617,1707751,30119748,27981,198366846,173243581,0
1789562734.3861635,61.702,2776729,167914,0,111,43,56,38418,315977,11304789,17779828,63372,62784976,45425952,64771556,0,6818716,0,1,1,0,7287909,923494659,931213430,23,23,15843,1566390,3136610,1704679,30119748,27981,198366846,173243701,0
1789562734.6364734,61.952,2777104,167939,0,111,43,56,38418,315977,11304850,17779828,63436,62786036,45427012,64771556,0,6810524,0,1,1,0,7287909,923744931,931463702,23,23,15859,1566416,3136663,1702631,30119749,27981,198366846,173243837,0
1789562734.8867693,62.202,2777480,167964,0,111,43,56,38418,315978,11304945,17779828,63436,62786036,45427012,64771556,0,6794196,0,1,1,0,7287909,923995214,931713984,23,23,15859,1566416,3136663,1698549,30119749,27981,198366846,173243837,0
1789562735.1370835,62.453,2777855,167989,0,111,43,56,38418,315978,11305014,17779828,63436,62789056,45430032,64771556,0,6785948,0,1,1,0,7287909,924245489,931964260,23,23,15859,1566492,3136814,1696487,30119751,27981,198366846,173243837,0
1789562735.3873932,62.703,2778230,168014,0,111,43,56,38418,315978,11305071,17779828,63436,62789056,45430032,64771556,0,6769628,0,1,1,0,7287909,924495768,932214539,23,23,15859,1566492,3136814,1692407,30119752,27981,198366846,173243837,0
1789562735.637691,62.953,2778605,168039,0,111,43,56,38418,315978,11305116,17779828,63436,62789056,45430032,64771556,0,6757520,0,1,1,0,7287909,924746060,932464831,23,23,15859,1566492,3136814,1689380,30119753,27981,198366846,173243837,0
1789562735.8880062,63.204,2778981,168064,0,111,43,56,38418,315978,11305160,17779828,63436,62789056,45430032,64771556,0,6749272,0,1,1,0,7287909,924996314,932715085,23,23,15859,1566492,3136814,1687318,30119753,27981,198366846,173243837,0
1789562736.1382864,63.454,2779356,168089,0,111,43,56,38418,315978,11305217,17779828,63436,62793440,45434416,64771556,0,6741064,0,1,1,0,7287909,925246578,932965349,23,23,15859,1566601,3137033,1685266,30119753,27981,198366846,173243837,0
1789562736.3885827,63.704,2779730,168114,0,111,43,56,38419,315978,11305284,17779828,63436,62794332,45435232,64771556,0,6724612,0,1,1,0,7287910,925490990,933209761,23,23,15859,1566624,3137078,1681153,30120430,27981,198366846,173243837,0
1789562736.6389294,63.955,2780094,168139,0,111,43,56,38420,315988,11305722,17779836,63436,62770644,45411528,64771556,0,6712220,0,1,2,0,7287978,925662808,933382651,23,23,15859,1566032,3135894,1678055,30126623,27981,198366846,173243837,0
1789562736.889297,64.205,2780451,168164,0,111,43,56,38424,316002,11306403,17779840,64464,62770232,45411100,64771556,0,6695836,0,1,1,0,7288539,925810211,933531829,23,23,16116,1566022,3135873,1673959,30135144,27981,198366846,173243841,0
1789562737.1396713,64.455,2780827,168189,0,111,43,56,38424,316002,11306474,17779840,64464,62771440,45412308,64771556,0,6687644,0,1,1,0,7288546,926060271,933782151,23,23,16116,1566052,3135933,1671911,30135145,27981,198366846,173243841,0
1789562737.3900177,64.706,2781201,168215,0,111,43,56,38424,316002,11306603,17779840,59296,62774604,45415472,64771556,0,6671516,0,1,1,0,7288561,926302969,934024894,23,23,14824,1566131,3136091,1667879,30135146,27981,198366846,173249009,0
1789562737.6403177,64.956,2781576,168240,0,111,43,56,38424,316002,11306661,17779840,59296,62774604,45415472,64771556,0,6663324,0,1,1,0,7288561,926552241,934274166,23,23,14824,1566131,3136091,1665831,30135146,27981,198366846,173249009,0
1789562737.8906147,65.206,2781951,168265,0,111,43,56,38424,316002,11306727,17779840,59296,62774604,45415472,64771556,0,6651036,0,1,1,0,7288561,926802506,934524431,23,23,14824,1566131,3136091,1662759,30135150,27981,198366846,173249009,0
1789562738.1409311,65.457,2782327,168290,0,111,43,56,38424,316002,11306798,17779840,59444,62777832,45418680,64771556,0,6642588,0,1,1,0,7288565,927052787,934774719,23,23,14861,1566211,3136253,1660647,30135151,27981,198366846,173249009,0
1789562738.3912241,65.707,2782702,168315,0,111,43,56,38424,316002,11306850,17779840,59444,62777832,45418680,64771556,0,6626316,0,1,1,0,7288565,927303049,935024981,23,23,14861,1566211,3136253,1656579,30135152,27981,198366846,173249009,0
1789562738.6415145,65.957,2783077,168340,0,111,43,56,38424,316002,11306909,17779840,59444,62777832,45418680,64771556,0,6618072,0,1,1,0,7288565,927553324,935275257,23,23,14861,1566211,3136253,1654518,30135152,27981,198366846,173249009,0
1789562738.891831,66.208,2783452,168365,0,111,43,56,38424,316002,11306966,17779840,59444,62781132,45421980,64771556,0,6605784,0,1,1,0,7288565,927803601,935525533,23,23,14861,1566294,3136418,1651446,30135153,27981,198366846,173249009,0
1789562739.1421323,66.458,2783828,168390,0,111,43,56,38425,316002,11307050,17779840,59444,62782576,45423424,64771556,0,6589400,0,1,1,0,7288565,928053871,935775803,23,23,14861,1566330,3136490,1647350,30135153,27981,198366846,173249009,0
1789562739.3924422,66.708,2784203,168415,0,111,43,56,38425,316002,11307105,17779840,59428,62783844,45424680,64771556,0,6581224,0,1,1,0,7288565,928304146,936026079,23,23,14857,1566362,3136553,1645306,30135157,27981,198366846,173249025,0
1789562739.6427295,66.958,2784578,168440,0,111,43,56,38425,316002,11307162,17779840,59428,62783844,45424680,64771556,0,6564840,0,1,1,0,7288566,928553423,936275356,23,23,14857,1566362,3136553,1641210,30135157,27981,198366846,173249025,0
1789562739.893025,67.209,2784953,168465,0,111,43,56,38425,316002,11307224,17779840,59436,62785440,45426276,64771556,0,6552552,0,1,1,0,7288566,928803677,936525610,23,23,14859,1566401,3136633,1638138,30135158,27981,198366846,173249073,0
1789562740.1433113,67.459,2785328,168490,0,111,43,56,38425,316002,11307290,17779840,59436,62788332,45429168,64771556,0,6544360,0,1,1,0,7288566,929053955,936775888,23,23,14859,1566474,3136778,1636090,30135159,27981,198366846,173249073,0
1789562740.3936207,67.709,2785704,168516,0,111,43,56,38425,316002,11307344,17779840,59436,62788332,45429168,64771556,0,6527976,0,1,1,0,7288566,929304227,937026159,23,23,14859,1566474,3136778,1631994,30135160,27981,198366846,173249073,0
1789562740.6439328,67.96,2786079,168541,0,111,43,56,38425,316002,11307393,17779840,59436,62788332,45429168,64771556,0,6519784,0,1,1,0,7288566,929554505,937276438,23,23,14859,1566474,3136778,1629946,30135162,27981,198366846,173249073,0
1789562740.8942285,68.21,2786454,168566,0,111,43,56,38425,316003,11307454,17779840,59436,62788588,45429424,64771556,0,6503400,0,1,1,0,7288566,929804789,937526721,23,23,14859,1566480,3136790,1625850,30135167,27981,198366846,173249073,0
1789562741.1445355,68.46,2786829,168591,0,111,43,56,38425,316003,11307524,17779840,59436,62796024,45436860,64771556,0,6491112,0,1,1,0,7288566,930055046,937776978,23,23,14859,1566666,3137162,1622778,30135167,27981,198366846,173249073,0
1789562741.3948154,68.711,2787205,168616,0,111,43,56,38425,316003,11307624,17779840,59444,62797544,45438380,64771556,0,6482844,0,1,1,0,7288573,930305291,938027233,23,23,14861,1566704,3137238,1620711,30135167,27981,198366846,173249073,0
1789562741.645105,68.961,2787580,168641,0,111,43,56,38425,316003,11307681,17779840,59444,62797544,45438380,64771556,0,6466460,0,1,1,0,7288573,930554555,938276498,23,23,14861,1566704,3137238,1616615,30135169,27981,198366846,173249073,0
1789562741.8953822,69.211,2787955,168666,0,111,43,56,38425,316003,11307728,17779840,59444,62797800,45438636,64771556,0,6458268,0,1,1,0,7288573,930804816,938526758,23,23,14861,1566710,3137251,1614567,30135169,27981,198366846,173249073,0
1789562742.1456764,69.461,2788330,168691,0,111,43,56,38425,316003,11307779,17779840,59444,62798056,45438892,64771556,0,6445980,0,1,1,0,7288573,931055098,938777040,23,23,14861,1566716,3137264,1611495,30135171,27981,198366846,173249073,0
1789562742.3959846,69.712,2788705,168716,0,111,43,56,38425,316003,11307837,17779840,59444,62802552,45443388,64771556,0,6429596,0,1,1,0,7288573,931305353,939027296,23,23,14861,1566829,3137489,1607399,30135171,27981,198366846,173249073,0
1789562742.6462767,69.962,2789081,168741,0,111,43,56,38425,316003,11307888,17779840,59444,62802552,45443388,64771556,0,6421404,0,1,1,0,7288573,931555636,939277579,23,23,14861,1566829,3137489,1605351,30135172,27981,198366846,173249073,0
1789562742.896605,70.212,2789456,168766,0,111,43,56,38426,316003,11307938,17779840,59444,62802552,45443388,64771556,0,6405020,0,1,1,0,7288573,931805938,939527880,23,23,14861,1566829,3137489,1601255,30135173,27981,198366846,173249073,0
1789562743.1469452,70.463,2789831,168791,0,111,43,56,38426,316003,11308010,17779840,59444,62804280,45445116,64771556,0,6392732,0,1,1,0,7288573,932056240,939778183,23,23,14861,1566872,3137575,1598183,30135174,27981,198366846,173249073,0
1789562743.3972492,70.713,2790207,168816,0,111,43,56,38426,316003,11308051,17779840,59444,62804568,45445404,64771556,0,6384540,0,1,1,0,7288573,932306500,940028443,23,23,14861,1566879,3137589,1596135,30135175,27981,198366846,173249073,0
1789562743.6475477,70.963,2790581,168841,0,111,43,56,38426,316003,11308173,17779840,59452,62805448,45446284,64771556,0,6368156,0,1,1,0,7288576,932552863,940274806,23,23,14863,1566901,3137633,1592039,30135205,27981,198366846,173249073,0
1789562743.8979053,71.214,2790956,168866,0,111,43,56,38426,316003,11308223,17779840,59452,62805448,45446284,64771556,0,6359964,0,1,1,0,7288577,932802163,940524105,23,23,14863,1566901,3137633,1589991,30135205,27981,198366846,173249073,0
1789562744.148208,71.464,2791331,168891,0,111,43,56,38426,316003,11308294,17779840,59452,62807036,45447872,64771556,0,6339484,0,1,1,0,7288577,933050463,940772406,23,23,14863,1566941,3137713,1584871,30135206,27981,198366846,173249073,0
1789562744.3985288,71.714,2791707,168917,0,111,43,56,38426,316003,11308341,17779840,59452,62809036,45449872,64771556,0,6331292,0,1,1,0,7288577,933300753,941022696,23,23,14863,1566990,3137813,1582823,30135207,27981,198366846,173249073,0
1789562744.6488378,71.965,2792082,168942,0,111,43,56,38426,316003,11308400,17779840,59452,62809036,45449872,64771556,0,6314908,0,1,1,0,7288577,933550043,941271986,23,23,14863,1566990,3137813,1578727,30135208,27981,198366846,173249073,0
1789562744.899149,72.215,2792457,168967,0,111,43,56,38426,316003,11308441,17779840,59452,62809036,45449872,64771556,0,6306716,0,1,1,0,7288577,933800317,941522259,23,23,14863,1566990,3137813,1576679,30135209,27981,198366846,173249073,0
1789562745.1494489,72.465,2792833,168992,0,111,43,56,38426,316003,11308521,17779840,58560,62810208,45451044,64771556,0,6298524,0,1,1,0,7288577,934050612,941772555,23,23,14640,1567020,3137871,1574631,30135210,27981,198366846,173250021,0
1789562745.3997846,72.715,2793208,169017,0,111,43,56,38426,316004,11308620,17779840,58560,62812472,45453308,64771556,0,6286236,0,1,1,0,7288583,934299911,942021862,23,23,14640,1567076,3137984,1571559,30135210,27981,198366846,173250021,0
1789562745.6501253,72.966,2793583,169042,0,111,43,56,38426,316004,11308672,17779840,58560,62812472,45453308,64771556,0,6269852,0,1,1,0,7288590,934549126,942271163,23,23,14640,1567076,3137984,1567463,30135212,27981,198366846,173250021,0
1789562745.9004357,73.216,2793958,169067,0,111,43,56,38426,316004,11308713,17779840,58560,62812472,45453308,64771556,0,6261660,0,1,1,0,7288590,934799396,942521433,23,23,14640,1567076,3137984,1565415,30135212,27981,198366846,173250021,0
1789562746.1507313,73.466,2794334,169092,0,111,43,56,38426,316004,11308780,17779840,58560,62812472,45453308,64771556,0,6245276,0,1,1,0,7288614,935048599,942770730,23,23,14640,1567076,3137984,1561319,30135214,27981,198366846,173250021,0
1789562746.4010563,73.717,2794709,169117,0,111,43,56,38426,316004,11308830,17779840,58560,62814376,45455212,64771556,0,6232988,0,1,1,0,7288618,935298829,943021000,23,23,14640,1567124,3138080,1558247,30135214,27981,198366846,173250021,0
1789562746.6513548,73.967,2795084,169142,0,111,43,56,38426,316004,11308880,17779840,58560,62814376,45455212,64771556,0,6224796,0,1,1,0,7288623,935549099,943271278,23,23,14640,1567124,3138080,1556199,30135215,27981,198366846,173250021,0
1789562746.9016721,74.217,2795460,169167,0,111,43,56,38426,316004,11308923,17779840,58560,62814376,45455212,64771556,0,6208412,0,1,1,0,7288623,935799397,943521577,23,23,14640,1567124,3138080,1552103,30135216,27981,198366846,173250021,0
1789562747.1519895,74.468,2795835,169192,0,111,43,56,38426,316004,11308984,17779840,58560,62814376,45455212,64771556,0,6200240,0,1,1,0,7288631,936049404,943771850,23,23,14640,1567124,3138080,1550060,30135216,27981,198366846,173250021,0
1789562747.4022942,74.718,2796210,169217,0,111,43,56,38427,316004,11309031,17779840,58560,62814376,45455212,64771556,0,6183940,0,1,1,0,7288631,936298679,944021125,23,23,14640,1567124,3138080,1545985,30135217,27981,198366846,173250021,0
1789562747.6525953,74.968,2796585,169242,0,111,43,56,38427,316004,11309081,17779840,58560,62814376,45455212,64771556,0,6171596,0,1,1,0,7288631,936548951,944271397,23,23,14640,1567124,3138080,1542899,30135218,27981,198366846,173250021,0
1789562747.902912,75.219,2796961,169267,0,111,43,56,38427,316004,11309125,17779840,58560,62814376,45455212,64771556,0,6163648,0,1,1,0,7288631,936799234,944521680,23,23,14640,1567124,3138080,1540912,30135219,27981,198366846,173250021,0
1789562748.1532142,75.469,2797336,169292,0,111,43,56,38427,316004,11309190,17779840,58560,62816040,45456876,64771556,0,6147048,0,1,1,0,7288631,937049517,944771963,23,23,14640,1567165,3138163,1536762,30135220,27981,198366846,173250021,0
1789562748.403533,75.719,2797711,169317,0,111,43,56,38427,316004,11309242,17779840,58560,62816040,45456876,64771556,0,6138896,0,1,1,0,7288631,937299795,945022241,23,23,14640,1567165,3138163,1534724,30135221,27981,198366846,173250021,0
1789562748.653835,75.97,2798086,169342,0,111,43,56,38427,316004,11309300,17779840,58560,62816808,45457644,64771556,0,6126888,0,1,1,0,7288631,937550066,945272512,23,23,14640,1567184,3138201,1531722,30135221,27981,198366846,173250021,0
1789562748.9041398,76.22,2798462,169367,0,111,43,56,38427,316004,11309346,17779840,58560,62816808,45457644,64771556,0,6110148,0,1,1,0,7288631,937799344,945521790,23,23,14640,1567184,3138201,1527537,30135223,27981,198366846,173250021,0
1789562749.1544409,76.47,2798837,169392,0,111,43,56,38427,316004,11309412,17779840,58560,62818264,45459100,64771556,0,6102016,0,1,1,0,7288631,938049611,945772057,23,23,14640,1567221,3138274,1525504,30135223,27981,198366846,173250021,0
1789562749.40474,76.72,2799212,169417,0,111,43,56,38427,316004,11309505,17779840,58560,62819748,45460584,64771556,0,6085552,0,1,1,0,7288640,938299827,946022341,23,23,14640,1567258,3138348,1521388,30135224,27981,198366846,173250021,0
1789562749.6550624,76.971,2799588,169442,0,111,43,56,38427,316004,11309556,17779840,58560,62820000,45460836,64771556,0,6073276,0,1,1,0,7288640,938550102,946272616,23,23,14640,1567264,3138361,1518319,30135225,27981,198366846,173250021,0
1789562749.9053578,77.221,2799963,169468,0,111,43,56,38427,316004,11309600,17779840,58560,62820000,45460836,64771556,0,6065084,0,1,1,0,7288640,938799380,946521894,23,23,14640,1567264,3138361,1516271,30135226,27981,198366846,173250021,0
1789562750.1556706,77.471,2800338,169493,0,111,43,56,38427,316004,11309672,17779840,58560,62821276,45462112,64771556,0,6056892,0,1,1,0,7288645,939048690,946771213,23,23,14640,1567296,3138424,1514223,30135227,27981,198366846,173250021,0
1789562750.4060056,77.722,2800713,169518,0,111,43,56,38427,316004,11309734,17779840,58568,62821252,45462088,64771556,0,6040508,0,1,1,0,7288646,939296991,947019514,23,23,14642,1567295,3138423,1510127,30135229,27981,198366846,173250065,0
1789562750.6563158,77.972,2801088,169543,0,111,43,56,38427,316004,11309784,17779840,58372,62821252,45462088,64771556,0,6024320,0,1,1,0,7288646,939546272,947268795,23,23,14593,1567295,3138423,1506080,30135229,27981,198366846,173250261,0
1789562750.9066257,78.222,2801464,169568,0,111,43,56,38427,316004,11309862,17779840,58372,62820848,45461684,64771556,0,6020224,0,1,1,0,7288646,939796571,947519094,23,23,14593,1567285,3138403,1505056,30135243,27981,198366846,173250261,0
1789562751.1569731,78.473,2801839,169593,0,111,43,56,38427,316004,11309921,17779840,58372,62821720,45462556,64771556,0,6003840,0,1,1,0,7288646,940046846,947769369,23,23,14593,1567307,3138447,1500960,30135243,27981,198366846,173250261,0
1789562751.407275,78.723,2802214,169618,0,111,43,56,38427,316004,11309972,17779840,58372,62821720,45462556,64771556,0,5995648,0,1,1,0,7288646,940297123,948019646,23,23,14593,1567307,3138447,1498912,30135244,27981,198366846,173250261,0
1789562751.6575782,78.973,2802589,169643,0,111,43,56,38427,316004,11310019,17779840,58372,62821720,45462556,64771556,0,5979264,0,1,1,0,7288646,940547402,948269925,23,23,14593,1567307,3138447,1494816,30135244,27981,198366846,173250261,0
1789562751.907914,79.224,2802965,169668,0,111,43,56,38427,316004,11310064,17779840,58372,62821720,45462556,64771556,0,5966976,0,1,1,0,7288646,940797706,948520229,23,23,14593,1567307,3138447,1491744,30135246,27981,198366846,173250261,0
1789562752.1582196,79.474,2803340,169693,0,111,43,56,38427,316004,11310141,17779840,58372,62821952,45462788,64771556,0,5950816,0,1,1,0,7288646,941046985,948769508,23,23,14593,1567313,3138458,1487704,30135247,27981,198366846,173250261,0
1789562752.4085171,79.724,2803715,169718,0,111,43,56,38428,316004,11310191,17779840,58372,62821952,45462788,64771556,0,5942608,0,1,1,0,7288646,941297250,949019773,23,23,14593,1567313,3138458,1485652,30135247,27981,198366846,173250261,0
1789562752.6588206,79.975,2804090,169743,0,111,43,56,38428,316004,11310255,17779840,58372,62821952,45462788,64771556,0,5926048,0,1,1,0,7288646,941546530,949269053,23,23,14593,1567313,3138458,1481512,30135248,27981,198366846,173250261,0
1789562752.9091077,80.225,2804466,169768,0,111,43,56,38428,316004,11310296,17779840,58372,62821952,45462788,64771556,0,5917812,0,1,1,0,7288646,941796782,949519305,23,23,14593,1567313,3138458,1479453,30135248,27981,198366846,173250261,0
1789562753.159397,80.475,2804841,169794,0,111,43,56,38428,316004,11310363,17779840,58372,62821952,45462788,64771556,0,5905684,0,1,1,0,7288646,942046087,949768610,23,23,14593,1567313,3138458,1476421,30135250,27981,198366846,173250261,0
1789562753.4097052,80.725,2805216,169819,0,111,43,56,38428,316005,11310460,17779840,58372,62823972,45464808,64771556,0,5897312,0,1,1,0,7288652,942296383,950018913,23,23,14593,1567363,3138559,1474328,30135251,27981,198366846,173250261,0
1789562753.660035,80.976,2805591,169844,0,111,43,56,38428,316005,11310546,17779840,58372,62823972,45464808,64771556,0,5880928,0,1,1,0,7288652,942545681,950268211,23,23,14593,1567363,3138559,1470232,30135255,27981,198366846,173250261,0
1789562753.9103491,81.226,2805966,169869,0,111,43,56,38428,316005,11310592,17779840,58372,62823972,45464808,64771556,0,5872736,0,1,1,0,7288652,942795937,950518467,23,23,14593,1567363,3138559,1468184,30135255,27981,198366846,173250261,0
1789562754.1606317,81.476,2806342,169894,0,111,43,56,38428,316005,11310645,17779840,58372,62823972,45464808,64771556,0,5860448,0,1,1,0,7288652,943046189,950768719,23,23,14593,1567363,3138559,1465112,30135256,27981,198366846,173250261,0
1789562754.41093,81.727,2806717,169919,0,111,43,56,38428,316005,11310692,17779840,58372,62823972,45464808,64771556,0,5844064,0,1,1,0,7288652,943296466,951018996,23,23,14593,1567363,3138559,1461016,30135256,27981,198366846,173250261,0
1789562754.6612298,81.977,2807092,169944,0,111,43,56,38428,316005,11310742,17779840,58372,62823972,45464808,64771556,0,5835872,0,1,1,0,7288652,943546729,951269259,23,23,14593,1567363,3138559,1458968,30135259,27981,198366846,173250261,0
1789562754.9115074,82.227,2807467,169969,0,111,43,56,38428,316005,11310802,17779840,58372,62823972,45464808,64771556,0,5819488,0,1,1,0,7288652,943796976,951519506,23,23,14593,1567363,3138559,1454872,30135259,27981,198366846,173250261,0
1789562755.161785,82.477,2807842,169994,0,111,43,56,38428,316005,11310870,17779840,58372,62823972,45464808,64771556,0,5807200,0,1,1,0,7288652,944047241,951769771,23,23,14593,1567363,3138559,1451800,30135260,27981,198366846,173250261,0
1789562755.412075,82.728,2808218,170019,0,111,43,56,38428,316005,11310918,17779840,58372,62823972,45464808,64771556,0,5799268,0,1,1,0,7288652,944297490,952020020,23,23,14593,1567363,3138559,1449817,30135260,27981,198366846,173250261,0
1789562755.6623492,82.978,2808593,170044,0,111,43,56,38428,316005,11310977,17779828,58372,62823972,45464808,64771556,0,5782704,0,1,1,0,7288653,944545763,952268294,23,23,14593,1567363,3138559,1445676,30135261,27981,198366846,173250313,0
1789562755.9126368,83.228,2808968,170069,0,111,43,56,38428,316005,11311026,17779824,152,62823972,45464808,64771556,0,5832900,0,1,1,0,7288653,944792086,952514616,23,23,38,1567363,3138559,1458225,30135263,27981,198366846,173308565,0
1789562756.1629386,83.479,2809343,170094,0,111,43,56,38429,316005,11311096,17779824,152,62823972,45464808,64771556,0,5812204,0,1,1,0,7288653,945042358,952764888,23,23,38,1567363,3138559,1453051,30135264,27981,198366846,173308565,0
1789562756.41322,83.729,2809718,170120,0,111,43,56,38429,316005,11311143,17779824,152,62823972,45464808,64771556,0,5804252,0,1,1,0,7288653,945291612,953014142,23,23,38,1567363,3138559,1451063,30135264,27981,198366846,173308565,0
1789562756.6634924,83.979,2810093,170145,0,111,43,56,38429,316005,11311240,17779824,152,62824400,45465236,64771556,0,5795864,0,1,1,0,7288668,945540537,953263407,23,23,38,1567374,3138581,1448966,30135272,27981,198366846,173308565,0
1789562756.9137802,84.229,2810468,170170,0,111,43,56,38429,316005,11311289,17779824,152,62824400,45465236,64771556,0,5779448,0,1,1,0,7288673,945790792,953513669,23,23,38,1567374,3138581,1444862,30135273,27981,198366846,173308565,0
1789562757.1640773,84.48,2810844,170195,0,111,43,56,38429,316005,11311354,17779824,152,62824400,45465236,64771556,0,5763100,0,1,1,0,7288679,946040790,953763929,23,23,38,1567374,3138581,1440775,30135274,27981,198366846,173308565,0
1789562757.4143598,84.73,2811219,170220,0,111,43,56,38429,316005,11311448,17779848,136,62826344,45467164,64771556,0,5758956,0,1,1,0,7288691,946291039,954014194,23,23,34,1567423,3138678,1439739,30135276,27981,198366846,173308565,0
1789562757.664652,84.98,2811594,170245,0,111,43,56,38429,316005,11311498,17779848,136,62826344,45467164,64771556,0,5742572,0,1,1,0,7288691,946541292,954264448,23,23,34,1567423,3138678,1435643,30135276,27981,198366846,173308565,0
1789562757.914954,85.231,2811970,170270,0,111,43,56,38429,316005,11311543,17779848,136,62826344,45467164,64771556,0,5734380,0,1,1,0,7288691,946791556,954514711,23,23,34,1567423,3138678,1433595,30135277,27981,198366846,173308565,0
1789562758.1652424,85.481,2812345,170295,0,111,43,56,38429,316005,11311606,17779848,136,62826344,45467164,64771556,0,5717996,0,1,1,0,7288691,947041808,954764963,23,23,34,1567423,3138678,1429499,30135277,27981,198366846,173308565,0
1789562758.4155364,85.731,2812720,170320,0,111,43,56,38429,316005,11311655,17779848,136,62826344,45467164,64771556,0,5705708,0,1,1,0,7288691,947291086,955014241,23,23,34,1567423,3138678,1426427,30135280,27981,198366846,173308565,0
1789562758.6658285,85.982,2813095,170345,0,111,43,56,38429,316005,11311714,17779848,136,62826344,45467164,64771556,0,5697516,0,1,1,0,7288691,947541340,955264495,23,23,34,1567423,3138678,1424379,30135280,27981,198366846,173308565,0
1789562758.916114,86.232,2813470,170370,0,111,43,56,38429,316005,11311755,17779848,136,62826344,45467164,64771556,0,5681132,0,1,1,0,7288691,947791602,955514757,23,23,34,1567423,3138678,1420283,30135282,27981,198366846,173308565,0
1789562759.1664004,86.482,2813846,170395,0,111,43,56,38429,316005,11311823,17779848,136,62826600,45467420,64771556,0,5672940,0,1,1,0,7288691,948041852,955765008,23,23,34,1567429,3138691,1418235,30135282,27981,198366846,173308565,0
1789562759.4166892,86.732,2814221,170420,0,111,43,56,38429,316005,11311878,17779848,136,62827928,45468748,64771556,0,5656700,0,1,1,0,7288691,948292130,956015286,23,23,34,1567462,3138757,1414175,30135283,27981,198366846,173308565,0
1789562759.666984,86.983,2814596,170445,0,111,43,56,38429,316005,11311925,17779848,136,62827928,45468748,64771556,0,5644528,0,1,1,0,7288691,948542382,956265537,23,23,34,1567462,3138757,1411132,30135283,27981,198366846,173308565,0
1789562759.9172695,87.233,2814971,170470,0,111,43,56,38429,316005,11311973,17779848,136,62827928,45468748,64771556,0,5636408,0,1,1,0,7288691,948792646,956515801,23,23,34,1567462,3138757,1409102,30135285,27981,198366846,173308565,0
1789562760.1675515,87.483,2815347,170495,0,111,43,56,38429,316005,11312038,17779848,136,62827928,45468748,64771556,0,5619704,0,1,1,0,7288692,949041907,956765062,23,23,34,1567462,3138757,1404926,30135285,27981,198366846,173308565,0
1789562760.4178402,87.734,2815722,170520,0,111,43,56,38429,316005,11312081,17779848,136,62827928,45468748,64771556,0,5611504,0,1,1,0,7288692,949292178,957015334,23,23,34,1567462,3138757,1402876,30135287,27981,198366846,173308565,0
1789562760.6681361,87.984,2816097,170545,0,111,43,56,38429,316005,11312132,17779848,136,62827928,45468748,64771556,0,5599592,0,1,1,0,7288692,949542443,957265598,23,23,34,1567462,3138757,1399898,30135287,27981,198366846,173308565,0
1789562760.9184375,88.234,2816472,170571,0,111,43,56,38429,316005,11312211,17779848,180,62827676,45468496,64771556,0,5583152,0,1,1,0,7288692,949791751,957514907,23,23,45,1567456,3138744,1395788,30135288,27981,198366846,173308649,0
1789562761.1687815,88.484,2816847,170596,0,111,43,56,38430,316005,11312282,17779848,180,62827676,45468496,64771556,0,5574636,0,1,1,0,7288692,950042055,957765210,23,23,45,1567456,3138744,1393659,30135292,27981,198366846,173308649,0
1789562761.4190955,88.735,2817223,170621,0,111,43,56,38430,316005,11312377,17779848,180,62829324,45470144,64771556,0,5558252,0,1,1,0,7288699,950292313,958015479,23,23,45,1567497,3138827,1389563,30135292,27981,198366846,173308649,0
1789562761.66939,88.985,2817598,170646,0,111,43,56,38430,316005,11312424,17779848,180,62829324,45470144,64771556,0,5545964,0,1,1,0,7288699,950542574,958265739,23,23,45,1567497,3138827,1386491,30135293,27981,198366846,173308649,0
1789562761.9196892,89.235,2817973,170671,0,111,43,56,38430,316005,11312468,17779848,180,62829324,45470144,64771556,0,5537772,0,1,1,0,7288699,950792876,958516042,23,23,45,1567497,3138827,1384443,30135293,27981,198366846,173308649,0
1789562762.1700168,89.486,2818349,170696,0,111,43,56,38430,316005,11312523,17779848,180,62829324,45470144,64771556,0,5521388,0,1,1,0,7288699,951043149,958766315,23,23,45,1567497,3138827,1380347,30135296,27981,198366846,173308649,0
1789562762.4203064,89.736,2818724,170721,0,111,43,56,38430,316005,11312572,17779848,180,62829324,45470144,64771556,0,5513196,0,1,1,0,7288699,951293405,959016571,23,23,45,1567497,3138827,1378299,30135296,27981,198366846,173308649,0
1789562762.6705918,89.986,2819099,170746,0,111,43,56,38430,316005,11312623,17779848,180,62829084,45469904,64771556,0,5496812,0,1,1,0,7288699,951543657,959266823,23,23,45,1567491,3138815,1374203,30135297,27981,198366846,173308649,0
1789562762.9208848,90.237,2819474,170771,0,111,43,56,38430,316005,11312667,17779848,180,62829084,45469904,64771556,0,5492716,0,1,1,0,7288699,951793924,959517089,23,23,45,1567491,3138815,1373179,30135297,27981,198366846,173308649,0
1789562763.1711729,90.487,2819850,170796,0,111,43,56,38430,316005,11312738,17779848,180,62829084,45469904,64771556,0,5472520,0,1,1,0,7288699,952044189,959767355,23,23,45,1567491,3138815,1368130,30135298,27981,198366846,173308649,0
1789562763.421475,90.737,2820225,170821,0,111,43,56,38430,316005,11312784,17779848,180,62829084,45469904,64771556,0,5468264,0,1,1,0,7288699,952293469,960016635,23,23,45,1567491,3138815,1367066,30135299,27981,198366846,173308649,0
1789562763.6717808,90.987,2820600,170846,0,111,43,56,38430,316005,11312872,17779848,180,62829084,45469904,64771556,0,5447752,0,1,1,0,7288699,952543789,960266955,23,23,45,1567491,3138815,1361938,30135302,27981,198366846,173308649,0
1789562763.922137,91.238,2820975,170871,0,111,43,56,38430,316005,11312918,17779848,180,62829084,45469904,64771556,0,5443896,0,1,1,0,7288699,952794064,960517230,23,23,45,1567491,3138815,1360974,30135302,27981,198366846,173308649,0
1789562764.1724348,91.488,2821350,170896,0,111,43,56,38430,316005,11312977,17779848,180,62829084,45469904,64771556,0,5427188,0,1,1,0,7288699,953044350,960767516,23,23,45,1567491,3138815,1356797,30135303,27981,198366846,173308649,0
1789562764.4227586,91.738,2821726,170921,0,111,43,56,38430,316006,11313025,17779848,180,62829084,45469904,64771556,0,5414976,0,1,1,0,7288700,953293641,961016807,23,23,45,1567491,3138815,1353744,30135303,27981,198366846,173308649,0
1789562764.6730678,91.989,2822101,170946,0,111,43,56,38430,316006,11313088,17779848,180,62829084,45469904,64771556,0,5396764,0,1,1,0,7288700,953542912,961266078,23,23,45,1567491,3138815,1349191,30135304,27981,198366846,173308649,0
1789562764.9233575,92.239,2822476,170972,0,111,43,56,38430,316006,11313309,17779848,180,62829084,45469904,64771556,0,5387000,0,1,1,0,7288700,953793181,961516346,23,23,45,1567491,3138815,1346750,30135305,27981,198366846,173308661,0
1789562765.173652,92.489,2822851,170997,0,111,43,56,38431,316006,11313523,17779844,584,62829084,45469904,64771556,0,5379696,0,1,1,0,7288705,954042871,961766037,23,23,146,1567491,3138815,1344924,30135318,27981,198366846,173308661,0
1789562765.4239762,92.74,2823226,171022,0,111,43,56,38431,316006,11313622,17779732,760,62828928,45470080,64771556,0,5362944,0,1,1,0,7288716,954292124,962015307,23,23,190,1567487,3138807,1340736,30135318,27981,198366846,173308661,0
1789562765.6742644,92.99,2823601,171047,0,111,43,56,38431,316006,11313678,17779732,760,62828928,45470080,64771556,0,5351244,0,1,1,0,7288716,954542393,962265576,23,23,190,1567487,3138807,1337811,30135318,27981,198366846,173308661,0
1789562765.9245608,93.24,2823977,171072,0,111,43,56,38431,316006,11313737,17779720,760,62828928,45470080,64771556,0,5339544,0,1,1,0,7288717,954791662,962514845,23,23,190,1567487,3138807,1334886,30135319,27981,198366846,173308805,0
1789562766.174858,93.491,2824352,171097,0,111,43,56,38431,316006,11313805,17779720,760,62828928,45470080,64771556,0,5331352,0,1,1,0,7288717,955041932,962765115,23,23,190,1567487,3138807,1332838,30135321,27981,198366846,173308805,0
1789562766.425148,93.741,2824727,171122,0,111,43,56,38431,316006,11313856,17779720,760,62828928,45470080,64771556,0,5319652,0,1,1,0,7288717,955292188,963015371,23,23,190,1567487,3138807,1329913,30135323,27981,198366846,173308805,0
1789562766.6754267,93.991,2825102,171147,0,111,43,56,38431,316006,11313914,17779720,760,62828928,45470080,64771556,0,5299760,0,1,1,0,7288717,955542439,963265622,23,23,190,1567487,3138807,1324940,30135323,27981,198366846,173308805,0
1789562766.9257123,94.241,2825477,171172,0,111,43,56,38431,316006,11313977,17779720,760,62826752,45467904,64771556,0,5291568,0,1,1,0,7288718,955786868,963510051,23,23,190,1567433,3138698,1322892,30135998,27981,198366846,173308805,0
1789562767.176058,94.492,2825845,171197,0,111,43,56,38434,316009,11314913,17779736,4932,62828252,45469268,64771556,0,5279868,0,1,1,0,7288843,955985180,963713175,23,23,1233,1567469,3138771,1319967,30142296,27981,198366846,173308861,0
1789562767.4264283,94.742,2826220,171222,0,111,43,56,38434,316009,11314969,17779732,4932,62828640,45469656,64771556,0,5271676,0,1,1,0,7288850,956235452,963963478,23,23,1233,1567479,3138791,1317919,30142298,27981,198366846,173308861,0
1789562767.6767466,94.992,2826595,171247,0,111,43,56,38435,316010,11315032,17779732,4932,62828640,45469656,64771556,0,5251924,0,1,1,0,7288857,956484740,964212784,23,23,1233,1567479,3138791,1312981,30142298,27981,198366846,173308861,0
1789562767.9270778,95.243,2826971,171272,0,111,43,56,38435,316010,11315071,17779732,4932,62828640,45469656,64771556,0,5243724,0,1,1,0,7288857,956735005,964463049,23,23,1233,1567479,3138791,1310931,30142300,27981,198366846,173308861,0
1789562768.177362,95.493,2827345,171298,0,111,43,56,38435,316010,11315214,17779732,888,62829004,45470020,64771556,0,5231892,0,1,1,0,7288865,956977726,964705778,23,23,222,1567488,3138809,1307973,30142300,27981,198366846,173312905,0
1789562768.4276671,95.743,2827720,171323,0,111,43,56,38435,316010,11315269,17779732,888,62829004,45470020,64771556,0,5220192,0,1,1,0,7288865,957227998,964956051,23,23,222,1567488,3138809,1305048,30142301,27981,198366846,173312905,0
1789562768.6779776,95.994,2828096,171348,0,111,43,56,38435,316010,11315326,17779732,888,62829004,45470020,64771556,0,5203808,0,1,1,0,7288865,957478264,965206316,23,23,222,1567488,3138809,1300952,30142302,27981,198366846,173312905,0
1789562768.9282637,96.244,2828471,171373,0,111,43,56,38435,316010,11315375,17779732,888,62829004,45470020,64771556,0,5192108,0,1,1,0,7288865,957727525,965455578,23,23,222,1567488,3138809,1298027,30142303,27981,198366846,173312905,0
1789562769.1785436,96.494,2828846,171398,0,111,43,56,38435,316010,11315464,17779732,888,62828516,45469532,64771556,0,5180408,0,1,1,0,7288865,957977788,965705841,23,23,222,1567476,3138784,1295102,30142303,27981,198366846,173312905,0
1789562769.428849,96.745,2829221,171423,0,111,43,56,38435,316010,11315549,17779732,888,62828808,45469824,64771556,0,5172216,0,1,1,0,7288871,958228058,965956118,23,23,222,1567483,3138799,1293054,30142305,27981,198366846,173312905,0
1789562769.6791553,96.995,2829597,171448,0,111,43,56,38435,316010,11315602,17779732,888,62828808,45469824,64771556,0,5160516,0,1,1,0,7288871,958478327,966206387,23,23,222,1567483,3138799,1290129,30142305,27981,198366846,173312905,0
1789562769.9294565,97.245,2829972,171473,0,111,43,56,38435,316010,11315651,17779732,888,62828808,45469824,64771556,0,5144132,0,1,1,0,7288871,958728597,966456657,23,23,222,1567483,3138799,1286033,30142306,27981,198366846,173312905,0
1789562770.1797523,97.495,2830347,171498,0,111,43,56,38435,316010,11315740,17779732,876,62828808,45469824,64771556,0,5132744,0,1,1,0,7288871,958977880,966705940,23,23,219,1567483,3138799,1283186,30142308,27981,198366846,173312921,0
1789562770.4300592,97.746,2830722,171523,0,111,43,56,38435,316010,11315792,17779732,876,62828808,45469824,64771556,0,5121104,0,1,1,0,7288871,959227145,966955205,23,23,219,1567483,3138799,1280276,30142308,27981,198366846,173312921,0
1789562770.6803439,97.996,2831098,171548,0,111,43,56,38435,316010,11315839,17779732,876,62828808,45469824,64771556,0,5112900,0,1,1,0,7288871,959477400,967205460,23,23,219,1567483,3138799,1278225,30142309,27981,198366846,173312921,0
1789562770.9306357,98.246,2831473,171573,0,111,43,56,38435,316010,11315905,17779732,876,62828808,45469824,64771556,0,5092960,0,1,1,0,7288871,959727692,967455752,23,23,219,1567483,3138799,1273240,30142311,27981,198366846,173312921,0
1789562771.180985,98.497,2831848,171599,0,111,43,56,38435,316010,11315976,17779732,880,62828808,45469824,64771556,0,5084456,0,1,1,0,7288871,959975994,967704054,23,23,220,1567483,3138799,1271114,30142312,27981,198366846,173312921,0
1789562771.4312901,98.747,2832223,171624,0,111,43,56,38435,316010,11316037,17779720,884,62828808,45469824,64771556,0,5072756,0,1,1,0,7288871,960226275,967954335,23,23,221,1567483,3138799,1268189,30142314,27981,198366846,173312981,0
1789562771.681594,98.997,2832599,171649,0,111,43,56,38435,316010,11316083,17779720,884,62828808,45469824,64771556,0,5061056,0,1,1,0,7288871,960476548,968204608,23,23,221,1567483,3138799,1265264,30142315,27981,198366846,173312981,0
1789562771.9319122,99.248,2832974,171674,0,111,43,56,38436,316010,11316134,17779720,884,62828808,45469824,64771556,0,5052864,0,1,2,0,7288871,960726823,968454883,23,23,221,1567483,3138799,1263216,30142315,27981,198366846,173312981,0
1789562772.1821983,99.498,2833349,171699,0,111,43,56,38436,316010,11316211,17779732,896,62828768,45469784,64771556,0,5033056,0,1,1,0,7288871,960977089,968705149,23,23,224,1567482,3138797,1258264,30142317,27981,198366846,173312981,0
1789562772.4324932,99.748,2833724,171724,0,111,43,56,38436,316010,11316259,17779732,896,62828768,45469784,64771556,0,5021304,0,1,1,0,7288871,961227350,968955410,23,23,224,1567482,3138797,1255326,30142317,27981,198366846,173312981,0
1789562772.6827888,99.998,2834099,171749,0,111,43,56,38436,316010,11316311,17779732,896,62828768,45469784,64771556,0,5013104,0,1,1,0,7288871,961477625,969205685,23,23,224,1567482,3138797,1253276,30142319,27981,198366846,173312981,0
1789562772.9330816,100.249,2834475,171774,0,111,43,56,38436,316010,11316354,17779732,896,62828768,45469784,64771556,0,5001696,0,1,1,0,7288871,961727877,969455937,23,23,224,1567482,3138797,1250424,30142319,27981,198366846,173312981,0
1789562773.1833613,100.499,2834850,171799,0,111,43,56,38436,316010,11316423,17779732,896,62828768,45469784,64771556,0,4984996,0,1,1,0,7288871,961978148,969706208,23,23,224,1567482,3138797,1246249,30142321,27981,198366846,173312981,0
1789562773.4336617,100.749,2835225,171824,0,111,43,56,38436,316010,11316533,17779732,896,62828768,45469784,64771556,0,4973296,0,1,1,0,7288887,962227360,969955472,23,23,224,1567482,3138797,1243324,30142321,27981,198366846,173312981,0
1789562773.6839726,101.0,2835600,171849,0,111,43,56,38436,316010,11316607,17779732,896,62828768,45469784,64771556,0,4961596,0,1,1,0,7288887,962476666,970204778,23,23,224,1567482,3138797,1240399,30142323,27981,198366846,173312981,0
1789562773.9343169,101.25,2835976,171874,0,111,43,56,38436,316010,11316650,17779732,896,62828768,45469784,64771556,0,4953404,0,1,1,0,7288887,962726944,970455056,23,23,224,1567482,3138797,1238351,30142323,27981,198366846,173312981,0
1789562774.1846106,101.5,2836351,171899,0,111,43,56,38436,316010,11316716,17779732,896,62828768,45469784,64771556,0,4933512,0,1,2,0,7288892,962977204,970705323,23,23,224,1567482,3138797,1233378,30142323,27981,198366846,173312981,0
1789562774.434928,101.751,2836726,171924,0,111,43,56,38436,316010,11316762,17779732,896,62828768,45469784,64771556,0,4925320,0,1,1,0,7288892,963227495,970955614,23,23,224,1567482,3138797,1231330,30142324,27981,198366846,173312981,0
1789562774.6852238,102.001,2837101,171949,0,111,43,56,38436,316010,11316817,17779732,896,62828768,45469784,64771556,0,4913620,0,1,1,0,7288892,963477764,971205883,23,23,224,1567482,3138797,1228405,30142324,27981,198366846,173312981,0
1789562774.9355237,102.251,2837477,171974,0,111,43,56,38436,316010,11316865,17779732,896,62828768,45469784,64771556,0,4901920,0,1,1,0,7288892,963728031,971456151,23,23,224,1567482,3138797,1225480,30142325,27981,198366846,173312981,0
1789562775.1858299,102.502,2837852,172000,0,111,43,56,38436,316010,11316937,17779732,896,62828768,45469784,64771556,0,4893728,0,1,1,0,7288892,963978307,971706427,23,23,224,1567482,3138797,1223432,30142327,27981,198366846,173312981,0
1789562775.4361296,102.752,2838227,172025,0,111,43,56,38436,316010,11317000,17779732,896,62828768,45469784,64771556,0,4874040,0,1,1,0,7288892,964228577,971956696,23,23,224,1567482,3138797,1218510,30142328,27981,198366846,173312981,0
1789562775.6864288,103.002,2838602,172050,0,111,43,56,38436,316010,11317053,17779732,896,62828768,45469784,64771556,0,4862168,0,1,1,0,7288892,964477846,972205965,23,23,224,1567482,3138797,1215542,30142328,27981,198366846,173313137,0
1789562775.9367206,103.252,2838977,172075,0,111,43,56,38436,316011,11317107,17779732,896,62828768,45469784,64771556,0,4854020,0,1,1,0,7288892,964727125,972455244,23,23,224,1567482,3138797,1213505,30142329,27981,198366846,173313137,0
1789562776.187018,103.503,2839353,172100,0,111,43,56,38436,316011,11317174,17779732,696,62828768,45469784,64771556,0,4842244,0,1,1,0,7288892,964977381,972705501,23,23,174,1567482,3138797,1210561,30142329,27981,198366846,173313137,0
1789562776.4373138,103.753,2839728,172125,0,111,43,56,38436,316011,11317237,17779720,696,62828768,45469784,64771556,0,4825860,0,1,1,0,7288892,965226653,972954773,23,23,174,1567482,3138797,1206465,30142331,27981,198366846,173313193,0
1789562776.6876051,104.003,2840103,172150,0,111,43,56,38436,316011,11317288,17779720,696,62828768,45469784,64771556,0,4814160,0,1,1,0,7288892,965476910,973205030,23,23,174,1567482,3138797,1203540,30142332,27981,198366846,173313193,0
1789562776.9379137,104.254,2840478,172175,0,111,43,56,38436,316011,11317337,17779720,696,62828768,45469784,64771556,0,4802460,0,1,1,0,7288892,965726201,973454320,23,23,174,1567482,3138797,1200615,30142333,27981,198366846,173313193,0
1789562777.188204,104.504,2840853,172200,0,111,43,56,38436,316011,11317456,17779732,740,62829024,45470040,64771556,0,4794268,0,1,1,0,7288925,965975116,973703593,23,23,185,1567488,3138810,1198567,30142333,27981,198366846,173313193,0
1789562777.438507,104.754,2841229,172225,0,111,43,56,38437,316011,11317547,17779732,740,62829024,45470040,64771556,0,4774792,0,1,1,0,7288931,966225377,973953861,23,23,185,1567488,3138810,1193698,30142334,27981,198366846,173313193,0
1789562777.6888149,105.005,2841604,172250,0,111,43,56,38437,316011,11317595,17779732,740,62829024,45470040,64771556,0,4762336,0,1,1,0,7288931,966475656,974204140,23,23,185,1567488,3138810,1190584,30142335,27981,198366846,173313193,0
1789562777.9391067,105.255,2841979,172275,0,111,43,56,38437,316011,11317733,17779732,740,62829024,45470040,64771556,0,4757300,0,1,1,0,7288931,966724935,974453419,23,23,185,1567488,3138810,1189325,30142336,27981,198366846,173313193,0
1789562778.1894069,105.505,2842354,172300,0,111,43,56,38437,316011,11317799,17779732,740,62829024,45470040,64771556,0,4740688,0,1,1,0,7288931,966975192,974703676,23,23,185,1567488,3138810,1185172,30142337,27981,198366846,173313193,0
1789562778.4397001,105.755,2842729,172326,0,111,43,56,38437,316011,11317845,17779732,740,62829024,45470040,64771556,0,4732496,0,1,1,0,7288931,967225475,974953959,23,23,185,1567488,3138810,1183124,30142337,27981,198366846,173313193,0
1789562778.69,106.006,2843105,172351,0,111,43,56,38437,316011,11317903,17779732,740,62829024,45470040,64771556,0,4716112,0,1,1,0,7288931,967475737,975204221,23,23,185,1567488,3138810,1179028,30142338,27981,198366846,173313193,0
1789562778.9402983,106.256,2843480,172376,0,111,43,56,38437,316011,11317949,17779732,740,62829024,45470040,64771556,0,4707904,0,1,1,0,7288931,967726014,975454498,23,23,185,1567488,3138810,1176976,30142340,27981,198366846,173313193,0
1789562779.1906002,106.506,2843855,172401,0,111,43,56,38437,316011,11318025,17779732,740,62828784,45469800,64771556,0,4691576,0,1,1,0,7288931,967976282,975704766,23,23,185,1567482,3138798,1172894,30142341,27981,198366846,173313193,0
1789562779.4409134,106.757,2844231,172426,0,111,43,56,38437,316011,11318068,17779732,740,62828784,45469800,64771556,0,4683532,0,1,1,0,7288931,968226568,975955052,23,23,185,1567482,3138798,1170883,30142342,27981,198366846,173313193,0
1789562779.6912098,107.007,2844606,172451,0,111,43,56,38437,316011,11318116,17779732,740,62828784,45469800,64771556,0,4667228,0,1,1,0,7288931,968476823,976205307,23,23,185,1567482,3138798,1166807,30142343,27981,198366846,173313193,0
1789562779.9414973,107.257,2844981,172476,0,111,43,56,38437,316011,11318170,17779732,740,62828784,45469800,64771556,0,4650652,0,1,1,0,7288931,968726095,976454579,23,23,185,1567482,3138798,1162663,30142344,27981,198366846,173313193,0
1789562780.1917958,107.507,2845356,172501,0,111,43,56,38437,316011,11318229,17779732,740,62828784,45469800,64771556,0,4642352,0,1,2,0,7288931,968976374,976704858,23,23,185,1567482,3138798,1160588,30142345,27981,198366846,173313193,0
1789562780.4421122,107.758,2845732,172526,0,111,43,56,38437,316011,11318284,17779732,740,62828784,45469800,64771556,0,4634436,0,1,1,0,7288931,969226640,976955124,23,23,185,1567482,3138798,1158609,30142346,27981,198366846,173313193,0
1789562780.6923969,108.008,2846107,172551,0,111,43,56,38437,316011,11318333,17779732,740,62828784,45469800,64771556,0,4617916,0,1,1,0,7288931,969476899,977205383,23,23,185,1567482,3138798,1154479,30142347,27981,198366846,173313193,0
1789562780.9426923,108.258,2846482,172576,0,111,43,56,38437,316011,11318402,17779732,740,62828784,45469800,64771556,0,4601476,0,1,1,0,7288932,969726215,977454699,23,23,185,1567482,3138798,1150369,30142348,27981,198366846,173313193,0
1789562781.1930392,108.509,2846857,172601,0,111,43,56,38437,316011,11318469,17779732,740,62829040,45470056,64771556,0,4593200,0,1,1,0,7288932,969976492,977704976,23,23,185,1567489,3138811,1148300,30142349,27981,198366846,173313193,0
1789562781.4433331,108.759,2847232,172626,0,111,43,56,38437,316011,11318548,17779732,740,62829040,45470056,64771556,0,4585008,0,1,1,0,7288938,970226747,977955238,23,23,185,1567489,3138811,1146252,30142349,27981,198366846,173313193,0
1789562781.693633,109.009,2847608,172651,0,111,43,56,38437,316011,11318609,17779720,740,62829040,45470056,64771556,0,4568624,0,1,1,0,7288938,970476026,978204517,23,23,185,1567489,3138811,1142156,30142351,27981,198366846,173313305,0
1789562781.94394,109.26,2847983,172676,0,111,43,56,38437,316011,11318652,17779720,740,62829040,45470056,64771556,0,4560432,0,1,1,0,7288938,970726298,978454789,23,23,185,1567489,3138811,1140108,30142351,27981,198366846,173313305,0
1789562782.1942196,109.51,2848358,172702,0,111,43,56,38437,316011,11318722,17779732,816,62829016,45470032,64771556,0,4544220,0,1,1,0,7288938,970975568,978704059,23,23,204,1567488,3138809,1136055,30142352,27981,198366846,173313305,0
1789562782.4445164,109.76,2848733,172727,0,111,43,56,38437,316011,11318785,17779732,816,62829016,45470032,64771556,0,4536304,0,1,1,0,7288938,971225829,978954321,23,23,204,1567488,3138809,1134076,30142353,27981,198366846,173313305,0
1789562782.6948142,110.011,2849109,172752,0,111,43,56,38437,316011,11318834,17779732,816,62829016,45470032,64771556,0,4519820,0,1,1,0,7288938,971476097,979204588,23,23,204,1567488,3138809,1129955,30142353,27981,198366846,173313305,0
1789562782.9451027,110.261,2849484,172777,0,111,43,56,38437,316011,11318886,17779732,816,62829016,45470032,64771556,0,4511576,0,1,1,0,7288938,971726356,979454848,23,23,204,1567488,3138809,1127894,30142355,27981,198366846,173313305,0
1789562783.1953804,110.511,2849859,172802,0,111,43,56,38437,316011,11318947,17779732,816,62829016,45470032,64771556,0,4494896,0,1,1,0,7288938,971976619,979705111,23,23,204,1567488,3138809,1123724,30142355,27981,198366846,173313305,0
1789562783.4456735,110.761,2850234,172827,0,111,43,56,38438,316011,11318996,17779732,816,62829016,45470032,64771556,0,4486704,0,1,1,0,7288938,972226896,979955387,23,23,204,1567488,3138809,1121676,30142356,27981,198366846,173313305,0
1789562783.6959896,111.012,2850609,172852,0,111,43,56,38438,316012,11319087,17779732,816,62829016,45470032,64771556,0,4470320,0,1,1,0,7288938,972476205,980204696,23,23,204,1567488,3138809,1117580,30142358,27981,198366846,173313305,0
1789562783.9463308,111.262,2850985,172877,0,111,43,56,38438,316012,11319135,17779732,816,62829016,45470032,64771556,0,4462128,0,1,1,0,7288938,972726492,980454983,23,23,204,1567488,3138809,1115532,30142360,27981,198366846,173313305,0
1789562784.1966527,111.512,2851360,172902,0,111,43,56,38438,316012,11319206,17779732,816,62828764,45469780,64771556,0,4445816,0,1,1,0,7288938,972975789,980704280,23,23,204,1567482,3138797,1111454,30142361,27981,198366846,173313305,0
1789562784.446982,111.763,2851735,172927,0,111,43,56,38438,316012,11319257,17779732,816,62828764,45469780,64771556,0,4437840,0,1,1,0,7288938,973226054,980954546,23,23,204,1567482,3138797,1109460,30142362,27981,198366846,173313305,0
1789562784.6972752,112.013,2852110,172952,0,111,43,56,38438,316012,11319320,17779732,816,62828764,45469780,64771556,0,4421428,0,1,1,0,7288938,973476340,981204832,23,23,204,1567482,3138797,1105357,30142362,27981,198366846,173313305,0
1789562784.9476032,112.263,2852486,172977,0,111,43,56,38438,316012,11319363,17779732,816,62828764,45469780,64771556,0,4413012,0,1,1,0,7288938,973726615,981455106,23,23,204,1567482,3138797,1103253,30142363,27981,198366846,173313305,0
1789562785.197924,112.514,2852861,173002,0,111,43,56,38438,316012,11319437,17779732,816,62828872,45469888,64771556,0,4396592,0,1,1,0,7288938,973976854,981705346,23,23,204,1567485,3138802,1099148,30142363,27981,198366846,173313305,0
1789562785.4482353,112.764,2853236,173028,0,111,43,56,38438,316012,11319521,17779732,816,62828872,45469888,64771556,0,4388400,0,1,1,0,7288944,974227119,981955618,23,23,204,1567485,3138802,1097100,30142366,27981,198366846,173313305,0
1789562785.6985269,113.014,2853611,173053,0,111,43,56,38438,316012,11319561,17779732,816,62828872,45469888,64771556,0,4380512,0,1,1,0,7288944,974477383,982205882,23,23,204,1567485,3138802,1095128,30142366,27981,198366846,173313305,0
1789562785.9488173,113.265,2853987,173078,0,111,43,56,38438,316012,11319612,17779732,816,62828872,45469888,64771556,0,4364156,0,1,1,0,7288944,974727644,982456143,23,23,204,1567485,3138802,1091039,30142367,27981,198366846,173313305,0
1789562786.1991029,113.515,2854362,173103,0,111,43,56,38438,316012,11319680,17779732,816,62828872,45469888,64771556,0,4347440,0,1,1,0,7288944,974977897,982706396,23,23,204,1567485,3138802,1086860,30142367,27981,198366846,173313305,0
1789562786.449384,113.765,2854737,173128,0,111,43,56,38438,316012,11319725,17779732,188,62828872,45469888,64771556,0,4339876,0,1,1,0,7288944,975228163,982956662,23,23,47,1567485,3138802,1084969,30142368,27981,198366846,173313933,0
1789562786.699689,114.015,2855112,173153,0,111,43,56,38438,316012,11319783,17779732,188,62828872,45469888,64771556,0,4323492,0,1,1,0,7288944,975477480,983205980,23,23,47,1567485,3138802,1080873,30142368,27981,198366846,173313933,0
1789562786.9500282,114.266,2855488,173178,0,111,43,56,38438,316012,11319842,17779724,188,62828380,45469396,64771556,0,4315300,0,1,1,0,7288944,975727750,983456249,23,23,47,1567472,3138778,1078825,30142370,27981,198366846,173313981,0
1789562787.2003174,114.516,2855863,173203,0,111,43,56,38438,316012,11319905,17779732,196,62828620,45469636,64771556,0,4298916,0,1,1,0,7288951,975977733,983706515,23,23,49,1567478,3138790,1074729,30142372,27981,198366846,173313981,0
1789562787.4506118,114.766,2856238,173228,0,111,43,56,38438,316012,11319952,17779732,196,62828620,45469636,64771556,0,4290724,0,1,1,0,7288951,976227994,983956777,23,23,49,1567478,3138790,1072681,30142372,27981,198366846,173313981,0
1789562787.7009146,115.017,2856613,173253,0,111,43,56,38438,316012,11320000,17779732,196,62828620,45469636,64771556,0,4274512,0,1,1,0,7288951,976477269,984206051,23,23,49,1567478,3138790,1068628,30142373,27981,198366846,173313981,0
1789562787.9511936,115.267,2856989,173278,0,111,43,56,38438,316012,11320043,17779732,196,62828620,45469636,64771556,0,4266392,0,1,1,0,7288951,976727530,984456313,23,23,49,1567478,3138790,1066598,30142373,27981,198366846,173313981,0
1789562788.2014878,115.517,2857364,173303,0,111,43,56,38438,316012,11320126,17779732,196,62828380,45469396,64771556,0,4252116,0,1,1,0,7288951,976977807,984706590,23,23,49,1567472,3138778,1063029,30142374,27981,198366846,173313981,0
1789562788.4517944,115.767,2857739,173328,0,111,43,56,38438,316012,11320174,17779732,196,62828380,45469396,64771556,0,4243924,0,1,1,0,7288951,977228075,984956857,23,23,49,1567472,3138778,1060981,30142375,27981,198366846,173313981,0
1789562788.7020922,116.018,2858114,173353,0,111,43,56,38438,316012,11320234,17779732,196,62828380,45469396,64771556,0,4227540,0,1,1,0,7288951,977478337,985207119,23,23,49,1567472,3138778,1056885,30142376,27981,198366846,173313981,0
1789562788.9523823,116.268,2858490,173378,0,111,43,56,38438,316012,11320280,17779732,196,62828380,45469396,64771556,0,4219348,0,1,1,0,7288951,977728590,985457373,23,23,49,1567472,3138778,1054837,30142376,27981,198366846,173313981,0
1789562789.202673,116.518,2858865,173403,0,111,43,56,38438,316012,11320349,17779732,196,62828380,45469396,64771556,0,4202956,0,1,1,0,7288951,977978851,985707634,23,23,49,1567472,3138778,1050739,30142378,27981,198366846,173313981,0
1789562789.4529746,116.769,2859240,173429,0,111,43,56,38438,316012,11320434,17779732,196,62828380,45469396,64771556,0,4195004,0,1,1,0,7288957,978229107,985957898,23,23,49,1567472,3138778,1048751,30142378,27981,198366846,173313981,0
1789562789.703276,117.019,2859615,173454,0,111,43,56,38438,316012,11320479,17779732,196,62828380,45469396,64771556,0,4178516,0,1,1,0,7288961,978479317,986208179,23,23,49,1567472,3138778,1044629,30142379,27981,198366846,173313981,0
1789562789.9535787,117.269,2859991,173479,0,111,43,56,38438,316012,11320532,17779732,196,62828380,45469396,64771556,0,4162104,0,1,1,0,7288962,978728608,986457470,23,23,49,1567472,3138778,1040526,30142380,27981,198366846,173313981,0
1789562790.2039108,117.52,2860366,173504,0,111,43,56,38439,316013,11320615,17779732,196,62828380,45469396,64771556,0,4153780,0,1,1,0,7288971,978978254,986707764,23,23,49,1567472,3138778,1038445,30142381,27981,198366846,173313981,0
1789562790.4542217,117.77,2860741,173529,0,111,43,56,38439,316013,11320665,17779732,196,62828380,45469396,64771556,0,4145588,0,1,1,0,7288971,979228524,986958034,23,23,49,1567472,3138778,1036397,30142382,27981,198366846,173313981,0
1789562790.7045054,118.02,2861116,173554,0,111,43,56,38439,316013,11320717,17779732,196,62828380,45469396,64771556,0,4129404,0,1,1,0,7288971,979478791,987208300,23,23,49,1567472,3138778,1032351,30142383,27981,198366846,173313981,0
1789562790.954823,118.271,2861491,173579,0,111,43,56,38439,316013,11320779,17779732,196,62828380,45469396,64771556,0,4121184,0,1,1,0,7288971,979729089,987458599,23,23,49,1567472,3138778,1030296,30142383,27981,198366846,173313981,0
1789562791.2051318,118.521,2861867,173604,0,111,43,56,38439,316013,11320836,17779732,196,62828380,45469396,64771556,0,4104612,0,1,1,0,7288971,979979356,987708866,23,23,49,1567472,3138778,1026153,30142383,27981,198366846,173313981,0
1789562791.4554217,118.771,2862242,173629,0,111,43,56,38439,316013,11320888,17779732,196,62828380,45469396,64771556,0,4096420,0,1,1,0,7288971,980229622,987959132,23,23,49,1567472,3138778,1024105,30142385,27981,198366846,173313981,0
1789562791.7057254,119.021,2862617,173654,0,111,43,56,38439,316013,11320931,17779732,196,62828380,45469396,64771556,0,4080036,0,1,1,0,7288971,980479911,988209421,23,23,49,1567472,3138778,1020009,30142387,27981,198366846,173313981,0
1789562791.956034,119.272,2862992,173679,0,111,43,56,38439,316013,11320984,17779732,196,62828380,45469396,64771556,0,4071844,0,1,1,0,7288971,980730172,988459682,23,23,49,1567472,3138778,1017961,30142388,27981,198366846,173313981,0
1789562792.2063181,119.522,2863368,173704,0,111,43,56,38439,316013,11321051,17779724,196,62828380,45469396,64771556,0,4055644,0,1,1,0,7288971,980980425,988709935,23,23,49,1567472,3138778,1013911,30142388,27981,198366846,173314065,0
1789562792.456604,119.772,2863743,173729,0,111,43,56,38439,316013,11321103,17779724,196,62828380,45469396,64771556,0,4047616,0,1,1,0,7288971,981230684,988960194,23,23,49,1567472,3138778,1011904,30142389,27981,198366846,173314065,0
1789562792.7069087,120.023,2864118,173754,0,111,43,56,38439,316013,11321152,17779724,196,62828380,45469396,64771556,0,4031396,0,1,1,0,7288971,981480968,989210478,23,23,49,1567472,3138778,1007849,30142389,27981,198366846,173314065,0
1789562792.957219,120.273,2864493,173779,0,111,43,56,38439,316013,11321201,17779724,196,62828380,45469396,64771556,0,4023332,0,1,1,0,7288971,981731247,989460757,23,23,49,1567472,3138778,1005833,30142392,27981,198366846,173314065,0
1789562793.2075179,120.523,2864869,173804,0,111,43,56,38439,316013,11321275,17779732,244,62828396,45469412,64771556,0,4006276,0,1,1,0,7288971,981980525,989710035,23,23,61,1567473,3138778,1001569,30142392,27981,198366846,173314065,0
1789562793.4578176,120.774,2865244,173829,0,111,43,56,38439,316013,11321354,17779732,244,62828396,45469412,64771556,0,3998084,0,1,1,0,7288978,982230776,989960294,23,23,61,1567473,3138778,999521,30142393,27981,198366846,173314065,0
1789562793.7081144,121.024,2865619,173854,0,111,43,56,38439,316014,11321438,17779732,244,62828396,45469412,64771556,0,3981700,0,1,1,0,7288978,982478109,990207627,23,23,61,1567473,3138778,995425,30142397,27981,198366846,173314065,0
1789562793.958452,121.274,2865994,173880,0,111,43,56,38439,316014,11321485,17779732,244,62828396,45469412,64771556,0,3973508,0,1,1,0,7288978,982728391,990457909,23,23,61,1567473,3138778,993377,30142398,27981,198366846,173314065,0
1789562794.208746,121.524,2866369,173905,0,111,43,56,38439,316014,11321546,17779732,244,62828396,45469412,64771556,0,3957304,0,1,1,0,7288978,982977678,990707196,23,23,61,1567473,3138778,989326,30142398,27981,198366846,173314065,0
1789562794.4590702,121.775,2866745,173930,0,111,43,56,38439,316014,11321598,17779732,244,62828396,45469412,64771556,0,3949300,0,1,1,0,7288978,983227951,990957469,23,23,61,1567473,3138778,987325,30142401,27981,198366846,173314065,0
1789562794.70936,122.025,2867120,173955,0,111,43,56,38439,316014,11321654,17779732,244,62828396,45469412,64771556,0,3932856,0,1,1,0,7288978,983477223,991206741,23,23,61,1567473,3138778,983214,30142401,27981,198366846,173314065,0
1789562794.959654,122.275,2867495,173980,0,111,43,56,38439,316014,11321703,17779732,244,62828396,45469412,64771556,0,3924532,0,1,1,0,7288978,983727487,991457005,23,23,61,1567473,3138778,981133,30142402,27981,198366846,173314065,0
1789562795.2099612,122.526,2867870,174005,0,111,43,56,38440,316014,11321763,17779732,244,62828396,45469412,64771556,0,3916140,0,1,1,0,7288978,983977750,991707268,23,23,61,1567473,3138778,979035,30142402,27981,198366846,173314065,0
1789562795.4602509,122.776,2868246,174030,0,111,43,56,38440,316014,11321817,17779732,244,62828396,45469412,64771556,0,3899748,0,1,1,0,7288978,984228029,991957547,23,23,61,1567473,3138778,974937,30142402,27981,198366846,173314065,0
1789562795.71057,123.026,2868621,174055,0,111,43,56,38440,316014,11321866,17779732,244,62828396,45469412,64771556,0,3891556,0,1,1,0,7288978,984478305,992207823,23,23,61,1567473,3138778,972889,30142404,27981,198366846,173314065,0
1789562795.9608855,123.277,2868996,174080,0,111,43,56,38440,316014,11321917,17779732,244,62828396,45469412,64771556,0,3875164,0,1,1,0,7288978,984728599,992458117,23,23,61,1567473,3138778,968791,30142405,27981,198366846,173314065,0
1789562796.2111886,123.527,2869371,174105,0,111,43,56,38440,316014,11321975,17779732,244,62828396,45469412,64771556,0,3866972,0,1,1,0,7288978,984978869,992708387,23,23,61,1567473,3138778,966743,30142406,27981,198366846,173314065,0
1789562796.4614875,123.777,2869747,174130,0,111,43,56,38440,316014,11322024,17779732,244,62828396,45469412,64771556,0,3850656,0,1,1,0,7288978,985228152,992957670,23,23,61,1567473,3138778,962664,30142406,27981,198366846,173314065,0
1789562796.7118156,124.028,2870122,174155,0,111,43,56,38440,316014,11322071,17779732,244,62828396,45469412,64771556,0,3842576,0,1,1,0,7288978,985478435,993207953,23,23,61,1567473,3138778,960644,30142407,27981,198366846,173314065,0
1789562796.9621239,124.278,2870497,174180,0,111,43,56,38440,316014,11322135,17779732,244,62828396,45469412,64771556,0,3826268,0,1,1,0,7288979,985726735,993456253,23,23,61,1567473,3138778,956567,30142408,27981,198366846,173314065,0
1789562797.2124312,124.528,2870872,174205,0,111,43,56,38440,316015,11322214,17779732,244,62826376,45467392,64771556,0,3817804,0,1,2,0,7288986,985970887,993700672,23,23,61,1567422,3138677,954451,30142917,27981,198366846,173314065,0
1789562797.4627445,124.778,2871237,174231,0,111,43,56,38442,316022,11322672,17779728,2212,62810328,45451292,64771556,0,3801412,0,1,2,0,7289322,986149909,993881106,23,23,553,1567022,3137875,950353,30148679,27981,198366846,173314181,0
1789562797.7131257,125.029,2871593,174255,0,111,43,56,38445,316038,11323359,17779732,4084,62793316,45434272,64771556,0,3793228,0,1,1,0,7289447,986290371,994025010,23,23,1021,1566597,3137025,948307,30157877,27981,198366846,173314213,0
1789562797.9634998,125.279,2871968,174280,0,111,43,56,38445,316038,11323459,17779728,4084,62793432,45434388,64771556,0,3777016,0,1,1,0,7289448,986539681,994274319,23,23,1021,1566600,3137031,944254,30157877,27981,198366846,173314213,0
1789562798.2138324,125.53,2872343,174305,0,111,43,56,38445,316038,11323541,17779732,4056,62797656,45438588,64771556,0,3768636,0,1,1,0,7289460,986789946,994524624,23,23,1014,1566705,3137241,942159,30157879,27981,198366846,173314213,0
1789562798.4641545,125.78,2872718,174330,0,111,43,56,38445,316038,11323592,17779732,4056,62797656,45438588,64771556,0,3756340,0,1,1,0,7289460,987040225,994774904,23,23,1014,1566705,3137241,939085,30157879,27981,198366846,173314213,0
1789562798.7144554,126.03,2873094,174355,0,111,43,56,38445,316038,11323650,17779732,4056,62797656,45438588,64771556,0,3739956,0,1,1,0,7289460,987289501,995024179,23,23,1014,1566705,3137241,934989,30157880,27981,198366846,173314213,0
1789562798.9647517,126.28,2873469,174380,0,111,43,56,38445,316038,11323706,17779732,4056,62797656,45438588,64771556,0,3731764,0,1,1,0,7289460,987539784,995274463,23,23,1014,1566705,3137241,932941,30157881,27981,198366846,173314213,0
1789562799.2150722,126.531,2873844,174405,0,111,43,56,38445,316038,11323768,17779732,4056,62798788,45439720,64771556,0,3715476,0,1,1,0,7289460,987789069,995523747,23,23,1014,1566733,3137298,928869,30157882,27981,198366846,173314213,0
1789562799.4653838,126.781,2874219,174431,0,111,43,56,38445,316038,11323833,17779732,4056,62798788,45439720,64771556,0,3707344,0,1,1,0,7289461,988038356,995773035,23,23,1014,1566733,3137298,926836,30157882,27981,198366846,173314213,0
1789562799.7157152,127.031,2874595,174456,0,111,43,56,38445,316038,11323876,17779732,4056,62798788,45439720,64771556,0,3690804,0,1,1,0,7289461,988288672,996023351,23,23,1014,1566733,3137298,922701,30157883,27981,198366846,173314213,0
1789562799.966038,127.282,2874970,174481,0,111,43,56,38445,316038,11323925,17779732,4056,62798788,45439720,64771556,0,3678644,0,1,1,0,7289461,988538947,996273625,23,23,1014,1566733,3137298,919661,30157884,27981,198366846,173314213,0
1789562800.2163434,127.532,2875345,174506,0,111,43,56,38445,316038,11323986,17779732,4056,62799448,45440380,64771556,0,3670324,0,1,1,0,7289461,988789224,996523903,23,23,1014,1566750,3137331,917581,30157885,27981,198366846,173314213,0
1789562800.4666426,127.782,2875720,174531,0,111,43,56,38445,316039,11324044,17779732,4056,62799700,45440632,64771556,0,3653940,0,1,1,0,7289461,989038504,996773183,23,23,1014,1566756,3137343,913485,30157886,27981,198366846,173314213,0
1789562800.7169635,128.033,2876096,174556,0,111,43,56,38445,316039,11324087,17779732,4056,62799700,45440632,64771556,0,3645748,0,1,1,0,7289461,989288779,997023457,23,23,1014,1566756,3137343,911437,30157886,27981,198366846,173314213,0
1789562800.9672794,128.283,2876471,174581,0,111,43,56,38445,316039,11324161,17779732,4044,62800076,45441008,64771556,0,3629368,0,1,1,0,7289461,989538075,997272754,23,23,1011,1566765,3137362,907342,30157889,27981,198366846,173314225,0
1789562801.2175996,128.533,2876846,174606,0,111,43,56,38445,316039,11324228,17779732,4048,62800452,45441384,64771556,0,3621164,0,1,1,0,7289461,989788356,997523035,23,23,1012,1566775,3137381,905291,30157889,27981,198366846,173314225,0
1789562801.4679282,128.784,2877221,174631,0,111,43,56,38446,316039,11324330,17779732,4048,62804812,45445744,64771556,0,3605168,0,1,1,0,7289470,990037651,997772342,23,23,1012,1566884,3137599,901292,30157893,27981,198366846,173314225,0
1789562801.7182481,129.034,2877597,174656,0,111,43,56,38446,316039,11324372,17779732,4048,62804812,45445744,64771556,0,3596840,0,1,1,0,7289470,990287926,998022617,23,23,1012,1566884,3137599,899210,30157894,27981,198366846,173314225,0
1789562801.968556,129.284,2877972,174681,0,111,43,56,38446,316039,11324428,17779732,4048,62804812,45445744,64771556,0,3580336,0,1,1,0,7289470,990537208,998271899,23,23,1012,1566884,3137599,895084,30157895,27981,198366846,173314225,0
1789562802.2188866,129.535,2878347,174706,0,111,43,56,38446,316039,11324481,17779732,4056,62804656,45445588,64771556,0,3572004,0,1,1,0,7289470,990787506,998522197,23,23,1014,1566880,3137591,893001,30157896,27981,198366846,173314225,0
1789562802.4691925,129.785,2878723,174731,0,111,43,56,38446,316039,11324541,17779732,4104,62804908,45445840,64771556,0,3555620,0,1,1,0,7289470,991037783,998772474,23,23,1026,1566886,3137603,888905,30157897,27981,198366846,173314317,0
1789562802.7194932,130.035,2879098,174756,0,111,43,56,38446,316039,11324590,17779732,4104,62804908,45445840,64771556,0,3547428,0,1,1,0,7289470,991288054,999022745,23,23,1026,1566886,3137603,886857,30157898,27981,198366846,173314317,0
1789562802.9697971,130.285,2879473,174781,0,111,43,56,38446,316039,11324649,17779732,4104,62804908,45445840,64771556,0,3531044,0,1,1,0,7289470,991537368,999272059,23,23,1026,1566886,3137603,882761,30157900,27981,198366846,173314317,0
1789562803.2201426,130.536,2879848,174806,0,111,43,56,38446,316039,11324712,17779732,4104,62808752,45449684,64771556,0,3522852,0,1,1,0,7289470,991786681,999521372,23,23,1026,1566982,3137796,880713,30157901,27981,198366846,173314317,0
1789562803.4704638,130.786,2880224,174832,0,111,43,56,38446,316039,11324774,17779732,4104,62808752,45449684,64771556,0,3506812,0,1,1,0,7289470,992035965,999770656,23,23,1026,1566982,3137796,876703,30157902,27981,198366846,173314317,0
1789562803.7207735,131.036,2880598,174857,0,111,43,56,38446,316039,11324853,17779732,4104,62808752,45449684,64771556,0,3498456,0,1,1,0,7289471,992283304,1000017995,23,23,1026,1566982,3137796,874614,30157910,27981,198366846,173314317,0
1789562803.971113,131.287,2880974,174882,0,111,43,56,38446,316039,11324906,17779732,4104,62808752,45449684,64771556,0,3482440,0,1,1,0,7289471,992533624,1000268315,23,23,1026,1566982,3137796,870610,30157910,27981,198366846,173314317,0
1789562804.2214863,131.537,2881349,174907,0,111,43,56,38446,316039,11324974,17779732,4104,62808888,45449820,64771556,0,3473700,0,1,1,0,7289471,992783016,1000517708,23,23,1026,1566985,3137802,868425,30157911,27981,198366846,173314317,0
1789562804.471928,131.788,2881724,174932,0,111,43,56,38446,316040,11325026,17779732,4104,62808888,45449820,64771556,0,3457316,0,1,1,0,7289471,993033372,1000768064,23,23,1026,1566985,3137802,864329,30157912,27981,198366846,173314317,0
1789562804.7222662,132.038,2882100,174957,0,111,43,56,38446,316040,11325075,17779732,4104,62808888,45449820,64771556,0,3449124,0,1,1,0,7289471,993282659,1001017350,23,23,1026,1566985,3137802,862281,30157914,27981,198366846,173314317,0
1789562804.972569,132.288,2882475,174982,0,111,43,56,38446,316040,11325130,17779732,4104,62812264,45453196,64771556,0,3432740,0,1,1,0,7289471,993532925,1001267617,23,23,1026,1567070,3137971,858185,30157914,27981,198366846,173314317,0
1789562805.2228818,132.539,2882850,175007,0,111,43,56,38446,316040,11325197,17779732,4104,62812264,45453196,64771556,0,3424928,0,1,1,0,7289471,993783203,1001517894,23,23,1026,1567070,3137971,856232,30157915,27981,198366846,173314317,0
1789562805.4731727,132.789,2883225,175032,0,111,43,56,38446,316040,11325305,17779732,4104,62812264,45453196,64771556,0,3408380,0,1,1,0,7289477,994033461,1001768160,23,23,1026,1567070,3137971,852095,30157915,27981,198366846,173314317,0
1789562805.7235,133.039,2883601,175057,0,111,43,56,38446,316040,11325359,17779732,4104,62812264,45453196,64771556,0,3400368,0,1,1,0,7289477,994282738,1002017438,23,23,1026,1567070,3137971,850092,30157917,27981,198366846,173314317,0
1789562805.9738178,133.29,2883976,175082,0,111,43,56,38446,316040,11325412,17779732,4104,62812264,45453196,64771556,0,3383880,0,1,1,0,7289477,994533022,1002267721,23,23,1026,1567070,3137971,845970,30157918,27981,198366846,173314317,0
1789562806.224107,133.54,2884351,175107,0,111,43,56,38446,316040,11325468,17779732,4104,62812116,45453048,64771556,0,3375396,0,1,1,0,7289477,994783278,1002517977,23,23,1026,1567066,3137964,843849,30157919,27981,198366846,173314317,0
1789562806.4743927,133.79,2884726,175133,0,111,43,56,38446,316040,11325517,17779732,4104,62812116,45453048,64771556,0,3359012,0,1,1,0,7289477,995033543,1002768243,23,23,1026,1567066,3137964,839753,30157919,27981,198366846,173314317,0
1789562806.724694,134.04,2885102,175158,0,111,43,56,38446,316040,11325566,17779732,4104,62812116,45453048,64771556,0,3350820,0,1,1,0,7289477,995283825,1003018524,23,23,1026,1567066,3137964,837705,30157920,27981,198366846,173314317,0
1789562806.9749968,134.291,2885477,175183,0,111,43,56,38446,316040,11325621,17779732,4104,62812116,45453048,64771556,0,3334436,0,1,1,0,7289477,995534090,1003268789,23,23,1026,1567066,3137964,833609,30157920,27981,198366846,173314317,0
1789562807.2252955,134.541,2885852,175208,0,111,43,56,38446,316040,11325681,17779732,4104,62812116,45453048,64771556,0,3326252,0,1,1,0,7289484,995784072,1003519055,23,23,1026,1567066,3137964,831563,30157923,27981,198366846,173314317,0
1789562807.4755836,134.791,2886227,175233,0,111,43,56,38446,316040,11325740,17779732,4172,62815064,45455996,64771556,0,3309956,0,1,1,0,7289484,996034336,1003769319,23,23,1043,1567140,3138111,827489,30157923,27981,198366846,173314617,0
1789562807.7258909,135.042,2886603,175258,0,111,43,56,38446,316040,11325784,17779732,4172,62815064,45455996,64771556,0,3302004,0,1,1,0,7289484,996284617,1004019599,23,23,1043,1567140,3138111,825501,30157924,27981,198366846,173314617,0
1789562807.9761808,135.292,2886978,175283,0,111,43,56,38446,316040,11325842,17779732,4172,62815064,45455996,64771556,0,3285700,0,1,1,0,7289484,996534870,1004269852,23,23,1043,1567140,3138111,821425,30157924,27981,198366846,173314617,0
1789562808.2264605,135.542,2887353,175308,0,111,43,56,38446,316040,11325900,17779732,3888,62815320,45456252,64771556,0,3277092,0,1,1,0,7289484,996785131,1004520114,23,23,972,1567146,3138124,819273,30157924,27981,198366846,173314617,0
1789562808.4767568,135.792,2887728,175333,0,111,43,56,38446,316040,11325949,17779732,3888,62815320,45456252,64771556,0,3260708,0,1,1,0,7289484,997035410,1004770393,23,23,972,1567146,3138124,815177,30157927,27981,198366846,173314617,0
1789562808.7270548,136.043,2888104,175358,0,111,43,56,38446,316040,11325995,17779732,3888,62815320,45456252,64771556,0,3252516,0,1,1,0,7289484,997285671,1005020654,23,23,972,1567146,3138124,813129,30157927,27981,198366846,173314617,0
1789562808.9773443,136.293,2888479,175383,0,111,43,56,38447,316040,11326046,17779732,3888,62815320,45456252,64771556,0,3236132,0,1,1,0,7289484,997535930,1005270913,23,23,972,1567146,3138124,809033,30157928,27981,198366846,173314617,0
1789562809.22763,136.543,2888854,175408,0,111,43,56,38447,316040,11326117,17779732,3888,62815320,45456252,64771556,0,3227940,0,1,1,0,7289484,997786193,1005521175,23,23,972,1567146,3138124,806985,30157928,27981,198366846,173314617,0
1789562809.4779482,136.794,2889229,175433,0,111,43,57,38447,316040,11326208,17779732,3888,62817904,45458836,64771556,0,3211556,0,1,1,0,7289490,998036465,1005771455,23,23,972,1567210,3138253,802889,30157929,27981,198366846,173314617,0
1789562809.7282572,137.044,2889605,175458,0,111,43,57,38447,316040,11326253,17779732,3888,62817904,45458836,64771556,0,3203364,0,1,1,0,7289490,998286758,1006021748,23,23,972,1567210,3138253,800841,30157930,27981,198366846,173314617,0
1789562809.978571,137.294,2889980,175483,0,111,43,57,38447,316040,11326302,17779732,3888,62817904,45458836,64771556,0,3195172,0,1,1,0,7289490,998537030,1006272020,23,23,972,1567210,3138253,798793,30157932,27981,198366846,173314617,0
1789562810.2288883,137.545,2890355,175508,0,111,43,57,38447,316040,11326358,17779732,3888,62817904,45458836,64771556,0,3179132,0,1,1,0,7289490,998787331,1006522321,23,23,972,1567210,3138253,794783,30157932,27981,198366846,173314617,0
1789562810.4792078,137.795,2890730,175533,0,111,43,57,38447,316040,11326410,17779732,3888,62817904,45458836,64771556,0,3162484,0,1,1,0,7289490,999037603,1006772593,23,23,972,1567210,3138253,790621,30157933,27981,198366846,173314617,0
1789562810.7295027,138.045,2891106,175558,0,111,43,57,38447,316040,11326455,17779732,3888,62817904,45458836,64771556,0,3154316,0,1,1,0,7289490,999287877,1007022867,23,23,972,1567210,3138253,788579,30157933,27981,198366846,173314617,0
1789562810.9798443,138.296,2891481,175584,0,111,43,57,38447,316040,11326522,17779732,3888,62818308,45459240,64771556,0,3138220,0,1,1,0,7289490,999537268,1007272258,23,23,972,1567220,3138273,784555,30157934,27981,198366846,173314617,0
1789562811.2302802,138.546,2891856,175609,0,111,43,57,38447,316040,11326587,17779732,3888,62818592,45459524,64771556,0,3129784,0,1,1,0,7289490,999786619,1007521609,23,23,972,1567228,3138288,782446,30157936,27981,198366846,173314617,0
1789562811.480617,138.796,2892231,175634,0,111,43,57,38447,316040,11326636,17779732,3888,62818592,45459524,64771556,0,3117544,0,1,1,0,7289490,1000036904,1007771894,23,23,972,1567228,3138288,779386,30157937,27981,198366846,173314617,0
1789562811.730943,139.047,2892607,175659,0,111,43,57,38447,316040,11326682,17779732,3888,62818592,45459524,64771556,0,3109248,0,1,1,0,7289490,1000287192,1008022182,23,23,972,1567228,3138288,777312,30157937,27981,198366846,173314617,0
1789562811.9812496,139.297,2892982,175684,0,111,43,57,38447,316040,11326734,17779732,3888,62818592,45459524,64771556,0,3093360,0,1,1,0,7289490,1000537489,1008272479,23,23,972,1567228,3138288,773340,30157938,27981,198366846,173314617,0
1789562812.2315705,139.547,2893357,175709,0,111,43,57,38447,316040,11326805,17779732,3888,62818516,45459448,64771556,0,3073468,0,1,1,0,7289491,1000785798,1008520788,23,23,972,1567226,3138284,768367,30157938,27981,198366846,173314617,0
1789562812.4819353,139.798,2893732,175734,0,111,43,57,38447,316040,11326852,17779732,3888,62818264,45459196,64771556,0,3069372,0,1,1,0,7289491,1001036115,1008771106,23,23,972,1567219,3138271,767343,30157939,27981,198366846,173314617,0
1789562812.7322307,140.048,2894108,175759,0,111,43,57,38447,316040,11326910,17779724,3888,62818264,45459196,64771556,0,3058020,0,2,1,0,7289491,1001286374,1009021365,23,23,972,1567219,3138271,764118,30157941,27981,198366846,173314705,0
1789562812.9825144,140.298,2894483,175784,0,111,43,57,38448,316040,11326968,17779732,3944,62820776,45461708,64771556,0,3041288,0,1,1,0,7289491,1001536633,1009271623,23,23,986,1567282,3138397,760322,30157941,27981,198366846,173314709,0
1789562813.2328184,140.549,2894858,175809,0,111,43,57,38448,316041,11327034,17779732,3944,62821012,45461944,64771556,0,3029600,0,1,1,0,7289491,1001786910,1009521900,23,23,986,1567288,3138408,757400,30157942,27981,198366846,173314709,0
1789562813.4831114,140.799,2895233,175834,0,111,43,57,38448,316041,11327113,17779732,3944,62821012,45461944,64771556,0,3021272,0,1,1,0,7289498,1002037163,1009772162,23,23,986,1567288,3138408,755318,30157942,27981,198366846,173314709,0
1789562813.7334342,141.049,2895608,175859,0,111,43,57,38448,316041,11327201,17779732,3944,62820760,45461692,64771556,0,3005212,0,1,1,0,7289498,1002286477,1010021476,23,23,986,1567282,3138396,751303,30157947,27981,198366846,173314709,0
1789562813.983766,141.299,2895984,175884,0,111,43,57,38448,316041,11327249,17779732,3944,62820760,45461692,64771556,0,2996984,0,1,1,0,7289498,1002536758,1010271757,23,23,986,1567282,3138396,749246,30157947,27981,198366846,173314709,0
1789562814.2340708,141.55,2896359,175910,0,111,43,57,38448,316041,11327319,17779732,3944,62820760,45461692,64771556,0,2980152,0,1,1,0,7289498,1002785044,1010520043,23,23,986,1567282,3138396,745038,30157949,27981,198366846,173314709,0
1789562814.484357,141.8,2896734,175935,0,111,43,57,38448,316041,11327368,17779732,3944,62820996,45461928,64771556,0,2971960,0,1,1,0,7289498,1003035306,1010770305,23,23,986,1567288,3138408,742990,30157949,27981,198366846,173314709,0
1789562814.7346568,142.05,2897109,175960,0,111,43,57,38448,316041,11327425,17779732,3944,62820744,45461676,64771556,0,2955576,0,1,1,0,7289498,1003285563,1011020562,23,23,986,1567281,3138395,738894,30157950,27981,198366846,173314709,0
1789562814.984966,142.301,2897485,175985,0,111,43,57,38448,316041,11327480,17779732,3944,62820744,45461676,64771556,0,2947384,0,1,1,0,7289498,1003535829,1011270828,23,23,986,1567281,3138395,736846,30157951,27981,198366846,173314709,0
1789562815.2352507,142.551,2897860,176010,0,111,43,57,38448,316041,11327550,17779732,3944,62820984,45461916,64771556,0,2931112,0,1,1,0,7289498,1003785096,1011520095,23,23,986,1567287,3138407,732778,30157952,27981,198366846,173314709,0
1789562815.4855354,142.801,2898235,176035,0,111,43,57,38448,316041,11327595,17779732,3944,62820732,45461664,64771556,0,2922904,0,1,1,0,7289498,1004035358,1011770357,23,23,986,1567281,3138395,730726,30157953,27981,198366846,173314709,0
1789562815.7358181,143.052,2898610,176060,0,111,43,57,38448,316041,11327643,17779732,3944,62820732,45461664,64771556,0,2906744,0,1,1,0,7289498,1004285610,1012020609,23,23,986,1567281,3138395,726686,30157954,27981,198366846,173314709,0
1789562815.9860976,143.302,2898985,176085,0,111,43,57,38448,316041,11327686,17779732,3944,62820732,45461664,64771556,0,2898500,0,1,1,0,7289498,1004535858,1012270857,23,23,986,1567281,3138395,724625,30157954,27981,198366846,173314709,0
1789562816.2363808,143.552,2899361,176110,0,111,43,57,38449,316041,11327752,17779732,3944,62820972,45461904,64771556,0,2884876,0,1,1,0,7289498,1004786126,1012521125,23,23,986,1567287,3138407,721000,30157956,27981,198366846,173314709,0
1789562816.48667,143.802,2899736,176135,0,111,43,57,38449,316041,11327800,17779732,3944,62820720,45461652,64771556,0,2873792,0,1,1,0,7289498,1005036377,1012771376,23,23,986,1567281,3138394,718448,30157956,27981,198366846,173314709,0
1789562816.7369664,144.053,2900111,176160,0,111,43,57,38449,316041,11327866,17779732,3944,62820468,45461400,64771556,0,2865584,0,1,1,0,7289498,1005286644,1013021643,23,23,986,1567274,3138381,716396,30157958,27981,198366846,173314709,0
1789562816.9872649,144.303,2900486,176185,0,111,43,57,38449,316041,11327917,17779732,3944,62820468,45461400,64771556,0,2849108,0,1,1,0,7289498,1005536911,1013271910,23,23,986,1567274,3138381,712277,30157960,27981,198366846,173314709,0
1789562817.2375555,144.553,2900862,176210,0,111,43,57,38449,316041,11327983,17779732,3940,62820704,45461636,64771556,0,2832700,0,1,1,0,7289506,1005786886,1013522184,23,23,985,1567280,3138393,708175,30157961,27981,198366846,173314713,0
1789562817.4878795,144.804,2901237,176235,0,111,43,57,38449,316041,11328066,17779732,3940,62822428,45463360,64771556,0,2824508,0,1,1,0,7289514,1006037154,1013772462,23,23,985,1567323,3138479,706127,30157962,27981,198366846,173314713,0
1789562817.7381735,145.054,2901612,176260,0,111,43,57,38449,316041,11328122,17779732,3984,62822428,45463360,64771556,0,2808124,0,1,1,0,7289514,1006287421,1014022728,23,23,996,1567323,3138479,702031,30157963,27981,198366846,173314805,0
1789562817.9884617,145.304,2901987,176285,0,111,43,57,38449,316041,11328173,17779732,3984,62822428,45463360,64771556,0,2799932,0,1,1,0,7289514,1006536683,1014271990,23,23,996,1567323,3138479,699983,30157964,27981,198366846,173314805,0
1789562818.2387462,145.554,2902363,176310,0,111,43,57,38449,316041,11328243,17779732,3984,62822664,45463596,64771556,0,2783900,0,1,1,0,7289514,1006786961,1014522269,23,23,996,1567329,3138491,695975,30157966,27981,198366846,173314805,0
1789562818.4890678,145.805,2902738,176336,0,111,43,57,38449,316041,11328290,17779732,3984,62822412,45463344,64771556,0,2775400,0,1,1,0,7289514,1007037226,1014772534,23,23,996,1567323,3138478,693850,30157967,27981,198366846,173314805,0
1789562818.7393575,146.055,2903113,176361,0,111,43,57,38449,316041,11328337,17779732,3984,62822412,45463344,64771556,0,2759152,0,1,1,0,7289514,1007287485,1015022793,23,23,996,1567323,3138478,689788,30157967,27981,198366846,173314805,0
1789562818.9896548,146.305,2903488,176386,0,111,43,57,38449,316041,11328386,17779732,3984,62822412,45463344,64771556,0,2751128,0,1,1,0,7289514,1007537748,1015273056,23,23,996,1567323,3138478,687782,30157969,27981,198366846,173314805,0
1789562819.2399526,146.556,2903864,176411,0,111,43,57,38449,316041,11328452,17779732,3984,62822652,45463584,64771556,0,2734396,0,1,1,0,7289514,1007788007,1015523315,23,23,996,1567329,3138490,683599,30157969,27981,198366846,173314805,0
1789562819.4902434,146.806,2904239,176436,0,111,43,57,38450,316041,11328502,17779732,3984,62822400,45463332,64771556,0,2726204,0,1,1,0,7289514,1008038270,1015773577,23,23,996,1567323,3138478,681551,30157970,27981,198366846,173314805,0
1789562819.740527,147.056,2904614,176461,0,111,43,57,38450,316041,11328547,17779732,3984,62822400,45463332,64771556,0,2709820,0,1,1,0,7289514,1008288522,1016023829,23,23,996,1567323,3138478,677455,30157971,27981,198366846,173314805,0
1789562819.9908168,147.307,2904989,176486,0,111,43,57,38450,316041,11328593,17779732,3984,62822400,45463332,64771556,0,2701628,0,1,1,0,7289514,1008538787,1016274094,23,23,996,1567323,3138478,675407,30157972,27981,198366846,173314805,0
1789562820.2411053,147.557,2905364,176511,0,111,43,57,38450,316041,11328703,17779556,3984,62822636,45463568,64771556,0,2685560,0,1,1,0,7289549,1008788083,1016524357,23,23,996,1567329,3138490,671390,30157973,27981,198367030,173314805,0
1789562820.491388,147.807,2905740,176536,0,111,43,57,38450,316041,11328750,17779556,3984,62822636,45463568,64771556,0,2677308,0,1,1,0,7289549,1009038345,1016774618,23,23,996,1567329,3138490,669327,30157974,27981,198367030,173314805,0
1789562820.7416735,148.057,2906115,176561,0,111,43,57,38450,316042,11328801,17779556,3984,62822384,45463316,64771556,0,2669140,0,1,1,0,7289549,1009287602,1017023875,23,23,996,1567322,3138477,667285,30157974,27981,198367030,173314805,0
1789562820.9919763,148.308,2906490,176586,0,111,43,57,38450,316042,11328864,17779556,3984,62824104,45465036,64771556,0,2652476,0,1,1,0,7289549,1009537889,1017274162,23,23,996,1567365,3138563,663119,30157975,27981,198367030,173314805,0
1789562821.242296,148.558,2906865,176611,0,111,43,57,38450,316042,11328931,17779740,3984,62824692,45465532,64771556,0,2636092,0,1,1,0,7289555,1009788163,1017524446,23,23,996,1567380,3138592,659023,30157977,27981,198367030,173314805,0
1789562821.4926014,148.808,2907241,176636,0,111,43,57,38450,316042,11329016,17779740,3984,62824440,45465280,64771556,0,2627900,0,1,1,0,7289563,1010038419,1017774712,23,23,996,1567374,3138580,656975,30157978,27981,198367030,173314805,0
1789562821.7429125,149.059,2907616,176661,0,111,43,57,38450,316042,11329061,17779740,3984,62824440,45465280,64771556,0,2619780,0,1,1,0,7289563,1010288693,1018024986,23,23,996,1567374,3138580,654945,30157979,27981,198367030,173314805,0
1789562821.9931917,149.309,2907991,176686,0,111,43,57,38450,316042,11329111,17779740,3984,62824440,45465280,64771556,0,2603404,0,1,1,0,7289563,1010538949,1018275241,23,23,996,1567374,3138580,650851,30157979,27981,198367030,173314805,0
1789562822.2434802,149.559,2908366,176711,0,111,43,57,38450,316042,11329168,17779740,3984,62826192,45467032,64771556,0,2595132,0,1,1,0,7289563,1010789209,1018525501,23,23,996,1567417,3138667,648783,30157980,27981,198367030,173314805,0
1789562822.4937727,149.809,2908742,176736,0,111,43,57,38450,316042,11329222,17779740,3984,62825940,45466780,64771556,0,2578748,0,1,1,0,7289563,1011039477,1018775769,23,23,996,1567411,3138655,644687,30157982,27981,198367030,173314805,0
1789562822.7440736,150.06,2909117,176761,0,111,43,57,38450,316042,11329274,17779740,3984,62825940,45466780,64771556,0,2570556,0,1,1,0,7289563,1011289734,1019026027,23,23,996,1567411,3138655,642639,30157984,27981,198367030,173314805,0
1789562822.9943562,150.31,2909492,176786,0,111,43,57,38450,316042,11329333,17779740,3984,62826388,45467228,64771556,0,2554172,0,1,1,0,7289563,1011539986,1019276278,23,23,996,1567422,3138677,638543,30157984,27981,198367030,173314885,0
1789562823.2446394,150.56,2909867,176812,0,111,43,57,38450,316042,11329394,17779740,3984,62826624,45467464,64771556,0,2545980,0,1,2,0,7289563,1011789251,1019525543,23,23,996,1567428,3138689,636495,30157985,27981,198367030,173314885,0
1789562823.4949493,150.811,2910242,176837,0,111,43,57,38450,316042,11329449,17779740,3984,62826624,45467464,64771556,0,2529924,0,1,1,0,7289563,1012039541,1019775834,23,23,996,1567428,3138689,632481,30157985,27981,198367030,173314885,0
1789562823.745266,151.061,2910618,176862,0,111,43,57,38450,316042,11329516,17779740,3984,62827688,45468528,64771556,0,2521468,0,1,1,0,7289563,1012289847,1020026139,23,23,996,1567455,3138742,630367,30157987,27981,198367030,173314885,0
1789562823.9955978,151.311,2910993,176887,0,111,43,57,38450,316042,11329576,17779740,3984,62827688,45468528,64771556,0,2505292,0,1,1,0,7289563,1012539133,1020275425,23,23,996,1567455,3138742,626323,30157988,27981,198367030,173314885,0
1789562824.2459004,151.562,2911368,176912,0,111,43,57,38450,316042,11329627,17779740,3984,62827928,45468768,64771556,0,2496828,0,1,1,0,7289563,1012789406,1020525699,23,23,996,1567461,3138754,624207,30157989,27981,198367030,173314885,0
1789562824.4961839,151.812,2911743,176937,0,111,43,57,38450,316042,11329679,17779740,3984,62827676,45468516,64771556,0,2480444,0,1,1,0,7289563,1013039654,1020775946,23,23,996,1567454,3138742,620111,30157989,27981,198367030,173314885,0
1789562824.7464578,152.062,2912119,176962,0,111,43,57,38450,316042,11329727,17779740,3984,62827676,45468516,64771556,0,2472252,0,1,1,0,7289563,1013289914,1021026206,23,23,996,1567454,3138742,618063,30157990,27981,198367030,173314885,0
1789562824.9967442,152.312,2912494,176987,0,111,43,57,38450,316042,11329776,17779740,3984,62827676,45468516,64771556,0,2455868,0,1,1,0,7289564,1013539178,1021275471,23,23,996,1567454,3138742,613967,30157990,27981,198367030,173314885,0
1789562825.2470448,152.563,2912869,177012,0,111,43,57,38450,316042,11329873,17779740,3984,62828332,45469172,64771556,0,2439624,0,1,1,0,7289564,1013787463,1021523755,23,23,996,1567471,3138774,609906,30157992,27981,198367030,173314885,0
1789562825.4973304,152.813,2913244,177037,0,111,43,57,38451,316042,11329960,17779740,3984,62829240,45470080,64771556,0,2431584,0,1,1,0,7289573,1014037702,1021774007,23,23,996,1567493,3138820,607896,30157993,27981,198367030,173314885,0
1789562825.7476113,153.063,2913619,177062,0,111,43,57,38451,316042,11330004,17779740,3984,62829240,45470080,64771556,0,2423628,0,1,1,0,7289573,1014287953,1022024258,23,23,996,1567493,3138820,605907,30157993,27981,198367030,173314885,0
1789562825.9979067,153.314,2913994,177087,0,111,43,57,38451,316042,11330051,17779740,3984,62829240,45470080,64771556,0,2407176,0,1,1,0,7289573,1014538227,1022274532,23,23,996,1567493,3138820,601794,30157994,27981,198367030,173314885,0
1789562826.2481873,153.564,2914370,177112,0,111,43,57,38451,316042,11330104,17779740,3984,62829484,45470324,64771556,0,2398524,0,1,1,0,7289573,1014788475,1022524780,23,23,996,1567499,3138832,599631,30157994,27981,198367030,173314885,0
1789562826.498476,153.814,2914745,177137,0,111,43,57,38451,316042,11330164,17779740,3984,62829232,45470072,64771556,0,2382140,0,1,1,0,7289573,1015038734,1022775039,23,23,996,1567493,3138819,595535,30157997,27981,198367030,173314885,0
1789562826.7487547,154.064,2915120,177162,0,111,43,57,38451,316042,11330207,17779740,3984,62829232,45470072,64771556,0,2373948,0,1,1,0,7289573,1015288996,1023025301,23,23,996,1567493,3138819,593487,30157997,27981,198367030,173314885,0
1789562826.99905,154.315,2915496,177187,0,111,43,57,38451,316042,11330255,17779740,3984,62829552,45470392,64771556,0,2357564,0,1,1,0,7289573,1015539244,1023275549,23,23,996,1567501,3138835,589391,30157998,27981,198367030,173314885,0
1789562827.249322,154.565,2915871,177212,0,111,43,57,38451,316042,11330313,17779740,3984,62829788,45470628,64771556,0,2349548,0,1,1,0,7289580,1015789196,1023525794,23,23,996,1567507,3138847,587387,30157998,27981,198367030,173314885,0
1789562827.4996066,154.815,2916246,177237,0,111,43,57,38451,316042,11330371,17779740,3984,62829536,45470376,64771556,0,2333204,0,1,1,0,7289580,1016039442,1023776040,23,23,996,1567501,3138835,583301,30157999,27981,198367030,173314885,0
1789562827.7499042,155.066,2916621,177263,0,111,43,57,38452,316042,11330425,17779740,3984,62829132,45469972,64771556,0,2325000,0,1,2,0,7289580,1016288724,1024025322,23,23,996,1567491,3138814,581250,30158132,27981,198367030,173314885,0
1789562828.000211,155.316,2916990,177288,0,111,43,57,38455,316045,11331083,17779736,4388,62823072,45463860,64771556,0,2308520,0,1,1,0,7289645,1016492204,1024230536,23,23,1097,1567339,3138511,577130,30164028,27981,198367030,173314929,0
1789562828.2505653,155.566,2917364,177313,0,111,43,57,38456,316046,11331427,17779740,5464,62827836,45468508,64771556,0,2292028,0,1,2,0,7289658,1016733382,1024472155,23,23,1366,1567458,3138749,573007,30164904,27981,198367030,173315013,0
1789562828.5009305,155.817,2917738,177339,0,111,43,57,38456,316046,11331553,17779740,216,62828548,45469220,64771556,0,2284128,0,1,1,0,7289666,1016974416,1024713225,23,23,54,1567476,3138784,571032,30164905,27981,198367030,173320261,0
1789562828.7512326,156.067,2918113,177364,0,111,43,57,38456,316046,11331614,17779740,216,62828548,45469220,64771556,0,2275928,0,1,1,0,7289666,1017224683,1024963492,23,23,54,1567476,3138784,568982,30164905,27981,198367030,173320261,0
1789562829.0015235,156.317,2918488,177389,0,111,43,57,38456,316046,11331661,17779740,216,62828548,45469220,64771556,0,2259260,0,1,1,0,7289666,1017474951,1025213760,23,23,54,1567476,3138784,564815,30164906,27981,198367030,173320261,0
1789562829.2518237,156.568,2918864,177414,0,111,43,57,38456,316046,11331732,17779740,216,62830772,45471444,64771556,0,2251456,0,1,1,0,7289666,1017725222,1025464031,23,23,54,1567531,3138896,562864,30164907,27981,198367030,173320261,0
1789562829.5021195,156.818,2919239,177439,0,111,43,57,38456,316046,11331829,17779740,216,62831980,45472652,64771556,0,2235172,0,1,1,0,7289675,1017975472,1025714294,23,23,54,1567561,3138956,558793,30164908,27981,198367030,173320261,0
1789562829.752409,157.068,2919614,177464,0,111,43,57,38456,316046,11331877,17779740,216,62831980,45472652,64771556,0,2226660,0,1,1,0,7289675,1018225730,1025964552,23,23,54,1567561,3138956,556665,30164909,27981,198367030,173320261,0
1789562830.0026915,157.318,2919989,177489,0,111,43,57,38456,316046,11331941,17779740,216,62831980,45472652,64771556,0,2210344,0,1,1,0,7289683,1018475988,1026214823,23,23,54,1567561,3138956,552586,30164910,27981,198367030,173320261,0
1789562830.252992,157.569,2920365,177514,0,111,43,57,38456,316046,11332009,17779740,216,62831980,45472652,64771556,0,2201916,0,1,1,0,7289683,1018726238,1026465073,23,23,54,1567561,3138956,550479,30164911,27981,198367030,173320261,0
1789562830.503276,157.819,2920740,177539,0,111,43,57,38456,316046,11332054,17779740,216,62831980,45472652,64771556,0,2185532,0,1,1,0,7289683,1018976496,1026715331,23,23,54,1567561,3138956,546383,30164912,27981,198367030,173320261,0
1789562830.7535555,158.069,2921115,177564,0,111,43,57,38456,316046,11332112,17779740,216,62831980,45472652,64771556,0,2177340,0,1,1,0,7289683,1019226755,1026965590,23,23,54,1567561,3138956,544335,30164913,27981,198367030,173320261,0
1789562831.0038588,158.32,2921490,177589,0,111,43,57,38457,316046,11332177,17779740,216,62831980,45472652,64771556,0,2160956,0,1,1,0,7289683,1019477046,1027215881,23,23,54,1567561,3138956,540239,30164914,27981,198367030,173320261,0
1789562831.2541873,158.57,2921865,177614,0,111,43,57,38457,316046,11332230,17779740,216,62831980,45472652,64771556,0,2152996,0,1,1,0,7289683,1019727317,1027466152,23,23,54,1567561,3138956,538249,30164915,27981,198367030,173320261,0
1789562831.5044816,158.82,2922241,177639,0,111,43,57,38457,316046,11332288,17779740,216,62831980,45472652,64771556,0,2136712,0,1,1,0,7289683,1019977579,1027716415,23,23,54,1567561,3138956,534178,30164916,27981,198367030,173320273,0
1789562831.7547812,159.07,2922616,177664,0,111,43,57,38457,316046,11332338,17779740,216,62831980,45472652,64771556,0,2128356,0,1,1,0,7289683,1020227854,1027966689,23,23,54,1567561,3138956,532089,30164918,27981,198367030,173320273,0
1789562832.0050716,159.321,2922991,177689,0,111,43,57,38457,316046,11332393,17779740,216,62831980,45472652,64771556,0,2111908,0,1,1,0,7289684,1020477112,1028215947,23,23,54,1567561,3138956,527977,30164918,27981,198367030,173320273,0
1789562832.2553525,159.571,2923366,177715,0,111,43,57,38457,316046,11332450,17779740,208,62832336,45473008,64771556,0,2103612,0,1,1,0,7289684,1020727366,1028466201,23,23,52,1567570,3138974,525903,30164919,27981,198367030,173320273,0
1789562832.5056345,159.821,2923742,177740,0,111,43,57,38457,316046,11332516,17779740,208,62832336,45473008,64771556,0,2087228,0,1,1,0,7289684,1020976618,1028715453,23,23,52,1567570,3138974,521807,30164920,27981,198367030,173320273,0
1789562832.7559233,160.072,2924117,177765,0,111,43,57,38457,316046,11332566,17779740,208,62832336,45473008,64771556,0,2079036,0,1,1,0,7289684,1021226884,1028965719,23,23,52,1567570,3138974,519759,30164921,27981,198367030,173320273,0
1789562833.0062056,160.322,2924492,177790,0,111,43,57,38457,316046,11332619,17779740,208,62832336,45473008,64771556,0,2062652,0,1,1,0,7289684,1021476161,1029214997,23,23,52,1567570,3138974,515663,30164922,27981,198367030,173320273,0
1789562833.2564812,160.572,2924867,177815,0,111,43,57,38457,316046,11332687,17779740,208,62832608,45473280,64771556,0,2054724,0,1,1,0,7289684,1021726421,1029465257,23,23,52,1567577,3138987,513681,30164923,27981,198367030,173320273,0
1789562833.5067706,160.822,2925242,177840,0,111,43,57,38457,316046,11332781,17779732,208,62832608,45473280,64771556,0,2038240,0,1,1,0,7289690,1021975693,1029714536,23,23,52,1567577,3138987,509560,30164923,27981,198367030,173320349,0
1789562833.7570736,161.073,2925617,177865,0,111,43,57,38457,316047,11332861,17779732,208,62832608,45473280,64771556,0,2030092,0,1,1,0,7289690,1022225984,1029964827,23,23,52,1567577,3138987,507523,30164925,27981,198367030,173320349,0
1789562834.0074108,161.323,2925993,177890,0,111,43,57,38457,316047,11332914,17779732,208,62832608,45473280,64771556,0,2021820,0,1,1,0,7289690,1022475264,1030214108,23,23,52,1567577,3138987,505455,30164927,27981,198367030,173320349,0
1789562834.2576978,161.573,2926368,177915,0,111,43,57,38457,316047,11332978,17779740,212,62832608,45473280,64771556,0,2005308,0,1,1,0,7289690,1022725549,1030464392,23,23,53,1567577,3138987,501327,30164927,27981,198367030,173320349,0
1789562834.5080216,161.824,2926743,177940,0,111,43,57,38457,316047,11333026,17779740,212,62832608,45473280,64771556,0,1997116,0,1,1,0,7289690,1022975815,1030714658,23,23,53,1567577,3138987,499279,30164929,27981,198367030,173320349,0
1789562834.758302,162.074,2927118,177965,0,111,43,57,38457,316047,11333073,17779740,212,62832608,45473280,64771556,0,1980732,0,1,1,0,7289690,1023226070,1030964913,23,23,53,1567577,3138987,495183,30164929,27981,198367030,173320349,0
1789562835.008588,162.324,2927494,177990,0,111,43,57,38457,316047,11333121,17779740,212,62832608,45473280,64771556,0,1972540,0,1,1,0,7289690,1023476319,1031215162,23,23,53,1567577,3138987,493135,30164930,27981,198367030,173320349,0
1789562835.2588773,162.575,2927869,178015,0,111,43,57,38457,316047,11333180,17779740,212,62832608,45473280,64771556,0,1956388,0,1,1,0,7289690,1023726586,1031465430,23,23,53,1567577,3138987,489097,30164930,27981,198367030,173320349,0
1789562835.5091686,162.825,2928244,178040,0,111,43,57,38457,316047,11333230,17779740,212,62832608,45473280,64771556,0,1948116,0,1,1,0,7289690,1023976839,1031715683,23,23,53,1567577,3138987,487029,30164932,27981,198367030,173320349,0
1789562835.759451,163.075,2928619,178066,0,111,43,57,38457,316047,11333287,17779740,212,62832608,45473280,64771556,0,1931856,0,1,1,0,7289690,1024227096,1031965939,23,23,53,1567577,3138987,482964,30164933,27981,198367030,173320349,0
1789562836.0097308,163.325,2928995,178091,0,111,43,57,38458,316047,11333331,17779740,212,62832608,45473280,64771556,0,1923828,0,1,1,0,7289690,1024477358,1032216201,23,23,53,1567577,3138987,480957,30164934,27981,198367030,173320349,0
1789562836.2600172,163.576,2929370,178116,0,111,43,57,38458,316047,11333391,17779740,212,62832956,45473628,64771556,0,1907004,0,1,1,0,7289690,1024727611,1032466454,23,23,53,1567586,3139005,476751,30164934,27981,198367030,173320349,0
1789562836.510307,163.826,2929745,178141,0,111,43,57,38458,316047,11333436,17779740,212,62832956,45473628,64771556,0,1898812,0,1,1,0,7289690,1024977870,1032716713,23,23,53,1567586,3139005,474703,30164935,27981,198367030,173320349,0
1789562836.7605875,164.076,2930120,178166,0,111,43,57,38458,316047,11333495,17779740,212,62832956,45473628,64771556,0,1882428,0,1,1,0,7289690,1025227131,1032965974,23,23,53,1567586,3139005,470607,30164935,27981,198367030,173320349,0
1789562837.0109043,164.327,2930496,178191,0,111,43,57,38458,316047,11333543,17779740,212,62832956,45473628,64771556,0,1874236,0,1,1,0,7289690,1025477418,1033216261,23,23,53,1567586,3139005,468559,30164938,27981,198367030,173320349,0
1789562837.2611802,164.577,2930871,178216,0,111,43,57,38458,316047,11333612,17779740,212,62833776,45474448,64771556,0,1858048,0,1,1,0,7289710,1025727356,1033466512,23,23,53,1567606,3139046,464512,30164938,27981,198367030,173320349,0
1789562837.5114644,164.827,2931246,178241,0,111,43,57,38458,316047,11333699,17779740,212,62833776,45474448,64771556,0,1849776,0,1,1,0,7289718,1025977613,1033716778,23,23,53,1567606,3139046,462444,30164939,27981,198367030,173320349,0
1789562837.7617571,165.077,2931621,178266,0,111,43,57,38458,316047,11333754,17779740,212,62833776,45474448,64771556,0,1833440,0,1,1,0,7289718,1026226887,1033966052,23,23,53,1567606,3139046,458360,30164939,27981,198367030,173320349,0
1789562838.012051,165.328,2931997,178291,0,111,43,57,38458,316047,11333803,17779740,212,62834596,45475268,64771556,0,1825216,0,1,1,0,7289718,1026477139,1034216304,23,23,53,1567627,3139087,456304,30164939,27981,198367030,173320349,0
1789562838.2623336,165.578,2932372,178316,0,111,43,57,38458,316047,11333867,17779740,44,62834676,45475348,64771556,0,1808692,0,1,1,0,7289718,1026727393,1034466558,23,23,11,1567629,3139091,452173,30164941,27981,198367030,173320453,0
1789562838.5126083,165.828,2932747,178341,0,111,43,57,38458,316047,11333915,17779740,44,62834676,45475348,64771556,0,1800500,0,1,1,0,7289718,1026977645,1034716810,23,23,11,1567629,3139091,450125,30164942,27981,198367030,173320453,0
1789562838.7629035,166.079,2933122,178366,0,111,43,57,38458,316047,11333983,17779732,44,62834676,45475348,64771556,0,1784116,0,1,1,0,7289718,1027226918,1034966083,23,23,11,1567629,3139091,446029,30164943,27981,198367030,173320533,0
1789562839.0131803,166.329,2933497,178391,0,111,43,57,38458,316047,11334028,17779732,44,62834676,45475348,64771556,0,1775924,0,1,1,0,7289718,1027477165,1035216330,23,23,11,1567629,3139091,443981,30164943,27981,198367030,173320533,0
1789562839.263456,166.579,2933873,178416,0,111,43,57,38458,316047,11334094,17779740,116,62834676,45475348,64771556,0,1759540,0,1,1,0,7289718,1027727417,1035466583,23,23,29,1567629,3139091,439885,30164944,27981,198367030,173320533,0
1789562839.5137367,166.829,2934248,178442,0,111,43,57,38458,316047,11334137,17779740,116,62834676,45475348,64771556,0,1751348,0,1,1,0,7289718,1027977680,1035716845,23,23,29,1567629,3139091,437837,30164944,27981,198367030,173320533,0
1789562839.7640393,167.08,2934623,178467,0,111,43,57,38458,316047,11334189,17779740,116,62834676,45475348,64771556,0,1734964,0,1,1,0,7289718,1028227940,1035967105,23,23,29,1567629,3139091,433741,30164946,27981,198367030,173320533,0
1789562840.0143206,167.33,2934998,178492,0,111,43,57,38458,316047,11334238,17779740,116,62834676,45475348,64771556,0,1726772,0,1,1,0,7289718,1028478192,1036217357,23,23,29,1567629,3139091,431693,30164947,27981,198367030,173320533,0
1789562840.2645972,167.58,2935373,178517,0,111,43,57,38458,316047,11334300,17779740,116,62834676,45475348,64771556,0,1710688,0,1,1,0,7289718,1028728438,1036467604,23,23,29,1567629,3139091,427672,30164948,27981,198367030,173320533,0
1789562840.514888,167.831,2935749,178542,0,111,43,57,38458,316047,11334353,17779740,116,62834676,45475348,64771556,0,1702200,0,1,1,0,7289718,1028977706,1036716872,23,23,29,1567629,3139091,425550,30164948,27981,198367030,173320533,0
1789562840.7651634,168.081,2936124,178567,0,111,43,57,38458,316047,11334409,17779740,116,62834676,45475348,64771556,0,1686076,0,1,1,0,7289718,1029227955,1036967121,23,23,29,1567629,3139091,421519,30164949,27981,198367030,173320533,0
1789562841.0154514,168.331,2936499,178592,0,111,43,57,38458,316047,11334472,17779740,116,62834676,45475348,64771556,0,1678008,0,1,1,0,7289718,1029478250,1037217415,23,23,29,1567629,3139091,419502,30164951,27981,198367030,173320533,0
1789562841.2657778,168.581,2936874,178617,0,111,43,57,38458,316047,11334548,17779740,116,62834436,45475108,64771556,0,1661236,0,1,1,0,7289719,1029727566,1037466731,23,23,29,1567623,3139079,415309,30164953,27981,198367030,173320533,0
1789562841.5161073,168.832,2937250,178642,0,111,43,57,38458,316047,11334625,17779740,116,62834184,45474856,64771556,0,1653044,0,1,1,0,7289729,1029977765,1037716993,23,23,29,1567616,3139066,413261,30164954,27981,198367030,173320533,0
1789562841.7663956,169.082,2937625,178667,0,111,43,57,38458,316047,11334681,17779740,116,62834184,45474856,64771556,0,1636660,0,1,1,0,7289729,1030228025,1037967254,23,23,29,1567616,3139066,409165,30164955,27981,198367030,173320533,0
1789562842.0166836,169.332,2938000,178692,0,111,43,57,38459,316047,11334722,17779740,116,62834184,45474856,64771556,0,1628468,0,1,1,0,7289729,1030478291,1038217519,23,23,29,1567616,3139066,407117,30164955,27981,198367030,173320533,0
1789562842.2669766,169.583,2938375,178717,0,111,43,57,38459,316047,11334786,17779740,116,62834264,45474936,64771556,0,1612084,0,1,1,0,7289729,1030728555,1038467784,23,23,29,1567618,3139070,403021,30164955,27981,198367030,173320533,0
1789562842.517268,169.833,2938751,178742,0,111,43,57,38459,316047,11334830,17779740,116,62834520,45475192,64771556,0,1603892,0,1,1,0,7289729,1030978806,1038718035,23,23,29,1567625,3139083,400973,30164956,27981,198367030,173320533,0
1789562842.767548,170.083,2939126,178767,0,111,43,57,38459,316047,11334892,17779740,116,62834520,45475192,64771556,0,1587508,0,1,1,0,7289729,1031228074,1038967303,23,23,29,1567625,3139083,396877,30164957,27981,198367030,173320533,0
1789562843.017846,170.334,2939501,178793,0,111,43,57,38459,316047,11334941,17779740,116,62834520,45475192,64771556,0,1579316,0,1,1,0,7289730,1031477342,1039216571,23,23,29,1567625,3139083,394829,30164960,27981,198367030,173320533,0
1789562843.268122,170.584,2939876,178818,0,111,43,57,38459,316047,11335005,17779740,116,62834520,45475192,64771556,0,1563252,0,1,1,0,7289730,1031727592,1039466821,23,23,29,1567625,3139083,390813,30164960,27981,198367030,173320533,0
1789562843.5184023,170.834,2940251,178843,0,111,43,57,38459,316047,11335057,17779740,116,62834520,45475192,64771556,0,1554996,0,1,1,0,7289730,1031976848,1039716077,23,23,29,1567625,3139083,388749,30164961,27981,198367030,173320533,0
1789562843.7686892,171.084,2940626,178868,0,111,43,57,38459,316047,11335186,17779732,116,62834520,45475192,64771556,0,1538416,0,1,1,0,7289730,1032226161,1039965390,23,23,29,1567625,3139083,384604,30164967,27981,198367030,173320609,0
1789562844.019049,171.335,2941001,178893,0,111,43,57,38459,316047,11335233,17779732,116,62834520,45475192,64771556,0,1530204,0,1,1,0,7289730,1032475445,1040214674,23,23,29,1567625,3139083,382551,30164968,27981,198367030,173320609,0
1789562844.269342,171.585,2941377,178918,0,111,43,57,38459,316047,11335300,17779740,176,62834776,45475448,64771556,0,1513780,0,1,1,0,7289730,1032725707,1040464936,23,23,44,1567631,3139096,378445,30164968,27981,198367030,173320609,0
1789562844.5196414,171.835,2941752,178943,0,111,43,57,38459,316048,11335343,17779740,176,62834776,45475448,64771556,0,1505588,0,1,1,0,7289730,1032975970,1040715199,23,23,44,1567631,3139096,376397,30164970,27981,198367030,173320609,0
1789562844.7699418,172.086,2942127,178968,0,111,43,57,38459,316048,11335397,17779740,176,62834776,45475448,64771556,0,1489204,0,1,1,0,7289730,1033226241,1040965470,23,23,44,1567631,3139096,372301,30164971,27981,198367030,173320609,0
1789562845.0202267,172.336,2942503,178993,0,111,43,57,38459,316048,11335447,17779740,176,62834776,45475448,64771556,0,1481012,0,1,1,0,7289730,1033476495,1041215724,23,23,44,1567631,3139096,370253,30164972,27981,198367030,173320609,0
1789562845.2705019,172.586,2942878,179018,0,111,43,57,38459,316048,11335516,17779740,176,62834776,45475448,64771556,0,1464628,0,1,1,0,7289730,1033726745,1041465973,23,23,44,1567631,3139096,366157,30164972,27981,198367030,173320609,0
1789562845.5207794,172.836,2943253,179043,0,111,43,57,38459,316048,11335603,17779740,176,62834776,45475448,64771556,0,1456436,0,1,1,0,7289736,1033976006,1041715243,23,23,44,1567631,3139096,364109,30164973,27981,198367030,173320609,0
1789562845.771082,173.087,2943628,179068,0,111,43,57,38459,316048,11335652,17779740,176,62834776,45475448,64771556,0,1440052,0,1,1,0,7289736,1034226270,1041965507,23,23,44,1567631,3139096,360013,30164974,27981,198367030,173320609,0
1789562846.0213609,173.337,2944003,179093,0,111,43,57,38459,316048,11335706,17779740,176,62834776,45475448,64771556,0,1431860,0,1,1,0,7289737,1034475539,1042214775,23,23,44,1567631,3139096,357965,30164975,27981,198367030,173320609,0
1789562846.271653,173.587,2944379,179119,0,111,43,57,38459,316048,11335768,17779740,176,62834776,45475448,64771556,0,1415624,0,1,1,0,7289737,1034725793,1042465029,23,23,44,1567631,3139096,353906,30164976,27981,198367030,173320609,0
1789562846.5219512,173.838,2944754,179144,0,111,43,57,38459,316048,11335819,17779740,176,62834776,45475448,64771556,0,1407636,0,1,1,0,7289737,1034975057,1042714294,23,23,44,1567631,3139096,351909,30164976,27981,198367030,173320609,0
1789562846.7722366,174.088,2945129,179169,0,111,43,57,38459,316048,11335872,17779740,176,62834776,45475448,64771556,0,1391128,0,1,1,0,7289737,1035225307,1042964543,23,23,44,1567631,3139096,347782,30164977,27981,198367030,173320609,0
1789562847.0225234,174.338,2945504,179194,0,111,43,57,38459,316048,11335939,17779740,176,62834776,45475448,64771556,0,1382936,0,1,1,0,7289737,1035474592,1043213829,23,23,44,1567631,3139096,345734,30164978,27981,198367030,173320609,0
1789562847.2728233,174.589,2945879,179219,0,111,43,57,38459,316048,11336009,17779740,176,62834536,45475208,64771556,0,1366324,0,1,1,0,7289744,1035724597,1043464102,23,23,44,1567625,3139084,341581,30164979,27981,198367030,173320609,0
1789562847.5231307,174.839,2946255,179244,0,111,43,57,38459,316048,11336052,17779740,176,62834536,45475208,64771556,0,1358132,0,1,1,0,7289744,1035974873,1043714379,23,23,44,1567625,3139084,339533,30164979,27981,198367030,173320609,0
1789562847.773434,175.089,2946630,179269,0,111,43,57,38459,316048,11336105,17779740,176,62834536,45475208,64771556,0,1341748,0,1,1,0,7289744,1036224151,1043963656,23,23,44,1567625,3139084,335437,30164981,27981,198367030,173320609,0
1789562848.0237374,175.339,2947005,179294,0,111,43,57,38460,316048,11336153,17779740,176,62834536,45475208,64771556,0,1333556,0,1,1,0,7289744,1036474434,1044213939,23,23,44,1567625,3139084,333389,30164981,27981,198367030,173320609,0
1789562848.2740643,175.59,2947381,179319,0,111,43,57,38460,316048,11336212,17779740,176,62834536,45475208,64771556,0,1317320,0,1,1,0,7289744,1036723714,1044463219,23,23,44,1567625,3139084,329330,30164983,27981,198367030,173320609,0
1789562848.524358,175.84,2947756,179344,0,111,43,57,38460,316048,11336265,17779740,176,62834536,45475208,64771556,0,1309084,0,1,1,0,7289744,1036973974,1044713480,23,23,44,1567625,3139084,327271,30164983,27981,198367030,173320609,0
1789562848.7746522,176.09,2948131,179369,0,111,43,57,38460,316048,11336336,17779740,176,62834536,45475208,64771556,0,1292960,0,1,1,0,7289744,1037223254,1044962759,23,23,44,1567625,3139084,323240,30164985,27981,198367030,173320609,0
1789562849.0249789,176.341,2948506,179394,0,111,43,57,38460,316048,11336387,17779732,176,62834536,45475208,64771556,0,1284716,0,1,1,0,7289744,1037473530,1045213035,23,23,44,1567625,3139084,321179,30164985,27981,198367030,173320689,0
1789562849.2752862,176.591,2948882,179419,0,111,43,57,38460,316048,11336459,17779740,188,62834536,45475208,64771556,0,1268020,0,1,1,0,7289744,1037723810,1045463316,23,23,47,1567625,3139084,317005,30164987,27981,198367030,173320689,0
1789562849.5255988,176.841,2949257,179444,0,111,43,57,38460,316048,11336536,17779740,188,62834536,45475208,64771556,0,1259828,0,1,1,0,7289750,1037974082,1045713595,23,23,47,1567625,3139084,314957,30164987,27981,198367030,173320689,0
1789562849.7759426,177.092,2949632,179469,0,111,43,57,38460,316048,11336600,17779740,188,62834536,45475208,64771556,0,1242288,0,1,1,0,7289750,1038223434,1045962947,23,23,47,1567625,3139084,310572,30164989,27981,198367030,173320689,0
1789562850.0262876,177.342,2950008,179494,0,111,43,57,38460,316048,11336651,17779740,188,62834536,45475208,64771556,0,1235272,0,1,1,0,7289750,1038473717,1046213230,23,23,47,1567625,3139084,308818,30164989,27981,198367030,173320689,0
1789562850.2765892,177.592,2950383,179520,0,111,43,57,38460,316048,11336729,17779740,188,62834536,45475208,64771556,0,1217960,0,1,1,0,7289750,1038722027,1046461540,23,23,47,1567625,3139084,304490,30164990,27981,198367030,173320689,0
1789562850.5269263,177.843,2950758,179545,0,111,43,57,38460,316048,11336785,17779740,188,62834536,45475208,64771556,0,1203940,0,1,1,0,7289750,1038972311,1046711824,23,23,47,1567625,3139084,300985,30164990,27981,198367030,173320689,0
1789562850.7772188,178.093,2951133,179570,0,111,43,57,38460,316048,11336840,17779740,188,62834536,45475208,64771556,0,1196944,0,1,1,0,7289750,1039222571,1046962084,23,23,47,1567625,3139084,299236,30164991,27981,198367030,173320689,0
1789562851.027528,178.343,2951508,179595,0,111,43,57,38460,316048,11336913,17779740,188,62834536,45475208,64771556,0,1186552,0,1,1,0,7289750,1039472869,1047212382,23,23,47,1567625,3139084,296638,30164994,27981,198367030,173320689,0
1789562851.2778378,178.594,2951884,179620,0,111,43,57,38460,316048,11336979,17779740,188,62834536,45475208,64771556,0,1174460,0,1,1,0,7289750,1039723139,1047462652,23,23,47,1567625,3139084,293615,30164994,27981,198367030,173320689,0
1789562851.5281293,178.844,2952259,179645,0,111,43,57,38461,316048,11337024,17779740,188,62834536,45475208,64771556,0,1166268,0,1,1,0,7289750,1039973389,1047712902,23,23,47,1567625,3139084,291567,30164995,27981,198367030,173320689,0
1789562851.7784057,179.094,2952634,179670,0,111,43,57,38461,316048,11337077,17779740,188,62834536,45475208,64771556,0,1149884,0,1,1,0,7289751,1040222648,1047962161,23,23,47,1567625,3139084,287471,30164995,27981,198367030,173320689,0
1789562852.0286899,179.344,2953009,179695,0,111,43,57,38461,316048,11337126,17779740,188,62834536,45475208,64771556,0,1141692,0,1,1,0,7289751,1040472917,1048212430,23,23,47,1567625,3139084,285423,30164996,27981,198367030,173320689,0
1789562852.2790053,179.595,2953385,179720,0,111,43,57,38461,316048,11337189,17779740,188,62834536,45475208,64771556,0,1121888,0,1,1,0,7289751,1040723203,1048462716,23,23,47,1567625,3139084,280472,30164998,27981,198367030,173320689,0
1789562852.5293884,179.845,2953760,179745,0,111,43,57,38461,316048,11337242,17779740,188,62834536,45475208,64771556,0,1105564,0,1,1,0,7289751,1040972487,1048712000,23,23,47,1567625,3139084,276391,30165000,27981,198367030,173320689,0
1789562852.7796931,180.095,2954135,179770,0,111,43,57,38461,316048,11337285,17779740,188,62834536,45475208,64771556,0,1105564,0,1,2,0,7289751,1041222779,1048962292,23,23,47,1567625,3139084,276391,30165000,27981,198367030,173320689,0
1789562853.0300012,180.346,2954510,179795,0,111,43,57,38461,316048,11337358,17779740,188,62834536,45475208,64771556,0,1089356,0,1,1,0,7289751,1041473046,1049212559,23,23,47,1567625,3139084,272339,30165001,27981,198367030,173320689,0
1789562853.2802985,180.596,2954886,179820,0,111,43,57,38461,316048,11337424,17779740,188,62834536,45475208,64771556,0,1072648,0,1,1,0,7289751,1041723303,1049462816,23,23,47,1567625,3139084,268162,30165001,27981,198367030,173320689,0
1789562853.530602,180.846,2955260,179846,0,111,43,57,38461,316048,11337567,17779724,192,62834536,45475208,64771556,0,1064456,0,1,1,0,7289764,1041966762,1049706380,23,23,48,1567625,3139084,266114,30165005,27981,198367030,173320749,0
1789562853.7809536,181.097,2955635,179871,0,111,43,57,38461,316048,11337661,17779724,192,62834284,45474956,64771556,0,1048072,0,1,1,0,7289764,1042217068,1049956687,23,23,48,1567619,3139071,262018,30165009,27981,198367030,173320749,0
1789562854.0312676,181.347,2956010,179896,0,111,43,57,38461,316048,11337708,17779724,192,62834284,45474956,64771556,0,1039880,0,1,1,0,7289764,1042467331,1050206949,23,23,48,1567619,3139071,259970,30165009,27981,198367030,173320749,0
1789562854.2815585,181.597,2956385,179922,0,111,43,57,38461,316048,11337787,17779732,204,62834180,45474852,64771556,0,1028204,0,1,1,0,7289769,1042715607,1050455233,23,23,51,1567616,3139066,257051,30165010,27981,198367030,173320901,0
1789562854.531856,181.848,2956761,179947,0,111,43,57,38461,316048,11337839,17779732,204,62834436,45475108,64771556,0,1020012,0,1,1,0,7289769,1042965882,1050705509,23,23,51,1567623,3139079,255003,30165010,27981,198367030,173320901,0
1789562854.7821774,182.098,2957136,179972,0,111,43,57,38461,316048,11337891,17779732,204,62834436,45475108,64771556,0,1003620,0,1,1,0,7289769,1043216166,1050955793,23,23,51,1567623,3139079,250905,30165011,27981,198367030,173320901,0
1789562855.0324833,182.348,2957511,179997,0,111,43,57,38461,316048,11337942,17779732,204,62834436,45475108,64771556,0,995428,0,1,1,0,7289769,1043466445,1051206072,23,23,51,1567623,3139079,248857,30165012,27981,198367030,173320901,0
1789562855.2827933,182.598,2957886,180022,0,111,43,57,38461,316048,11338015,17779740,204,62834184,45474856,64771556,0,979004,0,1,1,0,7289769,1043715736,1051455363,23,23,51,1567616,3139066,244751,30165014,27981,198367030,173320901,0
1789562855.5331063,182.849,2958262,180047,0,111,43,57,38461,316048,11338066,17779740,204,62834184,45474856,64771556,0,970812,0,1,1,0,7289769,1043965013,1051704639,23,23,51,1567616,3139066,242703,30165014,27981,198367030,173320901,0
1789562855.783409,183.099,2958637,180072,0,111,43,57,38461,316048,11338123,17779740,204,62834184,45474856,64771556,0,954428,0,1,1,0,7289770,1044213311,1051952938,23,23,51,1567616,3139066,238607,30165015,27981,198367030,173320901,0
1789562856.0337102,183.349,2959012,180097,0,111,43,57,38461,316048,11338171,17779740,204,62834184,45474856,64771556,0,946236,0,1,1,0,7289770,1044462608,1052202234,23,23,51,1567616,3139066,236559,30165015,27981,198367030,173320901,0
1789562856.284038,183.6,2959387,180122,0,111,43,57,38461,316048,11338250,17779740,204,62834184,45474856,64771556,0,929928,0,1,1,0,7289770,1044710922,1052450548,23,23,51,1567616,3139066,232482,30165017,27981,198367030,173320901,0
1789562856.5343359,183.85,2959762,180148,0,111,43,57,38461,316048,11338306,17779740,204,62834184,45474856,64771556,0,921664,0,1,1,0,7289770,1044960194,1052699821,23,23,51,1567616,3139066,230416,30165017,27981,198367030,173320901,0
1789562856.7846408,184.1,2960138,180173,0,111,43,57,38461,316048,11338363,17779740,204,62834184,45474856,64771556,0,905372,0,1,1,0,7289771,1045209490,1052949117,23,23,51,1567616,3139066,226343,30165019,27981,198367030,173320901,0
1789562857.0349786,184.351,2960513,180198,0,111,43,57,38461,316048,11338412,17779740,204,62834184,45474856,64771556,0,897344,0,1,1,0,7289771,1045458775,1053198402,23,23,51,1567616,3139066,224336,30165019,27981,198367030,173320901,0
1789562857.2852857,184.601,2960888,180223,0,111,43,57,38462,316048,11338500,17779740,204,62834184,45474856,64771556,0,880692,0,1,1,0,7289813,1045707756,1053447694,23,23,51,1567616,3139066,220173,30165019,27981,198367030,173320901,0
1789562857.5356078,184.851,2961263,180248,0,111,43,57,38462,316048,11338581,17779740,204,62834184,45474856,64771556,0,872596,0,1,1,0,7289820,1045957026,1053696973,23,23,51,1567616,3139066,218149,30165021,27981,198367030,173320901,0
1789562857.7859185,185.102,2961638,180273,0,111,43,57,38462,316048,11338648,17779740,204,62834184,45474856,64771556,0,856204,0,1,1,0,7289821,1046205331,1053945278,23,23,51,1567616,3139066,214051,30165021,27981,198367030,173320901,0
1789562858.0362055,185.352,2962013,180299,0,111,43,57,38462,316048,11338720,17779740,204,62834184,45474856,64771556,0,839772,0,1,1,0,7289821,1046453605,1054193553,23,23,51,1567616,3139066,209943,30165022,27981,198367030,173320901,0
1789562858.2864926,185.602,2962386,180324,0,111,43,57,38462,316050,11338851,17779740,204,62832484,45473156,64771556,0,831592,0,1,1,0,7289824,1046686247,1054426195,23,23,51,1567574,3138981,207898,30165896,27981,198367030,173320901,0
1789562858.5368376,185.853,2962737,180349,0,111,43,57,38466,316071,11339326,17779732,2592,62801772,45442444,64771556,0,823428,0,1,2,0,7290010,1046812622,1054554133,23,23,648,1566807,3137446,205857,30176823,27981,198367030,173320929,0
1789562858.7872367,186.103,2963108,180374,0,111,43,57,38468,316072,11339893,17779724,4416,62801164,45441836,64771556,0,806988,0,1,1,0,7290038,1047035659,1054777702,23,23,1104,1566792,3137416,201747,30180513,27981,198367030,173320985,0
1789562859.037617,186.353,2963484,180399,0,111,43,57,38468,316072,11339960,17779724,4416,62801164,45441836,64771556,0,790632,0,1,1,0,7290039,1047283982,1055026026,23,23,1104,1566792,3137416,197658,30180514,27981,198367030,173320985,0
1789562859.2879415,186.604,2963859,180424,0,111,43,57,38468,316072,11340066,17779740,4444,62806788,45447380,64771556,0,782332,0,1,1,0,7290045,1047533244,1055275325,23,23,1111,1566932,3137696,195583,30180514,27981,198367030,173321045,0
1789562859.5382504,186.854,2964234,180449,0,111,43,57,38468,316072,11340116,17779740,4444,62806788,45447380,64771556,0,774140,0,1,1,0,7290045,1047782520,1055524602,23,23,1111,1566932,3137696,193535,30180515,27981,198367030,173321045,0
1789562859.7885427,187.104,2964609,180475,0,111,43,57,38468,316072,11340179,17779740,4444,62806788,45447380,64771556,0,757756,0,1,1,0,7290045,1048030804,1055772886,23,23,1111,1566932,3137696,189439,30180516,27981,198367030,173321045,0
1789562860.03885,187.355,2964984,180500,0,111,43,57,38468,316072,11340248,17779740,4444,62808420,45449012,64771556,0,741372,0,1,1,0,7290046,1048279108,1056021189,23,23,1111,1566973,3137778,185343,30180518,27981,198367030,173321045,0
1789562860.2891517,187.605,2965359,180525,0,111,43,57,38468,316072,11340307,17779740,4444,62809036,45449628,64771556,0,733164,0,1,1,0,7290046,1048529383,1056271464,23,23,1111,1566988,3137809,183291,30180518,27981,198367030,173321045,0
1789562860.5394557,187.855,2965734,180550,0,111,43,57,38468,316072,11340374,17779740,4444,62809036,45449628,64771556,0,723676,0,1,1,0,7290046,1048778670,1056520751,23,23,1111,1566988,3137809,180919,30180519,27981,198367030,173321045,0
1789562860.789767,188.105,2966109,180575,0,111,43,57,38468,316072,11340469,17779740,4444,62812952,45453544,64771556,0,707292,0,1,1,0,7290046,1049027009,1056769090,23,23,1111,1567086,3138004,176823,30180520,27981,198367030,173321045,0
1789562861.0401092,188.356,2966485,180600,0,111,43,57,38468,316073,11340517,17779740,4444,62813208,45453800,64771556,0,699092,0,1,1,0,7290046,1049276305,1057018387,23,23,1111,1567093,3138017,174773,30180522,27981,198367030,173321045,0
1789562861.2904224,188.606,2966860,180625,0,111,43,57,38468,316073,11340586,17779740,4444,62813208,45453800,64771556,0,682848,0,1,1,0,7290046,1049525584,1057267666,23,23,1111,1567093,3138017,170712,30180522,27981,198367030,173321045,0
1789562861.540738,188.856,2967235,180651,0,111,43,57,38468,316073,11340678,17779740,4444,62813208,45453800,64771556,0,674604,0,1,1,0,7290054,1049774891,1057516985,23,23,1111,1567093,3138017,168651,30180523,27981,198367030,173321045,0
1789562861.7910707,189.107,2967610,180676,0,111,43,57,38469,316073,11340725,17779740,4444,62813208,45453800,64771556,0,658388,0,1,1,0,7290054,1050025168,1057767261,23,23,1111,1567093,3138017,164597,30180524,27981,198367030,173321045,0
1789562862.041374,189.357,2967986,180701,0,111,43,57,38469,316073,11340790,17779740,4444,62813208,45453800,64771556,0,650136,0,1,1,0,7290054,1050275443,1058017536,23,23,1111,1567093,3138017,162534,30180524,27981,198367030,173321045,0
1789562862.2916887,189.607,2968361,180726,0,111,43,57,38469,316073,11340871,17779740,4428,62816692,45457284,64771556,0,633572,0,1,1,0,7290055,1050523784,1058265877,23,23,1107,1567180,3138191,158393,30180526,27981,198367030,173321061,0
1789562862.5420249,189.858,2968736,180751,0,111,43,57,38469,316073,11340922,17779740,4428,62816692,45457284,64771556,0,625380,0,1,1,0,7290055,1050773060,1058515153,23,23,1107,1567180,3138191,156345,30180527,27981,198367030,173321061,0
1789562862.7923403,190.108,2969111,180776,0,111,43,57,38469,316073,11340985,17779740,4428,62816440,45457032,64771556,0,608996,0,1,1,0,7290055,1051021365,1058763459,23,23,1107,1567173,3138179,152249,30180529,27981,198367030,173321061,0
1789562863.0426443,190.358,2969486,180801,0,111,43,57,38469,316073,11341026,17779740,4428,62816440,45457032,64771556,0,600804,0,1,2,0,7290055,1051271634,1059013728,23,23,1107,1567173,3138179,150201,30180529,27981,198367030,173321061,0
1789562863.2929661,190.609,2969861,180827,0,111,43,57,38469,316073,11341116,17779740,4432,62816216,45456808,64771556,0,592596,0,2,1,0,7290056,1051519947,1059262040,23,23,1108,1567168,3138168,148149,30180531,27981,198367030,173321061,0
1789562863.5432787,190.859,2970237,180852,0,111,43,57,38469,316073,11341169,17779740,4432,62816216,45456808,64771556,0,576212,0,1,1,0,7290056,1051769229,1059511323,23,23,1108,1567168,3138168,144053,30180532,27981,198367030,173321061,0
1789562863.7935946,191.109,2970611,180877,0,111,43,57,38469,316073,11341282,17779740,4432,62819464,45460056,64771556,0,559828,0,1,1,0,7290056,1052017557,1059759651,23,23,1108,1567249,3138330,139957,30180541,27981,198367030,173321061,0
1789562864.043961,191.36,2970987,180902,0,111,43,57,38469,316073,11341326,17779740,4432,62819464,45460056,64771556,0,551636,0,1,1,0,7290056,1052267865,1060009959,23,23,1108,1567249,3138330,137909,30180541,27981,198367030,173321061,0
1789562864.2942793,191.61,2971362,180927,0,111,43,57,38469,316073,11341408,17779728,4436,62819432,45460024,64771556,0,535280,0,1,1,0,7290057,1052517159,1060259253,23,23,1109,1567248,3138328,133820,30180542,27981,198367030,173321117,0
1789562864.5445886,191.86,2971737,180952,0,111,43,57,38469,316073,11341458,17779728,4436,62819432,45460024,64771556,0,527180,0,1,1,0,7290057,1052766442,1060508536,23,23,1109,1567248,3138328,131795,30180542,27981,198367030,173321117,0
1789562864.7949095,192.111,2972112,180977,0,111,43,57,38469,316073,11341509,17779728,4436,62819432,45460024,64771556,0,519196,0,1,1,0,7290057,1053015740,1060757834,23,23,1109,1567248,3138328,129799,30180543,27981,198367030,173321117,0
1789562865.0452127,192.361,2972487,181003,0,111,43,57,38469,316073,11341577,17779728,4436,62819432,45460024,64771556,0,502844,0,1,1,0,7290057,1053264039,1061006133,23,23,1109,1567248,3138328,125711,30180543,27981,198367030,173321117,0
1789562865.2955275,192.611,2972863,181028,0,111,43,57,38469,316073,11341640,17779740,4456,62819432,45460024,64771556,0,494292,0,1,1,0,7290057,1053513330,1061255424,23,23,1114,1567248,3138328,123573,30180545,27981,198367030,173321117,0
1789562865.545841,192.862,2973238,181053,0,111,43,57,38469,316073,11341733,17779740,4456,62822056,45462648,64771556,0,477908,0,1,1,0,7290063,1053761619,1061503721,23,23,1114,1567313,3138459,119477,30180545,27981,198367030,173321117,0
1789562865.7961452,193.112,2973613,181078,0,111,43,57,38469,316073,11341785,17779740,4456,62822056,45462648,64771556,0,469716,0,2,1,0,7290063,1054011899,1061754000,23,23,1114,1567313,3138459,117429,30180545,27981,198367030,173321117,0
1789562866.0464518,193.362,2973988,181103,0,111,43,57,38469,316073,11341840,17779740,4456,62822056,45462648,64771556,0,453332,0,1,1,0,7290063,1054261179,1062003280,23,23,1114,1567313,3138459,113333,30180546,27981,198367030,173321117,0
1789562866.296763,193.612,2974363,181128,0,111,43,57,38469,316073,11341893,17779740,4456,62822056,45462648,64771556,0,445140,0,1,1,0,7290063,1054510489,1062252591,23,23,1114,1567313,3138459,111285,30180547,27981,198367030,173321117,0
1789562866.5470898,193.863,2974738,181154,0,111,43,57,38469,316073,11341959,17779740,4456,62822056,45462648,64771556,0,428756,0,1,1,0,7290064,1054758795,1062500896,23,23,1114,1567313,3138459,107189,30180548,27981,198367030,173321117,0
1789562866.797397,194.113,2975114,181179,0,111,43,57,38469,316073,11342010,17779740,4456,62822056,45462648,64771556,0,420564,0,1,1,0,7290064,1055008074,1062750175,23,23,1114,1567313,3138459,105141,30180549,27981,198367030,173321117,0
1789562867.0477104,194.363,2975489,181204,0,111,43,57,38469,316074,11342068,17779740,4456,62822056,45462648,64771556,0,404180,0,1,1,0,7290064,1055256391,1062998493,23,23,1114,1567313,3138459,101045,30180550,27981,198367030,173321117,0
1789562867.298026,194.614,2975864,181229,0,111,43,57,38469,316074,11342129,17779740,4456,62822056,45462648,64771556,0,396108,0,1,1,0,7290071,1055505387,1063247769,23,23,1114,1567313,3138459,99027,30180550,27981,198367030,173321117,0
1789562867.5483375,194.864,2976239,181254,0,111,43,57,38469,316074,11342194,17779740,4456,62822056,45462648,64771556,0,379844,0,1,1,0,7290071,1055753681,1063496063,23,23,1114,1567313,3138459,94961,30180552,27981,198367030,173321117,0
1789562867.7986255,195.114,2976614,181279,0,111,43,57,38469,316074,11342247,17779740,4456,62822056,45462648,64771556,0,363528,0,1,1,0,7290072,1056002942,1063745324,23,23,1114,1567313,3138459,90882,30180552,27981,198367030,173321117,0
1789562868.0489311,195.365,2976990,181304,0,111,43,57,38469,316074,11342302,17779740,4456,62822056,45462648,64771556,0,355308,0,1,1,0,7290072,1056253214,1063995596,23,23,1114,1567313,3138459,88827,30180556,27981,198367030,173321117,0
1789562868.2992089,195.615,2977365,181329,0,111,43,57,38469,316074,11342369,17779740,4456,62822516,45463108,64771556,0,346836,0,1,1,0,7290072,1056503467,1064245849,23,23,1114,1567325,3138482,86709,30180556,27981,198367030,173321117,0
1789562868.5494964,195.865,2977740,181355,0,111,43,57,38469,316074,11342423,17779740,4456,62825348,45465940,64771556,0,330452,0,1,1,0,7290072,1056753742,1064496124,23,23,1114,1567396,3138624,82613,30180557,27981,198367030,173321117,0
1789562868.7998154,196.116,2978115,181380,0,111,43,57,38469,316074,11342480,17779740,4456,62825348,45465940,64771556,0,319568,0,1,1,0,7290072,1057002045,1064744427,23,23,1114,1567396,3138624,79892,30180558,27981,198367030,173321117,0
1789562869.050097,196.366,2978490,181405,0,111,43,57,38469,316074,11342549,17779740,4456,62825348,45465940,64771556,0,303184,0,1,1,0,7290072,1057250341,1064992723,23,23,1114,1567396,3138624,75796,30180559,27981,198367030,173321117,0
1789562869.3004045,196.616,2978865,181430,0,111,43,57,38469,316074,11342618,17779740,4456,62825348,45465940,64771556,0,295124,0,1,1,0,7290072,1057500609,1065242991,23,23,1114,1567396,3138624,73781,30180559,27981,198367030,173321117,0
1789562869.5506961,196.866,2979241,181455,0,111,43,57,38469,316074,11342712,17779740,4456,62827644,45468236,64771556,0,284240,0,1,1,0,7290078,1057749887,1065492276,23,23,1114,1567453,3138739,71060,30180561,27981,198367030,173321265,0
1789562869.8010015,197.117,2979616,181480,0,111,43,57,38469,316074,11342775,17779728,4456,62827644,45468236,64771556,0,273356,0,1,1,0,7290078,1057999146,1065741536,23,23,1114,1567453,3138739,68339,30180561,27981,198367030,173321317,0
1789562870.0512922,197.367,2979991,181506,0,111,43,57,38469,316074,11342874,17779728,4456,62827644,45468236,64771556,0,262472,0,1,1,0,7290079,1058247443,1065989832,23,23,1114,1567453,3138739,65618,30180562,27981,198367030,173321317,0
1789562870.301575,197.617,2980366,181531,0,111,43,57,38469,316074,11342959,17779740,4304,62827404,45467996,64771556,0,243264,0,1,1,0,7290079,1058494757,1066237147,23,23,1076,1567447,3138727,60816,30180563,27981,198367030,173321317,0
1789562870.5518866,197.868,2980741,181556,0,111,43,57,38469,316074,11343018,17779740,4304,62827404,45467996,64771556,0,229688,0,1,1,0,7290079,1058744042,1066486432,23,23,1076,1567447,3138727,57422,30180564,27981,198367030,173321317,0
1789562870.8021908,198.118,2981116,181581,0,111,43,57,38469,316074,11343088,17779740,4304,62827404,45467996,64771556,0,218808,0,1,1,0,7290079,1058992355,1066734745,23,23,1076,1567447,3138727,54702,30180566,27981,198367030,173321317,0
1789562871.0524912,198.368,2981491,181606,0,111,43,57,38469,316074,11343145,17779740,4304,62827404,45467996,64771556,0,207928,0,1,1,0,7290080,1059240657,1066983047,23,23,1076,1567447,3138727,51982,30180566,27981,198367030,173321317,0
1789562871.3027775,198.618,2981866,181632,0,111,43,57,38469,316074,11343227,17779740,4304,62827228,45467820,64771556,0,197176,0,1,1,0,7290080,1059488949,1067231339,23,23,1076,1567443,3138718,49294,30180568,27981,198367030,173321317,0
1789562871.5530794,198.869,2982241,181657,0,111,43,57,38470,316074,11343284,17779740,4308,62827228,45467820,64771556,0,180676,0,1,1,0,7290080,1059738228,1067480618,23,23,1077,1567443,3138718,45169,30180570,27981,198367030,173321317,0
1789562871.8033783,199.119,2982617,181682,0,111,43,57,38470,316074,11343329,17779740,4308,62827480,45468072,64771556,0,172484,0,1,1,0,7290080,1059988501,1067730891,23,23,1077,1567449,3138731,43121,30180571,27981,198367030,173321317,0
1789562872.0536833,199.369,2982992,181707,0,111,43,57,38470,316074,11343381,17779740,4308,62827480,45468072,64771556,0,156100,0,1,1,0,7290080,1060237799,1067980189,23,23,1077,1567449,3138731,39025,30180571,27981,198367030,173321317,0
1789562872.3040092,199.62,2983367,181732,0,111,43,57,38470,316074,11343437,17779740,4308,62827480,45468072,64771556,0,147896,0,1,1,0,7290080,1060488069,1068230459,23,23,1077,1567449,3138731,36974,30180573,27981,198367030,173321317,0
1789562872.5543053,199.87,2983742,181757,0,111,43,57,38470,316074,11343499,17779740,4308,62827480,45468072,64771556,0,131584,0,1,1,0,7290081,1060737347,1068479737,23,23,1077,1567449,3138731,32896,30180573,27981,198367030,173321317,0
1789562872.8046122,200.12,2984118,181782,0,111,43,57,38470,316074,11343552,17779740,4308,62827480,45468072,64771556,0,123424,0,1,1,0,7290081,1060986622,1068729012,23,23,1077,1567449,3138731,30856,30180575,27981,198367030,173321317,0
1789562873.054913,200.371,2984493,181807,0,111,43,57,38470,316074,11343608,17779740,4308,62827480,45468072,64771556,0,106936,0,1,1,0,7290081,1061236896,1068979286,23,23,1077,1567449,3138731,26734,30180575,27981,198367030,173321317,0
1789562873.305196,200.621,2984868,181832,0,111,43,57,38470,316074,11343670,17779740,4308,62827480,45468072,64771556,0,98744,0,1,1,0,7290081,1061487156,1069229547,23,23,1077,1567449,3138731,24686,30180576,27981,198367030,173321317,0
1789562873.555487,200.871,2985243,181857,0,111,43,57,38470,316074,11343751,17779740,4308,62829488,45470080,64771556,0,90552,0,1,1,0,7290087,1061737417,1069479815,23,23,1077,1567499,3138831,22638,30180577,27981,198367030,173321317,0
1789562873.8057873,201.121,2985618,181882,0,111,43,57,38470,316075,11343837,17779740,4308,62829488,45470080,64771556,0,74168,0,1,1,0,7290087,1061986743,1069729141,23,23,1077,1567499,3138831,18542,30180583,27981,198367030,173321317,0
1789562874.0561657,201.372,2985994,181906,0,111,43,57,38471,316075,11343917,17779988,21848,62826372,45466716,64771556,0,58468,0,0,2,0,7290094,1062224365,1069966764,23,23,5563,1567421,3138675,14617,30180903,27981,198367030,173321317,0
1789562874.3065288,201.622,2986267,181907,0,111,43,57,38485,316188,11351100,17779356,128792,62724436,45365412,64771556,0,54216,0,0,9,0,7290704,1062224583,1069967019,23,23,32198,1564877,3133580,13554,30197758,27981,198367146,173321317,0
1789562874.5572681,201.873,2986498,181907,0,111,43,57,38488,316352,11353050,17779356,128792,62708176,45349152,64771556,0,33552,0,0,9,0,7290855,1062224583,1069967019,23,23,32198,1564471,3132767,8388,30201392,27981,198367146,173321317,0
1789562874.8078728,202.124,2986736,181907,0,111,43,57,38494,316509,11355090,17779356,128792,62700096,45341072,64771556,0,29404,0,0,6,0,7291238,1062224583,1069967090,23,23,32198,1564269,3132363,7351,30203153,27981,198367146,173321317,0
1789562875.0585842,202.374,2986999,181907,0,111,43,57,38497,316645,11356746,17779344,128792,62698480,45339456,64771556,0,13276,0,0,6,0,7291340,1062224592,1069967099,23,23,32198,1564229,3132282,3319,30203733,27981,198367146,173321745,0
1789562875.3090782,202.625,2987283,181907,0,111,43,57,38503,316755,11358717,17779496,129196,62693092,45333884,64771556,0,0,0,0,5,0,7291712,1062224592,1069967099,23,23,32299,1564094,3132013,0,30204648,27981,198367146,173321745,0
1789562875.559564,202.875,2987556,181907,0,111,43,57,38509,316877,11360779,17779592,129292,62676620,45317308,64771556,0,0,0,0,6,0,7291781,1062224592,1069967099,23,23,32323,1563683,3131189,0,30209758,27981,198367146,173321745,0
1789562875.8102446,203.126,2987832,181907,0,111,43,57,38513,316995,11361946,17779592,129292,62648576,45289260,64771556,0,0,0,0,5,0,7291817,1062224592,1069967099,23,23,32323,1562983,3129788,0,30214972,27981,198367146,173321745,0
1789562876.0607324,203.376,2988121,181907,0,111,43,57,38518,317101,11363430,17779592,129292,62649220,45289904,64771556,0,0,0,0,5,0,7291922,1062224592,1069967099,23,23,32323,1562999,3129820,0,30216291,27981,198367146,173321745,0
1789562876.3112125,203.627,2988415,181907,0,111,43,57,38524,317199,11364527,17779688,129388,62573704,45214292,64771556,0,0,0,0,7,0,7291944,1062224592,1069967099,23,23,32347,1561114,3126045,0,30227915,27981,198367146,173321745,0
1789562876.5616996,203.877,2988702,181907,0,111,43,57,38531,317307,11365527,17779688,129388,62547052,45187640,64771556,0,0,0,0,5,0,7291965,1062224592,1069967099,23,23,32347,1560448,3124713,0,30238018,27981,198367146,173321745,0
1789562876.8122005,204.128,2988972,181907,0,111,43,57,38535,317434,11366765,17779688,129388,62539124,45179712,64771556,0,0,0,0,5,0,7292025,1062224592,1069967099,23,23,32347,1560251,3124316,0,30241344,27981,198367146,173321745,0
1789562877.0626786,204.378,2989257,181907,0,111,43,57,38541,317543,11367651,17779784,129484,62513628,45154124,64771556,0,0,0,0,7,0,7292061,1062224592,1069967099,23,23,32371,1559614,3123042,0,30249116,27981,198367146,173321745,0
1789562877.3131685,204.629,2989534,181907,0,111,43,57,38545,317663,11368639,17779784,129484,62497428,45137924,64771556,0,0,0,0,6,0,7292083,1062224592,1069967099,23,23,32371,1559210,3122232,0,30251654,27981,198367146,173321745,0
1789562877.563644,204.879,2989823,181907,0,111,43,57,38549,317770,11369980,17779784,129484,62495112,45135608,64771556,0,0,0,0,6,0,7292111,1062224592,1069967099,23,23,32371,1559152,3122116,0,30253104,27981,198367146,173321745,0
1789562877.814126,205.13,2990107,181907,0,111,43,57,38554,317882,11370720,17779880,129580,62494892,45135296,64771556,0,0,0,0,5,0,7292135,1062224592,1069967099,23,23,32395,1559146,3122105,0,30253154,27981,198367146,173321745,0
1789562878.0646155,205.38,2990404,181907,0,111,43,57,38558,317982,11371463,17779880,129580,62494892,45135296,64771556,0,0,0,0,5,0,7292147,1062224592,1069967099,23,23,32395,1559146,3122105,0,30253172,27981,198367146,173321745,0
1789562878.3151028,205.631,2990693,181907,0,111,43,57,38562,318089,11371935,17779880,129580,62496532,45136936,64771556,0,0,0,0,5,0,7292169,1062224592,1069967099,23,23,32395,1559187,3122187,0,30253871,27981,198367146,173321745,0
1789562878.565566,205.881,2990984,181907,0,111,43,57,38567,318193,11372618,17779976,129676,62496628,45136936,64771556,0,0,0,0,5,0,7292186,1062224592,1069967099,23,23,32419,1559190,3122192,0,30253875,27981,198367146,173321745,0
1789562878.8160496,206.132,2991253,181907,0,111,43,57,38573,318318,11374342,17779976,129676,62486904,45127208,64771556,0,0,0,0,5,0,7292255,1062224592,1069967099,23,23,32419,1558947,3121706,0,30255391,27981,198367146,173321745,0
1789562879.0665147,206.382,2991532,181907,0,111,43,57,38578,318435,11375601,17779976,129676,62487920,45128224,64771556,0,0,0,0,5,0,7292295,1062224592,1069967099,23,23,32419,1558972,3121757,0,30255753,27981,198367146,173321745,0
1789562879.317031,206.633,2991829,181907,0,111,43,57,38581,318535,11376177,17780072,129772,62487100,45127308,64771556,0,0,0,0,6,0,7292311,1062224592,1069967099,23,23,32443,1558952,3121716,0,30255759,27981,198367146,173321745,0
1789562879.5675986,206.883,2992117,181907,0,111,43,57,38586,318642,11376765,17780072,129772,62487100,45127308,64771556,0,0,0,0,5,0,7292322,1062224592,1069967099,23,23,32443,1558952,3121716,0,30255819,27981,198367146,173321745,0
1789562879.8180976,207.134,2992413,181907,0,111,43,57,38591,318741,11377378,17780072,129772,62485088,45125292,64771556,0,0,0,0,5,0,7292343,1062224592,1069967099,23,23,32443,1558902,3121615,0,30256405,27981,198367146,173321745,0
1789562880.0685673,207.384,2992705,181907,0,111,43,57,38595,318846,11377851,17780168,129868,62485260,45125372,64771556,0,0,0,0,5,0,7292406,1062224592,1069967099,23,23,32467,1558906,3121624,0,30256452,27981,198367146,173321745,0
1789562880.3190608,207.635,2992994,181907,0,111,43,57,38600,318953,11378468,17780156,129868,62484856,45124968,64771556,0,0,0,0,5,0,7292419,1062224592,1069967099,23,23,32467,1558896,3121604,0,30257117,27981,198367146,173321773,0
1789562880.569554,207.885,2993291,181907,0,111,43,57,38605,319050,11378793,17780252,129964,62483840,45123856,64771556,0,0,0,0,5,0,7292426,1062224592,1069967099,23,23,32491,1558870,3121553,0,30257500,27981,198367146,173321773,0
1789562880.8200626,208.136,2993572,181907,0,111,43,57,38610,319164,11380089,17780252,129964,62477732,45117748,64771556,0,0,0,0,5,0,7292489,1062224592,1069967099,23,23,32491,1558718,3121247,0,30260198,27981,198367146,173321773,0
1789562881.070548,208.386,2993868,181907,0,111,43,57,38615,319263,11381078,17780252,129964,62449344,45089356,64771556,0,0,0,0,5,0,7292533,1062224592,1069967099,23,23,32491,1558009,3119828,0,30264892,27981,198367146,173321773,0
1789562881.3210626,208.637,2994164,181907,0,111,43,57,38620,319362,11381665,17780360,130060,62451144,45091064,64771556,0,0,0,0,5,0,7292554,1062224592,1069967099,23,23,32515,1558054,3119918,0,30265026,27981,198367146,173321773,0
1789562881.571522,208.887,2994458,181907,0,111,43,57,38625,319464,11382165,17780360,130060,62451144,45091064,64771556,0,0,0,0,6,0,7292569,1062224592,1069967099,23,23,32515,1558054,3119918,0,30265030,27981,198367146,173321773,0
1789562881.8220265,209.138,2994752,181907,0,111,43,57,38629,319566,11382784,17780360,130060,62449484,45089400,64771556,0,0,0,0,5,0,7292588,1062224592,1069967099,23,23,32515,1558013,3119835,0,30266011,27981,198367146,173321773,0
1789562882.0725148,209.388,2995045,181907,0,111,43,57,38634,319668,11383207,17780360,130060,62453440,45093356,64771556,0,0,0,0,5,0,7292774,1062224592,1069967099,23,23,32515,1558112,3120033,0,30266447,27981,198367146,173321773,0
1789562882.3229973,209.639,2995344,181907,0,111,43,57,38641,319764,11383583,17780456,130156,62445380,45085204,64771556,0,0,0,0,5,0,7292787,1062224592,1069967099,23,23,32539,1557910,3119630,0,30266451,27981,198367146,173321773,0
1789562882.573486,209.889,2995637,181907,0,111,43,57,38645,319867,11384034,17780552,130252,62445000,45084732,64771556,0,0,0,0,5,0,7292803,1062224592,1069967099,23,23,32563,1557901,3119611,0,30266455,27981,198367146,173321773,0
1789562882.8239832,210.14,2995932,181907,0,111,43,57,38652,319965,11384939,17780552,130252,62439856,45079584,64771556,0,0,0,0,5,0,7292835,1062224592,1069967099,23,23,32563,1557772,3119354,0,30267601,27981,198367146,173321773,0
1789562883.0744636,210.39,2996214,181907,0,111,43,57,38656,320080,11386201,17780552,130252,62436600,45076328,64771556,0,0,0,0,5,0,7292912,1062224592,1069967099,23,23,32563,1557691,3119191,0,30268220,27981,198367146,173321773,0
1789562883.3249707,210.641,2996510,181907,0,111,43,57,38662,320178,11387275,17780648,130348,62441488,45081112,64771556,0,0,0,0,5,0,7292935,1062224592,1069967099,23,23,32587,1557813,3119436,0,30268223,27981,198367146,173321773,0
1789562883.5754476,210.891,2996804,181907,0,111,43,57,38666,320281,11388034,17780648,130348,62441488,45081112,64771556,0,0,0,0,5,0,7292947,1062224592,1069967099,23,23,32587,1557813,3119436,0,30268247,27981,198367146,173321773,0
1789562883.8259308,211.142,2997103,181907,0,111,43,57,38670,320378,11388325,17780648,130348,62441488,45081112,64771556,0,0,0,0,5,0,7292951,1062224592,1069967099,23,23,32587,1557813,3119436,0,30268247,27981,198367146,173321773,0
1789562884.076423,211.392,2997400,181907,0,111,43,57,38679,320472,11389176,17780752,130444,62418852,45058376,64771556,0,0,0,0,6,0,7293015,1062224879,1069967386,23,23,32611,1557248,3118304,0,30276920,27981,198367154,173321773,0
1789562884.3268843,211.643,2997689,181908,0,111,43,57,38683,320580,11389496,17780752,126296,62418036,45057556,64771556,0,0,0,0,5,0,7293083,1062224914,1069967422,23,23,31574,1557228,3118263,0,30277239,27981,198367154,173325989,0
1789562884.577365,211.893,2998040,181908,0,111,43,57,38683,320628,11389586,17780752,126296,62418212,45057732,64771556,0,0,0,0,2,0,7293088,1062224914,1069967422,23,23,31574,1557232,3118272,0,30277244,27981,198367154,173325989,0
1789562884.827828,212.144,2998413,181908,0,111,43,57,38689,320651,11389789,17949440,294984,62407912,44875108,64771556,0,0,0,0,2,0,7293103,1062224914,1069967422,23,23,73746,1556884,3117576,0,30277244,27981,198367154,173325989,0
1789562885.0781825,212.394,2998789,181908,0,111,43,57,38694,320670,11389857,17949480,294956,62410636,44877736,64771556,0,0,0,0,2,0,7294231,1062224914,1069967422,23,23,73739,1556951,3117709,0,30277281,27981,198367154,173325989,0
1789562885.328519,212.644,2999162,181908,0,111,43,57,38704,320688,11390039,17949480,294956,62202488,44669588,64771556,0,0,0,0,2,0,7294490,1062224914,1069967422,23,23,73739,1551755,3107304,0,30327461,27981,198367154,173325989,0
1789562885.5788653,212.895,2999536,181908,0,111,43,57,38705,320713,11390404,17949480,294956,62202720,44669816,64771556,0,0,0,0,2,0,7294513,1062224914,1069967422,23,23,73739,1551760,3107315,0,30328107,27981,198367154,173325989,0
1789562885.8293195,213.145,2999911,181908,0,111,43,57,38705,320738,11390441,17949480,294956,62202720,44669816,64771556,0,0,0,0,2,0,7294513,1062224914,1069967422,23,23,73739,1551760,3107315,0,30328108,27981,198367154,173325989,0
1789562886.079657,213.395,3000287,181908,0,111,43,57,38705,320763,11390486,17949480,294956,62202720,44669816,64771556,0,0,0,0,3,0,7294522,1062224914,1069967422,23,23,73739,1551760,3107315,0,30328109,27981,198367154,173325989,0
1789562886.33,213.646,3000662,181908,0,111,43,57,38705,320788,11390536,17949480,294956,62203060,44670156,64771556,0,0,0,0,2,0,7294522,1062224914,1069967422,23,23,73739,1551769,3107332,0,30328109,27981,198367154,173325989,0
1789562886.5803134,213.896,3001038,181908,0,111,43,57,38705,320813,11390584,17949480,294956,62205932,44673028,64771556,0,0,0,0,2,0,7294534,1062224914,1069967422,23,23,73739,1551841,3107476,0,30328110,27981,198367154,173325989,0
1789562886.83063,214.146,3001413,181908,0,111,43,57,38705,320838,11390623,17949480,294956,62205932,44673028,64771556,0,0,0,0,2,0,7294544,1062224914,1069967422,23,23,73739,1551841,3107476,0,30328110,27981,198367154,173325989,0
1789562887.0809772,214.397,3001788,181908,0,111,43,57,38705,320863,11390670,17949480,294956,62207312,44674408,64771556,0,0,0,0,2,0,7294645,1062224914,1069967422,23,23,73739,1551875,3107545,0,30328112,27981,198367154,173325989,0
1789562887.3313031,214.647,3002164,181908,0,111,43,57,38705,320888,11390713,17949480,294956,62207312,44674408,64771556,0,0,0,0,2,0,7294659,1062224914,1069967422,23,23,73739,1551875,3107545,0,30328113,27981,198367154,173325989,0
1789562887.5816593,214.897,3002529,181908,0,111,43,57,38705,320924,11391091,17949480,294956,62206576,44673672,64771556,0,0,0,0,11,0,7294674,1062224914,1069967422,23,23,73739,1551857,3107508,0,30328891,27981,198367154,173325989,0
1789562887.8323236,215.148,3002889,181908,0,111,43,57,38707,320963,11391385,17949480,294956,62204160,44671256,64771556,0,0,0,0,2,0,7294688,1062224914,1069967422,23,23,73739,1551796,3107387,0,30329408,27981,198367154,173325989,0
1789562888.0827756,215.398,3003251,181908,0,111,43,57,38709,321000,11392288,17949480,294956,62186280,44653376,64771556,0,0,0,0,2,0,7294790,1062224914,1069967422,23,23,73739,1551350,3106493,0,30332601,27981,198367154,173325989,0
1789562888.333256,215.649,3003595,181908,0,111,43,57,38730,321032,11395950,15522604,1748,62238688,47152568,64771556,0,0,0,0,2,0,7297695,1062225203,1069967710,23,23,437,1553155,3110108,0,30333793,27982,198367266,173325989,0
1789562888.5837505,215.899,3003970,181908,0,111,43,57,38755,321033,11396390,12158868,1744,62303104,50629876,64771556,0,0,0,0,2,0,7304816,1062225203,1069967710,23,23,436,1555991,3115787,0,30333794,27982,198367266,173325989,0
1789562888.8342533,216.15,3004345,181908,0,111,44,57,38780,321033,11396730,8833344,1744,62381048,54098732,64771556,0,0,0,0,2,0,7313585,1062225203,1069967710,23,23,436,1559570,3122953,0,30333798,27982,198367266,173325989,0
1789562889.0848508,216.401,3004719,181908,0,111,44,57,38781,321058,11397263,8722436,1744,62381056,54213548,64771556,0,0,0,0,2,0,7314628,1062225203,1069967710,23,23,436,1559666,3123146,0,30334338,27982,198367266,173325989,0
