t,t_rel,cpu_idle,cpu_iowait,cpu_irq,cpu_nice,cpu_softirq,cpu_steal,cpu_system,cpu_user,ctxt,mem_Cached,mem_Dirty,mem_MemAvailable,mem_MemFree,mem_MemTotal,mem_SwapCached,mem_Writeback,mem_WritebackTmp,procs_blocked,procs_running,psi_cpu_full_total,psi_cpu_some_total,psi_io_full_total,psi_io_some_total,psi_memory_full_total,psi_memory_some_total,vm_nr_dirty,vm_nr_dirty_background_threshold,vm_nr_dirty_threshold,vm_nr_writeback,vm_pgfault,vm_pgmajfault,vm_pgpgin,vm_pgpgout,vm_pswpout
1789561565.641044,0.0,1157676,44168,0,111,36,41,24046,205041,6951411,116560,1292,63754684,64135572,64771556,0,0,0,2,1,0,5584693,188434331,190529138,10,10,323,1592252,3188398,0,19316542,16777,112261262,105669965,0
1789561565.8918211,0.251,1157906,44191,0,111,36,41,24047,205187,6952132,127260,1292,63736800,64111680,64771556,0,0,0,1,1,0,5584856,188465640,190560459,10,10,323,1591987,3187867,0,19319577,16851,112274506,105669965,0
1789561566.1422555,0.501,1158281,44209,0,111,36,41,24049,205192,6952953,142668,1292,63729728,64096108,64771556,0,0,0,1,1,0,5585259,188528552,190623383,10,10,323,1592023,3187939,0,19324629,16945,112291454,105669965,0
1789561566.392718,0.752,1158650,44233,0,111,36,41,24051,205197,6954181,166712,1324,63702984,64057236,64771556,0,0,0,1,1,0,5586129,188693337,190788217,10,10,331,1591658,3187208,0,19329461,17183,112315742,105669965,0
1789561566.643235,1.002,1159018,44255,0,111,36,41,24053,205207,6956421,175868,1324,63687156,64036840,64771556,0,0,0,1,1,0,5587094,188860132,190955012,10,10,331,1591377,3186645,0,19332548,17192,112324882,105669965,0
1789561566.8937,1.253,1159390,44277,0,111,36,41,24053,205214,6957763,182168,1324,63673380,64019864,64771556,0,0,0,1,2,0,5588207,189051957,191146837,10,10,331,1591113,3186117,0,19335723,17192,112331386,105669965,0
1789561567.1441267,1.503,1159758,44297,0,111,36,41,24055,205224,6959434,189872,1324,63657612,64000268,64771556,0,0,0,1,1,0,5589190,189211492,191306387,10,10,331,1590815,3185520,0,19339546,17194,112339034,105669965,0
1789561567.394507,1.753,1160104,44305,0,111,36,41,24061,205261,6963596,191776,1516,63646664,63988332,64771556,0,0,0,0,4,0,5591012,189237136,191332034,10,10,379,1590566,3185022,0,19357531,17201,112340658,105669997,0
1789561567.6449244,2.004,1160468,44316,0,111,36,41,24063,205283,6965658,195272,1516,63624044,63963972,64771556,0,0,0,0,2,0,5591575,189319853,191414769,10,10,379,1590045,3183978,0,19364054,17201,112344134,105669997,0
1789561567.8952386,2.254,1160830,44329,0,111,36,41,24065,205305,6970094,197904,1516,63608172,63946784,64771556,0,0,0,1,1,0,5592268,189403499,191498415,10,10,379,1589682,3183250,0,19368001,17201,112346790,105669997,0
1789561568.145543,2.504,1161185,44343,0,111,36,41,24069,205332,6974031,201568,1516,63582164,63918956,64771556,0,0,0,1,1,0,5592737,189442881,191537802,10,10,379,1589078,3182041,0,19375383,17211,112350458,105669997,0
1789561568.3959565,2.755,1161539,44352,0,111,36,41,24071,205368,6978454,203844,1516,63575488,63911132,64771556,0,0,0,1,3,0,5594173,189491987,191586914,10,10,379,1588940,3181765,0,19377580,17214,112352718,105669997,0
1789561568.6463447,3.005,1161893,44363,0,111,36,41,24072,205399,6982281,206616,1516,63569788,63904036,64771556,0,0,0,1,3,0,5594755,189557472,191652398,10,10,379,1588832,3181550,0,19379120,17217,112355502,105669997,0
1789561569.1234024,3.482,1162588,44397,0,111,36,41,24077,205428,6987986,236048,1516,63594436,63913548,64771556,0,0,0,1,1,0,5595480,189656391,191751364,10,10,379,1589826,3183539,0,19386788,17448,112385850,105670001,0
1789561569.3761833,3.735,1162963,44416,0,111,36,41,24077,205432,6988661,250108,1516,63580488,63892468,64771556,0,0,0,1,1,0,5596458,189845259,191940240,10,10,379,1589655,3183198,0,19390730,17556,112399998,105670001,0
1789561569.6272306,3.986,1163340,44433,0,111,36,41,24079,205438,6989197,262088,1516,63564016,63869960,64771556,0,0,0,1,1,0,5596954,189934200,192029185,10,10,379,1589395,3182676,0,19394934,17650,112412082,105670001,0
1789561569.8776598,4.237,1163706,44447,0,111,36,41,24081,205456,6991409,268400,1516,63541960,63844648,64771556,0,0,0,0,2,0,5597489,190006151,192101137,10,10,379,1588925,3181736,0,19399087,17662,112418542,105670001,0
1789561570.1280775,4.487,1164067,44461,0,111,36,41,24082,205479,6993822,271392,1516,63529640,63830820,64771556,0,0,0,0,2,0,5598173,190095700,192190694,10,10,379,1588656,3181196,0,19402791,17666,112421670,105670001,0
1789561570.378534,4.737,1164390,44474,0,111,36,41,24085,205540,6995976,274224,1516,63451376,63751140,64771556,0,0,0,0,4,0,5598816,190137153,192232147,10,10,379,1586737,3177355,0,19422280,17666,112424462,105670001,0
1789561570.6290014,4.988,1164744,44484,0,111,36,41,24087,205574,6998535,276876,1516,63430860,63727976,64771556,0,0,0,1,1,0,5599153,190170753,192265747,10,10,379,1586226,3176330,0,19429375,17666,112427042,105670001,0
1789561570.8794606,5.238,1165094,44495,0,111,36,41,24091,205612,7004172,280240,1516,63411888,63705628,64771556,0,0,0,0,3,0,5599571,190200281,192295275,10,10,379,1585752,3175382,0,19435156,17669,112430398,105670001,0
1789561571.129938,5.489,1165448,44506,0,111,36,41,24093,205646,7005935,282992,1516,63406504,63697492,64771556,0,0,0,0,2,0,5600110,190253049,192348046,10,10,379,1585618,3175113,0,19437877,17670,112433406,105670001,0
1789561571.3803658,5.739,1165799,44515,0,111,36,41,24095,205684,7008614,286100,1616,63396496,63684428,64771556,0,0,0,1,1,0,5600826,190301912,192396919,10,10,404,1585368,3174612,0,19441134,17671,112436194,105670001,0
1789561571.6307857,5.99,1166156,44527,0,111,36,41,24096,205712,7010662,289832,1616,63385124,63669300,64771556,0,0,0,0,3,0,5602512,190369739,192464756,10,10,404,1585084,3174044,0,19444585,17671,112439886,105670001,0
1789561571.881198,6.24,1166506,44532,0,111,36,41,24098,205755,7014644,291456,1616,63376696,63659224,64771556,0,0,0,0,6,0,5602850,190393698,192488715,10,10,404,1584874,3173623,0,19447370,17671,112441682,105670001,0
1789561572.1315625,6.491,1166828,44533,0,111,36,41,24102,205827,7024329,292088,1616,63368660,63650552,64771556,0,0,0,0,5,0,5603550,190397520,192492538,10,10,404,1584673,3173221,0,19450754,17673,112442142,105670001,0
1789561572.3820293,6.741,1167161,44535,0,111,36,41,24104,205888,7031940,292716,1616,63363232,63644496,64771556,0,0,0,0,6,0,5604175,190408138,192503160,10,10,404,1584537,3172949,0,19452131,17673,112442770,105670001,0
1789561572.6326928,6.992,1167521,44549,0,111,36,41,24105,205914,7033826,296544,1616,63359308,63636832,64771556,0,0,0,1,1,0,5604788,190493401,192588423,10,10,404,1584442,3172758,0,19453375,17673,112446618,105670001,0
1789561572.883147,7.242,1167893,44557,0,111,36,41,24106,205933,7035007,299036,1616,63352100,63627052,64771556,0,0,0,0,2,0,5605321,190571253,192666274,10,10,404,1584260,3172393,0,19455366,17673,112449162,105670001,0
1789561573.1336112,7.493,1168251,44565,0,111,36,41,24107,205966,7037697,300980,1616,63338560,63611560,64771556,0,0,0,1,3,0,5606001,190617753,192712774,10,10,404,1583921,3171716,0,19460478,17673,112451038,105670001,0
1789561573.384055,7.743,1168615,44578,0,111,36,41,24108,205988,7038325,304704,1616,63316620,63585916,64771556,0,0,0,0,2,0,5606561,190707251,192802276,10,10,404,1583374,3170619,0,19466005,17673,112454758,105670001,0
1789561573.634472,7.993,1168987,44585,0,111,36,41,24109,206008,7039389,306608,1616,63293644,63561012,64771556,0,0,0,0,4,0,5608713,190751759,192846796,10,10,404,1582800,3169471,0,19471066,17673,112456678,105670001,0
1789561573.8848689,8.244,1169335,44594,0,111,36,41,24111,206049,7041239,308576,1616,63271464,63536884,64771556,0,0,0,0,2,0,5609065,190792305,192887342,10,10,404,1582247,3168362,0,19477335,17673,112458642,105670001,0
1789561574.1352968,8.494,1169679,44602,0,111,36,41,24115,206094,7044806,310496,1616,63251120,63513988,64771556,0,0,0,0,4,0,5609849,190827569,192922615,10,10,404,1581739,3167345,0,19483539,17673,112461170,105670001,0
1789561574.3857424,8.745,1170009,44607,0,111,36,41,24117,206156,7049477,312444,1772,63208648,63469564,64771556,0,0,0,1,2,0,5610214,190839644,192934690,10,10,443,1580678,3165222,0,19493012,17673,112462962,105670001,0
1789561574.6362128,8.995,1170325,44614,0,111,36,41,24120,206229,7051942,314028,1772,63182272,63441616,64771556,0,0,0,1,1,0,5610417,190848531,192943582,10,10,443,1580020,3163904,0,19504788,17673,112464550,105670001,0
1789561574.8866642,9.246,1170686,44623,0,111,36,41,24123,206256,7054163,316760,1772,63147296,63403888,64771556,0,0,0,0,3,0,5610764,190895608,192990695,10,10,443,1579147,3162155,0,19514110,17673,112467278,105670001,0
1789561575.13715,9.496,1171049,44629,0,111,36,41,24126,206284,7057066,318476,1780,63268908,63523784,64771556,0,0,0,1,2,0,5611918,190930432,193025587,10,10,445,1582183,3168234,0,19520601,17673,112469002,105670001,0
1789561575.387566,9.747,1171420,44637,0,111,36,41,24127,206302,7058301,320836,1780,63245920,63498432,64771556,0,0,0,0,2,0,5612492,191004650,193099804,10,10,445,1581609,3167085,0,19526542,17673,112471406,105670001,0
1789561575.638011,9.997,1171777,44646,0,111,36,41,24129,206334,7061107,323332,1784,63221412,63471432,64771556,0,0,0,0,2,0,5612736,191026018,193121175,10,10,446,1580997,3165860,0,19532820,17674,112473946,105670001,0
1789561575.8886445,10.248,1172107,44650,0,111,36,41,24132,206396,7066573,324464,1836,63205556,63454436,64771556,0,0,0,0,9,0,5613092,191041530,193136687,10,10,459,1580601,3165068,0,19536686,17675,112475074,105670061,0
1789561576.139112,10.498,1172388,44652,0,111,36,41,24135,206507,7075066,325392,1844,63184416,63432416,64771556,0,0,0,1,4,0,5613590,191043936,193139093,10,10,461,1580074,3164011,0,19542343,17675,112475894,105670061,0
1789561576.3895721,10.749,1172683,44668,0,111,36,41,24141,206587,7081319,454080,1844,63112936,63232156,64771556,0,0,0,0,6,0,5614052,191065453,193160611,10,10,461,1578289,3160438,0,19558908,17675,112604622,105670061,0
1789561576.6401417,10.999,1172922,44668,0,111,36,41,24161,206727,7090721,515508,63160,62875952,62933512,64771556,0,0,0,0,5,0,5614445,191065455,193160612,10,10,15790,1572373,3148591,0,19607600,17675,112604662,105670061,0
1789561576.8906407,11.25,1173183,44689,0,111,36,41,24177,206830,7096885,771444,190612,62784940,62585128,64771556,0,0,0,0,6,0,5614836,191083170,193178479,10,10,47653,1570066,3143970,0,19636301,17729,112734534,105670061,0
1789561577.1413405,11.5,1173428,44738,0,111,36,41,24195,206917,7102742,1038500,326340,62656980,62185580,64771556,0,0,0,2,5,0,5615384,191147866,193243791,10,10,81585,1566831,3137494,0,19670734,17770,112869246,105670061,0
1789561577.3920085,11.751,1173632,44769,0,111,36,41,24229,207047,7109888,1210708,365996,62409456,61764292,64771556,0,0,0,0,7,0,5618419,191172948,193269233,13,13,91499,1560617,3125051,0,19681804,17807,113002790,105670061,0
1789561577.6424825,12.001,1173878,44788,0,111,36,41,24252,207157,7117075,1476932,500188,62357476,61445012,64771556,0,0,0,0,7,0,5618970,191195877,193292244,13,13,125148,1559284,3122381,0,19724835,17839,113133978,105670065,0
1789561577.8930678,12.252,1174165,44801,0,111,36,41,24264,207245,7120549,1772328,669672,62384744,61173632,64771556,0,0,0,0,5,0,5619393,191223790,193320158,13,13,167418,1559904,3123623,0,19725382,17840,113261482,105670065,0
1789561578.143539,12.502,1174427,44813,0,111,36,41,24296,207337,7126120,1982996,753304,62104724,60681732,64771556,0,0,0,0,5,0,5620129,191236861,193333261,13,13,188326,1552884,3109566,0,19735625,17840,113388986,105670065,0
1789561578.3940344,12.753,1174720,44826,0,111,36,41,24307,207419,7129525,2305268,915732,62187916,60440764,64771556,0,0,0,0,5,0,5620539,191267533,193363933,13,13,228933,1554914,3113630,0,19736737,17840,113548366,105670065,0
1789561578.6445165,13.003,1175005,44838,0,111,36,41,24335,207495,7135763,2537412,1045276,62003532,60022456,64771556,0,0,0,0,6,0,5620906,191285987,193382571,13,13,261319,1550267,3104325,0,19783088,17840,113651394,105670065,0
1789561578.8950078,13.254,1175267,44847,0,111,36,41,24359,207598,7139379,2803664,1159264,61822996,59574580,64771556,0,0,0,0,5,0,5621282,191304147,193400731,13,13,289816,1545733,3095246,0,19788217,17840,113803374,105670065,0
1789561579.1454816,13.504,1175546,44854,0,111,36,41,24381,207691,7146325,3089148,1315040,61884268,59347932,64771556,0,0,0,0,5,0,5621835,191313341,193409934,13,13,328760,1547202,3098187,0,19813308,17840,113933382,105670065,0
1789561579.3959672,13.755,1175835,44859,0,111,36,41,24410,207767,7149206,3365828,1466448,61703928,58888844,64771556,0,0,0,0,6,0,5622238,191325217,193421809,13,13,366612,1542648,3089068,0,19819027,17840,114058406,105670065,0
1789561579.646422,14.005,1176118,44868,0,111,36,41,24434,207853,7156531,3685760,1577756,61665868,58529360,64771556,0,0,0,0,5,0,5622775,191341287,193437881,13,13,394439,1541660,3087089,0,19845017,17840,114267426,105670065,0
1789561579.896893,14.256,1176407,44873,0,111,36,41,24447,207947,7158787,4003364,1753456,61743944,58287252,64771556,0,0,0,0,5,0,5623046,191351537,193448131,13,13,438364,1543534,3090843,0,19846283,17840,114409018,105670065,0
1789561580.1475456,14.507,1176681,44878,0,111,36,41,24482,208032,7165567,4263056,1853508,61507952,57790004,64771556,0,0,0,0,5,0,5623530,191357456,193454056,13,13,463377,1537615,3078990,0,19868550,17840,114568398,105670065,0
1789561580.398009,14.757,1176977,44883,0,111,36,41,24494,208118,7168006,4594228,2030536,61836456,57784660,64771556,0,0,0,2,3,0,5623878,191370689,193467289,13,13,507634,1545749,3095277,0,19868567,17840,114722522,105670065,0
1789561580.6483953,15.007,1177268,44887,0,111,36,41,24528,208188,7172713,4844892,2178748,61645784,57341120,64771556,0,0,0,0,5,0,5624310,191379179,193475779,13,13,544687,1540923,3085613,0,19888262,17840,114825510,105670065,0
1789561580.8988528,15.258,1177549,44895,0,111,36,41,24543,208285,7176419,5186256,2299072,61665224,57017588,64771556,0,0,0,0,5,0,5624692,191393450,193490051,13,13,574768,1541379,3086528,0,19890697,17840,115046538,105670065,0
1789561581.1493268,15.508,1177816,44903,0,111,36,41,24560,208391,7182384,5462780,2448212,61667292,56740784,64771556,0,0,0,0,5,0,5625072,191405169,193501775,13,13,612053,1541373,3086515,0,19920690,17840,115174042,105670605,0
1789561581.3997662,15.759,1178098,44963,0,111,36,41,24578,208431,7183157,5558120,998076,61650456,56627000,64771556,0,1529420,0,4,1,0,5625116,191522220,193618857,13,13,249519,1540909,3085586,382355,19922358,17840,115174214,107216409,0
1789561581.6501324,16.009,1178397,45064,0,111,36,41,24578,208431,7183246,5558120,998076,61650456,56627000,64771556,0,1504844,0,4,1,0,5625116,191771265,193867902,13,13,249519,1540909,3085586,376211,19922359,17840,115174214,107216409,0
1789561581.9004283,16.259,1178697,45164,0,111,36,41,24578,208431,7183332,5558120,998076,61650456,56627000,64771556,0,1467980,0,4,1,0,5625118,192020279,194116923,13,13,249519,1540909,3085586,366995,19922359,17840,115174214,107216409,0
1789561582.1507163,16.51,1178997,45265,0,111,36,41,24578,208431,7183406,5558120,998076,61650456,56627000,64771556,0,1451596,0,4,1,0,5625118,192270071,194366715,13,13,249519,1540909,3085586,362899,19922361,17840,115174214,107216409,0
1789561582.4010394,16.76,1179297,45365,0,111,36,41,24578,208431,7183509,5558120,998076,61663768,56640312,64771556,0,1422924,0,4,1,0,5625125,192519307,194615988,13,13,249519,1541242,3086252,355731,19922362,17840,115174214,107216409,0
1789561582.6513255,17.01,1179596,45466,0,111,36,41,24579,208431,7183583,5558120,998076,61663768,56640312,64771556,0,1406540,0,4,1,0,5625125,192768817,194865498,13,13,249519,1541242,3086252,351635,19922363,17840,115174214,107216409,0
1789561582.9016047,17.261,1179896,45566,0,111,36,41,24579,208431,7183660,5558120,998076,61663768,56640312,64771556,0,1377868,0,4,1,0,5625126,193018325,195115008,13,13,249519,1541242,3086252,344467,19922363,17840,115174214,107216409,0
1789561583.151902,17.511,1180196,45667,0,111,36,41,24579,208431,7183747,5558120,998076,61671832,56648376,64771556,0,1353292,0,4,1,0,5625127,193268091,195364777,13,13,249519,1541443,3086655,338323,19922364,17840,115174214,107216409,0
1789561583.4021845,17.761,1180496,45767,0,111,36,41,24579,208432,7183815,5558120,998076,61671832,56648376,64771556,0,1332780,0,4,1,0,5625128,193517609,195614295,13,13,249519,1541443,3086655,333195,19922365,17840,115174214,107216409,0
1789561583.652469,18.011,1180796,45868,0,111,36,41,24579,208432,7183902,5558120,998076,61671832,56648376,64771556,0,1308204,0,4,1,0,5625128,193766885,195863572,13,13,249519,1541443,3086655,327051,19922366,17840,115174214,107216409,0
1789561583.9027495,18.262,1181095,45968,0,111,36,41,24579,208432,7183980,5558120,998076,61671832,56648376,64771556,0,1279532,0,4,1,0,5625129,194016409,196113097,13,13,249519,1541443,3086655,319883,19922367,17840,115174214,107216409,0
1789561584.153044,18.512,1181395,46068,0,111,36,41,24579,208432,7184060,5558120,998076,61671832,56648376,64771556,0,1254956,0,4,1,0,5625129,194266175,196362864,13,13,249519,1541443,3086655,313739,19922368,17840,115174214,107216409,0
1789561584.4033415,18.762,1181695,46169,0,111,36,41,24579,208432,7184140,5558120,998076,61679896,56656440,64771556,0,1238572,0,4,1,0,5625130,194515702,196612391,13,13,249519,1541644,3087058,309643,19922369,17840,115174214,107216409,0
1789561584.6536386,19.013,1181995,46269,0,111,36,41,24579,208432,7184225,5558120,998076,61679896,56656440,64771556,0,1209900,0,4,1,0,5625130,194764977,196861666,13,13,249519,1541644,3087058,302475,19922370,17840,115174214,107216409,0
1789561584.903936,19.263,1182295,46370,0,111,36,41,24579,208432,7184291,5558120,998076,61679896,56656440,64771556,0,1185324,0,4,1,0,5625132,195014508,197111200,13,13,249519,1541644,3087058,296331,19922371,17840,115174214,107216409,0
1789561585.1542275,19.513,1182591,46470,0,111,36,41,24579,208435,7184631,5558208,998076,61686968,56663440,64771556,0,1156652,0,4,1,0,5625620,195256098,197353974,13,13,249519,1541821,3087412,289163,19922688,17841,115174302,107216409,0
1789561585.4045417,19.763,1182891,46570,0,111,36,41,24579,208435,7184736,5558208,998076,61694152,56670624,64771556,0,1140268,0,4,1,0,5625633,195505846,197603741,13,13,249519,1542000,3087771,285067,19922689,17841,115174302,107216409,0
1789561585.6548312,20.014,1183191,46671,0,111,36,41,24579,208435,7184810,5558208,998076,61694152,56670624,64771556,0,1111564,0,4,1,0,5625644,195755319,197853252,13,13,249519,1542000,3087771,277891,19922690,17841,115174302,107216409,0
1789561585.9051135,20.264,1183491,46771,0,111,36,41,24580,208435,7184879,5558208,998076,61694152,56670624,64771556,0,1086988,0,4,1,0,5625656,196005512,198103510,13,13,249519,1542000,3087771,271747,19922692,17841,115174302,107216409,0
1789561586.1553953,20.514,1183790,46871,0,111,36,41,24580,208435,7185007,5558208,998348,61700248,56676716,64771556,0,1058308,0,4,1,0,5625673,196253768,198351805,13,13,249587,1542152,3088075,264577,19922693,17841,115174302,107217165,0
1789561586.4056904,20.765,1184086,46972,0,111,36,41,24584,208435,7185236,5558264,104228,61708060,56684444,64771556,0,1936044,0,4,1,0,5625909,196494010,198592166,13,13,26057,1542347,3088466,484011,19922694,17841,115174306,108111285,0
1789561586.6560051,21.015,1184386,47072,0,111,36,41,24584,208435,7185304,5558264,104228,61708060,56684444,64771556,0,1907372,0,4,1,0,5625915,196743526,198841691,13,13,26057,1542347,3088466,476843,19922695,17841,115174306,108111285,0
1789561586.9062934,21.265,1184686,47173,0,111,36,41,24584,208435,7185390,5558264,104228,61708060,56684444,64771556,0,1874604,0,4,1,0,5625926,196992538,199090721,13,13,26057,1542347,3088466,468651,19922695,17841,115174306,108111285,0
1789561587.1565874,21.516,1184986,47273,0,111,36,41,24584,208435,7185507,5558264,104228,61708060,56684444,64771556,0,1854124,0,4,1,0,5625942,197241565,199339994,13,13,26057,1542347,3088466,463531,19922702,17841,115174306,108111285,0
1789561587.406891,21.766,1185285,47373,0,111,36,41,24584,208435,7185581,5558264,104228,61713784,56690168,64771556,0,1829548,0,4,1,0,5625949,197491087,199589528,13,13,26057,1542490,3088752,457387,19922702,17841,115174306,108111285,0
1789561587.6571794,22.016,1185586,47473,0,111,36,41,24584,208435,7185647,5558264,104228,61713784,56690168,64771556,0,1813164,0,4,1,0,5625962,197741039,199839528,13,13,26057,1542490,3088752,453291,19922703,17841,115174306,108111285,0
1789561587.9074552,22.266,1185885,47574,0,111,36,41,24584,208435,7185738,5558264,104228,61713784,56690168,64771556,0,1776276,0,4,1,0,5625973,197990282,200088790,13,13,26057,1542490,3088752,444069,19922705,17841,115174306,108111285,0
1789561588.1577322,22.517,1186185,47674,0,111,36,41,24584,208435,7185811,5558264,104228,61718968,56695352,64771556,0,1759892,0,4,1,0,5625982,198240265,200338808,13,13,26057,1542619,3089011,439973,19922705,17841,115174306,108111285,0
1789561588.4080327,22.767,1186485,47775,0,111,36,41,24584,208435,7185899,5558264,104228,61718968,56695352,64771556,0,1731212,0,4,1,0,5625990,198489272,200587828,13,13,26057,1542619,3089011,432803,19922707,17841,115174306,108111285,0
1789561588.6583135,23.017,1186785,47875,0,111,36,41,24584,208435,7185968,5558264,104228,61718968,56695352,64771556,0,1714828,0,4,1,0,5626002,198739463,200838077,13,13,26057,1542619,3089011,428707,19922707,17841,115174306,108111285,0
1789561588.9085865,23.268,1187085,47975,0,111,36,41,24584,208435,7186040,5558264,104228,61718968,56695352,64771556,0,1686156,0,4,1,0,5626010,198988958,201087586,13,13,26057,1542619,3089011,421539,19922708,17841,115174306,108111285,0
1789561589.158881,23.518,1187385,48075,0,111,36,41,24584,208436,7186140,5558264,104228,61718968,56695352,64771556,0,1661580,0,4,1,0,5626026,199238922,201337611,13,13,26057,1542619,3089011,415395,19922708,17841,115174306,108111285,0
1789561589.4091787,23.768,1187685,48175,0,111,36,41,24584,208436,7186254,5558264,104228,61731676,56708060,64771556,0,1641100,0,4,1,0,5626043,199488862,201587625,13,13,26057,1542937,3089646,410275,19922711,17841,115174306,108111285,0
1789561589.6594656,24.018,1187985,48276,0,111,36,41,24584,208436,7186332,5558264,104228,61731676,56708060,64771556,0,1616524,0,4,1,0,5626056,199738338,201837134,13,13,26057,1542937,3089646,404131,19922711,17841,115174306,108111285,0
1789561589.9097505,24.269,1188285,48376,0,111,36,41,24584,208436,7186413,5558264,104228,61731676,56708060,64771556,0,1587828,0,4,1,0,5626066,199987848,202086684,13,13,26057,1542937,3089646,396957,19922712,17841,115174306,108111285,0
1789561590.1600788,24.519,1188585,48476,0,111,36,41,24585,208436,7186542,5558264,104228,61737752,56714136,64771556,0,1563252,0,4,1,0,5626081,200237160,202336225,13,13,26057,1543088,3089950,390813,19922712,17841,115174306,108111285,0
1789561590.4103973,24.769,1188885,48577,0,111,36,41,24585,208436,7186629,5558256,104228,61737752,56714136,64771556,0,1534828,0,4,1,0,5626096,200486882,202586011,13,13,26057,1543088,3089950,383707,19922713,17841,115174306,108111285,0
1789561590.6607065,25.02,1189185,48677,0,111,36,41,24585,208436,7186708,5558264,104228,61737752,56714136,64771556,0,1518188,0,4,1,0,5626106,200736422,202835572,13,13,26057,1543088,3089950,379547,19922715,17841,115174306,108111285,0
1789561590.9110239,25.27,1189484,48778,0,111,36,41,24585,208436,7186782,5558264,104228,61737752,56714136,64771556,0,1485420,0,4,1,0,5626115,200985678,203084844,13,13,26057,1543088,3089950,371355,19922716,17841,115174306,108111285,0
1789561591.161308,25.52,1189784,48878,0,111,36,42,24585,208436,7186887,5558264,104260,61752488,56728748,64771556,0,1464940,0,4,1,0,5626130,201235286,203334603,13,13,26065,1543456,3090687,366235,19922716,17841,115174306,108111477,0
1789561591.4115884,25.771,1190084,48978,0,111,36,42,24585,208436,7186963,5558264,104260,61752488,56728748,64771556,0,1440364,0,4,1,0,5626152,201485032,203584607,13,13,26065,1543456,3090687,360091,19922717,17841,115174306,108111477,0
1789561591.6618805,26.021,1190385,49078,0,111,36,42,24585,208436,7187029,5558264,104260,61752488,56728748,64771556,0,1419884,0,4,1,0,5626164,201735267,203834876,13,13,26065,1543456,3090687,354971,19922717,17841,115174306,108111477,0
1789561591.9121702,26.271,1190684,49179,0,111,36,42,24585,208436,7187107,5558264,104260,61752488,56728748,64771556,0,1395308,0,4,1,0,5626175,201984756,204084383,13,13,26065,1543456,3090687,348827,19922718,17841,115174306,108111477,0
1789561592.1624517,26.521,1190984,49279,0,111,36,42,24585,208436,7187201,5558264,104260,61760268,56736528,64771556,0,1366612,0,4,1,0,5626181,202234021,204333657,13,13,26065,1543650,3091075,341653,19922720,17841,115174306,108111477,0
1789561592.4127455,26.772,1191284,49379,0,111,36,42,24585,208437,7187283,5558264,104260,61763152,56739412,64771556,0,1342036,0,4,1,0,5626191,202483542,204583194,13,13,26065,1543722,3091220,335509,19922721,17841,115174306,108111477,0
1789561592.6630504,27.022,1191584,49480,0,111,36,42,24585,208437,7187350,5558264,104260,61763152,56739412,64771556,0,1321548,0,4,1,0,5626200,202733033,204832709,13,13,26065,1543722,3091220,330387,19922722,17841,115174306,108111477,0
1789561592.9133334,27.272,1191883,49580,0,111,36,42,24585,208437,7187434,5558264,104260,61763152,56739412,64771556,0,1288780,0,4,1,0,5626208,202982287,205081975,13,13,26065,1543722,3091220,322195,19922723,17841,115174306,108111477,0
1789561593.1636198,27.523,1192183,49681,0,111,36,42,24585,208437,7187545,5558264,104260,61769864,56746124,64771556,0,1268300,0,4,1,0,5626223,203231533,205331256,13,13,26065,1543890,3091555,317075,19922724,17841,115174306,108111477,0
1789561593.413935,27.773,1192483,49781,0,111,36,42,24585,208437,7187660,5558264,104260,61787212,56763472,64771556,0,1243724,0,4,1,0,5626240,203481257,205581046,13,13,26065,1544323,3092422,310931,19922726,17841,115174306,108111477,0
1789561593.6642308,28.023,1192783,49881,0,111,36,42,24586,208437,7187736,5558264,104260,61787212,56763472,64771556,0,1227340,0,4,1,0,5626254,203731215,205831053,13,13,26065,1544323,3092422,306835,19922726,17841,115174306,108111477,0
1789561593.9145138,28.273,1193083,49981,0,111,36,42,24586,208437,7187819,5558264,104260,61787212,56763472,64771556,0,1190476,0,4,1,0,5626265,203980693,206080574,13,13,26065,1544323,3092422,297619,19922728,17841,115174306,108111477,0
1789561594.1648211,28.524,1193383,50082,0,111,36,42,24586,208437,7187892,5558264,104260,61793088,56769348,64771556,0,1174092,0,4,1,0,5626280,204230685,206330605,13,13,26065,1544470,3092716,293523,19922728,17841,115174306,108111477,0
1789561594.4151216,28.774,1193683,50182,0,111,36,42,24586,208437,7188075,5558208,105204,61793116,56769360,64771556,0,1141388,0,4,1,0,5626299,204479938,206579908,13,13,26301,1544470,3092717,285347,19922747,17841,115174306,108111477,0
1789561594.6654096,29.024,1193983,50282,0,111,36,42,24586,208437,7188232,5558180,105596,61793088,56769440,64771556,0,1121912,0,4,1,0,5626308,204729113,206829095,13,13,26399,1544470,3092716,280478,19922754,17841,115174306,108111477,0
1789561594.9157367,29.275,1194282,50370,0,111,36,42,24590,208446,7189278,5592712,157696,61792220,56733860,64771556,0,1092472,0,3,2,0,5627446,204940725,207045037,13,13,39424,1544448,3092673,273118,19923760,17841,115206182,108111477,0
1789561595.16616,29.525,1194581,50447,0,111,36,42,24593,208468,7190274,5667676,202220,61817764,56684048,64771556,0,1072888,0,3,2,0,5627834,205127028,207235051,13,13,50555,1545074,3093926,268222,19923793,17841,115238058,108111477,0
1789561595.4165516,29.776,1194881,50523,0,111,36,42,24599,208486,7191107,5743960,247648,61790684,56579956,64771556,0,1043616,0,3,2,0,5628987,205314890,207424265,13,13,61912,1544382,3092541,260904,19925079,17841,115269934,108111477,0
1789561595.6669192,30.026,1195180,50601,0,111,36,42,24604,208505,7192666,5829188,269680,61811984,56515480,64771556,0,1024144,0,3,2,0,5629449,205498705,207614996,13,13,67420,1544903,3093583,256036,19926187,17841,115333686,108111477,0
1789561595.917336,30.276,1195479,50677,0,111,36,42,24606,208527,7193703,5904620,313492,61832656,56459724,64771556,0,994812,0,3,2,0,5630332,205684160,207805986,13,13,78373,1545403,3094585,248703,19926290,17841,115365562,108111477,0
1789561596.1676977,30.527,1195770,50753,0,111,36,42,24614,208554,7194733,5966000,342956,61807652,56373260,64771556,0,975320,0,3,2,0,5631252,205853550,207981264,13,13,85739,1544768,3093313,243830,19927969,17841,115397438,108111585,0
1789561596.4181798,30.777,1196068,50827,0,111,36,42,24620,208576,7196094,6040136,452224,61794700,56285664,64771556,0,945904,0,2,6,0,5631556,206031111,208158964,13,13,113158,1544442,3092660,236476,19929166,17841,115429314,108112221,0
1789561596.668845,31.028,1196375,50871,0,111,36,42,24629,208615,7199729,6203796,515416,61751880,56078008,64771556,0,926444,0,2,3,0,5634507,206139203,208299357,13,13,128854,1543336,3090447,231611,19941206,17841,115524946,108117021,0
1789561596.9193091,31.278,1196673,50912,0,111,36,42,24640,208665,7201659,6352900,617136,61720624,55896644,64771556,0,897200,0,2,3,0,5636603,206218193,208414309,13,13,154284,1542518,3088808,224300,19943545,17841,115611990,108117021,0
1789561597.1697743,31.529,1196955,50936,0,111,36,42,24660,208737,7204573,6581708,816072,61677200,55623668,64771556,0,881832,0,0,5,0,5638210,206253822,208450015,13,13,204018,1541438,3086646,220458,19948410,17841,115748078,108117021,0
1789561597.4202592,31.779,1197222,50948,0,111,36,42,24682,208834,7211027,6846016,955324,61522936,55202864,64771556,0,852768,0,0,6,0,5639140,206269266,208465518,13,13,238831,1537521,3078802,213192,19982495,17841,115873678,108117021,0
1789561597.6707242,32.03,1197515,50959,0,111,36,42,24697,208914,7213502,7132896,1112804,61787348,55178072,64771556,0,836384,0,0,5,0,5640064,206293658,208489975,13,13,278201,1544064,3091904,209096,19984789,17841,116003086,108117021,0
1789561597.921186,32.28,1197775,50972,0,111,36,42,24724,209012,7219549,7396464,1218064,61651776,54777168,64771556,0,807320,0,1,6,0,5641897,206310430,208506840,13,13,304516,1540636,3085040,201830,20019673,17841,116161634,108117021,0
1789561598.1716583,32.531,1198057,50987,0,111,36,42,24741,209099,7223048,7712776,1358232,61677824,54485008,64771556,0,782356,0,1,4,0,5642347,206338866,208535298,13,13,339558,1541239,3086248,195589,20023519,17841,116337406,108117021,0
1789561598.4221442,32.781,1198345,50997,0,111,36,42,24768,209171,7226841,7961260,1499760,61542072,54098384,64771556,0,761876,0,1,7,0,5642952,206359265,208555736,13,13,374940,1537791,3079343,190469,20037630,17841,116444222,108117021,0
1789561598.672659,33.032,1198628,51006,0,111,36,42,24781,209266,7230717,8269624,1643244,61552308,53798364,64771556,0,732812,0,0,5,0,5644110,206378315,208574825,13,13,410811,1537999,3079759,183203,20041523,17841,116608730,108117021,0
1789561598.9233615,33.282,1198923,51019,0,111,36,42,24795,209345,7233789,8574152,1796452,61597636,53536700,64771556,0,703748,0,0,5,0,5645926,206408582,208605161,13,13,449113,1539069,3081902,175937,20042360,17841,116760166,108117021,0
1789561599.1740832,33.533,1199215,51031,0,111,36,42,24822,209414,7238298,8820928,1907892,61433104,53124160,64771556,0,687364,0,0,5,0,5647506,206433438,208630083,13,13,476973,1534932,3073617,171841,20059490,17841,116895614,108117021,0
1789561599.4247875,33.784,1199513,51047,0,111,36,42,24838,209486,7241829,9140968,2052340,61483592,52852048,64771556,0,658304,0,1,4,0,5649602,206467334,208664078,13,13,513085,1536128,3076013,164576,20061273,17841,117071450,108117021,0
1789561599.6753833,34.034,1199810,51058,0,111,36,42,24858,209556,7244276,9411424,2210816,61379352,52475152,64771556,0,633332,0,2,6,0,5651409,206485562,208682371,13,13,552704,1533471,3070692,158333,20064790,17841,117183586,108117021,0
1789561599.9259853,34.285,1200087,51071,0,111,36,42,24880,209648,7250653,9683572,2323900,61564204,52386272,64771556,0,604660,0,0,6,0,5652034,206503243,208700081,13,13,581076,1538046,3079852,151165,20085188,17841,117342030,108117021,0
1789561600.1766698,34.536,1200381,51086,0,111,36,42,24895,209724,7253800,9986912,2468116,61574360,52090728,64771556,0,591984,0,0,5,0,5653319,206535338,208732232,13,13,617029,1538241,3080243,147996,20086823,17841,117501278,108117021,0
1789561600.4271548,34.786,1200668,51096,0,111,36,42,24924,209798,7258418,10233704,2597096,61474828,51742676,64771556,0,558824,0,1,4,0,5654879,206556292,208753239,13,13,649274,1535713,3075182,139706,20103266,17841,117619630,108117021,0
1789561600.6776366,35.037,1200951,51105,0,111,36,42,24940,209891,7261019,10530248,2756032,61513676,51483256,64771556,0,538344,0,0,5,0,5655896,206572503,208769505,13,13,689008,1536639,3077036,134586,20105084,17841,117756286,108117021,0
1789561600.928129,35.287,1201243,51119,0,111,36,42,24960,209964,7266398,10838768,2905704,61474504,51132736,64771556,0,517476,0,0,6,0,5657552,206600843,208797919,13,13,726426,1535576,3074906,129369,20136488,17841,117915666,108117021,0
1789561601.1787195,35.538,1201526,51130,0,111,36,42,24986,210041,7270095,11076484,3015960,61758512,51177576,64771556,0,492900,0,0,5,0,5658399,206621094,208818210,13,13,753990,1542645,3089062,123225,20141171,17841,118043474,108117021,0
1789561601.4292161,35.788,1201820,51146,0,111,36,42,25010,210107,7276227,11385940,3144884,61673888,50781160,64771556,0,463836,0,1,4,0,5659012,206657963,208855091,13,13,786221,1540475,3084716,115959,20175215,17841,118224074,108117721,0
1789561601.679699,36.039,1202118,51155,0,111,36,42,25036,210174,7278807,11642100,3300224,61613148,50462016,64771556,0,442964,0,2,3,0,5660087,206678113,208875294,13,13,825056,1538903,3081569,110741,20179777,17841,118324358,108118165,0
1789561601.9301803,36.289,1202398,51169,0,111,36,42,25054,210261,7285899,11928876,3405940,61630440,50191048,64771556,0,409804,0,1,4,0,5662199,206699584,208896856,13,13,851485,1539297,3082359,102451,20204263,17841,118505098,108118165,0
1789561602.1806586,36.54,1202691,51182,0,111,36,42,25071,210338,7289355,12213580,3546632,61673964,49947956,64771556,0,389324,0,0,5,0,5665445,206724542,208921923,13,13,886658,1540336,3084438,97331,20207387,17841,118648790,108118165,0
1789561602.4311342,36.79,1202983,51191,0,111,36,42,25099,210409,7292074,12459348,3686928,61484628,49510608,64771556,0,360264,0,0,5,0,5666743,206743278,208940718,13,13,921732,1535553,3074861,90066,20214141,17841,118754382,108118165,0
1789561602.6815717,37.041,1203276,51204,0,111,36,42,25116,210485,7297020,12753080,3840712,61494452,49224632,64771556,0,343880,0,1,4,0,5667719,206766652,208964140,13,13,960279,1535746,3075247,85970,20231900,17841,118894678,108118165,0
1789561602.93204,37.291,1203570,51216,0,111,36,42,25133,210560,7300071,13061880,4003016,61561180,48979276,64771556,0,314812,0,1,4,0,5668404,206786382,208983941,13,13,1000648,1537340,3078439,78703,20234024,17841,119040906,108118165,0
1789561603.1825058,37.541,1203849,51228,0,111,36,42,25159,210641,7305543,13325844,4128712,61678116,48831192,64771556,0,293944,0,1,4,0,5670310,206803582,209001166,13,13,1032282,1540221,3084208,73486,20248039,17841,119179182,108118165,0
1789561603.4329894,37.792,1204146,51243,0,111,36,42,25177,210712,7309475,13653536,4293752,61697900,48520980,64771556,0,269368,0,0,5,0,5671889,206834173,209031862,13,13,1073438,1540660,3085088,67342,20252264,17841,119341826,108118165,0
1789561603.683446,38.042,1204433,51258,0,111,36,42,25203,210785,7313852,13956628,4431968,61750976,48268376,64771556,0,248500,0,1,5,0,5673364,206851534,209049321,13,13,1107992,1541931,3087632,62125,20256447,17841,119506910,108118165,0
1789561603.9339328,38.293,1204714,51273,0,111,36,42,25219,210876,7318325,14266680,4589716,61905136,48110188,64771556,0,219436,0,0,5,0,5674170,206873114,209070957,13,13,1147429,1545711,3095201,54859,20258375,17841,119659078,108118165,0
1789561604.1846302,38.544,1205010,51287,0,111,36,42,25246,210938,7321999,14553548,4725344,62052328,47967528,64771556,0,194860,0,1,5,0,5675951,206901557,209099474,13,13,1181336,1549311,3102411,48715,20265406,17841,119810262,108118165,0
1789561604.435116,38.794,1205306,51303,0,111,36,42,25260,211011,7325429,14890916,4894824,62075512,47651256,64771556,0,165796,0,1,4,0,5678109,206938751,209136785,13,13,1223706,1549838,3103465,41449,20266731,17841,119977926,108118165,0
1789561604.6855996,39.045,1205591,51319,0,111,36,42,25279,211091,7330125,15238580,5082424,62258292,47484596,64771556,0,136732,0,0,5,0,5680816,206971620,209169757,13,13,1270963,1554365,3112531,34183,20271422,17841,120137350,108118165,0
1789561604.936076,39.295,1205885,51334,0,111,36,42,25299,211161,7334170,15515440,5190948,62339068,47286868,64771556,0,120348,0,0,5,0,5681771,207002749,209200916,13,13,1297737,1556332,3116469,30087,20277103,17841,120306738,108118165,0
1789561605.1865423,39.545,1206169,51348,0,111,36,42,25321,211237,7338912,15811136,5341092,62458804,47107684,64771556,0,99480,0,3,3,0,5682784,207029856,209228027,13,13,1335273,1559239,3122291,24870,20281200,17841,120452654,108118165,0
1789561605.4370527,39.796,1206462,51367,0,111,36,42,25343,211300,7343825,16121200,5477660,62455224,46792644,64771556,0,70412,0,0,8,0,5683492,207068344,209266547,13,13,1369415,1559116,3122045,17603,20292329,17841,120625586,108118165,0
1789561605.68775,40.047,1206747,51381,0,111,36,42,25359,211383,7348244,16438132,5636692,62464776,46481668,64771556,0,54028,0,1,4,0,5684475,207093723,209291961,13,13,1409173,1559265,3122343,13507,20298820,17841,120783838,108118165,0
1789561605.9382346,40.297,1207077,51388,0,111,36,42,25380,211425,7350253,16609308,5726592,62492884,46334488,64771556,0,24968,0,0,2,0,5686256,207111792,209310208,13,13,1431648,1559863,3123541,6242,20302970,17841,120864722,108118165,0
1789561606.1886811,40.548,1207368,51389,0,111,36,42,25389,211521,7358018,16617436,5734652,62439212,46272232,64771556,0,0,0,0,2,0,5687573,207112067,209310601,13,13,1433663,1558506,3120823,0,20311980,17841,120864838,108118165,0
1789561606.4392376,40.798,1207589,51389,0,111,36,42,25392,211697,7360483,16617436,5734652,62427216,46260236,64771556,0,0,0,0,9,0,5687704,207112067,209310601,13,13,1433663,1558214,3120238,0,20315681,17841,120864838,108118165,0
1789561606.6898992,41.049,1207814,51389,0,111,36,42,25396,211869,7363401,16617436,5734652,62419964,46252984,64771556,0,0,0,0,6,0,5687912,207112067,209310601,13,13,1433663,1558033,3119875,0,20317278,17841,120864838,108118165,0
1789561606.9406075,41.3,1208089,51389,0,111,36,42,25400,211990,7365690,16617444,5733648,62419972,46252984,64771556,0,0,0,0,5,0,5687965,207112067,209310601,13,13,1433412,1558033,3119876,0,20317747,17841,120864838,108118629,0
1789561607.191321,41.55,1208377,51389,0,111,36,42,25404,212098,7367170,16617540,5733744,62413236,46246156,64771556,0,0,0,0,7,0,5688402,207112067,209310601,13,13,1433436,1557865,3119539,0,20318264,17841,120864838,108118629,0
1789561607.441969,41.801,1208666,51389,0,111,36,42,25407,212206,7368313,16617540,5734280,62413236,46246156,64771556,0,0,0,0,5,0,5688426,207112068,209310602,13,13,1433570,1557865,3119539,0,20318358,17841,120864838,108119177,0
1789561607.6925938,42.052,1208933,51389,0,111,36,42,25412,212333,7370267,16617640,5736860,62384492,46217304,64771556,0,0,0,0,7,0,5688506,207112068,209310602,13,13,1434215,1557147,3118102,0,20323088,17841,120864838,108119177,0
1789561607.9430838,42.302,1209208,51389,0,111,36,42,25418,212450,7372923,16617636,5738976,62374712,46207424,64771556,0,0,0,0,6,0,5688873,207112068,209310602,13,13,1434744,1556901,3117608,0,20328729,17841,120864838,108119177,0
1789561608.1937578,42.553,1209498,51389,0,111,36,42,25421,212557,7375222,16617636,5738976,62396400,46229112,64771556,0,0,0,0,5,0,5688960,207112068,209310602,13,13,1434744,1557442,3118693,0,20328822,17841,120864838,108119177,0
1789561608.4444861,42.803,1209782,51389,0,111,36,42,25424,212671,7375729,16617732,5739072,62396268,46228888,64771556,0,0,0,0,7,0,5688979,207112068,209310602,13,13,1434768,1557439,3118686,0,20328892,17841,120864838,108119177,0
1789561608.6951818,43.054,1210049,51389,0,111,36,42,25427,212801,7377129,16617732,5739072,62395404,46228024,64771556,0,0,0,0,5,0,5689030,207112068,209310602,13,13,1434768,1557417,3118643,0,20329476,17841,120864838,108119177,0
1789561608.9458616,43.305,1210341,51389,0,111,36,42,25430,212907,7378002,16617732,5739072,62395404,46228024,64771556,0,0,0,0,5,0,5689045,207112068,209310602,13,13,1434768,1557417,3118643,0,20329506,17841,120864838,108119177,0
1789561609.1965935,43.556,1210631,51389,0,111,36,42,25434,213013,7379486,16617828,5739168,62408320,46240848,64771556,0,0,0,0,5,0,5689123,207112068,209310602,13,13,1434792,1557740,3119288,0,20330062,17841,120864838,108119177,0
1789561609.4472632,43.806,1210915,51389,0,111,36,42,25437,213126,7380707,16617828,5739168,62407668,46240192,64771556,0,0,0,0,5,0,5689184,207112068,209310602,13,13,1434792,1557723,3119256,0,20330530,17841,120864838,108119177,0
1789561609.6978652,44.057,1211200,51389,0,111,36,42,25439,213240,7381171,16617924,5739264,62407536,46239968,64771556,0,0,0,0,6,0,5689205,207112068,209310602,13,13,1434816,1557720,3119249,0,20330533,17841,120864838,108119177,0
1789561609.94855,44.308,1211483,51389,0,111,36,42,25442,213354,7382131,16617924,5739264,62407288,46239716,64771556,0,0,0,0,12,0,5689241,207112068,209310602,13,13,1434816,1557714,3119237,0,20330560,17841,120864838,108119177,0
1789561610.199224,44.558,1211755,51389,0,111,36,42,25447,213478,7383408,16617924,5739264,62420324,46252748,64771556,0,0,0,0,5,0,5689314,207112068,209310602,13,13,1434816,1558039,3119888,0,20331116,17841,120864838,108119177,0
1789561610.4497097,44.809,1212037,51389,0,111,36,42,25449,213594,7383891,16618020,5739360,62420352,46252684,64771556,0,0,0,0,5,0,5689326,207112068,209310602,13,13,1434840,1558040,3119890,0,20331144,17841,120864838,108119177,0
1789561610.700208,45.059,1212309,51389,0,111,36,42,25452,213720,7385756,16618020,5739360,62402384,46234712,64771556,0,0,0,0,8,0,5689414,207112068,209310602,13,13,1434840,1557591,3118992,0,20333812,17841,120864838,108119177,0
1789561610.9508662,45.31,1212593,51389,0,111,36,42,25455,213833,7386488,16618020,5739360,62402384,46234712,64771556,0,0,0,0,5,0,5689456,207112068,209310602,13,13,1434840,1557591,3118992,0,20334353,17841,120864838,108119177,0
1789561611.201331,45.56,1212884,51389,0,111,36,42,25458,213940,7386833,16618116,5739456,62417020,46249256,64771556,0,0,0,0,5,0,5689475,207112068,209310602,13,13,1434864,1557957,3119723,0,20334361,17841,120864838,108119177,0
1789561611.4518187,45.811,1213176,51389,0,111,36,42,25461,214046,7387771,16618116,5739456,62416772,46249004,64771556,0,0,0,0,6,0,5689511,207112068,209310602,13,13,1434864,1557951,3119711,0,20334903,17841,120864838,108119177,0
1789561611.7022998,46.061,1213474,51389,0,111,36,42,25464,214146,7388097,16618212,5739552,62416800,46248940,64771556,0,0,0,0,5,0,5689530,207112068,209310602,13,13,1434888,1557951,3119712,0,20334915,17841,120864838,108119177,0
1789561611.9527638,46.312,1213770,51389,0,111,36,42,25468,214246,7388737,16618236,5377552,62416836,46248940,64771556,0,353808,0,0,5,0,5689545,207112105,209310640,13,13,1344388,1557952,3119714,88452,20334923,17841,120864838,108481177,0
1789561612.2032382,46.562,1214055,51389,0,111,36,42,25473,214357,7391029,16618236,5377552,62422980,46255080,64771556,0,337424,0,0,5,0,5690444,207112156,209310735,13,13,1344388,1558106,3120021,84356,20336357,17841,120864838,108481177,0
1789561612.4536974,46.813,1214350,51389,0,111,36,42,25476,214460,7391471,16618332,5377648,62433528,46265536,64771556,0,304656,0,0,6,0,5690997,207112170,209311079,13,13,1344412,1558369,3120548,76164,20336358,17841,120864838,108481177,0
1789561612.7041626,47.063,1214645,51389,0,111,36,42,25480,214560,7391886,16618332,5377648,62433528,46265536,64771556,0,288272,0,0,5,0,5691079,207112173,209311146,13,13,1344412,1558369,3120548,72068,20336360,17841,120864838,108481177,0
1789561612.9546177,47.314,1214940,51389,0,111,36,42,25483,214663,7392903,16618428,5377744,62432908,46264820,64771556,0,255504,0,0,5,0,5691685,207112272,209311427,13,13,1344436,1558353,3120517,63876,20337218,17841,120864838,108481177,0
1789561613.205289,47.564,1215232,51390,0,111,36,42,25486,214768,7393463,16618428,5377744,62444728,46276640,64771556,0,239120,0,0,5,0,5692265,207112275,209311504,13,13,1344436,1558648,3121108,59780,20337226,17841,120864838,108481177,0
1789561613.4557657,47.815,1215524,51390,0,111,36,42,25491,214873,7394770,16618428,5377744,62443972,46275884,64771556,0,206352,0,0,14,0,5692797,207112286,209311734,13,13,1344436,1558630,3121071,51588,20338007,17841,120864838,108481177,0
1789561613.706362,48.065,1215790,51390,0,111,36,42,25494,215002,7396549,16618428,5377744,62442632,46274544,64771556,0,189968,0,0,5,0,5693027,207112307,209311819,13,13,1344436,1558596,3121004,47492,20338561,17841,120864838,108481177,0
1789561613.9568424,48.316,1216087,51390,0,111,36,42,25497,215103,7397032,16618428,5377744,62442632,46274544,64771556,0,157200,0,0,5,0,5693706,207112307,209312027,13,13,1344436,1558596,3121004,39300,20338584,17841,120864838,108481177,0
1789561614.2073238,48.566,1216384,51390,0,111,36,42,25500,215202,7397780,16618620,5377936,62458192,46289912,64771556,0,140816,0,0,6,0,5694151,207112307,209312181,13,13,1344484,1558985,3121781,35204,20339377,17841,120864838,108481177,0
1789561614.4577937,48.817,1216683,51390,0,111,36,42,25503,215301,7398177,16618620,5377936,62458192,46289912,64771556,0,115852,0,0,5,0,5694650,207112494,209312512,13,13,1344484,1558985,3121781,28963,20339389,17841,120864838,108481177,0
1789561614.708273,49.067,1216972,51390,0,111,36,42,25507,215407,7398523,16618716,5378032,62457492,46289120,64771556,0,91276,0,0,6,0,5694849,207112763,209312868,13,13,1344508,1558967,3121746,22819,20339392,17841,120864838,108481177,0
1789561614.9587371,49.318,1217258,51390,0,111,36,42,25513,215516,7400097,16618724,5378032,62391220,46222844,64771556,0,66316,0,0,5,0,5695766,207113118,209313545,13,13,1344508,1557313,3118434,16579,20352648,17841,120864846,108481177,0
1789561615.2092228,49.568,1217562,51391,0,111,36,42,25515,215610,7400437,16618724,5378032,62402764,46234388,64771556,0,41352,0,0,2,0,5696303,207113169,209313716,13,13,1344508,1557601,3119011,10338,20353146,17841,120864846,108481177,0
1789561615.4596956,49.819,1217938,51391,0,111,36,42,25515,215635,7400505,16618724,5378032,62402764,46234388,64771556,0,16776,0,0,2,0,5697698,207113169,209314304,13,13,1344508,1557601,3119011,4194,20353146,17841,120864846,108481177,0
1789561615.7103176,50.069,1218311,51391,0,111,36,42,25516,215661,7400715,16663868,5423176,62400584,46187064,64771556,0,0,0,0,2,0,5698503,207113169,209314550,13,13,1355794,1557546,3118902,0,20353153,17841,120864846,108481177,0
1789561615.960769,50.32,1218686,51391,0,111,36,42,25518,215684,7400762,16730340,5489648,62390080,46108920,64771556,0,0,0,0,2,0,5698875,207113169,209314550,13,13,1372514,1557255,3118318,0,20353153,17841,120864846,108481177,0
1789561616.2111182,50.57,1219062,51391,0,111,36,42,25521,215707,7400813,16758484,5517792,62396368,46086136,64771556,0,0,0,0,2,0,5698975,207113169,209314550,13,13,1379448,1557388,3118585,0,20353155,17841,120864846,108481177,0
1789561616.4614477,50.82,1219437,51391,0,111,36,42,25523,215730,7400860,16758484,5517792,62404324,46094092,64771556,0,0,0,0,2,0,5698985,207113169,209314550,13,13,1379448,1557587,3118983,0,20353155,17841,120864846,108481177,0
1789561616.7117712,51.071,1219812,51391,0,111,36,42,25529,215749,7400939,16758484,5517792,62268176,45957944,64771556,0,0,0,0,2,0,5698985,207113169,209314550,13,13,1379448,1554188,3112177,0,20386058,17841,120864846,108481177,0
1789561616.9621153,51.321,1220188,51391,0,111,36,42,25536,215767,7401069,16758484,5517792,62123140,45812908,64771556,0,0,0,0,2,0,5699008,207113169,209314550,13,13,1379448,1550568,3104927,0,20423067,17841,120864846,108481177,0
1789561617.2124276,51.571,1220563,51391,0,111,36,42,25539,215789,7401228,16758488,5517816,62049340,45739016,64771556,0,0,0,0,2,0,5699017,207113169,209314550,13,13,1379454,1548724,3101234,0,20443628,17841,120864846,108481249,0
1789561617.4627512,51.822,1220938,51391,0,111,36,42,25539,215814,7401305,16758488,5517816,62053220,45742896,64771556,0,0,0,0,2,0,5699047,207113169,209314550,13,13,1379454,1548820,3101428,0,20443628,17841,120864846,108481249,0
1789561617.7130919,52.072,1221313,51391,0,111,36,42,25539,215839,7401340,16758488,5517816,62053220,45742896,64771556,0,0,0,0,2,0,5699067,207113169,209314550,13,13,1379454,1548820,3101428,0,20443630,17841,120864846,108481249,0
1789561617.9634047,52.322,1221688,51391,0,111,36,42,25540,215865,7401771,16758488,5517816,62051960,45741616,64771556,0,0,0,0,2,0,5699099,207113169,209314550,13,13,1379454,1548789,3101365,0,20443977,17841,120864846,108481249,0
1789561618.2138608,52.573,1222063,51391,0,111,36,42,25540,215890,7401826,16758488,5517816,62056352,45746008,64771556,0,0,0,0,2,0,5699107,207113169,209314550,13,13,1379454,1548899,3101585,0,20443979,17841,120864846,108481249,0
1789561618.4641912,52.823,1222439,51391,0,111,36,42,25540,215915,7401877,16758488,5517816,62062700,45752356,64771556,0,0,0,0,2,0,5699117,207113169,209314550,13,13,1379454,1549057,3101902,0,20443979,17841,120864846,108481249,0
1789561618.7144985,53.073,1222814,51391,0,111,36,42,25540,215940,7401912,16758488,5517816,62062700,45752356,64771556,0,0,0,0,2,0,5699130,207113169,209314550,13,13,1379454,1549057,3101902,0,20443980,17841,120864846,108481249,0
1789561618.9648235,53.324,1223190,51391,0,111,36,42,25540,215966,7401955,16758488,5517816,62062700,45752356,64771556,0,0,0,0,2,0,5699130,207113169,209314550,13,13,1379454,1549057,3101902,0,20443980,17841,120864846,108481249,0
1789561619.2151308,53.574,1223565,51391,0,111,36,42,25540,215991,7402004,16758488,5517816,62064068,45753724,64771556,0,0,0,0,2,0,5699249,207113169,209314550,13,13,1379454,1549091,3101971,0,20443981,17841,120864846,108481249,0
1789561619.4654593,53.824,1223940,51391,0,111,36,42,25540,216016,7402056,16758488,5517816,62067040,45756696,64771556,0,0,0,0,2,0,5699293,207113169,209314550,13,13,1379454,1549165,3102119,0,20443984,17841,120864846,108481249,0
1789561619.7157645,54.075,1224316,51391,0,111,36,42,25540,216041,7402095,16758488,5517816,62069632,45759288,64771556,0,0,0,0,2,0,5699307,207113169,209314550,13,13,1379454,1549230,3102249,0,20443985,17841,120864846,108481249,0
1789561619.9660711,54.325,1224691,51391,0,111,36,42,25540,216066,7402138,16758488,5517816,62069632,45759288,64771556,0,0,0,0,2,0,5699316,207113169,209314550,13,13,1379454,1549230,3102249,0,20443985,17841,120864846,108481249,0
1789561620.216361,54.575,1225066,51391,0,111,36,42,25540,216091,7402237,16758496,5517816,62073864,45763392,64771556,0,0,0,0,2,0,5699399,207113299,209314680,13,13,1379454,1549336,3102460,0,20443986,17841,120865030,108481249,0
1789561620.4666703,54.826,1225438,51391,0,111,36,42,25542,216117,7402332,16816576,5575896,62064348,45694180,64771556,0,0,0,0,2,0,5699661,207113299,209314680,13,13,1393974,1549058,3101904,0,20443999,17841,120865030,108481249,0
1789561620.7169912,55.076,1225814,51391,0,111,36,42,25543,216140,7402368,16881540,5640860,62068824,45632068,64771556,0,0,0,0,2,0,5699661,207113299,209314680,13,13,1410215,1549129,3102046,0,20443999,17841,120865030,108481249,0
1789561620.967311,55.326,1226189,51391,0,111,36,42,25546,216163,7402411,16946912,5706232,62066432,45562284,64771556,0,0,0,0,2,0,5699661,207113299,209314680,13,13,1426558,1549019,3101826,0,20444002,17841,120865030,108481249,0
1789561621.217604,55.577,1226564,51391,0,111,36,42,25547,216187,7402474,17012096,5771416,62078144,45507048,64771556,0,0,0,0,3,0,5699763,207113299,209314680,13,13,1442854,1549267,3102322,0,20444002,17841,120865034,108481249,0
1789561621.4679232,55.827,1226940,51391,0,111,36,42,25549,216209,7402560,17077464,5836784,62079268,45441188,64771556,0,0,0,0,2,0,5699795,207113299,209314680,13,13,1459196,1549255,3102298,0,20444003,17841,120865034,108481249,0
1789561621.7182155,56.077,1227315,51391,0,111,36,42,25552,216232,7402595,17142840,5902160,62076468,45370996,64771556,0,0,0,0,2,0,5699804,207113299,209314680,13,13,1475540,1549134,3102057,0,20444003,17841,120865034,108481249,0
1789561621.968509,56.327,1227691,51391,0,111,36,42,25554,216255,7402641,17208216,5967536,62074100,45301628,64771556,0,0,0,0,2,0,5699815,207113299,209314680,13,13,1491884,1549035,3101857,0,20444004,17841,120865034,108481249,0
1789561622.2188506,56.578,1228066,51391,0,111,36,42,25556,216277,7402700,17273056,6032376,62079760,45240640,64771556,0,0,0,0,2,0,5699823,207113299,209314680,13,13,1508094,1549131,3102051,0,20444005,17841,120865034,108481277,0
1789561622.4692707,56.828,1228442,51391,0,111,36,42,25558,216301,7402749,17322192,6081512,62083812,45193940,64771556,0,0,0,0,2,0,5699841,207113299,209314680,13,13,1520378,1549192,3102173,0,20444007,17841,120865034,108481277,0
1789561622.7196417,57.079,1228817,51391,0,111,36,42,25559,216325,7402784,17322192,6081512,62083812,45193940,64771556,0,0,0,0,2,0,5699841,207113299,209314680,13,13,1520378,1549192,3102173,0,20444007,17841,120865034,108481277,0
1789561622.9699786,57.329,1229192,51391,0,111,36,42,25561,216348,7402825,17322192,6081512,62083812,45193940,64771556,0,0,0,0,2,0,5699841,207113299,209314680,13,13,1520378,1549192,3102173,0,20444008,17841,120865034,108481277,0
1789561623.2202885,57.579,1229568,51391,0,111,36,42,25563,216371,7402881,17322356,6081676,62083924,45193860,64771556,0,0,0,0,2,0,5699868,207113299,209314680,13,13,1520419,1549194,3102177,0,20444008,17841,120865034,108481277,0
1789561623.470605,57.83,1229943,51391,0,111,36,42,25564,216395,7402932,17322356,6081676,62085664,45195600,64771556,0,0,0,0,2,0,5699895,207113299,209314680,13,13,1520419,1549238,3102264,0,20444011,17841,120865034,108481277,0
1789561623.7209265,58.08,1230319,51391,0,111,36,42,25564,216420,7402971,17322356,6081676,62087664,45197600,64771556,0,0,0,0,2,0,5699913,207113299,209314680,13,13,1520419,1549288,3102364,0,20444011,17841,120865034,108481277,0
1789561623.9712284,58.33,1230694,51391,0,111,36,42,25564,216445,7403014,17322356,6081676,62087664,45197600,64771556,0,0,0,0,2,0,5699924,207113299,209314680,13,13,1520419,1549288,3102364,0,20444013,17841,120865034,108481277,0
1789561624.2215273,58.58,1231069,51391,0,111,36,42,25564,216470,7403066,17322356,6081676,62088876,45198812,64771556,0,0,0,0,2,0,5700010,207113299,209314680,13,13,1520419,1549318,3102424,0,20444014,17841,120865034,108481277,0
1789561624.4718378,58.831,1231445,51391,0,111,36,42,25564,216495,7403109,17322356,6081676,62092060,45201996,64771556,0,0,0,0,2,0,5700021,207113299,209314680,13,13,1520419,1549397,3102583,0,20444015,17841,120865034,108481277,0
1789561624.7221391,59.081,1231820,51391,0,111,36,42,25564,216520,7403163,17322356,6081676,62092060,45201996,64771556,0,0,0,0,2,0,5700021,207113299,209314680,13,13,1520419,1549397,3102583,0,20444015,17841,120865034,108481277,0
1789561624.9724245,59.331,1232195,51391,0,111,36,42,25564,216545,7403208,17322356,6081676,62092060,45201996,64771556,0,0,0,0,2,0,5700021,207113299,209314680,13,13,1520419,1549397,3102583,0,20444016,17841,120865034,108481277,0
1789561625.2227418,59.582,1232571,51391,0,111,36,42,25564,216570,7403300,17322356,6081676,62094540,45204476,64771556,0,0,0,0,3,0,5700116,207113299,209314680,13,13,1520419,1549459,3102707,0,20444017,17841,120865034,108481277,0
1789561625.4731278,59.832,1232944,51393,0,111,36,42,25565,216595,7403472,17322356,6077132,62098168,45208100,64771556,0,0,0,0,2,0,5700154,207113797,209315179,13,13,1519283,1549550,3102889,0,20444020,17841,120865034,108485969,0
1789561625.7234476,60.082,1233319,51393,0,111,36,42,25565,216620,7403509,17322356,6077132,62098168,45208100,64771556,0,0,0,0,2,0,5700163,207113797,209315179,13,13,1519283,1549550,3102889,0,20444023,17841,120865034,108485969,0
1789561625.97376,60.333,1233695,51393,0,111,36,42,25565,216646,7403558,17322356,6077132,62098168,45208100,64771556,0,0,0,0,2,0,5700175,207113797,209315179,13,13,1519283,1549550,3102889,0,20444024,17841,120865034,108485969,0
1789561626.2240949,60.583,1234070,51393,0,111,36,42,25565,216671,7403603,17322356,6077132,62100604,45210536,64771556,0,0,0,0,2,0,5700270,207113797,209315179,13,13,1519283,1549611,3103010,0,20444025,17841,120865034,108485969,0
1789561626.4743795,60.833,1234445,51393,0,111,36,42,25565,216695,7403646,17332116,6086892,62106816,45206984,64771556,0,0,0,0,2,0,5700278,207113797,209315179,13,13,1521723,1549766,3103321,0,20444025,17841,120865034,108485969,0
1789561626.7246795,61.084,1234821,51393,0,111,36,42,25566,216719,7403682,17397492,6152268,62104024,45136796,64771556,0,0,0,0,2,0,5700278,207113797,209315179,13,13,1538067,1549645,3103080,0,20444026,17841,120865034,108485969,0
1789561626.9749846,61.334,1235190,51393,0,111,36,42,25574,216743,7403840,17462828,4862884,62100412,45066188,64771556,0,1354760,0,0,3,0,5700301,207114198,209315590,13,13,1215145,1549515,3102819,339266,20444027,17841,120865034,109837881,0
1789561627.225322,61.584,1235561,51394,0,111,36,42,25580,216766,7404124,17527992,4070492,62102740,45001508,64771556,0,2188140,0,0,2,0,5703034,207114929,209316508,13,13,1017623,1549527,3102843,547035,20444029,17841,120865038,110698405,0
1789561627.4757318,61.835,1235936,51394,0,111,36,42,25583,216788,7404206,17592540,4135040,62089380,44921908,64771556,0,2155036,0,0,2,0,5705320,207115444,209317575,13,13,1033760,1549151,3102091,538759,20444029,17841,120865038,110698405,0
1789561627.726084,62.085,1236311,51394,0,111,36,42,25585,216811,7404281,17656996,4199496,62089156,44855224,64771556,0,2138660,0,0,2,0,5708823,207116421,209319376,13,13,1049874,1549096,3101979,534665,20444030,17841,120865038,110698405,0
1789561627.9764147,62.335,1236686,51394,0,111,36,42,25588,216834,7404356,17722188,4264688,62085080,44784128,64771556,0,2105860,0,0,2,0,5709627,207117803,209320775,13,13,1066172,1548958,3101704,526465,20444030,17841,120865038,110698405,0
1789561628.2267227,62.586,1237062,51394,0,111,36,42,25589,216857,7404426,17787232,4329732,62085868,44718404,64771556,0,2089456,0,0,2,0,5710757,207118134,209321280,13,13,1082433,1548931,3101649,522364,20444032,17841,120865038,110698405,0
1789561628.4770646,62.836,1237436,51394,0,111,36,42,25592,216880,7404517,17852036,4394536,62090556,44656372,64771556,0,2056940,0,0,2,0,5714289,207119196,209322739,13,13,1098634,1549010,3101808,514235,20444033,17841,120865038,110698405,0
1789561628.7273638,63.086,1237812,51394,0,111,36,42,25593,216903,7404569,17885848,4428348,62093992,44625068,64771556,0,2040272,0,0,2,0,5717190,207119196,209323427,13,13,1107087,1549063,3101914,510068,20444034,17841,120865038,110698405,0
1789561628.977666,63.337,1238187,51395,0,111,36,42,25595,216927,7404649,17885848,4428348,62093992,44625068,64771556,0,2007456,0,0,2,0,5718819,207119656,209324446,13,13,1107087,1549063,3101914,501864,20444034,17841,120865038,110698405,0
1789561629.2279809,63.587,1238562,51395,0,111,36,42,25597,216950,7404727,17885848,4428348,62096716,44627792,64771556,0,1991196,0,0,2,0,5722953,207119656,209325381,13,13,1107087,1549131,3102050,497799,20444035,17841,120865038,110698405,0
1789561629.4782934,63.837,1238937,51395,0,111,36,42,25601,216972,7404859,17886340,4428840,62097792,44627964,64771556,0,1966392,0,0,2,0,5726306,207120527,209326697,13,13,1107210,1549149,3102086,491598,20444036,17841,120865038,110698405,0
1789561629.7286344,64.088,1239311,51395,0,111,36,42,25601,216999,7404929,17886340,4428840,62097792,44627964,64771556,0,1941816,0,0,2,0,5727110,207121145,209327361,13,13,1107210,1549149,3102086,485454,20444041,17841,120865038,110698405,0
1789561629.9790845,64.338,1239686,51395,0,111,36,42,25601,217024,7404997,17886340,4428840,62097792,44627964,64771556,0,1917240,0,0,2,0,5730765,207121512,209328548,13,13,1107210,1549149,3102086,479310,20444041,17841,120865038,110698405,0
1789561630.2294247,64.588,1240060,51395,0,111,36,42,25601,217050,7405398,17886340,4428840,62100172,44630344,64771556,0,1892664,0,0,2,0,5730874,207121526,209328562,13,13,1107210,1549208,3102205,473166,20444076,17841,120865038,110698405,0
1789561630.4798584,64.839,1240435,51395,0,111,36,42,25601,217075,7405480,17886340,4428840,62100176,44630344,64771556,0,1868080,0,0,2,0,5732201,207122796,209330077,13,13,1107210,1549208,3102205,467020,20444194,17841,120865038,110698405,0
1789561630.73018,65.089,1240810,51396,0,111,36,42,25601,217100,7405560,17886340,4428840,62100176,44630344,64771556,0,1843504,0,0,2,0,5734373,207123038,209331164,13,13,1107210,1549208,3102205,460876,20444195,17841,120865038,110698405,0
1789561630.980496,65.339,1241185,51396,0,111,36,42,25602,217125,7405648,17886340,4428840,62100176,44630344,64771556,0,1818912,0,0,2,0,5735449,207123968,209332169,13,13,1107210,1549208,3102205,454728,20444195,17841,120865038,110698405,0
1789561631.2308247,65.59,1241561,51396,0,111,36,42,25602,217150,7405732,17886340,4428840,62102256,44632424,64771556,0,1794336,0,0,2,0,5737934,207123973,209332558,13,13,1107210,1549260,3102309,448584,20444197,17841,120865038,110698405,0
1789561631.4811645,65.84,1241936,51396,0,111,36,42,25602,217175,7405819,17886340,4428840,62102256,44632424,64771556,0,1769752,0,0,2,0,5738946,207124587,209333618,13,13,1107210,1549260,3102309,442438,20444198,17841,120865038,110698405,0
1789561631.731488,66.09,1242311,51396,0,111,36,42,25602,217200,7405889,17886340,4428840,62102256,44632424,64771556,0,1745176,0,0,2,0,5742940,207124587,209334571,13,13,1107210,1549260,3102309,436294,20444198,17841,120865038,110698405,0
1789561631.981815,66.341,1242686,51396,0,111,36,42,25602,217225,7405964,17886340,4428840,62102256,44632424,64771556,0,1720600,0,0,2,0,5745285,207124587,209334924,13,13,1107210,1549260,3102309,430150,20444199,17841,120865038,110698405,0
1789561632.2321177,66.591,1243061,51397,0,111,36,42,25602,217250,7406060,17886340,4428840,62104076,44634244,64771556,0,1696024,0,0,2,0,5745830,207125618,209336458,13,13,1107210,1549306,3102400,424006,20444200,17841,120865038,110698477,0
1789561632.4824455,66.841,1243425,51397,0,111,36,42,25613,217275,7406218,17886260,2105772,62104652,44634820,64771556,0,3994496,0,0,3,0,5749360,207125778,209336983,13,13,526443,1549320,3102428,998624,20444204,17841,120865046,113021657,0
1789561632.732756,67.092,1243798,51397,0,111,36,42,25616,217300,7406416,17897624,1676108,62107836,44626620,64771556,0,4411332,0,0,2,0,5750910,207126710,209338193,13,13,419027,1549399,3102588,1102833,20444204,17841,120865046,113462845,0
1789561632.9830706,67.342,1244173,51397,0,111,36,42,25617,217323,7406504,17962920,1741404,62096292,44548372,64771556,0,4386752,0,0,2,0,5754098,207127054,209339428,13,13,435351,1549076,3101940,1096688,20444205,17841,120865046,113462845,0
1789561633.2333715,67.592,1244548,51397,0,111,36,42,25619,217347,7406594,18027608,1806092,62096348,44481576,64771556,0,4362092,0,0,2,0,5756353,207127334,209339983,13,13,451523,1549023,3101834,1090523,20444206,17841,120865046,113462845,0
1789561633.4837105,67.843,1244923,51397,0,111,36,42,25621,217370,7406709,18092288,1870240,62097496,44416012,64771556,0,4337520,0,0,2,0,5758661,207127334,209340663,13,13,467560,1549012,3101811,1084380,20444207,17841,120865046,113462845,0
1789561633.73402,68.093,1245299,51397,0,111,36,42,25623,217393,7406768,18157088,1935040,62086304,44338388,64771556,0,4313132,0,0,2,0,5761096,207127600,209341495,13,13,483760,1548682,3101150,1078283,20444207,17841,120865046,113462845,0
1789561633.9843166,68.343,1245674,51397,0,111,36,42,25625,217416,7406834,18222116,2000068,62091644,44276540,64771556,0,4288404,0,0,2,0,5763627,207128165,209342398,13,13,500017,1548761,3101310,1072101,20444209,17841,120865046,113462845,0
1789561634.234605,68.594,1246049,51398,0,111,36,42,25627,217439,7406920,18286964,2064916,62096976,44215504,64771556,0,4263788,0,0,2,0,5765210,207128476,209343009,13,13,516229,1548857,3101501,1065947,20444209,17841,120865046,113462845,0
1789561634.4849205,68.844,1246424,51398,0,111,36,42,25630,217461,7406991,18351308,2129260,62095800,44147912,64771556,0,4239312,0,0,2,0,5767656,207129041,209343938,13,13,532315,1548775,3101337,1059828,20444210,17841,120865046,113462845,0
1789561634.7352211,69.094,1246799,51398,0,111,36,42,25632,217484,7407082,18416332,2194284,62100552,44085944,64771556,0,4206452,0,0,2,0,5769135,207131379,209346309,13,13,548571,1548852,3101491,1051613,20444212,17841,120865046,113462845,0
1789561634.9855442,69.345,1247161,51398,0,111,36,42,25636,217518,7407792,18450368,2228328,62062984,44013232,64771556,0,4190084,0,0,2,0,5769545,207131379,209346602,13,13,557082,1547887,3099558,1047521,20449401,17841,120865046,113462845,0
1789561635.2362404,69.595,1247474,51398,0,111,36,42,25638,217604,7408663,18450368,2228332,62023984,43974212,64771556,0,4157216,0,0,6,0,5771927,207131379,209347187,13,13,557083,1546913,3097609,1039304,20460389,17841,120865046,113462845,0
1789561635.4869618,69.846,1247819,51398,0,111,36,42,25642,217654,7409666,18450368,2228332,61964632,43914844,64771556,0,4140824,0,0,3,0,5772819,207131709,209347853,13,13,557083,1545431,3094642,1035206,20473177,17841,120865046,113462845,0
1789561635.737616,70.097,1248178,51399,0,111,36,42,25648,217689,7410141,18450368,2228332,61836160,43786372,64771556,0,4108056,0,0,3,0,5772984,207132046,209348193,13,13,557083,1542224,3088220,1027014,20503330,17841,120865046,113462845,0
1789561635.9880927,70.347,1248538,51399,0,111,36,42,25655,217722,7410562,18450368,2228332,61690720,43640932,64771556,0,4091672,0,0,3,0,5773113,207132263,209348414,13,13,557083,1538594,3080950,1022918,20537971,17841,120865046,113462845,0
1789561636.2385433,70.597,1248895,51399,0,111,36,42,25663,217757,7411643,18450368,2228332,61561344,43511544,64771556,0,4058904,0,0,3,0,5773380,207132674,209348828,13,13,557083,1535364,3074482,1014726,20570997,17841,120865046,113462845,0
1789561636.489043,70.848,1249249,51399,0,111,36,42,25666,217800,7412181,18450368,2228332,61561344,43511544,64771556,0,4042504,0,0,3,0,5773622,207132709,209348881,13,13,557083,1535364,3074482,1010626,20571244,17841,120865046,113462845,0
1789561636.7394931,71.098,1249602,51400,0,111,36,42,25668,217844,7412713,18450368,2228332,61561344,43511544,64771556,0,4017928,0,0,2,0,5773829,207133388,209349567,13,13,557083,1535364,3074482,1004482,20571249,17841,120865046,113462845,0
1789561636.9899726,71.349,1249948,51400,0,111,36,42,25672,217895,7413677,18450368,2228332,61529100,43479288,64771556,0,3993344,0,0,14,0,5774386,207133388,209349778,13,13,557083,1534559,3072871,998336,20579457,17841,120865046,113462845,0
1789561637.2406075,71.6,1250300,51400,0,111,36,42,25675,217940,7414379,18450368,2228428,61513732,43463916,64771556,0,3968768,0,0,4,0,5777916,207133431,209350792,13,13,557107,1534175,3072102,992192,20584636,17841,120865046,113463069,0
1789561637.4910674,71.85,1250655,51400,0,111,36,42,25678,217982,7414921,18450368,2228428,61513732,43463916,64771556,0,3944184,0,0,3,0,5778323,207133505,209351150,13,13,557107,1534175,3072102,986046,20584637,17841,120865046,113463069,0
1789561637.7414222,72.1,1251010,51400,0,111,36,42,25681,218024,7415775,18450376,2227000,61513744,43463916,64771556,0,3919704,0,0,2,0,5778937,207133808,209351548,13,13,556750,1534176,3072103,979926,20584885,17841,120865046,113464497,0
1789561637.9918294,72.351,1251363,51416,0,111,36,42,25683,218053,7416115,18359764,2136388,61531724,43574600,64771556,0,3895032,0,1,1,0,5778965,207215743,209433497,13,13,534097,1534677,3073106,973758,20585769,17841,120865046,113464497,0
1789561638.2422051,72.601,1251719,51441,0,111,36,42,25688,218066,7416730,18359816,1595864,61522184,43564980,64771556,0,4412788,0,1,2,0,5779570,207361009,209579028,13,13,398966,1534438,3072629,1103197,20592858,17841,120865050,114007573,0
1789561638.4927943,72.852,1252078,51467,0,111,36,42,25692,218077,7417463,18359812,1597228,61531868,43574644,64771556,0,4388204,0,1,1,0,5780722,207530237,209748615,13,13,399307,1534680,3073113,1097051,20600618,17841,120865054,114007621,0
1789561638.7431908,73.102,1252453,51493,0,111,36,42,25692,218077,7417566,18359812,1593328,61531868,43574644,64771556,0,4364020,0,1,1,0,5780723,207774699,209993078,13,13,398332,1534680,3073113,1091005,20600620,17841,120865054,114011521,0
1789561638.993491,73.352,1252828,51518,0,111,36,42,25693,218077,7417628,18359812,1593328,61531868,43574644,64771556,0,4339428,0,1,1,0,5780736,208021984,210240393,13,13,398332,1534680,3073113,1084857,20600620,17841,120865054,114011521,0
1789561639.2437873,73.603,1253203,51543,0,111,36,42,25693,218077,7417725,18359812,1593328,61532032,43574808,64771556,0,4314460,0,1,1,0,5780743,208268318,210486753,13,13,398332,1534684,3073121,1078615,20600621,17841,120865054,114011521,0
1789561639.4940872,73.853,1253578,51568,0,111,36,42,25693,218077,7417786,18359812,1593328,61533628,43576404,64771556,0,4289876,0,1,1,0,5780744,208516590,210735027,13,13,398332,1534724,3073201,1072469,20600622,17841,120865054,114011521,0
1789561639.7443666,74.103,1253953,51594,0,111,36,42,25693,218077,7417856,18359812,1593328,61533628,43576404,64771556,0,4273492,0,1,1,0,5780744,208762927,210981364,13,13,398332,1534724,3073201,1068373,20600623,17841,120865054,114011521,0
1789561639.9946487,74.354,1254328,51619,0,111,36,42,25693,218077,7417929,18359812,1593328,61533628,43576404,64771556,0,4240724,0,1,1,0,5780750,209009246,211227692,13,13,398332,1534724,3073201,1060181,20600624,17841,120865054,114011521,0
1789561640.2449408,74.604,1254703,51645,0,111,36,42,25693,218077,7418028,18359812,1593328,61533628,43576404,64771556,0,4216148,0,1,1,0,5780762,209255577,211474049,13,13,398332,1534724,3073201,1054037,20600625,17841,120865054,114011521,0
1789561640.495215,74.854,1255077,51670,0,111,36,42,25693,218077,7418088,18359812,1593328,61533628,43576404,64771556,0,4191572,0,1,1,0,5780763,209502957,211721428,13,13,398332,1534724,3073201,1047893,20600625,17841,120865054,114011521,0
1789561640.7454882,75.104,1255452,51695,0,111,36,42,25693,218077,7418163,18359812,1593328,61533628,43576404,64771556,0,4167060,0,1,1,0,5780764,209750270,211968742,13,13,398332,1534724,3073201,1041765,20600627,17841,120865054,114011521,0
1789561640.9957774,75.355,1255827,51721,0,111,36,42,25694,218077,7418235,18359812,1593328,61533628,43576404,64771556,0,4142452,0,1,1,0,5780770,209997575,212216059,13,13,398332,1534724,3073201,1035613,20600627,17841,120865054,114011521,0
1789561641.2460742,75.605,1256202,51746,0,111,36,42,25694,218077,7418326,18359812,1593328,61535380,43578156,64771556,0,4117960,0,1,1,0,5780781,210244861,212463393,13,13,398332,1534768,3073288,1029490,20600629,17841,120865054,114011521,0
1789561641.496388,75.855,1256577,51771,0,111,36,42,25694,218077,7418449,18359812,1593328,61535140,43577916,64771556,0,4093236,0,1,1,0,5780798,210491199,212709756,13,13,398332,1534762,3073276,1023309,20600629,17841,120865054,114011521,0
1789561641.7466712,76.106,1256952,51797,0,111,36,42,25694,218077,7418524,18359812,1593328,61535140,43577916,64771556,0,4068660,0,1,1,0,5780798,210738503,212957060,13,13,398332,1534762,3073276,1017165,20600629,17841,120865054,114011521,0
1789561641.9969797,76.356,1257327,51822,0,111,36,42,25694,218077,7418586,18359812,1593328,61535140,43577916,64771556,0,4052276,0,1,1,0,5780808,210985793,213204370,13,13,398332,1534762,3073276,1013069,20600630,17841,120865054,114011521,0
1789561642.2472696,76.606,1257702,51847,0,111,36,42,25694,218077,7418657,18359812,1593328,61535584,43578360,64771556,0,4027700,0,1,1,0,5780815,211234065,213452660,13,13,398332,1534773,3073299,1006925,20600631,17841,120865054,114011521,0
1789561642.497549,76.857,1258077,51873,0,111,36,42,25694,218077,7418740,18359812,1593436,61536836,43579612,64771556,0,4003124,0,1,1,0,5780816,211481396,213699991,13,13,398359,1534804,3073361,1000781,20600632,17841,120865054,114011641,0
1789561642.7478404,77.107,1258452,51898,0,111,36,42,25694,218077,7418822,18359812,1593436,61536836,43579612,64771556,0,3970356,0,1,1,0,5780816,211727738,213946333,13,13,398359,1534804,3073361,992589,20600633,17841,120865054,114011641,0
1789561642.9981184,77.357,1258826,51923,0,111,36,42,25694,218077,7418913,18359812,1593436,61536836,43579612,64771556,0,3953972,0,1,1,0,5780822,211975029,214193634,13,13,398359,1534804,3073361,988493,20600634,17841,120865054,114011641,0
1789561643.2483916,77.607,1259201,51949,0,111,36,42,25694,218077,7418991,18359812,1593436,61536836,43579612,64771556,0,3929388,0,1,1,0,5780828,212223292,214441910,13,13,398359,1534804,3073361,982347,20600635,17841,120865054,114011641,0
1789561643.4986744,77.858,1259576,51974,0,111,36,42,25694,218077,7419061,18359812,1593436,61536836,43579612,64771556,0,3904860,0,1,1,0,5780828,212469631,214688249,13,13,398359,1534804,3073361,976215,20600637,17841,120865054,114011641,0
1789561643.7489638,78.108,1259951,51999,0,111,36,42,25694,218077,7419142,18359812,1593436,61538528,43581304,64771556,0,3880352,0,1,1,0,5780829,212716928,214935546,13,13,398359,1534846,3073446,970088,20600637,17841,120865054,114011641,0
1789561643.9992354,78.358,1260326,52025,0,111,36,42,25694,218077,7419208,18359812,1593436,61538528,43581304,64771556,0,3855696,0,1,1,0,5780836,212965192,215183822,13,13,398359,1534846,3073446,963924,20600638,17841,120865054,114011641,0
1789561644.2495072,78.608,1260701,52050,0,111,36,42,25694,218077,7419286,18359812,1593436,61538528,43581304,64771556,0,3831316,0,1,1,0,5780843,213212507,215431150,13,13,398359,1534846,3073446,957829,20600638,17841,120865054,114011641,0
1789561644.4997952,78.859,1261076,52076,0,111,36,42,25695,218077,7419359,18359812,1593436,61539624,43582400,64771556,0,3806740,0,1,1,0,5780844,213458901,215677545,13,13,398359,1534874,3073501,951685,20600639,17841,120865054,114011641,0
1789561644.7500758,79.109,1261451,52101,0,111,36,42,25695,218077,7419427,18359812,1593436,61539624,43582400,64771556,0,3781940,0,1,1,0,5780844,213708154,215926797,13,13,398359,1534874,3073501,945485,20600639,17841,120865054,114011641,0
1789561645.000362,79.359,1261825,52126,0,111,36,42,25695,218077,7419498,18359812,1593436,61539624,43582400,64771556,0,3757348,0,1,1,0,5780850,213954493,216173146,13,13,398359,1534874,3073501,939337,20600642,17841,120865054,114011641,0
1789561645.2506504,79.61,1262200,52152,0,111,36,42,25695,218078,7419631,18359812,1593436,61539624,43582400,64771556,0,3732732,0,1,1,0,5780870,214200627,216419528,13,13,398359,1534874,3073501,933183,20600645,17841,120865054,114011641,0
1789561645.5009844,79.86,1262575,52177,0,111,36,42,25695,218078,7419743,18359812,1593436,61541152,43583928,64771556,0,3708156,0,1,1,0,5780878,214446976,216665886,13,13,398359,1534912,3073577,927039,20600646,17841,120865054,114011641,0
1789561645.7512712,80.11,1262950,52202,0,111,36,42,25695,218078,7419815,18359812,1593436,61541152,43583928,64771556,0,3683572,0,1,1,0,5780878,214694302,216913212,13,13,398359,1534912,3073577,920893,20600646,17841,120865054,114011641,0
1789561646.001555,80.361,1263325,52228,0,111,36,42,25695,218078,7419889,18359812,1593436,61541152,43583928,64771556,0,3658996,0,1,1,0,5780884,214941591,217160516,13,13,398359,1534912,3073577,914749,20600647,17841,120865054,114011641,0
1789561646.2518184,80.611,1263700,52253,0,111,36,42,25695,218078,7419977,18359812,1593436,61541244,43584020,64771556,0,3634796,0,1,1,0,5780892,215188871,217407810,13,13,398359,1534914,3073582,908699,20600647,17841,120865054,114011641,0
1789561646.5021145,80.861,1264075,52278,0,111,36,42,25695,218078,7420041,18359812,1593436,61541244,43584020,64771556,0,3610220,0,1,1,0,5780892,215436216,217655155,13,13,398359,1534914,3073582,902555,20600650,17841,120865054,114011641,0
1789561646.7524333,81.111,1264449,52304,0,111,36,42,25695,218078,7420123,18359812,1593436,61541244,43584020,64771556,0,3577452,0,1,1,0,5780893,215681634,217900574,13,13,398359,1534914,3073582,894363,20600650,17841,120865054,114011641,0
1789561647.002741,81.362,1264824,52329,0,111,36,42,25695,218078,7420172,18359812,1593436,61541244,43584020,64771556,0,3561068,0,1,1,0,5780898,215929953,218148902,13,13,398359,1534914,3073582,890267,20600650,17841,120865054,114011641,0
1789561647.2530692,81.612,1265199,52355,0,111,36,42,25696,218078,7420284,18359812,1593436,61541244,43584020,64771556,0,3528284,0,1,1,0,5780905,216175349,218394312,13,13,398359,1534914,3073582,882071,20600651,17841,120865054,114011641,0
1789561647.503377,81.862,1265574,52380,0,111,36,42,25696,218078,7420345,18359812,1593452,61542568,43585344,64771556,0,3511900,0,1,1,0,5780906,216423655,218642618,13,13,398363,1534947,3073648,877975,20600651,17841,120865054,114011693,0
1789561647.7536907,82.113,1265949,52405,0,111,36,42,25696,218078,7420438,18359812,1593452,61542568,43585344,64771556,0,3479124,0,1,1,0,5780907,216668184,218887147,13,13,398363,1534947,3073648,869781,20600654,17841,120865054,114011693,0
1789561648.0040066,82.363,1266324,52431,0,111,36,42,25696,218078,7420493,18359812,1593452,61542568,43585344,64771556,0,3462740,0,1,1,0,5780912,216916470,219135441,13,13,398363,1534947,3073648,865685,20600654,17841,120865054,114011693,0
1789561648.2543037,82.613,1266699,52456,0,111,36,42,25696,218078,7420583,18359812,1593452,61542568,43585344,64771556,0,3429964,0,1,1,0,5780920,217161845,219380828,13,13,398363,1534947,3073648,857491,20600655,17841,120865054,114011693,0
1789561648.504594,82.864,1267074,52481,0,111,36,42,25696,218078,7420634,18359812,1593452,61542568,43585344,64771556,0,3413580,0,1,1,0,5780920,217410137,219629121,13,13,398363,1534947,3073648,853395,20600655,17841,120865054,114011693,0
1789561648.7549064,83.114,1267449,52507,0,111,36,42,25696,218078,7420718,18359812,1593452,61542568,43585344,64771556,0,3380812,0,1,1,0,5780921,217654620,219873605,13,13,398363,1534947,3073648,845203,20600656,17841,120865054,114011693,0
1789561649.0052226,83.364,1267824,52532,0,111,36,42,25696,218078,7420781,18359812,1593452,61542568,43585344,64771556,0,3364428,0,1,1,0,5780926,217902921,220121913,13,13,398363,1534947,3073648,841107,20600657,17841,120865054,114011693,0
1789561649.2555292,83.614,1268198,52558,0,111,36,42,25696,218078,7420889,18359812,1593452,61542568,43585344,64771556,0,3339836,0,1,1,0,5780939,218148302,220367325,13,13,398363,1534947,3073648,834959,20600659,17841,120865054,114011693,0
1789561649.505832,83.865,1268573,52583,0,111,36,42,25696,218078,7420994,18359812,1593452,61543992,43586768,64771556,0,3314876,0,1,1,0,5780946,218396585,220615616,13,13,398363,1534983,3073719,828719,20600659,17841,120865054,114011693,0
1789561649.756135,84.115,1268948,52608,0,111,36,42,25696,218078,7421076,18359812,1593452,61543992,43586768,64771556,0,3290292,0,1,1,0,5780947,218642000,220861031,13,13,398363,1534983,3073719,822573,20600660,17841,120865054,114011693,0
1789561650.0064375,84.365,1269323,52634,0,111,36,42,25696,218078,7421134,18359812,1593452,61543992,43586768,64771556,0,3265716,0,1,1,0,5780955,218889304,221108349,13,13,398363,1534983,3073719,816429,20600660,17841,120865054,114011693,0
1789561650.2567666,84.616,1269698,52659,0,111,36,42,25696,218078,7421226,18359812,1593452,61543992,43586768,64771556,0,3241132,0,1,1,0,5780963,219134769,221353831,13,13,398363,1534983,3073719,810283,20600662,17841,120865054,114011693,0
1789561650.5071557,84.866,1270073,52684,0,111,36,42,25696,218078,7421280,18359812,1593452,61543992,43586768,64771556,0,3216556,0,1,1,0,5780964,219383097,221602159,13,13,398363,1534983,3073719,804139,20600663,17841,120865054,114011693,0
1789561650.757474,85.116,1270448,52710,0,111,36,42,25696,218078,7421345,18359812,1593452,61543992,43586768,64771556,0,3191980,0,1,1,0,5780964,219630435,221849497,13,13,398363,1534983,3073719,797995,20600664,17841,120865054,114011693,0
1789561651.0078142,85.367,1270823,52735,0,111,36,42,25697,218078,7421421,18359812,1593452,61543992,43586768,64771556,0,3167404,0,1,1,0,5780971,219876837,222095911,13,13,398363,1534983,3073719,791851,20600664,17841,120865054,114011693,0
1789561651.2581139,85.617,1271198,52760,0,111,36,42,25697,218078,7421504,18359812,1593452,61543992,43586768,64771556,0,3142812,0,1,1,0,5780983,220124133,222343234,13,13,398363,1534983,3073719,785703,20600665,17841,120865054,114011693,0
1789561651.508424,85.867,1271573,52786,0,111,36,42,25697,218078,7421585,18359812,1593452,61543992,43586768,64771556,0,3118356,0,1,1,0,5780984,220370502,222589604,13,13,398363,1534983,3073719,779589,20600666,17841,120865054,114011693,0
1789561651.758702,86.118,1271948,52811,0,111,36,42,25697,218078,7421654,18359812,1593452,61544604,43587380,64771556,0,3093772,0,1,1,0,5780984,220617817,222836918,13,13,398363,1534998,3073749,773443,20600666,17841,120865054,114011693,0
1789561652.0090024,86.368,1272322,52837,0,111,36,42,25697,218078,7421729,18359812,1593452,61544604,43587380,64771556,0,3069400,0,1,1,0,5780990,220863190,223082300,13,13,398363,1534998,3073749,767350,20600668,17841,120865054,114011693,0
1789561652.259277,86.618,1272697,52862,0,111,36,42,25697,218078,7421807,18359812,1593452,61544604,43587380,64771556,0,3044516,0,1,1,0,5780997,221108546,223327669,13,13,398363,1534998,3073749,761129,20600668,17841,120865054,114011693,0
1789561652.5095544,86.869,1273072,52887,0,111,36,42,25697,218078,7421869,18359812,1593452,61544604,43587380,64771556,0,3019964,0,1,1,0,5780998,221357816,223576940,13,13,398363,1534998,3073749,754991,20600669,17841,120865054,114011693,0
1789561652.7598326,87.119,1273447,52913,0,111,36,42,25697,218078,7421946,18359812,1593452,61544352,43587128,64771556,0,2995364,0,1,1,0,5780998,221604138,223823262,13,13,398363,1534992,3073737,748841,20600669,17841,120865054,114011733,0
1789561653.010116,87.369,1273822,52938,0,111,36,42,25697,218078,7422024,18359812,1593452,61544352,43587128,64771556,0,2970804,0,1,1,0,5781008,221850466,224069607,13,13,398363,1534992,3073737,742701,20600671,17841,120865054,114011733,0
1789561653.2603965,87.619,1274197,52963,0,111,36,42,25697,218078,7422097,18359812,1593452,61544352,43587128,64771556,0,2954624,0,2,1,0,5781019,222098707,224317884,13,13,398363,1534992,3073737,738656,20600672,17841,120865054,114011733,0
1789561653.5106792,87.87,1274569,52989,0,111,36,42,25700,218079,7422243,18359844,1078744,61545000,43587720,64771556,0,3436304,0,1,1,0,5781027,222321380,224540563,13,13,269686,1535008,3073769,859076,20600673,17841,120865054,114526441,0
1789561653.7609766,88.12,1274944,53014,0,111,36,42,25700,218079,7422313,18359844,1078744,61545000,43587720,64771556,0,3411720,0,1,1,0,5781028,222567705,224786888,13,13,269686,1535008,3073769,852930,20600673,17841,120865054,114526441,0
1789561654.0112646,88.37,1275319,53039,0,111,36,42,25700,218079,7422384,18359844,1078744,61545000,43587720,64771556,0,3387144,0,1,1,0,5781034,222814035,225033230,13,13,269686,1535008,3073769,846786,20600674,17841,120865054,114526441,0
1789561654.2615466,88.621,1275694,53065,0,111,36,42,25700,218079,7422452,18359844,1078744,61546848,43589568,64771556,0,3370752,0,1,1,0,5781041,223062311,225281520,13,13,269686,1535054,3073862,842688,20600675,17841,120865054,114526441,0
1789561654.5118303,88.871,1276068,53090,0,111,36,42,25700,218079,7422515,18359844,1078744,61546848,43589568,64771556,0,3346176,0,1,1,0,5781041,223309623,225528832,13,13,269686,1535054,3073862,836544,20600676,17841,120865054,114526441,0
1789561654.7621114,89.121,1276443,53115,0,111,36,42,25700,218079,7422585,18359844,1078744,61546848,43589568,64771556,0,3321600,0,1,1,0,5781042,223555997,225775206,13,13,269686,1535054,3073862,830400,20600677,17841,120865054,114526441,0
1789561655.012395,89.371,1276818,53141,0,111,36,42,25700,218079,7422678,18359844,1078744,61546924,43589644,64771556,0,3297024,0,1,1,0,5781053,223803216,226022539,13,13,269686,1535056,3073865,824256,20600678,17841,120865054,114526441,0
1789561655.2627285,89.622,1277193,53166,0,111,36,42,25700,218079,7422762,18359844,1078744,61548572,43591292,64771556,0,3272552,0,1,1,0,5781064,224049582,226268929,13,13,269686,1535097,3073948,818138,20600679,17841,120865054,114526441,0
1789561655.5130339,89.872,1277568,53191,0,111,36,42,25700,218079,7422823,18359844,1078744,61548572,43591292,64771556,0,3247976,0,1,1,0,5781064,224296894,226516241,13,13,269686,1535097,3073948,811994,20600680,17841,120865054,114526441,0
1789561655.763318,90.122,1277943,53217,0,111,36,42,25700,218079,7422903,18359844,1078744,61548572,43591292,64771556,0,3223392,0,1,1,0,5781065,224543251,226762601,13,13,269686,1535097,3073948,805848,20600680,17841,120865054,114526441,0
1789561656.0136085,90.373,1278318,53242,0,111,36,42,25700,218079,7422968,18359844,1078744,61548572,43591292,64771556,0,3198864,0,1,1,0,5781071,224790553,227009915,13,13,269686,1535097,3073948,799716,20600681,17841,120865054,114526489,0
1789561656.2639234,90.623,1278692,53268,0,111,36,42,25700,218079,7423061,18359844,1078744,61550016,43592736,64771556,0,3166000,0,1,1,0,5781079,225034991,227254372,13,13,269686,1535133,3074020,791500,20600682,17841,120865054,114526489,0
1789561656.5142128,90.873,1279067,53293,0,111,36,42,25700,218079,7423112,18359844,1078744,61550016,43592736,64771556,0,3149804,0,1,1,0,5781079,225283279,227502660,13,13,269686,1535133,3074020,787451,20600683,17841,120865054,114526489,0
1789561656.7644892,91.123,1279442,53318,0,111,36,42,25700,218079,7423186,18359844,1078744,61550016,43592736,64771556,0,3125128,0,1,1,0,5781080,225529649,227749030,13,13,269686,1535133,3074020,781282,20600684,17841,120865054,114526489,0
1789561657.014762,91.374,1279817,53344,0,111,36,42,25700,218079,7423256,18359844,1078744,61550016,43592736,64771556,0,3100796,0,1,1,0,5781086,225775023,227994415,13,13,269686,1535133,3074020,775199,20600684,17841,120865054,114526489,0
1789561657.2650723,91.624,1280192,53369,0,111,36,42,25701,218079,7423340,18359844,1078744,61553980,43596700,64771556,0,3076132,0,1,1,0,5781097,226022304,228241734,13,13,269686,1535232,3074218,769033,20600685,17841,120865054,114526489,0
1789561657.5153825,91.874,1280566,53394,0,111,36,42,25701,218079,7423474,18359844,1078680,61553740,43596460,64771556,0,3051216,0,1,1,0,5781106,226267666,228487106,13,13,269670,1535226,3074206,762804,20600686,17841,120865054,114526489,0
1789561657.7656772,92.125,1280941,53420,0,111,36,42,25701,218079,7423580,18343556,1078680,61554196,43612788,64771556,0,3018440,0,1,1,0,5781115,226510527,228729967,13,13,269670,1535237,3074229,754610,20600688,17841,120865054,114526557,0
1789561658.015977,92.375,1281316,53445,0,111,36,42,25701,218079,7423659,18327288,1078680,61554060,43629324,64771556,0,3002056,0,1,1,0,5781131,226757320,228976778,13,13,269670,1535234,3074222,750514,20600690,17841,120865054,114526557,0
1789561658.266257,92.625,1281690,53469,0,111,36,42,25702,218079,7423770,18294388,1078680,61557624,43666192,64771556,0,2969288,0,1,1,0,5781149,226996400,229215874,13,13,269670,1535333,3074421,742322,20600691,17841,120865054,114526557,0
1789561658.516538,92.875,1282063,53495,0,111,36,42,25705,218079,7423863,18278176,563984,61557452,43682620,64771556,0,3467600,0,1,1,0,5781160,227223227,229442702,13,13,140996,1535339,3074432,866900,20600691,17841,120865054,115041253,0
1789561658.7668884,93.126,1282437,53520,0,111,36,42,25706,218079,7423968,18261936,563984,61557892,43699704,64771556,0,3434832,0,1,1,0,5781172,227467398,229686874,13,13,140996,1535360,3074474,858708,20600693,17841,120865054,115041253,0
1789561659.0172074,93.376,1282812,53545,0,111,36,42,25706,218079,7424041,18261936,563984,61557892,43699704,64771556,0,3418448,0,1,1,0,5781180,227714715,229934207,13,13,140996,1535360,3074474,854612,20600693,17841,120865054,115041253,0
1789561659.2675242,93.626,1283187,53571,0,111,36,42,25706,218079,7424133,18261936,563984,61558056,43699868,64771556,0,3385680,0,1,1,0,5781187,227961065,230180576,13,13,140996,1535364,3074483,846420,20600695,17841,120865054,115041253,0
1789561659.5178268,93.877,1283562,53596,0,111,36,42,25706,218079,7424188,18261936,563984,61558056,43699868,64771556,0,3369296,0,1,1,0,5781188,228209356,230428867,13,13,140996,1535364,3074483,842324,20600695,17841,120865054,115041253,0
1789561659.7681231,94.127,1283937,53621,0,111,36,42,25706,218079,7424274,18261936,563984,61558056,43699868,64771556,0,3336128,0,1,1,0,5781188,228453810,230673321,13,13,140996,1535364,3074483,834032,20600696,17841,120865054,115041253,0
1789561660.0184271,94.377,1284312,53647,0,111,36,42,25706,218079,7424340,18261572,564004,61557680,43699944,64771556,0,3319352,0,1,1,0,5781207,228702972,230922596,13,13,141001,1535357,3074469,829838,20600696,17841,120865054,115041253,0
1789561660.2687266,94.628,1284687,53672,0,111,36,42,25706,218079,7424420,18261572,564004,61557680,43699944,64771556,0,3294776,0,1,1,0,5781213,228950315,231169951,13,13,141001,1535357,3074469,823694,20600698,17841,120865054,115041253,0
1789561660.5190706,94.878,1285062,53697,0,111,36,42,25706,218079,7424479,18261572,564004,61557680,43699944,64771556,0,3269816,0,1,1,0,5781213,229198627,231418263,13,13,141001,1535357,3074469,817454,20600699,17841,120865054,115041253,0
1789561660.769376,95.128,1285437,53723,0,111,36,42,25707,218079,7424552,18261572,564004,61557680,43699944,64771556,0,3245240,0,1,1,0,5781213,229445994,231665630,13,13,141001,1535357,3074469,811310,20600700,17841,120865054,115041253,0
1789561661.0197034,95.379,1285812,53748,0,111,36,42,25707,218079,7424623,18261572,564004,61557680,43699944,64771556,0,3220268,0,1,1,0,5781220,229692390,231912039,13,13,141001,1535357,3074469,805067,20600700,17841,120865054,115041253,0
1789561661.2700293,95.629,1286187,53774,0,111,36,42,25707,218079,7424718,18261572,564004,61559748,43702012,64771556,0,3195304,0,1,1,0,5781239,229938711,232158418,13,13,141001,1535409,3074572,798826,20600700,17841,120865054,115041253,0
1789561661.5203364,95.879,1286562,53799,0,111,36,42,25707,218079,7424829,18261572,564004,61559748,43702012,64771556,0,3170728,0,1,1,0,5781247,230187014,232406730,13,13,141001,1535409,3074572,792682,20600702,17841,120865054,115041253,0
1789561661.7706547,96.13,1286936,53824,0,111,36,42,25707,218079,7424903,18261572,564004,61559748,43702012,64771556,0,3145764,0,1,1,0,5781247,230433380,232653096,13,13,141001,1535409,3074572,786441,20600703,17841,120865054,115041253,0
1789561662.0209744,96.38,1287312,53850,0,111,36,42,25707,218079,7424961,18261572,564004,61559748,43702012,64771556,0,3121188,0,1,1,0,5781253,230682648,232902374,13,13,141001,1535409,3074572,780297,20600704,17841,120865054,115041253,0
1789561662.2712681,96.63,1287686,53875,0,111,36,42,25707,218079,7425032,18261572,564004,61559748,43702012,64771556,0,3096220,0,1,1,0,5781261,230929966,233149708,13,13,141001,1535409,3074572,774055,20600704,17841,120865054,115041253,0
1789561662.5215678,96.881,1288061,53900,0,111,36,42,25707,218079,7425116,18261572,564004,61559748,43702012,64771556,0,3063052,0,1,1,0,5781262,231176346,233396088,13,13,141001,1535409,3074572,765763,20600705,17841,120865054,115041253,0
1789561662.7718835,97.131,1288436,53926,0,111,36,42,25707,218079,7425173,18261572,564004,61559748,43702012,64771556,0,3046668,0,1,1,0,5781262,231424649,233644391,13,13,141001,1535409,3074572,761667,20600705,17841,120865054,115041253,0
1789561663.0221958,97.381,1288811,53951,0,111,36,42,25707,218079,7425242,18261560,564004,61559748,43702012,64771556,0,3029900,0,1,1,0,5781268,231671996,233891747,13,13,141001,1535409,3074572,757475,20600708,17841,120865054,115041357,0
1789561663.2724922,97.631,1289186,53976,0,111,36,42,25708,218079,7425330,18261560,563988,61559748,43702012,64771556,0,2997148,0,1,1,0,5781281,231918332,234138103,13,13,140997,1535409,3074572,749287,20600709,17841,120865054,115041373,0
1789561663.5228152,97.882,1289561,54002,0,111,36,42,25708,218079,7425399,18261560,563988,61559748,43702012,64771556,0,2980380,0,1,1,0,5781281,232165665,234385436,13,13,140997,1535409,3074572,745095,20600710,17841,120865054,115041373,0
1789561663.7731209,98.132,1289933,54027,0,111,36,42,25711,218079,7425488,18261580,516,61561592,43703820,64771556,0,3519312,0,1,1,0,5781629,232388602,234608953,13,13,129,1535455,3074665,879828,20600710,17841,120865054,115605217,0
1789561664.0234568,98.382,1290308,54052,0,111,36,42,25711,218079,7425571,18261604,204,61561592,43703808,64771556,0,3494664,0,1,1,0,5781638,232634953,234855322,13,13,51,1535455,3074665,873666,20600711,17841,120865054,115605217,0
1789561664.273769,98.633,1290683,54078,0,111,36,42,25711,218079,7425654,18261604,204,61561592,43703808,64771556,0,3461508,0,1,1,0,5781648,232880360,235100746,13,13,51,1535455,3074665,865377,20600711,17841,120865054,115605217,0
1789561664.5241024,98.883,1291058,54103,0,111,36,42,25711,218079,7425716,18261604,204,61561592,43703808,64771556,0,3445124,0,1,1,0,5781648,233127738,235348124,13,13,51,1535455,3074665,861281,20600714,17841,120865054,115605217,0
1789561664.7744062,99.133,1291433,54128,0,111,36,42,25711,218080,7425797,18261604,204,61561592,43703808,64771556,0,3411968,0,1,1,0,5781649,233374101,235594488,13,13,51,1535455,3074665,852992,20600714,17841,120865054,115605217,0
1789561665.0247195,99.384,1291808,54154,0,111,36,42,25711,218080,7425877,18261604,208,61561592,43703808,64771556,0,3395584,0,1,1,0,5781659,233621339,235841842,13,13,52,1535455,3074665,848896,20600716,17841,120865054,115605217,0
1789561665.2750564,99.634,1292182,54179,0,111,36,42,25711,218080,7425991,18261604,208,61563176,43705392,64771556,0,3362424,0,1,1,0,5781675,233866697,236087253,13,13,52,1535495,3074744,840606,20600716,17841,120865054,115605217,0
1789561665.52536,99.884,1292558,54204,0,111,36,42,25711,218080,7426086,18261604,208,61563176,43705392,64771556,0,3345648,0,1,1,0,5781681,234114986,236335549,13,13,52,1535495,3074744,836412,20600716,17841,120865054,115605217,0
1789561665.7756767,100.135,1292932,54230,0,111,36,42,25711,218080,7426158,18261604,208,61563176,43705392,64771556,0,3321072,0,1,1,0,5781681,234361391,236581954,13,13,52,1535495,3074744,830268,20600718,17841,120865054,115605217,0
1789561666.0259945,100.385,1293307,54255,0,111,36,42,25711,218080,7426242,18261604,212,61563176,43705392,64771556,0,3296100,0,1,1,0,5781691,234608695,236829281,13,13,53,1535495,3074744,824025,20600722,17841,120865054,115605217,0
1789561666.2762933,100.635,1293682,54280,0,111,36,42,25711,218080,7426358,18261604,212,61565792,43708008,64771556,0,3271844,0,1,1,0,5781715,234855245,237076608,13,13,53,1535560,3074875,817961,20600730,17841,120865054,115605217,0
1789561666.526616,100.886,1294057,54306,0,111,36,42,25712,218080,7426440,18261604,212,61565792,43708008,64771556,0,3246612,0,1,1,0,5781739,235100879,237323017,13,13,53,1535560,3074875,811653,20600730,17841,120865054,115605217,0
1789561666.7769253,101.136,1294432,54331,0,111,36,42,25712,218080,7426510,18261604,212,61565792,43708008,64771556,0,3221728,0,1,1,0,5781760,235346512,237569372,13,13,53,1535560,3074875,805432,20600731,17841,120865054,115605217,0
1789561667.0272079,101.386,1294807,54356,0,111,36,42,25712,218080,7426578,18261604,212,61565792,43708008,64771556,0,3197088,0,1,1,0,5781785,235594014,237817669,13,13,53,1535560,3074875,799272,20600731,17841,120865054,115605217,0
1789561667.2775147,101.636,1295182,54381,0,111,36,42,25712,218080,7426655,18261604,212,61566448,43708664,64771556,0,3172128,0,1,1,0,5781838,235841420,238065954,13,13,53,1535576,3074907,793032,20600732,17841,120865054,115605217,0
1789561667.5278168,101.887,1295557,54407,0,111,36,42,25712,218080,7426731,18261604,212,61566448,43708664,64771556,0,3147608,0,1,1,0,5781869,236087963,238313270,13,13,53,1535576,3074907,786902,20600733,17841,120865054,115605217,0
1789561667.778094,102.137,1295932,54432,0,111,36,42,25712,218080,7426798,18261604,212,61568108,43710324,64771556,0,3122520,0,1,1,0,5781889,236334422,238560560,13,13,53,1535618,3074990,780630,20600734,17841,120865054,115605217,0
1789561668.0283656,102.387,1296307,54458,0,111,36,42,25712,218080,7426899,18261584,212,61569320,43711536,64771556,0,3089676,0,1,1,0,5781924,236577816,238804996,13,13,53,1535648,3075051,772419,20600734,17841,120865054,115605293,0
1789561668.2786627,102.638,1296682,54483,0,111,36,43,25712,218080,7426956,18261584,212,61572944,43715160,64771556,0,3073336,0,1,1,0,5781946,236825563,239053287,13,13,53,1535738,3075232,768334,20600736,17841,120865054,115605293,0
1789561668.5289803,102.888,1297050,54508,0,111,36,43,25714,218083,7427626,18261612,2672,61571376,43713592,64771556,0,3056196,0,1,1,0,5782005,237029473,239257699,13,13,668,1535699,3075154,764049,20606799,17841,120865054,115605321,0
1789561668.779343,103.138,1297424,54533,0,111,36,43,25715,218084,7427995,18261604,4236,61572832,43714948,64771556,0,3023428,0,1,1,0,5782321,237266231,239495695,13,13,1059,1535735,3075225,755857,20607702,17841,120865054,115605321,0
1789561669.0296855,103.389,1297799,54559,0,111,36,43,25715,218084,7428061,18261604,4236,61572832,43714948,64771556,0,3006656,0,1,1,0,5782354,237512951,239743050,13,13,1059,1535735,3075225,751664,20607703,17841,120865054,115605321,0
1789561669.2800114,103.639,1298174,54584,0,111,36,43,25715,218084,7428135,18261604,4236,61572832,43714948,64771556,0,2982080,0,1,1,0,5782386,237761346,239992343,13,13,1059,1535735,3075225,745520,20607704,17841,120865054,115605321,0
1789561669.5303292,103.889,1298549,54609,0,111,36,43,25715,218084,7428260,18261604,4236,61577760,43719876,64771556,0,2948916,0,1,1,0,5782420,238005744,240237761,13,13,1059,1535858,3075472,737229,20607705,17841,120865054,115605321,0
1789561669.780616,104.14,1298924,54634,0,111,36,43,25715,218084,7428363,18261604,264,61577768,43719876,64771556,0,2923960,0,1,1,0,5782475,238252980,240486043,13,13,66,1535858,3075472,730990,20607705,17841,120865054,115609293,0
1789561670.03092,104.39,1299299,54660,0,111,36,43,25715,218084,7428434,18261604,264,61577768,43719876,64771556,0,2907576,0,1,1,0,5782509,238500618,240734335,13,13,66,1535858,3075472,726894,20607706,17841,120865054,115609293,0
1789561670.2812002,104.64,1299674,54685,0,111,36,43,25715,218084,7428518,18261604,264,61577832,43719940,64771556,0,2874444,0,1,1,0,5782534,238746015,240980682,13,13,66,1535860,3075475,718611,20607707,17841,120865054,115609293,0
1789561670.5314822,104.89,1300049,54710,0,111,36,43,25715,218084,7428607,18261604,264,61577832,43719940,64771556,0,2858104,0,1,1,0,5782562,238993177,241228953,13,13,66,1535860,3075475,714526,20607709,17841,120865054,115609293,0
1789561670.7817705,105.141,1300423,54735,0,111,36,43,25715,218084,7428684,18261604,264,61577832,43719940,64771556,0,2833452,0,1,1,0,5782588,239238600,241475318,13,13,66,1535860,3075475,708363,20607710,17841,120865054,115609293,0
1789561671.0320628,105.391,1300799,54761,0,111,36,43,25716,218084,7428755,18261604,264,61577832,43719940,64771556,0,2808228,0,1,1,0,5782624,239485971,241723586,13,13,66,1535860,3075475,702057,20607711,17841,120865054,115609293,0
1789561671.2823339,105.641,1301173,54786,0,111,36,43,25716,218084,7428826,18261604,264,61579172,43721280,64771556,0,2783652,0,1,1,0,5782648,239732438,241970891,13,13,66,1535893,3075542,695913,20607711,17841,120865054,115609293,0
1789561671.532611,105.892,1301548,54811,0,111,36,43,25716,218084,7428914,18261604,264,61579172,43721280,64771556,0,2758584,0,1,1,0,5782669,239977097,242216327,13,13,66,1535893,3075542,689646,20607712,17841,120865054,115609293,0
1789561671.7828963,106.142,1301923,54837,0,111,36,43,25716,218084,7428995,18261604,264,61579172,43721280,64771556,0,2734368,0,1,1,0,5782690,240221718,242461734,13,13,66,1535893,3075542,683592,20607713,17841,120865054,115609293,0
1789561672.0331986,106.392,1302298,54862,0,111,36,43,25716,218084,7429059,18261604,264,61579172,43721280,64771556,0,2709344,0,1,1,0,5782721,240470107,242711004,13,13,66,1535893,3075542,677336,20607715,17841,120865054,115609293,0
1789561672.283473,106.642,1302673,54887,0,111,36,43,25716,218084,7429123,18261604,264,61579172,43721280,64771556,0,2684124,0,1,1,0,5782751,240716619,242958293,13,13,66,1535893,3075542,671031,20607715,17841,120865054,115609293,0
1789561672.5337467,106.893,1303048,54912,0,111,36,43,25717,218084,7429197,18261604,264,61579172,43721280,64771556,0,2659776,0,1,1,0,5782779,240962263,243204718,13,13,66,1535893,3075542,664944,20607716,17841,120865054,115609293,0
1789561672.784032,107.143,1303423,54938,0,111,36,43,25717,218084,7429264,18261604,264,61580344,43722452,64771556,0,2634896,0,1,1,0,5782799,241208782,243452010,13,13,66,1535923,3075601,658724,20607716,17841,120865054,115609293,0
1789561673.0343018,107.393,1303798,54963,0,111,36,43,25717,218084,7429354,18261592,264,61580344,43722452,64771556,0,2601732,0,1,1,0,5782834,241453099,243697405,13,13,66,1535923,3075601,650433,20607717,17841,120865054,115609349,0
1789561673.284592,107.644,1304173,54988,0,111,36,43,25717,218084,7429415,18261592,264,61580344,43722452,64771556,0,2584972,0,1,1,0,5782860,241700776,243945691,13,13,66,1535923,3075601,646243,20607718,17841,120865054,115609349,0
1789561673.5348983,107.894,1304548,55014,0,111,36,43,25717,218084,7429559,18261608,36,61583488,43725596,64771556,0,2551808,0,1,1,0,5782904,241946061,244192062,13,13,9,1536001,3075758,637952,20607720,17841,120865054,115609565,0
1789561673.785179,108.144,1304923,55039,0,111,36,43,25717,218084,7429616,18261608,36,61583488,43725596,64771556,0,2535424,0,1,1,0,5782927,242193738,244440326,13,13,9,1536001,3075758,633856,20607720,17841,120865054,115609565,0
1789561674.035447,108.394,1305298,55064,0,111,36,43,25717,218084,7429694,18261608,36,61583488,43725596,64771556,0,2518652,0,1,1,0,5782945,242440985,244687627,13,13,9,1536001,3075758,629663,20607720,17841,120865054,115609565,0
1789561674.2857249,108.645,1305673,55090,0,111,36,43,25717,218084,7429763,18261608,36,61583488,43725596,64771556,0,2485884,0,1,1,0,5782954,242688023,244934951,13,13,9,1536001,3075758,621471,20607721,17841,120865054,115609565,0
1789561674.5360296,108.895,1306048,55115,0,111,36,43,25717,218084,7429823,18261608,36,61583488,43725596,64771556,0,2469120,0,1,1,0,5782967,242934816,245182277,13,13,9,1536001,3075758,617280,20607721,17841,120865054,115609565,0
1789561674.7863166,109.145,1306422,55140,0,111,36,43,25718,218084,7429915,18261608,36,61584128,43726236,64771556,0,2435964,0,1,1,0,5783000,243180196,245428641,13,13,9,1536017,3075790,608991,20607724,17841,120865054,115609565,0
1789561675.0366046,109.396,1306797,55165,0,111,36,43,25718,218085,7430012,18261608,36,61584128,43726236,64771556,0,2419580,0,1,1,0,5783033,243426965,245675967,13,13,9,1536017,3075790,604895,20607725,17841,120865054,115609565,0
1789561675.2869587,109.646,1307172,55191,0,111,36,43,25718,218085,7430158,18261608,40,61586684,43728792,64771556,0,2392840,0,1,1,0,5783062,243672519,245922378,13,13,10,1536081,3075918,598210,20607727,17841,120865054,115609565,0
1789561675.5372772,109.896,1307547,55216,0,111,36,43,25718,218085,7430230,18261596,40,61586684,43728792,64771556,0,2368480,0,1,1,0,5783086,243918038,246168751,13,13,10,1536081,3075918,592120,20607727,17841,120865054,115609565,0
1789561675.7875822,110.147,1307922,55241,0,111,36,43,25718,218085,7430309,18261592,40,61586684,43728792,64771556,0,2343412,0,1,1,0,5783111,244163285,246415116,13,13,10,1536081,3075918,585853,20607728,17841,120865054,115609565,0
1789561676.0379233,110.397,1308297,55267,0,111,36,43,25718,218085,7430386,18261580,40,61586684,43728792,64771556,0,2318616,0,1,1,0,5783151,244409112,246662482,13,13,10,1536081,3075918,579654,20607729,17841,120865054,115609565,0
1789561676.2882125,110.647,1308672,55292,0,111,36,43,25718,218085,7430442,18261580,40,61586684,43728792,64771556,0,2294648,0,1,1,0,5783170,244656509,246910759,13,13,10,1536081,3075918,573662,20607731,17841,120865054,115609565,0
1789561676.5384917,110.897,1309047,55317,0,111,36,43,25718,218085,7430529,18261580,40,61586684,43728792,64771556,0,2259584,0,1,1,0,5783199,244900893,247156190,13,13,10,1536081,3075918,564896,20607731,17841,120865054,115609565,0
1789561676.788769,111.148,1309422,55342,0,111,36,43,25718,218085,7430591,18261580,40,61586684,43728792,64771556,0,2241032,0,1,1,0,5783225,245148617,247404487,13,13,10,1536081,3075918,560258,20607732,17841,120865054,115609565,0
1789561677.0390756,111.398,1309797,55368,0,111,36,43,25718,218085,7430666,18261580,40,61586684,43728792,64771556,0,2224516,0,1,1,0,5783262,245396324,247652789,13,13,10,1536081,3075918,556129,20607732,17841,120865054,115609565,0
1789561677.2894068,111.648,1310172,55393,0,111,36,43,25718,218085,7430764,18261580,40,61588600,43730708,64771556,0,2197548,0,1,1,0,5783297,245640869,247898238,13,13,10,1536129,3076014,549387,20607734,17841,120865054,115609565,0
1789561677.5397022,111.899,1310547,55418,0,111,36,43,25718,218085,7430887,18261608,40,61588512,43730620,64771556,0,2162456,0,1,1,0,5783330,245886719,248145572,13,13,10,1536126,3076009,540614,20607734,17841,120865054,115609565,0
1789561677.7900026,112.149,1310922,55443,0,111,36,43,25718,218085,7430944,18261608,40,61588512,43730620,64771556,0,2146072,0,1,1,0,5783347,246134461,248393857,13,13,10,1536126,3076009,536518,20607736,17841,120865054,115609565,0
1789561678.0402796,112.399,1311297,55469,0,111,36,43,25718,218085,7431029,18261608,40,61588512,43730620,64771556,0,2119196,0,1,1,0,5783386,246380105,248640187,13,13,10,1536126,3076009,529799,20607736,17841,120865054,115609565,0
1789561678.2905498,112.65,1311672,55494,0,111,36,43,25719,218085,7431087,18261608,76,61590388,43732496,64771556,0,2100512,0,1,1,0,5783394,246628258,248888467,13,13,19,1536173,3076103,525128,20607736,17841,120865054,115609613,0
1789561678.5408313,112.9,1312047,55519,0,111,36,43,25719,218085,7431166,18261608,76,61590388,43732496,64771556,0,2076244,0,1,1,0,5783395,246874704,249134913,13,13,19,1536173,3076103,519061,20607738,17841,120865054,115609613,0
1789561678.7911057,113.15,1312421,55545,0,111,36,43,25719,218085,7431247,18261608,76,61590388,43732496,64771556,0,2049372,0,1,1,0,5783396,247120072,249380282,13,13,19,1536173,3076103,512343,20607738,17841,120865054,115609613,0
1789561679.04138,113.4,1312796,55570,0,111,36,43,25719,218085,7431319,18261608,76,61590388,43732496,64771556,0,2022556,0,1,1,0,5783410,247368320,249628558,13,13,19,1536173,3076103,505639,20607739,17841,120865054,115609613,0
1789561679.291659,113.651,1313171,55595,0,111,36,43,25719,218085,7431390,18261608,76,61590388,43732496,64771556,0,2006172,0,2,1,0,5783411,247615641,249875879,13,13,19,1536173,3076103,501543,20607741,17841,120865054,115609613,0
1789561679.5419514,113.901,1313546,55621,0,111,36,43,25719,218085,7431473,18261608,76,61590388,43732496,64771556,0,1979476,0,1,1,0,5783412,247861011,250121250,13,13,19,1536173,3076103,494869,20607742,17841,120865054,115609613,0
1789561679.792222,114.151,1313921,55646,0,111,36,43,25719,218085,7431534,18261608,76,61590388,43732496,64771556,0,1952332,0,1,1,0,5783412,248108296,250368535,13,13,19,1536173,3076103,488083,20607742,17841,120865054,115609613,0
1789561680.0424979,114.401,1314296,55672,0,111,36,43,25719,218085,7431639,18261608,76,61590660,43732768,64771556,0,1916996,0,1,1,0,5783424,248352704,250612965,13,13,19,1536180,3076117,479249,20607744,17841,120865054,115609613,0
1789561680.2927706,114.652,1314671,55697,0,111,36,43,25719,218085,7431694,18261608,76,61590660,43732768,64771556,0,1900612,0,1,1,0,5783425,248600987,250861248,13,13,19,1536180,3076117,475153,20607745,17841,120865054,115609613,0
1789561680.5430653,114.902,1315046,55722,0,111,36,43,25719,218085,7431764,18261608,76,61590660,43732768,64771556,0,1881936,0,1,1,0,5783425,248849280,251109541,13,13,19,1536180,3076117,470484,20607746,17841,120865054,115609613,0
1789561680.7933578,115.152,1315420,55748,0,111,36,43,25719,218085,7431839,18261608,76,61590660,43732768,64771556,0,1855060,0,1,1,0,5783426,249095627,251355888,13,13,19,1536180,3076117,463765,20607747,17841,120865054,115609613,0
1789561681.0436487,115.403,1315795,55773,0,111,36,43,25719,218086,7431922,18261608,76,61590660,43732768,64771556,0,1830484,0,1,1,0,5783437,249341952,251602239,13,13,19,1536180,3076117,457621,20607748,17841,120865054,115609613,0
1789561681.2939403,115.653,1316170,55798,0,111,36,43,25719,218086,7432004,18261608,76,61590660,43732768,64771556,0,1803612,0,1,1,0,5783444,249589267,251849585,13,13,19,1536180,3076117,450903,20607748,17841,120865054,115609613,0
1789561681.5442317,115.903,1316545,55824,0,111,36,43,25719,218086,7432134,18261608,76,61592560,43734668,64771556,0,1776740,0,1,1,0,5783461,249834575,252095039,13,13,19,1536227,3076211,444185,20607749,17841,120865054,115609613,0
1789561681.7945244,116.153,1316920,55849,0,111,36,43,25720,218086,7432194,18261608,76,61592560,43734668,64771556,0,1752164,0,1,1,0,5783462,250081887,252342351,13,13,19,1536227,3076211,438041,20607749,17841,120865054,115609613,0
1789561682.0448189,116.404,1317295,55874,0,111,36,43,25720,218086,7432265,18261608,76,61592560,43734668,64771556,0,1733480,0,1,1,0,5783482,250330106,252590636,13,13,19,1536227,3076211,433370,20607750,17841,120865054,115609613,0
1789561682.2951221,116.654,1317670,55900,0,111,36,43,25720,218086,7432329,18261608,76,61592560,43734668,64771556,0,1706608,0,1,1,0,5783483,250576459,252836989,13,13,19,1536227,3076211,426652,20607752,17841,120865054,115609613,0
1789561682.5454235,116.904,1318045,55925,0,111,36,43,25720,218086,7432397,18261608,76,61592560,43734668,64771556,0,1679732,0,1,1,0,5783483,250823784,253084314,13,13,19,1536227,3076211,419933,20607752,17841,120865054,115609613,0
1789561682.7957337,117.155,1318420,55950,0,111,36,43,25720,218086,7432462,18261608,76,61592560,43734668,64771556,0,1663348,0,2,1,0,5783483,251071143,253331673,13,13,19,1536227,3076211,415837,20607753,17841,120865054,115609613,0
1789561683.0460446,117.405,1318795,55976,0,111,36,43,25720,218086,7432529,18261608,76,61592560,43734668,64771556,0,1636476,0,1,1,0,5783496,251318435,253578988,13,13,19,1536227,3076211,409119,20607753,17841,120865054,115609613,0
1789561683.296344,117.655,1319169,56001,0,111,36,43,25720,218086,7432614,18261608,88,61593988,43736096,64771556,0,1609852,0,1,1,0,5783500,251565740,253826303,13,13,22,1536263,3076283,402463,20607755,17841,120865054,115609649,0
1789561683.5466537,117.906,1319544,56026,0,111,36,43,25720,218086,7432716,18245356,88,61595272,43754024,64771556,0,1577012,0,1,1,0,5783512,251808862,254069433,13,13,22,1536305,3076367,394253,20607756,17841,120865054,115609649,0
1789561683.7969563,118.156,1319919,56052,0,111,36,43,25720,218086,7432803,18229116,88,61595288,43770684,64771556,0,1560728,0,1,1,0,5783521,252055851,254316423,13,13,22,1536316,3076388,390182,20607758,17841,120865054,115609649,0
1789561684.0472317,118.406,1320294,56077,0,111,36,43,25721,218086,7432910,18196232,88,61595328,43804424,64771556,0,1527768,0,1,1,0,5783545,252298644,254559257,13,13,22,1536337,3076431,381942,20607758,17841,120865054,115609649,0
1789561684.2975228,118.656,1320669,56102,0,111,36,43,25722,218086,7432991,18179984,88,61595764,43821504,64771556,0,1511520,0,1,1,0,5783555,252545651,254806264,13,13,22,1536358,3076473,377880,20607759,17841,120865054,115609649,0
1789561684.5478215,118.907,1321044,56127,0,111,36,43,25722,218086,7433092,18147096,88,61595816,43855256,64771556,0,1479008,0,1,1,0,5783569,252790413,255051027,13,13,22,1536379,3076516,369752,20607759,17841,120865054,115609649,0
1789561684.7981305,119.157,1321419,56152,0,111,36,43,25723,218086,7433165,18130860,88,61596240,43872316,64771556,0,1462340,0,1,1,0,5783579,253037412,255298026,13,13,22,1536400,3076557,365585,20607761,17841,120865054,115609649,0
1789561685.0484235,119.407,1321793,56177,0,111,36,43,25723,218086,7433305,18097768,88,61595488,43905840,64771556,0,1429408,0,1,1,0,5783617,253281054,255541809,13,13,22,1536414,3076584,357352,20607761,17841,120865054,115609649,0
1789561685.2987382,119.658,1322168,56202,0,111,36,43,25724,218086,7433384,18081384,88,61595496,43922668,64771556,0,1413024,0,1,1,0,5783631,253527996,255788789,13,13,22,1536425,3076607,353256,20607762,17841,120865054,115609649,0
1789561685.5490508,119.908,1322543,56228,0,111,36,43,25724,218086,7433524,18048616,88,61597084,43957908,64771556,0,1380256,0,1,1,0,5783649,253770833,256031632,13,13,22,1536488,3076733,345064,20607763,17841,120865054,115609649,0
1789561685.7993648,120.158,1322918,56253,0,111,36,43,25725,218086,7433602,18032232,88,61596980,43974636,64771556,0,1363872,0,1,1,0,5783660,254017830,256278629,13,13,22,1536496,3076750,340968,20607764,17841,120865054,115609649,0
1789561686.049674,120.409,1323293,56278,0,111,36,43,25725,218086,7433712,17999464,88,61597036,44008584,64771556,0,1331104,0,1,1,0,5783700,254260619,256521444,13,13,22,1536521,3076799,332776,20607765,17841,120865054,115609649,0
1789561686.2999866,120.659,1323668,56303,0,111,36,43,25726,218086,7433787,17983224,88,61597036,44025236,64771556,0,1314840,0,1,1,0,5783711,254507607,256768437,13,13,22,1536531,3076819,328710,20607766,17841,120865054,115609649,0
1789561686.5502815,120.909,1324043,56328,0,111,36,43,25726,218086,7433876,17958860,88,61597424,44050392,64771556,0,1290452,0,1,1,0,5783729,254753969,257014808,13,13,22,1536551,3076859,322613,20607766,17841,120865054,115609649,0
1789561686.8005686,121.16,1324418,56353,0,111,36,43,25727,218086,7433960,17934092,88,61597452,44075996,64771556,0,1265624,0,1,1,0,5783739,254999347,257260186,13,13,22,1536571,3076900,316406,20607766,17841,120865054,115609649,0
1789561687.0508611,121.41,1324792,56378,0,111,36,43,25727,218086,7434078,17909352,88,61597720,44101708,64771556,0,1240992,0,1,1,0,5783766,255244702,257505575,13,13,22,1536600,3076958,310248,20607769,17841,120865054,115609649,0
1789561687.301174,121.66,1325167,56403,0,111,36,43,25728,218086,7434168,17884776,88,61598936,44128280,64771556,0,1216416,0,1,1,0,5783778,255490084,257750969,13,13,22,1536648,3077054,304104,20607769,17841,120865054,115609649,0
1789561687.551484,121.91,1325542,56429,0,111,36,43,25728,218086,7434271,17860200,88,61598872,44153556,64771556,0,1191840,0,1,1,0,5783795,255733554,257994445,13,13,22,1536663,3077084,297960,20607771,17841,120865054,115609649,0
1789561687.8017762,122.161,1325917,56454,0,111,36,43,25729,218086,7434345,17835624,88,61598948,44178788,64771556,0,1167264,0,1,1,0,5783804,255978931,258239823,13,13,22,1536683,3077123,291816,20607771,17841,120865054,115609649,0
1789561688.0520794,122.411,1326292,56479,0,111,36,43,25729,218086,7434450,17811048,88,61599172,44204360,64771556,0,1142688,0,1,1,0,5783833,256223304,258484232,13,13,22,1536705,3077168,285672,20607772,17841,120865054,115609649,0
1789561688.3023696,122.661,1326667,56504,0,111,36,43,25730,218086,7434543,17786672,92,61599320,44229280,64771556,0,1118288,0,1,1,0,5783844,256468681,258729610,13,13,23,1536719,3077195,279572,20607772,17841,120865054,115609665,0
1789561688.5526698,122.912,1327042,56529,0,111,36,43,25730,218086,7434640,17761904,92,61599768,44254896,64771556,0,1093884,0,1,1,0,5783866,256714049,258974992,13,13,23,1536750,3077258,273471,20607774,17841,120865054,115609665,0
1789561688.802981,123.162,1327417,56553,0,111,36,43,25732,218086,7434726,17689620,92,61599852,44329288,64771556,0,1070732,0,1,1,0,5783876,256950751,259211695,13,13,23,1536803,3077363,267683,20607775,17841,120865054,115609665,0
1789561689.0532658,123.412,1327792,56579,0,111,36,43,25732,218086,7434823,17665252,92,61599848,44354864,64771556,0,1046384,0,1,1,0,5783902,257196045,259457024,13,13,23,1536823,3077404,261596,20607776,17841,120865054,115609665,0
1789561689.3035512,123.663,1328167,56604,0,111,36,43,25733,218086,7434917,17640484,92,61600260,44380044,64771556,0,1021556,0,1,1,0,5783919,257441336,259702349,13,13,23,1536843,3077444,255389,20607776,17841,120865054,115609665,0
1789561689.5538406,123.913,1328541,56629,0,111,36,43,25734,218086,7435063,17615828,92,61599960,44405736,64771556,0,996620,0,1,1,0,5783948,257685671,259946705,13,13,23,1536861,3077480,249155,20607777,17841,120865054,115609665,0
1789561689.8041153,124.163,1328916,56654,0,111,36,43,25734,218086,7435154,17591252,92,61599872,44430800,64771556,0,972044,0,1,1,0,5783958,257930984,260192019,13,13,23,1536876,3077511,243011,20607777,17841,120865054,115609665,0
1789561690.054399,124.413,1329291,56679,0,111,36,43,25735,218086,7435269,17566676,92,61600092,44456348,64771556,0,947468,0,1,1,0,5783984,258173443,260434515,13,13,23,1536898,3077555,236867,20607780,17841,120865054,115609665,0
1789561690.3046732,124.664,1329666,56704,0,111,36,43,25735,218086,7435362,17542100,92,61600092,44481676,64771556,0,922892,0,1,1,0,5783995,258419695,260680767,13,13,23,1536915,3077588,230723,20607780,17841,120865054,115609665,0
1789561690.5549676,124.914,1330041,56729,0,111,36,43,25736,218086,7435459,17517524,92,61600060,44506724,64771556,0,898316,0,1,1,0,5784012,258664986,260926065,13,13,23,1536930,3077619,224579,20607781,17841,120865054,115609665,0
1789561690.8052526,125.164,1330415,56754,0,111,36,43,25736,218086,7435544,17492948,92,61600300,44532324,64771556,0,873740,0,1,1,0,5784023,258910302,261171381,13,13,23,1536953,3077665,218435,20607781,17841,120865054,115609665,0
1789561691.0555303,125.414,1330790,56780,0,111,36,43,25737,218086,7435647,17468372,92,61600324,44557428,64771556,0,849164,0,1,1,0,5784049,259153688,261414807,13,13,23,1536970,3077698,212291,20607781,17841,120865054,115609665,0
1789561691.3058133,125.665,1331165,56805,0,111,36,43,25737,218086,7435732,17444004,92,61600756,44582632,64771556,0,824588,0,1,1,0,5784063,259398974,261660099,13,13,23,1536991,3077740,206147,20607783,17841,120865054,115609665,0
1789561691.5560923,125.915,1331540,56830,0,111,36,43,25738,218086,7435835,17419236,92,61600424,44607876,64771556,0,800012,0,1,1,0,5784085,259642401,261903546,13,13,23,1537003,3077764,200003,20607784,17841,120865054,115609665,0
1789561691.8063676,126.165,1331915,56855,0,111,36,43,25738,218086,7435911,17394868,92,61600848,44633072,64771556,0,775436,0,1,1,0,5784096,259887703,262148848,13,13,23,1537023,3077805,193859,20607785,17841,120865054,115609665,0
1789561692.056642,126.416,1332290,56880,0,111,36,43,25739,218086,7436031,17370068,92,61600212,44658448,64771556,0,750924,0,1,1,0,5784128,260131994,262393184,13,13,23,1537033,3077825,187731,20607785,17841,120865054,115609665,0
1789561692.3069413,126.666,1332665,56905,0,111,36,43,25739,218086,7436110,17345492,92,61600376,44683744,64771556,0,726504,0,1,1,0,5784139,260377315,262638505,13,13,23,1537055,3077868,181626,20607786,17841,120865054,115609665,0
1789561692.5572143,126.916,1333040,56930,0,111,36,43,25740,218086,7436206,17320916,92,61600508,44709224,64771556,0,702076,0,1,1,0,5784164,260623381,262884717,13,13,23,1537075,3077909,175519,20607786,17841,120865054,115609665,0
1789561692.807497,127.166,1333414,56955,0,111,36,43,25740,218086,7436283,17296340,92,61600400,44734216,64771556,0,677276,0,1,1,0,5784173,260868691,263130027,13,13,23,1537089,3077936,169319,20607788,17841,120865054,115609665,0
1789561693.057769,127.417,1333789,56980,0,111,36,43,25740,218086,7436382,17271764,92,61600604,44759760,64771556,0,652884,0,1,2,0,5784199,261112998,263374369,13,13,23,1537111,3077980,163221,20607789,17841,120865054,115609665,0
1789561693.3080616,127.667,1334164,57006,0,111,36,43,25741,218086,7436478,17247188,92,61600676,44785180,64771556,0,628088,0,1,1,0,5784217,261358279,263619685,13,13,23,1537129,3078018,157022,20607790,17841,120865054,115609665,0
1789561693.558349,127.917,1334539,57031,0,111,36,43,25741,218086,7436649,17222600,92,61600708,44810348,64771556,0,603404,0,1,1,0,5784242,261602610,263864031,13,13,23,1537148,3078054,150851,20607790,17841,120865054,115609741,0
1789561693.8086317,128.168,1334914,57056,0,111,36,43,25742,218086,7436722,17206216,92,61600816,44827272,64771556,0,587020,0,1,1,0,5784252,261850539,264111960,13,13,23,1537161,3078082,146755,20607791,17841,120865054,115609741,0
1789561694.0589297,128.418,1335289,57081,0,111,36,43,25743,218086,7436836,17174848,76,61600780,44859576,64771556,0,555668,0,1,1,0,5784293,262090118,264351598,13,13,19,1537183,3078125,138917,20607793,17841,120865054,115609757,0
1789561694.309201,128.668,1335664,57106,0,111,36,43,25743,218086,7436916,17150484,76,61601180,44884756,64771556,0,531092,0,1,1,0,5784306,262335420,264596905,13,13,19,1537203,3078165,132773,20607794,17841,120865054,115609757,0
1789561694.559485,128.918,1336038,57131,0,111,36,43,25744,218086,7437020,17125716,76,61601204,44909952,64771556,0,506708,0,1,1,0,5784325,262581714,264843205,13,13,19,1537224,3078207,126677,20607795,17841,120865054,115609757,0
1789561694.8097727,129.169,1336413,57156,0,111,36,43,25745,218086,7437102,17101352,76,61601204,44935528,64771556,0,482312,0,1,1,0,5784343,262826025,265087608,13,13,19,1537244,3078247,120578,20607796,17841,120865054,115609757,0
1789561695.0600753,129.419,1336788,57181,0,111,36,43,25745,218087,7437223,17076584,76,61601644,44960736,64771556,0,457484,0,1,1,0,5784385,263071079,265332947,13,13,19,1537265,3078289,114371,20607797,17841,120865054,115609757,0
1789561695.3104107,129.669,1337163,57206,0,111,36,43,25746,218087,7437319,17052224,76,61601664,44986336,64771556,0,433068,0,1,1,0,5784399,263315428,265577345,13,13,19,1537286,3078331,108267,20607800,17841,120865054,115609757,0
1789561695.5607176,129.92,1337538,57231,0,111,36,43,25746,218087,7437440,17027404,144,61601516,45012008,64771556,0,408196,0,1,1,0,5784431,263559787,265821739,13,13,36,1537305,3078369,102049,20607801,17841,120865054,115609757,0
1789561695.8110332,130.17,1337913,57256,0,111,36,43,25747,218087,7437516,17011020,144,61601688,45028980,64771556,0,391812,0,1,1,0,5784442,263807734,266069685,13,13,36,1537320,3078399,97953,20607801,17841,120865054,115609757,0
1789561696.0613308,130.42,1338288,57282,0,111,36,43,25747,218087,7437628,16978252,144,61601896,45062868,64771556,0,359044,0,1,1,0,5784475,264051360,266313400,13,13,36,1537349,3078456,89761,20607803,17841,120865054,115609757,0
1789561696.3116288,130.671,1338663,57306,0,111,36,43,25747,218087,7437722,16961868,144,61602000,45079784,64771556,0,342660,0,1,1,0,5785210,264298991,266561335,13,13,36,1537362,3078484,85665,20607805,17841,120865054,115609757,0
1789561696.5619469,130.921,1339038,57331,0,111,36,43,25748,218087,7437823,16929100,144,61602208,45113652,64771556,0,309892,0,1,1,0,5785532,264544457,266807392,13,13,36,1537390,3078539,77473,20607806,17841,120865054,115609757,0
1789561696.812237,131.171,1339413,57357,0,111,36,43,25748,218087,7437905,16912716,144,61602312,45130588,64771556,0,293508,0,1,1,0,5785547,264791397,267054359,13,13,36,1537404,3078568,73377,20607807,17841,120865054,115609757,0
1789561697.062536,131.421,1339787,57382,0,111,36,43,25749,218087,7438042,16879948,144,61602292,45164224,64771556,0,260740,0,1,1,0,5785587,265032188,267295244,13,13,36,1537427,3078613,65185,20607808,17841,120865054,115609757,0
1789561697.3128388,131.672,1340162,57407,0,111,36,43,25749,218087,7438145,16863700,144,61602304,45180880,64771556,0,244520,0,1,1,0,5785620,265279049,267542206,13,13,36,1537437,3078633,61130,20607808,17841,120865054,115609757,0
1789561697.5631409,131.922,1340537,57432,0,111,36,43,25750,218087,7438299,16830796,144,61602544,45214940,64771556,0,211588,0,1,1,0,5785663,265522672,267785924,13,13,36,1537467,3078693,52897,20607810,17841,120865054,115609757,0
1789561697.8134344,132.172,1340912,57457,0,111,36,43,25750,218087,7438376,16814412,144,61602484,45231712,64771556,0,195204,0,1,1,0,5785672,265769642,268032894,13,13,36,1537477,3078713,48801,20607810,17841,120865054,115609757,0
1789561698.0637343,132.423,1341287,57482,0,111,36,43,25751,218087,7438486,16781644,144,61602728,45265600,64771556,0,162436,0,1,1,0,5785714,266013331,268276625,13,13,36,1537506,3078771,40609,20607811,17841,120865054,115609757,0
1789561698.314038,132.673,1341662,57507,0,111,36,43,25751,218087,7438561,16765260,144,61602968,45282908,64771556,0,146052,0,1,1,0,5785723,266260287,268523581,13,13,36,1537523,3078806,36513,20607811,17841,120865054,115609757,0
1789561698.5643244,132.923,1342036,57533,0,111,36,43,25752,218087,7438668,16732480,144,61603200,45316784,64771556,0,113284,0,1,1,0,5785743,266504951,268768252,13,13,36,1537552,3078863,28321,20607812,17841,120865054,115609837,0
1789561698.8146155,133.174,1342409,57558,0,111,36,43,25753,218089,7438785,16716096,144,61602200,45332636,64771556,0,96900,0,1,2,0,5785784,266735123,268998762,13,13,36,1537539,3078837,24225,20608569,17841,120865054,115609837,0
1789561699.0649526,133.424,1342760,57583,0,111,36,43,25757,218109,7439299,16683320,2436,61586072,45350112,64771556,0,64324,0,1,2,0,5785967,266861378,269126446,13,13,609,1537158,3078074,16081,20618298,17841,120865054,115609873,0
1789561699.3153336,133.674,1343131,57608,0,111,36,43,25760,218110,7439970,16666964,4396,61589044,45369784,64771556,0,47748,0,1,1,0,5786555,267076820,269344096,13,13,1099,1537243,3078245,11937,20623288,17841,120865054,115609873,0
1789561699.565688,133.925,1343506,57633,0,111,36,43,25760,218110,7440083,16634196,4368,61589108,45403508,64771556,0,14992,0,1,1,0,5786587,267321375,269588777,13,13,1092,1537267,3078293,3748,20623288,17841,120865054,115609889,0
1789561699.8160415,134.175,1343867,57650,0,111,36,43,25767,218125,7440709,15723628,4368,61590288,46323088,64771556,0,0,0,0,3,0,5788303,267395914,269663317,13,13,1092,1537488,3078736,0,20624965,17842,120865166,115609889,0
1789561700.0666256,134.426,1344234,57650,0,111,36,43,25792,218134,7441032,11988960,4368,61671000,50174676,64771556,0,0,0,0,2,0,5801649,267395914,269663317,13,13,1092,1540400,3084567,0,20624978,17842,120865166,115609889,0
1789561700.3170884,134.676,1344611,57650,0,111,36,43,25814,218135,7441493,8714044,4476,61757168,53598148,64771556,0,0,0,0,1,0,5806965,267395914,269663317,13,13,1119,1544116,3092008,0,20625283,17842,120865166,115609889,0
